cohort,draw,alpha,stratum,n_cal,degenerate,coverage,coverage_pw,miss_rate,referral,referral_pw,set_size,n_test
hiba,0,0.05,B,189,False,0.9931506849315068,0.974025974025974,,1.0,1.0,5.845890410958904,292
hiba,0,0.05,M1,24,False,1.0,1.0,0.0,1.0,1.0,6.25,16
hiba,0,0.05,M2,206,False,0.9203539823008849,0.9130434782608695,0.0,1.0,1.0,6.247787610619469,113
hiba,0,0.05,M3,22,False,1.0,1.0,0.0,1.0,1.0,6.642857142857143,14
hiba,0,0.1,B,189,False,0.9726027397260274,0.9064935064935065,,0.958904109589041,0.9652347652347653,3.8116438356164384,292
hiba,0,0.1,M1,24,False,1.0,1.0,0.0,1.0,1.0,4.75,16
hiba,0,0.1,M2,206,False,0.8672566371681416,0.8586956521739131,0.02654867256637168,0.9734513274336283,0.9782608695652174,4.477876106194691,113
hiba,0,0.1,M3,22,False,1.0,1.0,0.0,1.0,1.0,4.5,14
hiba,0,0.15,B,189,False,0.9486301369863014,0.8521645021645021,,0.8904109589041096,0.9137709825679748,3.106164383561644,292
hiba,0,0.15,M1,24,False,1.0,1.0,0.0,1.0,1.0,4.25,16
hiba,0,0.15,M2,206,False,0.8672566371681416,0.8586956521739131,0.02654867256637168,0.9734513274336283,0.9782608695652174,3.8849557522123894,113
hiba,0,0.15,M3,22,False,1.0,1.0,0.0,1.0,1.0,4.285714285714286,14
pad,0,0.05,B,75,False,0.967741935483871,0.9738095238095239,,0.956989247311828,0.9619047619047618,3.827956989247312,93
pad,0,0.05,M1,26,False,0.95,0.9615384615384616,0.0,1.0,1.0,3.9,20
pad,0,0.05,M2,142,False,0.967741935483871,0.9646464646464646,0.008064516129032258,0.9919354838709677,0.98989898989899,4.290322580645161,124
pad,0,0.05,M3,59,False,0.9615384615384616,0.9523809523809523,0.019230769230769232,0.9807692307692307,0.9761904761904762,4.076923076923077,52
pad,0,0.05,M4,8,True,1.0,1.0,0.0,1.0,1.0,5.5,6
pad,0,0.05,M5,2,True,1.0,1.0,0.0,1.0,1.0,6.0,1
pad,0,0.1,B,75,False,0.956989247311828,0.9666666666666668,,0.9032258064516129,0.9071428571428571,3.2795698924731185,93
pad,0,0.1,M1,26,False,0.9,0.8846153846153846,0.05,0.95,0.9230769230769231,3.5,20
pad,0,0.1,M2,142,False,0.9032258064516129,0.8905723905723906,0.024193548387096774,0.9758064516129032,0.9696969696969697,3.75,124
pad,0,0.1,M3,59,False,0.8269230769230769,0.8174603174603173,0.019230769230769232,0.9807692307692307,0.9761904761904762,3.423076923076923,52
pad,0,0.1,M4,8,True,1.0,1.0,0.0,1.0,1.0,5.0,6
pad,0,0.1,M5,2,True,1.0,1.0,0.0,1.0,1.0,6.0,1
pad,0,0.15,B,75,False,0.9354838709677419,0.9476190476190478,,0.8924731182795699,0.9023809523809524,2.7311827956989245,93
pad,0,0.15,M1,26,False,0.7,0.7051282051282052,0.15,0.85,0.8461538461538461,2.4,20
pad,0,0.15,M2,142,False,0.8629032258064516,0.8501683501683502,0.024193548387096774,0.9758064516129032,0.9696969696969697,3.225806451612903,124
pad,0,0.15,M3,59,False,0.8076923076923077,0.8055555555555555,0.038461538461538464,0.9615384615384616,0.9523809523809523,2.980769230769231,52
pad,0,0.15,M4,8,False,0.6666666666666666,0.6666666666666666,0.0,1.0,1.0,3.6666666666666665,6
pad,0,0.15,M5,2,True,1.0,1.0,0.0,1.0,1.0,6.0,1
hiba,1,0.05,B,184,False,0.9864864864864865,0.975609756097561,,1.0,1.0,6.238738738738738,222
hiba,1,0.05,M1,19,False,1.0,1.0,0.0,1.0,1.0,6.2105263157894735,19
hiba,1,0.05,M2,217,False,0.9797979797979798,0.9814814814814815,0.0,1.0,1.0,6.606060606060606,99
hiba,1,0.05,M3,23,False,1.0,1.0,0.0,1.0,1.0,6.666666666666667,9
hiba,1,0.1,B,184,False,0.9594594594594594,0.9085365853658537,,0.954954954954955,0.9734521575984991,3.9864864864864864,222
hiba,1,0.1,M1,19,False,1.0,1.0,0.0,1.0,1.0,4.526315789473684,19
hiba,1,0.1,M2,217,False,0.898989898989899,0.8981481481481481,0.0,1.0,1.0,4.787878787878788,99
hiba,1,0.1,M3,23,False,0.7777777777777778,0.75,0.0,1.0,1.0,4.333333333333333,9
hiba,1,0.15,B,184,False,0.9414414414414415,0.8780487804878049,,0.9099099099099099,0.9349906191369607,3.355855855855856,222
hiba,1,0.15,M1,19,False,0.6842105263157895,0.6904761904761905,0.10526315789473684,0.8947368421052632,0.8571428571428571,3.6315789473684212,19
hiba,1,0.15,M2,217,False,0.8585858585858586,0.8662551440329217,0.010101010101010102,0.98989898989899,0.9876543209876543,4.02020202020202,99
hiba,1,0.15,M3,23,False,0.7777777777777778,0.75,0.0,1.0,1.0,4.0,9
pad,1,0.05,B,82,False,0.9743589743589743,0.978835978835979,,0.9487179487179487,0.9470899470899472,3.923076923076923,78
pad,1,0.05,M1,16,True,1.0,1.0,0.0,1.0,1.0,4.916666666666667,36
pad,1,0.05,M2,154,False,0.9459459459459459,0.9425287356321839,0.0,1.0,1.0,4.18018018018018,111
pad,1,0.05,M3,59,False,0.98,0.9761904761904762,0.02,0.98,0.9761904761904762,4.12,50
pad,1,0.05,M4,6,True,1.0,1.0,0.0,1.0,1.0,5.375,8
pad,1,0.05,M5,2,True,1.0,1.0,0.0,1.0,1.0,5.0,1
pad,1,0.1,B,82,False,0.8974358974358975,0.9021164021164022,,0.9230769230769231,0.9206349206349206,3.128205128205128,78
pad,1,0.1,M1,16,False,0.9722222222222222,0.9782608695652174,0.0,1.0,1.0,3.5,36
pad,1,0.1,M2,154,False,0.9099099099099099,0.9022988505747126,0.018018018018018018,0.9819819819819819,0.9770114942528736,3.2522522522522523,111
pad,1,0.1,M3,59,False,0.94,0.9285714285714286,0.02,0.98,0.9761904761904762,3.32,50
pad,1,0.1,M4,6,True,1.0,1.0,0.0,1.0,1.0,4.875,8
pad,1,0.1,M5,2,True,1.0,1.0,0.0,1.0,1.0,4.0,1
pad,1,0.15,B,82,False,0.8076923076923077,0.7989417989417988,,0.8974358974358975,0.91005291005291,2.5384615384615383,78
pad,1,0.15,M1,16,False,0.9722222222222222,0.9782608695652174,0.0,1.0,1.0,3.1944444444444446,36
pad,1,0.15,M2,154,False,0.8378378378378378,0.8218390804597702,0.018018018018018018,0.9819819819819819,0.9770114942528736,2.765765765765766,111
pad,1,0.15,M3,59,False,0.92,0.9047619047619048,0.02,0.98,0.9761904761904762,2.94,50
pad,1,0.15,M4,6,False,0.875,0.875,0.0,1.0,1.0,3.375,8
pad,1,0.15,M5,2,True,1.0,1.0,0.0,1.0,1.0,4.0,1
hiba,2,0.05,B,187,False,0.9886363636363636,0.9810126582278481,,1.0,1.0,6.4375,176
hiba,2,0.05,M1,29,False,1.0,1.0,0.0,1.0,1.0,6.8,10
hiba,2,0.05,M2,210,False,0.956140350877193,0.956439393939394,0.0,1.0,1.0,6.587719298245614,114
hiba,2,0.05,M3,18,True,1.0,1.0,0.0,1.0,1.0,7.133333333333334,15
hiba,2,0.1,B,187,False,0.9602272727272727,0.9324894514767933,,0.9715909090909091,0.9960727036676403,3.914772727272727,176
hiba,2,0.1,M1,29,False,0.8,0.875,0.0,1.0,1.0,4.9,10
hiba,2,0.1,M2,210,False,0.9385964912280702,0.9393939393939394,0.008771929824561403,0.9912280701754386,0.9943181818181818,4.973684210526316,114
hiba,2,0.1,M3,18,False,0.7333333333333333,0.7307692307692307,0.0,1.0,1.0,4.4,15
hiba,2,0.15,B,187,False,0.9375,0.8902953586497891,,0.8977272727272727,0.9443362544628368,3.221590909090909,176
hiba,2,0.15,M1,29,False,0.8,0.875,0.0,1.0,1.0,4.3,10
hiba,2,0.15,M2,210,False,0.9122807017543859,0.9166666666666667,0.02631578947368421,0.9736842105263158,0.9715909090909091,4.342105263157895,114
hiba,2,0.15,M3,18,False,0.7333333333333333,0.7307692307692307,0.0,1.0,1.0,3.8666666666666667,15
pad,2,0.05,B,87,False,0.9210526315789473,0.9166666666666667,,0.9736842105263158,0.9885057471264368,3.6842105263157894,76
pad,2,0.05,M1,23,False,0.9629629629629629,0.96875,0.0,1.0,1.0,4.148148148148148,27
pad,2,0.05,M2,135,False,0.9583333333333334,0.9575471698113207,0.0,1.0,1.0,4.069444444444445,144
pad,2,0.05,M3,64,False,1.0,1.0,0.0,1.0,1.0,3.92,50
pad,2,0.05,M4,9,True,1.0,1.0,0.0,1.0,1.0,5.2,5
pad,2,0.05,M5,1,True,1.0,1.0,0.0,1.0,1.0,5.5,2
pad,2,0.1,B,87,False,0.8947368421052632,0.8936781609195401,,0.9078947368421053,0.910919540229885,3.1052631578947367,76
pad,2,0.1,M1,23,False,0.9629629629629629,0.96875,0.0,1.0,1.0,3.4814814814814814,27
pad,2,0.1,M2,135,False,0.9027777777777778,0.9025157232704402,0.0,1.0,1.0,3.3819444444444446,144
pad,2,0.1,M3,64,False,0.92,0.90990990990991,0.0,1.0,1.0,3.26,50
pad,2,0.1,M4,9,False,0.8,0.8,0.0,1.0,1.0,4.0,5
pad,2,0.1,M5,1,True,1.0,1.0,0.0,1.0,1.0,5.0,2
pad,2,0.15,B,87,False,0.8552631578947368,0.8620689655172413,,0.9078947368421053,0.9224137931034483,2.6315789473684212,76
pad,2,0.15,M1,23,False,0.9629629629629629,0.96875,0.0,1.0,1.0,3.111111111111111,27
pad,2,0.15,M2,135,False,0.8194444444444444,0.8209793351302787,0.006944444444444444,0.9930555555555556,0.9952830188679245,2.8680555555555554,144
pad,2,0.15,M3,64,False,0.9,0.9054054054054054,0.0,1.0,1.0,3.02,50
pad,2,0.15,M4,9,False,0.8,0.8,0.0,1.0,1.0,3.6,5
pad,2,0.15,M5,1,True,1.0,1.0,0.0,1.0,1.0,5.0,2
hiba,3,0.05,B,182,False,0.9175257731958762,0.8854166666666666,,1.0,1.0,5.603092783505154,194
hiba,3,0.05,M1,26,False,0.9166666666666666,0.8571428571428571,0.0,1.0,1.0,5.583333333333333,12
hiba,3,0.05,M2,211,False,0.9646017699115044,0.9597701149425287,0.0,1.0,1.0,5.849557522123894,113
hiba,3,0.05,M3,21,False,1.0,1.0,0.0,1.0,1.0,6.454545454545454,11
hiba,3,0.1,B,182,False,0.8711340206185567,0.8085317460317459,,0.9175257731958762,0.9707264957264959,3.7422680412371134,194
hiba,3,0.1,M1,26,False,0.5833333333333334,0.5,0.0,1.0,1.0,3.4166666666666665,12
hiba,3,0.1,M2,211,False,0.9557522123893806,0.9482758620689655,0.0,1.0,1.0,4.610619469026549,113
hiba,3,0.1,M3,21,False,1.0,1.0,0.0,1.0,1.0,4.454545454545454,11
hiba,3,0.15,B,182,False,0.8195876288659794,0.7361052754435108,,0.8865979381443299,0.9448336385836387,2.9742268041237114,194
hiba,3,0.15,M1,26,False,0.5,0.4523809523809524,0.08333333333333333,0.9166666666666666,0.9285714285714286,2.75,12
hiba,3,0.15,M2,211,False,0.9380530973451328,0.9252873563218391,0.0,1.0,1.0,3.752212389380531,113
hiba,3,0.15,M3,21,False,1.0,1.0,0.0,1.0,1.0,3.727272727272727,11
pad,3,0.05,B,99,False,0.9333333333333333,0.9239130434782609,,0.9,0.9094202898550725,3.566666666666667,60
pad,3,0.05,M1,28,False,0.8571428571428571,0.8636363636363636,0.0,1.0,1.0,3.9285714285714284,14
pad,3,0.05,M2,148,False,0.9180327868852459,0.9193548387096774,0.0,1.0,1.0,3.9098360655737703,122
pad,3,0.05,M3,57,False,0.9230769230769231,0.9090909090909091,0.019230769230769232,0.9807692307692307,0.9772727272727273,4.0576923076923075,52
pad,3,0.05,M4,7,True,1.0,1.0,0.0,1.0,1.0,5.25,8
pad,3,0.05,M5,2,True,1.0,1.0,0.0,1.0,1.0,3.0,1
pad,3,0.1,B,99,False,0.9,0.894927536231884,,0.85,0.8586956521739131,2.966666666666667,60
pad,3,0.1,M1,28,False,0.8571428571428571,0.8636363636363636,0.0,1.0,1.0,3.2857142857142856,14
pad,3,0.1,M2,148,False,0.860655737704918,0.8548387096774194,0.01639344262295082,0.9836065573770492,0.9838709677419355,3.0327868852459017,122
pad,3,0.1,M3,57,False,0.9230769230769231,0.9090909090909091,0.019230769230769232,0.9807692307692307,0.9772727272727273,3.519230769230769,52
pad,3,0.1,M4,7,True,1.0,1.0,0.0,1.0,1.0,4.75,8
pad,3,0.1,M5,2,True,1.0,1.0,0.0,1.0,1.0,3.0,1
pad,3,0.15,B,99,False,0.85,0.855072463768116,,0.8333333333333334,0.8478260869565217,2.4833333333333334,60
pad,3,0.15,M1,28,False,0.7142857142857143,0.7272727272727273,0.07142857142857142,0.9285714285714286,0.9545454545454546,2.357142857142857,14
pad,3,0.15,M2,148,False,0.7868852459016393,0.782258064516129,0.01639344262295082,0.9836065573770492,0.978494623655914,2.7295081967213113,122
pad,3,0.15,M3,57,False,0.9038461538461539,0.8863636363636364,0.019230769230769232,0.9807692307692307,0.9772727272727273,3.269230769230769,52
pad,3,0.15,M4,7,False,1.0,1.0,0.0,1.0,1.0,4.25,8
pad,3,0.15,M5,2,True,1.0,1.0,0.0,1.0,1.0,3.0,1
hiba,4,0.05,B,183,False,0.9730941704035875,0.9548192771084337,,1.0,1.0,5.883408071748879,223
hiba,4,0.05,M1,22,False,1.0,1.0,0.0,1.0,1.0,6.157894736842105,19
hiba,4,0.05,M2,218,False,0.9818181818181818,0.9833333333333334,0.0,1.0,1.0,6.418181818181818,110
hiba,4,0.05,M3,20,False,0.9166666666666666,0.9090909090909091,0.0,1.0,1.0,5.833333333333333,12
hiba,4,0.1,B,183,False,0.9327354260089686,0.9102409638554216,,0.9506726457399103,0.9512908777969019,4.089686098654709,223
hiba,4,0.1,M1,22,False,0.8947368421052632,0.9545454545454546,0.0,1.0,1.0,4.473684210526316,19
hiba,4,0.1,M2,218,False,0.9545454545454546,0.9520833333333334,0.0,1.0,1.0,4.972727272727273,110
hiba,4,0.1,M3,20,False,0.9166666666666666,0.9090909090909091,0.0,1.0,1.0,5.083333333333333,12
hiba,4,0.15,B,183,False,0.9103139013452914,0.8834337349397591,,0.8789237668161435,0.9211560527825589,3.0896860986547083,223
hiba,4,0.15,M1,22,False,0.8947368421052632,0.9545454545454546,0.0,1.0,1.0,3.736842105263158,19
hiba,4,0.15,M2,218,False,0.8636363636363636,0.8822916666666666,0.0,1.0,1.0,4.118181818181818,110
hiba,4,0.15,M3,20,False,0.8333333333333334,0.8181818181818182,0.0,1.0,1.0,4.166666666666667,12
pad,4,0.05,B,86,False,0.9710144927536232,0.9745762711864406,,0.9710144927536232,0.9774011299435029,4.043478260869565,69
pad,4,0.05,M1,22,False,0.9629629629629629,0.9705882352941176,0.0,1.0,1.0,4.148148148148148,27
pad,4,0.05,M2,148,False,0.9652173913043478,0.967741935483871,0.008695652173913044,0.991304347826087,0.989247311827957,4.226086956521739,115
pad,4,0.05,M3,59,False,0.9821428571428571,0.9761904761904762,0.0,1.0,1.0,4.267857142857143,56
pad,4,0.05,M4,8,True,1.0,1.0,0.0,1.0,1.0,5.666666666666667,6
pad,4,0.05,M5,3,True,,,,,,,0
pad,4,0.1,B,86,False,0.9130434782608695,0.9180790960451978,,0.9420289855072463,0.9322033898305084,3.5652173913043477,69
pad,4,0.1,M1,22,False,0.9629629629629629,0.9705882352941176,0.0,1.0,1.0,3.7037037037037037,27
pad,4,0.1,M2,148,False,0.9565217391304348,0.9623655913978495,0.008695652173913044,0.991304347826087,0.989247311827957,3.6,115
pad,4,0.1,M3,59,False,0.9464285714285714,0.9444444444444445,0.0,1.0,1.0,3.5892857142857144,56
pad,4,0.1,M4,8,True,1.0,1.0,0.0,1.0,1.0,5.0,6
pad,4,0.1,M5,3,True,,,,,,,0
pad,4,0.15,B,86,False,0.8985507246376812,0.9011299435028249,,0.9420289855072463,0.9322033898305084,3.0144927536231885,69
pad,4,0.15,M1,22,False,0.9629629629629629,0.9705882352941176,0.0,1.0,1.0,3.074074074074074,27
pad,4,0.15,M2,148,False,0.8608695652173913,0.8655913978494624,0.02608695652173913,0.9739130434782609,0.967741935483871,2.8347826086956522,115
pad,4,0.15,M3,59,False,0.9285714285714286,0.9206349206349207,0.0,1.0,1.0,3.0535714285714284,56
pad,4,0.15,M4,8,False,0.8333333333333334,0.8333333333333334,0.0,1.0,1.0,3.3333333333333335,6
pad,4,0.15,M5,3,True,,,,,,,0
hiba,5,0.05,B,191,False,0.9877300613496932,0.9866666666666667,,1.0,1.0,6.3128834355828225,163
hiba,5,0.05,M1,19,False,1.0,1.0,0.0,1.0,1.0,6.428571428571429,21
hiba,5,0.05,M2,215,False,0.9905660377358491,0.9939759036144579,0.0,1.0,1.0,6.452830188679245,106
hiba,5,0.05,M3,16,True,1.0,1.0,0.0,1.0,1.0,7.0476190476190474,21
hiba,5,0.1,B,191,False,0.950920245398773,0.928888888888889,,0.9386503067484663,0.968,3.8773006134969323,163
hiba,5,0.1,M1,19,False,1.0,1.0,0.0,1.0,1.0,5.095238095238095,21
hiba,5,0.1,M2,215,False,0.9339622641509434,0.9367469879518072,0.009433962264150943,0.9905660377358491,0.9879518072289156,4.849056603773585,106
hiba,5,0.1,M3,16,False,0.9523809523809523,0.9333333333333333,0.0,1.0,1.0,4.714285714285714,21
hiba,5,0.15,B,191,False,0.9447852760736196,0.9155555555555556,,0.8773006134969326,0.9208888888888889,3.245398773006135,163
hiba,5,0.15,M1,19,False,1.0,1.0,0.0,1.0,1.0,4.285714285714286,21
hiba,5,0.15,M2,215,False,0.9056603773584906,0.9156626506024096,0.018867924528301886,0.9811320754716981,0.9759036144578314,4.216981132075472,106
hiba,5,0.15,M3,16,False,0.9523809523809523,0.9333333333333333,0.0,1.0,1.0,4.523809523809524,21
pad,5,0.05,B,90,False,0.96,0.9666666666666668,,0.9733333333333334,0.9757575757575757,3.8133333333333335,75
pad,5,0.05,M1,26,False,0.95,0.9615384615384616,0.0,1.0,1.0,4.2,20
pad,5,0.05,M2,148,False,0.957983193277311,0.9623655913978495,0.0,1.0,1.0,4.302521008403361,119
pad,5,0.05,M3,58,False,0.9824561403508771,0.9767441860465116,0.0,1.0,1.0,4.105263157894737,57
pad,5,0.05,M4,8,True,1.0,1.0,0.0,1.0,1.0,5.166666666666667,6
pad,5,0.05,M5,1,True,1.0,1.0,0.0,1.0,1.0,5.5,2
pad,5,0.1,B,90,False,0.92,0.9212121212121213,,0.96,0.9696969696969697,3.4266666666666667,75
pad,5,0.1,M1,26,False,0.95,0.9615384615384616,0.0,1.0,1.0,3.45,20
pad,5,0.1,M2,148,False,0.9243697478991597,0.9193548387096774,0.008403361344537815,0.9915966386554622,0.989247311827957,3.563025210084034,119
pad,5,0.1,M3,58,False,0.9649122807017544,0.9689922480620156,0.0,1.0,1.0,3.4035087719298245,57
pad,5,0.1,M4,8,True,1.0,1.0,0.0,1.0,1.0,4.5,6
pad,5,0.1,M5,1,True,1.0,1.0,0.0,1.0,1.0,5.0,2
pad,5,0.15,B,90,False,0.88,0.8969696969696969,,0.9333333333333333,0.9333333333333332,2.933333333333333,75
pad,5,0.15,M1,26,False,0.9,0.8846153846153846,0.0,1.0,1.0,2.7,20
pad,5,0.15,M2,148,False,0.865546218487395,0.8727598566308242,0.01680672268907563,0.9831932773109243,0.9838709677419355,3.1092436974789917,119
pad,5,0.15,M3,58,False,0.8947368421052632,0.8953488372093024,0.017543859649122806,0.9824561403508771,0.9767441860465116,3.0350877192982457,57
pad,5,0.15,M4,8,False,1.0,1.0,0.0,1.0,1.0,3.3333333333333335,6
pad,5,0.15,M5,1,True,1.0,1.0,0.0,1.0,1.0,5.0,2
hiba,6,0.05,B,186,False,0.9856115107913669,0.98125,,1.0,1.0,6.0215827338129495,139
hiba,6,0.05,M1,27,False,1.0,1.0,0.0,1.0,1.0,5.833333333333333,12
hiba,6,0.05,M2,206,False,0.9464285714285714,0.9347826086956522,0.0,1.0,1.0,6.5625,112
hiba,6,0.05,M3,22,False,1.0,1.0,0.0,1.0,1.0,6.5,10
hiba,6,0.1,B,186,False,0.9280575539568345,0.9229166666666666,,0.9712230215827338,0.9704166666666666,3.9568345323741005,139
hiba,6,0.1,M1,27,False,0.8333333333333334,0.8888888888888888,0.0,1.0,1.0,4.166666666666667,12
hiba,6,0.1,M2,206,False,0.9285714285714286,0.9130434782608695,0.0,1.0,1.0,4.857142857142857,112
hiba,6,0.1,M3,22,False,1.0,1.0,0.0,1.0,1.0,5.1,10
hiba,6,0.15,B,186,False,0.8561151079136691,0.8485416666666667,,0.8992805755395683,0.9229166666666668,2.985611510791367,139
hiba,6,0.15,M1,27,False,0.8333333333333334,0.8888888888888888,0.0,1.0,1.0,3.5,12
hiba,6,0.15,M2,206,False,0.875,0.8695652173913043,0.026785714285714284,0.9732142857142857,0.9728260869565217,3.75,112
hiba,6,0.15,M3,22,False,0.8,0.7777777777777778,0.0,1.0,1.0,3.9,10
pad,6,0.05,B,75,False,0.9578947368421052,0.9595238095238096,,0.9368421052631579,0.9428571428571428,3.7578947368421054,95
pad,6,0.05,M1,24,False,0.9583333333333334,0.9333333333333333,0.0,1.0,1.0,4.458333333333333,24
pad,6,0.05,M2,141,False,0.9206349206349206,0.91,0.007936507936507936,0.9920634920634921,0.99,4.214285714285714,126
pad,6,0.05,M3,56,False,0.9824561403508771,0.9777777777777777,0.0,1.0,1.0,4.052631578947368,57
pad,6,0.05,M4,10,True,1.0,1.0,0.0,1.0,1.0,6.0,4
pad,6,0.05,M5,2,True,1.0,1.0,0.0,1.0,1.0,6.0,1
pad,6,0.1,B,75,False,0.9157894736842105,0.9214285714285714,,0.8947368421052632,0.9,3.094736842105263,95
pad,6,0.1,M1,24,False,0.9583333333333334,0.9333333333333333,0.0,1.0,1.0,3.7916666666666665,24
pad,6,0.1,M2,141,False,0.9206349206349206,0.91,0.007936507936507936,0.9920634920634921,0.99,3.6984126984126986,126
pad,6,0.1,M3,56,False,0.9122807017543859,0.9037037037037038,0.017543859649122806,0.9824561403508771,0.9777777777777777,3.3684210526315788,57
pad,6,0.1,M4,10,False,0.75,0.75,0.0,1.0,1.0,4.5,4
pad,6,0.1,M5,2,True,1.0,1.0,0.0,1.0,1.0,6.0,1
pad,6,0.15,B,75,False,0.8210526315789474,0.8261904761904761,,0.9052631578947369,0.9142857142857143,2.463157894736842,95
pad,6,0.15,M1,24,False,0.9166666666666666,0.9,0.041666666666666664,0.9583333333333334,0.9666666666666667,3.0,24
pad,6,0.15,M2,141,False,0.8571428571428571,0.8566666666666667,0.015873015873015872,0.9841269841269841,0.985,3.0555555555555554,126
pad,6,0.15,M3,56,False,0.8947368421052632,0.9,0.017543859649122806,0.9824561403508771,0.9777777777777777,2.8421052631578947,57
pad,6,0.15,M4,10,False,0.75,0.75,0.0,1.0,1.0,3.75,4
pad,6,0.15,M5,2,True,1.0,1.0,0.0,1.0,1.0,6.0,1
hiba,7,0.05,B,175,False,0.9612403100775194,0.9194139194139193,,1.0,1.0,5.511627906976744,258
hiba,7,0.05,M1,23,False,0.8125,0.8333333333333333,0.0,1.0,1.0,5.125,16
hiba,7,0.05,M2,218,False,0.9811320754716981,0.9895833333333333,0.0,1.0,1.0,6.0754716981132075,106
hiba,7,0.05,M3,27,False,1.0,1.0,0.0,1.0,1.0,6.75,4
hiba,7,0.1,B,175,False,0.9496124031007752,0.895238095238095,,0.9534883720930233,0.9665539588616511,3.895348837209302,258
hiba,7,0.1,M1,23,False,0.8125,0.8333333333333333,0.0,1.0,1.0,4.25,16
hiba,7,0.1,M2,218,False,0.9150943396226415,0.9177083333333332,0.009433962264150943,0.9905660377358491,0.99375,4.7075471698113205,106
hiba,7,0.1,M3,27,False,1.0,1.0,0.0,1.0,1.0,5.25,4
hiba,7,0.15,B,175,False,0.8837209302325582,0.7883645765998707,,0.7906976744186046,0.8786371747910208,2.705426356589147,258
hiba,7,0.15,M1,23,False,0.8125,0.8333333333333333,0.0625,0.9375,0.9666666666666666,3.375,16
hiba,7,0.15,M2,218,False,0.8679245283018868,0.8864583333333332,0.02830188679245283,0.9716981132075472,0.9770833333333332,3.3867924528301887,106
hiba,7,0.15,M3,27,False,1.0,1.0,0.0,1.0,1.0,3.75,4
pad,7,0.05,B,92,False,0.873015873015873,0.8584905660377359,,0.9841269841269841,0.9811320754716981,3.5396825396825395,63
pad,7,0.05,M1,21,False,1.0,1.0,0.0,1.0,1.0,3.64,25
pad,7,0.05,M2,162,False,0.8775510204081632,0.8860759493670886,0.01020408163265306,0.9897959183673469,0.9873417721518988,3.316326530612245,98
pad,7,0.05,M3,58,False,0.984375,0.9767441860465116,0.0,1.0,1.0,3.609375,64
pad,7,0.05,M4,6,True,1.0,1.0,0.0,1.0,1.0,4.777777777777778,9
pad,7,0.05,M5,1,True,1.0,1.0,0.0,1.0,1.0,3.5,2
pad,7,0.1,B,92,False,0.8571428571428571,0.839622641509434,,0.9523809523809523,0.9528301886792453,3.111111111111111,63
pad,7,0.1,M1,21,False,0.96,0.9444444444444444,0.0,1.0,1.0,3.2,25
pad,7,0.1,M2,162,False,0.826530612244898,0.8375527426160339,0.01020408163265306,0.9897959183673469,0.9873417721518988,2.816326530612245,98
pad,7,0.1,M3,58,False,0.921875,0.8992248062015505,0.0,1.0,1.0,3.15625,64
pad,7,0.1,M4,6,True,1.0,1.0,0.0,1.0,1.0,4.444444444444445,9
pad,7,0.1,M5,1,True,1.0,1.0,0.0,1.0,1.0,3.5,2
pad,7,0.15,B,92,False,0.7936507936507936,0.7641509433962265,,0.9523809523809523,0.9528301886792453,2.6666666666666665,63
pad,7,0.15,M1,21,False,0.96,0.9444444444444444,0.0,1.0,1.0,2.88,25
pad,7,0.15,M2,162,False,0.7857142857142857,0.8040988547317661,0.01020408163265306,0.9897959183673469,0.9873417721518988,2.520408163265306,98
pad,7,0.15,M3,58,False,0.890625,0.8837209302325582,0.0,1.0,1.0,2.765625,64
pad,7,0.15,M4,6,False,0.8888888888888888,0.875,0.0,1.0,1.0,3.0,9
pad,7,0.15,M5,1,True,1.0,1.0,0.0,1.0,1.0,3.5,2
hiba,8,0.05,B,185,False,0.9868421052631579,0.9691358024691358,,1.0,1.0,5.890350877192983,228
hiba,8,0.05,M1,22,False,1.0,1.0,0.0,1.0,1.0,6.25,16
hiba,8,0.05,M2,207,False,0.9557522123893806,0.945054945054945,0.0,1.0,1.0,6.336283185840708,113
hiba,8,0.05,M3,25,False,1.0,1.0,0.0,1.0,1.0,6.714285714285714,7
hiba,8,0.1,B,185,False,0.9605263157894737,0.9156378600823044,,0.9605263157894737,0.9641975308641975,3.986842105263158,228
hiba,8,0.1,M1,22,False,1.0,1.0,0.0,1.0,1.0,5.25,16
hiba,8,0.1,M2,207,False,0.9380530973451328,0.9340659340659341,0.017699115044247787,0.9823008849557522,0.989010989010989,4.769911504424779,113
hiba,8,0.1,M3,25,False,1.0,1.0,0.0,1.0,1.0,5.142857142857143,7
hiba,8,0.15,B,185,False,0.9298245614035088,0.8789094650205761,,0.8640350877192983,0.9042181069958847,3.1359649122807016,228
hiba,8,0.15,M1,22,False,1.0,1.0,0.0,1.0,1.0,3.9375,16
hiba,8,0.15,M2,207,False,0.8584070796460177,0.8653846153846154,0.017699115044247787,0.9823008849557522,0.989010989010989,3.84070796460177,113
hiba,8,0.15,M3,25,False,1.0,1.0,0.0,1.0,1.0,5.0,7
pad,8,0.05,B,90,False,1.0,1.0,,0.9625,0.9575757575757575,4.15,80
pad,8,0.05,M1,26,False,0.9523809523809523,0.9230769230769231,0.0,1.0,1.0,4.9523809523809526,21
pad,8,0.05,M2,145,False,0.9365079365079365,0.9322916666666666,0.0,1.0,1.0,4.619047619047619,126
pad,8,0.05,M3,55,False,0.8813559322033898,0.8478260869565217,0.01694915254237288,0.9830508474576272,0.9782608695652174,4.3559322033898304,59
pad,8,0.05,M4,10,True,1.0,1.0,0.0,1.0,1.0,6.0,5
pad,8,0.05,M5,1,True,1.0,1.0,0.0,1.0,1.0,6.0,2
pad,8,0.1,B,90,False,0.9875,0.9818181818181818,,0.875,0.8878787878787878,3.0625,80
pad,8,0.1,M1,26,False,0.9523809523809523,0.9230769230769231,0.0,1.0,1.0,4.0476190476190474,21
pad,8,0.1,M2,145,False,0.8650793650793651,0.859375,0.015873015873015872,0.9841269841269841,0.9791666666666666,3.6746031746031744,126
pad,8,0.1,M3,55,False,0.864406779661017,0.8442028985507245,0.03389830508474576,0.9661016949152542,0.9565217391304348,3.6440677966101696,59
pad,8,0.1,M4,10,False,0.8,0.75,0.0,1.0,1.0,4.0,5
pad,8,0.1,M5,1,True,1.0,1.0,0.0,1.0,1.0,4.0,2
pad,8,0.15,B,90,False,0.925,0.9363636363636363,,0.8375,0.8666666666666668,2.5625,80
pad,8,0.15,M1,26,False,0.8095238095238095,0.7307692307692307,0.047619047619047616,0.9523809523809523,0.9615384615384616,2.619047619047619,21
pad,8,0.15,M2,145,False,0.8492063492063492,0.84375,0.015873015873015872,0.9841269841269841,0.9791666666666666,2.9761904761904763,126
pad,8,0.15,M3,55,False,0.8305084745762712,0.8007246376811593,0.06779661016949153,0.9322033898305084,0.9130434782608695,2.9322033898305087,59
pad,8,0.15,M4,10,False,0.8,0.75,0.0,1.0,1.0,3.2,5
pad,8,0.15,M5,1,True,1.0,1.0,0.0,1.0,1.0,3.5,2
hiba,9,0.05,B,187,False,0.981651376146789,0.9715189873417721,,1.0,1.0,6.10091743119266,218
hiba,9,0.05,M1,21,False,0.9333333333333333,0.9166666666666666,0.0,1.0,1.0,5.933333333333334,15
hiba,9,0.05,M2,213,False,0.9537037037037037,0.9607843137254902,0.0,1.0,1.0,6.601851851851852,108
hiba,9,0.05,M3,23,False,1.0,1.0,0.0,1.0,1.0,6.875,8
hiba,9,0.1,B,187,False,0.908256880733945,0.8424050632911392,,0.963302752293578,0.9910588708057063,3.9174311926605503,218
hiba,9,0.1,M1,21,False,0.9333333333333333,0.9166666666666666,0.0,1.0,1.0,4.666666666666667,15
hiba,9,0.1,M2,213,False,0.9166666666666666,0.9284313725490196,0.0,1.0,1.0,4.898148148148148,108
hiba,9,0.1,M3,23,False,1.0,1.0,0.0,1.0,1.0,5.125,8
hiba,9,0.15,B,187,False,0.8761467889908257,0.7891350210970464,,0.8256880733944955,0.9287974683544306,2.977064220183486,218
hiba,9,0.15,M1,21,False,0.9333333333333333,0.9166666666666666,0.0,1.0,1.0,3.6666666666666665,15
hiba,9,0.15,M2,213,False,0.8796296296296297,0.8990196078431372,0.009259259259259259,0.9907407407407407,0.996078431372549,3.935185185185185,108
hiba,9,0.15,M3,23,False,1.0,1.0,0.0,1.0,1.0,4.375,8
pad,9,0.05,B,89,False,0.971830985915493,0.9761904761904763,,1.0,1.0,4.0,71
pad,9,0.05,M1,27,False,1.0,1.0,0.0,1.0,1.0,4.6,20
pad,9,0.05,M2,137,False,0.965034965034965,0.9663461538461539,0.0,1.0,1.0,4.195804195804196,143
pad,9,0.05,M3,58,False,0.9649122807017544,0.9534883720930233,0.017543859649122806,0.9824561403508771,0.9767441860465116,4.140350877192983,57
pad,9,0.05,M4,10,True,1.0,1.0,0.0,1.0,1.0,5.25,4
pad,9,0.05,M5,1,True,1.0,1.0,0.0,1.0,1.0,6.0,2
pad,9,0.1,B,89,False,0.9154929577464789,0.9136904761904762,,0.9577464788732394,0.9553571428571429,3.323943661971831,71
pad,9,0.1,M1,27,False,1.0,1.0,0.0,1.0,1.0,3.6,20
pad,9,0.1,M2,137,False,0.9370629370629371,0.9375,0.006993006993006993,0.993006993006993,0.9903846153846154,3.2167832167832167,143
pad,9,0.1,M3,58,False,0.9473684210526315,0.9302325581395349,0.017543859649122806,0.9824561403508771,0.9767441860465116,3.3508771929824563,57
pad,9,0.1,M4,10,False,1.0,1.0,0.0,1.0,1.0,4.0,4
pad,9,0.1,M5,1,True,1.0,1.0,0.0,1.0,1.0,5.0,2
pad,9,0.15,B,89,False,0.9154929577464789,0.9136904761904762,,0.9154929577464789,0.9226190476190477,2.9014084507042255,71
pad,9,0.15,M1,27,False,0.95,0.9722222222222223,0.0,1.0,1.0,3.05,20
pad,9,0.15,M2,137,False,0.8671328671328671,0.8790064102564101,0.02097902097902098,0.9790209790209791,0.9759615384615384,2.888111888111888,143
pad,9,0.15,M3,58,False,0.8771929824561403,0.8488372093023255,0.017543859649122806,0.9824561403508771,0.9767441860465116,3.0701754385964914,57
pad,9,0.15,M4,10,False,1.0,1.0,0.0,1.0,1.0,4.0,4
pad,9,0.15,M5,1,True,1.0,1.0,0.0,1.0,1.0,5.0,2
hiba,10,0.05,B,183,False,0.9156626506024096,0.9101405622489959,,1.0,1.0,5.698795180722891,166
hiba,10,0.05,M1,26,False,1.0,1.0,0.0,1.0,1.0,5.769230769230769,13
hiba,10,0.05,M2,205,False,0.9537037037037037,0.9641577060931901,0.0,1.0,1.0,6.074074074074074,108
hiba,10,0.05,M3,25,False,1.0,1.0,0.0,1.0,1.0,5.909090909090909,11
hiba,10,0.1,B,183,False,0.8734939759036144,0.8544176706827308,,0.9879518072289156,0.9759036144578314,4.216867469879518,166
hiba,10,0.1,M1,26,False,0.9230769230769231,0.9642857142857143,0.0,1.0,1.0,4.538461538461538,13
hiba,10,0.1,M2,205,False,0.9259259259259259,0.931899641577061,0.0,1.0,1.0,4.888888888888889,108
hiba,10,0.1,M3,25,False,0.9090909090909091,0.8333333333333334,0.0,1.0,1.0,4.363636363636363,11
hiba,10,0.15,B,183,False,0.8132530120481928,0.7906626506024096,,0.9397590361445783,0.9442771084337349,3.2289156626506026,166
hiba,10,0.15,M1,26,False,0.8461538461538461,0.9285714285714286,0.0,1.0,1.0,3.4615384615384617,13
hiba,10,0.15,M2,205,False,0.8981481481481481,0.899641577060932,0.0,1.0,1.0,3.962962962962963,108
hiba,10,0.15,M3,25,False,0.9090909090909091,0.8333333333333334,0.0,1.0,1.0,3.727272727272727,11
pad,10,0.05,B,86,False,0.9746835443037974,0.9661016949152542,,0.9620253164556962,0.9717514124293786,3.9367088607594938,79
pad,10,0.05,M1,23,False,0.9583333333333334,0.96875,0.0,1.0,1.0,4.666666666666667,24
pad,10,0.05,M2,147,False,0.9416666666666667,0.9414893617021277,0.0,1.0,1.0,4.191666666666666,120
pad,10,0.05,M3,60,False,0.96,0.9512195121951219,0.0,1.0,1.0,4.2,50
pad,10,0.05,M4,6,True,1.0,1.0,0.0,1.0,1.0,5.375,8
pad,10,0.05,M5,3,True,,,,,,,0
pad,10,0.1,B,86,False,0.9620253164556962,0.9491525423728814,,0.9367088607594937,0.9378531073446328,3.5569620253164556,79
pad,10,0.1,M1,23,False,0.9583333333333334,0.96875,0.0,1.0,1.0,4.166666666666667,24
pad,10,0.1,M2,147,False,0.9166666666666666,0.9148936170212766,0.0,1.0,1.0,3.5833333333333335,120
pad,10,0.1,M3,60,False,0.9,0.8780487804878049,0.02,0.98,0.975609756097561,3.46,50
pad,10,0.1,M4,6,True,1.0,1.0,0.0,1.0,1.0,4.625,8
pad,10,0.1,M5,3,True,,,,,,,0
pad,10,0.15,B,86,False,0.8987341772151899,0.9067796610169492,,0.9240506329113924,0.9180790960451978,2.7468354430379747,79
pad,10,0.15,M1,23,False,0.9583333333333334,0.96875,0.0,1.0,1.0,3.625,24
pad,10,0.15,M2,147,False,0.8583333333333333,0.8563829787234043,0.008333333333333333,0.9916666666666667,0.9946808510638298,2.8,120
pad,10,0.15,M3,60,False,0.82,0.7804878048780488,0.06,0.94,0.926829268292683,2.72,50
pad,10,0.15,M4,6,False,1.0,1.0,0.0,1.0,1.0,3.875,8
pad,10,0.15,M5,3,True,,,,,,,0
hiba,11,0.05,B,192,False,0.9710982658959537,0.9391891891891891,,1.0,1.0,5.635838150289017,173
hiba,11,0.05,M1,24,False,1.0,1.0,0.0,1.0,1.0,5.944444444444445,18
hiba,11,0.05,M2,204,False,0.9661016949152542,0.9680851063829787,0.0,1.0,1.0,6.52542372881356,118
hiba,11,0.05,M3,21,False,0.9090909090909091,0.9,0.0,1.0,1.0,5.818181818181818,11
hiba,11,0.1,B,192,False,0.9364161849710982,0.8891891891891891,,0.9248554913294798,0.9297511797511796,3.913294797687861,173
hiba,11,0.1,M1,24,False,0.7777777777777778,0.8703703703703703,0.0,1.0,1.0,4.222222222222222,18
hiba,11,0.1,M2,204,False,0.9067796610169492,0.9069148936170213,0.0,1.0,1.0,5.016949152542373,118
hiba,11,0.1,M3,21,False,0.8181818181818182,0.85,0.0,1.0,1.0,4.636363636363637,11
hiba,11,0.15,B,192,False,0.8959537572254336,0.8143018018018018,,0.8554913294797688,0.905485842985843,3.208092485549133,173
hiba,11,0.15,M1,24,False,0.7777777777777778,0.8703703703703703,0.05555555555555555,0.9444444444444444,0.9629629629629631,3.1666666666666665,18
hiba,11,0.15,M2,204,False,0.9067796610169492,0.9069148936170213,0.0,1.0,1.0,4.186440677966102,118
hiba,11,0.15,M3,21,False,0.8181818181818182,0.85,0.0,1.0,1.0,4.0,11
pad,11,0.05,B,96,False,0.9433962264150944,0.9489795918367347,,0.9433962264150944,0.9523809523809523,3.830188679245283,53
pad,11,0.05,M1,19,False,0.967741935483871,0.95,0.0,1.0,1.0,4.387096774193548,31
pad,11,0.05,M2,150,False,0.9541984732824428,0.9505494505494505,0.007633587786259542,0.9923664122137404,0.989010989010989,4.183206106870229,131
pad,11,0.05,M3,69,False,0.918918918918919,0.9270833333333333,0.02702702702702703,0.972972972972973,0.96875,3.891891891891892,37
pad,11,0.05,M4,8,True,1.0,1.0,0.0,1.0,1.0,5.833333333333333,6
pad,11,0.05,M5,1,True,1.0,1.0,0.0,1.0,1.0,5.5,2
pad,11,0.1,B,96,False,0.9245283018867925,0.9285714285714286,,0.9245283018867925,0.9455782312925171,3.547169811320755,53
pad,11,0.1,M1,19,False,0.967741935483871,0.95,0.0,1.0,1.0,4.0,31
pad,11,0.1,M2,150,False,0.9083969465648855,0.9065934065934066,0.022900763358778626,0.9770992366412213,0.9725274725274725,3.572519083969466,131
pad,11,0.1,M3,69,False,0.918918918918919,0.9270833333333333,0.02702702702702703,0.972972972972973,0.96875,3.2972972972972974,37
pad,11,0.1,M4,8,True,1.0,1.0,0.0,1.0,1.0,5.333333333333333,6
pad,11,0.1,M5,1,True,1.0,1.0,0.0,1.0,1.0,5.5,2
pad,11,0.15,B,96,False,0.9056603773584906,0.9217687074829931,,0.9433962264150944,0.9523809523809523,2.9056603773584904,53
pad,11,0.15,M1,19,False,0.9032258064516129,0.9083333333333334,0.03225806451612903,0.967741935483871,0.975,3.2903225806451615,31
pad,11,0.15,M2,150,False,0.816793893129771,0.8253532182103611,0.022900763358778626,0.9770992366412213,0.9725274725274725,2.885496183206107,131
pad,11,0.15,M3,69,False,0.8108108108108109,0.8177083333333333,0.05405405405405406,0.9459459459459459,0.9375,2.675675675675676,37
pad,11,0.15,M4,8,False,0.6666666666666666,0.6666666666666666,0.0,1.0,1.0,3.3333333333333335,6
pad,11,0.15,M5,1,True,1.0,1.0,0.0,1.0,1.0,5.0,2
hiba,12,0.05,B,172,False,0.9788135593220338,0.9654255319148937,,1.0,1.0,5.63135593220339,236
hiba,12,0.05,M1,25,False,1.0,1.0,0.0,1.0,1.0,6.384615384615385,13
hiba,12,0.05,M2,220,False,0.9777777777777777,0.9743589743589743,0.0,1.0,1.0,6.611111111111111,90
hiba,12,0.05,M3,21,False,0.9090909090909091,0.9,0.0,1.0,1.0,6.0,11
hiba,12,0.1,B,172,False,0.9449152542372882,0.9414893617021277,,0.961864406779661,0.9962999384150824,3.9322033898305087,236
hiba,12,0.1,M1,25,False,1.0,1.0,0.0,1.0,1.0,5.230769230769231,13
hiba,12,0.1,M2,220,False,0.9444444444444444,0.9487179487179487,0.022222222222222223,0.9777777777777777,0.9871794871794872,5.022222222222222,90
hiba,12,0.1,M3,21,False,0.9090909090909091,0.9,0.0,1.0,1.0,5.0,11
hiba,12,0.15,B,172,False,0.9322033898305084,0.9228723404255319,,0.847457627118644,0.9413664401930986,3.1864406779661016,236
hiba,12,0.15,M1,25,False,0.7692307692307693,0.75,0.0,1.0,1.0,3.6923076923076925,13
hiba,12,0.15,M2,220,False,0.8888888888888888,0.8974358974358975,0.022222222222222223,0.9777777777777777,0.9871794871794872,4.3,90
hiba,12,0.15,M3,21,False,0.9090909090909091,0.9,0.0,1.0,1.0,4.7272727272727275,11
pad,12,0.05,B,98,False,0.9473684210526315,0.9361702127659575,,0.9649122807017544,0.9858156028368793,3.736842105263158,57
pad,12,0.05,M1,24,False,0.9545454545454546,0.9333333333333333,0.0,1.0,1.0,4.363636363636363,22
pad,12,0.05,M2,145,False,0.9624060150375939,0.9635416666666666,0.0,1.0,1.0,4.195488721804511,133
pad,12,0.05,M3,61,False,0.9607843137254902,0.95,0.0196078431372549,0.9803921568627451,0.975,4.0,51
pad,12,0.05,M4,9,True,1.0,1.0,0.0,1.0,1.0,5.4,5
pad,12,0.05,M5,3,True,,,,,,,0
pad,12,0.1,B,98,False,0.8421052631578947,0.8475177304964538,,0.9298245614035088,0.9574468085106383,3.017543859649123,57
pad,12,0.1,M1,24,False,0.9545454545454546,0.9333333333333333,0.0,1.0,1.0,3.272727272727273,22
pad,12,0.1,M2,145,False,0.9548872180451128,0.9583333333333334,0.0,1.0,1.0,3.43609022556391,133
pad,12,0.1,M3,61,False,0.9019607843137255,0.8875,0.0392156862745098,0.9607843137254902,0.95,3.215686274509804,51
pad,12,0.1,M4,9,False,1.0,1.0,0.0,1.0,1.0,3.4,5
pad,12,0.1,M5,3,True,,,,,,,0
pad,12,0.15,B,98,False,0.7017543859649122,0.7163120567375886,,0.9649122807017544,0.9716312056737588,2.5789473684210527,57
pad,12,0.15,M1,24,False,0.9090909090909091,0.9111111111111111,0.0,1.0,1.0,2.6363636363636362,22
pad,12,0.15,M2,145,False,0.924812030075188,0.9270833333333334,0.015037593984962405,0.9849624060150376,0.984375,3.0526315789473686,133
pad,12,0.15,M3,61,False,0.9019607843137255,0.8875,0.0392156862745098,0.9607843137254902,0.95,2.784313725490196,51
pad,12,0.15,M4,9,False,1.0,1.0,0.0,1.0,1.0,3.4,5
pad,12,0.15,M5,3,True,,,,,,,0
hiba,13,0.05,B,184,False,0.9911504424778761,0.9878048780487805,,1.0,1.0,5.867256637168142,113
hiba,13,0.05,M1,26,False,1.0,1.0,0.0,1.0,1.0,6.25,12
hiba,13,0.05,M2,204,False,0.9304347826086956,0.9379432624113476,0.0,1.0,1.0,6.434782608695652,115
hiba,13,0.05,M3,24,False,1.0,1.0,0.0,1.0,1.0,6.857142857142857,7
hiba,13,0.1,B,184,False,0.911504424778761,0.9065040650406504,,0.9646017699115044,0.9776422764227641,4.035398230088496,113
hiba,13,0.1,M1,26,False,0.8333333333333334,0.9047619047619049,0.0,1.0,1.0,4.166666666666667,12
hiba,13,0.1,M2,204,False,0.8956521739130435,0.8953900709219859,0.0,1.0,1.0,5.026086956521739,115
hiba,13,0.1,M3,24,False,1.0,1.0,0.0,1.0,1.0,5.142857142857143,7
hiba,13,0.15,B,184,False,0.8761061946902655,0.866869918699187,,0.9203539823008849,0.9410569105691058,3.4867256637168142,113
hiba,13,0.15,M1,26,False,0.75,0.8333333333333334,0.08333333333333333,0.9166666666666666,0.9285714285714286,3.5,12
hiba,13,0.15,M2,204,False,0.8347826086956521,0.8421985815602836,0.008695652173913044,0.991304347826087,0.9893617021276596,4.28695652173913,115
hiba,13,0.15,M3,24,False,1.0,1.0,0.0,1.0,1.0,4.857142857142857,7
pad,13,0.05,B,85,False,0.9753086419753086,0.9861111111111112,,0.9506172839506173,0.9555555555555556,3.9382716049382718,81
pad,13,0.05,M1,24,False,0.9565217391304348,0.9666666666666667,0.0,1.0,1.0,4.434782608695652,23
pad,13,0.05,M2,151,False,0.9722222222222222,0.9722222222222222,0.009259259259259259,0.9907407407407407,0.9888888888888889,4.287037037037037,108
pad,13,0.05,M3,61,False,0.9787234042553191,0.975,0.02127659574468085,0.9787234042553191,0.975,4.1063829787234045,47
pad,13,0.05,M4,8,True,1.0,1.0,0.0,1.0,1.0,5.428571428571429,7
pad,13,0.05,M5,1,True,1.0,1.0,0.0,1.0,1.0,4.5,2
pad,13,0.1,B,85,False,0.9135802469135802,0.9333333333333333,,0.9629629629629629,0.9611111111111111,3.5185185185185186,81
pad,13,0.1,M1,24,False,0.9565217391304348,0.9666666666666667,0.0,1.0,1.0,3.8260869565217392,23
pad,13,0.1,M2,151,False,0.9351851851851852,0.9444444444444444,0.009259259259259259,0.9907407407407407,0.9888888888888889,3.564814814814815,108
pad,13,0.1,M3,61,False,0.9148936170212766,0.9125,0.0425531914893617,0.9574468085106383,0.95,3.4680851063829787,47
pad,13,0.1,M4,8,True,1.0,1.0,0.0,1.0,1.0,4.714285714285714,7
pad,13,0.1,M5,1,True,1.0,1.0,0.0,1.0,1.0,4.5,2
pad,13,0.15,B,85,False,0.8765432098765432,0.9,,0.9135802469135802,0.9277777777777778,2.962962962962963,81
pad,13,0.15,M1,24,False,0.9565217391304348,0.9666666666666667,0.0,1.0,1.0,3.3043478260869565,23
pad,13,0.15,M2,151,False,0.8888888888888888,0.9074074074074074,0.009259259259259259,0.9907407407407407,0.9888888888888889,2.962962962962963,108
pad,13,0.15,M3,61,False,0.8085106382978723,0.8125,0.10638297872340426,0.8936170212765957,0.8875,2.8297872340425534,47
pad,13,0.15,M4,8,False,1.0,1.0,0.0,1.0,1.0,3.5714285714285716,7
pad,13,0.15,M5,1,True,1.0,1.0,0.0,1.0,1.0,4.5,2
hiba,14,0.05,B,188,False,0.9563106796116505,0.8974358974358975,,1.0,1.0,5.12621359223301,206
hiba,14,0.05,M1,18,True,1.0,1.0,0.0,1.0,1.0,6.636363636363637,22
hiba,14,0.05,M2,209,False,0.9391304347826087,0.9344569288389514,0.0,1.0,1.0,5.773913043478261,115
hiba,14,0.05,M3,21,False,0.9090909090909091,0.9,0.0,1.0,1.0,5.818181818181818,11
hiba,14,0.1,B,188,False,0.9368932038834952,0.8611111111111112,,0.9271844660194175,0.9486568986568986,3.7184466019417477,206
hiba,14,0.1,M1,18,False,1.0,1.0,0.0,1.0,1.0,5.0,22
hiba,14,0.1,M2,209,False,0.9130434782608695,0.9204119850187267,0.017391304347826087,0.9826086956521739,0.9887640449438202,4.739130434782608,115
hiba,14,0.1,M3,21,False,0.8181818181818182,0.85,0.0,1.0,1.0,4.636363636363637,11
hiba,14,0.15,B,188,False,0.9077669902912622,0.8055555555555556,,0.7475728155339806,0.9019943019943022,2.6407766990291264,206
hiba,14,0.15,M1,18,False,0.5454545454545454,0.6222222222222221,0.18181818181818182,0.8181818181818182,0.861111111111111,2.772727272727273,22
hiba,14,0.15,M2,209,False,0.8782608695652174,0.8923220973782771,0.034782608695652174,0.9652173913043478,0.9794007490636705,3.739130434782609,115
hiba,14,0.15,M3,21,False,0.8181818181818182,0.85,0.0,1.0,1.0,3.5454545454545454,11
pad,14,0.05,B,84,False,0.9733333333333334,0.9672131147540983,,0.96,0.9699453551912569,3.8666666666666667,75
pad,14,0.05,M1,24,False,1.0,1.0,0.0,1.0,1.0,4.15,20
pad,14,0.05,M2,149,False,0.9473684210526315,0.9510869565217391,0.008771929824561403,0.9912280701754386,0.9891304347826086,4.052631578947368,114
pad,14,0.05,M3,59,False,0.9807692307692307,0.9761904761904762,0.0,1.0,1.0,4.153846153846154,52
pad,14,0.05,M4,9,True,1.0,1.0,0.0,1.0,1.0,5.8,5
pad,14,0.05,M5,1,True,1.0,1.0,0.0,1.0,1.0,5.5,2
pad,14,0.1,B,84,False,0.9333333333333333,0.9289617486338797,,0.9066666666666666,0.912568306010929,3.2133333333333334,75
pad,14,0.1,M1,24,False,1.0,1.0,0.0,1.0,1.0,3.6,20
pad,14,0.1,M2,149,False,0.9035087719298246,0.907608695652174,0.017543859649122806,0.9824561403508771,0.9782608695652174,3.3157894736842106,114
pad,14,0.1,M3,59,False,0.8269230769230769,0.8214285714285714,0.057692307692307696,0.9423076923076923,0.9404761904761905,3.230769230769231,52
pad,14,0.1,M4,9,False,0.6,0.6,0.0,1.0,1.0,4.0,5
pad,14,0.1,M5,1,True,1.0,1.0,0.0,1.0,1.0,5.0,2
pad,14,0.15,B,84,False,0.8133333333333334,0.8087431693989071,,0.9066666666666666,0.9453551912568307,2.6266666666666665,75
pad,14,0.15,M1,24,False,0.9,0.8666666666666667,0.05,0.95,0.9333333333333333,2.9,20
pad,14,0.15,M2,149,False,0.8508771929824561,0.871376811594203,0.03508771929824561,0.9649122807017544,0.967391304347826,2.754385964912281,114
pad,14,0.15,M3,59,False,0.7307692307692307,0.7142857142857143,0.038461538461538464,0.9615384615384616,0.9523809523809523,2.7884615384615383,52
pad,14,0.15,M4,9,False,0.6,0.6,0.0,1.0,1.0,3.4,5
pad,14,0.15,M5,1,True,1.0,1.0,0.0,1.0,1.0,5.0,2
hiba,15,0.05,B,193,False,0.9782608695652174,0.9657534246575342,,1.0,1.0,6.565217391304348,138
hiba,15,0.05,M1,25,False,1.0,1.0,0.0,1.0,1.0,6.277777777777778,18
hiba,15,0.05,M2,201,False,0.9741379310344828,0.9759450171821307,0.0,1.0,1.0,6.448275862068965,116
hiba,15,0.05,M3,18,True,1.0,1.0,0.0,1.0,1.0,7.133333333333334,15
hiba,15,0.1,B,193,False,0.9202898550724637,0.8926940639269405,,0.9855072463768116,0.9969110932044052,4.050724637681159,138
hiba,15,0.1,M1,25,False,0.8888888888888888,0.9166666666666666,0.0,1.0,1.0,4.5,18
hiba,15,0.1,M2,201,False,0.9224137931034483,0.9243986254295533,0.02586206896551724,0.9741379310344828,0.979381443298969,4.551724137931035,116
hiba,15,0.1,M3,18,False,1.0,1.0,0.0,1.0,1.0,5.533333333333333,15
hiba,15,0.15,B,193,False,0.8840579710144928,0.8378995433789954,,0.9057971014492754,0.9650147730325006,3.079710144927536,138
hiba,15,0.15,M1,25,False,0.8888888888888888,0.9166666666666666,0.0,1.0,1.0,3.7777777777777777,18
hiba,15,0.15,M2,201,False,0.8706896551724138,0.8831615120274915,0.02586206896551724,0.9741379310344828,0.979381443298969,3.793103448275862,116
hiba,15,0.15,M3,18,False,1.0,1.0,0.0,1.0,1.0,4.533333333333333,15
pad,15,0.05,B,88,False,0.9864864864864865,0.9941520467836258,,0.9594594594594594,0.9707602339181287,3.9324324324324325,74
pad,15,0.05,M1,25,False,0.9090909090909091,0.8571428571428571,0.045454545454545456,0.9545454545454546,0.9285714285714286,4.0,22
pad,15,0.05,M2,144,False,0.9621212121212122,0.9587628865979382,0.007575757575757576,0.9924242424242424,0.9896907216494846,4.3106060606060606,132
pad,15,0.05,M3,65,False,0.9534883720930233,0.9444444444444444,0.023255813953488372,0.9767441860465116,0.9722222222222222,3.9767441860465116,43
pad,15,0.05,M4,6,True,1.0,1.0,0.0,1.0,1.0,5.555555555555555,9
pad,15,0.05,M5,2,True,1.0,1.0,0.0,1.0,1.0,3.0,1
pad,15,0.1,B,88,False,0.8918918918918919,0.8918128654970761,,0.918918918918919,0.9415204678362573,3.189189189189189,74
pad,15,0.1,M1,25,False,0.9090909090909091,0.8571428571428571,0.045454545454545456,0.9545454545454546,0.9285714285714286,2.8181818181818183,22
pad,15,0.1,M2,144,False,0.9166666666666666,0.9123711340206185,0.015151515151515152,0.9848484848484849,0.979381443298969,3.257575757575758,132
pad,15,0.1,M3,65,False,0.8604651162790697,0.8333333333333334,0.046511627906976744,0.9534883720930233,0.9444444444444444,2.8372093023255816,43
pad,15,0.1,M4,6,True,1.0,1.0,0.0,1.0,1.0,4.333333333333333,9
pad,15,0.1,M5,2,True,1.0,1.0,0.0,1.0,1.0,3.0,1
pad,15,0.15,B,88,False,0.7972972972972973,0.7923976608187134,,0.9324324324324325,0.9473684210526315,2.527027027027027,74
pad,15,0.15,M1,25,False,0.8636363636363636,0.7857142857142857,0.045454545454545456,0.9545454545454546,0.9285714285714286,2.0454545454545454,22
pad,15,0.15,M2,144,False,0.8939393939393939,0.8917525773195877,0.022727272727272728,0.9772727272727273,0.9742268041237113,2.840909090909091,132
pad,15,0.15,M3,65,False,0.8604651162790697,0.8333333333333334,0.046511627906976744,0.9534883720930233,0.9444444444444444,2.5348837209302326,43
pad,15,0.15,M4,6,False,1.0,1.0,0.0,1.0,1.0,3.6666666666666665,9
pad,15,0.15,M5,2,True,1.0,1.0,0.0,1.0,1.0,3.0,1
hiba,16,0.05,B,190,False,0.9695652173913043,0.930921052631579,,1.0,1.0,5.3652173913043475,230
hiba,16,0.05,M1,22,False,1.0,1.0,0.0,1.0,1.0,6.35,20
hiba,16,0.05,M2,207,False,0.8608695652173913,0.858974358974359,0.0,1.0,1.0,5.965217391304348,115
hiba,16,0.05,M3,21,False,1.0,1.0,0.0,1.0,1.0,6.5,10
hiba,16,0.1,B,190,False,0.9304347826086956,0.8822368421052631,,0.9260869565217391,0.9198464912280702,3.4869565217391303,230
hiba,16,0.1,M1,22,False,1.0,1.0,0.0,1.0,1.0,4.6,20
hiba,16,0.1,M2,207,False,0.8347826086956521,0.8260073260073258,0.017391304347826087,0.9826086956521739,0.9835164835164835,4.495652173913044,115
hiba,16,0.1,M3,21,False,1.0,1.0,0.0,1.0,1.0,5.1,10
hiba,16,0.15,B,190,False,0.8956521739130435,0.844736842105263,,0.8,0.8941572681704258,2.708695652173913,230
hiba,16,0.15,M1,22,False,0.9,0.9090909090909091,0.05,0.95,0.9545454545454546,3.65,20
hiba,16,0.15,M2,207,False,0.7391304347826086,0.7344322344322345,0.034782608695652174,0.9652173913043478,0.967032967032967,3.782608695652174,115
hiba,16,0.15,M3,21,False,1.0,1.0,0.0,1.0,1.0,4.1,10
pad,16,0.05,B,85,False,0.9873417721518988,0.9833333333333333,,0.9493670886075949,0.9555555555555555,3.9240506329113924,79
pad,16,0.05,M1,29,False,0.8333333333333334,0.8,0.08333333333333333,0.9166666666666666,0.9,3.75,12
pad,16,0.05,M2,134,False,0.9642857142857143,0.9626168224299065,0.007142857142857143,0.9928571428571429,0.9906542056074766,4.25,140
pad,16,0.05,M3,59,False,1.0,1.0,0.0,1.0,1.0,4.409836065573771,61
pad,16,0.05,M4,8,True,1.0,1.0,0.0,1.0,1.0,5.833333333333333,6
pad,16,0.05,M5,1,True,1.0,1.0,0.0,1.0,1.0,4.5,2
pad,16,0.1,B,85,False,0.9746835443037974,0.975,,0.8734177215189873,0.8722222222222221,3.3544303797468356,79
pad,16,0.1,M1,29,False,0.75,0.75,0.16666666666666666,0.8333333333333334,0.85,3.25,12
pad,16,0.1,M2,134,False,0.8714285714285714,0.8691588785046729,0.014285714285714285,0.9857142857142858,0.9813084112149533,3.5642857142857145,140
pad,16,0.1,M3,59,False,0.9672131147540983,0.9682539682539684,0.0,1.0,1.0,3.8688524590163933,61
pad,16,0.1,M4,8,True,1.0,1.0,0.0,1.0,1.0,5.166666666666667,6
pad,16,0.1,M5,1,True,1.0,1.0,0.0,1.0,1.0,4.0,2
pad,16,0.15,B,85,False,0.9113924050632911,0.9222222222222222,,0.9113924050632911,0.9111111111111111,2.759493670886076,79
pad,16,0.15,M1,29,False,0.75,0.75,0.16666666666666666,0.8333333333333334,0.85,2.8333333333333335,12
pad,16,0.15,M2,134,False,0.8214285714285714,0.8281041388518025,0.02142857142857143,0.9785714285714285,0.9719626168224299,2.807142857142857,140
pad,16,0.15,M3,59,False,0.9016393442622951,0.896825396825397,0.0,1.0,1.0,3.262295081967213,61
pad,16,0.15,M4,8,False,0.6666666666666666,0.6666666666666666,0.0,1.0,1.0,3.3333333333333335,6
pad,16,0.15,M5,1,True,1.0,1.0,0.0,1.0,1.0,3.5,2
hiba,17,0.05,B,182,False,0.9904761904761905,0.9702380952380952,,1.0,1.0,5.771428571428571,315
hiba,17,0.05,M1,25,False,1.0,1.0,0.0,1.0,1.0,6.285714285714286,14
hiba,17,0.05,M2,212,False,0.9714285714285714,0.9709302325581395,0.0,1.0,1.0,6.59047619047619,105
hiba,17,0.05,M3,22,False,1.0,1.0,0.0,1.0,1.0,6.555555555555555,9
hiba,17,0.1,B,182,False,0.9873015873015873,0.9662698412698413,,0.9873015873015873,0.996196341784577,4.419047619047619,315
hiba,17,0.1,M1,25,False,0.8571428571428571,0.9375,0.0,1.0,1.0,5.071428571428571,14
hiba,17,0.1,M2,212,False,0.9523809523809523,0.9476744186046512,0.0,1.0,1.0,5.552380952380952,105
hiba,17,0.1,M3,22,False,1.0,1.0,0.0,1.0,1.0,5.444444444444445,9
hiba,17,0.15,B,182,False,0.9682539682539683,0.9237103174603175,,0.8698412698412699,0.9208451543010366,3.250793650793651,315
hiba,17,0.15,M1,25,False,0.8571428571428571,0.9375,0.0,1.0,1.0,4.357142857142857,14
hiba,17,0.15,M2,212,False,0.9142857142857143,0.9205426356589146,0.0,1.0,1.0,4.4,105
hiba,17,0.15,M3,22,False,1.0,1.0,0.0,1.0,1.0,4.888888888888889,9
pad,17,0.05,B,90,False,1.0,1.0,,0.972972972972973,0.9757575757575758,4.364864864864865,74
pad,17,0.05,M1,26,False,0.9375,0.9615384615384616,0.0,1.0,1.0,4.625,16
pad,17,0.05,M2,140,False,0.9202898550724637,0.9158415841584159,0.0,1.0,1.0,4.7101449275362315,138
pad,17,0.05,M3,60,False,0.9821428571428571,0.975609756097561,0.0,1.0,1.0,4.642857142857143,56
pad,17,0.05,M4,7,True,1.0,1.0,0.0,1.0,1.0,5.625,8
pad,17,0.05,M5,3,True,,,,,,,0
pad,17,0.1,B,90,False,0.9054054054054054,0.896969696969697,,0.8918918918918919,0.915151515151515,3.0135135135135136,74
pad,17,0.1,M1,26,False,0.875,0.8846153846153846,0.0625,0.9375,0.9230769230769231,2.8125,16
pad,17,0.1,M2,140,False,0.855072463768116,0.8514851485148515,0.036231884057971016,0.9637681159420289,0.9603960396039604,3.0869565217391304,138
pad,17,0.1,M3,60,False,0.9107142857142857,0.894308943089431,0.017857142857142856,0.9821428571428571,0.975609756097561,3.4107142857142856,56
pad,17,0.1,M4,7,True,1.0,1.0,0.0,1.0,1.0,4.125,8
pad,17,0.1,M5,3,True,,,,,,,0
pad,17,0.15,B,90,False,0.8513513513513513,0.8575757575757577,,0.8513513513513513,0.881818181818182,2.472972972972973,74
pad,17,0.15,M1,26,False,0.8125,0.8461538461538461,0.125,0.875,0.8846153846153846,2.1875,16
pad,17,0.15,M2,140,False,0.8115942028985508,0.8154172560113154,0.028985507246376812,0.9710144927536232,0.9653465346534653,2.782608695652174,138
pad,17,0.15,M3,60,False,0.8571428571428571,0.821138211382114,0.07142857142857142,0.9285714285714286,0.9024390243902439,3.0357142857142856,56
pad,17,0.15,M4,7,False,1.0,1.0,0.0,1.0,1.0,3.5,8
pad,17,0.15,M5,3,True,,,,,,,0
hiba,18,0.05,B,190,False,0.9748743718592965,0.9539473684210527,,1.0,1.0,5.884422110552764,199
hiba,18,0.05,M1,22,False,1.0,1.0,0.0,1.0,1.0,6.285714285714286,21
hiba,18,0.05,M2,204,False,0.9743589743589743,0.9680851063829787,0.0,1.0,1.0,6.495726495726496,117
hiba,18,0.05,M3,22,False,1.0,1.0,0.0,1.0,1.0,6.8,10
hiba,18,0.1,B,190,False,0.9396984924623115,0.8855263157894736,,0.949748743718593,0.9743292053663573,3.648241206030151,199
hiba,18,0.1,M1,22,False,1.0,1.0,0.0,1.0,1.0,5.0476190476190474,21
hiba,18,0.1,M2,204,False,0.9401709401709402,0.925531914893617,0.008547008547008548,0.9914529914529915,0.9893617021276596,4.641025641025641,117
hiba,18,0.1,M3,22,False,1.0,1.0,0.0,1.0,1.0,4.9,10
hiba,18,0.15,B,190,False,0.8944723618090452,0.8235745614035088,,0.7889447236180904,0.9248462196512954,2.819095477386935,199
hiba,18,0.15,M1,22,False,0.9047619047619048,0.9393939393939394,0.0,1.0,1.0,3.6666666666666665,21
hiba,18,0.15,M2,204,False,0.9230769230769231,0.9095744680851063,0.008547008547008548,0.9914529914529915,0.9893617021276596,3.8205128205128207,117
hiba,18,0.15,M3,22,False,0.8,0.8333333333333334,0.0,1.0,1.0,4.0,10
pad,18,0.05,B,85,False,0.9629629629629629,0.9583333333333334,,0.9506172839506173,0.9555555555555556,3.753086419753086,81
pad,18,0.05,M1,24,False,1.0,1.0,0.0,1.0,1.0,4.217391304347826,23
pad,18,0.05,M2,149,False,0.9658119658119658,0.9619565217391305,0.0,1.0,1.0,4.162393162393163,117
pad,18,0.05,M3,53,False,0.9850746268656716,0.9791666666666666,0.0,1.0,1.0,4.223880597014926,67
pad,18,0.05,M4,9,True,1.0,1.0,0.0,1.0,1.0,4.8,5
pad,18,0.05,M5,1,True,1.0,1.0,0.0,1.0,1.0,5.5,2
pad,18,0.1,B,85,False,0.9012345679012346,0.9055555555555556,,0.9135802469135802,0.9111111111111111,2.9753086419753085,81
pad,18,0.1,M1,24,False,1.0,1.0,0.0,1.0,1.0,3.739130434782609,23
pad,18,0.1,M2,149,False,0.8717948717948718,0.8532608695652174,0.02564102564102564,0.9743589743589743,0.9728260869565217,3.1965811965811968,117
pad,18,0.1,M3,53,False,0.9701492537313433,0.9722222222222223,0.0,1.0,1.0,3.373134328358209,67
pad,18,0.1,M4,9,False,1.0,1.0,0.0,1.0,1.0,3.4,5
pad,18,0.1,M5,1,True,1.0,1.0,0.0,1.0,1.0,5.0,2
pad,18,0.15,B,85,False,0.8765432098765432,0.8722222222222222,,0.9012345679012346,0.9027777777777778,2.7160493827160495,81
pad,18,0.15,M1,24,False,1.0,1.0,0.0,1.0,1.0,3.391304347826087,23
pad,18,0.15,M2,149,False,0.8205128205128205,0.8027950310559007,0.017094017094017096,0.9829059829059829,0.9782608695652174,2.9401709401709404,117
pad,18,0.15,M3,53,False,0.9104477611940298,0.9166666666666666,0.0,1.0,1.0,3.074626865671642,67
pad,18,0.15,M4,9,False,1.0,1.0,0.0,1.0,1.0,3.4,5
pad,18,0.15,M5,1,True,1.0,1.0,0.0,1.0,1.0,5.0,2
hiba,19,0.05,B,184,False,0.9793103448275862,0.9695121951219512,,1.0,1.0,5.655172413793103,145
hiba,19,0.05,M1,22,False,0.8,0.8484848484848485,0.0,1.0,1.0,5.266666666666667,15
hiba,19,0.05,M2,211,False,0.9629629629629629,0.9616858237547893,0.0,1.0,1.0,6.342592592592593,108
hiba,19,0.05,M3,25,False,1.0,1.0,0.0,1.0,1.0,6.666666666666667,6
hiba,19,0.1,B,184,False,0.9586206896551724,0.9593495934959348,,0.9517241379310345,0.9860627177700347,3.8137931034482757,145
hiba,19,0.1,M1,22,False,0.8,0.8484848484848485,0.0,1.0,1.0,4.266666666666667,15
hiba,19,0.1,M2,211,False,0.9074074074074074,0.904214559386973,0.009259259259259259,0.9907407407407407,0.9942528735632183,4.861111111111111,108
hiba,19,0.1,M3,25,False,1.0,1.0,0.0,1.0,1.0,5.0,6
hiba,19,0.15,B,184,False,0.9310344827586207,0.9278455284552845,,0.9103448275862069,0.9619628339140535,3.317241379310345,145
hiba,19,0.15,M1,22,False,0.8,0.8484848484848485,0.0,1.0,1.0,3.7333333333333334,15
hiba,19,0.15,M2,211,False,0.8611111111111112,0.871647509578544,0.018518518518518517,0.9814814814814815,0.9827586206896551,4.2592592592592595,108
hiba,19,0.15,M3,25,False,1.0,1.0,0.0,1.0,1.0,4.0,6
pad,19,0.05,B,90,False,0.9866666666666667,0.9939393939393939,,0.9466666666666667,0.9636363636363636,4.32,75
pad,19,0.05,M1,19,False,0.9310344827586207,0.925,0.0,1.0,1.0,4.620689655172414,29
pad,19,0.05,M2,150,False,0.9913793103448276,0.9945054945054945,0.0,1.0,1.0,4.672413793103448,116
pad,19,0.05,M3,51,False,0.9846153846153847,0.98,0.0,1.0,1.0,4.553846153846154,65
pad,19,0.05,M4,8,True,1.0,1.0,0.0,1.0,1.0,5.714285714285714,7
pad,19,0.05,M5,3,True,,,,,,,0
pad,19,0.1,B,90,False,0.9733333333333334,0.9757575757575757,,0.9066666666666666,0.9212121212121213,3.48,75
pad,19,0.1,M1,19,False,0.7931034482758621,0.8083333333333333,0.034482758620689655,0.9655172413793104,0.975,3.206896551724138,29
pad,19,0.1,M2,150,False,0.9482758620689655,0.9395604395604396,0.017241379310344827,0.9827586206896551,0.978021978021978,3.7327586206896552,116
pad,19,0.1,M3,51,False,0.9846153846153847,0.98,0.0,1.0,1.0,3.8461538461538463,65
pad,19,0.1,M4,8,True,1.0,1.0,0.0,1.0,1.0,5.285714285714286,7
pad,19,0.1,M5,3,True,,,,,,,0
pad,19,0.15,B,90,False,0.9333333333333333,0.9545454545454546,,0.9066666666666666,0.9090909090909091,2.9066666666666667,75
pad,19,0.15,M1,19,False,0.6896551724137931,0.6833333333333333,0.06896551724137931,0.9310344827586207,0.925,2.5517241379310347,29
pad,19,0.15,M2,150,False,0.853448275862069,0.8644688644688645,0.034482758620689655,0.9655172413793104,0.967032967032967,2.956896551724138,116
pad,19,0.15,M3,51,False,0.9692307692307692,0.96,0.0,1.0,1.0,3.476923076923077,65
pad,19,0.15,M4,8,False,0.8571428571428571,0.8333333333333334,0.0,1.0,1.0,3.857142857142857,7
pad,19,0.15,M5,3,True,,,,,,,0
hiba,20,0.05,B,182,False,0.9705882352941176,0.9404761904761905,,1.0,1.0,5.377450980392157,204
hiba,20,0.05,M1,29,False,1.0,1.0,0.0,1.0,1.0,6.142857142857143,7
hiba,20,0.05,M2,204,False,0.9565217391304348,0.9521276595744681,0.0,1.0,1.0,5.982608695652174,115
hiba,20,0.05,M3,23,False,1.0,1.0,0.0,1.0,1.0,6.375,8
hiba,20,0.1,B,182,False,0.9313725490196079,0.8630952380952381,,0.9509803921568627,0.958219954648526,3.696078431372549,204
hiba,20,0.1,M1,29,False,0.7142857142857143,0.875,0.0,1.0,1.0,4.571428571428571,7
hiba,20,0.1,M2,204,False,0.9304347826086956,0.925531914893617,0.017391304347826087,0.9826086956521739,0.9840425531914894,4.6,115
hiba,20,0.1,M3,23,False,1.0,1.0,0.0,1.0,1.0,5.375,8
hiba,20,0.15,B,182,False,0.9068627450980392,0.8256944444444445,,0.8970588235294118,0.9228883219954648,3.0588235294117645,204
hiba,20,0.15,M1,29,False,0.7142857142857143,0.875,0.0,1.0,1.0,3.857142857142857,7
hiba,20,0.15,M2,204,False,0.8869565217391304,0.8962765957446809,0.02608695652173913,0.9739130434782609,0.9787234042553191,3.9391304347826086,115
hiba,20,0.15,M3,23,False,1.0,1.0,0.0,1.0,1.0,4.625,8
pad,20,0.05,B,83,False,0.95,0.946236559139785,,0.9625,0.9704301075268816,3.6625,80
pad,20,0.05,M1,25,False,0.9166666666666666,0.8571428571428571,0.041666666666666664,0.9583333333333334,0.9285714285714286,3.7916666666666665,24
pad,20,0.05,M2,151,False,0.9304347826086956,0.9333333333333333,0.008695652173913044,0.991304347826087,0.9888888888888889,4.043478260869565,115
pad,20,0.05,M3,60,False,0.9056603773584906,0.894308943089431,0.018867924528301886,0.9811320754716981,0.975609756097561,3.7735849056603774,53
pad,20,0.05,M4,7,True,1.0,1.0,0.0,1.0,1.0,5.285714285714286,7
pad,20,0.05,M5,1,True,1.0,1.0,0.0,1.0,1.0,4.5,2
pad,20,0.1,B,83,False,0.9375,0.9301075268817205,,0.925,0.9408602150537635,3.175,80
pad,20,0.1,M1,25,False,0.8333333333333334,0.7976190476190477,0.08333333333333333,0.9166666666666666,0.8928571428571429,3.0833333333333335,24
pad,20,0.1,M2,151,False,0.8869565217391304,0.8944444444444445,0.034782608695652174,0.9652173913043478,0.9611111111111111,3.260869565217391,115
pad,20,0.1,M3,60,False,0.8867924528301887,0.8699186991869919,0.018867924528301886,0.9811320754716981,0.975609756097561,3.0943396226415096,53
pad,20,0.1,M4,7,True,1.0,1.0,0.0,1.0,1.0,4.571428571428571,7
pad,20,0.1,M5,1,True,1.0,1.0,0.0,1.0,1.0,4.5,2
pad,20,0.15,B,83,False,0.9,0.9005376344086021,,0.8875,0.9220430107526881,2.7,80
pad,20,0.15,M1,25,False,0.8333333333333334,0.7976190476190477,0.08333333333333333,0.9166666666666666,0.8928571428571429,2.875,24
pad,20,0.15,M2,151,False,0.8521739130434782,0.8666666666666667,0.02608695652173913,0.9739130434782609,0.9666666666666667,3.017391304347826,115
pad,20,0.15,M3,60,False,0.7547169811320755,0.6991869918699186,0.07547169811320754,0.9245283018867925,0.9024390243902439,2.6792452830188678,53
pad,20,0.15,M4,7,False,1.0,1.0,0.0,1.0,1.0,4.0,7
pad,20,0.15,M5,1,True,1.0,1.0,0.0,1.0,1.0,4.5,2
hiba,21,0.05,B,188,False,0.9398496240601504,0.9380341880341879,,1.0,1.0,5.406015037593985,133
hiba,21,0.05,M1,24,False,1.0,1.0,0.0,1.0,1.0,5.571428571428571,14
hiba,21,0.05,M2,205,False,0.972972972972973,0.967741935483871,0.0,1.0,1.0,5.963963963963964,111
hiba,21,0.05,M3,23,False,1.0,1.0,0.0,1.0,1.0,6.266666666666667,15
hiba,21,0.1,B,188,False,0.8872180451127819,0.8824786324786325,,0.9323308270676691,0.9504273504273504,3.8421052631578947,133
hiba,21,0.1,M1,24,False,0.8571428571428571,0.9259259259259258,0.0,1.0,1.0,4.428571428571429,14
hiba,21,0.1,M2,205,False,0.9279279279279279,0.9247311827956989,0.018018018018018018,0.9819819819819819,0.989247311827957,4.63063063063063,111
hiba,21,0.1,M3,23,False,1.0,1.0,0.0,1.0,1.0,4.666666666666667,15
hiba,21,0.15,B,188,False,0.8571428571428571,0.8493589743589743,,0.8045112781954887,0.864957264957265,2.8345864661654137,133
hiba,21,0.15,M1,24,False,0.7142857142857143,0.8148148148148148,0.07142857142857142,0.9285714285714286,0.9444444444444444,3.357142857142857,14
hiba,21,0.15,M2,205,False,0.8018018018018018,0.8055555555555555,0.036036036036036036,0.963963963963964,0.967741935483871,3.6486486486486487,111
hiba,21,0.15,M3,23,False,0.9333333333333333,0.9375,0.0,1.0,1.0,3.8,15
pad,21,0.05,B,84,False,0.9230769230769231,0.9289617486338798,,0.9358974358974359,0.9453551912568307,3.871794871794872,78
pad,21,0.05,M1,22,False,0.9130434782608695,0.8823529411764706,0.043478260869565216,0.9565217391304348,0.9411764705882353,4.043478260869565,23
pad,21,0.05,M2,158,False,0.963302752293578,0.963855421686747,0.009174311926605505,0.9908256880733946,0.9879518072289156,4.110091743119266,109
pad,21,0.05,M3,60,False,0.92,0.9024390243902439,0.0,1.0,1.0,3.84,50
pad,21,0.05,M4,9,True,1.0,1.0,0.0,1.0,1.0,4.6,5
pad,21,0.05,M5,2,True,1.0,1.0,0.0,1.0,1.0,6.0,1
pad,21,0.1,B,84,False,0.8717948717948718,0.8825136612021857,,0.9358974358974359,0.9344262295081968,3.3333333333333335,78
pad,21,0.1,M1,22,False,0.9130434782608695,0.8823529411764706,0.043478260869565216,0.9565217391304348,0.9411764705882353,3.4782608695652173,23
pad,21,0.1,M2,158,False,0.8623853211009175,0.8755020080321285,0.01834862385321101,0.981651376146789,0.9819277108433735,3.293577981651376,109
pad,21,0.1,M3,60,False,0.9,0.8780487804878049,0.0,1.0,1.0,3.28,50
pad,21,0.1,M4,9,False,1.0,1.0,0.0,1.0,1.0,3.8,5
pad,21,0.1,M5,2,True,1.0,1.0,0.0,1.0,1.0,6.0,1
pad,21,0.15,B,84,False,0.8333333333333334,0.8579234972677595,,0.8846153846153846,0.8961748633879782,2.8205128205128207,78
pad,21,0.15,M1,22,False,0.9130434782608695,0.8823529411764706,0.043478260869565216,0.9565217391304348,0.9411764705882353,2.9565217391304346,23
pad,21,0.15,M2,158,False,0.8256880733944955,0.8363453815261045,0.009174311926605505,0.9908256880733946,0.9879518072289156,2.8256880733944953,109
pad,21,0.15,M3,60,False,0.88,0.8536585365853658,0.02,0.98,0.975609756097561,3.04,50
pad,21,0.15,M4,9,False,1.0,1.0,0.0,1.0,1.0,3.6,5
pad,21,0.15,M5,2,True,1.0,1.0,0.0,1.0,1.0,6.0,1
hiba,22,0.05,B,177,False,0.995049504950495,0.9887640449438202,,1.0,1.0,6.321782178217822,202
hiba,22,0.05,M1,22,False,1.0,1.0,0.0,1.0,1.0,6.35,20
hiba,22,0.05,M2,220,False,0.9587628865979382,0.9615384615384616,0.0,1.0,1.0,6.824742268041237,97
hiba,22,0.05,M3,20,False,1.0,1.0,0.0,1.0,1.0,7.125,16
hiba,22,0.1,B,177,False,0.9504950495049505,0.952247191011236,,0.9900990099009901,0.9970037453183521,4.51980198019802,202
hiba,22,0.1,M1,22,False,0.8,0.8939393939393938,0.0,1.0,1.0,5.05,20
hiba,22,0.1,M2,220,False,0.9278350515463918,0.9294871794871795,0.0,1.0,1.0,5.257731958762887,97
hiba,22,0.1,M3,20,False,1.0,1.0,0.0,1.0,1.0,5.0,16
hiba,22,0.15,B,177,False,0.9455445544554455,0.9410112359550562,,0.9356435643564357,0.9418271803103263,3.50990099009901,202
hiba,22,0.15,M1,22,False,0.75,0.8030303030303029,0.0,1.0,1.0,4.0,20
hiba,22,0.15,M2,220,False,0.8969072164948454,0.9059829059829059,0.010309278350515464,0.9896907216494846,0.9935897435897436,4.298969072164948,97
hiba,22,0.15,M3,20,False,1.0,1.0,0.0,1.0,1.0,4.3125,16
pad,22,0.05,B,90,False,0.9848484848484849,0.9818181818181818,,0.9848484848484849,0.990909090909091,3.909090909090909,66
pad,22,0.05,M1,21,False,1.0,1.0,0.0,1.0,1.0,4.375,24
pad,22,0.05,M2,136,False,0.9716312056737588,0.9714285714285714,0.0,1.0,1.0,4.078014184397163,141
pad,22,0.05,M3,64,False,0.94,0.918918918918919,0.02,0.98,0.972972972972973,4.0,50
pad,22,0.05,M4,10,True,1.0,1.0,0.0,1.0,1.0,6.0,4
pad,22,0.05,M5,1,True,1.0,1.0,0.0,1.0,1.0,5.5,2
pad,22,0.1,B,90,False,0.9545454545454546,0.9545454545454546,,0.9545454545454546,0.9545454545454546,3.4242424242424243,66
pad,22,0.1,M1,21,False,1.0,1.0,0.0,1.0,1.0,3.875,24
pad,22,0.1,M2,136,False,0.9290780141843972,0.9238095238095239,0.0070921985815602835,0.9929078014184397,0.9904761904761905,3.368794326241135,141
pad,22,0.1,M3,64,False,0.92,0.9054054054054054,0.02,0.98,0.972972972972973,3.46,50
pad,22,0.1,M4,10,False,1.0,1.0,0.0,1.0,1.0,4.5,4
pad,22,0.1,M5,1,True,1.0,1.0,0.0,1.0,1.0,5.0,2
pad,22,0.15,B,90,False,0.9090909090909091,0.9181818181818182,,0.9393939393939394,0.9363636363636364,3.0,66
pad,22,0.15,M1,21,False,0.9583333333333334,0.9444444444444444,0.041666666666666664,0.9583333333333334,0.9444444444444444,3.375,24
pad,22,0.15,M2,136,False,0.900709219858156,0.9,0.014184397163120567,0.9858156028368794,0.9857142857142858,2.9574468085106385,141
pad,22,0.15,M3,64,False,0.88,0.8648648648648649,0.06,0.94,0.9324324324324325,3.12,50
pad,22,0.15,M4,10,False,1.0,1.0,0.0,1.0,1.0,4.25,4
pad,22,0.15,M5,1,True,1.0,1.0,0.0,1.0,1.0,5.0,2
hiba,23,0.05,B,177,False,0.9868421052631579,0.9831460674157303,,1.0,1.0,6.381578947368421,152
hiba,23,0.05,M1,24,False,1.0,1.0,0.0,1.0,1.0,7.0588235294117645,17
hiba,23,0.05,M2,214,False,0.95,0.9543650793650794,0.0,1.0,1.0,6.86,100
hiba,23,0.05,M3,25,False,1.0,1.0,0.0,1.0,1.0,6.857142857142857,7
hiba,23,0.1,B,177,False,0.9473684210526315,0.9400749063670413,,0.9868421052631579,0.9970037453183521,4.6381578947368425,152
hiba,23,0.1,M1,24,False,1.0,1.0,0.0,1.0,1.0,6.117647058823529,17
hiba,23,0.1,M2,214,False,0.93,0.9305555555555556,0.0,1.0,1.0,5.33,100
hiba,23,0.1,M3,25,False,1.0,1.0,0.0,1.0,1.0,5.714285714285714,7
hiba,23,0.15,B,177,False,0.9144736842105263,0.8895131086142323,,0.9276315789473685,0.9295880149812734,3.4342105263157894,152
hiba,23,0.15,M1,24,False,1.0,1.0,0.0,1.0,1.0,4.588235294117647,17
hiba,23,0.15,M2,214,False,0.87,0.8799603174603173,0.0,1.0,1.0,4.31,100
hiba,23,0.15,M3,25,False,1.0,1.0,0.0,1.0,1.0,5.0,7
pad,23,0.05,B,90,False,0.9863013698630136,0.9818181818181818,,0.9726027397260274,0.9757575757575757,3.9178082191780823,73
pad,23,0.05,M1,25,False,0.8947368421052632,0.8571428571428571,0.05263157894736842,0.9473684210526315,0.9285714285714286,3.789473684210526,19
pad,23,0.05,M2,155,False,0.9827586206896551,0.9767441860465116,0.008620689655172414,0.9913793103448276,0.9883720930232558,4.232758620689655,116
pad,23,0.05,M3,63,False,1.0,1.0,0.0,1.0,1.0,4.090909090909091,44
pad,23,0.05,M4,9,True,1.0,1.0,0.0,1.0,1.0,5.4,5
pad,23,0.05,M5,1,True,1.0,1.0,0.0,1.0,1.0,4.5,2
pad,23,0.1,B,90,False,0.9726027397260274,0.9636363636363636,,0.9178082191780822,0.9121212121212121,3.3698630136986303,73
pad,23,0.1,M1,25,False,0.8947368421052632,0.8571428571428571,0.05263157894736842,0.9473684210526315,0.9285714285714286,3.6315789473684212,19
pad,23,0.1,M2,155,False,0.9224137931034483,0.9069767441860465,0.02586206896551724,0.9741379310344828,0.9651162790697675,3.5689655172413794,116
pad,23,0.1,M3,63,False,0.9772727272727273,0.9912280701754387,0.0,1.0,1.0,3.3863636363636362,44
pad,23,0.1,M4,9,False,1.0,1.0,0.0,1.0,1.0,4.0,5
pad,23,0.1,M5,1,True,1.0,1.0,0.0,1.0,1.0,4.5,2
pad,23,0.15,B,90,False,0.8904109589041096,0.8757575757575757,,0.9315068493150684,0.9303030303030303,2.808219178082192,73
pad,23,0.15,M1,25,False,0.8947368421052632,0.8571428571428571,0.05263157894736842,0.9473684210526315,0.9285714285714286,3.210526315789474,19
pad,23,0.15,M2,155,False,0.8448275862068966,0.8478682170542636,0.05172413793103448,0.9482758620689655,0.9418604651162791,2.9051724137931036,116
pad,23,0.15,M3,63,False,0.9318181818181818,0.9385964912280703,0.0,1.0,1.0,2.7045454545454546,44
pad,23,0.15,M4,9,False,1.0,1.0,0.0,1.0,1.0,3.6,5
pad,23,0.15,M5,1,True,1.0,1.0,0.0,1.0,1.0,4.5,2
hiba,24,0.05,B,182,False,0.9392265193370166,0.9211309523809523,,1.0,1.0,5.011049723756906,181
hiba,24,0.05,M1,24,False,0.9166666666666666,0.8888888888888888,0.0,1.0,1.0,5.5,12
hiba,24,0.05,M2,214,False,0.9509803921568627,0.9464285714285714,0.0,1.0,1.0,5.970588235294118,102
hiba,24,0.05,M3,23,False,0.875,0.875,0.0,1.0,1.0,5.25,8
hiba,24,0.1,B,182,False,0.8895027624309392,0.8482142857142857,,0.9447513812154696,0.9868687859759285,3.4972375690607733,181
hiba,24,0.1,M1,24,False,0.9166666666666666,0.8888888888888888,0.0,1.0,1.0,3.9166666666666665,12
hiba,24,0.1,M2,214,False,0.8627450980392157,0.8511904761904762,0.029411764705882353,0.9705882352941176,0.9761904761904762,4.578431372549019,102
hiba,24,0.1,M3,23,False,0.75,0.75,0.0,1.0,1.0,4.0,8
hiba,24,0.15,B,182,False,0.8453038674033149,0.8080357142857143,,0.8287292817679558,0.9147915576487003,2.7955801104972378,181
hiba,24,0.15,M1,24,False,0.9166666666666666,0.8888888888888888,0.0,1.0,1.0,3.5,12
hiba,24,0.15,M2,214,False,0.8529411764705882,0.8392857142857143,0.049019607843137254,0.9509803921568627,0.9523809523809523,3.6372549019607843,102
hiba,24,0.15,M3,23,False,0.75,0.75,0.0,1.0,1.0,3.5,8
pad,24,0.05,B,83,False,0.9651162790697675,0.9704301075268816,,0.9534883720930233,0.9569892473118279,3.5930232558139537,86
pad,24,0.05,M1,26,False,0.9473684210526315,0.9615384615384616,0.0,1.0,1.0,4.473684210526316,19
pad,24,0.05,M2,141,False,0.9523809523809523,0.945,0.007936507936507936,0.9920634920634921,0.99,4.166666666666667,126
pad,24,0.05,M3,61,False,0.9636363636363636,0.95,0.0,1.0,1.0,4.3090909090909095,55
pad,24,0.05,M4,8,True,1.0,1.0,0.0,1.0,1.0,5.5,6
pad,24,0.05,M5,2,True,1.0,1.0,0.0,1.0,1.0,6.0,1
pad,24,0.1,B,83,False,0.9418604651162791,0.9381720430107526,,0.8953488372093024,0.8951612903225806,3.116279069767442,86
pad,24,0.1,M1,26,False,0.9473684210526315,0.9615384615384616,0.0,1.0,1.0,3.789473684210526,19
pad,24,0.1,M2,141,False,0.9126984126984127,0.895,0.023809523809523808,0.9761904761904762,0.97,3.5714285714285716,126
pad,24,0.1,M3,61,False,0.9636363636363636,0.95,0.0,1.0,1.0,3.7818181818181817,55
pad,24,0.1,M4,8,True,1.0,1.0,0.0,1.0,1.0,4.833333333333333,6
pad,24,0.1,M5,2,True,1.0,1.0,0.0,1.0,1.0,5.0,1
pad,24,0.15,B,83,False,0.8837209302325582,0.8870967741935483,,0.9186046511627907,0.9139784946236559,2.5813953488372094,86
pad,24,0.15,M1,26,False,0.9473684210526315,0.9615384615384616,0.0,1.0,1.0,3.1052631578947367,19
pad,24,0.15,M2,141,False,0.8650793650793651,0.86,0.03968253968253968,0.9603174603174603,0.96,3.0,126
pad,24,0.15,M3,61,False,0.9636363636363636,0.95,0.0,1.0,1.0,3.2545454545454544,55
pad,24,0.15,M4,8,False,1.0,1.0,0.0,1.0,1.0,3.6666666666666665,6
pad,24,0.15,M5,2,True,1.0,1.0,0.0,1.0,1.0,4.0,1
hiba,25,0.05,B,184,False,0.9642857142857143,0.9349593495934958,,1.0,1.0,5.408163265306122,196
hiba,25,0.05,M1,24,False,1.0,1.0,0.0,1.0,1.0,5.428571428571429,14
hiba,25,0.05,M2,211,False,0.9807692307692307,0.9827586206896551,0.0,1.0,1.0,6.038461538461538,104
hiba,25,0.05,M3,24,False,0.875,0.8571428571428571,0.0,1.0,1.0,5.5,8
hiba,25,0.1,B,184,False,0.9540816326530612,0.9258130081300812,,0.9591836734693877,0.9737127371273712,3.979591836734694,196
hiba,25,0.1,M1,24,False,1.0,1.0,0.0,1.0,1.0,4.571428571428571,14
hiba,25,0.1,M2,211,False,0.9423076923076923,0.9482758620689655,0.019230769230769232,0.9807692307692307,0.9885057471264368,4.9326923076923075,104
hiba,25,0.1,M3,24,False,0.625,0.6428571428571429,0.0,1.0,1.0,3.875,8
hiba,25,0.15,B,184,False,0.8979591836734694,0.8620934959349593,,0.8673469387755102,0.8996951219512196,2.954081632653061,196
hiba,25,0.15,M1,24,False,1.0,1.0,0.0,1.0,1.0,3.7857142857142856,14
hiba,25,0.15,M2,211,False,0.8269230769230769,0.8448275862068966,0.038461538461538464,0.9615384615384616,0.9655172413793104,3.875,104
hiba,25,0.15,M3,24,False,0.625,0.6428571428571429,0.0,1.0,1.0,3.5,8
pad,25,0.05,B,88,False,0.918918918918919,0.9239766081871346,,0.9594594594594594,0.9678362573099416,3.5135135135135136,74
pad,25,0.05,M1,21,False,0.96,0.9722222222222222,0.0,1.0,1.0,4.0,25
pad,25,0.05,M2,150,False,0.9316239316239316,0.9230769230769231,0.0,1.0,1.0,3.9316239316239314,117
pad,25,0.05,M3,55,False,0.9666666666666667,0.9565217391304348,0.016666666666666666,0.9833333333333333,0.9782608695652174,4.083333333333333,60
pad,25,0.05,M4,8,True,1.0,1.0,0.0,1.0,1.0,5.285714285714286,7
pad,25,0.05,M5,2,True,1.0,1.0,0.0,1.0,1.0,6.0,1
pad,25,0.1,B,88,False,0.8513513513513513,0.8567251461988304,,0.9054054054054054,0.8947368421052632,2.7567567567567566,74
pad,25,0.1,M1,21,False,0.88,0.8611111111111112,0.04,0.96,0.9444444444444444,3.0,25
pad,25,0.1,M2,150,False,0.811965811965812,0.8095238095238095,0.02564102564102564,0.9743589743589743,0.978021978021978,3.0427350427350426,117
pad,25,0.1,M3,55,False,0.9333333333333333,0.9275362318840581,0.016666666666666666,0.9833333333333333,0.9782608695652174,3.45,60
pad,25,0.1,M4,8,True,1.0,1.0,0.0,1.0,1.0,4.571428571428571,7
pad,25,0.1,M5,2,True,1.0,1.0,0.0,1.0,1.0,6.0,1
pad,25,0.15,B,88,False,0.8378378378378378,0.8391812865497077,,0.8513513513513513,0.8362573099415206,2.364864864864865,74
pad,25,0.15,M1,21,False,0.72,0.7222222222222222,0.12,0.88,0.8611111111111112,2.36,25
pad,25,0.15,M2,150,False,0.7948717948717948,0.7875457875457876,0.017094017094017096,0.9829059829059829,0.9835164835164835,2.8290598290598292,117
pad,25,0.15,M3,55,False,0.9,0.8949275362318841,0.016666666666666666,0.9833333333333333,0.9782608695652174,3.2,60
pad,25,0.15,M4,8,False,1.0,1.0,0.0,1.0,1.0,3.857142857142857,7
pad,25,0.15,M5,2,True,1.0,1.0,0.0,1.0,1.0,6.0,1
hiba,26,0.05,B,183,False,0.9540229885057471,0.9141566265060241,,1.0,1.0,5.501915708812261,261
hiba,26,0.05,M1,24,False,1.0,1.0,0.0,1.0,1.0,6.0625,16
hiba,26,0.05,M2,209,False,0.9743589743589743,0.9719101123595506,0.0,1.0,1.0,6.068376068376068,117
hiba,26,0.05,M3,25,False,1.0,1.0,0.0,1.0,1.0,6.090909090909091,11
hiba,26,0.1,B,183,False,0.9195402298850575,0.8560240963855421,,0.9731800766283525,0.9952954675846242,3.8582375478927204,261
hiba,26,0.1,M1,24,False,1.0,1.0,0.0,1.0,1.0,5.1875,16
hiba,26,0.1,M2,209,False,0.9316239316239316,0.9325842696629213,0.02564102564102564,0.9743589743589743,0.9831460674157303,4.794871794871795,117
hiba,26,0.1,M3,25,False,1.0,1.0,0.0,1.0,1.0,4.818181818181818,11
hiba,26,0.15,B,183,False,0.8773946360153256,0.7915603590833924,,0.8812260536398467,0.945778351501243,2.9195402298850577,261
hiba,26,0.15,M1,24,False,0.875,0.925925925925926,0.0625,0.9375,0.9629629629629629,3.6875,16
hiba,26,0.15,M2,209,False,0.8888888888888888,0.9007490636704119,0.02564102564102564,0.9743589743589743,0.9831460674157303,3.8205128205128207,117
hiba,26,0.15,M3,25,False,1.0,1.0,0.0,1.0,1.0,4.181818181818182,11
pad,26,0.05,B,96,False,0.9193548387096774,0.9081632653061225,,0.9193548387096774,0.935374149659864,3.7903225806451615,62
pad,26,0.05,M1,22,False,1.0,1.0,0.0,1.0,1.0,4.275862068965517,29
pad,26,0.05,M2,143,False,0.9508196721311475,0.9591836734693877,0.00819672131147541,0.9918032786885246,0.9897959183673469,4.008196721311475,122
pad,26,0.05,M3,52,False,0.9855072463768116,0.9795918367346939,0.0,1.0,1.0,4.130434782608695,69
pad,26,0.05,M4,7,True,1.0,1.0,0.0,1.0,1.0,5.25,8
pad,26,0.1,B,96,False,0.8548387096774194,0.8639455782312926,,0.9032258064516129,0.9013605442176872,3.1451612903225805,62
pad,26,0.1,M1,22,False,0.7931034482758621,0.7450980392156863,0.06896551724137931,0.9310344827586207,0.9117647058823529,3.0,29
pad,26,0.1,M2,143,False,0.8852459016393442,0.8979591836734694,0.02459016393442623,0.9754098360655737,0.9693877551020408,3.19672131147541,122
pad,26,0.1,M3,52,False,0.9855072463768116,0.9795918367346939,0.0,1.0,1.0,3.463768115942029,69
pad,26,0.1,M4,7,True,1.0,1.0,0.0,1.0,1.0,4.625,8
pad,26,0.15,B,96,False,0.8225806451612904,0.8333333333333334,,0.8870967741935484,0.8911564625850341,2.596774193548387,62
pad,26,0.15,M1,22,False,0.7931034482758621,0.7450980392156863,0.10344827586206896,0.896551724137931,0.8529411764705882,2.689655172413793,29
pad,26,0.15,M2,143,False,0.819672131147541,0.8316326530612245,0.03278688524590164,0.9672131147540983,0.9642857142857143,2.901639344262295,122
pad,26,0.15,M3,52,False,0.9855072463768116,0.9795918367346939,0.0,1.0,1.0,3.2318840579710146,69
pad,26,0.15,M4,7,False,0.875,0.8571428571428571,0.0,1.0,1.0,3.25,8
hiba,27,0.05,B,187,False,0.9812734082397003,0.9651898734177216,,1.0,1.0,5.8389513108614235,267
hiba,27,0.05,M1,26,False,1.0,1.0,0.0,1.0,1.0,6.461538461538462,13
hiba,27,0.05,M2,209,False,0.8990825688073395,0.8932584269662921,0.0,1.0,1.0,6.431192660550459,109
hiba,27,0.05,M3,21,False,1.0,1.0,0.0,1.0,1.0,6.5,10
hiba,27,0.1,B,187,False,0.9363295880149812,0.8829113924050633,,0.947565543071161,0.9600361663652802,3.644194756554307,267
hiba,27,0.1,M1,26,False,0.9230769230769231,0.9285714285714286,0.0,1.0,1.0,3.8461538461538463,13
hiba,27,0.1,M2,209,False,0.8623853211009175,0.8595505617977528,0.01834862385321101,0.981651376146789,0.9887640449438202,4.651376146788991,109
hiba,27,0.1,M3,21,False,1.0,1.0,0.0,1.0,1.0,4.9,10
hiba,27,0.15,B,187,False,0.8913857677902621,0.8072784810126581,,0.8426966292134831,0.8805856941932891,2.7677902621722845,267
hiba,27,0.15,M1,26,False,0.9230769230769231,0.9285714285714286,0.0,1.0,1.0,2.769230769230769,13
hiba,27,0.15,M2,209,False,0.8256880733944955,0.8333333333333333,0.01834862385321101,0.981651376146789,0.9887640449438202,3.688073394495413,109
hiba,27,0.15,M3,21,False,1.0,1.0,0.0,1.0,1.0,4.1,10
pad,27,0.05,B,84,False,0.9230769230769231,0.9207650273224044,,0.9487179487179487,0.9562841530054645,3.858974358974359,78
pad,27,0.05,M1,18,True,1.0,1.0,0.0,1.0,1.0,4.666666666666667,30
pad,27,0.05,M2,150,False,0.9469026548672567,0.9505494505494505,0.008849557522123894,0.9911504424778761,0.989010989010989,3.769911504424779,113
pad,27,0.05,M3,64,False,0.9130434782608695,0.8918918918918919,0.021739130434782608,0.9782608695652174,0.972972972972973,3.5217391304347827,46
pad,27,0.05,M4,10,True,1.0,1.0,0.0,1.0,1.0,5.25,4
pad,27,0.1,B,84,False,0.8846153846153846,0.901639344262295,,0.9102564102564102,0.9262295081967212,3.1153846153846154,78
pad,27,0.1,M1,18,False,1.0,1.0,0.0,1.0,1.0,3.433333333333333,30
pad,27,0.1,M2,150,False,0.8053097345132744,0.8150183150183151,0.07079646017699115,0.9292035398230089,0.9285714285714286,2.84070796460177,113
pad,27,0.1,M3,64,False,0.8913043478260869,0.8648648648648649,0.043478260869565216,0.9565217391304348,0.9459459459459459,2.782608695652174,46
pad,27,0.1,M4,10,False,1.0,1.0,0.0,1.0,1.0,4.25,4
pad,27,0.15,B,84,False,0.8461538461538461,0.8715846994535519,,0.9102564102564102,0.9262295081967213,2.6666666666666665,78
pad,27,0.15,M1,18,False,0.9666666666666667,0.9523809523809523,0.03333333333333333,0.9666666666666667,0.9523809523809523,3.1,30
pad,27,0.15,M2,150,False,0.7699115044247787,0.7793040293040293,0.061946902654867256,0.9380530973451328,0.9340659340659341,2.601769911504425,113
pad,27,0.15,M3,64,False,0.7391304347826086,0.7117117117117117,0.08695652173913043,0.9130434782608695,0.8918918918918919,2.4782608695652173,46
pad,27,0.15,M4,10,False,1.0,1.0,0.0,1.0,1.0,4.25,4
hiba,28,0.05,B,190,False,0.9814814814814815,0.9736842105263158,,1.0,1.0,6.216049382716049,162
hiba,28,0.05,M1,19,False,1.0,1.0,0.0,1.0,1.0,6.136363636363637,22
hiba,28,0.05,M2,207,False,0.956140350877193,0.9505494505494505,0.0,1.0,1.0,6.614035087719298,114
hiba,28,0.05,M3,23,False,1.0,1.0,0.0,1.0,1.0,6.666666666666667,15
hiba,28,0.1,B,190,False,0.9753086419753086,0.9671052631578947,,0.9814814814814815,0.9940660474716202,4.339506172839506,162
hiba,28,0.1,M1,19,False,1.0,1.0,0.0,1.0,1.0,4.863636363636363,22
hiba,28,0.1,M2,207,False,0.9122807017543859,0.8956043956043956,0.0,1.0,1.0,4.964912280701754,114
hiba,28,0.1,M3,23,False,1.0,1.0,0.0,1.0,1.0,4.8,15
hiba,28,0.15,B,190,False,0.9382716049382716,0.8881578947368421,,0.9012345679012346,0.941047471620227,3.493827160493827,162
hiba,28,0.15,M1,19,False,0.9090909090909091,0.9523809523809524,0.0,1.0,1.0,3.8636363636363638,22
hiba,28,0.15,M2,207,False,0.8333333333333334,0.8241758241758241,0.008771929824561403,0.9912280701754386,0.989010989010989,4.192982456140351,114
hiba,28,0.15,M3,23,False,0.8666666666666667,0.75,0.0,1.0,1.0,3.933333333333333,15
pad,28,0.05,B,82,False,0.9512195121951219,0.9523809523809523,,0.9390243902439024,0.9523809523809523,3.7439024390243905,82
pad,28,0.05,M1,25,False,1.0,1.0,0.0,1.0,1.0,4.052631578947368,19
pad,28,0.05,M2,145,False,0.9516129032258065,0.9583333333333334,0.008064516129032258,0.9919354838709677,0.9895833333333334,4.137096774193548,124
pad,28,0.05,M3,52,False,1.0,1.0,0.0,1.0,1.0,4.60655737704918,61
pad,28,0.05,M4,8,True,1.0,1.0,0.0,1.0,1.0,5.142857142857143,7
pad,28,0.05,M5,3,True,,,,,,,0
pad,28,0.1,B,82,False,0.7439024390243902,0.7407407407407407,,0.9146341463414634,0.9259259259259259,2.5853658536585367,82
pad,28,0.1,M1,25,False,1.0,1.0,0.0,1.0,1.0,3.0526315789473686,19
pad,28,0.1,M2,145,False,0.9032258064516129,0.9166666666666666,0.008064516129032258,0.9919354838709677,0.9895833333333334,2.975806451612903,124
pad,28,0.1,M3,52,False,0.9344262295081968,0.9319727891156464,0.01639344262295082,0.9836065573770492,0.9795918367346939,3.2131147540983607,61
pad,28,0.1,M4,8,True,1.0,1.0,0.0,1.0,1.0,4.285714285714286,7
pad,28,0.1,M5,3,True,,,,,,,0
pad,28,0.15,B,82,False,0.7195121951219512,0.7169312169312169,,0.9146341463414634,0.9259259259259259,2.3658536585365852,82
pad,28,0.15,M1,25,False,0.8947368421052632,0.8928571428571429,0.05263157894736842,0.9473684210526315,0.9642857142857143,2.526315789473684,19
pad,28,0.15,M2,145,False,0.8709677419354839,0.8854166666666666,0.008064516129032258,0.9919354838709677,0.9895833333333334,2.7096774193548385,124
pad,28,0.15,M3,52,False,0.9180327868852459,0.9115646258503403,0.01639344262295082,0.9836065573770492,0.9795918367346939,2.8852459016393444,61
pad,28,0.15,M4,8,False,1.0,1.0,0.0,1.0,1.0,3.857142857142857,7
pad,28,0.15,M5,3,True,,,,,,,0
hiba,29,0.05,B,180,False,0.952755905511811,0.9365310077519379,,1.0,1.0,6.015748031496063,254
hiba,29,0.05,M1,23,False,1.0,1.0,0.0,1.0,1.0,5.928571428571429,14
hiba,29,0.05,M2,217,False,0.9504950495049505,0.9506172839506173,0.0,1.0,1.0,6.1683168316831685,101
hiba,29,0.05,M3,17,True,1.0,1.0,0.0,1.0,1.0,6.9411764705882355,17
hiba,29,0.1,B,180,False,0.937007874015748,0.9205426356589146,,1.0,1.0,4.346456692913386,254
hiba,29,0.1,M1,23,False,0.8571428571428571,0.9333333333333333,0.0,1.0,1.0,4.285714285714286,14
hiba,29,0.1,M2,217,False,0.9207920792079208,0.9135802469135802,0.0,1.0,1.0,4.97029702970297,101
hiba,29,0.1,M3,17,False,1.0,1.0,0.0,1.0,1.0,5.647058823529412,17
hiba,29,0.15,B,180,False,0.8937007874015748,0.8425387596899224,,0.8818897637795275,0.9393456995201181,3.1377952755905514,254
hiba,29,0.15,M1,23,False,0.8571428571428571,0.9333333333333333,0.0,1.0,1.0,3.5714285714285716,14
hiba,29,0.15,M2,217,False,0.8415841584158416,0.8600823045267488,0.0,1.0,1.0,3.9702970297029703,101
hiba,29,0.15,M3,17,False,1.0,1.0,0.0,1.0,1.0,4.470588235294118,17
pad,29,0.05,B,88,False,0.9428571428571428,0.9502923976608187,,0.9571428571428572,0.9473684210526315,3.942857142857143,70
pad,29,0.05,M1,23,False,1.0,1.0,0.0,1.0,1.0,4.380952380952381,21
pad,29,0.05,M2,130,False,0.9111111111111111,0.9054054054054054,0.014814814814814815,0.9851851851851852,0.9819819819819819,3.9703703703703703,135
pad,29,0.05,M3,65,False,0.9333333333333333,0.9166666666666666,0.022222222222222223,0.9777777777777777,0.9722222222222222,3.977777777777778,45
pad,29,0.05,M4,8,True,1.0,1.0,0.0,1.0,1.0,5.285714285714286,7
pad,29,0.05,M5,2,True,1.0,1.0,0.0,1.0,1.0,5.0,1
pad,29,0.1,B,88,False,0.8428571428571429,0.8538011695906432,,0.9142857142857143,0.9035087719298246,3.1,70
pad,29,0.1,M1,23,False,1.0,1.0,0.0,1.0,1.0,3.380952380952381,21
pad,29,0.1,M2,130,False,0.8296296296296296,0.8378378378378378,0.037037037037037035,0.9629629629629629,0.963963963963964,2.8962962962962964,135
pad,29,0.1,M3,65,False,0.8888888888888888,0.875,0.022222222222222223,0.9777777777777777,0.9722222222222222,3.2,45
pad,29,0.1,M4,8,True,1.0,1.0,0.0,1.0,1.0,4.285714285714286,7
pad,29,0.1,M5,2,True,1.0,1.0,0.0,1.0,1.0,4.0,1
pad,29,0.15,B,88,False,0.8,0.8011695906432749,,0.8857142857142857,0.9093567251461987,2.6857142857142855,70
pad,29,0.15,M1,23,False,1.0,1.0,0.0,1.0,1.0,3.142857142857143,21
pad,29,0.15,M2,130,False,0.8,0.8018018018018018,0.02962962962962963,0.9703703703703703,0.9684684684684685,2.577777777777778,135
pad,29,0.15,M3,65,False,0.8,0.7916666666666666,0.044444444444444446,0.9555555555555556,0.9444444444444444,2.7111111111111112,45
pad,29,0.15,M4,8,False,1.0,1.0,0.0,1.0,1.0,3.857142857142857,7
pad,29,0.15,M5,2,True,1.0,1.0,0.0,1.0,1.0,4.0,1
hiba,30,0.05,B,190,False,0.9692982456140351,0.9320175438596493,,1.0,1.0,5.907894736842105,228
hiba,30,0.05,M1,24,False,1.0,1.0,0.0,1.0,1.0,6.578947368421052,19
hiba,30,0.05,M2,205,False,0.9642857142857143,0.9695340501792116,0.0,1.0,1.0,6.339285714285714,112
hiba,30,0.05,M3,20,False,1.0,1.0,0.0,1.0,1.0,6.5,12
hiba,30,0.1,B,190,False,0.956140350877193,0.9100877192982455,,0.956140350877193,0.9695576611211286,4.004385964912281,228
hiba,30,0.1,M1,24,False,1.0,1.0,0.0,1.0,1.0,4.631578947368421,19
hiba,30,0.1,M2,205,False,0.8571428571428571,0.8512544802867384,0.026785714285714284,0.9732142857142857,0.978494623655914,4.642857142857143,112
hiba,30,0.1,M3,20,False,0.9166666666666666,0.9090909090909091,0.0,1.0,1.0,4.666666666666667,12
hiba,30,0.15,B,190,False,0.9122807017543859,0.8185307017543859,,0.8464912280701754,0.9274022868256614,3.0482456140350878,228
hiba,30,0.15,M1,24,False,1.0,1.0,0.0,1.0,1.0,4.157894736842105,19
hiba,30,0.15,M2,205,False,0.7946428571428571,0.7948028673835125,0.044642857142857144,0.9553571428571429,0.956989247311828,3.7142857142857144,112
hiba,30,0.15,M3,20,False,0.8333333333333334,0.8181818181818182,0.0,1.0,1.0,4.0,12
pad,30,0.05,B,93,False,0.9571428571428572,0.9519230769230769,,0.9428571428571428,0.9615384615384616,3.6285714285714286,70
pad,30,0.05,M1,22,False,1.0,1.0,0.0,1.0,1.0,4.08,25
pad,30,0.05,M2,147,False,0.9557522123893806,0.9521276595744681,0.0,1.0,1.0,4.345132743362832,113
pad,30,0.05,M3,64,False,1.0,1.0,0.0,1.0,1.0,4.32,50
pad,30,0.05,M4,8,True,1.0,1.0,0.0,1.0,1.0,5.285714285714286,7
pad,30,0.05,M5,1,True,1.0,1.0,0.0,1.0,1.0,5.5,2
pad,30,0.1,B,93,False,0.8714285714285714,0.8717948717948718,,0.8714285714285714,0.8878205128205128,2.914285714285714,70
pad,30,0.1,M1,22,False,1.0,1.0,0.0,1.0,1.0,3.08,25
pad,30,0.1,M2,147,False,0.9380530973451328,0.9308510638297872,0.017699115044247787,0.9823008849557522,0.9787234042553191,3.3893805309734515,113
pad,30,0.1,M3,64,False,0.86,0.8333333333333333,0.04,0.96,0.9459459459459459,3.18,50
pad,30,0.1,M4,8,True,1.0,1.0,0.0,1.0,1.0,4.285714285714286,7
pad,30,0.1,M5,1,True,1.0,1.0,0.0,1.0,1.0,5.0,2
pad,30,0.15,B,93,False,0.8428571428571429,0.858974358974359,,0.8428571428571429,0.8621794871794872,2.414285714285714,70
pad,30,0.15,M1,22,False,1.0,1.0,0.0,1.0,1.0,2.84,25
pad,30,0.15,M2,147,False,0.8407079646017699,0.824468085106383,0.02654867256637168,0.9734513274336283,0.9680851063829787,2.893805309734513,113
pad,30,0.15,M3,64,False,0.84,0.8063063063063063,0.06,0.94,0.918918918918919,2.98,50
pad,30,0.15,M4,8,False,1.0,1.0,0.0,1.0,1.0,3.7142857142857144,7
pad,30,0.15,M5,1,True,1.0,1.0,0.0,1.0,1.0,5.0,2
hiba,31,0.05,B,181,False,0.9631578947368421,0.9441176470588235,,1.0,1.0,6.226315789473684,190
hiba,31,0.05,M1,25,False,1.0,1.0,0.0,1.0,1.0,5.928571428571429,14
hiba,31,0.05,M2,209,False,0.991304347826087,0.9887640449438202,0.0,1.0,1.0,6.626086956521739,115
hiba,31,0.05,M3,25,False,1.0,1.0,0.0,1.0,1.0,6.5,6
hiba,31,0.1,B,181,False,0.9368421052631579,0.9264705882352942,,0.9894736842105263,0.9973856209150326,4.8052631578947365,190
hiba,31,0.1,M1,25,False,0.7142857142857143,0.8541666666666666,0.0,1.0,1.0,4.785714285714286,14
hiba,31,0.1,M2,209,False,0.9652173913043478,0.9691011235955056,0.0,1.0,1.0,5.417391304347826,115
hiba,31,0.1,M3,25,False,1.0,1.0,0.0,1.0,1.0,5.333333333333333,6
hiba,31,0.15,B,181,False,0.9105263157894737,0.8947058823529411,,0.9421052631578948,0.9730392156862745,3.789473684210526,190
hiba,31,0.15,M1,25,False,0.7142857142857143,0.8541666666666666,0.0,1.0,1.0,3.7857142857142856,14
hiba,31,0.15,M2,209,False,0.9391304347826087,0.9353932584269663,0.0,1.0,1.0,4.443478260869565,115
hiba,31,0.15,M3,25,False,1.0,1.0,0.0,1.0,1.0,4.666666666666667,6
pad,31,0.05,B,90,False,0.9210526315789473,0.9121212121212122,,0.9605263157894737,0.9636363636363636,3.8552631578947367,76
pad,31,0.05,M1,21,False,0.9354838709677419,0.9166666666666666,0.0,1.0,1.0,3.806451612903226,31
pad,31,0.05,M2,139,False,0.9920634920634921,0.9950980392156863,0.0,1.0,1.0,4.317460317460317,126
pad,31,0.05,M3,61,False,0.9285714285714286,0.9166666666666667,0.0,1.0,1.0,3.642857142857143,56
pad,31,0.05,M4,7,True,1.0,1.0,0.0,1.0,1.0,5.285714285714286,7
pad,31,0.05,M5,1,True,1.0,1.0,0.0,1.0,1.0,5.5,2
pad,31,0.1,B,90,False,0.8947368421052632,0.8878787878787878,,0.9210526315789473,0.9333333333333332,3.1973684210526314,76
pad,31,0.1,M1,21,False,0.9354838709677419,0.9166666666666666,0.0,1.0,1.0,3.129032258064516,31
pad,31,0.1,M2,139,False,0.9047619047619048,0.9117647058823529,0.0,1.0,1.0,3.357142857142857,126
pad,31,0.1,M3,61,False,0.9285714285714286,0.9166666666666667,0.0,1.0,1.0,3.1785714285714284,56
pad,31,0.1,M4,7,True,1.0,1.0,0.0,1.0,1.0,4.714285714285714,7
pad,31,0.1,M5,1,True,1.0,1.0,0.0,1.0,1.0,5.0,2
pad,31,0.15,B,90,False,0.8421052631578947,0.8454545454545455,,0.9078947368421053,0.9242424242424243,2.6842105263157894,76
pad,31,0.15,M1,21,False,0.8387096774193549,0.8425925925925927,0.06451612903225806,0.9354838709677419,0.9444444444444444,2.5806451612903225,31
pad,31,0.15,M2,139,False,0.8412698412698413,0.8594771241830065,0.007936507936507936,0.9920634920634921,0.9901960784313726,2.9603174603174605,126
pad,31,0.15,M3,61,False,0.8214285714285714,0.8,0.03571428571428571,0.9642857142857143,0.95,2.8035714285714284,56
pad,31,0.15,M4,7,False,0.8571428571428571,0.8571428571428571,0.0,1.0,1.0,3.2857142857142856,7
pad,31,0.15,M5,1,True,1.0,1.0,0.0,1.0,1.0,5.0,2
hiba,32,0.05,B,192,False,0.9256756756756757,0.9397522522522521,,1.0,1.0,5.358108108108108,148
hiba,32,0.05,M1,23,False,1.0,1.0,0.0,1.0,1.0,5.842105263157895,19
hiba,32,0.05,M2,205,False,0.9495798319327731,0.9587813620071685,0.0,1.0,1.0,6.07563025210084,119
hiba,32,0.05,M3,25,False,1.0,1.0,0.0,1.0,1.0,6.090909090909091,11
hiba,32,0.1,B,192,False,0.8851351351351351,0.9065315315315314,,0.9662162162162162,0.9815315315315314,3.858108108108108,148
hiba,32,0.1,M1,23,False,0.8947368421052632,0.95,0.0,1.0,1.0,4.315789473684211,19
hiba,32,0.1,M2,205,False,0.9411764705882353,0.9480286738351255,0.0,1.0,1.0,4.983193277310924,119
hiba,32,0.1,M3,25,False,1.0,1.0,0.0,1.0,1.0,4.636363636363637,11
hiba,32,0.15,B,192,False,0.8581081081081081,0.8834459459459459,,0.8716216216216216,0.934572072072072,3.168918918918919,148
hiba,32,0.15,M1,23,False,0.8947368421052632,0.95,0.0,1.0,1.0,3.6842105263157894,19
hiba,32,0.15,M2,205,False,0.9159663865546218,0.9265232974910395,0.0,1.0,1.0,4.260504201680672,119
hiba,32,0.15,M3,25,False,1.0,1.0,0.0,1.0,1.0,4.2727272727272725,11
pad,32,0.05,B,91,False,0.9726027397260274,0.9845679012345679,,0.9452054794520548,0.9506172839506173,3.8493150684931505,73
pad,32,0.05,M1,20,False,1.0,1.0,0.0,1.0,1.0,4.2592592592592595,27
pad,32,0.05,M2,143,False,0.926829268292683,0.9285714285714286,0.008130081300813009,0.991869918699187,0.9897959183673469,4.065040650406504,123
pad,32,0.05,M3,55,False,1.0,1.0,0.0,1.0,1.0,4.480769230769231,52
pad,32,0.05,M4,9,True,1.0,1.0,0.0,1.0,1.0,5.4,5
pad,32,0.05,M5,2,True,1.0,1.0,0.0,1.0,1.0,3.0,1
pad,32,0.1,B,91,False,0.9315068493150684,0.9506172839506173,,0.8767123287671232,0.8796296296296298,3.136986301369863,73
pad,32,0.1,M1,20,False,1.0,1.0,0.0,1.0,1.0,3.5185185185185186,27
pad,32,0.1,M2,143,False,0.8292682926829268,0.8367346938775511,0.032520325203252036,0.967479674796748,0.9642857142857143,3.2845528455284554,123
pad,32,0.1,M3,55,False,0.9423076923076923,0.9347826086956522,0.038461538461538464,0.9615384615384616,0.9565217391304348,3.6346153846153846,52
pad,32,0.1,M4,9,False,1.0,1.0,0.0,1.0,1.0,3.4,5
pad,32,0.1,M5,2,True,1.0,1.0,0.0,1.0,1.0,3.0,1
pad,32,0.15,B,91,False,0.9178082191780822,0.9444444444444444,,0.863013698630137,0.8703703703703702,2.7260273972602738,73
pad,32,0.15,M1,20,False,0.9259259259259259,0.8947368421052632,0.037037037037037035,0.9629629629629629,0.9473684210526315,2.8518518518518516,27
pad,32,0.15,M2,143,False,0.7560975609756098,0.7678571428571429,0.032520325203252036,0.967479674796748,0.9642857142857143,2.6260162601626016,123
pad,32,0.15,M3,55,False,0.9230769230769231,0.9239130434782609,0.038461538461538464,0.9615384615384616,0.9565217391304348,3.1538461538461537,52
pad,32,0.15,M4,9,False,1.0,1.0,0.0,1.0,1.0,3.2,5
pad,32,0.15,M5,2,True,1.0,1.0,0.0,1.0,1.0,3.0,1
hiba,33,0.05,B,188,False,0.9818840579710145,0.9487179487179487,,1.0,1.0,5.797101449275362,276
hiba,33,0.05,M1,26,False,1.0,1.0,0.0,1.0,1.0,6.538461538461538,13
hiba,33,0.05,M2,203,False,0.9316239316239316,0.9385964912280702,0.0,1.0,1.0,6.256410256410256,117
hiba,33,0.05,M3,27,False,1.0,1.0,0.0,1.0,1.0,6.8,5
hiba,33,0.1,B,188,False,0.9637681159420289,0.9188034188034186,,0.9710144927536232,0.9800272377195453,4.068840579710145,276
hiba,33,0.1,M1,26,False,0.9230769230769231,0.9642857142857143,0.0,1.0,1.0,5.153846153846154,13
hiba,33,0.1,M2,203,False,0.8803418803418803,0.8807017543859648,0.008547008547008548,0.9914529914529915,0.9947368421052631,4.7094017094017095,117
hiba,33,0.1,M3,27,False,1.0,1.0,0.0,1.0,1.0,5.4,5
hiba,33,0.15,B,188,False,0.927536231884058,0.8464743589743591,,0.8297101449275363,0.9021238377007609,2.996376811594203,276
hiba,33,0.15,M1,26,False,0.8461538461538461,0.9285714285714286,0.0,1.0,1.0,3.769230769230769,13
hiba,33,0.15,M2,203,False,0.8547008547008547,0.8614035087719297,0.03418803418803419,0.9658119658119658,0.9631578947368421,3.8205128205128207,117
hiba,33,0.15,M3,27,False,0.8,0.875,0.0,1.0,1.0,3.6,5
pad,33,0.05,B,98,False,0.9672131147540983,0.9680851063829787,,0.9508196721311475,0.9609929078014185,3.819672131147541,61
pad,33,0.05,M1,25,False,0.9523809523809523,0.9285714285714286,0.0,1.0,1.0,4.238095238095238,21
pad,33,0.05,M2,144,False,0.9349593495934959,0.9381443298969072,0.0,1.0,1.0,4.146341463414634,123
pad,33,0.05,M3,61,False,0.9615384615384616,0.95,0.0,1.0,1.0,4.038461538461538,52
pad,33,0.05,M4,6,True,1.0,1.0,0.0,1.0,1.0,5.333333333333333,9
pad,33,0.05,M5,2,True,1.0,1.0,0.0,1.0,1.0,3.0,1
pad,33,0.1,B,98,False,0.9508196721311475,0.9609929078014185,,0.9016393442622951,0.9078014184397164,3.4754098360655736,61
pad,33,0.1,M1,25,False,0.9523809523809523,0.9285714285714286,0.0,1.0,1.0,3.761904761904762,21
pad,33,0.1,M2,144,False,0.9024390243902439,0.9020618556701031,0.008130081300813009,0.991869918699187,0.9896907216494846,3.5772357723577235,123
pad,33,0.1,M3,61,False,0.9423076923076923,0.925,0.019230769230769232,0.9807692307692307,0.975,3.5384615384615383,52
pad,33,0.1,M4,6,True,1.0,1.0,0.0,1.0,1.0,4.555555555555555,9
pad,33,0.1,M5,2,True,1.0,1.0,0.0,1.0,1.0,3.0,1
pad,33,0.15,B,98,False,0.9344262295081968,0.9503546099290782,,0.8852459016393442,0.9007092198581559,3.0,61
pad,33,0.15,M1,25,False,0.9047619047619048,0.8928571428571429,0.047619047619047616,0.9523809523809523,0.9642857142857143,2.857142857142857,21
pad,33,0.15,M2,144,False,0.8780487804878049,0.8814432989690721,0.008130081300813009,0.991869918699187,0.9896907216494846,3.040650406504065,123
pad,33,0.15,M3,61,False,0.9038461538461539,0.8958333333333333,0.019230769230769232,0.9807692307692307,0.975,3.0,52
pad,33,0.15,M4,6,False,1.0,1.0,0.0,1.0,1.0,3.7777777777777777,9
pad,33,0.15,M5,2,True,1.0,1.0,0.0,1.0,1.0,3.0,1
hiba,34,0.05,B,184,False,0.933649289099526,0.9090447154471544,,1.0,1.0,5.308056872037914,211
hiba,34,0.05,M1,22,False,0.9411764705882353,0.9090909090909091,0.0,1.0,1.0,5.823529411764706,17
hiba,34,0.05,M2,208,False,0.926605504587156,0.9185185185185186,0.0,1.0,1.0,5.944954128440367,109
hiba,34,0.05,M3,28,False,0.75,0.6666666666666666,0.0,1.0,1.0,5.75,4
hiba,34,0.1,B,184,False,0.9004739336492891,0.8522357723577235,,0.9620853080568721,0.9870323675041262,3.876777251184834,211
hiba,34,0.1,M1,22,False,0.8235294117647058,0.8181818181818182,0.0,1.0,1.0,4.529411764705882,17
hiba,34,0.1,M2,208,False,0.8715596330275229,0.8629629629629628,0.01834862385321101,0.981651376146789,0.9833333333333333,4.651376146788991,109
hiba,34,0.1,M3,28,False,0.75,0.6666666666666666,0.0,1.0,1.0,4.5,4
hiba,34,0.15,B,184,False,0.8246445497630331,0.7487745098039217,,0.8720379146919431,0.9270141817959532,2.6824644549763033,211
hiba,34,0.15,M1,22,False,0.8235294117647058,0.8181818181818182,0.058823529411764705,0.9411764705882353,0.9545454545454546,3.6470588235294117,17
hiba,34,0.15,M2,208,False,0.8256880733944955,0.8129629629629629,0.045871559633027525,0.9541284403669725,0.9574074074074075,3.5045871559633026,109
hiba,34,0.15,M3,28,False,0.75,0.6666666666666666,0.0,1.0,1.0,3.75,4
pad,34,0.05,B,85,False,0.9358974358974359,0.9444444444444444,,0.9358974358974359,0.9361111111111112,3.58974358974359,78
pad,34,0.05,M1,22,False,0.9629629629629629,0.9705882352941176,0.0,1.0,1.0,4.407407407407407,27
pad,34,0.05,M2,136,False,0.9411764705882353,0.9380952380952381,0.007352941176470588,0.9926470588235294,0.9904761904761905,4.044117647058823,136
pad,34,0.05,M3,58,False,0.9454545454545454,0.9302325581395349,0.0,1.0,1.0,4.236363636363636,55
pad,34,0.05,M4,8,True,1.0,1.0,0.0,1.0,1.0,5.428571428571429,7
pad,34,0.05,M5,1,True,1.0,1.0,0.0,1.0,1.0,4.0,2
pad,34,0.1,B,85,False,0.8974358974358975,0.8944444444444444,,0.8717948717948718,0.8722222222222221,3.051282051282051,78
pad,34,0.1,M1,22,False,0.9629629629629629,0.9705882352941176,0.0,1.0,1.0,3.8518518518518516,27
pad,34,0.1,M2,136,False,0.8823529411764706,0.8666666666666667,0.022058823529411766,0.9779411764705882,0.9714285714285714,3.375,136
pad,34,0.1,M3,58,False,0.9090909090909091,0.8837209302325582,0.0,1.0,1.0,3.5272727272727273,55
pad,34,0.1,M4,8,True,1.0,1.0,0.0,1.0,1.0,5.0,7
pad,34,0.1,M5,1,True,1.0,1.0,0.0,1.0,1.0,3.5,2
pad,34,0.15,B,85,False,0.8589743589743589,0.8638888888888889,,0.8589743589743589,0.8666666666666667,2.5,78
pad,34,0.15,M1,22,False,0.8518518518518519,0.8627450980392157,0.037037037037037035,0.9629629629629629,0.9705882352941176,2.740740740740741,27
pad,34,0.15,M2,136,False,0.8308823529411765,0.8119047619047619,0.022058823529411766,0.9779411764705882,0.9714285714285714,2.838235294117647,136
pad,34,0.15,M3,58,False,0.9090909090909091,0.8837209302325582,0.0,1.0,1.0,3.036363636363636,55
pad,34,0.15,M4,8,False,0.8571428571428571,0.8333333333333334,0.0,1.0,1.0,3.142857142857143,7
pad,34,0.15,M5,1,True,1.0,1.0,0.0,1.0,1.0,3.5,2
hiba,35,0.05,B,180,False,0.9897959183673469,0.9825581395348837,,1.0,1.0,5.688775510204081,196
hiba,35,0.05,M1,23,False,0.9375,0.9,0.0,1.0,1.0,6.125,16
hiba,35,0.05,M2,211,False,0.9464285714285714,0.9559386973180077,0.0,1.0,1.0,6.517857142857143,112
hiba,35,0.05,M3,23,False,0.9230769230769231,0.875,0.0,1.0,1.0,6.153846153846154,13
hiba,35,0.1,B,180,False,0.9642857142857143,0.937984496124031,,0.9336734693877551,0.9812813497492019,3.566326530612245,196
hiba,35,0.1,M1,23,False,0.9375,0.9,0.0,1.0,1.0,5.0625,16
hiba,35,0.1,M2,211,False,0.8482142857142857,0.8553639846743295,0.008928571428571428,0.9910714285714286,0.9942528735632183,4.767857142857143,112
hiba,35,0.1,M3,23,False,0.8461538461538461,0.75,0.0,1.0,1.0,3.923076923076923,13
hiba,35,0.15,B,180,False,0.9081632653061225,0.8505813953488373,,0.7908163265306123,0.8991450068399452,2.7142857142857144,196
hiba,35,0.15,M1,23,False,0.8125,0.8,0.0625,0.9375,0.95,4.1875,16
hiba,35,0.15,M2,211,False,0.7946428571428571,0.8170498084291187,0.017857142857142856,0.9821428571428571,0.9827586206896551,3.9107142857142856,112
hiba,35,0.15,M3,23,False,0.8461538461538461,0.75,0.0,1.0,1.0,3.4615384615384617,13
pad,35,0.05,B,94,False,0.9841269841269841,0.9934640522875818,,0.9841269841269841,0.9803921568627451,4.301587301587301,63
pad,35,0.05,M1,21,False,1.0,1.0,0.0,1.0,1.0,4.916666666666667,24
pad,35,0.05,M2,143,False,0.9923076923076923,0.9897959183673469,0.0,1.0,1.0,4.746153846153846,130
pad,35,0.05,M3,60,False,0.9615384615384616,0.9512195121951219,0.019230769230769232,0.9807692307692307,0.975609756097561,4.326923076923077,52
pad,35,0.05,M4,7,True,1.0,1.0,0.0,1.0,1.0,5.428571428571429,7
pad,35,0.05,M5,1,True,1.0,1.0,0.0,1.0,1.0,6.0,2
pad,35,0.1,B,94,False,0.9523809523809523,0.954248366013072,,0.9047619047619048,0.9150326797385622,3.4603174603174605,63
pad,35,0.1,M1,21,False,1.0,1.0,0.0,1.0,1.0,4.0,24
pad,35,0.1,M2,143,False,0.9692307692307692,0.9591836734693877,0.007692307692307693,0.9923076923076923,0.9897959183673469,3.8076923076923075,130
pad,35,0.1,M3,60,False,0.9615384615384616,0.9512195121951219,0.019230769230769232,0.9807692307692307,0.975609756097561,3.6538461538461537,52
pad,35,0.1,M4,7,True,1.0,1.0,0.0,1.0,1.0,4.571428571428571,7
pad,35,0.1,M5,1,True,1.0,1.0,0.0,1.0,1.0,4.0,2
pad,35,0.15,B,94,False,0.8095238095238095,0.8202614379084968,,0.9047619047619048,0.9281045751633987,2.6984126984126986,63
pad,35,0.15,M1,21,False,1.0,1.0,0.0,1.0,1.0,3.4166666666666665,24
pad,35,0.15,M2,143,False,0.8846153846153846,0.8843537414965987,0.023076923076923078,0.9769230769230769,0.9744897959183674,2.9384615384615387,130
pad,35,0.15,M3,60,False,0.9423076923076923,0.9390243902439024,0.019230769230769232,0.9807692307692307,0.975609756097561,3.0576923076923075,52
pad,35,0.15,M4,7,False,0.7142857142857143,0.7142857142857143,0.0,1.0,1.0,2.857142857142857,7
pad,35,0.15,M5,1,True,1.0,1.0,0.0,1.0,1.0,3.5,2
hiba,36,0.05,B,186,False,0.9607843137254902,0.959375,,1.0,1.0,6.228758169934641,153
hiba,36,0.05,M1,19,False,1.0,1.0,0.0,1.0,1.0,6.363636363636363,22
hiba,36,0.05,M2,208,False,0.9915254237288136,0.9944444444444445,0.0,1.0,1.0,6.483050847457627,118
hiba,36,0.05,M3,19,False,1.0,1.0,0.0,1.0,1.0,6.666666666666667,15
hiba,36,0.1,B,186,False,0.9215686274509803,0.9364583333333334,,0.9803921568627451,0.99375,4.42483660130719,153
hiba,36,0.1,M1,19,False,1.0,1.0,0.0,1.0,1.0,4.545454545454546,22
hiba,36,0.1,M2,208,False,0.9661016949152542,0.9722222222222222,0.00847457627118644,0.9915254237288136,0.9944444444444445,5.0508474576271185,118
hiba,36,0.1,M3,19,False,1.0,1.0,0.0,1.0,1.0,5.0,15
hiba,36,0.15,B,186,False,0.8954248366013072,0.9020833333333333,,0.954248366013072,0.9744791666666666,3.712418300653595,153
hiba,36,0.15,M1,19,False,0.9090909090909091,0.9285714285714286,0.0,1.0,1.0,4.0,22
hiba,36,0.15,M2,208,False,0.9152542372881356,0.9222222222222223,0.01694915254237288,0.9830508474576272,0.9833333333333333,4.338983050847458,118
hiba,36,0.15,M3,19,False,0.9333333333333333,0.9583333333333334,0.0,1.0,1.0,4.333333333333333,15
pad,36,0.05,B,90,False,0.9565217391304348,0.9636363636363636,,0.9710144927536232,0.9757575757575758,3.898550724637681,69
pad,36,0.05,M1,24,False,1.0,1.0,0.0,1.0,1.0,4.636363636363637,22
pad,36,0.05,M2,152,False,1.0,1.0,0.0,1.0,1.0,4.435897435897436,117
pad,36,0.05,M3,57,False,1.0,1.0,0.0,1.0,1.0,4.389830508474576,59
pad,36,0.05,M4,5,True,1.0,1.0,0.0,1.0,1.0,5.2,10
pad,36,0.05,M5,2,True,1.0,1.0,0.0,1.0,1.0,5.0,1
pad,36,0.1,B,90,False,0.8985507246376812,0.9030303030303031,,0.9130434782608695,0.9242424242424242,3.0579710144927534,69
pad,36,0.1,M1,24,False,1.0,1.0,0.0,1.0,1.0,3.727272727272727,22
pad,36,0.1,M2,152,False,0.9487179487179487,0.9382022471910112,0.008547008547008548,0.9914529914529915,0.9887640449438202,3.282051282051282,117
pad,36,0.1,M3,57,False,0.9152542372881356,0.9015151515151516,0.03389830508474576,0.9661016949152542,0.9545454545454546,3.1016949152542375,59
pad,36,0.1,M4,5,True,1.0,1.0,0.0,1.0,1.0,4.2,10
pad,36,0.1,M5,2,True,1.0,1.0,0.0,1.0,1.0,4.0,1
pad,36,0.15,B,90,False,0.8405797101449275,0.8515151515151516,,0.8840579710144928,0.9090909090909092,2.652173913043478,69
pad,36,0.15,M1,24,False,1.0,1.0,0.0,1.0,1.0,3.5,22
pad,36,0.15,M2,152,False,0.9316239316239316,0.9269662921348315,0.017094017094017096,0.9829059829059829,0.9831460674157303,3.0085470085470085,117
pad,36,0.15,M3,57,False,0.8305084745762712,0.8181818181818182,0.06779661016949153,0.9322033898305084,0.9090909090909091,2.711864406779661,59
pad,36,0.15,M4,5,True,1.0,1.0,0.0,1.0,1.0,4.1,10
pad,36,0.15,M5,2,True,1.0,1.0,0.0,1.0,1.0,4.0,1
hiba,37,0.05,B,192,False,0.9679144385026738,0.9391891891891891,,1.0,1.0,5.967914438502674,187
hiba,37,0.05,M1,24,False,1.0,1.0,0.0,1.0,1.0,6.0588235294117645,17
hiba,37,0.05,M2,209,False,0.9537037037037037,0.949438202247191,0.0,1.0,1.0,6.314814814814815,108
hiba,37,0.05,M3,21,False,1.0,1.0,0.0,1.0,1.0,6.4375,16
hiba,37,0.1,B,192,False,0.9625668449197861,0.9346846846846848,,0.9679144385026738,0.9786902286902286,4.251336898395722,187
hiba,37,0.1,M1,24,False,0.5294117647058824,0.537037037037037,0.0,1.0,1.0,4.0588235294117645,17
hiba,37,0.1,M2,209,False,0.9444444444444444,0.9382022471910112,0.0,1.0,1.0,5.018518518518518,108
hiba,37,0.1,M3,21,False,1.0,1.0,0.0,1.0,1.0,4.8125,16
hiba,37,0.15,B,192,False,0.93048128342246,0.8637387387387389,,0.9090909090909091,0.9230769230769232,3.3957219251336896,187
hiba,37,0.15,M1,24,False,0.47058823529411764,0.42592592592592593,0.11764705882352941,0.8823529411764706,0.7777777777777778,3.235294117647059,17
hiba,37,0.15,M2,209,False,0.9074074074074074,0.9044943820224719,0.009259259259259259,0.9907407407407407,0.9887640449438202,4.231481481481482,108
hiba,37,0.15,M3,21,False,0.9375,0.95,0.0,1.0,1.0,3.875,16
pad,37,0.05,B,99,False,0.9836065573770492,0.9782608695652174,,0.9344262295081968,0.9710144927536233,3.8360655737704916,61
pad,37,0.05,M1,18,True,1.0,1.0,0.0,1.0,1.0,4.862068965517241,29
pad,37,0.05,M2,155,False,0.9814814814814815,0.9883720930232558,0.0,1.0,1.0,4.333333333333333,108
pad,37,0.05,M3,60,False,1.0,1.0,0.0,1.0,1.0,4.260869565217392,46
pad,37,0.05,M4,11,True,1.0,1.0,0.0,1.0,1.0,5.333333333333333,3
pad,37,0.05,M5,1,True,1.0,1.0,0.0,1.0,1.0,5.5,2
pad,37,0.1,B,99,False,0.8852459016393442,0.8913043478260869,,0.9016393442622951,0.9420289855072465,2.918032786885246,61
pad,37,0.1,M1,18,False,0.896551724137931,0.8809523809523809,0.034482758620689655,0.9655172413793104,0.9523809523809523,3.2413793103448274,29
pad,37,0.1,M2,155,False,0.8981481481481481,0.8953488372093024,0.009259259259259259,0.9907407407407407,0.9883720930232558,3.0833333333333335,108
pad,37,0.1,M3,60,False,1.0,1.0,0.0,1.0,1.0,3.5,46
pad,37,0.1,M4,11,False,0.6666666666666666,0.6666666666666666,0.0,1.0,1.0,3.3333333333333335,3
pad,37,0.1,M5,1,True,1.0,1.0,0.0,1.0,1.0,5.0,2
pad,37,0.15,B,99,False,0.8360655737704918,0.8659420289855071,,0.9016393442622951,0.9275362318840581,2.5245901639344264,61
pad,37,0.15,M1,18,False,0.7931034482758621,0.8174603174603173,0.06896551724137931,0.9310344827586207,0.9285714285714286,2.6551724137931036,29
pad,37,0.15,M2,155,False,0.8240740740740741,0.8255813953488372,0.027777777777777776,0.9722222222222222,0.9767441860465116,2.759259259259259,108
pad,37,0.15,M3,60,False,0.9565217391304348,0.9512195121951219,0.021739130434782608,0.9782608695652174,0.975609756097561,3.217391304347826,46
pad,37,0.15,M4,11,False,0.6666666666666666,0.6666666666666666,0.0,1.0,1.0,3.0,3
pad,37,0.15,M5,1,True,1.0,1.0,0.0,1.0,1.0,5.0,2
hiba,38,0.05,B,181,False,0.9819819819819819,0.9735294117647059,,1.0,1.0,6.085585585585585,222
hiba,38,0.05,M1,24,False,1.0,1.0,0.0,1.0,1.0,6.0625,16
hiba,38,0.05,M2,203,False,0.96875,0.968421052631579,0.0,1.0,1.0,6.5625,128
hiba,38,0.05,M3,23,False,1.0,1.0,0.0,1.0,1.0,6.777777777777778,9
hiba,38,0.1,B,181,False,0.9459459459459459,0.9401960784313724,,0.963963963963964,0.9621848739495797,4.076576576576577,222
hiba,38,0.1,M1,24,False,0.625,0.5925925925925926,0.0,1.0,1.0,3.9375,16
hiba,38,0.1,M2,203,False,0.9453125,0.9421052631578948,0.0,1.0,1.0,4.9140625,128
hiba,38,0.1,M3,23,False,1.0,1.0,0.0,1.0,1.0,5.333333333333333,9
hiba,38,0.15,B,181,False,0.918918918918919,0.8946078431372548,,0.8783783783783784,0.9337768440709617,3.328828828828829,222
hiba,38,0.15,M1,24,False,0.625,0.5925925925925926,0.0,1.0,1.0,3.375,16
hiba,38,0.15,M2,203,False,0.90625,0.9052631578947369,0.0,1.0,1.0,4.28125,128
hiba,38,0.15,M3,23,False,0.8888888888888888,0.9375,0.0,1.0,1.0,4.555555555555555,9
pad,38,0.05,B,86,False,0.918918918918919,0.9152542372881356,,0.9459459459459459,0.9548022598870056,3.810810810810811,74
pad,38,0.05,M1,25,False,1.0,1.0,0.0,1.0,1.0,4.095238095238095,21
pad,38,0.05,M2,142,False,0.968503937007874,0.9747474747474747,0.0,1.0,1.0,3.8818897637795278,127
pad,38,0.05,M3,67,False,1.0,1.0,0.0,1.0,1.0,4.069767441860465,43
pad,38,0.05,M4,10,True,1.0,1.0,0.0,1.0,1.0,4.5,4
pad,38,0.05,M5,2,True,1.0,1.0,0.0,1.0,1.0,5.0,1
pad,38,0.1,B,86,False,0.8648648648648649,0.8785310734463276,,0.8783783783783784,0.8898305084745762,3.135135135135135,74
pad,38,0.1,M1,25,False,0.9523809523809523,0.9285714285714286,0.0,1.0,1.0,3.4285714285714284,21
pad,38,0.1,M2,142,False,0.9133858267716536,0.9141414141414141,0.0,1.0,1.0,3.1102362204724407,127
pad,38,0.1,M3,67,False,0.9767441860465116,0.9901960784313727,0.0,1.0,1.0,3.4186046511627906,43
pad,38,0.1,M4,10,False,1.0,1.0,0.0,1.0,1.0,3.0,4
pad,38,0.1,M5,2,True,1.0,1.0,0.0,1.0,1.0,4.0,1
pad,38,0.15,B,86,False,0.8513513513513513,0.8728813559322034,,0.8918918918918919,0.8954802259887005,2.9054054054054053,74
pad,38,0.15,M1,25,False,0.9523809523809523,0.9285714285714286,0.0,1.0,1.0,3.3333333333333335,21
pad,38,0.15,M2,142,False,0.8818897637795275,0.8838383838383839,0.007874015748031496,0.9921259842519685,0.98989898989899,2.858267716535433,127
pad,38,0.15,M3,67,False,0.9534883720930233,0.9607843137254903,0.023255813953488372,0.9767441860465116,0.9705882352941176,3.1627906976744184,43
pad,38,0.15,M4,10,False,1.0,1.0,0.0,1.0,1.0,3.0,4
pad,38,0.15,M5,2,True,1.0,1.0,0.0,1.0,1.0,4.0,1
hiba,39,0.05,B,183,False,0.9957081545064378,0.9879518072289156,,1.0,1.0,5.733905579399142,233
hiba,39,0.05,M1,26,False,1.0,1.0,0.0,1.0,1.0,6.7,10
hiba,39,0.05,M2,211,False,0.9090909090909091,0.9022988505747126,0.0,1.0,1.0,6.836363636363636,110
hiba,39,0.05,M3,23,False,0.9285714285714286,0.875,0.0,1.0,1.0,6.357142857142857,14
hiba,39,0.1,B,183,False,0.9785407725321889,0.965863453815261,,0.9871244635193133,0.9927710843373493,3.866952789699571,233
hiba,39,0.1,M1,26,False,1.0,1.0,0.0,1.0,1.0,5.7,10
hiba,39,0.1,M2,211,False,0.7727272727272727,0.7691570881226053,0.0,1.0,1.0,5.036363636363636,110
hiba,39,0.1,M3,23,False,0.8571428571428571,0.75,0.0,1.0,1.0,4.0,14
hiba,39,0.15,B,183,False,0.9356223175965666,0.8649598393574298,,0.8240343347639485,0.8836919104991394,2.7896995708154506,233
hiba,39,0.15,M1,26,False,1.0,1.0,0.0,1.0,1.0,4.1,10
hiba,39,0.15,M2,211,False,0.7363636363636363,0.728927203065134,0.02727272727272727,0.9727272727272728,0.9655172413793104,4.0636363636363635,110
hiba,39,0.15,M3,23,False,0.8571428571428571,0.75,0.0,1.0,1.0,3.5714285714285716,14
pad,39,0.05,B,77,False,0.9764705882352941,0.9803921568627452,,0.9764705882352941,0.980392156862745,4.152941176470589,85
pad,39,0.05,M1,27,False,0.9545454545454546,0.9583333333333334,0.0,1.0,1.0,4.318181818181818,22
pad,39,0.05,M2,129,False,0.9647887323943662,0.96875,0.0,1.0,1.0,4.316901408450704,142
pad,39,0.05,M3,55,False,0.9830508474576272,0.9782608695652174,0.0,1.0,1.0,4.4576271186440675,59
pad,39,0.05,M4,8,True,1.0,1.0,0.0,1.0,1.0,5.714285714285714,7
pad,39,0.05,M5,2,True,1.0,1.0,0.0,1.0,1.0,6.0,1
pad,39,0.1,B,77,False,0.9529411764705882,0.9509803921568628,,0.9294117647058824,0.9460784313725492,3.541176470588235,85
pad,39,0.1,M1,27,False,0.9545454545454546,0.9583333333333334,0.0,1.0,1.0,3.727272727272727,22
pad,39,0.1,M2,129,False,0.8943661971830986,0.9017857142857143,0.014084507042253521,0.9859154929577465,0.9821428571428571,3.5211267605633805,142
pad,39,0.1,M3,55,False,0.9491525423728814,0.9492753623188407,0.0,1.0,1.0,3.847457627118644,59
pad,39,0.1,M4,8,True,1.0,1.0,0.0,1.0,1.0,4.857142857142857,7
pad,39,0.1,M5,2,True,1.0,1.0,0.0,1.0,1.0,6.0,1
pad,39,0.15,B,77,False,0.9176470588235294,0.9240196078431373,,0.9529411764705882,0.9656862745098038,3.011764705882353,85
pad,39,0.15,M1,27,False,0.7727272727272727,0.8055555555555557,0.09090909090909091,0.9090909090909091,0.9166666666666666,2.772727272727273,22
pad,39,0.15,M2,129,False,0.8591549295774648,0.8705357142857143,0.02112676056338028,0.9788732394366197,0.9776785714285714,2.943661971830986,142
pad,39,0.15,M3,55,False,0.9322033898305084,0.9275362318840581,0.0,1.0,1.0,3.542372881355932,59
pad,39,0.15,M4,8,False,1.0,1.0,0.0,1.0,1.0,4.0,7
pad,39,0.15,M5,2,True,1.0,1.0,0.0,1.0,1.0,6.0,1
hiba,40,0.05,B,176,False,0.9956896551724138,0.9888888888888889,,1.0,1.0,6.581896551724138,232
hiba,40,0.05,M1,23,False,1.0,1.0,0.0,1.0,1.0,6.611111111111111,18
hiba,40,0.05,M2,213,False,0.9626168224299065,0.9588235294117647,0.0,1.0,1.0,6.94392523364486,107
hiba,40,0.05,M3,23,False,1.0,1.0,0.0,1.0,1.0,6.5,10
hiba,40,0.1,B,176,False,0.9741379310344828,0.9574074074074073,,0.9913793103448276,0.9984615384615384,4.918103448275862,232
hiba,40,0.1,M1,23,False,1.0,1.0,0.0,1.0,1.0,5.888888888888889,18
hiba,40,0.1,M2,213,False,0.9439252336448598,0.9441176470588235,0.0,1.0,1.0,5.5233644859813085,107
hiba,40,0.1,M3,23,False,0.9,0.875,0.0,1.0,1.0,5.3,10
hiba,40,0.15,B,176,False,0.9655172413793104,0.9407407407407407,,0.9439655172413793,0.9314387464387466,3.706896551724138,232
hiba,40,0.15,M1,23,False,1.0,1.0,0.0,1.0,1.0,4.833333333333333,18
hiba,40,0.15,M2,213,False,0.8691588785046729,0.8676470588235294,0.0,1.0,1.0,4.327102803738318,107
hiba,40,0.15,M3,23,False,0.8,0.75,0.0,1.0,1.0,4.4,10
pad,40,0.05,B,78,False,0.9565217391304348,0.9577114427860697,,0.967391304347826,0.9751243781094528,3.739130434782609,92
pad,40,0.05,M1,25,False,1.0,1.0,0.0,1.0,1.0,3.9583333333333335,24
pad,40,0.05,M2,150,False,0.9603174603174603,0.9560439560439561,0.0,1.0,1.0,4.158730158730159,126
pad,40,0.05,M3,60,False,1.0,1.0,0.0,1.0,1.0,3.9454545454545453,55
pad,40,0.05,M4,9,True,1.0,1.0,0.0,1.0,1.0,5.4,5
pad,40,0.05,M5,1,True,1.0,1.0,0.0,1.0,1.0,4.0,2
pad,40,0.1,B,78,False,0.9347826086956522,0.9378109452736318,,0.9239130434782609,0.9402985074626866,3.260869565217391,92
pad,40,0.1,M1,25,False,0.9583333333333334,0.9285714285714286,0.041666666666666664,0.9583333333333334,0.9285714285714286,3.375,24
pad,40,0.1,M2,150,False,0.9365079365079365,0.9340659340659341,0.007936507936507936,0.9920634920634921,0.989010989010989,3.6904761904761907,126
pad,40,0.1,M3,60,False,0.9636363636363636,0.9512195121951219,0.01818181818181818,0.9818181818181818,0.975609756097561,3.381818181818182,55
pad,40,0.1,M4,9,False,1.0,1.0,0.0,1.0,1.0,4.4,5
pad,40,0.1,M5,1,True,1.0,1.0,0.0,1.0,1.0,4.0,2
pad,40,0.15,B,78,False,0.8695652173913043,0.8830845771144279,,0.9239130434782609,0.9402985074626866,2.75,92
pad,40,0.15,M1,25,False,0.9583333333333334,0.9285714285714286,0.041666666666666664,0.9583333333333334,0.9285714285714286,2.8333333333333335,24
pad,40,0.15,M2,150,False,0.8968253968253969,0.8919413919413919,0.015873015873015872,0.9841269841269841,0.978021978021978,2.984126984126984,126
pad,40,0.15,M3,60,False,0.9090909090909091,0.910569105691057,0.01818181818181818,0.9818181818181818,0.975609756097561,2.7636363636363637,55
pad,40,0.15,M4,9,False,1.0,1.0,0.0,1.0,1.0,4.2,5
pad,40,0.15,M5,1,True,1.0,1.0,0.0,1.0,1.0,3.5,2
hiba,41,0.05,B,185,False,0.9911111111111112,0.9753086419753086,,1.0,1.0,5.546666666666667,225
hiba,41,0.05,M1,22,False,0.8888888888888888,0.8863636363636364,0.0,1.0,1.0,6.111111111111111,18
hiba,41,0.05,M2,213,False,0.9714285714285714,0.9647058823529412,0.0,1.0,1.0,6.647619047619048,105
hiba,41,0.05,M3,21,False,0.9333333333333333,0.9,0.0,1.0,1.0,6.2,15
hiba,41,0.1,B,185,False,0.9422222222222222,0.874074074074074,,0.9288888888888889,0.9857141270396632,3.4755555555555557,225
hiba,41,0.1,M1,22,False,0.8333333333333334,0.8636363636363636,0.0,1.0,1.0,4.777777777777778,18
hiba,41,0.1,M2,213,False,0.9523809523809523,0.95,0.0,1.0,1.0,5.0476190476190474,105
hiba,41,0.1,M3,21,False,0.8666666666666667,0.8,0.0,1.0,1.0,4.2,15
hiba,41,0.15,B,185,False,0.92,0.8339506172839506,,0.7911111111111111,0.9480467550642989,2.7911111111111113,225
hiba,41,0.15,M1,22,False,0.7222222222222222,0.7727272727272727,0.05555555555555555,0.9444444444444444,0.9545454545454546,4.111111111111111,18
hiba,41,0.15,M2,213,False,0.9333333333333333,0.9264705882352942,0.0,1.0,1.0,4.380952380952381,105
hiba,41,0.15,M3,21,False,0.8666666666666667,0.8,0.0,1.0,1.0,3.8666666666666667,15
pad,41,0.05,B,84,False,0.9615384615384616,0.9699453551912569,,0.9615384615384616,0.9726775956284154,3.782051282051282,78
pad,41,0.05,M1,21,False,0.9629629629629629,0.9722222222222222,0.0,1.0,1.0,4.037037037037037,27
pad,41,0.05,M2,143,False,0.975609756097561,0.9744897959183674,0.008130081300813009,0.991869918699187,0.9897959183673469,4.235772357723577,123
pad,41,0.05,M3,59,False,1.0,1.0,0.0,1.0,1.0,4.39622641509434,53
pad,41,0.05,M4,7,True,1.0,1.0,0.0,1.0,1.0,5.25,8
pad,41,0.05,M5,2,True,1.0,1.0,0.0,1.0,1.0,3.0,1
pad,41,0.1,B,84,False,0.9230769230769231,0.9316939890710383,,0.8846153846153846,0.8934426229508197,3.217948717948718,78
pad,41,0.1,M1,21,False,0.9629629629629629,0.9722222222222222,0.0,1.0,1.0,3.4444444444444446,27
pad,41,0.1,M2,143,False,0.9024390243902439,0.8979591836734694,0.024390243902439025,0.975609756097561,0.9693877551020408,3.5528455284552845,123
pad,41,0.1,M3,59,False,0.9433962264150944,0.9285714285714286,0.018867924528301886,0.9811320754716981,0.9761904761904762,3.7169811320754715,53
pad,41,0.1,M4,7,True,1.0,1.0,0.0,1.0,1.0,4.75,8
pad,41,0.1,M5,2,True,1.0,1.0,0.0,1.0,1.0,3.0,1
pad,41,0.15,B,84,False,0.9230769230769231,0.9316939890710383,,0.8717948717948718,0.8879781420765027,2.871794871794872,78
pad,41,0.15,M1,21,False,0.9629629629629629,0.9722222222222222,0.0,1.0,1.0,3.111111111111111,27
pad,41,0.15,M2,143,False,0.8699186991869918,0.8673469387755102,0.032520325203252036,0.967479674796748,0.9591836734693877,3.0813008130081303,123
pad,41,0.15,M3,59,False,0.9056603773584906,0.8809523809523809,0.018867924528301886,0.9811320754716981,0.9761904761904762,3.3207547169811322,53
pad,41,0.15,M4,7,False,1.0,1.0,0.0,1.0,1.0,3.75,8
pad,41,0.15,M5,2,True,1.0,1.0,0.0,1.0,1.0,3.0,1
hiba,42,0.05,B,189,False,0.9696969696969697,0.935064935064935,,1.0,1.0,5.612121212121212,165
hiba,42,0.05,M1,16,True,1.0,1.0,0.0,1.0,1.0,6.862068965517241,29
hiba,42,0.05,M2,210,False,0.9207920792079208,0.9223484848484849,0.0,1.0,1.0,6.247524752475248,101
hiba,42,0.05,M3,23,False,1.0,1.0,0.0,1.0,1.0,6.6,10
hiba,42,0.1,B,189,False,0.9151515151515152,0.8632034632034632,,0.9212121212121213,0.9479246243952127,3.684848484848485,165
hiba,42,0.1,M1,16,False,1.0,1.0,0.0,1.0,1.0,5.0344827586206895,29
hiba,42,0.1,M2,210,False,0.900990099009901,0.8996212121212122,0.0,1.0,1.0,4.811881188118812,101
hiba,42,0.1,M3,23,False,1.0,1.0,0.0,1.0,1.0,4.7,10
hiba,42,0.15,B,189,False,0.8848484848484849,0.8264069264069263,,0.7757575757575758,0.8749045072574485,2.727272727272727,165
hiba,42,0.15,M1,16,False,0.8275862068965517,0.9019607843137255,0.0,1.0,1.0,3.2413793103448274,29
hiba,42,0.15,M2,210,False,0.8415841584158416,0.8428030303030302,0.009900990099009901,0.9900990099009901,0.9886363636363636,3.9306930693069306,101
hiba,42,0.15,M3,23,False,0.8,0.8125,0.0,1.0,1.0,3.6,10
pad,42,0.05,B,89,False,0.9857142857142858,0.9821428571428571,,0.9714285714285714,0.9761904761904762,4.042857142857143,70
pad,42,0.05,M1,24,False,0.96,0.9666666666666667,0.0,1.0,1.0,4.64,25
pad,42,0.05,M2,143,False,0.953125,0.9489795918367347,0.0078125,0.9921875,0.9897959183673469,4.59375,128
pad,42,0.05,M3,62,False,0.9807692307692307,0.9743589743589743,0.0,1.0,1.0,4.25,52
pad,42,0.05,M4,7,True,1.0,1.0,0.0,1.0,1.0,5.714285714285714,7
pad,42,0.05,M5,3,True,,,,,,,0
pad,42,0.1,B,89,False,0.9714285714285714,0.9642857142857143,,0.9142857142857143,0.9255952380952381,3.357142857142857,70
pad,42,0.1,M1,24,False,0.92,0.9,0.04,0.96,0.9333333333333333,3.64,25
pad,42,0.1,M2,143,False,0.9453125,0.9438775510204082,0.0078125,0.9921875,0.9897959183673469,3.859375,128
pad,42,0.1,M3,62,False,0.8269230769230769,0.8333333333333334,0.0,1.0,1.0,3.25,52
pad,42,0.1,M4,7,True,1.0,1.0,0.0,1.0,1.0,4.857142857142857,7
pad,42,0.1,M5,3,True,,,,,,,0
pad,42,0.15,B,89,False,0.9428571428571428,0.9375,,0.8714285714285714,0.9047619047619049,2.8,70
pad,42,0.15,M1,24,False,0.88,0.8777777777777779,0.04,0.96,0.9333333333333333,3.04,25
pad,42,0.15,M2,143,False,0.9140625,0.9200680272108844,0.015625,0.984375,0.9846938775510204,3.21875,128
pad,42,0.15,M3,62,False,0.7884615384615384,0.7948717948717948,0.038461538461538464,0.9615384615384616,0.9615384615384616,2.7115384615384617,52
pad,42,0.15,M4,7,False,0.7142857142857143,0.7142857142857143,0.0,1.0,1.0,3.142857142857143,7
pad,42,0.15,M5,3,True,,,,,,,0
hiba,43,0.05,B,179,False,0.9502762430939227,0.9080459770114943,,0.994475138121547,0.9993238674780257,5.12707182320442,181
hiba,43,0.05,M1,21,False,1.0,1.0,0.0,1.0,1.0,5.947368421052632,19
hiba,43,0.05,M2,210,False,0.9811320754716981,0.9829545454545454,0.0,1.0,1.0,5.830188679245283,106
hiba,43,0.05,M3,22,False,1.0,1.0,0.0,1.0,1.0,6.6,10
hiba,43,0.1,B,179,False,0.9005524861878453,0.8352490421455939,,0.8950276243093923,0.946971892205158,3.552486187845304,181
hiba,43,0.1,M1,21,False,1.0,1.0,0.0,1.0,1.0,4.315789473684211,19
hiba,43,0.1,M2,210,False,0.9339622641509434,0.9431818181818182,0.03773584905660377,0.9622641509433962,0.9715909090909091,4.5754716981132075,106
hiba,43,0.1,M3,22,False,1.0,1.0,0.0,1.0,1.0,5.2,10
hiba,43,0.15,B,179,False,0.8895027624309392,0.8199233716475097,,0.8176795580110497,0.8912955986992499,2.7900552486187844,181
hiba,43,0.15,M1,21,False,0.9473684210526315,0.9583333333333334,0.0,1.0,1.0,3.473684210526316,19
hiba,43,0.15,M2,210,False,0.8490566037735849,0.8655303030303029,0.05660377358490566,0.9433962264150944,0.9488636363636364,3.707547169811321,106
hiba,43,0.15,M3,22,False,1.0,1.0,0.0,1.0,1.0,4.1,10
pad,43,0.05,B,89,False,0.9295774647887324,0.9285714285714286,,0.971830985915493,0.9880952380952381,3.6619718309859155,71
pad,43,0.05,M1,21,False,0.8888888888888888,0.8611111111111112,0.037037037037037035,0.9629629629629629,0.9444444444444444,3.6296296296296298,27
pad,43,0.05,M2,142,False,0.9699248120300752,0.9646464646464646,0.0,1.0,1.0,4.067669172932331,133
pad,43,0.05,M3,57,False,1.0,1.0,0.0,1.0,1.0,4.228070175438597,57
pad,43,0.05,M4,12,True,1.0,1.0,0.0,1.0,1.0,5.0,2
pad,43,0.05,M5,2,True,1.0,1.0,0.0,1.0,1.0,5.0,1
pad,43,0.1,B,89,False,0.8732394366197183,0.880952380952381,,0.9436619718309859,0.9642857142857142,2.943661971830986,71
pad,43,0.1,M1,21,False,0.7777777777777778,0.787037037037037,0.1111111111111111,0.8888888888888888,0.8888888888888888,2.4074074074074074,27
pad,43,0.1,M2,142,False,0.9548872180451128,0.9494949494949495,0.0,1.0,1.0,3.3233082706766917,133
pad,43,0.1,M3,57,False,1.0,1.0,0.0,1.0,1.0,3.245614035087719,57
pad,43,0.1,M4,12,False,0.5,0.5,0.0,1.0,1.0,3.5,2
pad,43,0.1,M5,2,True,1.0,1.0,0.0,1.0,1.0,4.0,1
pad,43,0.15,B,89,False,0.8309859154929577,0.8392857142857143,,0.9436619718309859,0.9613095238095238,2.6056338028169015,71
pad,43,0.15,M1,21,False,0.7777777777777778,0.787037037037037,0.1111111111111111,0.8888888888888888,0.8888888888888888,2.2962962962962963,27
pad,43,0.15,M2,142,False,0.9172932330827067,0.9158249158249158,0.007518796992481203,0.9924812030075187,0.9949494949494949,3.0150375939849625,133
pad,43,0.15,M3,57,False,0.9122807017543859,0.9166666666666667,0.017543859649122806,0.9824561403508771,0.9772727272727273,2.9649122807017543,57
pad,43,0.15,M4,12,False,0.5,0.5,0.0,1.0,1.0,3.0,2
pad,43,0.15,M5,2,True,1.0,1.0,0.0,1.0,1.0,4.0,1
hiba,44,0.05,B,186,False,0.9583333333333334,0.9083333333333332,,0.9958333333333333,0.9992647058823529,4.983333333333333,240
hiba,44,0.05,M1,25,False,1.0,1.0,0.0,1.0,1.0,5.923076923076923,13
hiba,44,0.05,M2,208,False,0.9821428571428571,0.9851851851851853,0.0,1.0,1.0,6.0,112
hiba,44,0.05,M3,21,False,0.8,0.8,0.0,1.0,1.0,5.5,10
hiba,44,0.1,B,186,False,0.9416666666666667,0.8683333333333332,,0.9333333333333333,0.9788048552754436,3.683333333333333,240
hiba,44,0.1,M1,25,False,1.0,1.0,0.0,1.0,1.0,5.076923076923077,13
hiba,44,0.1,M2,208,False,0.9464285714285714,0.951851851851852,0.017857142857142856,0.9821428571428571,0.9833333333333333,4.839285714285714,112
hiba,44,0.1,M3,21,False,0.8,0.8,0.0,1.0,1.0,5.2,10
hiba,44,0.15,B,186,False,0.9291666666666667,0.8474999999999999,,0.7458333333333333,0.9120273109243697,2.8375,240
hiba,44,0.15,M1,25,False,1.0,1.0,0.0,1.0,1.0,4.076923076923077,13
hiba,44,0.15,M2,208,False,0.9375,0.9407407407407408,0.017857142857142856,0.9821428571428571,0.9833333333333333,4.223214285714286,112
hiba,44,0.15,M3,21,False,0.7,0.7,0.0,1.0,1.0,4.5,10
pad,44,0.05,B,88,False,0.958904109589041,0.9678362573099416,,0.958904109589041,0.9590643274853801,3.9863013698630136,73
pad,44,0.05,M1,21,False,1.0,1.0,0.0,1.0,1.0,4.24,25
pad,44,0.05,M2,156,False,0.9622641509433962,0.9588235294117647,0.009433962264150943,0.9905660377358491,0.9882352941176471,4.235849056603773,106
pad,44,0.05,M3,65,False,0.8837209302325582,0.8611111111111112,0.046511627906976744,0.9534883720930233,0.9444444444444444,3.9302325581395348,43
pad,44,0.05,M4,10,True,1.0,1.0,0.0,1.0,1.0,5.75,4
pad,44,0.05,M5,1,True,1.0,1.0,0.0,1.0,1.0,4.5,2
pad,44,0.1,B,88,False,0.9452054794520548,0.9502923976608187,,0.9315068493150684,0.9327485380116959,3.5616438356164384,73
pad,44,0.1,M1,21,False,1.0,1.0,0.0,1.0,1.0,3.84,25
pad,44,0.1,M2,156,False,0.9339622641509434,0.9352941176470588,0.018867924528301886,0.9811320754716981,0.9764705882352941,3.7358490566037736,106
pad,44,0.1,M3,65,False,0.8372093023255814,0.8333333333333334,0.046511627906976744,0.9534883720930233,0.9444444444444444,3.4186046511627906,43
pad,44,0.1,M4,10,False,0.75,0.75,0.0,1.0,1.0,4.5,4
pad,44,0.1,M5,1,True,1.0,1.0,0.0,1.0,1.0,4.0,2
pad,44,0.15,B,88,False,0.8904109589041096,0.9093567251461987,,0.9041095890410958,0.9181286549707602,2.9863013698630136,73
pad,44,0.15,M1,21,False,0.88,0.898148148148148,0.04,0.96,0.9722222222222222,2.88,25
pad,44,0.15,M2,156,False,0.8679245283018868,0.8823529411764706,0.04716981132075472,0.9528301886792453,0.9588235294117647,3.009433962264151,106
pad,44,0.15,M3,65,False,0.7906976744186046,0.7916666666666666,0.09302325581395349,0.9069767441860465,0.9027777777777778,2.953488372093023,43
pad,44,0.15,M4,10,False,0.75,0.75,0.0,1.0,1.0,4.0,4
pad,44,0.15,M5,1,True,1.0,1.0,0.0,1.0,1.0,3.5,2
hiba,45,0.05,B,186,False,0.9846153846153847,0.975,,1.0,1.0,6.076923076923077,130
hiba,45,0.05,M1,26,False,1.0,1.0,0.0,1.0,1.0,6.538461538461538,13
hiba,45,0.05,M2,198,False,0.967741935483871,0.9716666666666667,0.0,1.0,1.0,6.564516129032258,124
hiba,45,0.05,M3,27,False,1.0,1.0,0.0,1.0,1.0,6.25,4
hiba,45,0.1,B,186,False,0.9076923076923077,0.86625,,0.9307692307692308,0.9666666666666666,3.7846153846153845,130
hiba,45,0.1,M1,26,False,0.9230769230769231,0.9642857142857143,0.0,1.0,1.0,4.769230769230769,13
hiba,45,0.1,M2,198,False,0.9193548387096774,0.9166666666666667,0.0,1.0,1.0,4.693548387096774,124
hiba,45,0.1,M3,27,False,1.0,1.0,0.0,1.0,1.0,4.25,4
hiba,45,0.15,B,186,False,0.8769230769230769,0.8245833333333333,,0.8384615384615385,0.8989583333333334,2.9076923076923076,130
hiba,45,0.15,M1,26,False,0.8461538461538461,0.9285714285714286,0.0,1.0,1.0,3.6923076923076925,13
hiba,45,0.15,M2,198,False,0.8709677419354839,0.8783333333333333,0.016129032258064516,0.9838709677419355,0.9866666666666667,3.653225806451613,124
hiba,45,0.15,M3,27,False,0.75,0.75,0.0,1.0,1.0,3.5,4
pad,45,0.05,B,81,False,0.975,0.9765625,,0.95,0.9479166666666666,3.6,80
pad,45,0.05,M1,22,False,1.0,1.0,0.0,1.0,1.0,4.44,25
pad,45,0.05,M2,145,False,0.9,0.8958333333333334,0.025,0.975,0.96875,4.066666666666666,120
pad,45,0.05,M3,68,False,1.0,1.0,0.0,1.0,1.0,4.454545454545454,44
pad,45,0.05,M4,5,True,1.0,1.0,0.0,1.0,1.0,5.333333333333333,9
pad,45,0.05,M5,2,True,1.0,1.0,0.0,1.0,1.0,3.0,1
pad,45,0.1,B,81,False,0.925,0.9244791666666666,,0.9125,0.9088541666666666,3.0625,80
pad,45,0.1,M1,22,False,1.0,1.0,0.0,1.0,1.0,3.76,25
pad,45,0.1,M2,145,False,0.8833333333333333,0.875,0.03333333333333333,0.9666666666666667,0.9583333333333334,3.2333333333333334,120
pad,45,0.1,M3,68,False,0.9318181818181818,0.9090909090909091,0.0,1.0,1.0,3.4545454545454546,44
pad,45,0.1,M4,5,True,1.0,1.0,0.0,1.0,1.0,4.555555555555555,9
pad,45,0.1,M5,2,True,1.0,1.0,0.0,1.0,1.0,3.0,1
pad,45,0.15,B,81,False,0.8875,0.8854166666666666,,0.9125,0.9296875,2.675,80
pad,45,0.15,M1,22,False,1.0,1.0,0.0,1.0,1.0,3.52,25
pad,45,0.15,M2,145,False,0.8666666666666667,0.8541666666666666,0.03333333333333333,0.9666666666666667,0.9583333333333334,2.9916666666666667,120
pad,45,0.15,M3,68,False,0.8409090909090909,0.7878787878787878,0.045454545454545456,0.9545454545454546,0.9393939393939394,2.909090909090909,44
pad,45,0.15,M4,5,True,1.0,1.0,0.0,1.0,1.0,4.555555555555555,9
pad,45,0.15,M5,2,True,1.0,1.0,0.0,1.0,1.0,3.0,1
hiba,46,0.05,B,186,False,0.9813953488372092,0.978125,,1.0,1.0,5.906976744186046,215
hiba,46,0.05,M1,23,False,1.0,1.0,0.0,1.0,1.0,6.4,15
hiba,46,0.05,M2,215,False,0.9339622641509434,0.9337349397590361,0.0,1.0,1.0,6.462264150943396,106
hiba,46,0.05,M3,21,False,1.0,1.0,0.0,1.0,1.0,6.7,10
hiba,46,0.1,B,186,False,0.9348837209302325,0.9270833333333333,,0.9488372093023256,0.9750670747381275,3.7348837209302324,215
hiba,46,0.1,M1,23,False,1.0,1.0,0.0,1.0,1.0,5.0,15
hiba,46,0.1,M2,215,False,0.8773584905660378,0.8704819277108434,0.0,1.0,1.0,4.745283018867925,106
hiba,46,0.1,M3,21,False,0.9,0.9,0.0,1.0,1.0,5.0,10
hiba,46,0.15,B,186,False,0.8883720930232558,0.8619791666666666,,0.827906976744186,0.8987248770965877,2.8372093023255816,215
hiba,46,0.15,M1,23,False,1.0,1.0,0.0,1.0,1.0,4.066666666666666,15
hiba,46,0.15,M2,215,False,0.8113207547169812,0.8042168674698795,0.02830188679245283,0.9716981132075472,0.963855421686747,3.7735849056603774,106
hiba,46,0.15,M3,21,False,0.9,0.9,0.0,1.0,1.0,4.5,10
pad,46,0.05,B,89,False,0.958904109589041,0.9553571428571429,,0.9726027397260274,0.9761904761904763,4.109589041095891,73
pad,46,0.05,M1,18,True,1.0,1.0,0.0,1.0,1.0,4.705882352941177,34
pad,46,0.05,M2,132,False,0.9577464788732394,0.9587155963302753,0.007042253521126761,0.9929577464788732,0.9908256880733946,4.112676056338028,142
pad,46,0.05,M3,61,False,0.9791666666666666,0.975,0.0,1.0,1.0,4.1875,48
pad,46,0.05,M4,10,True,1.0,1.0,0.0,1.0,1.0,5.2,5
pad,46,0.05,M5,2,True,1.0,1.0,0.0,1.0,1.0,3.0,1
pad,46,0.1,B,89,False,0.9315068493150684,0.9315476190476192,,0.9178082191780822,0.9136904761904763,3.328767123287671,73
pad,46,0.1,M1,18,False,0.9705882352941176,0.9761904761904762,0.0,1.0,1.0,3.823529411764706,34
pad,46,0.1,M2,132,False,0.8873239436619719,0.8944954128440367,0.02112676056338028,0.9788732394366197,0.9770642201834863,3.443661971830986,142
pad,46,0.1,M3,61,False,0.9375,0.9416666666666668,0.020833333333333332,0.9791666666666666,0.975,3.6875,48
pad,46,0.1,M4,10,False,0.8,0.75,0.0,1.0,1.0,3.2,5
pad,46,0.1,M5,2,True,1.0,1.0,0.0,1.0,1.0,3.0,1
pad,46,0.15,B,89,False,0.8904109589041096,0.8988095238095237,,0.9041095890410958,0.9047619047619049,2.7260273972602738,73
pad,46,0.15,M1,18,False,0.9705882352941176,0.9761904761904762,0.0,1.0,1.0,3.3529411764705883,34
pad,46,0.15,M2,132,False,0.8380281690140845,0.8486238532110092,0.02112676056338028,0.9788732394366197,0.9770642201834863,2.8380281690140845,142
pad,46,0.15,M3,61,False,0.8333333333333334,0.8541666666666667,0.041666666666666664,0.9583333333333334,0.9625,3.0416666666666665,48
pad,46,0.15,M4,10,False,0.8,0.75,0.0,1.0,1.0,2.6,5
pad,46,0.15,M5,2,True,1.0,1.0,0.0,1.0,1.0,3.0,1
hiba,47,0.05,B,182,False,0.9534883720930233,0.9047619047619048,,0.9941860465116279,0.9988095238095239,5.069767441860465,172
hiba,47,0.05,M1,24,False,0.875,0.8611111111111112,0.0,1.0,1.0,5.5625,16
hiba,47,0.05,M2,210,False,0.9065420560747663,0.8977272727272727,0.009345794392523364,0.9906542056074766,0.9943181818181818,5.4392523364485985,107
hiba,47,0.05,M3,25,False,1.0,1.0,0.0,1.0,1.0,6.0,6
hiba,47,0.1,B,182,False,0.9302325581395349,0.8650793650793651,,0.9186046511627907,0.946476539333682,3.5697674418604652,172
hiba,47,0.1,M1,24,False,0.8125,0.8333333333333334,0.0,1.0,1.0,4.375,16
hiba,47,0.1,M2,210,False,0.8317757009345794,0.8238636363636364,0.04672897196261682,0.9532710280373832,0.9602272727272727,4.168224299065421,107
hiba,47,0.1,M3,25,False,1.0,1.0,0.0,1.0,1.0,5.333333333333333,6
hiba,47,0.15,B,182,False,0.9011627906976745,0.8321428571428572,,0.8430232558139535,0.9081981510552938,2.988372093023256,172
hiba,47,0.15,M1,24,False,0.8125,0.8333333333333334,0.0,1.0,1.0,3.5625,16
hiba,47,0.15,M2,210,False,0.8130841121495327,0.8087121212121211,0.06542056074766354,0.9345794392523364,0.9375,3.635514018691589,107
hiba,47,0.15,M3,25,False,1.0,1.0,0.0,1.0,1.0,4.666666666666667,6
pad,47,0.05,B,82,False,0.9759036144578314,0.9867724867724869,,0.9518072289156626,0.9470899470899471,3.710843373493976,83
pad,47,0.05,M1,24,False,0.9583333333333334,0.9666666666666667,0.0,1.0,1.0,4.458333333333333,24
pad,47,0.05,M2,139,False,0.8978102189781022,0.8921568627450981,0.0,1.0,1.0,4.197080291970803,137
pad,47,0.05,M3,61,False,0.9791666666666666,0.975,0.0,1.0,1.0,4.104166666666667,48
pad,47,0.05,M4,10,True,1.0,1.0,0.0,1.0,1.0,5.0,5
pad,47,0.05,M5,2,True,1.0,1.0,0.0,1.0,1.0,6.0,1
pad,47,0.1,B,82,False,0.891566265060241,0.8835978835978836,,0.927710843373494,0.933862433862434,2.9036144578313254,83
pad,47,0.1,M1,24,False,0.9583333333333334,0.9666666666666667,0.0,1.0,1.0,3.6666666666666665,24
pad,47,0.1,M2,139,False,0.8248175182481752,0.8300653594771242,0.021897810218978103,0.9781021897810219,0.9754901960784313,3.0,137
pad,47,0.1,M3,61,False,0.9583333333333334,0.95,0.0,1.0,1.0,3.2916666666666665,48
pad,47,0.1,M4,10,False,1.0,1.0,0.0,1.0,1.0,3.6,5
pad,47,0.1,M5,2,True,1.0,1.0,0.0,1.0,1.0,6.0,1
pad,47,0.15,B,82,False,0.8313253012048193,0.8306878306878307,,0.9156626506024096,0.9285714285714286,2.3855421686746987,83
pad,47,0.15,M1,24,False,0.75,0.7777777777777779,0.08333333333333333,0.9166666666666666,0.9333333333333333,2.7916666666666665,24
pad,47,0.15,M2,139,False,0.7737226277372263,0.7785947712418301,0.021897810218978103,0.9781021897810219,0.9754901960784313,2.664233576642336,137
pad,47,0.15,M3,61,False,0.8541666666666666,0.8375,0.020833333333333332,0.9791666666666666,0.975,2.875,48
pad,47,0.15,M4,10,False,1.0,1.0,0.0,1.0,1.0,3.4,5
pad,47,0.15,M5,2,True,1.0,1.0,0.0,1.0,1.0,6.0,1
hiba,48,0.05,B,201,False,1.0,1.0,,1.0,1.0,6.079365079365079,126
hiba,48,0.05,M1,23,False,0.9230769230769231,0.9,0.0,1.0,1.0,6.076923076923077,13
hiba,48,0.05,M2,201,False,0.9586776859504132,0.9536082474226805,0.0,1.0,1.0,6.43801652892562,121
hiba,48,0.05,M3,19,False,0.9230769230769231,0.9166666666666666,0.0,1.0,1.0,6.076923076923077,13
hiba,48,0.1,B,201,False,0.9841269841269841,0.9794871794871796,,0.9841269841269841,0.9948717948717948,4.380952380952381,126
hiba,48,0.1,M1,23,False,0.7692307692307693,0.8333333333333334,0.0,1.0,1.0,5.0,13
hiba,48,0.1,M2,201,False,0.859504132231405,0.8582474226804123,0.01652892561983471,0.9834710743801653,0.9845360824742269,5.008264462809917,121
hiba,48,0.1,M3,19,False,0.8461538461538461,0.875,0.0,1.0,1.0,5.076923076923077,13
hiba,48,0.15,B,201,False,0.9285714285714286,0.9025641025641026,,0.8809523809523809,0.9045787545787545,3.3968253968253967,126
hiba,48,0.15,M1,23,False,0.7692307692307693,0.8333333333333334,0.0,1.0,1.0,4.153846153846154,13
hiba,48,0.15,M2,201,False,0.8099173553719008,0.8135738831615119,0.04132231404958678,0.9586776859504132,0.9639175257731959,4.033057851239669,121
hiba,48,0.15,M3,19,False,0.7692307692307693,0.7916666666666666,0.0,1.0,1.0,4.3076923076923075,13
pad,48,0.05,B,85,False,0.9493670886075949,0.9527777777777778,,0.9367088607594937,0.95,3.721518987341772,79
pad,48,0.05,M1,29,False,0.9411764705882353,0.95,0.0,1.0,1.0,4.294117647058823,17
pad,48,0.05,M2,156,False,0.990909090909091,0.9882352941176471,0.0,1.0,1.0,4.381818181818182,110
pad,48,0.05,M3,63,False,0.9166666666666666,0.9122807017543861,0.020833333333333332,0.9791666666666666,0.9736842105263158,3.6666666666666665,48
pad,48,0.05,M4,10,True,1.0,1.0,0.0,1.0,1.0,5.0,4
pad,48,0.1,B,85,False,0.8987341772151899,0.9083333333333333,,0.9240506329113924,0.9222222222222223,3.2151898734177213,79
pad,48,0.1,M1,29,False,0.9411764705882353,0.95,0.0,1.0,1.0,3.4705882352941178,17
pad,48,0.1,M2,156,False,0.9454545454545454,0.9529411764705882,0.0,1.0,1.0,3.5545454545454547,110
pad,48,0.1,M3,63,False,0.8333333333333334,0.8333333333333334,0.041666666666666664,0.9583333333333334,0.9473684210526315,2.8958333333333335,48
pad,48,0.1,M4,10,False,1.0,1.0,0.0,1.0,1.0,3.75,4
pad,48,0.15,B,85,False,0.8481012658227848,0.8805555555555556,,0.8860759493670886,0.9055555555555556,2.6835443037974684,79
pad,48,0.15,M1,29,False,0.8823529411764706,0.9166666666666667,0.0,1.0,1.0,2.8823529411764706,17
pad,48,0.15,M2,156,False,0.9272727272727272,0.9411764705882353,0.00909090909090909,0.990909090909091,0.9941176470588236,3.0272727272727273,110
pad,48,0.15,M3,63,False,0.75,0.7543859649122807,0.08333333333333333,0.9166666666666666,0.9078947368421053,2.5416666666666665,48
pad,48,0.15,M4,10,False,1.0,1.0,0.0,1.0,1.0,3.5,4
hiba,49,0.05,B,184,False,0.9746192893401016,0.9451219512195121,,1.0,1.0,5.868020304568528,197
hiba,49,0.05,M1,23,False,0.8235294117647058,0.8333333333333334,0.0,1.0,1.0,5.117647058823529,17
hiba,49,0.05,M2,213,False,0.926605504587156,0.9294117647058824,0.0,1.0,1.0,6.238532110091743,109
hiba,49,0.05,M3,21,False,0.9333333333333333,0.9,0.0,1.0,1.0,5.933333333333334,15
hiba,49,0.1,B,184,False,0.9390862944162437,0.8780487804878049,,0.9898477157360406,0.9926829268292684,4.289340101522843,197
hiba,49,0.1,M1,23,False,0.8235294117647058,0.8333333333333334,0.0,1.0,1.0,4.0588235294117645,17
hiba,49,0.1,M2,213,False,0.8807339449541285,0.8823529411764706,0.01834862385321101,0.981651376146789,0.9882352941176471,4.5963302752293576,109
hiba,49,0.1,M3,21,False,0.9333333333333333,0.9,0.0,1.0,1.0,4.466666666666667,15
hiba,49,0.15,B,184,False,0.8883248730964467,0.7990853658536586,,0.9695431472081218,0.9698170731707317,3.4060913705583755,197
hiba,49,0.15,M1,23,False,0.7647058823529411,0.7333333333333333,0.058823529411764705,0.9411764705882353,0.9666666666666666,3.3529411764705883,17
hiba,49,0.15,M2,213,False,0.8256880733944955,0.8352941176470589,0.03669724770642202,0.963302752293578,0.9647058823529412,3.6605504587155964,109
hiba,49,0.15,M3,21,False,0.9333333333333333,0.9,0.0,1.0,1.0,3.933333333333333,15
pad,49,0.05,B,89,False,0.9466666666666667,0.9464285714285714,,0.96,0.9791666666666667,3.7733333333333334,75
pad,49,0.05,M1,22,False,0.9583333333333334,0.9705882352941176,0.0,1.0,1.0,4.041666666666667,24
pad,49,0.05,M2,146,False,0.9512195121951219,0.9526315789473684,0.008130081300813009,0.991869918699187,0.9894736842105263,4.2682926829268295,123
pad,49,0.05,M3,63,False,0.9787234042553191,0.9736842105263158,0.0,1.0,1.0,4.425531914893617,47
pad,49,0.05,M4,11,True,1.0,1.0,0.0,1.0,1.0,5.333333333333333,3
pad,49,0.05,M5,1,True,1.0,1.0,0.0,1.0,1.0,4.0,2
pad,49,0.1,B,89,False,0.88,0.8898809523809524,,0.9066666666666666,0.9047619047619048,2.986666666666667,75
pad,49,0.1,M1,22,False,0.9166666666666666,0.9117647058823529,0.041666666666666664,0.9583333333333334,0.9411764705882353,3.125,24
pad,49,0.1,M2,146,False,0.8861788617886179,0.8859649122807016,0.016260162601626018,0.983739837398374,0.9789473684210527,3.2357723577235773,123
pad,49,0.1,M3,63,False,0.9574468085106383,0.9473684210526315,0.0,1.0,1.0,3.617021276595745,47
pad,49,0.1,M4,11,False,1.0,1.0,0.0,1.0,1.0,3.0,3
pad,49,0.1,M5,1,True,1.0,1.0,0.0,1.0,1.0,3.5,2
pad,49,0.15,B,89,False,0.8266666666666667,0.8363095238095237,,0.8933333333333333,0.8869047619047619,2.64,75
pad,49,0.15,M1,22,False,0.7916666666666666,0.8333333333333334,0.125,0.875,0.8823529411764706,2.5,24
pad,49,0.15,M2,146,False,0.7804878048780488,0.7754385964912281,0.024390243902439025,0.975609756097561,0.9736842105263158,2.8048780487804876,123
pad,49,0.15,M3,63,False,0.9361702127659575,0.9210526315789473,0.0,1.0,1.0,3.25531914893617,47
pad,49,0.15,M4,11,False,1.0,1.0,0.0,1.0,1.0,3.0,3
pad,49,0.15,M5,1,True,1.0,1.0,0.0,1.0,1.0,3.5,2
hiba,50,0.05,B,196,False,0.9959677419354839,0.9857142857142858,,1.0,1.0,5.991935483870968,248
hiba,50,0.05,M1,27,False,1.0,1.0,0.0,1.0,1.0,6.538461538461538,13
hiba,50,0.05,M2,197,False,0.9769230769230769,0.976897689768977,0.0,1.0,1.0,6.6692307692307695,130
hiba,50,0.05,M3,22,False,1.0,1.0,0.0,1.0,1.0,6.6875,16
hiba,50,0.1,B,196,False,0.9838709677419355,0.95,,0.9556451612903226,0.9757342937174869,3.943548387096774,248
hiba,50,0.1,M1,27,False,1.0,1.0,0.0,1.0,1.0,4.846153846153846,13
hiba,50,0.1,M2,197,False,0.9384615384615385,0.9496699669966997,0.023076923076923078,0.9769230769230769,0.9851485148514851,4.930769230769231,130
hiba,50,0.1,M3,22,False,1.0,1.0,0.0,1.0,1.0,4.6875,16
hiba,50,0.15,B,196,False,0.9596774193548387,0.896547619047619,,0.8830645161290323,0.9610911908623097,3.221774193548387,248
hiba,50,0.15,M1,27,False,1.0,1.0,0.0,1.0,1.0,4.384615384615385,13
hiba,50,0.15,M2,197,False,0.9307692307692308,0.9397689768976898,0.023076923076923078,0.9769230769230769,0.9851485148514851,4.407692307692308,130
hiba,50,0.15,M3,22,False,1.0,1.0,0.0,1.0,1.0,4.5,16
pad,50,0.05,B,86,False,0.9459459459459459,0.940677966101695,,0.972972972972973,0.9774011299435029,3.7162162162162162,74
pad,50,0.05,M1,23,False,1.0,1.0,0.0,1.0,1.0,4.521739130434782,23
pad,50,0.05,M2,143,False,0.984,0.9795918367346939,0.008,0.992,0.9897959183673469,4.208,125
pad,50,0.05,M3,65,False,1.0,1.0,0.0,1.0,1.0,4.098039215686274,51
pad,50,0.05,M4,8,True,1.0,1.0,0.0,1.0,1.0,5.666666666666667,6
pad,50,0.05,M5,1,True,1.0,1.0,0.0,1.0,1.0,4.5,2
pad,50,0.1,B,86,False,0.8513513513513513,0.8418079096045199,,0.972972972972973,0.9661016949152542,3.0405405405405403,74
pad,50,0.1,M1,23,False,1.0,1.0,0.0,1.0,1.0,3.608695652173913,23
pad,50,0.1,M2,143,False,0.952,0.9438775510204082,0.024,0.976,0.9693877551020408,3.296,125
pad,50,0.1,M3,65,False,0.8431372549019608,0.8333333333333335,0.0,1.0,1.0,2.9411764705882355,51
pad,50,0.1,M4,8,True,1.0,1.0,0.0,1.0,1.0,4.5,6
pad,50,0.1,M5,1,True,1.0,1.0,0.0,1.0,1.0,4.5,2
pad,50,0.15,B,86,False,0.8378378378378378,0.824858757062147,,0.9459459459459459,0.940677966101695,2.635135135135135,74
pad,50,0.15,M1,23,False,0.9565217391304348,0.9375,0.043478260869565216,0.9565217391304348,0.9375,3.347826086956522,23
pad,50,0.15,M2,143,False,0.904,0.8877551020408163,0.032,0.968,0.9591836734693877,2.928,125
pad,50,0.15,M3,65,False,0.7843137254901961,0.7777777777777779,0.0392156862745098,0.9607843137254902,0.9583333333333334,2.7058823529411766,51
pad,50,0.15,M4,8,False,1.0,1.0,0.0,1.0,1.0,4.166666666666667,6
pad,50,0.15,M5,1,True,1.0,1.0,0.0,1.0,1.0,4.5,2
hiba,51,0.05,B,194,False,0.9883040935672515,0.9791666666666666,,1.0,1.0,6.064327485380117,171
hiba,51,0.05,M1,30,False,1.0,1.0,0.0,1.0,1.0,6.0,3
hiba,51,0.05,M2,192,False,0.9696969696969697,0.9685534591194969,0.0,1.0,1.0,6.545454545454546,132
hiba,51,0.05,M3,24,False,1.0,1.0,0.0,1.0,1.0,6.857142857142857,7
hiba,51,0.1,B,194,False,0.9707602339181286,0.9606481481481483,,0.9532163742690059,0.9732337379396204,4.058479532163743,171
hiba,51,0.1,M1,30,False,1.0,1.0,0.0,1.0,1.0,5.0,3
hiba,51,0.1,M2,192,False,0.9242424242424242,0.9119496855345912,0.0,1.0,1.0,4.924242424242424,132
hiba,51,0.1,M3,24,False,1.0,1.0,0.0,1.0,1.0,5.142857142857143,7
hiba,51,0.15,B,194,False,0.9473684210526315,0.9120370370370371,,0.8888888888888888,0.9528851745376513,3.304093567251462,171
hiba,51,0.15,M1,30,False,1.0,1.0,0.0,1.0,1.0,4.333333333333333,3
hiba,51,0.15,M2,192,False,0.8560606060606061,0.8553459119496856,0.007575757575757576,0.9924242424242424,0.9905660377358491,4.181818181818182,132
hiba,51,0.15,M3,24,False,1.0,1.0,0.0,1.0,1.0,4.857142857142857,7
pad,51,0.05,B,92,False,0.9861111111111112,0.9937106918238994,,0.9305555555555556,0.9433962264150942,3.9305555555555554,72
pad,51,0.05,M1,28,False,1.0,1.0,0.0,1.0,1.0,4.6875,16
pad,51,0.05,M2,136,False,0.9609375,0.9666666666666667,0.0078125,0.9921875,0.9904761904761905,4.5703125,128
pad,51,0.05,M3,55,False,0.9636363636363636,0.9565217391304348,0.01818181818181818,0.9818181818181818,0.9782608695652174,4.454545454545454,55
pad,51,0.05,M4,4,True,1.0,1.0,0.0,1.0,1.0,5.7272727272727275,11
pad,51,0.05,M5,1,True,1.0,1.0,0.0,1.0,1.0,6.0,2
pad,51,0.1,B,92,False,0.9583333333333334,0.9654088050314465,,0.8888888888888888,0.9088050314465408,3.2777777777777777,72
pad,51,0.1,M1,28,False,1.0,1.0,0.0,1.0,1.0,4.0625,16
pad,51,0.1,M2,136,False,0.9140625,0.9238095238095239,0.015625,0.984375,0.9809523809523809,3.6953125,128
pad,51,0.1,M3,55,False,0.8909090909090909,0.8949275362318841,0.03636363636363636,0.9636363636363636,0.9565217391304348,3.618181818181818,55
pad,51,0.1,M4,4,True,1.0,1.0,0.0,1.0,1.0,5.090909090909091,11
pad,51,0.1,M5,1,True,1.0,1.0,0.0,1.0,1.0,4.5,2
pad,51,0.15,B,92,False,0.8472222222222222,0.8647798742138364,,0.875,0.9150943396226415,2.5694444444444446,72
pad,51,0.15,M1,28,False,0.875,0.8787878787878789,0.0,1.0,1.0,3.0,16
pad,51,0.15,M2,136,False,0.875,0.8904761904761904,0.0234375,0.9765625,0.9761904761904762,2.9140625,128
pad,51,0.15,M3,55,False,0.8,0.8079710144927538,0.09090909090909091,0.9090909090909091,0.9021739130434783,2.727272727272727,55
pad,51,0.15,M4,4,True,1.0,1.0,0.0,1.0,1.0,4.545454545454546,11
pad,51,0.15,M5,1,True,1.0,1.0,0.0,1.0,1.0,4.5,2
hiba,52,0.05,B,189,False,0.9846153846153847,0.974025974025974,,1.0,1.0,5.838461538461538,130
hiba,52,0.05,M1,24,False,1.0,1.0,0.0,1.0,1.0,6.2,15
hiba,52,0.05,M2,207,False,0.9655172413793104,0.9615384615384616,0.0,1.0,1.0,6.655172413793103,116
hiba,52,0.05,M3,19,False,0.7777777777777778,0.7083333333333334,0.0,1.0,1.0,5.333333333333333,18
hiba,52,0.1,B,189,False,0.9307692307692308,0.9145021645021646,,0.9461538461538461,0.9519480519480519,3.9384615384615387,130
hiba,52,0.1,M1,24,False,1.0,1.0,0.0,1.0,1.0,4.866666666666666,15
hiba,52,0.1,M2,207,False,0.9568965517241379,0.9505494505494505,0.0,1.0,1.0,5.112068965517241,116
hiba,52,0.1,M3,19,False,0.7222222222222222,0.625,0.0,1.0,1.0,3.9444444444444446,18
hiba,52,0.15,B,189,False,0.8153846153846154,0.782034632034632,,0.823076923076923,0.8560606060606061,2.8153846153846156,130
hiba,52,0.15,M1,24,False,1.0,1.0,0.0,1.0,1.0,3.533333333333333,15
hiba,52,0.15,M2,207,False,0.9051724137931034,0.9065934065934066,0.008620689655172414,0.9913793103448276,0.989010989010989,3.793103448275862,116
hiba,52,0.15,M3,19,False,0.6666666666666666,0.6111111111111112,0.0,1.0,1.0,3.3333333333333335,18
pad,52,0.05,B,81,False,0.9634146341463414,0.953125,,0.926829268292683,0.9557291666666666,3.7195121951219514,82
pad,52,0.05,M1,28,False,1.0,1.0,0.0,1.0,1.0,4.75,16
pad,52,0.05,M2,145,False,0.9770992366412213,0.9791666666666666,0.007633587786259542,0.9923664122137404,0.9895833333333334,4.213740458015267,131
pad,52,0.05,M3,69,False,0.9512195121951219,0.9375,0.0,1.0,1.0,4.073170731707317,41
pad,52,0.05,M4,7,True,1.0,1.0,0.0,1.0,1.0,5.375,8
pad,52,0.05,M5,2,True,1.0,1.0,0.0,1.0,1.0,5.0,1
pad,52,0.1,B,81,False,0.8048780487804879,0.8177083333333333,,0.9512195121951219,0.9661458333333334,2.975609756097561,82
pad,52,0.1,M1,28,False,1.0,1.0,0.0,1.0,1.0,3.8125,16
pad,52,0.1,M2,145,False,0.9618320610687023,0.9583333333333334,0.007633587786259542,0.9923664122137404,0.9895833333333334,3.1526717557251906,131
pad,52,0.1,M3,69,False,0.926829268292683,0.90625,0.024390243902439025,0.975609756097561,0.96875,3.268292682926829,41
pad,52,0.1,M4,7,True,1.0,1.0,0.0,1.0,1.0,4.25,8
pad,52,0.1,M5,2,True,1.0,1.0,0.0,1.0,1.0,4.0,1
pad,52,0.15,B,81,False,0.7926829268292683,0.8020833333333333,,0.9390243902439024,0.9609375,2.597560975609756,82
pad,52,0.15,M1,28,False,1.0,1.0,0.0,1.0,1.0,3.3125,16
pad,52,0.15,M2,145,False,0.9007633587786259,0.907986111111111,0.007633587786259542,0.9923664122137404,0.9895833333333334,2.877862595419847,131
pad,52,0.15,M3,69,False,0.926829268292683,0.90625,0.024390243902439025,0.975609756097561,0.96875,3.1463414634146343,41
pad,52,0.15,M4,7,False,1.0,1.0,0.0,1.0,1.0,3.625,8
pad,52,0.15,M5,2,True,1.0,1.0,0.0,1.0,1.0,4.0,1
hiba,53,0.05,B,184,False,0.9944444444444445,0.9939024390243902,,1.0,1.0,6.122222222222222,180
hiba,53,0.05,M1,23,False,0.9375,0.9,0.0,1.0,1.0,6.5625,16
hiba,53,0.05,M2,206,False,0.956140350877193,0.9565217391304348,0.0,1.0,1.0,6.62280701754386,114
hiba,53,0.05,M3,21,False,0.9090909090909091,0.9,0.0,1.0,1.0,5.454545454545454,11
hiba,53,0.1,B,184,False,0.9722222222222222,0.9573170731707317,,0.9666666666666667,0.9735772357723577,4.311111111111111,180
hiba,53,0.1,M1,23,False,0.75,0.75,0.0,1.0,1.0,4.1875,16
hiba,53,0.1,M2,206,False,0.9473684210526315,0.9456521739130435,0.0,1.0,1.0,4.93859649122807,114
hiba,53,0.1,M3,21,False,0.9090909090909091,0.9,0.0,1.0,1.0,4.181818181818182,11
hiba,53,0.15,B,184,False,0.95,0.9263211382113822,,0.9333333333333333,0.9385162601626017,3.7,180
hiba,53,0.15,M1,23,False,0.75,0.75,0.0,1.0,1.0,3.6875,16
hiba,53,0.15,M2,206,False,0.8859649122807017,0.9067028985507245,0.0,1.0,1.0,4.2105263157894735,114
hiba,53,0.15,M3,21,False,0.9090909090909091,0.9,0.0,1.0,1.0,3.8181818181818183,11
pad,53,0.05,B,90,False,0.9861111111111112,0.990909090909091,,0.9583333333333334,0.9696969696969696,3.8055555555555554,72
pad,53,0.05,M1,23,False,1.0,1.0,0.0,1.0,1.0,4.590909090909091,22
pad,53,0.05,M2,130,False,0.9444444444444444,0.9459459459459459,0.0,1.0,1.0,4.243055555555555,144
pad,53,0.05,M3,69,False,0.95,0.9375,0.025,0.975,0.96875,4.025,40
pad,53,0.05,M4,8,True,1.0,1.0,0.0,1.0,1.0,5.428571428571429,7
pad,53,0.05,M5,3,True,,,,,,,0
pad,53,0.1,B,90,False,0.8611111111111112,0.8696969696969696,,0.9305555555555556,0.9545454545454546,2.986111111111111,72
pad,53,0.1,M1,23,False,1.0,1.0,0.0,1.0,1.0,3.5454545454545454,22
pad,53,0.1,M2,130,False,0.875,0.8798798798798799,0.013888888888888888,0.9861111111111112,0.9864864864864865,3.0972222222222223,144
pad,53,0.1,M3,69,False,0.9,0.875,0.05,0.95,0.9375,3.1,40
pad,53,0.1,M4,8,True,1.0,1.0,0.0,1.0,1.0,4.428571428571429,7
pad,53,0.1,M5,3,True,,,,,,,0
pad,53,0.15,B,90,False,0.7638888888888888,0.7545454545454545,,0.9444444444444444,0.9696969696969696,2.5833333333333335,72
pad,53,0.15,M1,23,False,0.9545454545454546,0.9375,0.0,1.0,1.0,2.8636363636363638,22
pad,53,0.15,M2,130,False,0.8472222222222222,0.852852852852853,0.027777777777777776,0.9722222222222222,0.972972972972973,2.7152777777777777,144
pad,53,0.15,M3,69,False,0.825,0.78125,0.1,0.9,0.875,2.65,40
pad,53,0.15,M4,8,False,1.0,1.0,0.0,1.0,1.0,3.5714285714285716,7
pad,53,0.15,M5,3,True,,,,,,,0
hiba,54,0.05,B,185,False,0.9888888888888889,0.9629629629629629,,1.0,1.0,5.718518518518518,270
hiba,54,0.05,M1,27,False,0.9,0.8333333333333334,0.0,1.0,1.0,6.1,10
hiba,54,0.05,M2,204,False,0.9426229508196722,0.9361702127659575,0.0,1.0,1.0,6.344262295081967,122
hiba,54,0.05,M3,23,False,1.0,1.0,0.0,1.0,1.0,6.363636363636363,11
hiba,54,0.1,B,185,False,0.9592592592592593,0.9053497942386831,,0.9592592592592593,0.9821951952670905,3.9,270
hiba,54,0.1,M1,27,False,0.9,0.8333333333333334,0.0,1.0,1.0,4.8,10
hiba,54,0.1,M2,204,False,0.8852459016393442,0.875,0.00819672131147541,0.9918032786885246,0.9946808510638298,4.844262295081967,122
hiba,54,0.1,M3,23,False,1.0,1.0,0.0,1.0,1.0,4.818181818181818,11
hiba,54,0.15,B,185,False,0.9518518518518518,0.8997942386831275,,0.8666666666666667,0.9337448746346807,3.196296296296296,270
hiba,54,0.15,M1,27,False,0.9,0.8333333333333334,0.0,1.0,1.0,4.5,10
hiba,54,0.15,M2,204,False,0.819672131147541,0.8058510638297872,0.02459016393442623,0.9754098360655737,0.973404255319149,4.122950819672131,122
hiba,54,0.15,M3,23,False,0.9090909090909091,0.9375,0.0,1.0,1.0,4.181818181818182,11
pad,54,0.05,B,90,False,0.8918918918918919,0.8848484848484849,,0.918918918918919,0.9242424242424242,3.6216216216216215,74
pad,54,0.05,M1,24,False,0.95,0.9666666666666667,0.0,1.0,1.0,3.8,20
pad,54,0.05,M2,135,False,0.9632352941176471,0.9622641509433962,0.007352941176470588,0.9926470588235294,0.9905660377358491,3.9191176470588234,136
pad,54,0.05,M3,65,False,0.9361702127659575,0.9351851851851853,0.0,1.0,1.0,3.8085106382978724,47
pad,54,0.05,M4,10,True,1.0,1.0,0.0,1.0,1.0,5.0,5
pad,54,0.05,M5,1,True,1.0,1.0,0.0,1.0,1.0,5.5,2
pad,54,0.1,B,90,False,0.8243243243243243,0.8363636363636362,,0.9054054054054054,0.9151515151515152,3.081081081081081,74
pad,54,0.1,M1,24,False,0.8,0.8,0.1,0.9,0.9,2.75,20
pad,54,0.1,M2,135,False,0.9558823529411765,0.9528301886792453,0.014705882352941176,0.9852941176470589,0.9811320754716981,3.161764705882353,136
pad,54,0.1,M3,65,False,0.9148936170212766,0.9074074074074076,0.0,1.0,1.0,3.0851063829787235,47
pad,54,0.1,M4,10,False,1.0,1.0,0.0,1.0,1.0,3.6,5
pad,54,0.1,M5,1,True,1.0,1.0,0.0,1.0,1.0,5.0,2
pad,54,0.15,B,90,False,0.7972972972972973,0.8,,0.9054054054054054,0.9242424242424243,2.72972972972973,74
pad,54,0.15,M1,24,False,0.8,0.8,0.1,0.9,0.9,2.55,20
pad,54,0.15,M2,135,False,0.875,0.878930817610063,0.014705882352941176,0.9852941176470589,0.9811320754716981,2.7941176470588234,136
pad,54,0.15,M3,65,False,0.8936170212765957,0.9027777777777778,0.0,1.0,1.0,2.851063829787234,47
pad,54,0.15,M4,10,False,1.0,1.0,0.0,1.0,1.0,3.6,5
pad,54,0.15,M5,1,True,1.0,1.0,0.0,1.0,1.0,5.0,2
hiba,55,0.05,B,183,False,0.9742489270386266,0.9397590361445783,,1.0,1.0,5.360515021459228,233
hiba,55,0.05,M1,21,False,1.0,1.0,0.0,1.0,1.0,6.052631578947368,19
hiba,55,0.05,M2,210,False,0.918918918918919,0.9109848484848485,0.0,1.0,1.0,6.099099099099099,111
hiba,55,0.05,M3,21,False,0.9375,0.9,0.0,1.0,1.0,5.875,16
hiba,55,0.1,B,183,False,0.9484978540772532,0.8965863453815262,,0.9399141630901288,0.977737279650816,3.7854077253218885,233
hiba,55,0.1,M1,21,False,1.0,1.0,0.0,1.0,1.0,4.684210526315789,19
hiba,55,0.1,M2,210,False,0.8198198198198198,0.8087121212121211,0.036036036036036036,0.963963963963964,0.9715909090909091,4.306306306306307,111
hiba,55,0.1,M3,21,False,0.9375,0.9,0.0,1.0,1.0,4.875,16
hiba,55,0.15,B,183,False,0.8755364806866953,0.7660642570281124,,0.7725321888412017,0.9178506744063087,2.703862660944206,233
hiba,55,0.15,M1,21,False,0.8947368421052632,0.9444444444444445,0.05263157894736842,0.9473684210526315,0.9722222222222222,3.263157894736842,19
hiba,55,0.15,M2,210,False,0.7927927927927928,0.7831439393939393,0.04504504504504504,0.954954954954955,0.9678030303030304,3.4324324324324325,111
hiba,55,0.15,M3,21,False,0.9375,0.9,0.0,1.0,1.0,4.0,16
pad,55,0.05,B,94,False,0.9365079365079365,0.9313725490196079,,0.9682539682539683,0.9705882352941176,3.8412698412698414,63
pad,55,0.05,M1,24,False,0.88,0.8333333333333334,0.04,0.96,0.9333333333333333,3.68,25
pad,55,0.05,M2,134,False,0.9863945578231292,0.9906542056074766,0.0,1.0,1.0,4.2312925170068025,147
pad,55,0.05,M3,60,False,0.9607843137254902,0.9512195121951219,0.0196078431372549,0.9803921568627451,0.975609756097561,4.019607843137255,51
pad,55,0.05,M4,10,True,1.0,1.0,0.0,1.0,1.0,5.0,4
pad,55,0.05,M5,2,True,1.0,1.0,0.0,1.0,1.0,6.0,1
pad,55,0.1,B,94,False,0.9206349206349206,0.9117647058823529,,0.9523809523809523,0.9509803921568627,3.3015873015873014,63
pad,55,0.1,M1,24,False,0.76,0.7444444444444446,0.12,0.88,0.8666666666666667,2.8,25
pad,55,0.1,M2,134,False,0.9659863945578231,0.9672897196261683,0.0,1.0,1.0,3.6530612244897958,147
pad,55,0.1,M3,60,False,0.9411764705882353,0.926829268292683,0.0196078431372549,0.9803921568627451,0.975609756097561,3.392156862745098,51
pad,55,0.1,M4,10,False,0.75,0.75,0.0,1.0,1.0,3.75,4
pad,55,0.1,M5,2,True,1.0,1.0,0.0,1.0,1.0,6.0,1
pad,55,0.15,B,94,False,0.8571428571428571,0.8529411764705882,,0.9206349206349206,0.9379084967320261,2.7142857142857144,63
pad,55,0.15,M1,24,False,0.76,0.7444444444444446,0.12,0.88,0.8666666666666667,2.4,25
pad,55,0.15,M2,134,False,0.9251700680272109,0.9252336448598131,0.006802721088435374,0.9931972789115646,0.9953271028037384,3.068027210884354,147
pad,55,0.15,M3,60,False,0.8823529411764706,0.8658536585365854,0.058823529411764705,0.9411764705882353,0.926829268292683,2.9215686274509802,51
pad,55,0.15,M4,10,False,0.75,0.75,0.0,1.0,1.0,3.0,4
pad,55,0.15,M5,2,True,1.0,1.0,0.0,1.0,1.0,6.0,1
hiba,56,0.05,B,182,False,0.9726775956284153,0.9404761904761905,,1.0,1.0,6.136612021857924,183
hiba,56,0.05,M1,21,False,0.9523809523809523,0.9166666666666666,0.0,1.0,1.0,6.238095238095238,21
hiba,56,0.05,M2,213,False,0.9809523809523809,0.9823529411764705,0.0,1.0,1.0,6.333333333333333,105
hiba,56,0.05,M3,22,False,1.0,1.0,0.0,1.0,1.0,6.3,10
hiba,56,0.1,B,182,False,0.9508196721311475,0.8988095238095238,,0.9562841530054644,0.9821428571428571,4.229508196721311,183
hiba,56,0.1,M1,21,False,0.9523809523809523,0.9166666666666666,0.0,1.0,1.0,4.9523809523809526,21
hiba,56,0.1,M2,213,False,0.9333333333333333,0.9382352941176471,0.009523809523809525,0.9904761904761905,0.9941176470588236,4.828571428571428,105
hiba,56,0.1,M3,22,False,1.0,1.0,0.0,1.0,1.0,4.9,10
hiba,56,0.15,B,182,False,0.9398907103825137,0.8845238095238095,,0.9016393442622951,0.9436507936507936,3.5136612021857925,183
hiba,56,0.15,M1,21,False,0.8095238095238095,0.7916666666666666,0.047619047619047616,0.9523809523809523,0.9583333333333334,3.9523809523809526,21
hiba,56,0.15,M2,213,False,0.9047619047619048,0.9147058823529411,0.01904761904761905,0.9809523809523809,0.9823529411764705,4.228571428571429,105
hiba,56,0.15,M3,22,False,0.9,0.9444444444444444,0.0,1.0,1.0,4.1,10
pad,56,0.05,B,86,False,0.9342105263157895,0.9350282485875707,,0.9342105263157895,0.9350282485875706,3.736842105263158,76
pad,56,0.05,M1,22,False,1.0,1.0,0.0,1.0,1.0,4.291666666666667,24
pad,56,0.05,M2,140,False,0.9596774193548387,0.9603960396039604,0.0,1.0,1.0,4.040322580645161,124
pad,56,0.05,M3,57,False,0.9803921568627451,0.9772727272727273,0.0,1.0,1.0,4.313725490196078,51
pad,56,0.05,M4,9,True,1.0,1.0,0.0,1.0,1.0,5.0,5
pad,56,0.05,M5,2,True,1.0,1.0,0.0,1.0,1.0,3.0,1
pad,56,0.1,B,86,False,0.9078947368421053,0.9096045197740114,,0.881578947368421,0.8870056497175142,3.1973684210526314,76
pad,56,0.1,M1,22,False,1.0,1.0,0.0,1.0,1.0,3.5,24
pad,56,0.1,M2,140,False,0.9354838709677419,0.9306930693069307,0.016129032258064516,0.9838709677419355,0.9801980198019802,3.3306451612903225,124
pad,56,0.1,M3,57,False,0.9411764705882353,0.9318181818181818,0.0,1.0,1.0,3.5294117647058822,51
pad,56,0.1,M4,9,False,1.0,1.0,0.0,1.0,1.0,3.2,5
pad,56,0.1,M5,2,True,1.0,1.0,0.0,1.0,1.0,3.0,1
pad,56,0.15,B,86,False,0.8552631578947368,0.8700564971751411,,0.8947368421052632,0.9039548022598869,2.789473684210526,76
pad,56,0.15,M1,22,False,1.0,1.0,0.0,1.0,1.0,2.9166666666666665,24
pad,56,0.15,M2,140,False,0.8790322580645161,0.8729372937293729,0.024193548387096774,0.9758064516129032,0.9702970297029703,2.8629032258064515,124
pad,56,0.15,M3,57,False,0.9215686274509803,0.9090909090909091,0.0,1.0,1.0,3.215686274509804,51
pad,56,0.15,M4,9,False,1.0,1.0,0.0,1.0,1.0,3.0,5
pad,56,0.15,M5,2,True,1.0,1.0,0.0,1.0,1.0,3.0,1
hiba,57,0.05,B,188,False,0.9855595667870036,0.9775641025641025,,1.0,1.0,5.736462093862816,277
hiba,57,0.05,M1,25,False,0.9,0.875,0.0,1.0,1.0,6.3,10
hiba,57,0.05,M2,206,False,0.9658119658119658,0.9565217391304348,0.0,1.0,1.0,6.598290598290598,117
hiba,57,0.05,M3,21,False,0.9090909090909091,0.9,0.0,1.0,1.0,5.909090909090909,11
hiba,57,0.1,B,188,False,0.9602888086642599,0.9476495726495725,,0.9963898916967509,0.9992458521870287,4.59927797833935,277
hiba,57,0.1,M1,25,False,0.9,0.875,0.0,1.0,1.0,5.2,10
hiba,57,0.1,M2,206,False,0.9230769230769231,0.9266304347826086,0.017094017094017096,0.9829059829059829,0.9836956521739131,5.401709401709402,117
hiba,57,0.1,M3,21,False,0.9090909090909091,0.9,0.0,1.0,1.0,5.2727272727272725,11
hiba,57,0.15,B,188,False,0.9422382671480144,0.9050213675213674,,0.8375451263537906,0.959648540027797,3.0613718411552346,277
hiba,57,0.15,M1,25,False,0.7,0.75,0.0,1.0,1.0,3.8,10
hiba,57,0.15,M2,206,False,0.8717948717948718,0.8740942028985507,0.03418803418803419,0.9658119658119658,0.967391304347826,4.188034188034188,117
hiba,57,0.15,M3,21,False,0.8181818181818182,0.8,0.0,1.0,1.0,4.818181818181818,11
pad,57,0.05,B,85,False,0.9487179487179487,0.9527777777777778,,0.9871794871794872,0.9944444444444446,3.8846153846153846,78
pad,57,0.05,M1,31,False,1.0,1.0,0.0,1.0,1.0,3.769230769230769,13
pad,57,0.05,M2,148,False,0.992,0.9946236559139785,0.0,1.0,1.0,4.368,125
pad,57,0.05,M3,51,False,0.9523809523809523,0.94,0.0,1.0,1.0,3.9206349206349205,63
pad,57,0.05,M4,9,True,1.0,1.0,0.0,1.0,1.0,5.166666666666667,6
pad,57,0.05,M5,2,True,1.0,1.0,0.0,1.0,1.0,3.0,1
pad,57,0.1,B,85,False,0.9358974358974359,0.9472222222222222,,0.9102564102564102,0.9250000000000002,3.3461538461538463,78
pad,57,0.1,M1,31,False,0.9230769230769231,0.875,0.07692307692307693,0.9230769230769231,0.875,3.3076923076923075,13
pad,57,0.1,M2,148,False,0.984,0.989247311827957,0.0,1.0,1.0,3.664,125
pad,57,0.1,M3,51,False,0.9365079365079365,0.92,0.015873015873015872,0.9841269841269841,0.98,3.3968253968253967,63
pad,57,0.1,M4,9,False,0.8333333333333334,0.8,0.0,1.0,1.0,3.8333333333333335,6
pad,57,0.1,M5,2,True,1.0,1.0,0.0,1.0,1.0,3.0,1
pad,57,0.15,B,85,False,0.8974358974358975,0.9166666666666665,,0.9102564102564102,0.9333333333333332,2.9358974358974357,78
pad,57,0.15,M1,31,False,0.7692307692307693,0.6875,0.15384615384615385,0.8461538461538461,0.8125,2.769230769230769,13
pad,57,0.15,M2,148,False,0.976,0.978494623655914,0.0,1.0,1.0,3.232,125
pad,57,0.15,M3,51,False,0.8571428571428571,0.8466666666666667,0.031746031746031744,0.9682539682539683,0.96,2.873015873015873,63
pad,57,0.15,M4,9,False,0.8333333333333334,0.8,0.0,1.0,1.0,3.6666666666666665,6
pad,57,0.15,M5,2,True,1.0,1.0,0.0,1.0,1.0,3.0,1
hiba,58,0.05,B,181,False,0.9788135593220338,0.9470588235294117,,1.0,1.0,5.661016949152542,236
hiba,58,0.05,M1,23,False,0.9285714285714286,0.9,0.0,1.0,1.0,5.428571428571429,14
hiba,58,0.05,M2,213,False,0.9405940594059405,0.9490196078431371,0.0,1.0,1.0,6.356435643564357,101
hiba,58,0.05,M3,21,False,1.0,1.0,0.0,1.0,1.0,6.818181818181818,11
hiba,58,0.1,B,181,False,0.9703389830508474,0.9235294117647059,,0.9661016949152542,0.9931652661064424,3.9788135593220337,236
hiba,58,0.1,M1,23,False,0.9285714285714286,0.9,0.0,1.0,1.0,4.428571428571429,14
hiba,58,0.1,M2,213,False,0.9405940594059405,0.9490196078431371,0.0,1.0,1.0,5.03960396039604,101
hiba,58,0.1,M3,21,False,1.0,1.0,0.0,1.0,1.0,5.363636363636363,11
hiba,58,0.15,B,181,False,0.9533898305084746,0.897156862745098,,0.8898305084745762,0.947642390289449,3.309322033898305,236
hiba,58,0.15,M1,23,False,0.9285714285714286,0.9,0.0,1.0,1.0,3.9285714285714284,14
hiba,58,0.15,M2,213,False,0.900990099009901,0.9137254901960783,0.0,1.0,1.0,4.475247524752476,101
hiba,58,0.15,M3,21,False,1.0,1.0,0.0,1.0,1.0,5.363636363636363,11
pad,58,0.05,B,87,False,0.9565217391304348,0.9568965517241379,,0.9710144927536232,0.9655172413793104,3.6956521739130435,69
pad,58,0.05,M1,24,False,0.9090909090909091,0.9,0.0,1.0,1.0,3.9545454545454546,22
pad,58,0.05,M2,139,False,0.9375,0.9411764705882353,0.0078125,0.9921875,0.9901960784313726,4.15625,128
pad,58,0.05,M3,63,False,0.9375,0.9385964912280703,0.0,1.0,1.0,4.166666666666667,48
pad,58,0.05,M4,9,True,1.0,1.0,0.0,1.0,1.0,5.2,5
pad,58,0.05,M5,1,True,1.0,1.0,0.0,1.0,1.0,4.5,2
pad,58,0.1,B,87,False,0.9420289855072463,0.9396551724137931,,0.927536231884058,0.9224137931034483,3.420289855072464,69
pad,58,0.1,M1,24,False,0.9090909090909091,0.9,0.0,1.0,1.0,3.3181818181818183,22
pad,58,0.1,M2,139,False,0.9140625,0.9166666666666666,0.015625,0.984375,0.9803921568627451,3.640625,128
pad,58,0.1,M3,63,False,0.9166666666666666,0.9122807017543861,0.0,1.0,1.0,3.6041666666666665,48
pad,58,0.1,M4,9,False,1.0,1.0,0.0,1.0,1.0,3.0,5
pad,58,0.1,M5,1,True,1.0,1.0,0.0,1.0,1.0,4.5,2
pad,58,0.15,B,87,False,0.8115942028985508,0.8103448275862069,,0.9565217391304348,0.9568965517241379,2.8550724637681157,69
pad,58,0.15,M1,24,False,0.9090909090909091,0.9,0.0,1.0,1.0,2.409090909090909,22
pad,58,0.15,M2,139,False,0.8515625,0.8651960784313726,0.03125,0.96875,0.9705882352941176,2.859375,128
pad,58,0.15,M3,63,False,0.875,0.8596491228070177,0.020833333333333332,0.9791666666666666,0.9736842105263158,2.8958333333333335,48
pad,58,0.15,M4,9,False,1.0,1.0,0.0,1.0,1.0,2.8,5
pad,58,0.15,M5,1,True,1.0,1.0,0.0,1.0,1.0,4.5,2
hiba,59,0.05,B,194,False,0.994413407821229,0.9861111111111112,,1.0,1.0,5.631284916201118,179
hiba,59,0.05,M1,22,False,1.0,1.0,0.0,1.0,1.0,6.055555555555555,18
hiba,59,0.05,M2,199,False,0.967479674796748,0.9663299663299664,0.0,1.0,1.0,6.59349593495935,123
hiba,59,0.05,M3,22,False,0.8888888888888888,0.8888888888888888,0.0,1.0,1.0,5.888888888888889,9
hiba,59,0.1,B,194,False,0.9776536312849162,0.9537037037037037,,0.9497206703910615,0.9759700176366842,3.804469273743017,179
hiba,59,0.1,M1,22,False,1.0,1.0,0.0,1.0,1.0,4.722222222222222,18
hiba,59,0.1,M2,199,False,0.8943089430894309,0.8804713804713805,0.008130081300813009,0.991869918699187,0.98989898989899,4.642276422764228,123
hiba,59,0.1,M3,22,False,0.8888888888888888,0.8888888888888888,0.0,1.0,1.0,5.0,9
hiba,59,0.15,B,194,False,0.9329608938547486,0.8814814814814814,,0.7486033519553073,0.913723544973545,2.659217877094972,179
hiba,59,0.15,M1,22,False,0.8888888888888888,0.9393939393939394,0.0,1.0,1.0,3.7777777777777777,18
hiba,59,0.15,M2,199,False,0.8048780487804879,0.8047138047138046,0.032520325203252036,0.967479674796748,0.9696969696969697,3.821138211382114,123
hiba,59,0.15,M3,22,False,0.7777777777777778,0.7777777777777778,0.0,1.0,1.0,3.888888888888889,9
pad,59,0.05,B,85,False,0.9240506329113924,0.9166666666666666,,0.9240506329113924,0.9527777777777777,3.6835443037974684,79
pad,59,0.05,M1,24,False,1.0,1.0,0.0,1.0,1.0,3.9130434782608696,23
pad,59,0.05,M2,146,False,0.925,0.9263157894736842,0.008333333333333333,0.9916666666666667,0.9894736842105263,3.808333333333333,120
pad,59,0.05,M3,60,False,0.9827586206896551,0.975609756097561,0.017241379310344827,0.9827586206896551,0.975609756097561,3.7758620689655173,58
pad,59,0.05,M4,7,True,1.0,1.0,0.0,1.0,1.0,4.857142857142857,7
pad,59,0.05,M5,2,True,1.0,1.0,0.0,1.0,1.0,3.0,1
pad,59,0.1,B,85,False,0.7721518987341772,0.7972222222222222,,0.9113924050632911,0.9249999999999999,2.7468354430379747,79
pad,59,0.1,M1,24,False,1.0,1.0,0.0,1.0,1.0,3.3043478260869565,23
pad,59,0.1,M2,146,False,0.875,0.8754385964912281,0.016666666666666666,0.9833333333333333,0.9789473684210527,2.908333333333333,120
pad,59,0.1,M3,60,False,0.896551724137931,0.8658536585365854,0.034482758620689655,0.9655172413793104,0.9512195121951219,3.0517241379310347,58
pad,59,0.1,M4,7,True,1.0,1.0,0.0,1.0,1.0,4.285714285714286,7
pad,59,0.1,M5,2,True,1.0,1.0,0.0,1.0,1.0,3.0,1
pad,59,0.15,B,85,False,0.7341772151898734,0.7583333333333333,,0.9240506329113924,0.9416666666666667,2.430379746835443,79
pad,59,0.15,M1,24,False,0.9565217391304348,0.9333333333333333,0.043478260869565216,0.9565217391304348,0.9333333333333333,2.9130434782608696,23
pad,59,0.15,M2,146,False,0.85,0.8570175438596491,0.03333333333333333,0.9666666666666667,0.9631578947368421,2.7,120
pad,59,0.15,M3,60,False,0.8275862068965517,0.8008130081300812,0.05172413793103448,0.9482758620689655,0.926829268292683,2.7241379310344827,58
pad,59,0.15,M4,7,False,0.7142857142857143,0.7142857142857143,0.0,1.0,1.0,2.7142857142857144,7
pad,59,0.15,M5,2,True,1.0,1.0,0.0,1.0,1.0,3.0,1
hiba,60,0.05,B,191,False,0.9636363636363636,0.9333333333333333,,1.0,1.0,5.569696969696969,165
hiba,60,0.05,M1,28,False,1.0,1.0,0.0,1.0,1.0,6.0,7
hiba,60,0.05,M2,200,False,0.9741379310344828,0.9744897959183674,0.0,1.0,1.0,6.0344827586206895,116
hiba,60,0.05,M3,23,False,1.0,1.0,0.0,1.0,1.0,6.25,8
hiba,60,0.1,B,191,False,0.9393939393939394,0.9039999999999999,,0.9696969696969697,0.9726984126984126,3.963636363636364,165
hiba,60,0.1,M1,28,False,1.0,1.0,0.0,1.0,1.0,4.285714285714286,7
hiba,60,0.1,M2,200,False,0.9655172413793104,0.9642857142857143,0.0,1.0,1.0,4.922413793103448,116
hiba,60,0.1,M3,23,False,1.0,1.0,0.0,1.0,1.0,5.375,8
hiba,60,0.15,B,191,False,0.9272727272727272,0.884,,0.9090909090909091,0.937883597883598,3.3333333333333335,165
hiba,60,0.15,M1,28,False,1.0,1.0,0.0,1.0,1.0,3.5714285714285716,7
hiba,60,0.15,M2,200,False,0.9051724137931034,0.8979591836734694,0.017241379310344827,0.9827586206896551,0.9795918367346939,4.163793103448276,116
hiba,60,0.15,M3,23,False,1.0,1.0,0.0,1.0,1.0,5.25,8
pad,60,0.05,B,83,False,1.0,1.0,,0.972972972972973,0.9784946236559139,4.22972972972973,74
pad,60,0.05,M1,27,False,1.0,1.0,0.0,1.0,1.0,4.842105263157895,19
pad,60,0.05,M2,147,False,0.9917355371900827,0.9946808510638298,0.0,1.0,1.0,4.553719008264463,121
pad,60,0.05,M3,61,False,0.9777777777777777,0.975,0.0,1.0,1.0,4.222222222222222,45
pad,60,0.05,M4,8,True,1.0,1.0,0.0,1.0,1.0,5.714285714285714,7
pad,60,0.05,M5,2,True,1.0,1.0,0.0,1.0,1.0,6.0,1
pad,60,0.1,B,83,False,0.9864864864864865,0.9838709677419355,,0.918918918918919,0.9139784946236559,3.6486486486486487,74
pad,60,0.1,M1,27,False,1.0,1.0,0.0,1.0,1.0,4.421052631578948,19
pad,60,0.1,M2,147,False,0.8925619834710744,0.9007092198581561,0.024793388429752067,0.9752066115702479,0.973404255319149,3.6611570247933884,121
pad,60,0.1,M3,61,False,0.8888888888888888,0.8916666666666668,0.022222222222222223,0.9777777777777777,0.975,3.422222222222222,45
pad,60,0.1,M4,8,True,1.0,1.0,0.0,1.0,1.0,5.142857142857143,7
pad,60,0.1,M5,2,True,1.0,1.0,0.0,1.0,1.0,5.0,1
pad,60,0.15,B,83,False,0.9324324324324325,0.9381720430107526,,0.9054054054054054,0.9086021505376345,2.891891891891892,74
pad,60,0.15,M1,27,False,0.9473684210526315,0.9166666666666666,0.0,1.0,1.0,3.526315789473684,19
pad,60,0.15,M2,147,False,0.8347107438016529,0.8421985815602837,0.04132231404958678,0.9586776859504132,0.9574468085106383,3.024793388429752,121
pad,60,0.15,M3,61,False,0.8666666666666667,0.8666666666666668,0.044444444444444446,0.9555555555555556,0.95,2.977777777777778,45
pad,60,0.15,M4,8,False,0.8571428571428571,0.8333333333333334,0.0,1.0,1.0,3.2857142857142856,7
pad,60,0.15,M5,2,True,1.0,1.0,0.0,1.0,1.0,4.0,1
hiba,61,0.05,B,178,False,0.9763313609467456,0.9659090909090909,,1.0,1.0,6.06508875739645,169
hiba,61,0.05,M1,24,False,0.7857142857142857,0.8148148148148148,0.0,1.0,1.0,5.714285714285714,14
hiba,61,0.05,M2,212,False,0.9807692307692307,0.9767441860465116,0.0,1.0,1.0,6.586538461538462,104
hiba,61,0.05,M3,21,False,1.0,1.0,0.0,1.0,1.0,6.909090909090909,11
hiba,61,0.1,B,178,False,0.9349112426035503,0.9053030303030302,,0.9644970414201184,0.9753787878787878,3.9171597633136095,169
hiba,61,0.1,M1,24,False,0.7857142857142857,0.8148148148148148,0.0,1.0,1.0,4.714285714285714,14
hiba,61,0.1,M2,212,False,0.9134615384615384,0.9098837209302325,0.0,1.0,1.0,4.826923076923077,104
hiba,61,0.1,M3,21,False,0.8181818181818182,0.85,0.0,1.0,1.0,4.636363636363637,11
hiba,61,0.15,B,178,False,0.8875739644970414,0.8385416666666665,,0.9349112426035503,0.955965909090909,3.106508875739645,169
hiba,61,0.15,M1,24,False,0.5714285714285714,0.5925925925925926,0.07142857142857142,0.9285714285714286,0.9444444444444444,3.7142857142857144,14
hiba,61,0.15,M2,212,False,0.8461538461538461,0.8536821705426355,0.028846153846153848,0.9711538461538461,0.9651162790697675,3.9134615384615383,104
hiba,61,0.15,M3,21,False,0.8181818181818182,0.85,0.0,1.0,1.0,3.8181818181818183,11
pad,61,0.05,B,91,False,0.9714285714285714,0.9629629629629629,,0.9285714285714286,0.9197530864197531,3.6,70
pad,61,0.05,M1,27,False,0.8823529411764706,0.875,0.0,1.0,1.0,3.8823529411764706,17
pad,61,0.05,M2,139,False,0.917910447761194,0.9166666666666666,0.007462686567164179,0.9925373134328358,0.9901960784313726,3.9477611940298507,134
pad,61,0.05,M3,66,False,0.9318181818181818,0.9333333333333335,0.0,1.0,1.0,4.090909090909091,44
pad,61,0.05,M4,7,True,1.0,1.0,0.0,1.0,1.0,5.125,8
pad,61,0.05,M5,1,True,1.0,1.0,0.0,1.0,1.0,4.0,2
pad,61,0.1,B,91,False,0.9142857142857143,0.9104938271604938,,0.9142857142857143,0.9104938271604938,2.942857142857143,70
pad,61,0.1,M1,27,False,0.8823529411764706,0.875,0.0,1.0,1.0,3.1176470588235294,17
pad,61,0.1,M2,139,False,0.8955223880597015,0.8921568627450981,0.014925373134328358,0.9850746268656716,0.9852941176470589,3.0671641791044775,134
pad,61,0.1,M3,66,False,0.9318181818181818,0.9333333333333335,0.0,1.0,1.0,3.3636363636363638,44
pad,61,0.1,M4,7,True,1.0,1.0,0.0,1.0,1.0,4.25,8
pad,61,0.1,M5,1,True,1.0,1.0,0.0,1.0,1.0,3.5,2
pad,61,0.15,B,91,False,0.8285714285714286,0.808641975308642,,0.8857142857142857,0.8919753086419753,2.3142857142857145,70
pad,61,0.15,M1,27,False,0.7058823529411765,0.7083333333333334,0.058823529411764705,0.9411764705882353,0.9583333333333334,2.0,17
pad,61,0.15,M2,139,False,0.8134328358208955,0.8259803921568627,0.014925373134328358,0.9850746268656716,0.9852941176470589,2.582089552238806,134
pad,61,0.15,M3,66,False,0.9318181818181818,0.9333333333333335,0.0,1.0,1.0,2.909090909090909,44
pad,61,0.15,M4,7,False,0.875,0.8571428571428571,0.0,1.0,1.0,2.75,8
pad,61,0.15,M5,1,True,1.0,1.0,0.0,1.0,1.0,3.5,2
hiba,62,0.05,B,188,False,0.9550561797752809,0.9391025641025641,,1.0,1.0,5.337078651685394,178
hiba,62,0.05,M1,22,False,0.875,0.8863636363636364,0.0,1.0,1.0,5.75,16
hiba,62,0.05,M2,209,False,0.9122807017543859,0.9157303370786517,0.0,1.0,1.0,6.184210526315789,114
hiba,62,0.05,M3,20,False,0.9375,0.9090909090909091,0.0,1.0,1.0,6.0,16
hiba,62,0.1,B,188,False,0.9101123595505618,0.8814102564102564,,0.9382022471910112,0.9780787232710307,3.702247191011236,178
hiba,62,0.1,M1,22,False,0.75,0.8181818181818182,0.0,1.0,1.0,4.375,16
hiba,62,0.1,M2,209,False,0.8421052631578947,0.8398876404494382,0.017543859649122806,0.9824561403508771,0.9831460674157303,4.684210526315789,114
hiba,62,0.1,M3,20,False,0.9375,0.9090909090909091,0.0,1.0,1.0,4.75,16
hiba,62,0.15,B,188,False,0.8764044943820225,0.8344017094017095,,0.848314606741573,0.9261529069221376,2.943820224719101,178
hiba,62,0.15,M1,22,False,0.6875,0.7272727272727273,0.0,1.0,1.0,3.625,16
hiba,62,0.15,M2,209,False,0.7719298245614035,0.7827715355805243,0.02631578947368421,0.9736842105263158,0.9719101123595506,3.956140350877193,114
hiba,62,0.15,M3,20,False,0.6875,0.6212121212121212,0.0,1.0,1.0,3.6875,16
pad,62,0.05,B,85,False,1.0,1.0,,0.9863013698630136,0.9944444444444446,4.232876712328767,73
pad,62,0.05,M1,22,False,1.0,1.0,0.0,1.0,1.0,4.933333333333334,30
pad,62,0.05,M2,156,False,0.9611650485436893,0.9647058823529412,0.0,1.0,1.0,4.864077669902913,103
pad,62,0.05,M3,55,False,1.0,1.0,0.0,1.0,1.0,4.967213114754099,61
pad,62,0.05,M4,8,True,1.0,1.0,0.0,1.0,1.0,6.0,6
pad,62,0.05,M5,2,True,1.0,1.0,0.0,1.0,1.0,6.0,1
pad,62,0.1,B,85,False,1.0,1.0,,0.9315068493150684,0.9472222222222223,3.26027397260274,73
pad,62,0.1,M1,22,False,0.9666666666666667,0.9411764705882353,0.03333333333333333,0.9666666666666667,0.9411764705882353,4.2,30
pad,62,0.1,M2,156,False,0.8446601941747572,0.8607843137254902,0.019417475728155338,0.9805825242718447,0.9764705882352941,3.970873786407767,103
pad,62,0.1,M3,55,False,0.9836065573770492,0.9927536231884059,0.0,1.0,1.0,4.180327868852459,61
pad,62,0.1,M4,8,True,1.0,1.0,0.0,1.0,1.0,5.166666666666667,6
pad,62,0.1,M5,2,True,1.0,1.0,0.0,1.0,1.0,6.0,1
pad,62,0.15,B,85,False,0.8904109589041096,0.8972222222222223,,0.9041095890410958,0.9333333333333333,2.547945205479452,73
pad,62,0.15,M1,22,False,0.9333333333333333,0.9215686274509803,0.03333333333333333,0.9666666666666667,0.9411764705882353,3.033333333333333,30
pad,62,0.15,M2,156,False,0.8349514563106796,0.8490196078431373,0.019417475728155338,0.9805825242718447,0.9764705882352941,3.0776699029126213,103
pad,62,0.15,M3,55,False,0.8688524590163934,0.8623188405797102,0.04918032786885246,0.9508196721311475,0.9456521739130435,3.1147540983606556,61
pad,62,0.15,M4,8,False,1.0,1.0,0.0,1.0,1.0,4.0,6
pad,62,0.15,M5,2,True,1.0,1.0,0.0,1.0,1.0,6.0,1
hiba,63,0.05,B,193,False,1.0,1.0,,1.0,1.0,6.305164319248826,213
hiba,63,0.05,M1,24,False,1.0,1.0,0.0,1.0,1.0,6.705882352941177,17
hiba,63,0.05,M2,204,False,0.9495798319327731,0.9468085106382979,0.0,1.0,1.0,6.7899159663865545,119
hiba,63,0.05,M3,19,False,1.0,1.0,0.0,1.0,1.0,7.0,13
hiba,63,0.1,B,193,False,0.9436619718309859,0.8858447488584473,,0.9483568075117371,0.9819208189071204,3.9342723004694835,213
hiba,63,0.1,M1,24,False,0.8823529411764706,0.9444444444444444,0.0,1.0,1.0,4.823529411764706,17
hiba,63,0.1,M2,204,False,0.907563025210084,0.901595744680851,0.008403361344537815,0.9915966386554622,0.9893617021276596,4.571428571428571,119
hiba,63,0.1,M3,19,False,1.0,1.0,0.0,1.0,1.0,5.0,13
hiba,63,0.15,B,193,False,0.9061032863849765,0.8182648401826484,,0.8403755868544601,0.9239107163764698,2.9389671361502345,213
hiba,63,0.15,M1,24,False,0.8823529411764706,0.9444444444444444,0.0,1.0,1.0,3.9411764705882355,17
hiba,63,0.15,M2,204,False,0.8571428571428571,0.8537234042553191,0.025210084033613446,0.9747899159663865,0.9680851063829787,3.672268907563025,119
hiba,63,0.15,M3,19,False,0.6923076923076923,0.7083333333333334,0.0,1.0,1.0,3.769230769230769,13
pad,63,0.05,B,95,False,0.9523809523809523,0.9533333333333335,,0.9523809523809523,0.95,4.015873015873016,63
pad,63,0.05,M1,27,False,0.9545454545454546,0.9583333333333334,0.0,1.0,1.0,4.136363636363637,22
pad,63,0.05,M2,144,False,0.9568965517241379,0.9639175257731959,0.0,1.0,1.0,4.301724137931035,116
pad,63,0.05,M3,61,False,0.9791666666666666,0.975,0.0,1.0,1.0,4.3125,48
pad,63,0.05,M4,8,True,1.0,1.0,0.0,1.0,1.0,5.666666666666667,6
pad,63,0.05,M5,3,True,,,,,,,0
pad,63,0.1,B,95,False,0.9523809523809523,0.9533333333333335,,0.9206349206349206,0.91,3.6031746031746033,63
pad,63,0.1,M1,27,False,0.9545454545454546,0.9583333333333334,0.0,1.0,1.0,3.8181818181818183,22
pad,63,0.1,M2,144,False,0.9051724137931034,0.9123711340206185,0.017241379310344827,0.9827586206896551,0.9845360824742269,3.543103448275862,116
pad,63,0.1,M3,61,False,0.8958333333333334,0.9041666666666668,0.0,1.0,1.0,3.8125,48
pad,63,0.1,M4,8,True,1.0,1.0,0.0,1.0,1.0,5.0,6
pad,63,0.1,M5,3,True,,,,,,,0
pad,63,0.15,B,95,False,0.8888888888888888,0.9033333333333334,,0.9047619047619048,0.9033333333333334,2.9523809523809526,63
pad,63,0.15,M1,27,False,0.8181818181818182,0.8333333333333334,0.09090909090909091,0.9090909090909091,0.9166666666666666,2.5,22
pad,63,0.15,M2,144,False,0.896551724137931,0.9020618556701031,0.017241379310344827,0.9827586206896551,0.9845360824742269,2.939655172413793,116
pad,63,0.15,M3,61,False,0.8958333333333334,0.9041666666666668,0.0,1.0,1.0,3.2916666666666665,48
pad,63,0.15,M4,8,False,1.0,1.0,0.0,1.0,1.0,3.8333333333333335,6
pad,63,0.15,M5,3,True,,,,,,,0
hiba,64,0.05,B,186,False,0.9615384615384616,0.9375,,1.0,1.0,5.492307692307692,130
hiba,64,0.05,M1,27,False,1.0,1.0,0.0,1.0,1.0,6.166666666666667,6
hiba,64,0.05,M2,205,False,0.936,0.931899641577061,0.0,1.0,1.0,5.944,125
hiba,64,0.05,M3,19,False,0.42857142857142855,0.4166666666666667,0.0,1.0,1.0,4.857142857142857,14
hiba,64,0.1,B,186,False,0.9153846153846154,0.8708333333333333,,0.9769230769230769,0.9833333333333332,3.8153846153846156,130
hiba,64,0.1,M1,27,False,1.0,1.0,0.0,1.0,1.0,4.333333333333333,6
hiba,64,0.1,M2,205,False,0.864,0.864695340501792,0.024,0.976,0.9838709677419355,4.504,125
hiba,64,0.1,M3,19,False,0.42857142857142855,0.4166666666666667,0.0,1.0,1.0,3.857142857142857,14
hiba,64,0.15,B,186,False,0.8615384615384616,0.8177083333333334,,0.9076923076923077,0.91875,3.0615384615384613,130
hiba,64,0.15,M1,27,False,1.0,1.0,0.0,1.0,1.0,3.3333333333333335,6
hiba,64,0.15,M2,205,False,0.792,0.7948028673835125,0.048,0.952,0.956989247311828,3.584,125
hiba,64,0.15,M3,19,False,0.42857142857142855,0.4166666666666667,0.0,1.0,1.0,3.357142857142857,14
pad,64,0.05,B,83,False,0.9876543209876543,0.9838709677419355,,0.9382716049382716,0.9408602150537635,3.962962962962963,81
pad,64,0.05,M1,20,False,1.0,1.0,0.0,1.0,1.0,4.714285714285714,28
pad,64,0.05,M2,146,False,0.9344262295081968,0.9315789473684211,0.00819672131147541,0.9918032786885246,0.9894736842105263,4.5,122
pad,64,0.05,M3,63,False,1.0,1.0,0.0,1.0,1.0,4.384615384615385,52
pad,64,0.05,M4,6,True,1.0,1.0,0.0,1.0,1.0,5.625,8
pad,64,0.05,M5,3,True,,,,,,,0
pad,64,0.1,B,83,False,0.9753086419753086,0.9758064516129032,,0.8641975308641975,0.8602150537634409,3.419753086419753,81
pad,64,0.1,M1,20,False,1.0,1.0,0.0,1.0,1.0,4.107142857142857,28
pad,64,0.1,M2,146,False,0.9180327868852459,0.9157894736842105,0.00819672131147541,0.9918032786885246,0.9894736842105263,3.942622950819672,122
pad,64,0.1,M3,63,False,0.9038461538461539,0.899122807017544,0.019230769230769232,0.9807692307692307,0.9736842105263158,3.6346153846153846,52
pad,64,0.1,M4,6,True,1.0,1.0,0.0,1.0,1.0,4.875,8
pad,64,0.1,M5,3,True,,,,,,,0
pad,64,0.15,B,83,False,0.8765432098765432,0.8924731182795699,,0.8271604938271605,0.8521505376344085,2.6666666666666665,81
pad,64,0.15,M1,20,False,1.0,1.0,0.0,1.0,1.0,3.142857142857143,28
pad,64,0.15,M2,146,False,0.9180327868852459,0.9157894736842105,0.00819672131147541,0.9918032786885246,0.9894736842105263,3.1065573770491803,122
pad,64,0.15,M3,63,False,0.7884615384615384,0.7894736842105263,0.07692307692307693,0.9230769230769231,0.9078947368421053,2.769230769230769,52
pad,64,0.15,M4,6,False,0.875,0.875,0.0,1.0,1.0,3.25,8
pad,64,0.15,M5,3,True,,,,,,,0
hiba,65,0.05,B,183,False,0.9858490566037735,0.963855421686747,,1.0,1.0,5.84433962264151,212
hiba,65,0.05,M1,23,False,0.9285714285714286,0.9,0.0,1.0,1.0,5.785714285714286,14
hiba,65,0.05,M2,208,False,0.9722222222222222,0.9666666666666667,0.0,1.0,1.0,6.361111111111111,108
hiba,65,0.05,M3,21,False,1.0,1.0,0.0,1.0,1.0,6.5,12
hiba,65,0.1,B,183,False,0.9669811320754716,0.9417670682730922,,0.9528301886792453,0.9586999582038562,4.033018867924528,212
hiba,65,0.1,M1,23,False,0.9285714285714286,0.9,0.0,1.0,1.0,4.642857142857143,14
hiba,65,0.1,M2,208,False,0.9537037037037037,0.95,0.0,1.0,1.0,4.953703703703703,108
hiba,65,0.1,M3,21,False,1.0,1.0,0.0,1.0,1.0,4.916666666666667,12
hiba,65,0.15,B,183,False,0.9575471698113207,0.9176706827309236,,0.8679245283018868,0.917007396100238,3.2358490566037736,212
hiba,65,0.15,M1,23,False,0.9285714285714286,0.9,0.0,1.0,1.0,4.0,14
hiba,65,0.15,M2,208,False,0.8888888888888888,0.9,0.009259259259259259,0.9907407407407407,0.9888888888888889,4.101851851851852,108
hiba,65,0.15,M3,21,False,1.0,1.0,0.0,1.0,1.0,4.75,12
pad,65,0.05,B,90,False,0.9,0.8818181818181818,,0.9571428571428572,0.9575757575757576,3.842857142857143,70
pad,65,0.05,M1,25,False,1.0,1.0,0.0,1.0,1.0,3.85,20
pad,65,0.05,M2,150,False,0.9646017699115044,0.967032967032967,0.0,1.0,1.0,3.84070796460177,113
pad,65,0.05,M3,63,False,0.9375,0.9385964912280703,0.0,1.0,1.0,3.8541666666666665,48
pad,65,0.05,M4,8,True,1.0,1.0,0.0,1.0,1.0,4.666666666666667,6
pad,65,0.05,M5,2,True,1.0,1.0,0.0,1.0,1.0,6.0,1
pad,65,0.1,B,90,False,0.8142857142857143,0.8030303030303031,,0.9285714285714286,0.9303030303030304,3.1285714285714286,70
pad,65,0.1,M1,25,False,1.0,1.0,0.0,1.0,1.0,3.2,20
pad,65,0.1,M2,150,False,0.8938053097345132,0.8974358974358975,0.02654867256637168,0.9734513274336283,0.9725274725274725,3.0530973451327434,113
pad,65,0.1,M3,63,False,0.9375,0.9385964912280703,0.0,1.0,1.0,3.2083333333333335,48
pad,65,0.1,M4,8,True,1.0,1.0,0.0,1.0,1.0,4.333333333333333,6
pad,65,0.1,M5,2,True,1.0,1.0,0.0,1.0,1.0,6.0,1
pad,65,0.15,B,90,False,0.8,0.7848484848484849,,0.9285714285714286,0.9303030303030304,2.757142857142857,70
pad,65,0.15,M1,25,False,1.0,1.0,0.0,1.0,1.0,3.1,20
pad,65,0.15,M2,150,False,0.8672566371681416,0.86996336996337,0.017699115044247787,0.9823008849557522,0.978021978021978,2.831858407079646,113
pad,65,0.15,M3,63,False,0.8333333333333334,0.8333333333333334,0.041666666666666664,0.9583333333333334,0.9605263157894737,2.8541666666666665,48
pad,65,0.15,M4,8,False,0.8333333333333334,0.8333333333333334,0.0,1.0,1.0,2.8333333333333335,6
pad,65,0.15,M5,2,True,1.0,1.0,0.0,1.0,1.0,6.0,1
hiba,66,0.05,B,190,False,0.9758454106280193,0.9638157894736842,,1.0,1.0,5.777777777777778,207
hiba,66,0.05,M1,27,False,1.0,1.0,0.0,1.0,1.0,5.666666666666667,6
hiba,66,0.05,M2,203,False,0.9833333333333333,0.9789473684210527,0.0,1.0,1.0,6.558333333333334,120
hiba,66,0.05,M3,22,False,0.7777777777777778,0.7777777777777778,0.0,1.0,1.0,6.222222222222222,9
hiba,66,0.1,B,190,False,0.8985507246376812,0.8449561403508772,,0.927536231884058,0.9829507980477509,3.5217391304347827,207
hiba,66,0.1,M1,27,False,1.0,1.0,0.0,1.0,1.0,3.5,6
hiba,66,0.1,M2,203,False,0.9833333333333333,0.9789473684210527,0.0,1.0,1.0,4.75,120
hiba,66,0.1,M3,22,False,0.7777777777777778,0.7777777777777778,0.0,1.0,1.0,4.666666666666667,9
hiba,66,0.15,B,190,False,0.8840579710144928,0.8235745614035088,,0.7971014492753623,0.9285288330475311,2.8309178743961354,207
hiba,66,0.15,M1,27,False,1.0,1.0,0.0,1.0,1.0,2.8333333333333335,6
hiba,66,0.15,M2,203,False,0.9416666666666667,0.9315789473684211,0.008333333333333333,0.9916666666666667,0.9894736842105263,4.008333333333334,120
hiba,66,0.15,M3,22,False,0.6666666666666666,0.6666666666666666,0.0,1.0,1.0,4.111111111111111,9
pad,66,0.05,B,98,False,0.9482758620689655,0.9361702127659575,,0.9310344827586207,0.9432624113475176,3.5344827586206895,58
pad,66,0.05,M1,24,False,0.9444444444444444,0.9666666666666667,0.0,1.0,1.0,4.222222222222222,18
pad,66,0.05,M2,140,False,0.9708029197080292,0.9702970297029703,0.0072992700729927005,0.9927007299270073,0.9900990099009901,4.226277372262774,137
pad,66,0.05,M3,63,False,0.8478260869565217,0.8333333333333333,0.043478260869565216,0.9565217391304348,0.9473684210526315,3.739130434782609,46
pad,66,0.05,M4,7,True,1.0,1.0,0.0,1.0,1.0,5.375,8
pad,66,0.05,M5,3,True,,,,,,,0
pad,66,0.1,B,98,False,0.8793103448275862,0.8794326241134751,,0.9137931034482759,0.9219858156028369,3.0172413793103448,58
pad,66,0.1,M1,24,False,0.9444444444444444,0.9666666666666667,0.0,1.0,1.0,3.2777777777777777,18
pad,66,0.1,M2,140,False,0.948905109489051,0.9504950495049505,0.014598540145985401,0.9854014598540146,0.9801980198019802,3.321167883211679,137
pad,66,0.1,M3,63,False,0.8478260869565217,0.8333333333333333,0.043478260869565216,0.9565217391304348,0.9473684210526315,3.0652173913043477,46
pad,66,0.1,M4,7,True,1.0,1.0,0.0,1.0,1.0,4.5,8
pad,66,0.1,M5,3,True,,,,,,,0
pad,66,0.15,B,98,False,0.8103448275862069,0.8085106382978723,,0.9137931034482759,0.9361702127659575,2.4482758620689653,58
pad,66,0.15,M1,24,False,0.8888888888888888,0.9,0.0,1.0,1.0,2.5555555555555554,18
pad,66,0.15,M2,140,False,0.8759124087591241,0.877887788778878,0.014598540145985401,0.9854014598540146,0.9801980198019802,2.897810218978102,137
pad,66,0.15,M3,63,False,0.8260869565217391,0.8070175438596491,0.06521739130434782,0.9347826086956522,0.9210526315789473,2.8043478260869565,46
pad,66,0.15,M4,7,False,1.0,1.0,0.0,1.0,1.0,4.0,8
pad,66,0.15,M5,3,True,,,,,,,0
hiba,67,0.05,B,202,False,0.9537037037037037,0.9375,,1.0,1.0,6.074074074074074,108
hiba,67,0.05,M1,19,False,1.0,1.0,0.0,1.0,1.0,6.153846153846154,26
hiba,67,0.05,M2,207,False,0.9831932773109243,0.989010989010989,0.0,1.0,1.0,6.53781512605042,119
hiba,67,0.05,M3,17,True,1.0,1.0,0.0,1.0,1.0,6.933333333333334,15
hiba,67,0.1,B,202,False,0.8703703703703703,0.840625,,0.9722222222222222,0.9713541666666667,3.9537037037037037,108
hiba,67,0.1,M1,19,False,0.9615384615384616,0.9821428571428571,0.0,1.0,1.0,4.3076923076923075,26
hiba,67,0.1,M2,207,False,0.9159663865546218,0.9230769230769231,0.025210084033613446,0.9747899159663865,0.9835164835164835,4.5210084033613445,119
hiba,67,0.1,M3,17,False,1.0,1.0,0.0,1.0,1.0,5.333333333333333,15
hiba,67,0.15,B,202,False,0.8333333333333334,0.7963541666666667,,0.9166666666666666,0.90625,3.0925925925925926,108
hiba,67,0.15,M1,19,False,0.8846153846153846,0.9285714285714286,0.0,1.0,1.0,3.269230769230769,26
hiba,67,0.15,M2,207,False,0.865546218487395,0.8791208791208791,0.025210084033613446,0.9747899159663865,0.9835164835164835,3.563025210084034,119
hiba,67,0.15,M3,17,False,0.7333333333333333,0.75,0.0,1.0,1.0,3.533333333333333,15
pad,67,0.05,B,90,False,0.8857142857142857,0.8848484848484848,,0.9714285714285714,0.9727272727272728,3.5285714285714285,70
pad,67,0.05,M1,21,False,0.9629629629629629,0.9722222222222222,0.0,1.0,1.0,3.888888888888889,27
pad,67,0.05,M2,152,False,0.9741379310344828,0.9775280898876404,0.0,1.0,1.0,3.9310344827586206,116
pad,67,0.05,M3,61,False,0.9183673469387755,0.9,0.02040816326530612,0.9795918367346939,0.975,3.7551020408163267,49
pad,67,0.05,M4,8,True,1.0,1.0,0.0,1.0,1.0,4.428571428571429,7
pad,67,0.05,M5,2,True,1.0,1.0,0.0,1.0,1.0,5.0,1
pad,67,0.1,B,90,False,0.8714285714285714,0.8666666666666666,,0.9571428571428572,0.9545454545454546,3.1142857142857143,70
pad,67,0.1,M1,21,False,0.9629629629629629,0.9722222222222222,0.0,1.0,1.0,3.6666666666666665,27
pad,67,0.1,M2,152,False,0.9224137931034483,0.9269662921348315,0.0,1.0,1.0,3.2586206896551726,116
pad,67,0.1,M3,61,False,0.8367346938775511,0.825,0.061224489795918366,0.9387755102040817,0.9375,3.2244897959183674,49
pad,67,0.1,M4,8,True,1.0,1.0,0.0,1.0,1.0,4.285714285714286,7
pad,67,0.1,M5,2,True,1.0,1.0,0.0,1.0,1.0,4.0,1
pad,67,0.15,B,90,False,0.8285714285714286,0.8212121212121212,,0.9,0.9181818181818182,2.7857142857142856,70
pad,67,0.15,M1,21,False,0.9629629629629629,0.9722222222222222,0.0,1.0,1.0,3.4444444444444446,27
pad,67,0.15,M2,152,False,0.9051724137931034,0.9101123595505618,0.0,1.0,1.0,3.0258620689655173,116
pad,67,0.15,M3,61,False,0.7551020408163265,0.7375,0.08163265306122448,0.9183673469387755,0.9125,2.9591836734693877,49
pad,67,0.15,M4,8,False,1.0,1.0,0.0,1.0,1.0,3.4285714285714284,7
pad,67,0.15,M5,2,True,1.0,1.0,0.0,1.0,1.0,4.0,1
hiba,68,0.05,B,189,False,0.9709302325581395,0.948051948051948,,1.0,1.0,5.9476744186046515,172
hiba,68,0.05,M1,24,False,0.9375,0.8888888888888888,0.0,1.0,1.0,6.0625,16
hiba,68,0.05,M2,204,False,0.9672131147540983,0.9627659574468085,0.0,1.0,1.0,6.377049180327869,122
hiba,68,0.05,M3,21,False,1.0,1.0,0.0,1.0,1.0,6.375,16
hiba,68,0.1,B,189,False,0.9476744186046512,0.9025974025974026,,0.9534883720930233,0.9682650682650681,4.1104651162790695,172
hiba,68,0.1,M1,24,False,0.9375,0.8888888888888888,0.0,1.0,1.0,4.75,16
hiba,68,0.1,M2,204,False,0.9262295081967213,0.9175531914893617,0.0,1.0,1.0,5.040983606557377,122
hiba,68,0.1,M3,21,False,1.0,1.0,0.0,1.0,1.0,5.0625,16
hiba,68,0.15,B,189,False,0.9186046511627907,0.8632034632034631,,0.9011627906976745,0.945915195915196,3.383720930232558,172
hiba,68,0.15,M1,24,False,0.9375,0.8888888888888888,0.0,1.0,1.0,4.25,16
hiba,68,0.15,M2,204,False,0.860655737704918,0.8687943262411346,0.0,1.0,1.0,4.10655737704918,122
hiba,68,0.15,M3,21,False,0.9375,0.95,0.0,1.0,1.0,4.0625,16
pad,68,0.05,B,85,False,0.9333333333333333,0.925,,0.96,0.9583333333333334,3.76,75
pad,68,0.05,M1,23,False,1.0,1.0,0.0,1.0,1.0,4.476190476190476,21
pad,68,0.05,M2,139,False,0.9236111111111112,0.9166666666666666,0.013888888888888888,0.9861111111111112,0.9803921568627451,3.9305555555555554,144
pad,68,0.05,M3,63,False,0.9649122807017544,0.9473684210526315,0.0,1.0,1.0,4.087719298245614,57
pad,68,0.05,M4,7,True,1.0,1.0,0.0,1.0,1.0,5.125,8
pad,68,0.05,M5,3,True,,,,,,,0
pad,68,0.1,B,85,False,0.9066666666666666,0.9,,0.9066666666666666,0.9083333333333333,3.2933333333333334,75
pad,68,0.1,M1,23,False,0.9523809523809523,0.9375,0.0,1.0,1.0,4.0,21
pad,68,0.1,M2,139,False,0.875,0.8594771241830065,0.027777777777777776,0.9722222222222222,0.9656862745098039,3.3541666666666665,144
pad,68,0.1,M3,63,False,0.9473684210526315,0.9210526315789473,0.0,1.0,1.0,3.6315789473684212,57
pad,68,0.1,M4,7,True,1.0,1.0,0.0,1.0,1.0,4.625,8
pad,68,0.1,M5,3,True,,,,,,,0
pad,68,0.15,B,85,False,0.8666666666666667,0.8583333333333333,,0.9066666666666666,0.9083333333333333,2.72,75
pad,68,0.15,M1,23,False,0.9047619047619048,0.875,0.0,1.0,1.0,3.0476190476190474,21
pad,68,0.15,M2,139,False,0.8194444444444444,0.8164098972922502,0.034722222222222224,0.9652777777777778,0.9607843137254902,2.8541666666666665,144
pad,68,0.15,M3,63,False,0.9473684210526315,0.9210526315789473,0.0,1.0,1.0,3.175438596491228,57
pad,68,0.15,M4,7,False,1.0,1.0,0.0,1.0,1.0,3.375,8
pad,68,0.15,M5,3,True,,,,,,,0
hiba,69,0.05,B,176,False,0.9872881355932204,0.9722222222222222,,1.0,1.0,6.067796610169491,236
hiba,69,0.05,M1,18,True,1.0,1.0,0.0,1.0,1.0,7.0,24
hiba,69,0.05,M2,215,False,0.9433962264150944,0.9397590361445783,0.0,1.0,1.0,6.556603773584905,106
hiba,69,0.05,M3,24,False,1.0,1.0,0.0,1.0,1.0,6.6923076923076925,13
hiba,69,0.1,B,176,False,0.9703389830508474,0.9333333333333333,,0.9576271186440678,0.9782539682539682,3.889830508474576,236
hiba,69,0.1,M1,18,False,1.0,1.0,0.0,1.0,1.0,5.166666666666667,24
hiba,69,0.1,M2,215,False,0.8867924528301887,0.8945783132530121,0.03773584905660377,0.9622641509433962,0.9698795180722891,4.650943396226415,106
hiba,69,0.1,M3,24,False,1.0,1.0,0.0,1.0,1.0,4.538461538461538,13
hiba,69,0.15,B,176,False,0.9576271186440678,0.9144444444444444,,0.8686440677966102,0.9350970017636685,3.0720338983050848,236
hiba,69,0.15,M1,18,False,1.0,1.0,0.0,1.0,1.0,3.9166666666666665,24
hiba,69,0.15,M2,215,False,0.8490566037735849,0.858433734939759,0.03773584905660377,0.9622641509433962,0.9698795180722891,3.9716981132075473,106
hiba,69,0.15,M3,24,False,1.0,1.0,0.0,1.0,1.0,4.153846153846154,13
pad,69,0.05,B,86,False,0.971830985915493,0.9745762711864406,,0.9577464788732394,0.9717514124293786,3.8309859154929575,71
pad,69,0.05,M1,23,False,1.0,1.0,0.0,1.0,1.0,4.4,25
pad,69,0.05,M2,141,False,0.9763779527559056,0.98,0.0,1.0,1.0,4.503937007874016,127
pad,69,0.05,M3,58,False,0.9672131147540983,0.9534883720930233,0.0,1.0,1.0,4.19672131147541,61
pad,69,0.05,M4,7,True,1.0,1.0,0.0,1.0,1.0,5.285714285714286,7
pad,69,0.05,M5,2,True,1.0,1.0,0.0,1.0,1.0,3.0,1
pad,69,0.1,B,86,False,0.9154929577464789,0.9293785310734463,,0.9154929577464789,0.9265536723163843,3.1690140845070425,71
pad,69,0.1,M1,23,False,0.96,0.9375,0.0,1.0,1.0,3.96,25
pad,69,0.1,M2,141,False,0.9133858267716536,0.91,0.007874015748031496,0.9921259842519685,0.99,3.7086614173228347,127
pad,69,0.1,M3,58,False,0.9016393442622951,0.8759689922480621,0.01639344262295082,0.9836065573770492,0.9767441860465116,3.377049180327869,61
pad,69,0.1,M4,7,True,1.0,1.0,0.0,1.0,1.0,4.428571428571429,7
pad,69,0.1,M5,2,True,1.0,1.0,0.0,1.0,1.0,3.0,1
pad,69,0.15,B,86,False,0.8732394366197183,0.887005649717514,,0.8873239436619719,0.9039548022598869,2.6056338028169015,71
pad,69,0.15,M1,23,False,0.76,0.7291666666666667,0.04,0.96,0.9375,2.56,25
pad,69,0.15,M2,141,False,0.8503937007874016,0.8616666666666667,0.023622047244094488,0.9763779527559056,0.98,3.078740157480315,127
pad,69,0.15,M3,58,False,0.8524590163934426,0.8372093023255814,0.03278688524590164,0.9672131147540983,0.9534883720930233,2.9672131147540983,61
pad,69,0.15,M4,7,False,1.0,1.0,0.0,1.0,1.0,3.7142857142857144,7
pad,69,0.15,M5,2,True,1.0,1.0,0.0,1.0,1.0,3.0,1
hiba,70,0.05,B,191,False,0.975,0.95,,1.0,1.0,5.308333333333334,240
hiba,70,0.05,M1,22,False,1.0,1.0,0.0,1.0,1.0,6.105263157894737,19
hiba,70,0.05,M2,202,False,0.9344262295081968,0.9322916666666666,0.0,1.0,1.0,6.19672131147541,122
hiba,70,0.05,M3,23,False,0.9230769230769231,0.875,0.0,1.0,1.0,5.6923076923076925,13
hiba,70,0.1,B,191,False,0.9458333333333333,0.9033333333333333,,0.9208333333333333,0.9698586990351695,3.5791666666666666,240
hiba,70,0.1,M1,22,False,1.0,1.0,0.0,1.0,1.0,4.684210526315789,19
hiba,70,0.1,M2,202,False,0.8852459016393442,0.8802083333333334,0.00819672131147541,0.9918032786885246,0.9947916666666666,4.729508196721311,122
hiba,70,0.1,M3,23,False,0.9230769230769231,0.875,0.0,1.0,1.0,4.230769230769231,13
hiba,70,0.15,B,191,False,0.9083333333333333,0.8225555555555555,,0.7208333333333333,0.9080395269218797,2.5791666666666666,240
hiba,70,0.15,M1,22,False,1.0,1.0,0.0,1.0,1.0,3.789473684210526,19
hiba,70,0.15,M2,202,False,0.8442622950819673,0.8559027777777777,0.01639344262295082,0.9836065573770492,0.9895833333333334,3.942622950819672,122
hiba,70,0.15,M3,23,False,0.9230769230769231,0.875,0.0,1.0,1.0,3.6923076923076925,13
pad,70,0.05,B,91,False,1.0,1.0,,1.0,1.0,4.223880597014926,67
pad,70,0.05,M1,23,False,1.0,1.0,0.0,1.0,1.0,4.48,25
pad,70,0.05,M2,147,False,0.9821428571428571,0.9840425531914894,0.0,1.0,1.0,4.5625,112
pad,70,0.05,M3,54,False,0.9032258064516129,0.8865248226950355,0.016129032258064516,0.9838709677419355,0.9787234042553191,4.032258064516129,62
pad,70,0.05,M4,10,True,1.0,1.0,0.0,1.0,1.0,5.5,4
pad,70,0.1,B,91,False,0.9850746268656716,0.9814814814814815,,0.9552238805970149,0.9783950617283951,3.6417910447761193,67
pad,70,0.1,M1,23,False,1.0,1.0,0.0,1.0,1.0,3.92,25
pad,70,0.1,M2,147,False,0.9642857142857143,0.9680851063829787,0.0,1.0,1.0,3.892857142857143,112
pad,70,0.1,M3,54,False,0.8225806451612904,0.8014184397163121,0.03225806451612903,0.967741935483871,0.9680851063829787,3.435483870967742,62
pad,70,0.1,M4,10,False,0.75,0.75,0.0,1.0,1.0,4.5,4
pad,70,0.15,B,91,False,0.9701492537313433,0.9722222222222222,,0.9402985074626866,0.9691358024691359,3.08955223880597,67
pad,70,0.15,M1,23,False,1.0,1.0,0.0,1.0,1.0,3.24,25
pad,70,0.15,M2,147,False,0.9285714285714286,0.9379432624113474,0.008928571428571428,0.9910714285714286,0.9893617021276596,3.1339285714285716,112
pad,70,0.15,M3,54,False,0.7580645161290323,0.7163120567375888,0.04838709677419355,0.9516129032258065,0.9468085106382979,3.0161290322580645,62
pad,70,0.15,M4,10,False,0.75,0.75,0.0,1.0,1.0,4.25,4
hiba,71,0.05,B,182,False,0.9921568627450981,0.9761904761904762,,1.0,1.0,6.564705882352941,255
hiba,71,0.05,M1,26,False,1.0,1.0,0.0,1.0,1.0,6.333333333333333,12
hiba,71,0.05,M2,212,False,0.9375,0.937984496124031,0.0,1.0,1.0,6.508928571428571,112
hiba,71,0.05,M3,18,True,1.0,1.0,0.0,1.0,1.0,7.071428571428571,14
hiba,71,0.1,B,182,False,0.9882352941176471,0.9642857142857143,,0.9529411764705882,0.9758983080411651,3.9450980392156865,255
hiba,71,0.1,M1,26,False,0.9166666666666666,0.9642857142857143,0.0,1.0,1.0,4.916666666666667,12
hiba,71,0.1,M2,212,False,0.9107142857142857,0.9118217054263564,0.0,1.0,1.0,4.8125,112
hiba,71,0.1,M3,18,False,0.9285714285714286,0.9230769230769231,0.0,1.0,1.0,5.142857142857143,14
hiba,71,0.15,B,182,False,0.9803921568627451,0.9404761904761905,,0.8823529411764706,0.9428963893249606,3.2941176470588234,255
hiba,71,0.15,M1,26,False,0.8333333333333334,0.9285714285714286,0.0,1.0,1.0,4.25,12
hiba,71,0.15,M2,212,False,0.8482142857142857,0.8536821705426355,0.0,1.0,1.0,4.160714285714286,112
hiba,71,0.15,M3,18,False,0.9285714285714286,0.9230769230769231,0.0,1.0,1.0,5.0,14
pad,71,0.05,B,96,False,0.9538461538461539,0.9387755102040817,,0.9538461538461539,0.9625850340136055,3.646153846153846,65
pad,71,0.05,M1,28,False,0.9375,0.9545454545454546,0.0,1.0,1.0,3.9375,16
pad,71,0.05,M2,148,False,0.944,0.9408602150537635,0.008,0.992,0.989247311827957,4.224,125
pad,71,0.05,M3,61,False,0.9583333333333334,0.95,0.020833333333333332,0.9791666666666666,0.975,4.1875,48
pad,71,0.05,M4,7,True,1.0,1.0,0.0,1.0,1.0,5.0,7
pad,71,0.05,M5,1,True,1.0,1.0,0.0,1.0,1.0,4.5,2
pad,71,0.1,B,96,False,0.9230769230769231,0.91156462585034,,0.9076923076923077,0.9115646258503403,3.246153846153846,65
pad,71,0.1,M1,28,False,0.6875,0.6818181818181818,0.1875,0.8125,0.8181818181818182,2.9375,16
pad,71,0.1,M2,148,False,0.864,0.8602150537634409,0.024,0.976,0.967741935483871,3.288,125
pad,71,0.1,M3,61,False,0.9166666666666666,0.9,0.041666666666666664,0.9583333333333334,0.95,3.4166666666666665,48
pad,71,0.1,M4,7,True,1.0,1.0,0.0,1.0,1.0,4.428571428571429,7
pad,71,0.1,M5,1,True,1.0,1.0,0.0,1.0,1.0,4.5,2
pad,71,0.15,B,96,False,0.8615384615384616,0.8639455782312926,,0.8923076923076924,0.9013605442176872,2.769230769230769,65
pad,71,0.15,M1,28,False,0.625,0.6363636363636364,0.25,0.75,0.7272727272727273,2.3125,16
pad,71,0.15,M2,148,False,0.848,0.8494623655913979,0.024,0.976,0.967741935483871,2.92,125
pad,71,0.15,M3,61,False,0.8958333333333334,0.875,0.0625,0.9375,0.925,2.9791666666666665,48
pad,71,0.15,M4,7,False,1.0,1.0,0.0,1.0,1.0,3.4285714285714284,7
pad,71,0.15,M5,1,True,1.0,1.0,0.0,1.0,1.0,4.5,2
hiba,72,0.05,B,195,False,0.9881656804733728,0.9788732394366197,,1.0,1.0,6.218934911242603,169
hiba,72,0.05,M1,24,False,1.0,1.0,0.0,1.0,1.0,6.5,10
hiba,72,0.05,M2,195,False,0.9568345323741008,0.953074433656958,0.0,1.0,1.0,6.877697841726619,139
hiba,72,0.05,M3,20,False,1.0,1.0,0.0,1.0,1.0,7.117647058823529,17
hiba,72,0.1,B,195,False,0.9822485207100592,0.9647887323943662,,0.9881656804733728,0.9968240817453743,4.355029585798817,169
hiba,72,0.1,M1,24,False,1.0,1.0,0.0,1.0,1.0,5.0,10
hiba,72,0.1,M2,195,False,0.8992805755395683,0.8972491909385114,0.014388489208633094,0.9856115107913669,0.9854368932038835,5.323741007194244,139
hiba,72,0.1,M3,20,False,1.0,1.0,0.0,1.0,1.0,5.647058823529412,17
hiba,72,0.15,B,195,False,0.9526627218934911,0.9154929577464789,,0.834319526627219,0.9160877785567098,3.0532544378698225,169
hiba,72,0.15,M1,24,False,1.0,1.0,0.0,1.0,1.0,3.7,10
hiba,72,0.15,M2,195,False,0.8273381294964028,0.8333333333333333,0.02158273381294964,0.9784172661870504,0.9805825242718447,4.0647482014388485,139
hiba,72,0.15,M3,20,False,1.0,1.0,0.0,1.0,1.0,4.705882352941177,17
pad,72,0.05,B,93,False,0.9393939393939394,0.9230769230769231,,0.9545454545454546,0.9519230769230769,3.8333333333333335,66
pad,72,0.05,M1,23,False,0.9583333333333334,0.96875,0.0,1.0,1.0,4.125,24
pad,72,0.05,M2,137,False,0.924812030075188,0.9230769230769231,0.0,1.0,1.0,3.954887218045113,133
pad,72,0.05,M3,63,False,0.9230769230769231,0.8947368421052632,0.019230769230769232,0.9807692307692307,0.9736842105263158,3.7884615384615383,52
pad,72,0.05,M4,12,True,1.0,1.0,0.0,1.0,1.0,5.0,2
pad,72,0.05,M5,2,True,1.0,1.0,0.0,1.0,1.0,3.0,1
pad,72,0.1,B,93,False,0.8333333333333334,0.8076923076923077,,0.9848484848484849,0.9903846153846154,3.227272727272727,66
pad,72,0.1,M1,23,False,0.9583333333333334,0.96875,0.0,1.0,1.0,3.25,24
pad,72,0.1,M2,137,False,0.9097744360902256,0.9086538461538461,0.0,1.0,1.0,3.0977443609022557,133
pad,72,0.1,M3,63,False,0.9038461538461539,0.881578947368421,0.019230769230769232,0.9807692307692307,0.9736842105263158,2.9615384615384617,52
pad,72,0.1,M4,12,False,1.0,1.0,0.0,1.0,1.0,4.0,2
pad,72,0.1,M5,2,True,1.0,1.0,0.0,1.0,1.0,3.0,1
pad,72,0.15,B,93,False,0.8181818181818182,0.7884615384615384,,0.9696969696969697,0.9807692307692307,2.984848484848485,66
pad,72,0.15,M1,23,False,0.9583333333333334,0.96875,0.0,1.0,1.0,2.9583333333333335,24
pad,72,0.15,M2,137,False,0.8796992481203008,0.8814102564102563,0.007518796992481203,0.9924812030075187,0.9903846153846154,2.827067669172932,133
pad,72,0.15,M3,63,False,0.8653846153846154,0.8640350877192982,0.019230769230769232,0.9807692307692307,0.9736842105263158,2.6923076923076925,52
pad,72,0.15,M4,12,False,1.0,1.0,0.0,1.0,1.0,4.0,2
pad,72,0.15,M5,2,True,1.0,1.0,0.0,1.0,1.0,3.0,1
hiba,73,0.05,B,190,False,0.9949494949494949,0.993421052631579,,1.0,1.0,6.146464646464646,198
hiba,73,0.05,M1,26,False,1.0,1.0,0.0,1.0,1.0,7.166666666666667,12
hiba,73,0.05,M2,204,False,0.923728813559322,0.9308510638297872,0.0,1.0,1.0,6.779661016949152,118
hiba,73,0.05,M3,20,False,1.0,1.0,0.0,1.0,1.0,7.25,16
hiba,73,0.1,B,190,False,0.9646464646464646,0.9144736842105263,,0.9343434343434344,0.9665943705417387,3.727272727272727,198
hiba,73,0.1,M1,26,False,0.9166666666666666,0.9642857142857143,0.0,1.0,1.0,5.416666666666667,12
hiba,73,0.1,M2,204,False,0.8983050847457628,0.9042553191489362,0.00847457627118644,0.9915254237288136,0.9946808510638298,4.754237288135593,118
hiba,73,0.1,M3,20,False,0.9375,0.9090909090909091,0.0,1.0,1.0,4.75,16
hiba,73,0.15,B,190,False,0.9545454545454546,0.8986842105263158,,0.8585858585858586,0.9318368035473298,3.0303030303030303,198
hiba,73,0.15,M1,26,False,0.8333333333333334,0.9285714285714286,0.0,1.0,1.0,4.416666666666667,12
hiba,73,0.15,M2,204,False,0.8305084745762712,0.848404255319149,0.00847457627118644,0.9915254237288136,0.9946808510638298,4.161016949152542,118
hiba,73,0.15,M3,20,False,0.875,0.8181818181818182,0.0,1.0,1.0,4.375,16
pad,73,0.05,B,83,False,0.9,0.8978494623655915,,0.9875,0.9919354838709677,3.775,80
pad,73,0.05,M1,19,False,1.0,1.0,0.0,1.0,1.0,4.071428571428571,28
pad,73,0.05,M2,140,False,0.9854014598540146,0.9851485148514851,0.0,1.0,1.0,3.9562043795620436,137
pad,73,0.05,M3,60,False,0.8958333333333334,0.8780487804878049,0.020833333333333332,0.9791666666666666,0.975609756097561,3.625,48
pad,73,0.05,M4,9,True,1.0,1.0,0.0,1.0,1.0,4.8,5
pad,73,0.05,M5,2,True,1.0,1.0,0.0,1.0,1.0,5.0,1
pad,73,0.1,B,83,False,0.9,0.8978494623655915,,0.975,0.9758064516129032,3.475,80
pad,73,0.1,M1,19,False,0.8571428571428571,0.8333333333333334,0.03571428571428571,0.9642857142857143,0.95,3.4285714285714284,28
pad,73,0.1,M2,140,False,0.9343065693430657,0.9306930693069307,0.0072992700729927005,0.9927007299270073,0.9900990099009901,3.4744525547445257,137
pad,73,0.1,M3,60,False,0.875,0.8536585365853658,0.020833333333333332,0.9791666666666666,0.975609756097561,3.2083333333333335,48
pad,73,0.1,M4,9,False,1.0,1.0,0.0,1.0,1.0,3.6,5
pad,73,0.1,M5,2,True,1.0,1.0,0.0,1.0,1.0,4.0,1
pad,73,0.15,B,83,False,0.875,0.881720430107527,,0.9625,0.9596774193548387,3.0625,80
pad,73,0.15,M1,19,False,0.8571428571428571,0.8333333333333334,0.03571428571428571,0.9642857142857143,0.95,2.9642857142857144,28
pad,73,0.15,M2,140,False,0.8759124087591241,0.8712871287128713,0.029197080291970802,0.9708029197080292,0.9702970297029703,3.051094890510949,137
pad,73,0.15,M3,60,False,0.7916666666666666,0.7804878048780488,0.0625,0.9375,0.926829268292683,2.8125,48
pad,73,0.15,M4,9,False,1.0,1.0,0.0,1.0,1.0,3.4,5
pad,73,0.15,M5,2,True,1.0,1.0,0.0,1.0,1.0,4.0,1
hiba,74,0.05,B,197,False,0.9847715736040609,0.9565217391304348,,1.0,1.0,6.096446700507614,197
hiba,74,0.05,M1,25,False,1.0,1.0,0.0,1.0,1.0,6.333333333333333,12
hiba,74,0.05,M2,197,False,0.96875,0.9702970297029703,0.0,1.0,1.0,6.7265625,128
hiba,74,0.05,M3,23,False,1.0,1.0,0.0,1.0,1.0,6.6923076923076925,13
hiba,74,0.1,B,197,False,0.9847715736040609,0.9565217391304348,,0.9847715736040609,0.9971407961177782,4.365482233502538,197
hiba,74,0.1,M1,25,False,0.9166666666666666,0.96875,0.0,1.0,1.0,5.416666666666667,12
hiba,74,0.1,M2,197,False,0.8359375,0.8292079207920792,0.015625,0.984375,0.9851485148514851,5.109375,128
hiba,74,0.1,M3,23,False,1.0,1.0,0.0,1.0,1.0,4.923076923076923,13
hiba,74,0.15,B,197,False,0.949238578680203,0.9095410628019324,,0.8781725888324873,0.93334153059217,3.233502538071066,197
hiba,74,0.15,M1,25,False,0.8333333333333334,0.9375,0.0,1.0,1.0,4.25,12
hiba,74,0.15,M2,197,False,0.7890625,0.7912541254125411,0.0234375,0.9765625,0.9801980198019802,4.03125,128
hiba,74,0.15,M3,23,False,1.0,1.0,0.0,1.0,1.0,4.461538461538462,13
pad,74,0.05,B,90,False,0.9558823529411765,0.9545454545454546,,0.9558823529411765,0.9575757575757575,3.5588235294117645,68
pad,74,0.05,M1,24,False,1.0,1.0,0.0,1.0,1.0,4.380952380952381,21
pad,74,0.05,M2,163,False,0.9423076923076923,0.9423076923076923,0.009615384615384616,0.9903846153846154,0.9871794871794872,3.951923076923077,104
pad,74,0.05,M3,57,False,0.9807692307692307,0.9772727272727273,0.0,1.0,1.0,4.25,52
pad,74,0.05,M4,8,True,1.0,1.0,0.0,1.0,1.0,5.333333333333333,6
pad,74,0.05,M5,3,True,,,,,,,0
pad,74,0.1,B,90,False,0.8823529411764706,0.8848484848484848,,0.9411764705882353,0.9363636363636364,2.926470588235294,68
pad,74,0.1,M1,24,False,0.9523809523809523,0.9333333333333333,0.047619047619047616,0.9523809523809523,0.9333333333333333,3.3333333333333335,21
pad,74,0.1,M2,163,False,0.8557692307692307,0.8653846153846154,0.028846153846153848,0.9711538461538461,0.9743589743589743,2.875,104
pad,74,0.1,M3,57,False,0.9423076923076923,0.9469696969696971,0.0,1.0,1.0,3.3846153846153846,52
pad,74,0.1,M4,8,True,1.0,1.0,0.0,1.0,1.0,4.666666666666667,6
pad,74,0.1,M5,3,True,,,,,,,0
pad,74,0.15,B,90,False,0.8382352941176471,0.8393939393939394,,0.9117647058823529,0.9090909090909091,2.5588235294117645,68
pad,74,0.15,M1,24,False,0.9523809523809523,0.9333333333333333,0.047619047619047616,0.9523809523809523,0.9333333333333333,2.9523809523809526,21
pad,74,0.15,M2,163,False,0.7980769230769231,0.821886446886447,0.019230769230769232,0.9807692307692307,0.9807692307692307,2.5288461538461537,104
pad,74,0.15,M3,57,False,0.9038461538461539,0.912878787878788,0.0,1.0,1.0,3.0961538461538463,52
pad,74,0.15,M4,8,False,1.0,1.0,0.0,1.0,1.0,4.166666666666667,6
pad,74,0.15,M5,3,True,,,,,,,0
hiba,75,0.05,B,184,False,0.9659090909090909,0.9542682926829268,,1.0,1.0,5.823863636363637,176
hiba,75,0.05,M1,28,False,1.0,1.0,0.0,1.0,1.0,6.777777777777778,9
hiba,75,0.05,M2,210,False,0.9901960784313726,0.9886363636363636,0.0,1.0,1.0,6.401960784313726,102
hiba,75,0.05,M3,19,False,1.0,1.0,0.0,1.0,1.0,6.533333333333333,15
hiba,75,0.1,B,184,False,0.9090909090909091,0.9075203252032519,,0.9602272727272727,0.9671483227437315,3.840909090909091,176
hiba,75,0.1,M1,28,False,1.0,1.0,0.0,1.0,1.0,5.333333333333333,9
hiba,75,0.1,M2,210,False,0.8921568627450981,0.8920454545454546,0.0196078431372549,0.9803921568627451,0.9886363636363636,4.715686274509804,102
hiba,75,0.1,M3,19,False,1.0,1.0,0.0,1.0,1.0,4.933333333333334,15
hiba,75,0.15,B,184,False,0.875,0.8577235772357723,,0.8409090909090909,0.8844058226628264,3.0568181818181817,176
hiba,75,0.15,M1,28,False,1.0,1.0,0.0,1.0,1.0,4.111111111111111,9
hiba,75,0.15,M2,210,False,0.8333333333333334,0.8295454545454546,0.0392156862745098,0.9607843137254902,0.9659090909090909,4.0,102
hiba,75,0.15,M3,19,False,0.9333333333333333,0.9583333333333334,0.0,1.0,1.0,4.466666666666667,15
pad,75,0.05,B,93,False,0.9264705882352942,0.9262820512820512,,0.9705882352941176,0.9711538461538461,3.7794117647058822,68
pad,75,0.05,M1,21,False,1.0,1.0,0.0,1.0,1.0,4.129032258064516,31
pad,75,0.05,M2,155,False,0.9203539823008849,0.9244186046511628,0.0,1.0,1.0,3.9911504424778763,113
pad,75,0.05,M3,64,False,0.9767441860465116,0.972972972972973,0.0,1.0,1.0,4.116279069767442,43
pad,75,0.05,M4,8,True,1.0,1.0,0.0,1.0,1.0,4.833333333333333,6
pad,75,0.05,M5,3,True,,,,,,,0
pad,75,0.1,B,93,False,0.8676470588235294,0.8782051282051282,,0.9411764705882353,0.9326923076923077,3.1176470588235294,68
pad,75,0.1,M1,21,False,1.0,1.0,0.0,1.0,1.0,3.3225806451612905,31
pad,75,0.1,M2,155,False,0.8672566371681416,0.8798449612403101,0.008849557522123894,0.9911504424778761,0.9941860465116279,3.0707964601769913,113
pad,75,0.1,M3,64,False,0.9767441860465116,0.972972972972973,0.0,1.0,1.0,3.3488372093023258,43
pad,75,0.1,M4,8,True,1.0,1.0,0.0,1.0,1.0,4.166666666666667,6
pad,75,0.1,M5,3,True,,,,,,,0
pad,75,0.15,B,93,False,0.8382352941176471,0.8397435897435896,,0.9411764705882353,0.9455128205128205,2.8676470588235294,68
pad,75,0.15,M1,21,False,1.0,1.0,0.0,1.0,1.0,3.193548387096774,31
pad,75,0.15,M2,155,False,0.831858407079646,0.8391472868217055,0.017699115044247787,0.9823008849557522,0.9825581395348837,2.9026548672566372,113
pad,75,0.15,M3,64,False,0.9534883720930233,0.9594594594594594,0.0,1.0,1.0,3.1627906976744184,43
pad,75,0.15,M4,8,False,1.0,1.0,0.0,1.0,1.0,3.3333333333333335,6
pad,75,0.15,M5,3,True,,,,,,,0
hiba,76,0.05,B,185,False,1.0,1.0,,1.0,1.0,6.497041420118343,169
hiba,76,0.05,M1,21,False,0.8333333333333334,0.8611111111111112,0.0,1.0,1.0,5.5,18
hiba,76,0.05,M2,211,False,0.963302752293578,0.9597701149425287,0.0,1.0,1.0,7.027522935779817,109
hiba,76,0.05,M3,18,True,1.0,1.0,0.0,1.0,1.0,7.368421052631579,19
hiba,76,0.1,B,185,False,0.9704142011834319,0.9588477366255145,,0.9526627218934911,0.9629629629629628,4.153846153846154,169
hiba,76,0.1,M1,21,False,0.7222222222222222,0.7777777777777778,0.0,1.0,1.0,4.333333333333333,18
hiba,76,0.1,M2,211,False,0.9174311926605505,0.9109195402298851,0.009174311926605505,0.9908256880733946,0.9885057471264368,4.935779816513762,109
hiba,76,0.1,M3,18,False,1.0,1.0,0.0,1.0,1.0,5.473684210526316,19
hiba,76,0.15,B,185,False,0.9526627218934911,0.9218106995884774,,0.8520710059171598,0.914060356652949,3.165680473372781,169
hiba,76,0.15,M1,21,False,0.6111111111111112,0.611111111111111,0.05555555555555555,0.9444444444444444,0.9166666666666666,3.388888888888889,18
hiba,76,0.15,M2,211,False,0.8623853211009175,0.8649425287356322,0.027522935779816515,0.9724770642201835,0.9655172413793104,4.2110091743119265,109
hiba,76,0.15,M3,18,False,1.0,1.0,0.0,1.0,1.0,4.842105263157895,19
pad,76,0.05,B,89,False,1.0,1.0,,0.9852941176470589,0.9821428571428571,3.8529411764705883,68
pad,76,0.05,M1,18,True,1.0,1.0,0.0,1.0,1.0,4.967741935483871,31
pad,76,0.05,M2,146,False,0.9375,0.9315789473684211,0.0,1.0,1.0,4.1015625,128
pad,76,0.05,M3,68,False,0.9772727272727273,0.9696969696969697,0.0,1.0,1.0,4.090909090909091,44
pad,76,0.05,M4,8,True,1.0,1.0,0.0,1.0,1.0,5.285714285714286,7
pad,76,0.05,M5,2,True,1.0,1.0,0.0,1.0,1.0,6.0,1
pad,76,0.1,B,89,False,0.9411764705882353,0.9285714285714286,,0.9264705882352942,0.9196428571428571,3.264705882352941,68
pad,76,0.1,M1,18,False,1.0,1.0,0.0,1.0,1.0,3.967741935483871,31
pad,76,0.1,M2,146,False,0.8984375,0.8947368421052632,0.015625,0.984375,0.9894736842105263,3.3828125,128
pad,76,0.1,M3,68,False,0.9772727272727273,0.9696969696969697,0.0,1.0,1.0,3.5454545454545454,44
pad,76,0.1,M4,8,True,1.0,1.0,0.0,1.0,1.0,4.714285714285714,7
pad,76,0.1,M5,2,True,1.0,1.0,0.0,1.0,1.0,4.0,1
pad,76,0.15,B,89,False,0.8676470588235294,0.8571428571428571,,0.9117647058823529,0.9017857142857143,2.588235294117647,68
pad,76,0.15,M1,18,False,0.8709677419354839,0.8412698412698413,0.03225806451612903,0.967741935483871,0.9523809523809523,3.161290322580645,31
pad,76,0.15,M2,146,False,0.875,0.868421052631579,0.015625,0.984375,0.9842105263157894,2.921875,128
pad,76,0.15,M3,68,False,0.9318181818181818,0.9343434343434343,0.0,1.0,1.0,3.0454545454545454,44
pad,76,0.15,M4,8,False,0.5714285714285714,0.5833333333333334,0.0,1.0,1.0,2.7142857142857144,7
pad,76,0.15,M5,2,True,1.0,1.0,0.0,1.0,1.0,4.0,1
hiba,77,0.05,B,182,False,0.9855072463768116,0.9702380952380952,,1.0,1.0,5.879227053140097,207
hiba,77,0.05,M1,26,False,0.875,0.8571428571428571,0.0,1.0,1.0,6.25,8
hiba,77,0.05,M2,211,False,0.9519230769230769,0.9425287356321839,0.0,1.0,1.0,6.384615384615385,104
hiba,77,0.05,M3,19,False,1.0,1.0,0.0,1.0,1.0,6.666666666666667,12
hiba,77,0.1,B,182,False,0.9371980676328503,0.8948412698412698,,0.927536231884058,0.964957264957265,3.7246376811594204,207
hiba,77,0.1,M1,26,False,0.875,0.8571428571428571,0.0,1.0,1.0,5.25,8
hiba,77,0.1,M2,211,False,0.8653846153846154,0.8563218390804598,0.028846153846153848,0.9711538461538461,0.9770114942528736,4.596153846153846,104
hiba,77,0.1,M3,19,False,1.0,1.0,0.0,1.0,1.0,5.166666666666667,12
hiba,77,0.15,B,182,False,0.893719806763285,0.8190476190476188,,0.855072463768116,0.9309116809116809,2.8792270531400965,207
hiba,77,0.15,M1,26,False,0.875,0.8571428571428571,0.0,1.0,1.0,5.0,8
hiba,77,0.15,M2,211,False,0.8076923076923077,0.7931034482758621,0.04807692307692308,0.9519230769230769,0.9540229885057471,3.798076923076923,104
hiba,77,0.15,M3,19,False,1.0,1.0,0.0,1.0,1.0,4.333333333333333,12
pad,77,0.05,B,85,False,0.975,0.9777777777777779,,0.9625,0.9611111111111111,3.825,80
pad,77,0.05,M1,18,True,1.0,1.0,0.0,1.0,1.0,4.78125,32
pad,77,0.05,M2,147,False,0.9694656488549618,0.9680851063829787,0.0,1.0,1.0,4.3816793893129775,131
pad,77,0.05,M3,62,False,0.9375,0.9230769230769231,0.020833333333333332,0.9791666666666666,0.9743589743589743,3.7291666666666665,48
pad,77,0.05,M4,7,True,1.0,1.0,0.0,1.0,1.0,5.5,8
pad,77,0.05,M5,1,True,1.0,1.0,0.0,1.0,1.0,4.5,2
pad,77,0.1,B,85,False,0.9625,0.9611111111111111,,0.9375,0.9277777777777778,3.4375,80
pad,77,0.1,M1,18,False,0.9375,0.9285714285714286,0.0,1.0,1.0,3.5625,32
pad,77,0.1,M2,147,False,0.9389312977099237,0.9361702127659575,0.0,1.0,1.0,3.900763358778626,131
pad,77,0.1,M3,62,False,0.875,0.8675213675213675,0.020833333333333332,0.9791666666666666,0.9743589743589743,3.2916666666666665,48
pad,77,0.1,M4,7,True,1.0,1.0,0.0,1.0,1.0,5.0,8
pad,77,0.1,M5,1,True,1.0,1.0,0.0,1.0,1.0,4.5,2
pad,77,0.15,B,85,False,0.925,0.9305555555555556,,0.9,0.8972222222222223,2.9125,80
pad,77,0.15,M1,18,False,0.9375,0.9285714285714286,0.0,1.0,1.0,2.90625,32
pad,77,0.15,M2,147,False,0.8320610687022901,0.8262411347517731,0.022900763358778626,0.9770992366412213,0.9787234042553191,3.1068702290076335,131
pad,77,0.15,M3,62,False,0.8541666666666666,0.8418803418803418,0.041666666666666664,0.9583333333333334,0.9487179487179487,2.8125,48
pad,77,0.15,M4,7,False,1.0,1.0,0.0,1.0,1.0,3.875,8
pad,77,0.15,M5,1,True,1.0,1.0,0.0,1.0,1.0,4.5,2
hiba,78,0.05,B,182,False,0.9835390946502057,0.9523809523809523,,1.0,1.0,5.897119341563786,243
hiba,78,0.05,M1,23,False,1.0,1.0,0.0,1.0,1.0,6.133333333333334,15
hiba,78,0.05,M2,211,False,0.9903846153846154,0.9885057471264368,0.0,1.0,1.0,6.4423076923076925,104
hiba,78,0.05,M3,23,False,1.0,1.0,0.0,1.0,1.0,6.6,15
hiba,78,0.1,B,182,False,0.9670781893004116,0.9275793650793651,,0.9506172839506173,0.9912044304901447,3.728395061728395,243
hiba,78,0.1,M1,23,False,1.0,1.0,0.0,1.0,1.0,5.133333333333334,15
hiba,78,0.1,M2,211,False,0.9519230769230769,0.9425287356321839,0.0,1.0,1.0,4.913461538461538,104
hiba,78,0.1,M3,23,False,0.8,0.625,0.0,1.0,1.0,4.133333333333334,15
hiba,78,0.15,B,182,False,0.9588477366255144,0.9186507936507937,,0.8436213991769548,0.942254636897494,3.0411522633744856,243
hiba,78,0.15,M1,23,False,0.8666666666666667,0.9,0.0,1.0,1.0,4.066666666666666,15
hiba,78,0.15,M2,211,False,0.9230769230769231,0.9137931034482759,0.0,1.0,1.0,4.346153846153846,104
hiba,78,0.15,M3,23,False,0.6666666666666666,0.5416666666666667,0.0,1.0,1.0,3.7333333333333334,15
pad,78,0.05,B,89,False,0.9863013698630136,0.9821428571428571,,0.9726027397260274,0.9761904761904763,4.068493150684931,73
pad,78,0.05,M1,26,False,1.0,1.0,0.0,1.0,1.0,4.315789473684211,19
pad,78,0.05,M2,137,False,1.0,1.0,0.0,1.0,1.0,4.621428571428571,140
pad,78,0.05,M3,67,False,1.0,1.0,0.0,1.0,1.0,4.4222222222222225,45
pad,78,0.05,M4,8,True,1.0,1.0,0.0,1.0,1.0,5.333333333333333,6
pad,78,0.05,M5,3,True,,,,,,,0
pad,78,0.1,B,89,False,0.9863013698630136,0.9821428571428571,,0.8767123287671232,0.9047619047619048,3.4657534246575343,73
pad,78,0.1,M1,26,False,0.9473684210526315,0.9230769230769231,0.0,1.0,1.0,3.6842105263157894,19
pad,78,0.1,M2,137,False,0.9357142857142857,0.9230769230769231,0.014285714285714285,0.9857142857142858,0.9807692307692307,3.7142857142857144,140
pad,78,0.1,M3,67,False,0.9555555555555556,0.9411764705882353,0.022222222222222223,0.9777777777777777,0.9705882352941176,3.8444444444444446,45
pad,78,0.1,M4,8,True,1.0,1.0,0.0,1.0,1.0,4.666666666666667,6
pad,78,0.1,M5,3,True,,,,,,,0
pad,78,0.15,B,89,False,0.9315068493150684,0.943452380952381,,0.8493150684931506,0.8898809523809523,2.8904109589041096,73
pad,78,0.15,M1,26,False,0.9473684210526315,0.9230769230769231,0.0,1.0,1.0,3.0,19
pad,78,0.15,M2,137,False,0.8857142857142857,0.8798076923076923,0.03571428571428571,0.9642857142857143,0.9615384615384616,3.0642857142857145,140
pad,78,0.15,M3,67,False,0.8888888888888888,0.8823529411764706,0.044444444444444446,0.9555555555555556,0.9558823529411765,3.3333333333333335,45
pad,78,0.15,M4,8,False,1.0,1.0,0.0,1.0,1.0,3.8333333333333335,6
pad,78,0.15,M5,3,True,,,,,,,0
hiba,79,0.05,B,179,False,0.9532710280373832,0.9157088122605362,,1.0,1.0,5.177570093457944,214
hiba,79,0.05,M1,26,False,1.0,1.0,0.0,1.0,1.0,6.1,10
hiba,79,0.05,M2,210,False,0.9741379310344828,0.9791666666666667,0.0,1.0,1.0,5.939655172413793,116
hiba,79,0.05,M3,23,False,0.7,0.6875,0.0,1.0,1.0,5.6,10
hiba,79,0.1,B,179,False,0.9018691588785047,0.8146551724137931,,0.9065420560747663,0.9887566137566137,3.44392523364486,214
hiba,79,0.1,M1,26,False,1.0,1.0,0.0,1.0,1.0,4.7,10
hiba,79,0.1,M2,210,False,0.9482758620689655,0.956439393939394,0.017241379310344827,0.9827586206896551,0.9886363636363636,4.672413793103448,116
hiba,79,0.1,M3,23,False,0.7,0.6875,0.0,1.0,1.0,4.1,10
hiba,79,0.15,B,179,False,0.8785046728971962,0.7768199233716474,,0.8084112149532711,0.9662014230979749,2.817757009345794,214
hiba,79,0.15,M1,26,False,1.0,1.0,0.0,1.0,1.0,3.8,10
hiba,79,0.15,M2,210,False,0.9137931034482759,0.9166666666666667,0.02586206896551724,0.9741379310344828,0.9848484848484849,3.7327586206896552,116
hiba,79,0.15,M3,23,False,0.7,0.6875,0.0,1.0,1.0,3.7,10
pad,79,0.05,B,80,False,0.9069767441860465,0.8948717948717948,,0.8953488372093024,0.8974358974358975,3.383720930232558,86
pad,79,0.05,M1,23,False,0.9130434782608695,0.90625,0.0,1.0,1.0,3.608695652173913,23
pad,79,0.05,M2,148,False,0.9596774193548387,0.9623655913978495,0.0,1.0,1.0,3.9596774193548385,124
pad,79,0.05,M3,60,False,0.9074074074074074,0.8780487804878049,0.018518518518518517,0.9814814814814815,0.975609756097561,3.7777777777777777,54
pad,79,0.05,M4,9,True,1.0,1.0,0.0,1.0,1.0,4.2,5
pad,79,0.05,M5,2,True,1.0,1.0,0.0,1.0,1.0,3.0,1
pad,79,0.1,B,80,False,0.8488372093023255,0.8461538461538461,,0.8488372093023255,0.8743589743589744,2.697674418604651,86
pad,79,0.1,M1,23,False,0.8695652173913043,0.84375,0.0,1.0,1.0,2.9565217391304346,23
pad,79,0.1,M2,148,False,0.9193548387096774,0.9139784946236559,0.016129032258064516,0.9838709677419355,0.978494623655914,3.217741935483871,124
pad,79,0.1,M3,60,False,0.8148148148148148,0.7926829268292683,0.05555555555555555,0.9444444444444444,0.9390243902439024,3.0925925925925926,54
pad,79,0.1,M4,9,False,1.0,1.0,0.0,1.0,1.0,3.4,5
pad,79,0.1,M5,2,True,1.0,1.0,0.0,1.0,1.0,3.0,1
pad,79,0.15,B,80,False,0.8023255813953488,0.7948717948717949,,0.8604651162790697,0.8897435897435898,2.3488372093023258,86
pad,79,0.15,M1,23,False,0.6956521739130435,0.6875,0.08695652173913043,0.9130434782608695,0.90625,2.1739130434782608,23
pad,79,0.15,M2,148,False,0.8225806451612904,0.8279569892473119,0.04032258064516129,0.9596774193548387,0.956989247311828,2.814516129032258,124
pad,79,0.15,M3,60,False,0.8148148148148148,0.7926829268292683,0.05555555555555555,0.9444444444444444,0.9390243902439024,2.888888888888889,54
pad,79,0.15,M4,9,False,1.0,1.0,0.0,1.0,1.0,3.4,5
pad,79,0.15,M5,2,True,1.0,1.0,0.0,1.0,1.0,3.0,1
hiba,80,0.05,B,186,False,0.9761904761904762,0.93125,,1.0,1.0,5.48015873015873,252
hiba,80,0.05,M1,26,False,1.0,1.0,0.0,1.0,1.0,6.25,12
hiba,80,0.05,M2,211,False,0.9339622641509434,0.9310344827586207,0.0,1.0,1.0,5.962264150943396,106
hiba,80,0.05,M3,23,False,1.0,1.0,0.0,1.0,1.0,6.111111111111111,9
hiba,80,0.1,B,186,False,0.9642857142857143,0.9,,0.9682539682539683,0.9872584033613446,3.9523809523809526,252
hiba,80,0.1,M1,26,False,0.9166666666666666,0.9642857142857143,0.0,1.0,1.0,5.166666666666667,12
hiba,80,0.1,M2,211,False,0.9150943396226415,0.9080459770114943,0.009433962264150943,0.9905660377358491,0.9885057471264368,4.69811320754717,106
hiba,80,0.1,M3,23,False,1.0,1.0,0.0,1.0,1.0,5.0,9
hiba,80,0.15,B,186,False,0.9365079365079365,0.8453125,,0.8611111111111112,0.9194977793749081,3.0277777777777777,252
hiba,80,0.15,M1,26,False,0.5833333333333334,0.6428571428571429,0.16666666666666666,0.8333333333333334,0.8928571428571429,3.6666666666666665,12
hiba,80,0.15,M2,211,False,0.8867924528301887,0.8927203065134098,0.018867924528301886,0.9811320754716981,0.9770114942528736,3.7830188679245285,106
hiba,80,0.15,M3,23,False,0.8888888888888888,0.9375,0.0,1.0,1.0,3.888888888888889,9
pad,80,0.05,B,89,False,0.9722222222222222,0.9732142857142857,,0.9722222222222222,0.9761904761904762,4.0,72
pad,80,0.05,M1,18,True,1.0,1.0,0.0,1.0,1.0,4.9375,32
pad,80,0.05,M2,139,False,0.9411764705882353,0.9362745098039216,0.0,1.0,1.0,4.051470588235294,136
pad,80,0.05,M3,75,False,0.9714285714285714,0.9615384615384616,0.0,1.0,1.0,4.0285714285714285,35
pad,80,0.05,M4,8,True,1.0,1.0,0.0,1.0,1.0,5.5,6
pad,80,0.05,M5,2,True,1.0,1.0,0.0,1.0,1.0,3.0,1
pad,80,0.1,B,89,False,0.8888888888888888,0.8958333333333333,,0.9305555555555556,0.931547619047619,3.2777777777777777,72
pad,80,0.1,M1,18,False,1.0,1.0,0.0,1.0,1.0,3.78125,32
pad,80,0.1,M2,139,False,0.875,0.8692810457516339,0.022058823529411766,0.9779411764705882,0.9754901960784313,3.2205882352941178,136
pad,80,0.1,M3,75,False,0.8,0.7756410256410255,0.0,1.0,1.0,3.085714285714286,35
pad,80,0.1,M4,8,True,1.0,1.0,0.0,1.0,1.0,4.666666666666667,6
pad,80,0.1,M5,2,True,1.0,1.0,0.0,1.0,1.0,3.0,1
pad,80,0.15,B,89,False,0.8611111111111112,0.8779761904761905,,0.9027777777777778,0.9047619047619048,2.763888888888889,72
pad,80,0.15,M1,18,False,0.96875,0.9523809523809523,0.0,1.0,1.0,3.3125,32
pad,80,0.15,M2,139,False,0.8088235294117647,0.8115079365079366,0.022058823529411766,0.9779411764705882,0.9754901960784313,2.7941176470588234,136
pad,80,0.15,M3,75,False,0.7142857142857143,0.6794871794871794,0.05714285714285714,0.9428571428571428,0.9423076923076923,2.914285714285714,35
pad,80,0.15,M4,8,False,0.8333333333333334,0.8333333333333334,0.0,1.0,1.0,3.1666666666666665,6
pad,80,0.15,M5,2,True,1.0,1.0,0.0,1.0,1.0,3.0,1
hiba,81,0.05,B,181,False,0.9621848739495799,0.9137254901960785,,1.0,1.0,5.411764705882353,238
hiba,81,0.05,M1,24,False,1.0,1.0,0.0,1.0,1.0,5.846153846153846,13
hiba,81,0.05,M2,207,False,0.9375,0.9285714285714286,0.0,1.0,1.0,5.696428571428571,112
hiba,81,0.05,M3,26,False,1.0,1.0,0.0,1.0,1.0,6.2,5
hiba,81,0.1,B,181,False,0.9285714285714286,0.8584313725490196,,0.907563025210084,0.9274976657329598,3.5294117647058822,238
hiba,81,0.1,M1,24,False,0.7692307692307693,0.8333333333333334,0.0,1.0,1.0,3.8461538461538463,13
hiba,81,0.1,M2,207,False,0.8392857142857143,0.8324175824175825,0.017857142857142856,0.9821428571428571,0.9835164835164835,4.241071428571429,112
hiba,81,0.1,M3,26,False,1.0,1.0,0.0,1.0,1.0,5.0,5
hiba,81,0.15,B,181,False,0.9117647058823529,0.8172549019607843,,0.7983193277310925,0.8932306255835668,2.865546218487395,238
hiba,81,0.15,M1,24,False,0.7692307692307693,0.8333333333333334,0.07692307692307693,0.9230769230769231,0.9444444444444444,3.230769230769231,13
hiba,81,0.15,M2,207,False,0.8035714285714286,0.8067765567765567,0.026785714285714284,0.9732142857142857,0.9725274725274725,3.6517857142857144,112
hiba,81,0.15,M3,26,False,0.8,0.8,0.0,1.0,1.0,4.0,5
pad,81,0.05,B,93,False,0.9384615384615385,0.9423076923076923,,0.9846153846153847,0.9935897435897435,3.753846153846154,65
pad,81,0.05,M1,18,True,1.0,1.0,0.0,1.0,1.0,4.862068965517241,29
pad,81,0.05,M2,160,False,0.9719626168224299,0.9691358024691358,0.009345794392523364,0.9906542056074766,0.9876543209876543,4.168224299065421,107
pad,81,0.05,M3,62,False,0.8695652173913043,0.8461538461538461,0.043478260869565216,0.9565217391304348,0.9487179487179487,3.608695652173913,46
pad,81,0.05,M4,8,True,1.0,1.0,0.0,1.0,1.0,5.666666666666667,6
pad,81,0.1,B,93,False,0.8923076923076924,0.907051282051282,,0.9692307692307692,0.9743589743589743,3.2615384615384615,65
pad,81,0.1,M1,18,False,1.0,1.0,0.0,1.0,1.0,3.7241379310344827,29
pad,81,0.1,M2,160,False,0.9252336448598131,0.9259259259259259,0.018691588785046728,0.9813084112149533,0.9753086419753086,3.4953271028037385,107
pad,81,0.1,M3,62,False,0.8695652173913043,0.8461538461538461,0.043478260869565216,0.9565217391304348,0.9487179487179487,3.0652173913043477,46
pad,81,0.1,M4,8,True,1.0,1.0,0.0,1.0,1.0,5.0,6
pad,81,0.15,B,93,False,0.8923076923076924,0.907051282051282,,0.9076923076923077,0.935897435897436,2.6307692307692307,65
pad,81,0.15,M1,18,False,0.9655172413793104,0.9523809523809523,0.0,1.0,1.0,3.310344827586207,29
pad,81,0.15,M2,160,False,0.8785046728971962,0.8950617283950617,0.028037383177570093,0.9719626168224299,0.9691358024691358,3.0654205607476634,107
pad,81,0.15,M3,62,False,0.8260869565217391,0.8076923076923077,0.06521739130434782,0.9347826086956522,0.9230769230769231,2.717391304347826,46
pad,81,0.15,M4,8,False,0.6666666666666666,0.6666666666666666,0.0,1.0,1.0,3.3333333333333335,6
hiba,82,0.05,B,180,False,0.9732620320855615,0.9476744186046512,,1.0,1.0,6.171122994652406,187
hiba,82,0.05,M1,23,False,1.0,1.0,0.0,1.0,1.0,5.857142857142857,14
hiba,82,0.05,M2,216,False,0.93,0.9227642276422763,0.0,1.0,1.0,6.23,100
hiba,82,0.05,M3,18,True,1.0,1.0,0.0,1.0,1.0,6.894736842105263,19
hiba,82,0.1,B,180,False,0.9518716577540107,0.9127906976744186,,0.9572192513368984,0.977906976744186,3.978609625668449,187
hiba,82,0.1,M1,23,False,0.8571428571428571,0.9333333333333333,0.0,1.0,1.0,4.0,14
hiba,82,0.1,M2,216,False,0.89,0.8800813008130081,0.01,0.99,0.9939024390243902,4.83,100
hiba,82,0.1,M3,18,False,0.9473684210526315,0.9230769230769231,0.0,1.0,1.0,4.473684210526316,19
hiba,82,0.15,B,180,False,0.8877005347593583,0.8234496124031008,,0.8609625668449198,0.9183462532299743,2.983957219251337,187
hiba,82,0.15,M1,23,False,0.7857142857142857,0.8833333333333334,0.07142857142857142,0.9285714285714286,0.9666666666666666,2.857142857142857,14
hiba,82,0.15,M2,216,False,0.84,0.8272357723577235,0.03,0.97,0.9695121951219512,3.81,100
hiba,82,0.15,M3,18,False,0.9473684210526315,0.9230769230769231,0.0,1.0,1.0,3.6842105263157894,19
pad,82,0.05,B,99,False,0.9322033898305084,0.9492753623188406,,1.0,1.0,4.016949152542373,59
pad,82,0.05,M1,24,False,1.0,1.0,0.0,1.0,1.0,4.3,20
pad,82,0.05,M2,142,False,0.9761904761904762,0.9797979797979798,0.0,1.0,1.0,4.388888888888889,126
pad,82,0.05,M3,59,False,0.9444444444444444,0.9444444444444445,0.0,1.0,1.0,4.055555555555555,54
pad,82,0.05,M4,9,True,1.0,1.0,0.0,1.0,1.0,5.166666666666667,6
pad,82,0.05,M5,3,True,,,,,,,0
pad,82,0.1,B,99,False,0.9152542372881356,0.9275362318840579,,1.0,1.0,3.406779661016949,59
pad,82,0.1,M1,24,False,0.95,0.9333333333333333,0.0,1.0,1.0,3.8,20
pad,82,0.1,M2,142,False,0.9047619047619048,0.898989898989899,0.007936507936507936,0.9920634920634921,0.98989898989899,3.6825396825396823,126
pad,82,0.1,M3,59,False,0.9444444444444444,0.9444444444444445,0.0,1.0,1.0,3.537037037037037,54
pad,82,0.1,M4,9,False,0.8333333333333334,0.8,0.0,1.0,1.0,4.0,6
pad,82,0.1,M5,3,True,,,,,,,0
pad,82,0.15,B,99,False,0.8983050847457628,0.9057971014492753,,0.9152542372881356,0.9347826086956522,2.830508474576271,59
pad,82,0.15,M1,24,False,0.95,0.9333333333333333,0.0,1.0,1.0,3.25,20
pad,82,0.15,M2,142,False,0.8650793650793651,0.8585858585858586,0.015873015873015872,0.9841269841269841,0.9797979797979798,3.0555555555555554,126
pad,82,0.15,M3,59,False,0.8148148148148148,0.8095238095238095,0.05555555555555555,0.9444444444444444,0.9285714285714286,2.8333333333333335,54
pad,82,0.15,M4,9,False,0.8333333333333334,0.8,0.0,1.0,1.0,3.3333333333333335,6
pad,82,0.15,M5,3,True,,,,,,,0
hiba,83,0.05,B,183,False,0.9880239520958084,0.9759036144578314,,1.0,1.0,6.11377245508982,167
hiba,83,0.05,M1,19,False,0.9545454545454546,0.9285714285714286,0.0,1.0,1.0,6.318181818181818,22
hiba,83,0.05,M2,206,False,0.9724770642201835,0.9728260869565217,0.0,1.0,1.0,6.513761467889908,109
hiba,83,0.05,M3,24,False,1.0,1.0,0.0,1.0,1.0,6.75,8
hiba,83,0.1,B,183,False,0.9580838323353293,0.927710843373494,,0.9580838323353293,0.9698795180722891,4.047904191616767,167
hiba,83,0.1,M1,19,False,0.9545454545454546,0.9285714285714286,0.0,1.0,1.0,5.045454545454546,22
hiba,83,0.1,M2,206,False,0.9174311926605505,0.9184782608695652,0.027522935779816515,0.9724770642201835,0.9782608695652174,4.81651376146789,109
hiba,83,0.1,M3,24,False,0.875,0.8571428571428571,0.0,1.0,1.0,5.0,8
hiba,83,0.15,B,183,False,0.9281437125748503,0.8845381526104418,,0.9041916167664671,0.9387550200803212,3.467065868263473,167
hiba,83,0.15,M1,19,False,0.9545454545454546,0.9285714285714286,0.0,1.0,1.0,4.545454545454546,22
hiba,83,0.15,M2,206,False,0.8807339449541285,0.898550724637681,0.03669724770642202,0.963302752293578,0.967391304347826,4.165137614678899,109
hiba,83,0.15,M3,24,False,0.875,0.8571428571428571,0.0,1.0,1.0,4.75,8
pad,83,0.05,B,78,False,0.9879518072289156,0.9850746268656716,,0.9879518072289156,0.9850746268656716,4.337349397590361,83
pad,83,0.05,M1,26,False,1.0,1.0,0.0,1.0,1.0,5.190476190476191,21
pad,83,0.05,M2,147,False,0.9435483870967742,0.9414893617021277,0.0,1.0,1.0,4.661290322580645,124
pad,83,0.05,M3,63,False,1.0,1.0,0.0,1.0,1.0,4.760869565217392,46
pad,83,0.05,M4,7,True,1.0,1.0,0.0,1.0,1.0,6.0,7
pad,83,0.05,M5,2,True,1.0,1.0,0.0,1.0,1.0,6.0,1
pad,83,0.1,B,78,False,0.9759036144578314,0.9701492537313433,,0.9156626506024096,0.9154228855721394,3.5180722891566263,83
pad,83,0.1,M1,26,False,1.0,1.0,0.0,1.0,1.0,4.428571428571429,21
pad,83,0.1,M2,147,False,0.8629032258064516,0.851063829787234,0.008064516129032258,0.9919354838709677,0.9893617021276596,3.620967741935484,124
pad,83,0.1,M3,63,False,0.9782608695652174,0.9736842105263158,0.0,1.0,1.0,3.9347826086956523,46
pad,83,0.1,M4,7,True,1.0,1.0,0.0,1.0,1.0,5.0,7
pad,83,0.1,M5,2,True,1.0,1.0,0.0,1.0,1.0,6.0,1
pad,83,0.15,B,78,False,0.8674698795180723,0.8557213930348259,,0.9156626506024096,0.9129353233830846,2.6144578313253013,83
pad,83,0.15,M1,26,False,0.9523809523809523,0.9230769230769231,0.0,1.0,1.0,3.0952380952380953,21
pad,83,0.15,M2,147,False,0.8306451612903226,0.8229483282674772,0.024193548387096774,0.9758064516129032,0.973404255319149,2.7096774193548385,124
pad,83,0.15,M3,63,False,0.9782608695652174,0.9736842105263158,0.0,1.0,1.0,3.130434782608696,46
pad,83,0.15,M4,7,False,0.8571428571428571,0.8571428571428571,0.0,1.0,1.0,3.142857142857143,7
pad,83,0.15,M5,2,True,1.0,1.0,0.0,1.0,1.0,6.0,1
hiba,84,0.05,B,178,False,0.9130434782608695,0.8740530303030304,,1.0,1.0,4.845410628019324,207
hiba,84,0.05,M1,25,False,1.0,1.0,0.0,1.0,1.0,6.3125,16
hiba,84,0.05,M2,220,False,0.9263157894736842,0.9380341880341879,0.0,1.0,1.0,5.410526315789474,95
hiba,84,0.05,M3,19,False,0.8571428571428571,0.8333333333333334,0.0,1.0,1.0,5.357142857142857,14
hiba,84,0.1,B,178,False,0.8502415458937198,0.7945075757575758,,0.9227053140096618,0.9398887844611529,3.5217391304347827,207
hiba,84,0.1,M1,25,False,0.9375,0.96875,0.0,1.0,1.0,4.5625,16
hiba,84,0.1,M2,220,False,0.8842105263157894,0.8963675213675213,0.0,1.0,1.0,4.294736842105263,95
hiba,84,0.1,M3,19,False,0.8571428571428571,0.8333333333333334,0.0,1.0,1.0,4.571428571428571,14
hiba,84,0.15,B,178,False,0.8115942028985508,0.7507520053475936,,0.8454106280193237,0.8946798815219867,2.753623188405797,207
hiba,84,0.15,M1,25,False,0.875,0.9375,0.0,1.0,1.0,3.5625,16
hiba,84,0.15,M2,220,False,0.8315789473684211,0.8514957264957264,0.021052631578947368,0.9789473684210527,0.9829059829059827,3.3684210526315788,95
hiba,84,0.15,M3,19,False,0.8571428571428571,0.8333333333333334,0.0,1.0,1.0,4.0,14
pad,84,0.05,B,87,False,0.9857142857142858,0.9827586206896551,,0.9714285714285714,0.9770114942528736,3.942857142857143,70
pad,84,0.05,M1,22,False,0.9642857142857143,0.9705882352941176,0.0,1.0,1.0,4.464285714285714,28
pad,84,0.05,M2,155,False,0.972972972972973,0.9709302325581395,0.0,1.0,1.0,4.486486486486487,111
pad,84,0.05,M3,65,False,0.9285714285714286,0.9351851851851853,0.0,1.0,1.0,4.261904761904762,42
pad,84,0.05,M4,9,True,1.0,1.0,0.0,1.0,1.0,5.6,5
pad,84,0.05,M5,2,True,1.0,1.0,0.0,1.0,1.0,6.0,1
pad,84,0.1,B,87,False,0.9571428571428572,0.9568965517241379,,0.9285714285714286,0.9252873563218391,3.4285714285714284,70
pad,84,0.1,M1,22,False,0.9642857142857143,0.9705882352941176,0.0,1.0,1.0,3.892857142857143,28
pad,84,0.1,M2,155,False,0.9459459459459459,0.9418604651162791,0.0,1.0,1.0,3.963963963963964,111
pad,84,0.1,M3,65,False,0.9285714285714286,0.9351851851851853,0.0,1.0,1.0,3.7857142857142856,42
pad,84,0.1,M4,9,False,0.6,0.6,0.0,1.0,1.0,3.8,5
pad,84,0.1,M5,2,True,1.0,1.0,0.0,1.0,1.0,6.0,1
pad,84,0.15,B,87,False,0.9285714285714286,0.9339080459770115,,0.9285714285714286,0.9137931034482759,2.857142857142857,70
pad,84,0.15,M1,22,False,0.8571428571428571,0.8627450980392157,0.03571428571428571,0.9642857142857143,0.9705882352941176,2.9285714285714284,28
pad,84,0.15,M2,155,False,0.9099099099099099,0.9089147286821704,0.009009009009009009,0.990990990990991,0.9941860465116279,3.27027027027027,111
pad,84,0.15,M3,65,False,0.9285714285714286,0.9351851851851853,0.0,1.0,1.0,3.3333333333333335,42
pad,84,0.15,M4,9,False,0.6,0.6,0.0,1.0,1.0,3.6,5
pad,84,0.15,M5,2,True,1.0,1.0,0.0,1.0,1.0,6.0,1
hiba,85,0.05,B,191,False,0.9941176470588236,0.9866666666666667,,1.0,1.0,6.223529411764706,170
hiba,85,0.05,M1,21,False,1.0,1.0,0.0,1.0,1.0,6.409090909090909,22
hiba,85,0.05,M2,209,False,0.9642857142857143,0.9719101123595506,0.0,1.0,1.0,7.0,112
hiba,85,0.05,M3,20,False,1.0,1.0,0.0,1.0,1.0,6.909090909090909,11
hiba,85,0.1,B,191,False,0.9588235294117647,0.92,,0.9176470588235294,0.9800821661998134,3.611764705882353,170
hiba,85,0.1,M1,21,False,0.8181818181818182,0.9027777777777778,0.0,1.0,1.0,4.5,22
hiba,85,0.1,M2,209,False,0.9017857142857143,0.901685393258427,0.0,1.0,1.0,4.857142857142857,112
hiba,85,0.1,M3,20,False,0.9090909090909091,0.9090909090909091,0.0,1.0,1.0,5.181818181818182,11
hiba,85,0.15,B,191,False,0.8941176470588236,0.822,,0.7588235294117647,0.911014005602241,2.6941176470588237,170
hiba,85,0.15,M1,21,False,0.6818181818181818,0.736111111111111,0.045454545454545456,0.9545454545454546,0.9583333333333334,3.3636363636363638,22
hiba,85,0.15,M2,209,False,0.8660714285714286,0.8754681647940074,0.0,1.0,1.0,3.9107142857142856,112
hiba,85,0.15,M3,20,False,0.9090909090909091,0.9090909090909091,0.0,1.0,1.0,4.636363636363637,11
pad,85,0.05,B,78,False,0.9333333333333333,0.9253731343283582,,0.9111111111111111,0.9179104477611939,3.566666666666667,90
pad,85,0.05,M1,19,False,1.0,1.0,0.0,1.0,1.0,4.258064516129032,31
pad,85,0.05,M2,142,False,0.9834710743801653,0.9848484848484849,0.008264462809917356,0.9917355371900827,0.98989898989899,4.338842975206612,121
pad,85,0.05,M3,67,False,0.8536585365853658,0.8431372549019607,0.024390243902439025,0.975609756097561,0.9705882352941176,3.926829268292683,41
pad,85,0.05,M4,7,True,1.0,1.0,0.0,1.0,1.0,5.571428571428571,7
pad,85,0.05,M5,2,True,1.0,1.0,0.0,1.0,1.0,3.0,1
pad,85,0.1,B,78,False,0.9111111111111111,0.9054726368159205,,0.8888888888888888,0.8880597014925373,3.1777777777777776,90
pad,85,0.1,M1,19,False,1.0,1.0,0.0,1.0,1.0,3.838709677419355,31
pad,85,0.1,M2,142,False,0.9421487603305785,0.9444444444444444,0.008264462809917356,0.9917355371900827,0.98989898989899,3.652892561983471,121
pad,85,0.1,M3,67,False,0.8292682926829268,0.8137254901960783,0.024390243902439025,0.975609756097561,0.9705882352941176,3.5365853658536586,41
pad,85,0.1,M4,7,True,1.0,1.0,0.0,1.0,1.0,5.285714285714286,7
pad,85,0.1,M5,2,True,1.0,1.0,0.0,1.0,1.0,3.0,1
pad,85,0.15,B,78,False,0.8222222222222222,0.8134328358208955,,0.9,0.9129353233830846,2.433333333333333,90
pad,85,0.15,M1,19,False,0.967741935483871,0.95,0.0,1.0,1.0,2.870967741935484,31
pad,85,0.15,M2,142,False,0.8760330578512396,0.8888888888888888,0.008264462809917356,0.9917355371900827,0.98989898989899,2.7520661157024793,121
pad,85,0.15,M3,67,False,0.7804878048780488,0.7549019607843137,0.04878048780487805,0.9512195121951219,0.9411764705882353,3.024390243902439,41
pad,85,0.15,M4,7,False,0.8571428571428571,0.8571428571428571,0.0,1.0,1.0,3.7142857142857144,7
pad,85,0.15,M5,2,True,1.0,1.0,0.0,1.0,1.0,3.0,1
hiba,86,0.05,B,186,False,0.9891304347826086,0.96875,,1.0,1.0,5.952898550724638,276
hiba,86,0.05,M1,24,False,1.0,1.0,0.0,1.0,1.0,6.166666666666667,12
hiba,86,0.05,M2,203,False,0.9193548387096774,0.912280701754386,0.0,1.0,1.0,6.42741935483871,124
hiba,86,0.05,M3,25,False,1.0,1.0,0.0,1.0,1.0,6.7272727272727275,11
hiba,86,0.1,B,186,False,0.9710144927536232,0.925,,0.9637681159420289,0.9873214285714285,4.079710144927536,276
hiba,86,0.1,M1,24,False,1.0,1.0,0.0,1.0,1.0,4.583333333333333,12
hiba,86,0.1,M2,203,False,0.8790322580645161,0.8649122807017544,0.016129032258064516,0.9838709677419355,0.9842105263157894,4.669354838709677,124
hiba,86,0.1,M3,25,False,1.0,1.0,0.0,1.0,1.0,4.7272727272727275,11
hiba,86,0.15,B,186,False,0.9384057971014492,0.8515625,,0.8659420289855072,0.9465463137009189,3.2065217391304346,276
hiba,86,0.15,M1,24,False,1.0,1.0,0.0,1.0,1.0,3.3333333333333335,12
hiba,86,0.15,M2,203,False,0.8387096774193549,0.8412280701754385,0.016129032258064516,0.9838709677419355,0.9842105263157894,3.838709677419355,124
hiba,86,0.15,M3,25,False,1.0,1.0,0.0,1.0,1.0,4.363636363636363,11
pad,86,0.05,B,87,False,0.9066666666666666,0.9080459770114944,,0.9333333333333333,0.9454022988505748,3.6133333333333333,75
pad,86,0.05,M1,23,False,0.9629629629629629,0.96875,0.0,1.0,1.0,3.888888888888889,27
pad,86,0.05,M2,137,False,0.9701492537313433,0.9615384615384616,0.0,1.0,1.0,4.0,134
pad,86,0.05,M3,55,False,0.9508196721311475,0.9347826086956522,0.01639344262295082,0.9836065573770492,0.9782608695652174,3.7049180327868854,61
pad,86,0.05,M4,8,True,1.0,1.0,0.0,1.0,1.0,4.714285714285714,7
pad,86,0.05,M5,1,True,1.0,1.0,0.0,1.0,1.0,4.0,2
pad,86,0.1,B,87,False,0.88,0.8850574712643678,,0.9066666666666666,0.9109195402298851,3.2533333333333334,75
pad,86,0.1,M1,23,False,0.9629629629629629,0.96875,0.0,1.0,1.0,3.5185185185185186,27
pad,86,0.1,M2,137,False,0.9477611940298507,0.9375,0.0,1.0,1.0,3.4029850746268657,134
pad,86,0.1,M3,55,False,0.819672131147541,0.8115942028985508,0.04918032786885246,0.9508196721311475,0.9456521739130435,3.0,61
pad,86,0.1,M4,8,True,1.0,1.0,0.0,1.0,1.0,4.285714285714286,7
pad,86,0.1,M5,1,True,1.0,1.0,0.0,1.0,1.0,3.5,2
pad,86,0.15,B,87,False,0.7733333333333333,0.7844827586206896,,0.8933333333333333,0.9051724137931034,2.6,75
pad,86,0.15,M1,23,False,0.9629629629629629,0.96875,0.0,1.0,1.0,3.037037037037037,27
pad,86,0.15,M2,137,False,0.917910447761194,0.9102564102564104,0.007462686567164179,0.9925373134328358,0.9951923076923077,2.8656716417910446,134
pad,86,0.15,M3,55,False,0.8032786885245902,0.8007246376811594,0.04918032786885246,0.9508196721311475,0.9456521739130435,2.6885245901639343,61
pad,86,0.15,M4,8,False,1.0,1.0,0.0,1.0,1.0,3.5714285714285716,7
pad,86,0.15,M5,1,True,1.0,1.0,0.0,1.0,1.0,3.5,2
hiba,87,0.05,B,190,False,0.9651162790697675,0.9572368421052632,,1.0,1.0,6.017441860465116,172
hiba,87,0.05,M1,25,False,1.0,1.0,0.0,1.0,1.0,6.466666666666667,15
hiba,87,0.05,M2,203,False,0.9734513274336283,0.9736842105263158,0.0,1.0,1.0,6.451327433628318,113
hiba,87,0.05,M3,20,False,1.0,1.0,0.0,1.0,1.0,6.5,18
hiba,87,0.1,B,190,False,0.8953488372093024,0.8585526315789473,,0.9709302325581395,0.9876500461680517,4.0523255813953485,172
hiba,87,0.1,M1,25,False,1.0,1.0,0.0,1.0,1.0,4.933333333333334,15
hiba,87,0.1,M2,203,False,0.9646017699115044,0.9631578947368421,0.0,1.0,1.0,4.876106194690266,113
hiba,87,0.1,M3,20,False,0.8888888888888888,0.8636363636363636,0.0,1.0,1.0,4.111111111111111,18
hiba,87,0.15,B,190,False,0.8546511627906976,0.819078947368421,,0.9069767441860465,0.9504847645429362,3.133720930232558,172
hiba,87,0.15,M1,25,False,1.0,1.0,0.0,1.0,1.0,3.933333333333333,15
hiba,87,0.15,M2,203,False,0.9026548672566371,0.9122807017543859,0.02654867256637168,0.9734513274336283,0.9736842105263158,4.0,113
hiba,87,0.15,M3,20,False,0.8888888888888888,0.8636363636363636,0.0,1.0,1.0,3.2777777777777777,18
pad,87,0.05,B,92,False,0.958904109589041,0.9528301886792453,,0.958904109589041,0.9685534591194968,3.6301369863013697,73
pad,87,0.05,M1,24,False,1.0,1.0,0.0,1.0,1.0,4.2727272727272725,22
pad,87,0.05,M2,147,False,0.9416666666666667,0.9414893617021277,0.008333333333333333,0.9916666666666667,0.9893617021276596,4.175,120
pad,87,0.05,M3,58,False,1.0,1.0,0.0,1.0,1.0,4.413793103448276,58
pad,87,0.05,M4,8,True,1.0,1.0,0.0,1.0,1.0,5.5,6
pad,87,0.05,M5,1,True,1.0,1.0,0.0,1.0,1.0,5.5,2
pad,87,0.1,B,92,False,0.8904109589041096,0.8930817610062892,,0.9452054794520548,0.9465408805031448,2.9863013698630136,73
pad,87,0.1,M1,24,False,1.0,1.0,0.0,1.0,1.0,3.590909090909091,22
pad,87,0.1,M2,147,False,0.925,0.925531914893617,0.008333333333333333,0.9916666666666667,0.9893617021276596,3.2083333333333335,120
pad,87,0.1,M3,58,False,0.9827586206896551,0.9767441860465116,0.017241379310344827,0.9827586206896551,0.9767441860465116,3.3793103448275863,58
pad,87,0.1,M4,8,True,1.0,1.0,0.0,1.0,1.0,5.0,6
pad,87,0.1,M5,1,True,1.0,1.0,0.0,1.0,1.0,5.0,2
pad,87,0.15,B,92,False,0.8356164383561644,0.8270440251572326,,0.958904109589041,0.9654088050314465,2.5342465753424657,73
pad,87,0.15,M1,24,False,0.9090909090909091,0.9111111111111112,0.0,1.0,1.0,2.909090909090909,22
pad,87,0.15,M2,147,False,0.7916666666666666,0.8049645390070922,0.03333333333333333,0.9666666666666667,0.9680851063829787,2.7333333333333334,120
pad,87,0.15,M3,58,False,0.9655172413793104,0.9534883720930233,0.017241379310344827,0.9827586206896551,0.9767441860465116,3.189655172413793,58
pad,87,0.15,M4,8,False,0.8333333333333334,0.8333333333333334,0.0,1.0,1.0,3.5,6
pad,87,0.15,M5,1,True,1.0,1.0,0.0,1.0,1.0,5.0,2
hiba,88,0.05,B,181,False,0.9606741573033708,0.9431372549019607,,1.0,1.0,5.370786516853933,178
hiba,88,0.05,M1,22,False,1.0,1.0,0.0,1.0,1.0,6.125,16
hiba,88,0.05,M2,214,False,0.9494949494949495,0.9583333333333334,0.0,1.0,1.0,5.94949494949495,99
hiba,88,0.05,M3,23,False,1.0,1.0,0.0,1.0,1.0,6.0,13
hiba,88,0.1,B,181,False,0.9269662921348315,0.8878431372549018,,0.9157303370786517,0.9591036414565828,3.595505617977528,178
hiba,88,0.1,M1,22,False,1.0,1.0,0.0,1.0,1.0,4.75,16
hiba,88,0.1,M2,214,False,0.8787878787878788,0.875,0.010101010101010102,0.98989898989899,0.9880952380952381,4.555555555555555,99
hiba,88,0.1,M3,23,False,0.9230769230769231,0.875,0.0,1.0,1.0,4.153846153846154,13
hiba,88,0.15,B,181,False,0.8651685393258427,0.8197001153402537,,0.8426966292134831,0.8993837535014007,2.7247191011235956,178
hiba,88,0.15,M1,22,False,0.9375,0.9545454545454546,0.0,1.0,1.0,3.3125,16
hiba,88,0.15,M2,214,False,0.8484848484848485,0.8511904761904762,0.020202020202020204,0.9797979797979798,0.9821428571428571,3.5757575757575757,99
hiba,88,0.15,M3,23,False,0.8461538461538461,0.75,0.0,1.0,1.0,3.3076923076923075,13
pad,88,0.05,B,85,False,0.9753086419753086,0.975,,0.9382716049382716,0.9583333333333334,3.876543209876543,81
pad,88,0.05,M1,25,False,0.9583333333333334,0.9285714285714286,0.0,1.0,1.0,4.0,24
pad,88,0.05,M2,137,False,0.9618320610687023,0.9615384615384616,0.007633587786259542,0.9923664122137404,0.9903846153846154,4.236641221374046,131
pad,88,0.05,M3,58,False,0.9824561403508771,0.9767441860465116,0.0,1.0,1.0,4.2631578947368425,57
pad,88,0.05,M4,9,True,1.0,1.0,0.0,1.0,1.0,5.4,5
pad,88,0.05,M5,1,True,1.0,1.0,0.0,1.0,1.0,4.5,2
pad,88,0.1,B,85,False,0.8518518518518519,0.8583333333333333,,0.9012345679012346,0.925,2.888888888888889,81
pad,88,0.1,M1,25,False,0.9583333333333334,0.9285714285714286,0.0,1.0,1.0,3.0833333333333335,24
pad,88,0.1,M2,137,False,0.9007633587786259,0.8990384615384616,0.030534351145038167,0.9694656488549618,0.9615384615384616,3.099236641221374,131
pad,88,0.1,M3,58,False,0.9122807017543859,0.8992248062015505,0.017543859649122806,0.9824561403508771,0.9767441860465116,3.245614035087719,57
pad,88,0.1,M4,9,False,0.8,0.8,0.0,1.0,1.0,4.0,5
pad,88,0.1,M5,1,True,1.0,1.0,0.0,1.0,1.0,3.5,2
pad,88,0.15,B,85,False,0.8024691358024691,0.8027777777777777,,0.9012345679012346,0.925,2.5308641975308643,81
pad,88,0.15,M1,25,False,0.9583333333333334,0.9285714285714286,0.0,1.0,1.0,2.875,24
pad,88,0.15,M2,137,False,0.816793893129771,0.8309294871794872,0.030534351145038167,0.9694656488549618,0.9615384615384616,2.6946564885496183,131
pad,88,0.15,M3,58,False,0.8947368421052632,0.8953488372093024,0.017543859649122806,0.9824561403508771,0.9767441860465116,2.9473684210526314,57
pad,88,0.15,M4,9,False,0.8,0.8,0.0,1.0,1.0,3.8,5
pad,88,0.15,M5,1,True,1.0,1.0,0.0,1.0,1.0,3.5,2
hiba,89,0.05,B,183,False,0.9518716577540107,0.9236947791164658,,1.0,1.0,5.598930481283422,187
hiba,89,0.05,M1,26,False,0.8571428571428571,0.8571428571428571,0.0,1.0,1.0,5.285714285714286,7
hiba,89,0.05,M2,204,False,0.983739837398374,0.9787234042553191,0.0,1.0,1.0,6.130081300813008,123
hiba,89,0.05,M3,21,False,1.0,1.0,0.0,1.0,1.0,6.181818181818182,11
hiba,89,0.1,B,183,False,0.9090909090909091,0.8570281124497992,,0.9037433155080213,0.9485943775100402,3.641711229946524,187
hiba,89,0.1,M1,26,False,0.8571428571428571,0.8571428571428571,0.0,1.0,1.0,4.285714285714286,7
hiba,89,0.1,M2,204,False,0.959349593495935,0.9601063829787234,0.008130081300813009,0.991869918699187,0.9946808510638298,4.7560975609756095,123
hiba,89,0.1,M3,21,False,0.9090909090909091,0.9,0.0,1.0,1.0,4.181818181818182,11
hiba,89,0.15,B,183,False,0.8128342245989305,0.7430663831797779,,0.7967914438502673,0.8969210174029449,2.609625668449198,187
hiba,89,0.15,M1,26,False,0.8571428571428571,0.8571428571428571,0.0,1.0,1.0,2.7142857142857144,7
hiba,89,0.15,M2,204,False,0.9349593495934959,0.9281914893617021,0.024390243902439025,0.975609756097561,0.973404255319149,3.6991869918699187,123
hiba,89,0.15,M3,21,False,0.9090909090909091,0.9,0.0,1.0,1.0,3.3636363636363638,11
pad,89,0.05,B,89,False,0.9041095890410958,0.9047619047619048,,0.958904109589041,0.9672619047619048,3.8493150684931505,73
pad,89,0.05,M1,22,False,1.0,1.0,0.0,1.0,1.0,4.423076923076923,26
pad,89,0.05,M2,140,False,0.9624060150375939,0.9653465346534653,0.007518796992481203,0.9924812030075187,0.9900990099009901,4.082706766917293,133
pad,89,0.05,M3,65,False,1.0,1.0,0.0,1.0,1.0,4.238095238095238,42
pad,89,0.05,M4,10,True,1.0,1.0,0.0,1.0,1.0,5.0,5
pad,89,0.05,M5,1,True,1.0,1.0,0.0,1.0,1.0,4.0,2
pad,89,0.1,B,89,False,0.8904109589041096,0.8988095238095237,,0.9315068493150684,0.9196428571428571,3.3698630136986303,73
pad,89,0.1,M1,22,False,1.0,1.0,0.0,1.0,1.0,3.8846153846153846,26
pad,89,0.1,M2,140,False,0.9473684210526315,0.9504950495049505,0.015037593984962405,0.9849624060150376,0.9801980198019802,3.4586466165413534,133
pad,89,0.1,M3,65,False,1.0,1.0,0.0,1.0,1.0,3.5238095238095237,42
pad,89,0.1,M4,10,False,0.8,0.75,0.0,1.0,1.0,3.4,5
pad,89,0.1,M5,1,True,1.0,1.0,0.0,1.0,1.0,3.5,2
pad,89,0.15,B,89,False,0.8493150684931506,0.863095238095238,,0.8767123287671232,0.869047619047619,2.904109589041096,73
pad,89,0.15,M1,22,False,1.0,1.0,0.0,1.0,1.0,3.576923076923077,26
pad,89,0.15,M2,140,False,0.9323308270676691,0.9356435643564357,0.015037593984962405,0.9849624060150376,0.9801980198019802,3.1503759398496243,133
pad,89,0.15,M3,65,False,0.9523809523809523,0.9444444444444444,0.0,1.0,1.0,3.1666666666666665,42
pad,89,0.15,M4,10,False,0.8,0.75,0.0,1.0,1.0,3.0,5
pad,89,0.15,M5,1,True,1.0,1.0,0.0,1.0,1.0,3.5,2
hiba,90,0.05,B,183,False,0.985,0.9759036144578314,,1.0,1.0,5.86,200
hiba,90,0.05,M1,27,False,1.0,1.0,0.0,1.0,1.0,6.111111111111111,9
hiba,90,0.05,M2,210,False,0.9285714285714286,0.9337121212121212,0.0,1.0,1.0,6.428571428571429,112
hiba,90,0.05,M3,19,False,0.8823529411764706,0.8333333333333334,0.0,1.0,1.0,5.705882352941177,17
hiba,90,0.1,B,183,False,0.96,0.9216867469879518,,0.98,0.9846153846153846,4.06,200
hiba,90,0.1,M1,27,False,1.0,1.0,0.0,1.0,1.0,4.888888888888889,9
hiba,90,0.1,M2,210,False,0.9196428571428571,0.9223484848484849,0.0,1.0,1.0,4.767857142857143,112
hiba,90,0.1,M3,19,False,0.8823529411764706,0.8333333333333334,0.0,1.0,1.0,4.117647058823529,17
hiba,90,0.15,B,183,False,0.925,0.8725903614457831,,0.945,0.9716172381835033,3.375,200
hiba,90,0.15,M1,27,False,1.0,1.0,0.0,1.0,1.0,4.0,9
hiba,90,0.15,M2,210,False,0.8571428571428571,0.868371212121212,0.008928571428571428,0.9910714285714286,0.9886363636363636,4.116071428571429,112
hiba,90,0.15,M3,19,False,0.8235294117647058,0.75,0.0,1.0,1.0,3.7058823529411766,17
pad,90,0.05,B,78,False,0.9883720930232558,0.9950248756218906,,0.9651162790697675,0.9726368159203981,4.348837209302325,86
pad,90,0.05,M1,31,False,1.0,1.0,0.0,1.0,1.0,4.928571428571429,14
pad,90,0.05,M2,148,False,0.9444444444444444,0.9516129032258065,0.0,1.0,1.0,4.658730158730159,126
pad,90,0.05,M3,65,False,0.9761904761904762,0.9722222222222222,0.023809523809523808,0.9761904761904762,0.9722222222222222,4.642857142857143,42
pad,90,0.05,M4,9,True,1.0,1.0,0.0,1.0,1.0,6.0,5
pad,90,0.05,M5,3,True,,,,,,,0
pad,90,0.1,B,78,False,0.9534883720930233,0.9651741293532339,,0.9302325581395349,0.927860696517413,3.2790697674418605,86
pad,90,0.1,M1,31,False,1.0,1.0,0.0,1.0,1.0,3.642857142857143,14
pad,90,0.1,M2,148,False,0.8174603174603174,0.8333333333333334,0.03968253968253968,0.9603174603174603,0.956989247311828,3.492063492063492,126
pad,90,0.1,M3,65,False,0.9761904761904762,0.9722222222222222,0.023809523809523808,0.9761904761904762,0.9722222222222222,3.5952380952380953,42
pad,90,0.1,M4,9,False,1.0,1.0,0.0,1.0,1.0,4.8,5
pad,90,0.1,M5,3,True,,,,,,,0
pad,90,0.15,B,78,False,0.8953488372093024,0.9154228855721394,,0.9069767441860465,0.907960199004975,2.6627906976744184,86
pad,90,0.15,M1,31,False,1.0,1.0,0.0,1.0,1.0,3.0,14
pad,90,0.15,M2,148,False,0.7222222222222222,0.7365591397849462,0.05555555555555555,0.9444444444444444,0.946236559139785,2.634920634920635,126
pad,90,0.15,M3,65,False,0.9047619047619048,0.9027777777777778,0.047619047619047616,0.9523809523809523,0.9444444444444444,2.9047619047619047,42
pad,90,0.15,M4,9,False,1.0,1.0,0.0,1.0,1.0,4.0,5
pad,90,0.15,M5,3,True,,,,,,,0
hiba,91,0.05,B,178,False,0.974025974025974,0.9573863636363636,,1.0,1.0,6.03030303030303,231
hiba,91,0.05,M1,26,False,0.9,0.8571428571428571,0.0,1.0,1.0,5.8,10
hiba,91,0.05,M2,212,False,0.9642857142857143,0.9651162790697675,0.0,1.0,1.0,6.633928571428571,112
hiba,91,0.05,M3,19,False,1.0,1.0,0.0,1.0,1.0,6.846153846153846,13
hiba,91,0.1,B,178,False,0.935064935064935,0.90625,,0.961038961038961,0.9815010969422734,3.8484848484848486,231
hiba,91,0.1,M1,26,False,0.9,0.8571428571428571,0.0,1.0,1.0,4.5,10
hiba,91,0.1,M2,212,False,0.9196428571428571,0.9244186046511628,0.026785714285714284,0.9732142857142857,0.9825581395348837,4.633928571428571,112
hiba,91,0.1,M3,19,False,1.0,1.0,0.0,1.0,1.0,5.076923076923077,13
hiba,91,0.15,B,178,False,0.9090909090909091,0.8743371212121214,,0.8658008658008658,0.9456897881530235,3.0476190476190474,231
hiba,91,0.15,M1,26,False,0.8,0.7142857142857143,0.1,0.9,0.8571428571428571,3.9,10
hiba,91,0.15,M2,212,False,0.8928571428571429,0.9011627906976745,0.044642857142857144,0.9553571428571429,0.9593023255813954,3.9910714285714284,112
hiba,91,0.15,M3,19,False,0.8461538461538461,0.8333333333333334,0.0,1.0,1.0,4.3076923076923075,13
pad,91,0.05,B,85,False,0.974025974025974,0.9861111111111112,,0.948051948051948,0.9555555555555555,3.961038961038961,77
pad,91,0.05,M1,22,False,1.0,1.0,0.0,1.0,1.0,4.153846153846154,26
pad,91,0.05,M2,143,False,0.967741935483871,0.9693877551020408,0.0,1.0,1.0,4.419354838709677,124
pad,91,0.05,M3,54,False,0.9655172413793104,0.9574468085106383,0.0,1.0,1.0,4.310344827586207,58
pad,91,0.05,M4,7,True,1.0,1.0,0.0,1.0,1.0,5.285714285714286,7
pad,91,0.1,B,85,False,0.7792207792207793,0.8111111111111111,,0.935064935064935,0.9472222222222222,2.948051948051948,77
pad,91,0.1,M1,22,False,0.9615384615384616,0.9411764705882353,0.0,1.0,1.0,2.923076923076923,26
pad,91,0.1,M2,143,False,0.9354838709677419,0.9285714285714286,0.008064516129032258,0.9919354838709677,0.9897959183673469,3.4193548387096775,124
pad,91,0.1,M3,54,False,0.9137931034482759,0.9078014184397164,0.017241379310344827,0.9827586206896551,0.9787234042553191,3.086206896551724,58
pad,91,0.1,M4,7,True,1.0,1.0,0.0,1.0,1.0,4.571428571428571,7
pad,91,0.15,B,85,False,0.7532467532467533,0.7777777777777778,,0.9090909090909091,0.9361111111111111,2.4675324675324677,77
pad,91,0.15,M1,22,False,0.9615384615384616,0.9411764705882353,0.0,1.0,1.0,2.6538461538461537,26
pad,91,0.15,M2,143,False,0.8225806451612904,0.8137755102040817,0.03225806451612903,0.967741935483871,0.9642857142857143,2.943548387096774,124
pad,91,0.15,M3,54,False,0.8620689655172413,0.8439716312056739,0.05172413793103448,0.9482758620689655,0.9361702127659575,2.5689655172413794,58
pad,91,0.15,M4,7,False,0.8571428571428571,0.8571428571428571,0.0,1.0,1.0,3.142857142857143,7
hiba,92,0.05,B,191,False,0.9920318725099602,0.9733333333333334,,1.0,1.0,6.195219123505976,251
hiba,92,0.05,M1,23,False,1.0,1.0,0.0,1.0,1.0,6.266666666666667,15
hiba,92,0.05,M2,206,False,1.0,1.0,0.0,1.0,1.0,6.80672268907563,119
hiba,92,0.05,M3,24,False,1.0,1.0,0.0,1.0,1.0,6.571428571428571,7
hiba,92,0.1,B,191,False,0.9760956175298805,0.9422222222222223,,0.9960159362549801,0.9977777777777778,4.50996015936255,251
hiba,92,0.1,M1,23,False,1.0,1.0,0.0,1.0,1.0,5.8,15
hiba,92,0.1,M2,206,False,0.9411764705882353,0.9429347826086957,0.008403361344537815,0.9915966386554622,0.9945652173913043,5.34453781512605,119
hiba,92,0.1,M3,24,False,1.0,1.0,0.0,1.0,1.0,5.857142857142857,7
hiba,92,0.15,B,191,False,0.9721115537848606,0.928888888888889,,0.9243027888446215,0.9567195767195767,3.4860557768924303,251
hiba,92,0.15,M1,23,False,1.0,1.0,0.0,1.0,1.0,4.6,15
hiba,92,0.15,M2,206,False,0.8991596638655462,0.8994565217391305,0.025210084033613446,0.9747899159663865,0.9782608695652174,4.38655462184874,119
hiba,92,0.15,M3,24,False,1.0,1.0,0.0,1.0,1.0,5.714285714285714,7
pad,92,0.05,B,82,False,0.9605263157894737,0.9603174603174603,,0.9605263157894737,0.9735449735449736,3.960526315789474,76
pad,92,0.05,M1,24,False,0.9583333333333334,0.9666666666666667,0.0,1.0,1.0,4.208333333333333,24
pad,92,0.05,M2,149,False,0.975,0.9836956521739131,0.0,1.0,1.0,4.233333333333333,120
pad,92,0.05,M3,55,False,1.0,1.0,0.0,1.0,1.0,4.573529411764706,68
pad,92,0.05,M4,8,True,1.0,1.0,0.0,1.0,1.0,5.666666666666667,6
pad,92,0.05,M5,3,True,,,,,,,0
pad,92,0.1,B,82,False,0.9210526315789473,0.9232804232804233,,0.9342105263157895,0.9497354497354498,3.473684210526316,76
pad,92,0.1,M1,24,False,0.9583333333333334,0.9666666666666667,0.0,1.0,1.0,3.7083333333333335,24
pad,92,0.1,M2,149,False,0.95,0.9619565217391305,0.0,1.0,1.0,3.5083333333333333,120
pad,92,0.1,M3,55,False,1.0,1.0,0.0,1.0,1.0,3.75,68
pad,92,0.1,M4,8,True,1.0,1.0,0.0,1.0,1.0,5.0,6
pad,92,0.1,M5,3,True,,,,,,,0
pad,92,0.15,B,82,False,0.881578947368421,0.8941798941798942,,0.8947368421052632,0.9021164021164022,2.8157894736842106,76
pad,92,0.15,M1,24,False,0.9583333333333334,0.9666666666666667,0.0,1.0,1.0,3.2916666666666665,24
pad,92,0.15,M2,149,False,0.8916666666666667,0.907608695652174,0.0,1.0,1.0,3.0083333333333333,120
pad,92,0.15,M3,55,False,1.0,1.0,0.0,1.0,1.0,3.411764705882353,68
pad,92,0.15,M4,8,False,0.8333333333333334,0.8333333333333334,0.0,1.0,1.0,3.3333333333333335,6
pad,92,0.15,M5,3,True,,,,,,,0
hiba,93,0.05,B,196,False,0.9742268041237113,0.9285714285714286,,1.0,1.0,5.603092783505154,194
hiba,93,0.05,M1,26,False,1.0,1.0,0.0,1.0,1.0,6.1,10
hiba,93,0.05,M2,203,False,0.9385964912280702,0.9368421052631579,0.0,1.0,1.0,6.008771929824562,114
hiba,93,0.05,M3,21,False,1.0,1.0,0.0,1.0,1.0,6.266666666666667,15
hiba,93,0.1,B,196,False,0.9536082474226805,0.8988095238095237,,0.9587628865979382,0.9448499399759904,3.922680412371134,194
hiba,93,0.1,M1,26,False,1.0,1.0,0.0,1.0,1.0,5.0,10
hiba,93,0.1,M2,203,False,0.8508771929824561,0.85,0.02631578947368421,0.9736842105263158,0.9789473684210527,4.649122807017544,114
hiba,93,0.1,M3,21,False,1.0,1.0,0.0,1.0,1.0,4.666666666666667,15
hiba,93,0.15,B,196,False,0.9123711340206185,0.838452380952381,,0.8195876288659794,0.8751491649291295,2.9742268041237114,194
hiba,93,0.15,M1,26,False,1.0,1.0,0.0,1.0,1.0,4.0,10
hiba,93,0.15,M2,203,False,0.8333333333333334,0.8412280701754385,0.02631578947368421,0.9736842105263158,0.9789473684210527,3.807017543859649,114
hiba,93,0.15,M3,21,False,0.9333333333333333,0.9,0.0,1.0,1.0,3.4,15
pad,93,0.05,B,83,False,0.9759036144578314,0.9784946236559141,,0.9156626506024096,0.9193548387096774,3.602409638554217,83
pad,93,0.05,M1,23,False,1.0,1.0,0.0,1.0,1.0,4.368421052631579,19
pad,93,0.05,M2,146,False,0.9391304347826087,0.9473684210526315,0.008695652173913044,0.991304347826087,0.9894736842105263,4.217391304347826,115
pad,93,0.05,M3,62,False,0.875,0.8461538461538461,0.020833333333333332,0.9791666666666666,0.9743589743589743,3.5416666666666665,48
pad,93,0.05,M4,9,True,1.0,1.0,0.0,1.0,1.0,5.2,5
pad,93,0.05,M5,2,True,1.0,1.0,0.0,1.0,1.0,3.0,1
pad,93,0.1,B,83,False,0.891566265060241,0.8951612903225806,,0.8674698795180723,0.881720430107527,2.783132530120482,83
pad,93,0.1,M1,23,False,0.7894736842105263,0.7916666666666667,0.05263157894736842,0.9473684210526315,0.9375,3.1578947368421053,19
pad,93,0.1,M2,146,False,0.9130434782608695,0.9263157894736842,0.008695652173913044,0.991304347826087,0.9894736842105263,3.3217391304347825,115
pad,93,0.1,M3,62,False,0.8125,0.7905982905982906,0.0625,0.9375,0.9230769230769231,2.625,48
pad,93,0.1,M4,9,False,0.8,0.8,0.0,1.0,1.0,3.2,5
pad,93,0.1,M5,2,True,1.0,1.0,0.0,1.0,1.0,3.0,1
pad,93,0.15,B,83,False,0.8554216867469879,0.868279569892473,,0.8674698795180723,0.8709677419354839,2.4096385542168677,83
pad,93,0.15,M1,23,False,0.631578947368421,0.6354166666666667,0.10526315789473684,0.8947368421052632,0.875,2.473684210526316,19
pad,93,0.15,M2,146,False,0.8695652173913043,0.8789473684210526,0.017391304347826087,0.9826086956521739,0.9842105263157894,3.0,115
pad,93,0.15,M3,62,False,0.7083333333333334,0.6752136752136753,0.0625,0.9375,0.9230769230769231,2.2291666666666665,48
pad,93,0.15,M4,9,False,0.8,0.8,0.0,1.0,1.0,3.0,5
pad,93,0.15,M5,2,True,1.0,1.0,0.0,1.0,1.0,3.0,1
hiba,94,0.05,B,188,False,0.9666666666666667,0.9358974358974359,,1.0,1.0,5.644444444444445,180
hiba,94,0.05,M1,26,False,0.8888888888888888,0.8571428571428571,0.0,1.0,1.0,5.444444444444445,9
hiba,94,0.05,M2,204,False,0.9576271186440678,0.9592198581560284,0.0,1.0,1.0,6.305084745762712,118
hiba,94,0.05,M3,22,False,1.0,1.0,0.0,1.0,1.0,7.0,9
hiba,94,0.1,B,188,False,0.9333333333333333,0.8653846153846154,,0.9333333333333333,0.959581268404798,3.811111111111111,180
hiba,94,0.1,M1,26,False,0.8888888888888888,0.8571428571428571,0.0,1.0,1.0,4.555555555555555,9
hiba,94,0.1,M2,204,False,0.9067796610169492,0.8953900709219859,0.0,1.0,1.0,4.720338983050848,118
hiba,94,0.1,M3,22,False,1.0,1.0,0.0,1.0,1.0,5.333333333333333,9
hiba,94,0.15,B,188,False,0.9111111111111111,0.84241452991453,,0.8666666666666667,0.9213935574229694,2.922222222222222,180
hiba,94,0.15,M1,26,False,0.5555555555555556,0.5714285714285714,0.1111111111111111,0.8888888888888888,0.9285714285714286,3.2222222222222223,9
hiba,94,0.15,M2,204,False,0.8135593220338984,0.8129432624113474,0.025423728813559324,0.9745762711864406,0.973404255319149,3.847457627118644,118
hiba,94,0.15,M3,22,False,1.0,1.0,0.0,1.0,1.0,4.555555555555555,9
pad,94,0.05,B,86,False,0.9733333333333334,0.9774011299435029,,0.96,0.9491525423728814,3.72,75
pad,94,0.05,M1,26,False,0.9473684210526315,0.9615384615384616,0.0,1.0,1.0,4.157894736842105,19
pad,94,0.05,M2,150,False,0.9495798319327731,0.945054945054945,0.0,1.0,1.0,4.4033613445378155,119
pad,94,0.05,M3,57,False,0.9642857142857143,0.9545454545454546,0.017857142857142856,0.9821428571428571,0.9772727272727273,4.053571428571429,56
pad,94,0.05,M4,11,True,1.0,1.0,0.0,1.0,1.0,5.666666666666667,3
pad,94,0.05,M5,2,True,1.0,1.0,0.0,1.0,1.0,6.0,1
pad,94,0.1,B,86,False,0.92,0.9096045197740114,,0.8933333333333333,0.8898305084745762,3.1066666666666665,75
pad,94,0.1,M1,26,False,0.8947368421052632,0.8846153846153846,0.05263157894736842,0.9473684210526315,0.9230769230769231,3.526315789473684,19
pad,94,0.1,M2,150,False,0.8907563025210085,0.8791208791208791,0.008403361344537815,0.9915966386554622,0.989010989010989,3.5798319327731094,119
pad,94,0.1,M3,57,False,0.9464285714285714,0.9469696969696971,0.017857142857142856,0.9821428571428571,0.9772727272727273,3.375,56
pad,94,0.1,M4,11,False,1.0,1.0,0.0,1.0,1.0,4.0,3
pad,94,0.1,M5,2,True,1.0,1.0,0.0,1.0,1.0,6.0,1
pad,94,0.15,B,86,False,0.8666666666666667,0.8587570621468927,,0.8933333333333333,0.9011299435028249,2.5866666666666664,75
pad,94,0.15,M1,26,False,0.7894736842105263,0.8076923076923077,0.15789473684210525,0.8421052631578947,0.8461538461538461,2.3684210526315788,19
pad,94,0.15,M2,150,False,0.8487394957983193,0.8351648351648352,0.008403361344537815,0.9915966386554622,0.989010989010989,2.907563025210084,119
pad,94,0.15,M3,57,False,0.8928571428571429,0.8977272727272727,0.017857142857142856,0.9821428571428571,0.9772727272727273,2.7857142857142856,56
pad,94,0.15,M4,11,False,1.0,1.0,0.0,1.0,1.0,3.6666666666666665,3
pad,94,0.15,M5,2,True,1.0,1.0,0.0,1.0,1.0,6.0,1
hiba,95,0.05,B,188,False,0.9527027027027027,0.9455128205128205,,1.0,1.0,5.9324324324324325,148
hiba,95,0.05,M1,22,False,1.0,1.0,0.0,1.0,1.0,5.95,20
hiba,95,0.05,M2,215,False,0.9629629629629629,0.9518072289156626,0.0,1.0,1.0,6.388888888888889,108
hiba,95,0.05,M3,16,True,1.0,1.0,0.0,1.0,1.0,7.0,15
hiba,95,0.1,B,188,False,0.8986486486486487,0.9091880341880343,,0.9594594594594594,0.9636752136752136,4.033783783783784,148
hiba,95,0.1,M1,22,False,0.9,0.9393939393939394,0.0,1.0,1.0,4.35,20
hiba,95,0.1,M2,215,False,0.9537037037037037,0.9397590361445783,0.0,1.0,1.0,4.944444444444445,108
hiba,95,0.1,M3,16,False,0.8666666666666667,0.8666666666666667,0.0,1.0,1.0,4.866666666666666,15
hiba,95,0.15,B,188,False,0.8445945945945946,0.8434829059829061,,0.8986486486486487,0.9182692307692307,2.939189189189189,148
hiba,95,0.15,M1,22,False,0.9,0.9393939393939394,0.05,0.95,0.9696969696969696,3.75,20
hiba,95,0.15,M2,215,False,0.8425925925925926,0.8343373493975904,0.018518518518518517,0.9814814814814815,0.9759036144578314,3.8333333333333335,108
hiba,95,0.15,M3,16,False,0.8,0.8,0.0,1.0,1.0,4.333333333333333,15
pad,95,0.05,B,92,False,0.984375,0.9811320754716981,,0.953125,0.9654088050314467,3.765625,64
pad,95,0.05,M1,23,False,0.96,0.96875,0.0,1.0,1.0,4.08,25
pad,95,0.05,M2,151,False,0.9811320754716981,0.9777777777777777,0.0,1.0,1.0,4.339622641509434,106
pad,95,0.05,M3,61,False,1.0,1.0,0.0,1.0,1.0,4.42,50
pad,95,0.05,M4,7,True,1.0,1.0,0.0,1.0,1.0,5.375,8
pad,95,0.05,M5,2,True,1.0,1.0,0.0,1.0,1.0,5.0,1
pad,95,0.1,B,92,False,0.9375,0.9245283018867925,,0.875,0.9025157232704402,3.15625,64
pad,95,0.1,M1,23,False,0.92,0.90625,0.04,0.96,0.9375,3.36,25
pad,95,0.1,M2,151,False,0.9245283018867925,0.9222222222222223,0.009433962264150943,0.9905660377358491,0.9888888888888889,3.188679245283019,106
pad,95,0.1,M3,61,False,0.98,0.9916666666666668,0.0,1.0,1.0,3.62,50
pad,95,0.1,M4,7,True,1.0,1.0,0.0,1.0,1.0,4.75,8
pad,95,0.1,M5,2,True,1.0,1.0,0.0,1.0,1.0,4.0,1
pad,95,0.15,B,92,False,0.875,0.8710691823899372,,0.84375,0.8742138364779873,2.609375,64
pad,95,0.15,M1,23,False,0.8,0.8229166666666667,0.12,0.88,0.875,2.8,25
pad,95,0.15,M2,151,False,0.8679245283018868,0.8722222222222222,0.009433962264150943,0.9905660377358491,0.9888888888888889,2.839622641509434,106
pad,95,0.15,M3,61,False,0.96,0.9791666666666667,0.0,1.0,1.0,3.3,50
pad,95,0.15,M4,7,False,1.0,1.0,0.0,1.0,1.0,4.125,8
pad,95,0.15,M5,2,True,1.0,1.0,0.0,1.0,1.0,4.0,1
hiba,96,0.05,B,188,False,0.9823529411764705,0.9903846153846154,,1.0,1.0,6.0,170
hiba,96,0.05,M1,23,False,0.9375,0.9,0.0,1.0,1.0,6.375,16
hiba,96,0.05,M2,210,False,0.9528301886792453,0.9431818181818182,0.0,1.0,1.0,6.471698113207547,106
hiba,96,0.05,M3,19,False,0.9285714285714286,0.9166666666666666,0.0,1.0,1.0,6.142857142857143,14
hiba,96,0.1,B,188,False,0.9294117647058824,0.9540598290598289,,1.0,1.0,4.341176470588235,170
hiba,96,0.1,M1,23,False,0.9375,0.9,0.0,1.0,1.0,5.5625,16
hiba,96,0.1,M2,210,False,0.9056603773584906,0.8920454545454546,0.0,1.0,1.0,5.169811320754717,106
hiba,96,0.1,M3,19,False,0.8571428571428571,0.875,0.0,1.0,1.0,5.285714285714286,14
hiba,96,0.15,B,188,False,0.8647058823529412,0.8473290598290597,,0.9176470588235294,0.9295634920634919,3.1,170
hiba,96,0.15,M1,23,False,0.875,0.85,0.0625,0.9375,0.95,4.1875,16
hiba,96,0.15,M2,210,False,0.8301886792452831,0.8314393939393938,0.02830188679245283,0.9716981132075472,0.9715909090909091,3.990566037735849,106
hiba,96,0.15,M3,19,False,0.8571428571428571,0.875,0.0,1.0,1.0,4.428571428571429,14
pad,96,0.05,B,82,False,1.0,1.0,,0.96,0.9603174603174603,4.573333333333333,75
pad,96,0.05,M1,24,False,0.96,0.9666666666666667,0.0,1.0,1.0,4.8,25
pad,96,0.05,M2,147,False,0.956140350877193,0.9574468085106383,0.0,1.0,1.0,4.815789473684211,114
pad,96,0.05,M3,58,False,0.9615384615384616,0.9534883720930233,0.019230769230769232,0.9807692307692307,0.9767441860465116,4.461538461538462,52
pad,96,0.05,M4,5,True,1.0,1.0,0.0,1.0,1.0,6.0,9
pad,96,0.1,B,82,False,0.9733333333333334,0.9761904761904762,,0.9333333333333333,0.9285714285714286,3.8,75
pad,96,0.1,M1,24,False,0.96,0.9666666666666667,0.0,1.0,1.0,3.96,25
pad,96,0.1,M2,147,False,0.9210526315789473,0.9148936170212766,0.008771929824561403,0.9912280701754386,0.9893617021276596,4.043859649122807,114
pad,96,0.1,M3,58,False,0.9230769230769231,0.9224806201550388,0.019230769230769232,0.9807692307692307,0.9767441860465116,3.730769230769231,52
pad,96,0.1,M4,5,True,1.0,1.0,0.0,1.0,1.0,5.222222222222222,9
pad,96,0.15,B,82,False,0.92,0.9206349206349206,,0.9466666666666667,0.9444444444444444,3.2,75
pad,96,0.15,M1,24,False,0.72,0.7111111111111111,0.12,0.88,0.8666666666666667,2.36,25
pad,96,0.15,M2,147,False,0.8859649122807017,0.8829787234042553,0.008771929824561403,0.9912280701754386,0.9893617021276596,3.289473684210526,114
pad,96,0.15,M3,58,False,0.8846153846153846,0.8759689922480621,0.019230769230769232,0.9807692307692307,0.9767441860465116,3.076923076923077,52
pad,96,0.15,M4,5,True,1.0,1.0,0.0,1.0,1.0,4.777777777777778,9
hiba,97,0.05,B,188,False,0.9333333333333333,0.8461538461538461,,0.9904761904761905,0.9971091000502766,4.70952380952381,210
hiba,97,0.05,M1,19,False,1.0,1.0,0.0,1.0,1.0,5.714285714285714,21
hiba,97,0.05,M2,208,False,0.897196261682243,0.8944444444444445,0.0,1.0,1.0,5.457943925233645,107
hiba,97,0.05,M3,25,False,1.0,1.0,0.0,1.0,1.0,5.857142857142857,7
hiba,97,0.1,B,188,False,0.919047619047619,0.8205128205128205,,0.8952380952380953,0.9605927841221958,3.3476190476190477,210
hiba,97,0.1,M1,19,False,0.9523809523809523,0.9821428571428571,0.0,1.0,1.0,4.428571428571429,21
hiba,97,0.1,M2,208,False,0.8691588785046729,0.8611111111111112,0.009345794392523364,0.9906542056074766,0.9888888888888889,4.5327102803738315,107
hiba,97,0.1,M3,25,False,1.0,1.0,0.0,1.0,1.0,4.714285714285714,7
hiba,97,0.15,B,188,False,0.8714285714285714,0.7553418803418803,,0.7666666666666667,0.9014430558548207,2.480952380952381,210
hiba,97,0.15,M1,19,False,0.7142857142857143,0.75,0.14285714285714285,0.8571428571428571,0.9285714285714286,2.9047619047619047,21
hiba,97,0.15,M2,208,False,0.7757009345794392,0.7796296296296296,0.018691588785046728,0.9813084112149533,0.9777777777777777,3.411214953271028,107
hiba,97,0.15,M3,25,False,1.0,1.0,0.0,1.0,1.0,4.428571428571429,7
pad,97,0.05,B,89,False,0.8734177215189873,0.8541666666666666,,0.9493670886075949,0.9523809523809523,3.430379746835443,79
pad,97,0.05,M1,20,False,0.96,0.9736842105263158,0.0,1.0,1.0,3.44,25
pad,97,0.05,M2,139,False,0.9722222222222222,0.9705882352941176,0.0,1.0,1.0,3.8541666666666665,144
pad,97,0.05,M3,63,False,0.9565217391304348,0.9473684210526315,0.0,1.0,1.0,3.717391304347826,46
pad,97,0.05,M4,9,True,1.0,1.0,0.0,1.0,1.0,4.6,5
pad,97,0.05,M5,1,True,1.0,1.0,0.0,1.0,1.0,5.5,2
pad,97,0.1,B,89,False,0.7721518987341772,0.7529761904761905,,0.9493670886075949,0.9642857142857143,2.7088607594936707,79
pad,97,0.1,M1,20,False,0.92,0.9210526315789473,0.04,0.96,0.9473684210526315,2.76,25
pad,97,0.1,M2,139,False,0.9097222222222222,0.90359477124183,0.020833333333333332,0.9791666666666666,0.9754901960784313,3.013888888888889,144
pad,97,0.1,M3,63,False,0.9130434782608695,0.9078947368421053,0.021739130434782608,0.9782608695652174,0.9736842105263158,2.9347826086956523,46
pad,97,0.1,M4,9,False,1.0,1.0,0.0,1.0,1.0,3.6,5
pad,97,0.1,M5,1,True,1.0,1.0,0.0,1.0,1.0,5.0,2
pad,97,0.15,B,89,False,0.759493670886076,0.7351190476190476,,0.9113924050632911,0.9464285714285715,2.329113924050633,79
pad,97,0.15,M1,20,False,0.84,0.868421052631579,0.12,0.88,0.8947368421052632,2.2,25
pad,97,0.15,M2,139,False,0.8402777777777778,0.840919701213819,0.034722222222222224,0.9652777777777778,0.9607843137254902,2.6944444444444446,144
pad,97,0.15,M3,63,False,0.8260869565217391,0.8157894736842105,0.06521739130434782,0.9347826086956522,0.9210526315789473,2.5434782608695654,46
pad,97,0.15,M4,9,False,1.0,1.0,0.0,1.0,1.0,3.6,5
pad,97,0.15,M5,1,True,1.0,1.0,0.0,1.0,1.0,5.0,2
hiba,98,0.05,B,179,False,0.9419642857142857,0.8869731800766283,,1.0,1.0,5.214285714285714,224
hiba,98,0.05,M1,27,False,0.8888888888888888,0.8333333333333334,0.0,1.0,1.0,5.666666666666667,9
hiba,98,0.05,M2,208,False,0.9824561403508771,0.9888888888888889,0.0,1.0,1.0,5.605263157894737,114
hiba,98,0.05,M3,23,False,1.0,1.0,0.0,1.0,1.0,6.3,10
hiba,98,0.1,B,179,False,0.9285714285714286,0.8697318007662834,,0.9330357142857143,0.9717204889618684,3.78125,224
hiba,98,0.1,M1,27,False,0.8888888888888888,0.8333333333333334,0.0,1.0,1.0,4.222222222222222,9
hiba,98,0.1,M2,208,False,0.9210526315789473,0.9166666666666666,0.0,1.0,1.0,4.464912280701754,114
hiba,98,0.1,M3,23,False,1.0,1.0,0.0,1.0,1.0,5.3,10
hiba,98,0.15,B,179,False,0.9196428571428571,0.861111111111111,,0.8928571428571429,0.9602718482028826,3.21875,224
hiba,98,0.15,M1,27,False,0.8888888888888888,0.8333333333333334,0.0,1.0,1.0,4.0,9
hiba,98,0.15,M2,208,False,0.868421052631579,0.8638888888888889,0.017543859649122806,0.9824561403508771,0.9777777777777777,3.8157894736842106,114
hiba,98,0.15,M3,23,False,1.0,1.0,0.0,1.0,1.0,4.7,10
pad,98,0.05,B,85,False,0.9873417721518988,0.9944444444444446,,0.9240506329113924,0.9333333333333333,4.063291139240507,79
pad,98,0.05,M1,26,False,1.0,1.0,0.0,1.0,1.0,4.85,20
pad,98,0.05,M2,147,False,0.9747899159663865,0.973404255319149,0.0,1.0,1.0,4.6722689075630255,119
pad,98,0.05,M3,60,False,0.9347826086956522,0.9430894308943091,0.0,1.0,1.0,4.282608695652174,46
pad,98,0.05,M4,10,True,1.0,1.0,0.0,1.0,1.0,6.0,4
pad,98,0.05,M5,1,True,1.0,1.0,0.0,1.0,1.0,6.0,2
pad,98,0.1,B,85,False,0.9240506329113924,0.9333333333333333,,0.8734177215189873,0.8666666666666667,2.8860759493670884,79
pad,98,0.1,M1,26,False,0.9,0.8461538461538461,0.05,0.95,0.9230769230769231,3.6,20
pad,98,0.1,M2,147,False,0.8235294117647058,0.8191489361702128,0.025210084033613446,0.9747899159663865,0.9787234042553191,3.3865546218487395,119
pad,98,0.1,M3,60,False,0.8043478260869565,0.8089430894308944,0.043478260869565216,0.9565217391304348,0.9512195121951219,3.1739130434782608,46
pad,98,0.1,M4,10,False,1.0,1.0,0.0,1.0,1.0,3.25,4
pad,98,0.1,M5,1,True,1.0,1.0,0.0,1.0,1.0,4.0,2
pad,98,0.15,B,85,False,0.9113924050632911,0.925,,0.810126582278481,0.8277777777777778,2.5949367088607596,79
pad,98,0.15,M1,26,False,0.9,0.8461538461538461,0.05,0.95,0.9230769230769231,2.65,20
pad,98,0.15,M2,147,False,0.8067226890756303,0.8031914893617021,0.025210084033613446,0.9747899159663865,0.9787234042553191,2.9831932773109244,119
pad,98,0.15,M3,60,False,0.8043478260869565,0.8089430894308944,0.021739130434782608,0.9782608695652174,0.975609756097561,2.8043478260869565,46
pad,98,0.15,M4,10,False,1.0,1.0,0.0,1.0,1.0,3.0,4
pad,98,0.15,M5,1,True,1.0,1.0,0.0,1.0,1.0,3.5,2
hiba,99,0.05,B,190,False,0.9764705882352941,0.9572368421052632,,1.0,1.0,5.701960784313726,255
hiba,99,0.05,M1,23,False,0.9375,0.9,0.0,1.0,1.0,6.125,16
hiba,99,0.05,M2,206,False,0.9396551724137931,0.9347826086956522,0.0,1.0,1.0,6.318965517241379,116
hiba,99,0.05,M3,19,False,1.0,1.0,0.0,1.0,1.0,6.277777777777778,18
hiba,99,0.1,B,190,False,0.9490196078431372,0.9243421052631579,,0.9764705882352941,0.9951938670204924,3.9529411764705884,255
hiba,99,0.1,M1,23,False,0.9375,0.9,0.0,1.0,1.0,4.3125,16
hiba,99,0.1,M2,206,False,0.9137931034482759,0.907608695652174,0.008620689655172414,0.9913793103448276,0.9945652173913043,4.724137931034483,116
hiba,99,0.1,M3,19,False,1.0,1.0,0.0,1.0,1.0,4.555555555555555,18
hiba,99,0.15,B,190,False,0.9215686274509803,0.8734649122807017,,0.8352941176470589,0.9492726915327533,2.8862745098039215,255
hiba,99,0.15,M1,23,False,0.9375,0.9,0.0,1.0,1.0,3.6875,16
hiba,99,0.15,M2,206,False,0.8362068965517241,0.8387681159420289,0.02586206896551724,0.9741379310344828,0.9728260869565217,3.793103448275862,116
hiba,99,0.15,M3,19,False,0.9444444444444444,0.9166666666666666,0.0,1.0,1.0,3.5,18
pad,99,0.05,B,82,False,0.9493670886075949,0.9550264550264551,,0.9493670886075949,0.9576719576719577,3.8607594936708862,79
pad,99,0.05,M1,27,False,0.9375,0.9583333333333334,0.0,1.0,1.0,4.0,16
pad,99,0.05,M2,140,False,0.9545454545454546,0.9554455445544554,0.007575757575757576,0.9924242424242424,0.9900990099009901,4.053030303030303,132
pad,99,0.05,M3,58,False,0.9818181818181818,0.9767441860465116,0.0,1.0,1.0,4.254545454545455,55
pad,99,0.05,M4,5,True,1.0,1.0,0.0,1.0,1.0,5.4,10
pad,99,0.05,M5,3,True,,,,,,,0
pad,99,0.1,B,82,False,0.9493670886075949,0.9550264550264551,,0.9240506329113924,0.9444444444444444,3.5063291139240507,79
pad,99,0.1,M1,27,False,0.8125,0.7916666666666666,0.0625,0.9375,0.9166666666666666,3.25,16
pad,99,0.1,M2,140,False,0.9318181818181818,0.9306930693069307,0.022727272727272728,0.9772727272727273,0.9702970297029703,3.5757575757575757,132
pad,99,0.1,M3,58,False,0.8909090909090909,0.8759689922480621,0.0,1.0,1.0,3.5454545454545454,55
pad,99,0.1,M4,5,True,1.0,1.0,0.0,1.0,1.0,4.8,10
pad,99,0.1,M5,3,True,,,,,,,0
pad,99,0.15,B,82,False,0.9240506329113924,0.933862433862434,,0.9113924050632911,0.9179894179894179,2.949367088607595,79
pad,99,0.15,M1,27,False,0.625,0.625,0.1875,0.8125,0.7916666666666666,2.125,16
pad,99,0.15,M2,140,False,0.8863636363636364,0.8861386138613861,0.022727272727272728,0.9772727272727273,0.9702970297029703,3.007575757575758,132
pad,99,0.15,M3,58,False,0.8363636363636363,0.8178294573643412,0.01818181818181818,0.9818181818181818,0.9767441860465116,2.8545454545454545,55
pad,99,0.15,M4,5,True,1.0,1.0,0.0,1.0,1.0,4.3,10
pad,99,0.15,M5,3,True,,,,,,,0
