cohort,draw,alpha,stratum,n_cal,degenerate,coverage,coverage_pw,miss_rate,referral,referral_pw,set_size,n_test
hiba,0,0.05,B,170,False,0.9928825622775801,0.9705882352941176,,1.0,1.0,5.932384341637011,281
hiba,0,0.05,M1,25,False,1.0,1.0,0.0,1.0,1.0,6.777777777777778,18
hiba,0,0.05,M2,219,False,0.9262295081967213,0.9114583333333334,0.0,1.0,1.0,6.114754098360656,122
hiba,0,0.05,M3,25,False,1.0,1.0,0.0,1.0,1.0,6.428571428571429,14
hiba,0,0.1,B,170,False,0.9822064056939501,0.9375,,0.99644128113879,0.9970588235294118,4.565836298932385,281
hiba,0,0.1,M1,25,False,0.8333333333333334,0.8111111111111111,0.0,1.0,1.0,4.333333333333333,18
hiba,0,0.1,M2,219,False,0.8770491803278688,0.859375,0.0,1.0,1.0,5.0,122
hiba,0,0.1,M3,25,False,0.9285714285714286,0.8888888888888888,0.0,1.0,1.0,5.0,14
hiba,0,0.15,B,170,False,0.9644128113879004,0.8855392156862745,,0.9893238434163701,0.9730392156862744,3.693950177935943,281
hiba,0,0.15,M1,25,False,0.7777777777777778,0.7555555555555555,0.0,1.0,1.0,3.6666666666666665,18
hiba,0,0.15,M2,219,False,0.8278688524590164,0.8203125,0.00819672131147541,0.9918032786885246,0.9947916666666666,4.409836065573771,122
hiba,0,0.15,M3,25,False,0.9285714285714286,0.8888888888888888,0.0,1.0,1.0,4.357142857142857,14
pad,0,0.05,B,20,False,1.0,1.0,,1.0,1.0,5.714285714285714,21
pad,0,0.05,M1,26,False,0.92,0.9404761904761905,0.0,1.0,1.0,5.48,25
pad,0,0.05,M2,156,False,0.9881656804733728,0.9882005899705014,0.0,1.0,1.0,5.8579881656804735,169
pad,0,0.05,M3,70,False,1.0,1.0,0.0,1.0,1.0,5.666666666666667,72
pad,0,0.05,M4,10,True,1.0,1.0,0.0,1.0,1.0,6.0,7
pad,0,0.05,M5,3,True,1.0,1.0,0.0,1.0,1.0,6.0,2
pad,0,0.1,B,20,False,1.0,1.0,,1.0,1.0,4.857142857142857,21
pad,0,0.1,M1,26,False,0.88,0.9047619047619048,0.0,1.0,1.0,4.96,25
pad,0,0.1,M2,156,False,0.9171597633136095,0.9218289085545722,0.0,1.0,1.0,5.319526627218935,169
pad,0,0.1,M3,70,False,0.8194444444444444,0.83,0.0,1.0,1.0,4.916666666666667,72
pad,0,0.1,M4,10,False,1.0,1.0,0.0,1.0,1.0,6.0,7
pad,0,0.1,M5,3,True,1.0,1.0,0.0,1.0,1.0,6.0,2
pad,0,0.15,B,20,False,1.0,1.0,,1.0,1.0,4.333333333333333,21
pad,0,0.15,M1,26,False,0.84,0.869047619047619,0.0,1.0,1.0,4.4,25
pad,0,0.15,M2,156,False,0.8402366863905325,0.859882005899705,0.0,1.0,1.0,4.846153846153846,169
pad,0,0.15,M3,70,False,0.7777777777777778,0.7875,0.0,1.0,1.0,4.555555555555555,72
pad,0,0.15,M4,10,False,1.0,1.0,0.0,1.0,1.0,6.0,7
pad,0,0.15,M5,3,True,1.0,1.0,0.0,1.0,1.0,6.0,2
hiba,1,0.05,B,161,False,0.9953051643192489,0.987012987012987,,1.0,1.0,6.63849765258216,213
hiba,1,0.05,M1,20,False,1.0,1.0,0.0,1.0,1.0,7.157894736842105,19
hiba,1,0.05,M2,230,False,0.9905660377358491,0.9882352941176471,0.0,1.0,1.0,7.30188679245283,106
hiba,1,0.05,M3,24,False,0.7272727272727273,0.7,0.0,1.0,1.0,6.7272727272727275,11
hiba,1,0.1,B,161,False,0.9765258215962441,0.9415584415584416,,0.9953051643192489,0.9995004995004994,4.821596244131455,213
hiba,1,0.1,M1,20,False,1.0,1.0,0.0,1.0,1.0,5.473684210526316,19
hiba,1,0.1,M2,230,False,0.9245283018867925,0.9176470588235294,0.0,1.0,1.0,5.528301886792453,106
hiba,1,0.1,M3,24,False,0.5454545454545454,0.5,0.0,1.0,1.0,4.2727272727272725,11
hiba,1,0.15,B,161,False,0.9483568075117371,0.8722943722943721,,0.9436619718309859,0.9710289710289711,3.6948356807511735,213
hiba,1,0.15,M1,20,False,1.0,1.0,0.0,1.0,1.0,3.8421052631578947,19
hiba,1,0.15,M2,230,False,0.8490566037735849,0.8466666666666667,0.0,1.0,1.0,4.6415094339622645,106
hiba,1,0.15,M3,24,False,0.5454545454545454,0.5,0.0,1.0,1.0,3.5454545454545454,11
pad,1,0.05,B,25,False,1.0,1.0,,1.0,1.0,5.466666666666667,15
pad,1,0.05,M1,25,False,0.96,0.9777777777777777,0.0,1.0,1.0,5.36,25
pad,1,0.05,M2,152,False,0.9821428571428571,0.9807692307692307,0.0,1.0,1.0,5.726190476190476,168
pad,1,0.05,M3,73,False,0.9705882352941176,0.9680851063829787,0.0,1.0,1.0,5.661764705882353,68
pad,1,0.05,M4,6,True,1.0,1.0,0.0,1.0,1.0,6.357142857142857,14
pad,1,0.05,M5,2,True,1.0,1.0,0.0,1.0,1.0,6.25,4
pad,1,0.1,B,25,False,1.0,1.0,,1.0,1.0,4.933333333333334,15
pad,1,0.1,M1,25,False,0.96,0.9777777777777777,0.0,1.0,1.0,5.32,25
pad,1,0.1,M2,152,False,0.8928571428571429,0.9017094017094017,0.0,1.0,1.0,5.136904761904762,168
pad,1,0.1,M3,73,False,0.9705882352941176,0.9680851063829787,0.0,1.0,1.0,5.485294117647059,68
pad,1,0.1,M4,6,True,1.0,1.0,0.0,1.0,1.0,6.357142857142857,14
pad,1,0.1,M5,2,True,1.0,1.0,0.0,1.0,1.0,6.25,4
pad,1,0.15,B,25,False,0.9333333333333333,0.9285714285714286,,1.0,1.0,3.6666666666666665,15
pad,1,0.15,M1,25,False,0.92,0.961111111111111,0.0,1.0,1.0,4.6,25
pad,1,0.15,M2,152,False,0.8392857142857143,0.8461538461538461,0.0,1.0,1.0,4.386904761904762,168
pad,1,0.15,M3,73,False,0.8676470588235294,0.8404255319148937,0.0,1.0,1.0,4.588235294117647,68
pad,1,0.15,M4,6,False,0.6428571428571429,0.712121212121212,0.0,1.0,1.0,4.642857142857143,14
pad,1,0.15,M5,2,True,1.0,1.0,0.0,1.0,1.0,6.0,4
hiba,2,0.05,B,169,False,1.0,1.0,,1.0,1.0,6.396341463414634,164
hiba,2,0.05,M1,29,False,1.0,1.0,0.0,1.0,1.0,7.454545454545454,11
hiba,2,0.05,M2,223,False,0.9435483870967742,0.9402173913043478,0.0,1.0,1.0,7.129032258064516,124
hiba,2,0.05,M3,20,False,0.875,0.8571428571428571,0.0,1.0,1.0,7.125,16
hiba,2,0.1,B,169,False,0.975609756097561,0.9565217391304348,,0.9939024390243902,0.999442586399108,4.530487804878049,164
hiba,2,0.1,M1,29,False,1.0,1.0,0.0,1.0,1.0,6.2727272727272725,11
hiba,2,0.1,M2,223,False,0.9193548387096774,0.9130434782608695,0.0,1.0,1.0,5.67741935483871,124
hiba,2,0.1,M3,20,False,0.75,0.7142857142857143,0.0,1.0,1.0,4.875,16
hiba,2,0.15,B,169,False,0.9512195121951219,0.9287439613526571,,0.9512195121951219,0.9900408769973986,3.5304878048780486,164
hiba,2,0.15,M1,29,False,0.8181818181818182,0.7,0.0,1.0,1.0,4.363636363636363,11
hiba,2,0.15,M2,223,False,0.8951612903225806,0.8858695652173914,0.0,1.0,1.0,4.846774193548387,124
hiba,2,0.15,M3,20,False,0.6875,0.6785714285714286,0.0,1.0,1.0,3.6875,16
pad,2,0.05,B,26,False,0.9375,0.9230769230769231,,1.0,1.0,5.25,16
pad,2,0.05,M1,24,False,1.0,1.0,0.0,1.0,1.0,5.689655172413793,29
pad,2,0.05,M2,153,False,0.9382022471910112,0.94683908045977,0.0,1.0,1.0,5.522471910112359,178
pad,2,0.05,M3,74,False,0.9861111111111112,0.9891304347826086,0.0,1.0,1.0,5.666666666666667,72
pad,2,0.05,M4,10,True,1.0,1.0,0.0,1.0,1.0,6.142857142857143,7
pad,2,0.05,M5,3,True,1.0,1.0,0.0,1.0,1.0,6.0,2
pad,2,0.1,B,26,False,0.875,0.8461538461538461,,1.0,1.0,4.3125,16
pad,2,0.1,M1,24,False,1.0,1.0,0.0,1.0,1.0,5.241379310344827,29
pad,2,0.1,M2,153,False,0.8764044943820225,0.8900862068965517,0.0,1.0,1.0,4.595505617977528,178
pad,2,0.1,M3,74,False,0.9027777777777778,0.9021739130434783,0.0,1.0,1.0,4.694444444444445,72
pad,2,0.1,M4,10,False,0.7142857142857143,0.7142857142857143,0.0,1.0,1.0,5.142857142857143,7
pad,2,0.1,M5,3,True,1.0,1.0,0.0,1.0,1.0,6.0,2
pad,2,0.15,B,26,False,0.8125,0.7692307692307693,,1.0,1.0,4.1875,16
pad,2,0.15,M1,24,False,1.0,1.0,0.0,1.0,1.0,4.896551724137931,29
pad,2,0.15,M2,153,False,0.8314606741573034,0.8462643678160918,0.0,1.0,1.0,4.134831460674158,178
pad,2,0.15,M3,74,False,0.8888888888888888,0.8804347826086957,0.0,1.0,1.0,4.388888888888889,72
pad,2,0.15,M4,10,False,0.7142857142857143,0.7142857142857143,0.0,1.0,1.0,4.857142857142857,7
pad,2,0.15,M5,3,True,1.0,1.0,0.0,1.0,1.0,5.5,2
hiba,3,0.05,B,162,False,0.9333333333333333,0.8848684210526315,,1.0,1.0,5.277777777777778,180
hiba,3,0.05,M1,27,False,0.9166666666666666,0.8571428571428571,0.0,1.0,1.0,4.916666666666667,12
hiba,3,0.05,M2,221,False,0.905511811023622,0.9166666666666667,0.0,1.0,1.0,5.637795275590551,127
hiba,3,0.05,M3,24,False,1.0,1.0,0.0,1.0,1.0,6.181818181818182,11
hiba,3,0.1,B,162,False,0.8888888888888888,0.8168859649122807,,0.9944444444444445,0.9978070175438598,4.238888888888889,180
hiba,3,0.1,M1,27,False,0.9166666666666666,0.8571428571428571,0.0,1.0,1.0,4.25,12
hiba,3,0.1,M2,221,False,0.8503937007874016,0.8528368794326242,0.0,1.0,1.0,4.874015748031496,127
hiba,3,0.1,M3,24,False,1.0,1.0,0.0,1.0,1.0,4.818181818181818,11
hiba,3,0.15,B,162,False,0.8611111111111112,0.7761322140192108,,0.9777777777777777,0.9879385964912281,3.661111111111111,180
hiba,3,0.15,M1,27,False,0.9166666666666666,0.8571428571428571,0.0,1.0,1.0,3.5833333333333335,12
hiba,3,0.15,M2,221,False,0.8267716535433071,0.8427304964539007,0.0,1.0,1.0,4.2047244094488185,127
hiba,3,0.15,M3,24,False,1.0,1.0,0.0,1.0,1.0,4.454545454545454,11
pad,3,0.05,B,19,False,1.0,1.0,,1.0,1.0,5.625,24
pad,3,0.05,M1,26,False,0.9090909090909091,0.9404761904761905,0.0,1.0,1.0,5.318181818181818,22
pad,3,0.05,M2,160,False,0.9503105590062112,0.959480122324159,0.0,1.0,1.0,5.527950310559007,161
pad,3,0.05,M3,77,False,0.9814814814814815,0.9883720930232558,0.0,1.0,1.0,5.592592592592593,54
pad,3,0.05,M4,10,True,1.0,1.0,0.0,1.0,1.0,6.111111111111111,9
pad,3,0.05,M5,3,True,1.0,1.0,0.0,1.0,1.0,6.333333333333333,3
pad,3,0.1,B,19,False,0.9166666666666666,0.9,,1.0,1.0,4.791666666666667,24
pad,3,0.1,M1,26,False,0.9090909090909091,0.9404761904761905,0.0,1.0,1.0,4.954545454545454,22
pad,3,0.1,M2,160,False,0.9254658385093167,0.9273700305810397,0.0,1.0,1.0,4.770186335403727,161
pad,3,0.1,M3,77,False,0.9444444444444444,0.9534883720930233,0.0,1.0,1.0,4.981481481481482,54
pad,3,0.1,M4,10,False,1.0,1.0,0.0,1.0,1.0,5.666666666666667,9
pad,3,0.1,M5,3,True,1.0,1.0,0.0,1.0,1.0,6.0,3
pad,3,0.15,B,19,False,0.8333333333333334,0.8,,1.0,1.0,4.041666666666667,24
pad,3,0.15,M1,26,False,0.8636363636363636,0.9047619047619048,0.0,1.0,1.0,3.909090909090909,22
pad,3,0.15,M2,160,False,0.8633540372670807,0.8692660550458715,0.0,1.0,1.0,4.142857142857143,161
pad,3,0.15,M3,77,False,0.7962962962962963,0.8023255813953488,0.0,1.0,1.0,4.185185185185185,54
pad,3,0.15,M4,10,False,1.0,1.0,0.0,1.0,1.0,5.333333333333333,9
pad,3,0.15,M5,3,True,1.0,1.0,0.0,1.0,1.0,6.0,3
hiba,4,0.05,B,163,False,0.9903846153846154,0.9833333333333333,,1.0,1.0,6.269230769230769,208
hiba,4,0.05,M1,23,False,1.0,1.0,0.0,1.0,1.0,6.894736842105263,19
hiba,4,0.05,M2,230,False,0.9512195121951219,0.961764705882353,0.0,1.0,1.0,6.7560975609756095,123
hiba,4,0.05,M3,22,False,1.0,1.0,0.0,1.0,1.0,6.928571428571429,14
hiba,4,0.1,B,163,False,0.9519230769230769,0.91,,0.9903846153846154,0.9906666666666666,4.475961538461538,208
hiba,4,0.1,M1,23,False,0.9473684210526315,0.9545454545454546,0.0,1.0,1.0,4.315789473684211,19
hiba,4,0.1,M2,230,False,0.9105691056910569,0.9235294117647059,0.0,1.0,1.0,5.308943089430894,123
hiba,4,0.1,M3,22,False,1.0,1.0,0.0,1.0,1.0,5.928571428571429,14
hiba,4,0.15,B,163,False,0.9326923076923077,0.8673333333333333,,0.9903846153846154,0.98,3.8413461538461537,208
hiba,4,0.15,M1,23,False,0.8421052631578947,0.8636363636363636,0.0,1.0,1.0,3.6842105263157894,19
hiba,4,0.15,M2,230,False,0.8617886178861789,0.8647058823529412,0.0,1.0,1.0,4.739837398373984,123
hiba,4,0.15,M3,22,False,1.0,1.0,0.0,1.0,1.0,5.714285714285714,14
pad,4,0.05,B,18,True,1.0,1.0,,1.0,1.0,7.44,25
pad,4,0.05,M1,24,False,0.9310344827586207,0.9479166666666666,0.0,1.0,1.0,7.793103448275862,29
pad,4,0.05,M2,161,False,0.9512195121951219,0.9513888888888888,0.0,1.0,1.0,7.640243902439025,164
pad,4,0.05,M3,76,False,0.9508196721311475,0.9602272727272727,0.0,1.0,1.0,7.672131147540983,61
pad,4,0.05,M4,10,True,1.0,1.0,0.0,1.0,1.0,8.0,9
pad,4,0.05,M5,3,True,1.0,1.0,0.0,1.0,1.0,8.0,3
pad,4,0.1,B,18,False,1.0,1.0,,1.0,1.0,4.92,25
pad,4,0.1,M1,24,False,0.9310344827586207,0.9479166666666666,0.0,1.0,1.0,5.482758620689655,29
pad,4,0.1,M2,161,False,0.9085365853658537,0.9120370370370371,0.0,1.0,1.0,5.060975609756097,164
pad,4,0.1,M3,76,False,0.8688524590163934,0.8863636363636364,0.0,1.0,1.0,5.049180327868853,61
pad,4,0.1,M4,10,False,1.0,1.0,0.0,1.0,1.0,6.444444444444445,9
pad,4,0.1,M5,3,True,1.0,1.0,0.0,1.0,1.0,6.333333333333333,3
pad,4,0.15,B,18,False,0.92,0.9047619047619048,,1.0,1.0,4.24,25
pad,4,0.15,M1,24,False,0.8275862068965517,0.8645833333333333,0.0,1.0,1.0,4.379310344827586,29
pad,4,0.15,M2,161,False,0.8536585365853658,0.8680555555555556,0.0,1.0,1.0,4.304878048780488,164
pad,4,0.15,M3,76,False,0.7704918032786885,0.7727272727272727,0.0,1.0,1.0,4.19672131147541,61
pad,4,0.15,M4,10,False,1.0,1.0,0.0,1.0,1.0,5.777777777777778,9
pad,4,0.15,M5,3,True,1.0,1.0,0.0,1.0,1.0,6.0,3
hiba,5,0.05,B,173,False,1.0,1.0,,1.0,1.0,6.8389261744966445,149
hiba,5,0.05,M1,20,False,1.0,1.0,0.0,1.0,1.0,7.090909090909091,22
hiba,5,0.05,M2,225,False,0.9827586206896551,0.9777777777777777,0.0,1.0,1.0,7.189655172413793,116
hiba,5,0.05,M3,18,True,1.0,1.0,0.0,1.0,1.0,7.791666666666667,24
hiba,5,0.1,B,173,False,0.9731543624161074,0.9461538461538461,,1.0,1.0,4.503355704697986,149
hiba,5,0.1,M1,20,False,1.0,1.0,0.0,1.0,1.0,5.318181818181818,22
hiba,5,0.1,M2,225,False,0.9482758620689655,0.9555555555555556,0.0,1.0,1.0,5.25,116
hiba,5,0.1,M3,18,False,1.0,1.0,0.0,1.0,1.0,5.708333333333333,24
hiba,5,0.15,B,173,False,0.959731543624161,0.9358974358974358,,0.9865771812080537,0.9948717948717948,3.859060402684564,149
hiba,5,0.15,M1,20,False,0.9545454545454546,0.9761904761904762,0.0,1.0,1.0,4.045454545454546,22
hiba,5,0.15,M2,225,False,0.8879310344827587,0.8888888888888888,0.0,1.0,1.0,4.758620689655173,116
hiba,5,0.15,M3,18,False,1.0,1.0,0.0,1.0,1.0,5.166666666666667,24
pad,5,0.05,B,26,False,1.0,1.0,,1.0,1.0,5.642857142857143,14
pad,5,0.05,M1,27,False,1.0,1.0,0.0,1.0,1.0,5.526315789473684,19
pad,5,0.05,M2,165,False,0.9205298013245033,0.9262820512820512,0.0,1.0,1.0,5.344370860927152,151
pad,5,0.05,M3,75,False,1.0,1.0,0.0,1.0,1.0,5.554054054054054,74
pad,5,0.05,M4,4,True,1.0,1.0,0.0,1.0,1.0,6.25,16
pad,5,0.05,M5,3,True,1.0,1.0,0.0,1.0,1.0,6.333333333333333,3
pad,5,0.1,B,26,False,1.0,1.0,,1.0,1.0,5.285714285714286,14
pad,5,0.1,M1,27,False,0.9473684210526315,0.9230769230769231,0.0,1.0,1.0,4.421052631578948,19
pad,5,0.1,M2,165,False,0.8675496688741722,0.875801282051282,0.0,1.0,1.0,5.059602649006623,151
pad,5,0.1,M3,75,False,0.972972972972973,0.9666666666666667,0.0,1.0,1.0,5.3108108108108105,74
pad,5,0.1,M4,4,True,1.0,1.0,0.0,1.0,1.0,6.25,16
pad,5,0.1,M5,3,True,1.0,1.0,0.0,1.0,1.0,6.333333333333333,3
pad,5,0.15,B,26,False,1.0,1.0,,1.0,1.0,4.857142857142857,14
pad,5,0.15,M1,27,False,0.8947368421052632,0.8846153846153846,0.0,1.0,1.0,3.789473684210526,19
pad,5,0.15,M2,165,False,0.8543046357615894,0.8685897435897435,0.0,1.0,1.0,4.483443708609271,151
pad,5,0.15,M3,75,False,0.9054054054054054,0.8666666666666667,0.0,1.0,1.0,4.581081081081081,74
pad,5,0.15,M4,4,True,1.0,1.0,0.0,1.0,1.0,5.6875,16
pad,5,0.15,M5,3,True,1.0,1.0,0.0,1.0,1.0,6.0,3
hiba,6,0.05,B,165,False,0.9618320610687023,0.9566210045662101,,1.0,1.0,5.801526717557252,131
hiba,6,0.05,M1,28,False,1.0,1.0,0.0,1.0,1.0,6.166666666666667,12
hiba,6,0.05,M2,221,False,0.9658119658119658,0.9574468085106383,0.0,1.0,1.0,6.589743589743589,117
hiba,6,0.05,M3,23,False,1.0,1.0,0.0,1.0,1.0,6.461538461538462,13
hiba,6,0.1,B,165,False,0.9007633587786259,0.8904109589041096,,0.9847328244274809,0.9949771689497716,3.9389312977099236,131
hiba,6,0.1,M1,28,False,0.9166666666666666,0.9166666666666666,0.0,1.0,1.0,3.6666666666666665,12
hiba,6,0.1,M2,221,False,0.905982905982906,0.8882978723404256,0.0,1.0,1.0,5.051282051282051,117
hiba,6,0.1,M3,23,False,1.0,1.0,0.0,1.0,1.0,5.6923076923076925,13
hiba,6,0.15,B,165,False,0.8549618320610687,0.847716894977169,,0.9770992366412213,0.9817351598173517,3.49618320610687,131
hiba,6,0.15,M1,28,False,0.8333333333333334,0.8611111111111112,0.08333333333333333,0.9166666666666666,0.9444444444444445,2.9166666666666665,12
hiba,6,0.15,M2,221,False,0.8974358974358975,0.8829787234042553,0.0,1.0,1.0,4.6068376068376065,117
hiba,6,0.15,M3,23,False,1.0,1.0,0.0,1.0,1.0,5.461538461538462,13
pad,6,0.05,B,22,False,0.8421052631578947,0.8235294117647058,,1.0,1.0,5.2631578947368425,19
pad,6,0.05,M1,24,False,0.9615384615384616,0.96875,0.0,1.0,1.0,5.038461538461538,26
pad,6,0.05,M2,157,False,0.9696969696969697,0.978422619047619,0.0,1.0,1.0,5.290909090909091,165
pad,6,0.05,M3,73,False,0.9733333333333334,0.973404255319149,0.0,1.0,1.0,5.333333333333333,75
pad,6,0.05,M4,9,True,1.0,1.0,0.0,1.0,1.0,5.7,10
pad,6,0.05,M5,4,True,1.0,1.0,0.0,1.0,1.0,6.0,1
pad,6,0.1,B,22,False,0.8421052631578947,0.8235294117647058,,1.0,1.0,4.2105263157894735,19
pad,6,0.1,M1,24,False,0.8461538461538461,0.890625,0.0,1.0,1.0,3.8846153846153846,26
pad,6,0.1,M2,157,False,0.9090909090909091,0.9285714285714286,0.0,1.0,1.0,4.715151515151515,165
pad,6,0.1,M3,73,False,0.84,0.8617021276595744,0.0,1.0,1.0,4.68,75
pad,6,0.1,M4,9,False,0.9,0.875,0.0,1.0,1.0,5.0,10
pad,6,0.1,M5,4,True,1.0,1.0,0.0,1.0,1.0,6.0,1
pad,6,0.15,B,22,False,0.7894736842105263,0.7647058823529411,,1.0,1.0,3.8421052631578947,19
pad,6,0.15,M1,24,False,0.8461538461538461,0.890625,0.0,1.0,1.0,3.6538461538461537,26
pad,6,0.15,M2,157,False,0.8666666666666667,0.8936011904761905,0.0,1.0,1.0,4.2303030303030305,165
pad,6,0.15,M3,73,False,0.84,0.8617021276595744,0.0,1.0,1.0,4.413333333333333,75
pad,6,0.15,M4,9,False,0.9,0.875,0.0,1.0,1.0,4.6,10
pad,6,0.15,M5,4,True,1.0,1.0,0.0,1.0,1.0,6.0,1
hiba,7,0.05,B,154,False,0.9717741935483871,0.9265873015873017,,1.0,1.0,5.729838709677419,248
hiba,7,0.05,M1,23,False,0.8947368421052632,0.890909090909091,0.0,1.0,1.0,4.842105263157895,19
hiba,7,0.05,M2,231,False,0.9821428571428571,0.9821428571428571,0.0,1.0,1.0,6.169642857142857,112
hiba,7,0.05,M3,29,False,1.0,1.0,0.0,1.0,1.0,7.0,5
hiba,7,0.1,B,154,False,0.9395161290322581,0.865674603174603,,1.0,1.0,4.334677419354839,248
hiba,7,0.1,M1,23,False,0.8421052631578947,0.8606060606060606,0.0,1.0,1.0,3.5789473684210527,19
hiba,7,0.1,M2,231,False,0.9285714285714286,0.9285714285714286,0.0,1.0,1.0,4.839285714285714,112
hiba,7,0.1,M3,29,False,1.0,1.0,0.0,1.0,1.0,5.6,5
hiba,7,0.15,B,154,False,0.9193548387096774,0.8474206349206348,,0.9879032258064516,0.9756944444444444,3.5524193548387095,248
hiba,7,0.15,M1,23,False,0.8421052631578947,0.8606060606060606,0.05263157894736842,0.9473684210526315,0.9696969696969696,3.263157894736842,19
hiba,7,0.15,M2,231,False,0.8303571428571429,0.8234126984126983,0.008928571428571428,0.9910714285714286,0.996031746031746,4.285714285714286,112
hiba,7,0.15,M3,29,False,1.0,1.0,0.0,1.0,1.0,5.2,5
pad,7,0.05,B,25,False,0.9411764705882353,0.9285714285714286,,1.0,1.0,5.235294117647059,17
pad,7,0.05,M1,24,False,1.0,1.0,0.0,1.0,1.0,5.678571428571429,28
pad,7,0.05,M2,173,False,0.9318181818181818,0.9401041666666666,0.0,1.0,1.0,5.401515151515151,132
pad,7,0.05,M3,66,False,0.974025974025974,0.9861111111111112,0.0,1.0,1.0,5.714285714285714,77
pad,7,0.05,M4,9,True,1.0,1.0,0.0,1.0,1.0,6.2,10
pad,7,0.05,M5,3,True,1.0,1.0,0.0,1.0,1.0,6.0,2
pad,7,0.1,B,25,False,0.9411764705882353,0.9285714285714286,,1.0,1.0,4.647058823529412,17
pad,7,0.1,M1,24,False,0.8928571428571429,0.8854166666666666,0.0,1.0,1.0,4.678571428571429,28
pad,7,0.1,M2,173,False,0.8787878787878788,0.8932291666666666,0.0,1.0,1.0,5.015151515151516,132
pad,7,0.1,M3,66,False,0.8701298701298701,0.9074074074074074,0.0,1.0,1.0,5.103896103896104,77
pad,7,0.1,M4,9,False,0.9,0.875,0.0,1.0,1.0,5.1,10
pad,7,0.1,M5,3,True,1.0,1.0,0.0,1.0,1.0,6.0,2
pad,7,0.15,B,25,False,0.9411764705882353,0.9285714285714286,,1.0,1.0,4.235294117647059,17
pad,7,0.15,M1,24,False,0.8928571428571429,0.8854166666666666,0.0,1.0,1.0,4.428571428571429,28
pad,7,0.15,M2,173,False,0.8409090909090909,0.8515625,0.0,1.0,1.0,4.454545454545454,132
pad,7,0.15,M3,66,False,0.7792207792207793,0.8101851851851852,0.0,1.0,1.0,4.545454545454546,77
pad,7,0.15,M4,9,False,0.9,0.875,0.0,1.0,1.0,4.8,10
pad,7,0.15,M5,3,True,1.0,1.0,0.0,1.0,1.0,6.0,2
hiba,8,0.05,B,169,False,0.981042654028436,0.9541062801932368,,1.0,1.0,5.938388625592417,211
hiba,8,0.05,M1,23,False,1.0,1.0,0.0,1.0,1.0,6.526315789473684,19
hiba,8,0.05,M2,217,False,0.952,0.9438775510204082,0.0,1.0,1.0,6.304,125
hiba,8,0.05,M3,27,False,1.0,1.0,0.0,1.0,1.0,6.777777777777778,9
hiba,8,0.1,B,169,False,0.9620853080568721,0.9178743961352657,,1.0,1.0,4.23696682464455,211
hiba,8,0.1,M1,23,False,1.0,1.0,0.0,1.0,1.0,5.105263157894737,19
hiba,8,0.1,M2,217,False,0.84,0.8231292517006803,0.0,1.0,1.0,4.776,125
hiba,8,0.1,M3,27,False,1.0,1.0,0.0,1.0,1.0,5.777777777777778,9
hiba,8,0.15,B,169,False,0.933649289099526,0.8695652173913042,,0.9715639810426541,0.961111111111111,3.4549763033175354,211
hiba,8,0.15,M1,23,False,0.8947368421052632,0.9515151515151515,0.0,1.0,1.0,3.9473684210526314,19
hiba,8,0.15,M2,217,False,0.752,0.7513605442176869,0.008,0.992,0.9948979591836735,4.024,125
hiba,8,0.15,M3,27,False,0.8888888888888888,0.9523809523809524,0.0,1.0,1.0,5.333333333333333,9
pad,8,0.05,B,25,False,0.8571428571428571,0.8571428571428571,,1.0,1.0,5.0,14
pad,8,0.05,M1,30,False,1.0,1.0,0.0,1.0,1.0,5.5625,16
pad,8,0.05,M2,157,False,0.9371428571428572,0.9441964285714286,0.0,1.0,1.0,5.2057142857142855,175
pad,8,0.05,M3,69,False,0.9861111111111112,0.9950980392156863,0.0,1.0,1.0,5.625,72
pad,8,0.05,M4,7,True,1.0,1.0,0.0,1.0,1.0,6.181818181818182,11
pad,8,0.05,M5,2,True,1.0,1.0,0.0,1.0,1.0,6.0,3
pad,8,0.1,B,25,False,0.7857142857142857,0.7857142857142857,,1.0,1.0,4.571428571428571,14
pad,8,0.1,M1,30,False,0.875,0.9,0.0,1.0,1.0,4.375,16
pad,8,0.1,M2,157,False,0.8742857142857143,0.8839285714285714,0.0,1.0,1.0,4.502857142857143,175
pad,8,0.1,M3,69,False,0.9444444444444444,0.9509803921568627,0.0,1.0,1.0,5.0,72
pad,8,0.1,M4,7,True,1.0,1.0,0.0,1.0,1.0,5.818181818181818,11
pad,8,0.1,M5,2,True,1.0,1.0,0.0,1.0,1.0,6.0,3
pad,8,0.15,B,25,False,0.7857142857142857,0.7857142857142857,,1.0,1.0,4.285714285714286,14
pad,8,0.15,M1,30,False,0.875,0.9,0.0,1.0,1.0,4.0625,16
pad,8,0.15,M2,157,False,0.8171428571428572,0.828125,0.0,1.0,1.0,4.234285714285714,175
pad,8,0.15,M3,69,False,0.8888888888888888,0.8921568627450981,0.0,1.0,1.0,4.583333333333333,72
pad,8,0.15,M4,7,False,1.0,1.0,0.0,1.0,1.0,5.7272727272727275,11
pad,8,0.15,M5,2,True,1.0,1.0,0.0,1.0,1.0,6.0,3
hiba,9,0.05,B,169,False,0.9655172413793104,0.9166666666666666,,1.0,1.0,5.788177339901478,203
hiba,9,0.05,M1,21,False,0.8235294117647058,0.858974358974359,0.0,1.0,1.0,5.0,17
hiba,9,0.05,M2,225,False,0.9411764705882353,0.9472222222222222,0.0,1.0,1.0,6.310924369747899,119
hiba,9,0.05,M3,24,False,1.0,1.0,0.0,1.0,1.0,6.5,10
hiba,9,0.1,B,169,False,0.9261083743842364,0.8413043478260869,,1.0,1.0,4.41871921182266,203
hiba,9,0.1,M1,21,False,0.8235294117647058,0.858974358974359,0.0,1.0,1.0,4.117647058823529,17
hiba,9,0.1,M2,225,False,0.9159663865546218,0.9333333333333333,0.0,1.0,1.0,5.226890756302521,119
hiba,9,0.1,M3,24,False,1.0,1.0,0.0,1.0,1.0,5.5,10
hiba,9,0.15,B,169,False,0.896551724137931,0.8009661835748793,,0.9950738916256158,0.997584541062802,3.916256157635468,203
hiba,9,0.15,M1,21,False,0.8235294117647058,0.858974358974359,0.0,1.0,1.0,3.764705882352941,17
hiba,9,0.15,M2,225,False,0.9159663865546218,0.9333333333333333,0.0,1.0,1.0,4.7478991596638656,119
hiba,9,0.15,M3,24,False,1.0,1.0,0.0,1.0,1.0,5.2,10
pad,9,0.05,B,19,False,0.9166666666666666,0.9,,1.0,1.0,5.666666666666667,24
pad,9,0.05,M1,28,False,0.9545454545454546,0.9583333333333334,0.0,1.0,1.0,5.454545454545454,22
pad,9,0.05,M2,153,False,0.9882352941176471,0.9928160919540229,0.0,1.0,1.0,5.6647058823529415,170
pad,9,0.05,M3,70,False,0.9452054794520548,0.95,0.0,1.0,1.0,5.534246575342466,73
pad,9,0.05,M4,11,True,1.0,1.0,0.0,1.0,1.0,6.222222222222222,9
pad,9,0.05,M5,2,True,1.0,1.0,0.0,1.0,1.0,6.25,4
pad,9,0.1,B,19,False,0.9166666666666666,0.9,,1.0,1.0,4.416666666666667,24
pad,9,0.1,M1,28,False,0.8636363636363636,0.875,0.0,1.0,1.0,4.2272727272727275,22
pad,9,0.1,M2,153,False,0.9411764705882353,0.9633620689655172,0.0,1.0,1.0,4.9,170
pad,9,0.1,M3,70,False,0.8767123287671232,0.9,0.0,1.0,1.0,4.890410958904109,73
pad,9,0.1,M4,11,False,1.0,1.0,0.0,1.0,1.0,5.888888888888889,9
pad,9,0.1,M5,2,True,1.0,1.0,0.0,1.0,1.0,6.0,4
pad,9,0.15,B,19,False,0.875,0.85,,1.0,1.0,4.0,24
pad,9,0.15,M1,28,False,0.8181818181818182,0.7916666666666666,0.0,1.0,1.0,3.909090909090909,22
pad,9,0.15,M2,153,False,0.8529411764705882,0.8771551724137931,0.0,1.0,1.0,4.370588235294117,170
pad,9,0.15,M3,70,False,0.7945205479452054,0.81,0.0,1.0,1.0,4.561643835616438,73
pad,9,0.15,M4,11,False,1.0,1.0,0.0,1.0,1.0,5.666666666666667,9
pad,9,0.15,M5,2,True,1.0,1.0,0.0,1.0,1.0,6.0,4
hiba,10,0.05,B,164,False,0.9407894736842105,0.9200450450450451,,1.0,1.0,5.730263157894737,152
hiba,10,0.05,M1,26,False,1.0,1.0,0.0,1.0,1.0,6.066666666666666,15
hiba,10,0.05,M2,218,False,0.9411764705882353,0.9510309278350515,0.0,1.0,1.0,6.201680672268908,119
hiba,10,0.05,M3,27,False,0.9166666666666666,0.8571428571428571,0.0,1.0,1.0,5.75,12
hiba,10,0.1,B,164,False,0.8618421052631579,0.8085585585585585,,0.993421052631579,0.9977477477477477,4.394736842105263,152
hiba,10,0.1,M1,26,False,0.9333333333333333,0.9583333333333334,0.0,1.0,1.0,4.266666666666667,15
hiba,10,0.1,M2,218,False,0.8991596638655462,0.9123711340206185,0.0,1.0,1.0,5.07563025210084,119
hiba,10,0.1,M3,27,False,0.9166666666666666,0.8571428571428571,0.0,1.0,1.0,4.5,12
hiba,10,0.15,B,164,False,0.8026315789473685,0.7364864864864864,,0.9802631578947368,0.9819819819819818,3.664473684210526,152
hiba,10,0.15,M1,26,False,0.8,0.7708333333333334,0.0,1.0,1.0,3.6,15
hiba,10,0.15,M2,218,False,0.8739495798319328,0.8814432989690721,0.0,1.0,1.0,4.487394957983193,119
hiba,10,0.15,M3,27,False,0.9166666666666666,0.8571428571428571,0.0,1.0,1.0,3.9166666666666665,12
pad,10,0.05,B,26,False,0.9375,0.9230769230769231,,1.0,1.0,5.4375,16
pad,10,0.05,M1,23,False,1.0,1.0,0.0,1.0,1.0,5.703703703703703,27
pad,10,0.05,M2,164,False,0.9602649006622517,0.9642857142857143,0.0,1.0,1.0,5.4635761589403975,151
pad,10,0.05,M3,67,False,0.9041095890410958,0.9292452830188679,0.0,1.0,1.0,5.205479452054795,73
pad,10,0.05,M4,7,True,1.0,1.0,0.0,1.0,1.0,6.090909090909091,11
pad,10,0.05,M5,3,True,1.0,1.0,0.0,1.0,1.0,6.333333333333333,3
pad,10,0.1,B,26,False,0.9375,0.9230769230769231,,1.0,1.0,5.0625,16
pad,10,0.1,M1,23,False,0.9629629629629629,0.9705882352941176,0.0,1.0,1.0,5.37037037037037,27
pad,10,0.1,M2,164,False,0.9006622516556292,0.9103174603174604,0.0,1.0,1.0,4.940397350993377,151
pad,10,0.1,M3,67,False,0.8493150684931506,0.8867924528301887,0.0,1.0,1.0,4.835616438356165,73
pad,10,0.1,M4,7,True,1.0,1.0,0.0,1.0,1.0,6.090909090909091,11
pad,10,0.1,M5,3,True,1.0,1.0,0.0,1.0,1.0,6.333333333333333,3
pad,10,0.15,B,26,False,0.8125,0.7692307692307693,,1.0,1.0,4.1875,16
pad,10,0.15,M1,23,False,0.9259259259259259,0.9411764705882353,0.0,1.0,1.0,4.074074074074074,27
pad,10,0.15,M2,164,False,0.8211920529801324,0.8198412698412699,0.0,1.0,1.0,4.059602649006623,151
pad,10,0.15,M3,67,False,0.7397260273972602,0.7877358490566038,0.0,1.0,1.0,4.095890410958904,73
pad,10,0.15,M4,7,False,1.0,1.0,0.0,1.0,1.0,5.454545454545454,11
pad,10,0.15,M5,3,True,1.0,1.0,0.0,1.0,1.0,6.0,3
hiba,11,0.05,B,173,False,1.0,1.0,,1.0,1.0,6.555555555555555,162
hiba,11,0.05,M1,25,False,1.0,1.0,0.0,1.0,1.0,7.105263157894737,19
hiba,11,0.05,M2,216,False,0.9448818897637795,0.9343434343434344,0.0,1.0,1.0,7.133858267716535,127
hiba,11,0.05,M3,23,False,1.0,1.0,0.0,1.0,1.0,6.916666666666667,12
hiba,11,0.1,B,173,False,0.9506172839506173,0.8923076923076924,,0.9876543209876543,0.9943589743589742,4.401234567901234,162
hiba,11,0.1,M1,25,False,0.8947368421052632,0.9074074074074076,0.0,1.0,1.0,4.2631578947368425,19
hiba,11,0.1,M2,216,False,0.905511811023622,0.8939393939393939,0.0,1.0,1.0,5.283464566929134,127
hiba,11,0.1,M3,23,False,1.0,1.0,0.0,1.0,1.0,5.25,12
hiba,11,0.15,B,173,False,0.8827160493827161,0.7925641025641026,,0.9506172839506173,0.951068376068376,3.617283950617284,162
hiba,11,0.15,M1,25,False,0.8947368421052632,0.9074074074074076,0.0,1.0,1.0,3.789473684210526,19
hiba,11,0.15,M2,216,False,0.8740157480314961,0.8636363636363636,0.0,1.0,1.0,4.52755905511811,127
hiba,11,0.15,M3,23,False,0.8333333333333334,0.8181818181818182,0.0,1.0,1.0,4.333333333333333,12
pad,11,0.05,B,21,False,0.7894736842105263,0.7777777777777778,,1.0,1.0,5.315789473684211,19
pad,11,0.05,M1,27,False,0.9565217391304348,0.9743589743589743,0.0,1.0,1.0,5.043478260869565,23
pad,11,0.05,M2,165,False,0.9932885906040269,0.9975961538461539,0.0,1.0,1.0,5.348993288590604,149
pad,11,0.05,M3,76,False,0.9672131147540983,0.9659090909090909,0.0,1.0,1.0,5.065573770491803,61
pad,11,0.05,M4,12,True,1.0,1.0,0.0,1.0,1.0,5.8,5
pad,11,0.05,M5,1,True,1.0,1.0,0.0,1.0,1.0,6.0,5
pad,11,0.1,B,21,False,0.7894736842105263,0.7777777777777778,,1.0,1.0,4.578947368421052,19
pad,11,0.1,M1,27,False,0.9565217391304348,0.9743589743589743,0.0,1.0,1.0,4.913043478260869,23
pad,11,0.1,M2,165,False,0.9463087248322147,0.9591346153846154,0.0,1.0,1.0,4.791946308724833,149
pad,11,0.1,M3,76,False,0.9508196721311475,0.9545454545454546,0.0,1.0,1.0,4.819672131147541,61
pad,11,0.1,M4,12,False,0.8,0.8,0.0,1.0,1.0,5.2,5
pad,11,0.1,M5,1,True,1.0,1.0,0.0,1.0,1.0,6.0,5
pad,11,0.15,B,21,False,0.7368421052631579,0.7222222222222222,,1.0,1.0,3.8947368421052633,19
pad,11,0.15,M1,27,False,0.8260869565217391,0.8717948717948717,0.0,1.0,1.0,4.0,23
pad,11,0.15,M2,165,False,0.8859060402684564,0.8966346153846154,0.0,1.0,1.0,4.295302013422819,149
pad,11,0.15,M3,76,False,0.8852459016393442,0.875,0.0,1.0,1.0,4.295081967213115,61
pad,11,0.15,M4,12,False,0.8,0.8,0.0,1.0,1.0,5.0,5
pad,11,0.15,M5,1,True,1.0,1.0,0.0,1.0,1.0,5.6,5
hiba,12,0.05,B,155,False,0.9954128440366973,0.9879518072289156,,1.0,1.0,6.431192660550459,218
hiba,12,0.05,M1,25,False,1.0,1.0,0.0,1.0,1.0,7.133333333333334,15
hiba,12,0.05,M2,230,False,0.941747572815534,0.9558823529411765,0.0,1.0,1.0,7.116504854368932,103
hiba,12,0.05,M3,23,False,1.0,1.0,0.0,1.0,1.0,7.571428571428571,14
hiba,12,0.1,B,155,False,0.963302752293578,0.9427710843373494,,1.0,1.0,4.752293577981652,218
hiba,12,0.1,M1,25,False,1.0,1.0,0.0,1.0,1.0,5.666666666666667,15
hiba,12,0.1,M2,230,False,0.8737864077669902,0.8823529411764706,0.0,1.0,1.0,5.456310679611651,103
hiba,12,0.1,M3,23,False,0.9285714285714286,0.9090909090909091,0.0,1.0,1.0,6.285714285714286,14
hiba,12,0.15,B,155,False,0.944954128440367,0.9066265060240963,,0.981651376146789,0.9805496495787069,3.596330275229358,218
hiba,12,0.15,M1,25,False,0.9333333333333333,0.9629629629629629,0.0,1.0,1.0,4.333333333333333,15
hiba,12,0.15,M2,230,False,0.8446601941747572,0.8549019607843136,0.0,1.0,1.0,4.825242718446602,103
hiba,12,0.15,M3,23,False,0.7857142857142857,0.787878787878788,0.0,1.0,1.0,5.214285714285714,14
pad,12,0.05,B,27,False,0.9230769230769231,0.9166666666666666,,1.0,1.0,5.6923076923076925,13
pad,12,0.05,M1,25,False,1.0,1.0,0.0,1.0,1.0,5.739130434782608,23
pad,12,0.05,M2,160,False,0.9683544303797469,0.9655963302752294,0.0,1.0,1.0,5.563291139240507,158
pad,12,0.05,M3,72,False,0.9692307692307692,0.9739583333333334,0.0,1.0,1.0,5.6461538461538465,65
pad,12,0.05,M4,11,True,1.0,1.0,0.0,1.0,1.0,6.166666666666667,6
pad,12,0.05,M5,3,True,1.0,1.0,0.0,1.0,1.0,6.333333333333333,3
pad,12,0.1,B,27,False,0.6923076923076923,0.6666666666666666,,1.0,1.0,4.769230769230769,13
pad,12,0.1,M1,25,False,1.0,1.0,0.0,1.0,1.0,5.043478260869565,23
pad,12,0.1,M2,160,False,0.9367088607594937,0.9334862385321101,0.0,1.0,1.0,4.670886075949367,158
pad,12,0.1,M3,72,False,0.9384615384615385,0.9583333333333334,0.0,1.0,1.0,4.892307692307693,65
pad,12,0.1,M4,11,False,0.8333333333333334,0.8333333333333334,0.0,1.0,1.0,4.833333333333333,6
pad,12,0.1,M5,3,True,1.0,1.0,0.0,1.0,1.0,6.0,3
pad,12,0.15,B,27,False,0.6153846153846154,0.5833333333333334,,1.0,1.0,4.076923076923077,13
pad,12,0.15,M1,25,False,1.0,1.0,0.0,1.0,1.0,4.956521739130435,23
pad,12,0.15,M2,160,False,0.8860759493670886,0.886085626911315,0.0,1.0,1.0,4.1645569620253164,158
pad,12,0.15,M3,72,False,0.9230769230769231,0.9375,0.0,1.0,1.0,4.523076923076923,65
pad,12,0.15,M4,11,False,0.8333333333333334,0.8333333333333334,0.0,1.0,1.0,4.666666666666667,6
pad,12,0.15,M5,3,True,1.0,1.0,0.0,1.0,1.0,6.0,3
hiba,13,0.05,B,166,False,0.9705882352941176,0.9699074074074076,,1.0,1.0,6.137254901960785,102
hiba,13,0.05,M1,27,False,1.0,1.0,0.0,1.0,1.0,6.166666666666667,12
hiba,13,0.05,M2,216,False,0.967741935483871,0.9646464646464646,0.0,1.0,1.0,6.645161290322581,124
hiba,13,0.05,M3,25,False,1.0,1.0,0.0,1.0,1.0,6.888888888888889,9
hiba,13,0.1,B,166,False,0.8921568627450981,0.8888888888888888,,1.0,1.0,4.578431372549019,102
hiba,13,0.1,M1,27,False,1.0,1.0,0.0,1.0,1.0,4.75,12
hiba,13,0.1,M2,216,False,0.9112903225806451,0.9158249158249158,0.0,1.0,1.0,5.290322580645161,124
hiba,13,0.1,M3,25,False,1.0,1.0,0.0,1.0,1.0,5.444444444444445,9
hiba,13,0.15,B,166,False,0.8235294117647058,0.8009259259259259,,0.9901960784313726,0.9953703703703705,3.6666666666666665,102
hiba,13,0.15,M1,27,False,1.0,1.0,0.0,1.0,1.0,3.4166666666666665,12
hiba,13,0.15,M2,216,False,0.8467741935483871,0.845117845117845,0.0,1.0,1.0,4.548387096774194,124
hiba,13,0.15,M3,25,False,0.8888888888888888,0.8888888888888888,0.0,1.0,1.0,5.0,9
pad,13,0.05,B,23,False,0.95,0.9375,,1.0,1.0,5.3,20
pad,13,0.05,M1,28,False,0.9375,0.9166666666666666,0.0,1.0,1.0,5.25,16
pad,13,0.05,M2,167,False,0.8657718120805369,0.900326797385621,0.0,1.0,1.0,5.302013422818792,149
pad,13,0.05,M3,71,False,0.967741935483871,0.9693877551020408,0.0,1.0,1.0,5.467741935483871,62
pad,13,0.05,M4,8,True,1.0,1.0,0.0,1.0,1.0,6.416666666666667,12
pad,13,0.05,M5,3,True,1.0,1.0,0.0,1.0,1.0,6.333333333333333,3
pad,13,0.1,B,23,False,0.95,0.9375,,1.0,1.0,4.45,20
pad,13,0.1,M1,28,False,0.9375,0.9166666666666666,0.0,1.0,1.0,5.125,16
pad,13,0.1,M2,167,False,0.7986577181208053,0.8316993464052288,0.0,1.0,1.0,4.8389261744966445,149
pad,13,0.1,M3,71,False,0.8548387096774194,0.8775510204081632,0.0,1.0,1.0,4.82258064516129,62
pad,13,0.1,M4,8,True,1.0,1.0,0.0,1.0,1.0,6.25,12
pad,13,0.1,M5,3,True,1.0,1.0,0.0,1.0,1.0,6.333333333333333,3
pad,13,0.15,B,23,False,0.95,0.9375,,1.0,1.0,3.8,20
pad,13,0.15,M1,28,False,0.9375,0.9166666666666666,0.0,1.0,1.0,4.3125,16
pad,13,0.15,M2,167,False,0.7919463087248322,0.8284313725490197,0.0,1.0,1.0,4.469798657718121,149
pad,13,0.15,M3,71,False,0.8064516129032258,0.8163265306122449,0.0,1.0,1.0,4.370967741935484,62
pad,13,0.15,M4,8,False,0.5833333333333334,0.6481481481481481,0.0,1.0,1.0,4.5,12
pad,13,0.15,M5,3,True,1.0,1.0,0.0,1.0,1.0,6.0,3
hiba,14,0.05,B,167,False,0.9387755102040817,0.8380281690140845,,1.0,1.0,5.1479591836734695,196
hiba,14,0.05,M1,19,False,1.0,1.0,0.0,1.0,1.0,5.636363636363637,22
hiba,14,0.05,M2,222,False,0.984,0.978494623655914,0.0,1.0,1.0,5.856,125
hiba,14,0.05,M3,24,False,1.0,1.0,0.0,1.0,1.0,6.181818181818182,11
hiba,14,0.1,B,167,False,0.9285714285714286,0.8286384976525822,,1.0,1.0,4.26530612244898,196
hiba,14,0.1,M1,19,False,1.0,1.0,0.0,1.0,1.0,4.590909090909091,22
hiba,14,0.1,M2,222,False,0.952,0.946236559139785,0.0,1.0,1.0,5.096,125
hiba,14,0.1,M3,24,False,1.0,1.0,0.0,1.0,1.0,5.545454545454546,11
hiba,14,0.15,B,167,False,0.9030612244897959,0.7910798122065729,,0.9897959183673469,0.9823943661971831,3.6377551020408165,196
hiba,14,0.15,M1,19,False,1.0,1.0,0.0,1.0,1.0,4.0,22
hiba,14,0.15,M2,222,False,0.904,0.8924731182795699,0.0,1.0,1.0,4.392,125
hiba,14,0.15,M3,24,False,1.0,1.0,0.0,1.0,1.0,5.0,11
pad,14,0.05,B,26,False,1.0,1.0,,1.0,1.0,5.357142857142857,14
pad,14,0.05,M1,26,False,0.7916666666666666,0.8273809523809523,0.0,1.0,1.0,5.041666666666667,24
pad,14,0.05,M2,153,False,0.9137931034482759,0.9281609195402298,0.0,1.0,1.0,5.344827586206897,174
pad,14,0.05,M3,73,False,0.9696969696969697,0.973404255319149,0.0,1.0,1.0,5.651515151515151,66
pad,14,0.05,M4,8,True,1.0,1.0,0.0,1.0,1.0,6.454545454545454,11
pad,14,0.05,M5,3,True,1.0,1.0,0.0,1.0,1.0,6.333333333333333,3
pad,14,0.1,B,26,False,1.0,1.0,,1.0,1.0,5.142857142857143,14
pad,14,0.1,M1,26,False,0.7916666666666666,0.8273809523809523,0.0,1.0,1.0,5.041666666666667,24
pad,14,0.1,M2,153,False,0.8448275862068966,0.8548850574712643,0.0,1.0,1.0,4.919540229885057,174
pad,14,0.1,M3,73,False,0.8787878787878788,0.8936170212765957,0.0,1.0,1.0,5.2272727272727275,66
pad,14,0.1,M4,8,True,1.0,1.0,0.0,1.0,1.0,6.454545454545454,11
pad,14,0.1,M5,3,True,1.0,1.0,0.0,1.0,1.0,6.333333333333333,3
pad,14,0.15,B,26,False,0.9285714285714286,0.9230769230769231,,1.0,1.0,4.285714285714286,14
pad,14,0.15,M1,26,False,0.7916666666666666,0.8273809523809523,0.0,1.0,1.0,4.5,24
pad,14,0.15,M2,153,False,0.7873563218390804,0.7988505747126438,0.0,1.0,1.0,4.212643678160919,174
pad,14,0.15,M3,73,False,0.7878787878787878,0.7978723404255319,0.0,1.0,1.0,4.378787878787879,66
pad,14,0.15,M4,8,False,0.9090909090909091,0.8888888888888888,0.0,1.0,1.0,5.0,11
pad,14,0.15,M5,3,True,1.0,1.0,0.0,1.0,1.0,6.0,3
hiba,15,0.05,B,176,False,0.967741935483871,0.956989247311828,,1.0,1.0,6.064516129032258,124
hiba,15,0.05,M1,26,False,1.0,1.0,0.0,1.0,1.0,6.6,20
hiba,15,0.05,M2,212,False,0.968503937007874,0.9611650485436893,0.0,1.0,1.0,6.433070866141732,127
hiba,15,0.05,M3,21,False,1.0,1.0,0.0,1.0,1.0,6.4375,16
hiba,15,0.1,B,176,False,0.9435483870967742,0.9301075268817204,,0.9919354838709677,0.9990512333965844,4.314516129032258,124
hiba,15,0.1,M1,26,False,0.95,0.975,0.0,1.0,1.0,4.25,20
hiba,15,0.1,M2,212,False,0.9448818897637795,0.9368932038834952,0.0,1.0,1.0,5.133858267716535,127
hiba,15,0.1,M3,21,False,1.0,1.0,0.0,1.0,1.0,5.625,16
hiba,15,0.15,B,176,False,0.8870967741935484,0.8333333333333333,,0.9919354838709677,0.9990512333965844,3.7096774193548385,124
hiba,15,0.15,M1,26,False,0.8,0.8083333333333333,0.0,1.0,1.0,3.25,20
hiba,15,0.15,M2,212,False,0.8740157480314961,0.8689320388349514,0.0,1.0,1.0,4.480314960629921,127
hiba,15,0.15,M3,21,False,1.0,1.0,0.0,1.0,1.0,5.4375,16
pad,15,0.05,B,20,False,1.0,1.0,,1.0,1.0,5.375,24
pad,15,0.05,M1,25,False,1.0,1.0,0.0,1.0,1.0,5.814814814814815,27
pad,15,0.05,M2,157,False,0.893491124260355,0.9144345238095238,0.0,1.0,1.0,5.284023668639053,169
pad,15,0.05,M3,69,False,0.9852941176470589,0.9950980392156863,0.0,1.0,1.0,5.617647058823529,68
pad,15,0.05,M4,7,True,1.0,1.0,0.0,1.0,1.0,6.461538461538462,13
pad,15,0.05,M5,3,True,1.0,1.0,0.0,1.0,1.0,6.333333333333333,3
pad,15,0.1,B,20,False,0.9583333333333334,0.9473684210526315,,1.0,1.0,4.666666666666667,24
pad,15,0.1,M1,25,False,1.0,1.0,0.0,1.0,1.0,5.777777777777778,27
pad,15,0.1,M2,157,False,0.834319526627219,0.8489583333333333,0.0,1.0,1.0,4.93491124260355,169
pad,15,0.1,M3,69,False,0.8529411764705882,0.8823529411764706,0.0,1.0,1.0,4.926470588235294,68
pad,15,0.1,M4,7,True,1.0,1.0,0.0,1.0,1.0,6.3076923076923075,13
pad,15,0.1,M5,3,True,1.0,1.0,0.0,1.0,1.0,6.333333333333333,3
pad,15,0.15,B,20,False,0.9583333333333334,0.9473684210526315,,1.0,1.0,3.9166666666666665,24
pad,15,0.15,M1,25,False,0.8888888888888888,0.8777777777777778,0.0,1.0,1.0,4.888888888888889,27
pad,15,0.15,M2,157,False,0.8106508875739645,0.8266369047619048,0.0,1.0,1.0,4.420118343195266,169
pad,15,0.15,M3,69,False,0.8235294117647058,0.8431372549019608,0.0,1.0,1.0,4.544117647058823,68
pad,15,0.15,M4,7,False,0.46153846153846156,0.4833333333333333,0.0,1.0,1.0,3.8461538461538463,13
pad,15,0.15,M5,3,True,1.0,1.0,0.0,1.0,1.0,6.0,3
hiba,16,0.05,B,170,False,0.9722222222222222,0.9301470588235294,,1.0,1.0,5.643518518518518,216
hiba,16,0.05,M1,23,False,1.0,1.0,0.0,1.0,1.0,6.2727272727272725,22
hiba,16,0.05,M2,220,False,0.9291338582677166,0.9342105263157895,0.0,1.0,1.0,6.354330708661418,127
hiba,16,0.05,M3,24,False,1.0,1.0,0.0,1.0,1.0,6.6,10
hiba,16,0.1,B,170,False,0.9537037037037037,0.8933823529411765,,0.9953703703703703,0.9970588235294118,4.199074074074074,216
hiba,16,0.1,M1,23,False,0.9545454545454546,0.9545454545454546,0.0,1.0,1.0,4.954545454545454,22
hiba,16,0.1,M2,220,False,0.8582677165354331,0.8649122807017544,0.0,1.0,1.0,5.21259842519685,127
hiba,16,0.1,M3,24,False,0.9,0.9,0.0,1.0,1.0,5.8,10
hiba,16,0.15,B,170,False,0.9120370370370371,0.8482843137254902,,0.9907407407407407,0.9846813725490198,3.425925925925926,216
hiba,16,0.15,M1,23,False,0.8181818181818182,0.8,0.0,1.0,1.0,3.3636363636363638,22
hiba,16,0.15,M2,220,False,0.8346456692913385,0.8385964912280702,0.0,1.0,1.0,4.622047244094488,127
hiba,16,0.15,M3,24,False,0.9,0.9,0.0,1.0,1.0,5.0,10
pad,16,0.05,B,19,False,0.8636363636363636,0.85,,1.0,1.0,5.363636363636363,22
pad,16,0.05,M1,21,False,0.9393939393939394,0.9561403508771931,0.0,1.0,1.0,5.393939393939394,33
pad,16,0.05,M2,158,False,0.9819277108433735,0.9842342342342343,0.0,1.0,1.0,5.343373493975903,166
pad,16,0.05,M3,74,False,0.9402985074626866,0.9347826086956522,0.0,1.0,1.0,5.059701492537314,67
pad,16,0.05,M4,10,True,1.0,1.0,0.0,1.0,1.0,5.666666666666667,9
pad,16,0.05,M5,3,True,1.0,1.0,0.0,1.0,1.0,6.0,2
pad,16,0.1,B,19,False,0.8636363636363636,0.85,,1.0,1.0,4.636363636363637,22
pad,16,0.1,M1,21,False,0.8181818181818182,0.8728070175438596,0.0,1.0,1.0,4.363636363636363,33
pad,16,0.1,M2,158,False,0.9457831325301205,0.9587087087087086,0.0,1.0,1.0,4.891566265060241,166
pad,16,0.1,M3,74,False,0.8955223880597015,0.9130434782608695,0.0,1.0,1.0,4.776119402985074,67
pad,16,0.1,M4,10,False,0.8888888888888888,0.8571428571428571,0.0,1.0,1.0,4.555555555555555,9
pad,16,0.1,M5,3,True,1.0,1.0,0.0,1.0,1.0,6.0,2
pad,16,0.15,B,19,False,0.8636363636363636,0.85,,1.0,1.0,4.5,22
pad,16,0.15,M1,21,False,0.8181818181818182,0.8728070175438596,0.0,1.0,1.0,4.181818181818182,33
pad,16,0.15,M2,158,False,0.9337349397590361,0.9496996996996996,0.0,1.0,1.0,4.626506024096385,166
pad,16,0.15,M3,74,False,0.8955223880597015,0.9130434782608695,0.0,1.0,1.0,4.582089552238806,67
pad,16,0.15,M4,10,False,0.8888888888888888,0.8571428571428571,0.0,1.0,1.0,4.444444444444445,9
pad,16,0.15,M5,3,True,1.0,1.0,0.0,1.0,1.0,6.0,2
hiba,17,0.05,B,167,False,1.0,1.0,,1.0,1.0,6.377483443708609,302
hiba,17,0.05,M1,25,False,1.0,1.0,0.0,1.0,1.0,7.3125,16
hiba,17,0.05,M2,223,False,0.9557522123893806,0.9510869565217391,0.0,1.0,1.0,7.274336283185841,113
hiba,17,0.05,M3,23,False,1.0,1.0,0.0,1.0,1.0,7.416666666666667,12
hiba,17,0.1,B,167,False,0.9933774834437086,0.9788732394366197,,1.0,1.0,5.029801324503311,302
hiba,17,0.1,M1,25,False,1.0,1.0,0.0,1.0,1.0,5.9375,16
hiba,17,0.1,M2,223,False,0.9292035398230089,0.9239130434782609,0.0,1.0,1.0,5.929203539823009,113
hiba,17,0.1,M3,23,False,1.0,1.0,0.0,1.0,1.0,6.333333333333333,12
hiba,17,0.15,B,167,False,0.9801324503311258,0.9525821596244133,,0.9933774834437086,0.9850869925434962,3.980132450331126,302
hiba,17,0.15,M1,25,False,0.9375,0.9629629629629631,0.0,1.0,1.0,4.5625,16
hiba,17,0.15,M2,223,False,0.911504424778761,0.9021739130434783,0.0,1.0,1.0,4.946902654867257,113
hiba,17,0.15,M3,23,False,1.0,1.0,0.0,1.0,1.0,5.75,12
pad,17,0.05,B,25,False,0.9375,0.9285714285714286,,1.0,1.0,5.4375,16
pad,17,0.05,M1,26,False,0.95,0.9642857142857143,0.0,1.0,1.0,5.7,20
pad,17,0.05,M2,157,False,0.9763313609467456,0.9791666666666666,0.0,1.0,1.0,5.727810650887574,169
pad,17,0.05,M3,70,False,0.9210526315789473,0.915,0.0,1.0,1.0,5.473684210526316,76
pad,17,0.05,M4,8,True,1.0,1.0,0.0,1.0,1.0,6.090909090909091,11
pad,17,0.05,M5,5,True,,,,,,,0
pad,17,0.1,B,25,False,0.875,0.8571428571428571,,1.0,1.0,4.375,16
pad,17,0.1,M1,26,False,0.8,0.869047619047619,0.0,1.0,1.0,4.7,20
pad,17,0.1,M2,157,False,0.9112426035502958,0.925595238095238,0.0,1.0,1.0,4.781065088757397,169
pad,17,0.1,M3,70,False,0.8421052631578947,0.85,0.0,1.0,1.0,4.644736842105263,76
pad,17,0.1,M4,8,True,1.0,1.0,0.0,1.0,1.0,5.7272727272727275,11
pad,17,0.1,M5,5,True,,,,,,,0
pad,17,0.15,B,25,False,0.75,0.7142857142857143,,1.0,1.0,3.75,16
pad,17,0.15,M1,26,False,0.75,0.8333333333333333,0.0,1.0,1.0,3.95,20
pad,17,0.15,M2,157,False,0.8461538461538461,0.8742559523809523,0.0,1.0,1.0,4.284023668639053,169
pad,17,0.15,M3,70,False,0.7894736842105263,0.79,0.0,1.0,1.0,4.276315789473684,76
pad,17,0.15,M4,8,False,0.9090909090909091,0.8888888888888888,0.0,1.0,1.0,4.818181818181818,11
pad,17,0.15,M5,5,True,,,,,,,0
hiba,18,0.05,B,170,False,1.0,1.0,,1.0,1.0,6.417989417989418,189
hiba,18,0.05,M1,23,False,1.0,1.0,0.0,1.0,1.0,6.954545454545454,22
hiba,18,0.05,M2,217,False,1.0,1.0,0.0,1.0,1.0,7.376,125
hiba,18,0.05,M3,24,False,1.0,1.0,0.0,1.0,1.0,7.454545454545454,11
hiba,18,0.1,B,170,False,0.9629629629629629,0.9264705882352942,,0.9947089947089947,0.9991349480968857,4.26984126984127,189
hiba,18,0.1,M1,23,False,0.9090909090909091,0.9242424242424242,0.0,1.0,1.0,4.409090909090909,22
hiba,18,0.1,M2,217,False,0.952,0.9557823129251701,0.0,1.0,1.0,5.328,125
hiba,18,0.1,M3,24,False,1.0,1.0,0.0,1.0,1.0,5.545454545454546,11
hiba,18,0.15,B,170,False,0.9153439153439153,0.8481617647058824,,0.9841269841269841,0.9960712226066898,3.5978835978835977,189
hiba,18,0.15,M1,23,False,0.9090909090909091,0.9242424242424242,0.0,1.0,1.0,3.727272727272727,22
hiba,18,0.15,M2,217,False,0.896,0.8894557823129252,0.0,1.0,1.0,4.704,125
hiba,18,0.15,M3,24,False,1.0,1.0,0.0,1.0,1.0,5.2727272727272725,11
pad,18,0.05,B,22,False,0.9444444444444444,0.9411764705882353,,1.0,1.0,5.277777777777778,18
pad,18,0.05,M1,31,False,0.9473684210526315,0.8888888888888888,0.0,1.0,1.0,5.2105263157894735,19
pad,18,0.05,M2,154,False,0.9041916167664671,0.9043478260869565,0.0,1.0,1.0,5.263473053892215,167
pad,18,0.05,M3,70,False,0.9871794871794872,0.99,0.0,1.0,1.0,5.782051282051282,78
pad,18,0.05,M4,10,True,1.0,1.0,0.0,1.0,1.0,6.333333333333333,9
pad,18,0.05,M5,4,True,1.0,1.0,0.0,1.0,1.0,6.0,1
pad,18,0.1,B,22,False,0.9444444444444444,0.9411764705882353,,1.0,1.0,4.944444444444445,18
pad,18,0.1,M1,31,False,0.9473684210526315,0.8888888888888888,0.0,1.0,1.0,4.421052631578948,19
pad,18,0.1,M2,154,False,0.7844311377245509,0.7869565217391304,0.0,1.0,1.0,4.676646706586826,167
pad,18,0.1,M3,70,False,0.9743589743589743,0.97,0.0,1.0,1.0,5.4743589743589745,78
pad,18,0.1,M4,10,False,1.0,1.0,0.0,1.0,1.0,6.111111111111111,9
pad,18,0.1,M5,4,True,1.0,1.0,0.0,1.0,1.0,6.0,1
pad,18,0.15,B,22,False,0.8888888888888888,0.8823529411764706,,1.0,1.0,4.388888888888889,18
pad,18,0.15,M1,31,False,0.8947368421052632,0.7777777777777778,0.0,1.0,1.0,3.789473684210526,19
pad,18,0.15,M2,154,False,0.7005988023952096,0.7072463768115943,0.0,1.0,1.0,4.023952095808383,167
pad,18,0.15,M3,70,False,0.8974358974358975,0.87,0.0,1.0,1.0,4.653846153846154,78
pad,18,0.15,M4,10,False,1.0,1.0,0.0,1.0,1.0,5.555555555555555,9
pad,18,0.15,M5,4,True,1.0,1.0,0.0,1.0,1.0,6.0,1
hiba,19,0.05,B,164,False,0.9779411764705882,0.9774774774774776,,1.0,1.0,5.919117647058823,136
hiba,19,0.05,M1,23,False,0.9333333333333333,0.9090909090909091,0.0,1.0,1.0,5.333333333333333,15
hiba,19,0.05,M2,224,False,0.9652173913043478,0.9615384615384616,0.0,1.0,1.0,6.582608695652174,115
hiba,19,0.05,M3,26,False,1.0,1.0,0.0,1.0,1.0,7.0,8
hiba,19,0.1,B,164,False,0.9558823529411765,0.9481981981981981,,0.9926470588235294,0.9977477477477477,4.264705882352941,136
hiba,19,0.1,M1,23,False,0.8666666666666667,0.8181818181818182,0.0,1.0,1.0,4.0,15
hiba,19,0.1,M2,224,False,0.9391304347826087,0.9413919413919415,0.0,1.0,1.0,5.28695652173913,115
hiba,19,0.1,M3,26,False,1.0,1.0,0.0,1.0,1.0,6.25,8
hiba,19,0.15,B,164,False,0.9485294117647058,0.9436936936936936,,0.9705882352941176,0.9887387387387386,3.7205882352941178,136
hiba,19,0.15,M1,23,False,0.8,0.7878787878787878,0.0,1.0,1.0,3.3333333333333335,15
hiba,19,0.15,M2,224,False,0.8782608695652174,0.8754578754578755,0.0,1.0,1.0,4.747826086956522,115
hiba,19,0.15,M3,26,False,0.875,0.875,0.0,1.0,1.0,5.25,8
pad,19,0.05,B,21,False,1.0,1.0,,1.0,1.0,5.545454545454546,22
pad,19,0.05,M1,22,False,0.9666666666666667,0.9814814814814815,0.0,1.0,1.0,5.6,30
pad,19,0.05,M2,183,False,0.9629629629629629,0.9718992248062016,0.0,1.0,1.0,5.651851851851852,135
pad,19,0.05,M3,69,False,0.9605263157894737,0.9509803921568627,0.0,1.0,1.0,5.552631578947368,76
pad,19,0.05,M4,12,True,1.0,1.0,0.0,1.0,1.0,6.285714285714286,7
pad,19,0.05,M5,3,True,1.0,1.0,0.0,1.0,1.0,6.0,2
pad,19,0.1,B,21,False,0.9090909090909091,0.8888888888888888,,1.0,1.0,4.318181818181818,22
pad,19,0.1,M1,22,False,0.9,0.949074074074074,0.0,1.0,1.0,4.733333333333333,30
pad,19,0.1,M2,183,False,0.8592592592592593,0.8546511627906976,0.0,1.0,1.0,4.651851851851852,135
pad,19,0.1,M3,69,False,0.881578947368421,0.9019607843137255,0.0,1.0,1.0,4.815789473684211,76
pad,19,0.1,M4,12,False,1.0,1.0,0.0,1.0,1.0,5.571428571428571,7
pad,19,0.1,M5,3,True,1.0,1.0,0.0,1.0,1.0,6.0,2
pad,19,0.15,B,21,False,0.8636363636363636,0.8333333333333334,,1.0,1.0,4.136363636363637,22
pad,19,0.15,M1,22,False,0.8666666666666667,0.9212962962962963,0.0,1.0,1.0,4.233333333333333,30
pad,19,0.15,M2,183,False,0.8148148148148148,0.820736434108527,0.0,1.0,1.0,4.303703703703704,135
pad,19,0.15,M3,69,False,0.868421052631579,0.8823529411764706,0.0,1.0,1.0,4.7105263157894735,76
pad,19,0.15,M4,12,False,1.0,1.0,0.0,1.0,1.0,5.428571428571429,7
pad,19,0.15,M5,3,True,1.0,1.0,0.0,1.0,1.0,6.0,2
hiba,20,0.05,B,162,False,0.9791666666666666,0.9539473684210527,,1.0,1.0,6.161458333333333,192
hiba,20,0.05,M1,29,False,1.0,1.0,0.0,1.0,1.0,6.75,8
hiba,20,0.05,M2,216,False,0.992,0.98989898989899,0.0,1.0,1.0,6.656,125
hiba,20,0.05,M3,25,False,1.0,1.0,0.0,1.0,1.0,6.666666666666667,9
hiba,20,0.1,B,162,False,0.9479166666666666,0.875,,0.9947916666666666,0.993421052631579,4.34375,192
hiba,20,0.1,M1,29,False,1.0,1.0,0.0,1.0,1.0,5.5,8
hiba,20,0.1,M2,216,False,0.952,0.9444444444444444,0.0,1.0,1.0,5.128,125
hiba,20,0.1,M3,25,False,1.0,1.0,0.0,1.0,1.0,5.888888888888889,9
hiba,20,0.15,B,162,False,0.9114583333333334,0.8081140350877193,,0.9895833333333334,0.992872807017544,3.6770833333333335,192
hiba,20,0.15,M1,29,False,1.0,1.0,0.0,1.0,1.0,4.75,8
hiba,20,0.15,M2,216,False,0.936,0.9292929292929293,0.0,1.0,1.0,4.64,125
hiba,20,0.15,M3,25,False,0.8888888888888888,0.8888888888888888,0.0,1.0,1.0,5.333333333333333,9
pad,20,0.05,B,25,False,1.0,1.0,,1.0,1.0,4.888888888888889,18
pad,20,0.05,M1,27,False,0.96,0.9743589743589743,0.0,1.0,1.0,5.6,25
pad,20,0.05,M2,167,False,0.918918918918919,0.9256535947712418,0.0,1.0,1.0,5.324324324324325,148
pad,20,0.05,M3,77,False,1.0,1.0,0.0,1.0,1.0,5.661538461538462,65
pad,20,0.05,M4,8,True,1.0,1.0,0.0,1.0,1.0,6.1,10
pad,20,0.05,M5,4,True,1.0,1.0,0.0,1.0,1.0,6.0,1
pad,20,0.1,B,25,False,1.0,1.0,,1.0,1.0,4.444444444444445,18
pad,20,0.1,M1,27,False,0.96,0.9743589743589743,0.0,1.0,1.0,5.6,25
pad,20,0.1,M2,167,False,0.8918918918918919,0.8962418300653594,0.0,1.0,1.0,5.162162162162162,148
pad,20,0.1,M3,77,False,0.9384615384615385,0.9186046511627907,0.0,1.0,1.0,5.246153846153846,65
pad,20,0.1,M4,8,True,1.0,1.0,0.0,1.0,1.0,6.1,10
pad,20,0.1,M5,4,True,1.0,1.0,0.0,1.0,1.0,6.0,1
pad,20,0.15,B,25,False,0.9444444444444444,0.9285714285714286,,1.0,1.0,3.388888888888889,18
pad,20,0.15,M1,27,False,0.84,0.8333333333333333,0.0,1.0,1.0,4.48,25
pad,20,0.15,M2,167,False,0.8243243243243243,0.8259803921568627,0.0,1.0,1.0,4.425675675675675,148
pad,20,0.15,M3,77,False,0.8769230769230769,0.8488372093023255,0.0,1.0,1.0,4.538461538461538,65
pad,20,0.15,M4,8,False,0.8,0.8333333333333334,0.0,1.0,1.0,5.2,10
pad,20,0.15,M5,4,True,1.0,1.0,0.0,1.0,1.0,6.0,1
hiba,21,0.05,B,169,False,0.9583333333333334,0.9541062801932368,,1.0,1.0,5.75,120
hiba,21,0.05,M1,24,False,1.0,1.0,0.0,1.0,1.0,6.0,16
hiba,21,0.05,M2,218,False,0.957983193277311,0.9536082474226805,0.0,1.0,1.0,6.369747899159663,119
hiba,21,0.05,M3,24,False,1.0,1.0,0.0,1.0,1.0,6.5,18
hiba,21,0.1,B,169,False,0.8833333333333333,0.8526570048309178,,0.9916666666666667,0.9927536231884058,4.133333333333334,120
hiba,21,0.1,M1,24,False,0.9375,0.9666666666666668,0.0,1.0,1.0,4.0,16
hiba,21,0.1,M2,218,False,0.8823529411764706,0.8728522336769758,0.0,1.0,1.0,4.899159663865547,119
hiba,21,0.1,M3,24,False,1.0,1.0,0.0,1.0,1.0,4.888888888888889,18
hiba,21,0.15,B,169,False,0.85,0.8055555555555555,,0.975,0.9734299516908211,3.4833333333333334,120
hiba,21,0.15,M1,24,False,0.9375,0.9666666666666668,0.0,1.0,1.0,3.5625,16
hiba,21,0.15,M2,218,False,0.8235294117647058,0.8209621993127149,0.01680672268907563,0.9831932773109243,0.9914089347079038,4.1344537815126055,119
hiba,21,0.15,M3,24,False,0.8888888888888888,0.8666666666666668,0.0,1.0,1.0,4.277777777777778,18
pad,21,0.05,B,21,False,1.0,1.0,,1.0,1.0,5.5,20
pad,21,0.05,M1,24,False,1.0,1.0,0.0,1.0,1.0,5.923076923076923,26
pad,21,0.05,M2,160,False,0.9605263157894737,0.9617737003058103,0.0,1.0,1.0,5.6118421052631575,152
pad,21,0.05,M3,72,False,0.971830985915493,0.96875,0.0,1.0,1.0,5.661971830985915,71
pad,21,0.05,M4,9,True,1.0,1.0,0.0,1.0,1.0,6.0,8
pad,21,0.05,M5,3,True,1.0,1.0,0.0,1.0,1.0,6.333333333333333,3
pad,21,0.1,B,21,False,0.95,0.9444444444444444,,1.0,1.0,4.65,20
pad,21,0.1,M1,24,False,0.8846153846153846,0.9322916666666666,0.0,1.0,1.0,5.230769230769231,26
pad,21,0.1,M2,160,False,0.9210526315789473,0.929663608562691,0.0,1.0,1.0,5.125,152
pad,21,0.1,M3,72,False,0.8591549295774648,0.8645833333333334,0.0,1.0,1.0,5.042253521126761,71
pad,21,0.1,M4,9,False,1.0,1.0,0.0,1.0,1.0,6.0,8
pad,21,0.1,M5,3,True,1.0,1.0,0.0,1.0,1.0,6.333333333333333,3
pad,21,0.15,B,21,False,0.95,0.9444444444444444,,1.0,1.0,4.25,20
pad,21,0.15,M1,24,False,0.8846153846153846,0.9322916666666666,0.0,1.0,1.0,4.730769230769231,26
pad,21,0.15,M2,160,False,0.8486842105263158,0.8654434250764527,0.0,1.0,1.0,4.453947368421052,152
pad,21,0.15,M3,72,False,0.8450704225352113,0.84375,0.0,1.0,1.0,4.605633802816901,71
pad,21,0.15,M4,9,False,1.0,1.0,0.0,1.0,1.0,5.75,8
pad,21,0.15,M5,3,True,1.0,1.0,0.0,1.0,1.0,6.0,3
hiba,22,0.05,B,161,False,0.9836956521739131,0.9707792207792207,,1.0,1.0,5.891304347826087,184
hiba,22,0.05,M1,23,False,1.0,1.0,0.0,1.0,1.0,6.6,20
hiba,22,0.05,M2,228,False,0.9292035398230089,0.9396551724137931,0.0,1.0,1.0,6.398230088495575,113
hiba,22,0.05,M3,22,False,1.0,1.0,0.0,1.0,1.0,6.666666666666667,18
hiba,22,0.1,B,161,False,0.9510869565217391,0.9188311688311688,,1.0,1.0,4.4728260869565215,184
hiba,22,0.1,M1,23,False,1.0,1.0,0.0,1.0,1.0,5.15,20
hiba,22,0.1,M2,228,False,0.8849557522123894,0.896551724137931,0.0,1.0,1.0,5.247787610619469,113
hiba,22,0.1,M3,22,False,1.0,1.0,0.0,1.0,1.0,5.166666666666667,18
hiba,22,0.15,B,161,False,0.9239130434782609,0.8901515151515152,,0.967391304347826,0.9713203463203464,3.8097826086956523,184
hiba,22,0.15,M1,23,False,1.0,1.0,0.0,1.0,1.0,4.05,20
hiba,22,0.15,M2,228,False,0.8495575221238938,0.8697318007662835,0.0,1.0,1.0,4.84070796460177,113
hiba,22,0.15,M3,22,False,1.0,1.0,0.0,1.0,1.0,4.888888888888889,18
pad,22,0.05,B,24,False,1.0,1.0,,1.0,1.0,5.5,18
pad,22,0.05,M1,25,False,1.0,1.0,0.0,1.0,1.0,5.85,20
pad,22,0.05,M2,160,False,0.9805194805194806,0.9847094801223241,0.0,1.0,1.0,5.883116883116883,154
pad,22,0.05,M3,69,False,0.974025974025974,0.9705882352941176,0.0,1.0,1.0,5.64935064935065,77
pad,22,0.05,M4,10,True,1.0,1.0,0.0,1.0,1.0,6.333333333333333,9
pad,22,0.05,M5,2,True,1.0,1.0,0.0,1.0,1.0,6.0,3
pad,22,0.1,B,24,False,1.0,1.0,,1.0,1.0,4.333333333333333,18
pad,22,0.1,M1,25,False,0.7,0.7333333333333333,0.0,1.0,1.0,4.55,20
pad,22,0.1,M2,160,False,0.9285714285714286,0.948012232415902,0.0,1.0,1.0,5.3896103896103895,154
pad,22,0.1,M3,69,False,0.9090909090909091,0.9215686274509803,0.0,1.0,1.0,5.3896103896103895,77
pad,22,0.1,M4,10,False,0.8888888888888888,0.8571428571428571,0.0,1.0,1.0,5.777777777777778,9
pad,22,0.1,M5,2,True,1.0,1.0,0.0,1.0,1.0,6.0,3
pad,22,0.15,B,24,False,0.9444444444444444,0.9333333333333333,,1.0,1.0,3.8333333333333335,18
pad,22,0.15,M1,25,False,0.65,0.7,0.0,1.0,1.0,3.75,20
pad,22,0.15,M2,160,False,0.8766233766233766,0.9051987767584097,0.0,1.0,1.0,4.5064935064935066,154
pad,22,0.15,M3,69,False,0.9090909090909091,0.9215686274509803,0.0,1.0,1.0,4.87012987012987,77
pad,22,0.15,M4,10,False,0.8888888888888888,0.8571428571428571,0.0,1.0,1.0,5.0,9
pad,22,0.15,M5,2,True,1.0,1.0,0.0,1.0,1.0,6.0,3
hiba,23,0.05,B,161,False,0.9854014598540146,0.9805194805194806,,1.0,1.0,6.364963503649635,137
hiba,23,0.05,M1,25,False,1.0,1.0,0.0,1.0,1.0,7.052631578947368,19
hiba,23,0.05,M2,223,False,0.9553571428571429,0.9456521739130435,0.0,1.0,1.0,6.723214285714286,112
hiba,23,0.05,M3,27,False,1.0,1.0,0.0,1.0,1.0,6.5,8
hiba,23,0.1,B,161,False,0.9562043795620438,0.935064935064935,,0.9927007299270073,0.997835497835498,4.708029197080292,137
hiba,23,0.1,M1,25,False,1.0,1.0,0.0,1.0,1.0,6.315789473684211,19
hiba,23,0.1,M2,223,False,0.8482142857142857,0.8315217391304348,0.0,1.0,1.0,5.25,112
hiba,23,0.1,M3,27,False,1.0,1.0,0.0,1.0,1.0,6.125,8
hiba,23,0.15,B,161,False,0.9343065693430657,0.9112554112554113,,0.9708029197080292,0.9696969696969696,3.7664233576642334,137
hiba,23,0.15,M1,25,False,0.9473684210526315,0.9777777777777779,0.0,1.0,1.0,4.157894736842105,19
hiba,23,0.15,M2,223,False,0.8303571428571429,0.8239130434782609,0.0,1.0,1.0,4.598214285714286,112
hiba,23,0.15,M3,27,False,0.875,0.8571428571428571,0.0,1.0,1.0,5.25,8
pad,23,0.05,B,27,False,1.0,1.0,,1.0,1.0,5.538461538461538,13
pad,23,0.05,M1,24,False,0.9230769230769231,0.9166666666666666,0.0,1.0,1.0,5.230769230769231,26
pad,23,0.05,M2,150,False,0.8922155688622755,0.9054621848739496,0.0,1.0,1.0,5.107784431137724,167
pad,23,0.05,M3,71,False,1.0,1.0,0.0,1.0,1.0,5.71875,64
pad,23,0.05,M4,11,True,1.0,1.0,0.0,1.0,1.0,6.125,8
pad,23,0.05,M5,2,True,1.0,1.0,0.0,1.0,1.0,6.0,3
pad,23,0.1,B,27,False,1.0,1.0,,1.0,1.0,4.923076923076923,13
pad,23,0.1,M1,24,False,0.9230769230769231,0.9166666666666666,0.0,1.0,1.0,5.076923076923077,26
pad,23,0.1,M2,150,False,0.8323353293413174,0.8494397759103641,0.0,1.0,1.0,4.766467065868263,167
pad,23,0.1,M3,71,False,0.9375,0.9438775510204082,0.0,1.0,1.0,5.4375,64
pad,23,0.1,M4,11,False,1.0,1.0,0.0,1.0,1.0,6.125,8
pad,23,0.1,M5,2,True,1.0,1.0,0.0,1.0,1.0,6.0,3
pad,23,0.15,B,27,False,1.0,1.0,,1.0,1.0,4.461538461538462,13
pad,23,0.15,M1,24,False,0.8076923076923077,0.7604166666666666,0.0,1.0,1.0,4.038461538461538,26
pad,23,0.15,M2,150,False,0.8023952095808383,0.8214285714285714,0.0,1.0,1.0,4.275449101796407,167
pad,23,0.15,M3,71,False,0.84375,0.8469387755102041,0.0,1.0,1.0,4.4375,64
pad,23,0.15,M4,11,False,1.0,1.0,0.0,1.0,1.0,5.75,8
pad,23,0.15,M5,2,True,1.0,1.0,0.0,1.0,1.0,6.0,3
hiba,24,0.05,B,163,False,0.9404761904761905,0.9033333333333333,,1.0,1.0,5.208333333333333,168
hiba,24,0.05,M1,25,False,0.9166666666666666,0.8888888888888888,0.0,1.0,1.0,5.583333333333333,12
hiba,24,0.05,M2,226,False,0.9107142857142857,0.9185393258426966,0.0,1.0,1.0,5.946428571428571,112
hiba,24,0.05,M3,24,False,1.0,1.0,0.0,1.0,1.0,6.090909090909091,11
hiba,24,0.1,B,163,False,0.9285714285714286,0.8855555555555554,,0.9940476190476191,0.9977777777777778,4.315476190476191,168
hiba,24,0.1,M1,25,False,0.9166666666666666,0.8888888888888888,0.0,1.0,1.0,4.25,12
hiba,24,0.1,M2,226,False,0.8660714285714286,0.8707865168539326,0.0,1.0,1.0,5.142857142857143,112
hiba,24,0.1,M3,24,False,1.0,1.0,0.0,1.0,1.0,5.545454545454546,11
hiba,24,0.15,B,163,False,0.8571428571428571,0.7794871794871794,,0.9107142857142857,0.9692735042735042,3.107142857142857,168
hiba,24,0.15,M1,25,False,0.8333333333333334,0.8333333333333334,0.0,1.0,1.0,3.0,12
hiba,24,0.15,M2,226,False,0.8392857142857143,0.8370786516853933,0.0,1.0,1.0,4.267857142857143,112
hiba,24,0.15,M3,24,False,0.6363636363636364,0.6,0.0,1.0,1.0,3.4545454545454546,11
pad,24,0.05,B,28,False,0.9166666666666666,0.9090909090909091,,1.0,1.0,5.583333333333333,12
pad,24,0.05,M1,22,False,0.9642857142857143,0.9722222222222222,0.0,1.0,1.0,5.642857142857143,28
pad,24,0.05,M2,149,False,0.9347826086956522,0.9347222222222221,0.0,1.0,1.0,5.413043478260869,184
pad,24,0.05,M3,76,False,1.0,1.0,0.0,1.0,1.0,5.590163934426229,61
pad,24,0.05,M4,12,True,1.0,1.0,0.0,1.0,1.0,6.0,5
pad,24,0.05,M5,2,True,1.0,1.0,0.0,1.0,1.0,6.25,4
pad,24,0.1,B,28,False,0.9166666666666666,0.9090909090909091,,1.0,1.0,4.916666666666667,12
pad,24,0.1,M1,22,False,0.75,0.8009259259259259,0.0,1.0,1.0,4.535714285714286,28
pad,24,0.1,M2,149,False,0.907608695652174,0.9076388888888888,0.0,1.0,1.0,5.065217391304348,184
pad,24,0.1,M3,76,False,0.9672131147540983,0.9659090909090909,0.0,1.0,1.0,5.344262295081967,61
pad,24,0.1,M4,12,False,1.0,1.0,0.0,1.0,1.0,6.0,5
pad,24,0.1,M5,2,True,1.0,1.0,0.0,1.0,1.0,6.25,4
pad,24,0.15,B,28,False,0.75,0.7272727272727273,,1.0,1.0,3.75,12
pad,24,0.15,M1,22,False,0.75,0.8009259259259259,0.0,1.0,1.0,3.9285714285714284,28
pad,24,0.15,M2,149,False,0.8532608695652174,0.8638888888888888,0.0,1.0,1.0,4.288043478260869,184
pad,24,0.15,M3,76,False,0.7540983606557377,0.7670454545454546,0.0,1.0,1.0,4.262295081967213,61
pad,24,0.15,M4,12,False,1.0,1.0,0.0,1.0,1.0,5.2,5
pad,24,0.15,M5,2,True,1.0,1.0,0.0,1.0,1.0,5.75,4
hiba,25,0.05,B,162,False,0.9841269841269841,0.9714912280701755,,1.0,1.0,6.026455026455026,189
hiba,25,0.05,M1,25,False,1.0,1.0,0.0,1.0,1.0,6.642857142857143,14
hiba,25,0.05,M2,224,False,0.9454545454545454,0.945054945054945,0.0,1.0,1.0,6.763636363636364,110
hiba,25,0.05,M3,26,False,1.0,1.0,0.0,1.0,1.0,6.777777777777778,9
hiba,25,0.1,B,162,False,0.9735449735449735,0.9561403508771928,,1.0,1.0,4.862433862433862,189
hiba,25,0.1,M1,25,False,1.0,1.0,0.0,1.0,1.0,5.071428571428571,14
hiba,25,0.1,M2,224,False,0.9090909090909091,0.9084249084249085,0.0,1.0,1.0,5.5636363636363635,110
hiba,25,0.1,M3,26,False,1.0,1.0,0.0,1.0,1.0,5.888888888888889,9
hiba,25,0.15,B,162,False,0.9682539682539683,0.9528508771929823,,0.9841269841269841,0.9919590643274854,3.8412698412698414,189
hiba,25,0.15,M1,25,False,1.0,1.0,0.0,1.0,1.0,4.0,14
hiba,25,0.15,M2,224,False,0.8909090909090909,0.891941391941392,0.0,1.0,1.0,4.836363636363636,110
hiba,25,0.15,M3,26,False,0.5555555555555556,0.5625,0.0,1.0,1.0,3.3333333333333335,9
pad,25,0.05,B,27,False,1.0,1.0,,1.0,1.0,5.0,13
pad,25,0.05,M1,26,False,0.9473684210526315,0.9285714285714286,0.0,1.0,1.0,5.157894736842105,19
pad,25,0.05,M2,168,False,0.9027777777777778,0.905940594059406,0.0,1.0,1.0,5.256944444444445,144
pad,25,0.05,M3,65,False,0.9873417721518988,0.9818181818181818,0.0,1.0,1.0,5.493670886075949,79
pad,25,0.05,M4,10,True,1.0,1.0,0.0,1.0,1.0,5.857142857142857,7
pad,25,0.05,M5,2,True,1.0,1.0,0.0,1.0,1.0,6.25,4
pad,25,0.1,B,27,False,0.9230769230769231,0.9166666666666666,,1.0,1.0,4.769230769230769,13
pad,25,0.1,M1,26,False,0.631578947368421,0.6428571428571429,0.0,1.0,1.0,4.105263157894737,19
pad,25,0.1,M2,168,False,0.8194444444444444,0.8234323432343233,0.0,1.0,1.0,4.770833333333333,144
pad,25,0.1,M3,65,False,0.9746835443037974,0.9727272727272728,0.0,1.0,1.0,5.367088607594937,79
pad,25,0.1,M4,10,False,1.0,1.0,0.0,1.0,1.0,5.857142857142857,7
pad,25,0.1,M5,2,True,1.0,1.0,0.0,1.0,1.0,6.25,4
pad,25,0.15,B,27,False,0.6153846153846154,0.5833333333333334,,1.0,1.0,3.923076923076923,13
pad,25,0.15,M1,26,False,0.5789473684210527,0.6071428571428571,0.05263157894736842,0.9473684210526315,0.9642857142857143,2.6315789473684212,19
pad,25,0.15,M2,168,False,0.7569444444444444,0.754125412541254,0.0,1.0,1.0,3.9027777777777777,144
pad,25,0.15,M3,65,False,0.8607594936708861,0.8727272727272727,0.0,1.0,1.0,4.3164556962025316,79
pad,25,0.15,M4,10,False,1.0,1.0,0.0,1.0,1.0,5.285714285714286,7
pad,25,0.15,M5,2,True,1.0,1.0,0.0,1.0,1.0,5.5,4
hiba,26,0.05,B,161,False,0.9758064516129032,0.9383116883116883,,1.0,1.0,5.794354838709677,248
hiba,26,0.05,M1,24,False,1.0,1.0,0.0,1.0,1.0,6.470588235294118,17
hiba,26,0.05,M2,220,False,0.9457364341085271,0.9552631578947368,0.0,1.0,1.0,6.325581395348837,129
hiba,26,0.05,M3,28,False,1.0,1.0,0.0,1.0,1.0,6.181818181818182,11
hiba,26,0.1,B,161,False,0.9475806451612904,0.8831168831168831,,0.9959677419354839,0.9974025974025974,4.399193548387097,248
hiba,26,0.1,M1,24,False,1.0,1.0,0.0,1.0,1.0,5.117647058823529,17
hiba,26,0.1,M2,220,False,0.9147286821705426,0.9263157894736842,0.0,1.0,1.0,5.162790697674419,129
hiba,26,0.1,M3,28,False,1.0,1.0,0.0,1.0,1.0,5.0,11
hiba,26,0.15,B,161,False,0.8951612903225806,0.8035650623885917,,0.9959677419354839,0.9994588744588746,3.439516129032258,248
hiba,26,0.15,M1,24,False,1.0,1.0,0.0,1.0,1.0,3.6470588235294117,17
hiba,26,0.15,M2,220,False,0.8682170542635659,0.868421052631579,0.0,1.0,1.0,4.434108527131783,129
hiba,26,0.15,M3,28,False,1.0,1.0,0.0,1.0,1.0,4.090909090909091,11
pad,26,0.05,B,29,False,1.0,1.0,,1.0,1.0,6.071428571428571,14
pad,26,0.05,M1,24,False,0.9642857142857143,0.9791666666666666,0.0,1.0,1.0,5.5,28
pad,26,0.05,M2,150,False,0.9884393063583815,0.9873949579831933,0.0,1.0,1.0,5.809248554913295,173
pad,26,0.05,M3,77,False,0.9836065573770492,0.9883720930232558,0.0,1.0,1.0,5.655737704918033,61
pad,26,0.05,M4,9,True,1.0,1.0,0.0,1.0,1.0,6.2727272727272725,11
pad,26,0.05,M5,3,True,1.0,1.0,0.0,1.0,1.0,6.0,2
pad,26,0.1,B,29,False,1.0,1.0,,1.0,1.0,4.857142857142857,14
pad,26,0.1,M1,24,False,0.8928571428571429,0.8958333333333333,0.0,1.0,1.0,4.964285714285714,28
pad,26,0.1,M2,150,False,0.9364161849710982,0.9453781512605041,0.0,1.0,1.0,5.219653179190751,173
pad,26,0.1,M3,77,False,0.9180327868852459,0.9186046511627907,0.0,1.0,1.0,5.180327868852459,61
pad,26,0.1,M4,9,False,1.0,1.0,0.0,1.0,1.0,6.090909090909091,11
pad,26,0.1,M5,3,True,1.0,1.0,0.0,1.0,1.0,6.0,2
pad,26,0.15,B,29,False,0.9285714285714286,0.9,,1.0,1.0,4.071428571428571,14
pad,26,0.15,M1,24,False,0.8571428571428571,0.8645833333333333,0.0,1.0,1.0,4.142857142857143,28
pad,26,0.15,M2,150,False,0.8728323699421965,0.8851540616246498,0.0,1.0,1.0,4.468208092485549,173
pad,26,0.15,M3,77,False,0.9180327868852459,0.9186046511627907,0.0,1.0,1.0,4.639344262295082,61
pad,26,0.15,M4,9,False,1.0,1.0,0.0,1.0,1.0,5.545454545454546,11
pad,26,0.15,M5,3,True,1.0,1.0,0.0,1.0,1.0,6.0,2
hiba,27,0.05,B,166,False,0.9881422924901185,0.9756944444444444,,1.0,1.0,5.826086956521739,253
hiba,27,0.05,M1,27,False,1.0,1.0,0.0,1.0,1.0,6.8125,16
hiba,27,0.05,M2,220,False,0.875,0.8894736842105263,0.0,1.0,1.0,6.358333333333333,120
hiba,27,0.05,M3,24,False,1.0,1.0,0.0,1.0,1.0,7.3,10
hiba,27,0.1,B,166,False,0.9446640316205533,0.8761574074074074,,0.9960474308300395,0.9976851851851853,4.019762845849803,253
hiba,27,0.1,M1,27,False,1.0,1.0,0.0,1.0,1.0,4.8125,16
hiba,27,0.1,M2,220,False,0.8,0.8052631578947368,0.0,1.0,1.0,4.766666666666667,120
hiba,27,0.1,M3,24,False,1.0,1.0,0.0,1.0,1.0,5.5,10
hiba,27,0.15,B,166,False,0.9209486166007905,0.8287037037037037,,0.9644268774703557,0.9696759259259259,3.2885375494071147,253
hiba,27,0.15,M1,27,False,0.875,0.9238095238095239,0.0,1.0,1.0,3.5,16
hiba,27,0.15,M2,220,False,0.725,0.7438596491228069,0.016666666666666666,0.9833333333333333,0.9912280701754387,4.008333333333334,120
hiba,27,0.15,M3,24,False,1.0,1.0,0.0,1.0,1.0,5.3,10
pad,27,0.05,B,20,False,1.0,1.0,,1.0,1.0,5.318181818181818,22
pad,27,0.05,M1,23,False,1.0,1.0,0.0,1.0,1.0,5.766666666666667,30
pad,27,0.05,M2,166,False,0.9315068493150684,0.9522653721682849,0.0,1.0,1.0,5.424657534246576,146
pad,27,0.05,M3,69,False,0.948051948051948,0.9558823529411765,0.0,1.0,1.0,5.415584415584416,77
pad,27,0.05,M4,11,True,1.0,1.0,0.0,1.0,1.0,6.166666666666667,6
pad,27,0.05,M5,3,True,1.0,1.0,0.0,1.0,1.0,6.0,2
pad,27,0.1,B,20,False,1.0,1.0,,1.0,1.0,4.681818181818182,22
pad,27,0.1,M1,23,False,1.0,1.0,0.0,1.0,1.0,5.7,30
pad,27,0.1,M2,166,False,0.863013698630137,0.8794498381877022,0.0,1.0,1.0,5.02054794520548,146
pad,27,0.1,M3,69,False,0.8311688311688312,0.8627450980392157,0.0,1.0,1.0,4.857142857142857,77
pad,27,0.1,M4,11,False,1.0,1.0,0.0,1.0,1.0,6.166666666666667,6
pad,27,0.1,M5,3,True,1.0,1.0,0.0,1.0,1.0,6.0,2
pad,27,0.15,B,20,False,0.9090909090909091,0.8947368421052632,,1.0,1.0,4.2272727272727275,22
pad,27,0.15,M1,23,False,0.9,0.9068627450980392,0.0,1.0,1.0,4.333333333333333,30
pad,27,0.15,M2,166,False,0.8424657534246576,0.855177993527508,0.0,1.0,1.0,4.328767123287672,146
pad,27,0.15,M3,69,False,0.8051948051948052,0.8333333333333334,0.0,1.0,1.0,4.324675324675325,77
pad,27,0.15,M4,11,False,1.0,1.0,0.0,1.0,1.0,5.5,6
pad,27,0.15,M5,3,True,1.0,1.0,0.0,1.0,1.0,6.0,2
hiba,28,0.05,B,171,False,0.98,0.9776119402985075,,1.0,1.0,6.38,150
hiba,28,0.05,M1,19,False,1.0,1.0,0.0,1.0,1.0,6.5,24
hiba,28,0.05,M2,219,False,0.983739837398374,0.9791666666666666,0.0,1.0,1.0,6.804878048780488,123
hiba,28,0.05,M3,26,False,1.0,1.0,0.0,1.0,1.0,6.6875,16
hiba,28,0.1,B,171,False,0.9666666666666667,0.9477611940298507,,1.0,1.0,5.073333333333333,150
hiba,28,0.1,M1,19,False,0.9166666666666666,0.9444444444444445,0.0,1.0,1.0,4.583333333333333,24
hiba,28,0.1,M2,219,False,0.926829268292683,0.9288194444444445,0.0,1.0,1.0,5.788617886178862,123
hiba,28,0.1,M3,26,False,1.0,1.0,0.0,1.0,1.0,5.875,16
hiba,28,0.15,B,171,False,0.92,0.8644278606965174,,0.9933333333333333,0.9991220368744512,3.98,150
hiba,28,0.15,M1,19,False,0.8333333333333334,0.888888888888889,0.0,1.0,1.0,3.25,24
hiba,28,0.15,M2,219,False,0.8861788617886179,0.8819444444444445,0.0,1.0,1.0,4.878048780487805,123
hiba,28,0.15,M3,26,False,0.9375,0.9583333333333334,0.0,1.0,1.0,4.8125,16
pad,28,0.05,B,21,False,1.0,1.0,,1.0,1.0,5.5,22
pad,28,0.05,M1,26,False,0.9583333333333334,0.9642857142857143,0.0,1.0,1.0,5.75,24
pad,28,0.05,M2,153,False,0.9371428571428572,0.9439655172413793,0.0,1.0,1.0,5.651428571428571,175
pad,28,0.05,M3,67,False,0.9459459459459459,0.9386792452830188,0.0,1.0,1.0,5.378378378378378,74
pad,28,0.05,M4,10,True,1.0,1.0,0.0,1.0,1.0,6.125,8
pad,28,0.05,M5,2,True,1.0,1.0,0.0,1.0,1.0,6.25,4
pad,28,0.1,B,21,False,0.9545454545454546,0.9444444444444444,,1.0,1.0,4.818181818181818,22
pad,28,0.1,M1,26,False,0.7083333333333334,0.744047619047619,0.0,1.0,1.0,4.541666666666667,24
pad,28,0.1,M2,153,False,0.8971428571428571,0.9066091954022988,0.0,1.0,1.0,5.177142857142857,175
pad,28,0.1,M3,67,False,0.8648648648648649,0.8584905660377359,0.0,1.0,1.0,4.675675675675675,74
pad,28,0.1,M4,10,False,1.0,1.0,0.0,1.0,1.0,6.125,8
pad,28,0.1,M5,2,True,1.0,1.0,0.0,1.0,1.0,6.25,4
pad,28,0.15,B,21,False,0.9545454545454546,0.9444444444444444,,1.0,1.0,4.181818181818182,22
pad,28,0.15,M1,26,False,0.7083333333333334,0.744047619047619,0.0,1.0,1.0,4.125,24
pad,28,0.15,M2,153,False,0.8628571428571429,0.8821839080459771,0.0,1.0,1.0,4.508571428571429,175
pad,28,0.15,M3,67,False,0.8108108108108109,0.8018867924528302,0.0,1.0,1.0,4.256756756756757,74
pad,28,0.15,M4,10,False,1.0,1.0,0.0,1.0,1.0,5.875,8
pad,28,0.15,M5,2,True,1.0,1.0,0.0,1.0,1.0,6.0,4
hiba,29,0.05,B,155,False,0.9713114754098361,0.9407630522088355,,1.0,1.0,6.102459016393443,244
hiba,29,0.05,M1,23,False,1.0,1.0,0.0,1.0,1.0,6.4,15
hiba,29,0.05,M2,231,False,0.963302752293578,0.9851190476190477,0.0,1.0,1.0,6.678899082568807,109
hiba,29,0.05,M3,20,False,1.0,1.0,0.0,1.0,1.0,6.722222222222222,18
hiba,29,0.1,B,155,False,0.9385245901639344,0.899598393574297,,1.0,1.0,4.545081967213115,244
hiba,29,0.1,M1,23,False,0.9333333333333333,0.9545454545454546,0.0,1.0,1.0,4.866666666666666,15
hiba,29,0.1,M2,231,False,0.8990825688073395,0.9345238095238095,0.0,1.0,1.0,5.385321100917431,109
hiba,29,0.1,M3,20,False,0.9444444444444444,0.9285714285714286,0.0,1.0,1.0,5.555555555555555,18
hiba,29,0.15,B,155,False,0.8975409836065574,0.8132530120481928,,1.0,1.0,3.651639344262295,244
hiba,29,0.15,M1,23,False,0.9333333333333333,0.9545454545454546,0.0,1.0,1.0,3.4,15
hiba,29,0.15,M2,231,False,0.8623853211009175,0.8988095238095238,0.0,1.0,1.0,4.6880733944954125,109
hiba,29,0.15,M3,20,False,0.8888888888888888,0.9047619047619049,0.0,1.0,1.0,4.944444444444445,18
pad,29,0.05,B,25,False,1.0,1.0,,1.0,1.0,5.555555555555555,18
pad,29,0.05,M1,24,False,1.0,1.0,0.0,1.0,1.0,5.75,24
pad,29,0.05,M2,158,False,0.9276315789473685,0.9421921921921922,0.0,1.0,1.0,5.421052631578948,152
pad,29,0.05,M3,65,False,0.9886363636363636,0.9954545454545455,0.0,1.0,1.0,5.590909090909091,88
pad,29,0.05,M4,7,True,1.0,1.0,0.0,1.0,1.0,6.181818181818182,11
pad,29,0.05,M5,3,True,1.0,1.0,0.0,1.0,1.0,6.0,2
pad,29,0.1,B,25,False,1.0,1.0,,1.0,1.0,4.611111111111111,18
pad,29,0.1,M1,24,False,0.7916666666666666,0.8385416666666666,0.0,1.0,1.0,4.75,24
pad,29,0.1,M2,158,False,0.875,0.8941441441441441,0.0,1.0,1.0,5.059210526315789,152
pad,29,0.1,M3,65,False,0.8636363636363636,0.8909090909090909,0.0,1.0,1.0,5.034090909090909,88
pad,29,0.1,M4,7,True,1.0,1.0,0.0,1.0,1.0,6.181818181818182,11
pad,29,0.1,M5,3,True,1.0,1.0,0.0,1.0,1.0,6.0,2
pad,29,0.15,B,25,False,0.9444444444444444,0.9285714285714286,,1.0,1.0,4.055555555555555,18
pad,29,0.15,M1,24,False,0.7916666666666666,0.8385416666666666,0.0,1.0,1.0,4.166666666666667,24
pad,29,0.15,M2,158,False,0.8289473684210527,0.8596096096096095,0.0,1.0,1.0,4.2894736842105265,152
pad,29,0.15,M3,65,False,0.8181818181818182,0.8363636363636363,0.0,1.0,1.0,4.488636363636363,88
pad,29,0.15,M4,7,False,0.7272727272727273,0.75,0.0,1.0,1.0,4.909090909090909,11
pad,29,0.15,M5,3,True,1.0,1.0,0.0,1.0,1.0,6.0,2
hiba,30,0.05,B,170,False,0.9675925925925926,0.9240196078431373,,1.0,1.0,5.638888888888889,216
hiba,30,0.05,M1,25,False,1.0,1.0,0.0,1.0,1.0,6.619047619047619,21
hiba,30,0.05,M2,218,False,0.9916666666666667,0.9896907216494846,0.0,1.0,1.0,6.358333333333333,120
hiba,30,0.05,M3,21,False,0.7857142857142857,0.7692307692307693,0.0,1.0,1.0,5.785714285714286,14
hiba,30,0.1,B,170,False,0.9120370370370371,0.8045343137254901,,0.9490740740740741,0.9879447254014726,4.027777777777778,216
hiba,30,0.1,M1,25,False,1.0,1.0,0.0,1.0,1.0,5.190476190476191,21
hiba,30,0.1,M2,218,False,0.9083333333333333,0.9037800687285223,0.0,1.0,1.0,4.991666666666666,120
hiba,30,0.1,M3,21,False,0.7142857142857143,0.6923076923076923,0.0,1.0,1.0,4.142857142857143,14
hiba,30,0.15,B,170,False,0.8935185185185185,0.784973604826546,,0.9259259259259259,0.9703303832845357,3.435185185185185,216
hiba,30,0.15,M1,25,False,0.9523809523809523,0.9777777777777779,0.0,1.0,1.0,4.095238095238095,21
hiba,30,0.15,M2,218,False,0.8833333333333333,0.8780068728522338,0.0,1.0,1.0,4.441666666666666,120
hiba,30,0.15,M3,21,False,0.7142857142857143,0.6923076923076923,0.0,1.0,1.0,3.857142857142857,14
pad,30,0.05,B,28,False,1.0,1.0,,1.0,1.0,5.2727272727272725,11
pad,30,0.05,M1,20,False,0.9354838709677419,0.9583333333333334,0.0,1.0,1.0,5.548387096774194,31
pad,30,0.05,M2,161,False,0.9285714285714286,0.9506172839506172,0.0,1.0,1.0,5.305194805194805,154
pad,30,0.05,M3,60,False,0.9895833333333334,0.9958333333333333,0.0,1.0,1.0,5.614583333333333,96
pad,30,0.05,M4,13,True,1.0,1.0,0.0,1.0,1.0,6.4,5
pad,30,0.05,M5,4,True,1.0,1.0,0.0,1.0,1.0,6.5,2
pad,30,0.1,B,28,False,1.0,1.0,,1.0,1.0,4.909090909090909,11
pad,30,0.1,M1,20,False,0.9354838709677419,0.9583333333333334,0.0,1.0,1.0,5.516129032258065,31
pad,30,0.1,M2,161,False,0.8896103896103896,0.9043209876543209,0.0,1.0,1.0,5.0,154
pad,30,0.1,M3,60,False,0.8854166666666666,0.8916666666666667,0.0,1.0,1.0,5.0,96
pad,30,0.1,M4,13,False,1.0,1.0,0.0,1.0,1.0,6.4,5
pad,30,0.1,M5,4,True,1.0,1.0,0.0,1.0,1.0,6.5,2
pad,30,0.15,B,28,False,0.9090909090909091,0.9090909090909091,,1.0,1.0,3.909090909090909,11
pad,30,0.15,M1,20,False,0.8387096774193549,0.8833333333333334,0.0,1.0,1.0,4.064516129032258,31
pad,30,0.15,M2,161,False,0.8311688311688312,0.8364197530864197,0.0,1.0,1.0,4.246753246753247,154
pad,30,0.15,M3,60,False,0.7708333333333334,0.7979166666666667,0.0,1.0,1.0,4.270833333333333,96
pad,30,0.15,M4,13,False,0.8,0.875,0.0,1.0,1.0,4.8,5
pad,30,0.15,M5,4,True,1.0,1.0,0.0,1.0,1.0,6.0,2
hiba,31,0.05,B,161,False,0.9485714285714286,0.9123376623376623,,1.0,1.0,5.6,175
hiba,31,0.05,M1,25,False,1.0,1.0,0.0,1.0,1.0,6.266666666666667,15
hiba,31,0.05,M2,221,False,0.9133858267716536,0.925531914893617,0.0,1.0,1.0,5.968503937007874,127
hiba,31,0.05,M3,26,False,1.0,1.0,0.0,1.0,1.0,6.5,8
hiba,31,0.1,B,161,False,0.9257142857142857,0.8707792207792208,,1.0,1.0,4.405714285714286,175
hiba,31,0.1,M1,25,False,1.0,1.0,0.0,1.0,1.0,5.133333333333334,15
hiba,31,0.1,M2,221,False,0.8661417322834646,0.8670212765957447,0.0,1.0,1.0,5.0236220472440944,127
hiba,31,0.1,M3,26,False,0.75,0.75,0.0,1.0,1.0,5.0,8
hiba,31,0.15,B,161,False,0.9028571428571428,0.837878787878788,,0.96,0.9913419913419913,3.7257142857142855,175
hiba,31,0.15,M1,25,False,1.0,1.0,0.0,1.0,1.0,4.8,15
hiba,31,0.15,M2,221,False,0.8267716535433071,0.8462765957446808,0.0,1.0,1.0,4.440944881889764,127
hiba,31,0.15,M3,26,False,0.75,0.75,0.0,1.0,1.0,4.0,8
pad,31,0.05,B,28,False,1.0,1.0,,1.0,1.0,5.916666666666667,12
pad,31,0.05,M1,21,False,1.0,1.0,0.0,1.0,1.0,5.7272727272727275,33
pad,31,0.05,M2,162,False,0.9932885906040269,0.9976635514018691,0.0,1.0,1.0,5.704697986577181,149
pad,31,0.05,M3,78,False,1.0,1.0,0.0,1.0,1.0,5.711864406779661,59
pad,31,0.05,M4,11,True,1.0,1.0,0.0,1.0,1.0,6.333333333333333,6
pad,31,0.05,M5,4,True,1.0,1.0,0.0,1.0,1.0,6.5,2
pad,31,0.1,B,28,False,1.0,1.0,,1.0,1.0,5.333333333333333,12
pad,31,0.1,M1,21,False,0.9696969696969697,0.9736842105263158,0.0,1.0,1.0,5.545454545454546,33
pad,31,0.1,M2,162,False,0.912751677852349,0.9228971962616822,0.0,1.0,1.0,5.140939597315437,149
pad,31,0.1,M3,78,False,0.9661016949152542,0.9523809523809523,0.0,1.0,1.0,5.305084745762712,59
pad,31,0.1,M4,11,False,1.0,1.0,0.0,1.0,1.0,6.333333333333333,6
pad,31,0.1,M5,4,True,1.0,1.0,0.0,1.0,1.0,6.5,2
pad,31,0.15,B,28,False,0.9166666666666666,0.9090909090909091,,1.0,1.0,4.416666666666667,12
pad,31,0.15,M1,21,False,0.9090909090909091,0.9342105263157895,0.0,1.0,1.0,4.393939393939394,33
pad,31,0.15,M2,162,False,0.8456375838926175,0.8746105919003114,0.0,1.0,1.0,4.409395973154362,149
pad,31,0.15,M3,78,False,0.9152542372881356,0.9047619047619048,0.0,1.0,1.0,4.627118644067797,59
pad,31,0.15,M4,11,False,1.0,1.0,0.0,1.0,1.0,5.666666666666667,6
pad,31,0.15,M5,4,True,1.0,1.0,0.0,1.0,1.0,6.0,2
hiba,32,0.05,B,173,False,0.9548872180451128,0.9397435897435897,,1.0,1.0,5.706766917293233,133
hiba,32,0.05,M1,24,False,1.0,1.0,0.0,1.0,1.0,6.0,20
hiba,32,0.05,M2,214,False,0.924812030075188,0.9331683168316832,0.0,1.0,1.0,6.390977443609023,133
hiba,32,0.05,M3,28,False,1.0,1.0,0.0,1.0,1.0,6.363636363636363,11
hiba,32,0.1,B,173,False,0.8947368421052632,0.8923076923076924,,0.9924812030075187,0.9974358974358973,4.075187969924812,133
hiba,32,0.1,M1,24,False,0.9,0.9166666666666667,0.0,1.0,1.0,4.0,20
hiba,32,0.1,M2,214,False,0.8721804511278195,0.8877887788778879,0.0,1.0,1.0,5.2481203007518795,133
hiba,32,0.1,M3,28,False,0.9090909090909091,0.8333333333333334,0.0,1.0,1.0,4.818181818181818,11
hiba,32,0.15,B,173,False,0.8947368421052632,0.8923076923076924,,0.9774436090225563,0.9794871794871794,3.601503759398496,133
hiba,32,0.15,M1,24,False,0.9,0.9166666666666667,0.0,1.0,1.0,3.9,20
hiba,32,0.15,M2,214,False,0.849624060150376,0.8696369636963698,0.0,1.0,1.0,4.894736842105263,133
hiba,32,0.15,M3,28,False,0.9090909090909091,0.8333333333333334,0.0,1.0,1.0,4.363636363636363,11
pad,32,0.05,B,19,False,0.9047619047619048,0.9,,1.0,1.0,5.619047619047619,21
pad,32,0.05,M1,25,False,1.0,1.0,0.0,1.0,1.0,5.72,25
pad,32,0.05,M2,163,False,0.9869281045751634,0.9858490566037735,0.0,1.0,1.0,5.588235294117647,153
pad,32,0.05,M3,69,False,0.935064935064935,0.9362745098039216,0.0,1.0,1.0,5.363636363636363,77
pad,32,0.05,M4,11,True,1.0,1.0,0.0,1.0,1.0,6.0,7
pad,32,0.05,M5,2,True,1.0,1.0,0.0,1.0,1.0,6.25,4
pad,32,0.1,B,19,False,0.9047619047619048,0.9,,1.0,1.0,5.095238095238095,21
pad,32,0.1,M1,25,False,1.0,1.0,0.0,1.0,1.0,5.44,25
pad,32,0.1,M2,163,False,0.9281045751633987,0.9418238993710691,0.0,1.0,1.0,4.823529411764706,153
pad,32,0.1,M3,69,False,0.7922077922077922,0.803921568627451,0.0,1.0,1.0,4.51948051948052,77
pad,32,0.1,M4,11,False,1.0,1.0,0.0,1.0,1.0,5.714285714285714,7
pad,32,0.1,M5,2,True,1.0,1.0,0.0,1.0,1.0,6.0,4
pad,32,0.15,B,19,False,0.5238095238095238,0.5,,1.0,1.0,4.142857142857143,21
pad,32,0.15,M1,25,False,1.0,1.0,0.0,1.0,1.0,4.92,25
pad,32,0.15,M2,163,False,0.8823529411764706,0.9025157232704402,0.0,1.0,1.0,4.143790849673203,153
pad,32,0.15,M3,69,False,0.7272727272727273,0.7671568627450981,0.0,1.0,1.0,3.8701298701298703,77
pad,32,0.15,M4,11,False,1.0,1.0,0.0,1.0,1.0,5.285714285714286,7
pad,32,0.15,M5,2,True,1.0,1.0,0.0,1.0,1.0,5.75,4
hiba,33,0.05,B,170,False,0.9735849056603774,0.9240196078431373,,1.0,1.0,5.833962264150943,265
hiba,33,0.05,M1,26,False,1.0,1.0,0.0,1.0,1.0,6.6875,16
hiba,33,0.05,M2,214,False,0.936,0.9257425742574258,0.0,1.0,1.0,6.248,125
hiba,33,0.05,M3,30,False,1.0,1.0,0.0,1.0,1.0,6.8,5
hiba,33,0.1,B,170,False,0.9547169811320755,0.8774509803921569,,1.0,1.0,4.422641509433962,265
hiba,33,0.1,M1,26,False,0.9375,0.975,0.0,1.0,1.0,5.0,16
hiba,33,0.1,M2,214,False,0.872,0.8630363036303631,0.0,1.0,1.0,5.08,125
hiba,33,0.1,M3,30,False,1.0,1.0,0.0,1.0,1.0,5.8,5
hiba,33,0.15,B,170,False,0.9358490566037736,0.8419117647058822,,0.9886792452830189,0.9840686274509802,3.739622641509434,265
hiba,33,0.15,M1,26,False,0.875,0.9125,0.0,1.0,1.0,3.9375,16
hiba,33,0.15,M2,214,False,0.824,0.8135313531353136,0.008,0.992,0.995049504950495,4.448,125
hiba,33,0.15,M3,30,False,1.0,1.0,0.0,1.0,1.0,5.0,5
pad,33,0.05,B,27,False,0.9230769230769231,0.9166666666666666,,1.0,1.0,5.230769230769231,13
pad,33,0.05,M1,23,False,1.0,1.0,0.0,1.0,1.0,5.655172413793103,29
pad,33,0.05,M2,170,False,0.9230769230769231,0.9343434343434344,0.0,1.0,1.0,5.346153846153846,130
pad,33,0.05,M3,70,False,1.0,1.0,0.0,1.0,1.0,5.640625,64
pad,33,0.05,M4,12,True,1.0,1.0,0.0,1.0,1.0,6.0,5
pad,33,0.05,M5,2,True,1.0,1.0,0.0,1.0,1.0,6.0,3
pad,33,0.1,B,27,False,0.9230769230769231,0.9166666666666666,,1.0,1.0,4.769230769230769,13
pad,33,0.1,M1,23,False,1.0,1.0,0.0,1.0,1.0,5.517241379310345,29
pad,33,0.1,M2,170,False,0.8538461538461538,0.8737373737373737,0.0,1.0,1.0,4.846153846153846,130
pad,33,0.1,M3,70,False,0.953125,0.96,0.0,1.0,1.0,5.28125,64
pad,33,0.1,M4,12,False,1.0,1.0,0.0,1.0,1.0,6.0,5
pad,33,0.1,M5,2,True,1.0,1.0,0.0,1.0,1.0,6.0,3
pad,33,0.15,B,27,False,0.8461538461538461,0.8333333333333334,,1.0,1.0,4.076923076923077,13
pad,33,0.15,M1,23,False,0.9310344827586207,0.9509803921568626,0.0,1.0,1.0,4.275862068965517,29
pad,33,0.15,M2,170,False,0.8076923076923077,0.8316498316498318,0.0,1.0,1.0,4.2153846153846155,130
pad,33,0.15,M3,70,False,0.875,0.87,0.0,1.0,1.0,4.53125,64
pad,33,0.15,M4,12,False,1.0,1.0,0.0,1.0,1.0,5.6,5
pad,33,0.15,M5,2,True,1.0,1.0,0.0,1.0,1.0,6.0,3
hiba,34,0.05,B,167,False,0.9487179487179487,0.90962441314554,,1.0,1.0,5.507692307692308,195
hiba,34,0.05,M1,22,False,0.8888888888888888,0.875,0.0,1.0,1.0,5.944444444444445,18
hiba,34,0.05,M2,218,False,0.9344262295081968,0.9407216494845361,0.0,1.0,1.0,6.081967213114754,122
hiba,34,0.05,M3,29,False,1.0,1.0,0.0,1.0,1.0,6.333333333333333,6
hiba,34,0.1,B,167,False,0.9076923076923077,0.8387323943661972,,1.0,1.0,4.123076923076923,195
hiba,34,0.1,M1,22,False,0.8888888888888888,0.875,0.0,1.0,1.0,4.611111111111111,18
hiba,34,0.1,M2,218,False,0.860655737704918,0.8676975945017182,0.0,1.0,1.0,5.016393442622951,122
hiba,34,0.1,M3,29,False,1.0,1.0,0.0,1.0,1.0,5.166666666666667,6
hiba,34,0.15,B,167,False,0.8769230769230769,0.8078569455951394,,0.9692307692307692,0.9842723004694834,3.0615384615384613,195
hiba,34,0.15,M1,22,False,0.8888888888888888,0.875,0.0,1.0,1.0,3.7222222222222223,18
hiba,34,0.15,M2,218,False,0.7868852459016393,0.7981099656357389,0.00819672131147541,0.9918032786885246,0.9948453608247423,3.9918032786885247,122
hiba,34,0.15,M3,29,False,0.8333333333333334,0.8,0.0,1.0,1.0,4.5,6
pad,34,0.05,B,18,True,1.0,1.0,,1.0,1.0,7.384615384615385,26
pad,34,0.05,M1,22,False,1.0,1.0,0.0,1.0,1.0,7.9655172413793105,29
pad,34,0.05,M2,160,False,0.9024390243902439,0.9006116207951069,0.0,1.0,1.0,7.365853658536586,164
pad,34,0.05,M3,75,False,1.0,1.0,0.0,1.0,1.0,7.9523809523809526,63
pad,34,0.05,M4,7,True,1.0,1.0,0.0,1.0,1.0,8.0,11
pad,34,0.05,M5,3,True,1.0,1.0,0.0,1.0,1.0,8.0,2
pad,34,0.1,B,18,False,1.0,1.0,,1.0,1.0,5.038461538461538,26
pad,34,0.1,M1,22,False,1.0,1.0,0.0,1.0,1.0,5.758620689655173,29
pad,34,0.1,M2,160,False,0.8658536585365854,0.870795107033639,0.0,1.0,1.0,4.951219512195122,164
pad,34,0.1,M3,75,False,0.9523809523809523,0.9555555555555556,0.0,1.0,1.0,5.492063492063492,63
pad,34,0.1,M4,7,True,1.0,1.0,0.0,1.0,1.0,6.2727272727272725,11
pad,34,0.1,M5,3,True,1.0,1.0,0.0,1.0,1.0,6.0,2
pad,34,0.15,B,18,False,0.9615384615384616,0.9523809523809523,,1.0,1.0,4.423076923076923,26
pad,34,0.15,M1,22,False,0.9655172413793104,0.9814814814814814,0.0,1.0,1.0,5.0344827586206895,29
pad,34,0.15,M2,160,False,0.7987804878048781,0.8272171253822629,0.0,1.0,1.0,4.615853658536586,164
pad,34,0.15,M3,75,False,0.8888888888888888,0.8888888888888888,0.0,1.0,1.0,5.0476190476190474,63
pad,34,0.15,M4,7,False,0.8181818181818182,0.85,0.0,1.0,1.0,5.545454545454546,11
pad,34,0.15,M5,3,True,1.0,1.0,0.0,1.0,1.0,6.0,2
hiba,35,0.05,B,157,False,1.0,1.0,,1.0,1.0,6.386243386243386,189
hiba,35,0.05,M1,24,False,0.9375,0.9,0.0,1.0,1.0,6.3125,16
hiba,35,0.05,M2,225,False,0.9915254237288136,0.9888888888888889,0.0,1.0,1.0,7.398305084745763,118
hiba,35,0.05,M3,25,False,1.0,1.0,0.0,1.0,1.0,6.928571428571429,14
hiba,35,0.1,B,157,False,0.9735449735449735,0.9444444444444444,,0.9894179894179894,0.9972161704187849,4.544973544973545,189
hiba,35,0.1,M1,24,False,0.875,0.85,0.0,1.0,1.0,4.8125,16
hiba,35,0.1,M2,225,False,0.9576271186440678,0.9555555555555556,0.0,1.0,1.0,5.6440677966101696,118
hiba,35,0.1,M3,25,False,1.0,1.0,0.0,1.0,1.0,5.5,14
hiba,35,0.15,B,157,False,0.9365079365079365,0.8806584362139918,,0.9206349206349206,0.9689340756878883,3.306878306878307,189
hiba,35,0.15,M1,24,False,0.875,0.85,0.0,1.0,1.0,3.75,16
hiba,35,0.15,M2,225,False,0.9152542372881356,0.9055555555555556,0.0,1.0,1.0,4.762711864406779,118
hiba,35,0.15,M3,25,False,0.7857142857142857,0.6666666666666666,0.0,1.0,1.0,3.642857142857143,14
pad,35,0.05,B,24,False,1.0,1.0,,1.0,1.0,5.764705882352941,17
pad,35,0.05,M1,24,False,0.9655172413793104,0.9791666666666666,0.0,1.0,1.0,5.655172413793103,29
pad,35,0.05,M2,159,False,0.9503105590062112,0.9659090909090909,0.0,1.0,1.0,5.552795031055901,161
pad,35,0.05,M3,79,False,0.9508196721311475,0.9512195121951219,0.0,1.0,1.0,5.573770491803279,61
pad,35,0.05,M4,10,True,1.0,1.0,0.0,1.0,1.0,6.3,10
pad,35,0.05,M5,4,True,1.0,1.0,0.0,1.0,1.0,6.0,1
pad,35,0.1,B,24,False,1.0,1.0,,1.0,1.0,5.235294117647059,17
pad,35,0.1,M1,24,False,0.9655172413793104,0.9791666666666666,0.0,1.0,1.0,5.655172413793103,29
pad,35,0.1,M2,159,False,0.8944099378881988,0.9083333333333332,0.0,1.0,1.0,5.198757763975156,161
pad,35,0.1,M3,79,False,0.9180327868852459,0.926829268292683,0.0,1.0,1.0,5.377049180327869,61
pad,35,0.1,M4,10,False,0.8,0.7857142857142857,0.0,1.0,1.0,5.4,10
pad,35,0.1,M5,4,True,1.0,1.0,0.0,1.0,1.0,6.0,1
pad,35,0.15,B,24,False,1.0,1.0,,1.0,1.0,4.647058823529412,17
pad,35,0.15,M1,24,False,0.9310344827586207,0.9583333333333333,0.0,1.0,1.0,5.310344827586207,29
pad,35,0.15,M2,159,False,0.7950310559006211,0.8189393939393939,0.0,1.0,1.0,4.726708074534161,161
pad,35,0.15,M3,79,False,0.9016393442622951,0.9024390243902439,0.0,1.0,1.0,5.114754098360656,61
pad,35,0.15,M4,10,False,0.8,0.7857142857142857,0.0,1.0,1.0,5.2,10
pad,35,0.15,M5,4,True,1.0,1.0,0.0,1.0,1.0,6.0,1
hiba,36,0.05,B,170,False,1.0,1.0,,1.0,1.0,6.746268656716418,134
hiba,36,0.05,M1,20,False,1.0,1.0,0.0,1.0,1.0,6.869565217391305,23
hiba,36,0.05,M2,217,False,0.9398496240601504,0.9464285714285714,0.0,1.0,1.0,7.022556390977444,133
hiba,36,0.05,M3,21,False,1.0,1.0,0.0,1.0,1.0,7.222222222222222,18
hiba,36,0.1,B,170,False,0.917910447761194,0.8884803921568628,,1.0,1.0,4.462686567164179,134
hiba,36,0.1,M1,20,False,0.9130434782608695,0.9404761904761906,0.0,1.0,1.0,4.043478260869565,23
hiba,36,0.1,M2,217,False,0.9022556390977443,0.9081632653061225,0.0,1.0,1.0,5.2180451127819545,133
hiba,36,0.1,M3,21,False,1.0,1.0,0.0,1.0,1.0,5.444444444444445,18
hiba,36,0.15,B,170,False,0.8955223880597015,0.8517156862745099,,0.9850746268656716,0.9950980392156862,3.91044776119403,134
hiba,36,0.15,M1,20,False,0.8695652173913043,0.9047619047619049,0.0,1.0,1.0,3.6956521739130435,23
hiba,36,0.15,M2,217,False,0.8721804511278195,0.8775510204081632,0.0,1.0,1.0,4.796992481203008,133
hiba,36,0.15,M3,21,False,1.0,1.0,0.0,1.0,1.0,5.277777777777778,18
pad,36,0.05,B,25,False,1.0,1.0,,1.0,1.0,5.375,16
pad,36,0.05,M1,25,False,1.0,1.0,0.0,1.0,1.0,5.72,25
pad,36,0.05,M2,169,False,0.971830985915493,0.97,0.0,1.0,1.0,5.605633802816901,142
pad,36,0.05,M3,70,False,0.9753086419753086,0.985,0.0,1.0,1.0,5.691358024691358,81
pad,36,0.05,M4,7,True,1.0,1.0,0.0,1.0,1.0,6.153846153846154,13
pad,36,0.05,M5,4,True,1.0,1.0,0.0,1.0,1.0,6.0,1
pad,36,0.1,B,25,False,1.0,1.0,,1.0,1.0,4.4375,16
pad,36,0.1,M1,25,False,0.96,0.9777777777777777,0.0,1.0,1.0,5.52,25
pad,36,0.1,M2,169,False,0.9436619718309859,0.94,0.0,1.0,1.0,5.295774647887324,142
pad,36,0.1,M3,70,False,0.8641975308641975,0.89,0.0,1.0,1.0,5.111111111111111,81
pad,36,0.1,M4,7,True,1.0,1.0,0.0,1.0,1.0,6.153846153846154,13
pad,36,0.1,M5,4,True,1.0,1.0,0.0,1.0,1.0,6.0,1
pad,36,0.15,B,25,False,0.9375,0.9285714285714286,,1.0,1.0,3.625,16
pad,36,0.15,M1,25,False,0.88,0.8944444444444444,0.0,1.0,1.0,4.56,25
pad,36,0.15,M2,169,False,0.8661971830985915,0.8633333333333334,0.0,1.0,1.0,4.457746478873239,142
pad,36,0.15,M3,70,False,0.8641975308641975,0.89,0.0,1.0,1.0,4.716049382716049,81
pad,36,0.15,M4,7,False,0.8461538461538461,0.85,0.0,1.0,1.0,5.076923076923077,13
pad,36,0.15,M5,4,True,1.0,1.0,0.0,1.0,1.0,6.0,1
hiba,37,0.05,B,170,False,0.9720670391061452,0.9411764705882353,,1.0,1.0,5.910614525139665,179
hiba,37,0.05,M1,24,False,1.0,1.0,0.0,1.0,1.0,6.444444444444445,18
hiba,37,0.05,M2,222,False,0.9385964912280702,0.9408602150537635,0.0,1.0,1.0,6.315789473684211,114
hiba,37,0.05,M3,24,False,1.0,1.0,0.0,1.0,1.0,6.352941176470588,17
hiba,37,0.1,B,170,False,0.9329608938547486,0.8688725490196079,,1.0,1.0,4.64245810055866,179
hiba,37,0.1,M1,24,False,1.0,1.0,0.0,1.0,1.0,5.166666666666667,18
hiba,37,0.1,M2,222,False,0.9035087719298246,0.9032258064516129,0.0,1.0,1.0,5.201754385964913,114
hiba,37,0.1,M3,24,False,1.0,1.0,0.0,1.0,1.0,5.176470588235294,17
hiba,37,0.15,B,170,False,0.9217877094972067,0.8394607843137255,,0.9832402234636871,0.980392156862745,4.067039106145251,179
hiba,37,0.15,M1,24,False,1.0,1.0,0.0,1.0,1.0,4.833333333333333,18
hiba,37,0.15,M2,222,False,0.8070175438596491,0.8123655913978495,0.0,1.0,1.0,4.640350877192983,114
hiba,37,0.15,M3,24,False,1.0,1.0,0.0,1.0,1.0,4.823529411764706,17
pad,37,0.05,B,18,True,1.0,1.0,,1.0,1.0,7.230769230769231,26
pad,37,0.05,M1,18,True,1.0,1.0,0.0,1.0,1.0,8.0,32
pad,37,0.05,M2,166,False,0.9370629370629371,0.9457928802588997,0.0,1.0,1.0,7.531468531468532,143
pad,37,0.05,M3,75,False,0.9863013698630136,0.9944444444444445,0.0,1.0,1.0,7.7534246575342465,73
pad,37,0.05,M4,11,True,1.0,1.0,0.0,1.0,1.0,8.0,6
pad,37,0.05,M5,5,True,,,,,,,0
pad,37,0.1,B,18,False,1.0,1.0,,1.0,1.0,4.8076923076923075,26
pad,37,0.1,M1,18,False,1.0,1.0,0.0,1.0,1.0,5.75,32
pad,37,0.1,M2,166,False,0.8881118881118881,0.8964401294498382,0.0,1.0,1.0,5.013986013986014,143
pad,37,0.1,M3,75,False,0.9178082191780822,0.9388888888888889,0.0,1.0,1.0,5.205479452054795,73
pad,37,0.1,M4,11,False,1.0,1.0,0.0,1.0,1.0,5.833333333333333,6
pad,37,0.1,M5,5,True,,,,,,,0
pad,37,0.15,B,18,False,0.9230769230769231,0.9047619047619048,,1.0,1.0,4.346153846153846,26
pad,37,0.15,M1,18,False,1.0,1.0,0.0,1.0,1.0,5.125,32
pad,37,0.15,M2,166,False,0.8811188811188811,0.8915857605177993,0.0,1.0,1.0,4.489510489510489,143
pad,37,0.15,M3,75,False,0.863013698630137,0.8777777777777778,0.0,1.0,1.0,4.47945205479452,73
pad,37,0.15,M4,11,False,1.0,1.0,0.0,1.0,1.0,5.5,6
pad,37,0.15,M5,5,True,,,,,,,0
hiba,38,0.05,B,162,False,0.9758454106280193,0.955043859649123,,1.0,1.0,5.859903381642512,207
hiba,38,0.05,M1,25,False,1.0,1.0,0.0,1.0,1.0,5.882352941176471,17
hiba,38,0.05,M2,215,False,0.950354609929078,0.9575,0.0,1.0,1.0,6.5177304964539005,141
hiba,38,0.05,M3,25,False,1.0,1.0,0.0,1.0,1.0,6.8,10
hiba,38,0.1,B,162,False,0.961352657004831,0.9462719298245613,,1.0,1.0,4.63768115942029,207
hiba,38,0.1,M1,25,False,1.0,1.0,0.0,1.0,1.0,4.764705882352941,17
hiba,38,0.1,M2,215,False,0.900709219858156,0.905,0.0,1.0,1.0,5.297872340425532,141
hiba,38,0.1,M3,25,False,1.0,1.0,0.0,1.0,1.0,6.2,10
hiba,38,0.15,B,162,False,0.9420289855072463,0.9002192982456139,,0.9903381642512077,0.9912280701754386,4.053140096618358,207
hiba,38,0.15,M1,25,False,0.9411764705882353,0.9629629629629631,0.0,1.0,1.0,3.588235294117647,17
hiba,38,0.15,M2,215,False,0.8297872340425532,0.8341666666666667,0.0,1.0,1.0,4.6453900709219855,141
hiba,38,0.15,M3,25,False,1.0,1.0,0.0,1.0,1.0,5.7,10
pad,38,0.05,B,25,False,1.0,1.0,,1.0,1.0,5.2,15
pad,38,0.05,M1,25,False,0.9230769230769231,0.9444444444444444,0.0,1.0,1.0,5.538461538461538,26
pad,38,0.05,M2,158,False,0.948051948051948,0.9496996996996996,0.0,1.0,1.0,5.3311688311688314,154
pad,38,0.05,M3,75,False,0.8,0.8111111111111111,0.0,1.0,1.0,4.907692307692308,65
pad,38,0.05,M4,12,True,1.0,1.0,0.0,1.0,1.0,6.333333333333333,6
pad,38,0.05,M5,2,True,1.0,1.0,0.0,1.0,1.0,6.25,4
pad,38,0.1,B,25,False,1.0,1.0,,1.0,1.0,4.6,15
pad,38,0.1,M1,25,False,0.9230769230769231,0.9444444444444444,0.0,1.0,1.0,5.5,26
pad,38,0.1,M2,158,False,0.8766233766233766,0.8761261261261262,0.0,1.0,1.0,4.837662337662338,154
pad,38,0.1,M3,75,False,0.7538461538461538,0.7555555555555555,0.0,1.0,1.0,4.723076923076923,65
pad,38,0.1,M4,12,False,0.6666666666666666,0.7,0.0,1.0,1.0,5.166666666666667,6
pad,38,0.1,M5,2,True,1.0,1.0,0.0,1.0,1.0,6.25,4
pad,38,0.15,B,25,False,1.0,1.0,,1.0,1.0,4.2,15
pad,38,0.15,M1,25,False,0.8846153846153846,0.9111111111111111,0.0,1.0,1.0,4.576923076923077,26
pad,38,0.15,M2,158,False,0.8571428571428571,0.8596096096096096,0.0,1.0,1.0,4.584415584415584,154
pad,38,0.15,M3,75,False,0.6923076923076923,0.7203703703703703,0.0,1.0,1.0,4.446153846153846,65
pad,38,0.15,M4,12,False,0.6666666666666666,0.7,0.0,1.0,1.0,5.166666666666667,6
pad,38,0.15,M5,2,True,1.0,1.0,0.0,1.0,1.0,6.25,4
hiba,39,0.05,B,161,False,0.9910714285714286,0.984848484848485,,1.0,1.0,6.299107142857143,224
hiba,39,0.05,M1,27,False,1.0,1.0,0.0,1.0,1.0,6.636363636363637,11
hiba,39,0.05,M2,225,False,0.9304347826086956,0.9222222222222223,0.0,1.0,1.0,7.165217391304348,115
hiba,39,0.05,M3,24,False,1.0,1.0,0.0,1.0,1.0,7.176470588235294,17
hiba,39,0.1,B,161,False,0.96875,0.9372294372294371,,0.9955357142857143,0.997835497835498,4.598214285714286,224
hiba,39,0.1,M1,27,False,0.9090909090909091,0.9523809523809523,0.0,1.0,1.0,4.545454545454546,11
hiba,39,0.1,M2,225,False,0.8956521739130435,0.8777777777777778,0.0,1.0,1.0,5.6173913043478265,115
hiba,39,0.1,M3,24,False,1.0,1.0,0.0,1.0,1.0,5.764705882352941,17
hiba,39,0.15,B,161,False,0.9107142857142857,0.8106060606060604,,0.9196428571428571,0.9608070500927642,3.044642857142857,224
hiba,39,0.15,M1,27,False,0.9090909090909091,0.9523809523809523,0.0,1.0,1.0,3.5454545454545454,11
hiba,39,0.15,M2,225,False,0.8695652173913043,0.8555555555555555,0.0,1.0,1.0,4.6173913043478265,115
hiba,39,0.15,M3,24,False,0.7647058823529411,0.6666666666666666,0.0,1.0,1.0,3.6470588235294117,17
pad,39,0.05,B,23,False,0.9444444444444444,0.9375,,1.0,1.0,5.388888888888889,18
pad,39,0.05,M1,25,False,1.0,1.0,0.0,1.0,1.0,5.608695652173913,23
pad,39,0.05,M2,146,False,0.9620253164556962,0.9742547425474254,0.0,1.0,1.0,5.569620253164557,158
pad,39,0.05,M3,78,False,1.0,1.0,0.0,1.0,1.0,5.684210526315789,57
pad,39,0.05,M4,10,True,1.0,1.0,0.0,1.0,1.0,6.5,10
pad,39,0.05,M5,3,True,1.0,1.0,0.0,1.0,1.0,6.0,2
pad,39,0.1,B,23,False,0.9444444444444444,0.9375,,1.0,1.0,4.555555555555555,18
pad,39,0.1,M1,25,False,1.0,1.0,0.0,1.0,1.0,5.565217391304348,23
pad,39,0.1,M2,146,False,0.9177215189873418,0.9308943089430894,0.0,1.0,1.0,5.063291139240507,158
pad,39,0.1,M3,78,False,0.9122807017543859,0.9047619047619048,0.0,1.0,1.0,5.0701754385964914,57
pad,39,0.1,M4,10,False,0.8,0.7857142857142857,0.0,1.0,1.0,5.6,10
pad,39,0.1,M5,3,True,1.0,1.0,0.0,1.0,1.0,6.0,2
pad,39,0.15,B,23,False,0.9444444444444444,0.9375,,1.0,1.0,4.055555555555555,18
pad,39,0.15,M1,25,False,0.9130434782608695,0.9111111111111111,0.0,1.0,1.0,4.6521739130434785,23
pad,39,0.15,M2,146,False,0.8734177215189873,0.8902439024390244,0.0,1.0,1.0,4.525316455696203,158
pad,39,0.15,M3,78,False,0.8771929824561403,0.8690476190476191,0.0,1.0,1.0,4.473684210526316,57
pad,39,0.15,M4,10,False,0.8,0.7857142857142857,0.0,1.0,1.0,5.3,10
pad,39,0.15,M5,3,True,1.0,1.0,0.0,1.0,1.0,6.0,2
hiba,40,0.05,B,156,False,0.9954128440366973,0.9979674796747968,,1.0,1.0,6.610091743119266,218
hiba,40,0.05,M1,24,False,1.0,1.0,0.0,1.0,1.0,7.476190476190476,21
hiba,40,0.05,M2,223,False,0.9310344827586207,0.9239130434782609,0.0,1.0,1.0,7.086206896551724,116
hiba,40,0.05,M3,25,False,0.9166666666666666,0.8888888888888888,0.0,1.0,1.0,7.25,12
hiba,40,0.1,B,156,False,0.981651376146789,0.9715447154471544,,1.0,1.0,5.18348623853211,218
hiba,40,0.1,M1,24,False,1.0,1.0,0.0,1.0,1.0,5.9523809523809526,21
hiba,40,0.1,M2,223,False,0.9051724137931034,0.8913043478260869,0.0,1.0,1.0,5.629310344827586,116
hiba,40,0.1,M3,25,False,0.9166666666666666,0.8888888888888888,0.0,1.0,1.0,6.0,12
hiba,40,0.15,B,156,False,0.9587155963302753,0.9329268292682927,,0.9908256880733946,0.983739837398374,4.018348623853211,218
hiba,40,0.15,M1,24,False,0.9047619047619048,0.9466666666666667,0.0,1.0,1.0,4.428571428571429,21
hiba,40,0.15,M2,223,False,0.8103448275862069,0.8034420289855071,0.0,1.0,1.0,4.698275862068965,116
hiba,40,0.15,M3,25,False,0.8333333333333334,0.8518518518518519,0.0,1.0,1.0,5.333333333333333,12
pad,40,0.05,B,25,False,1.0,1.0,,1.0,1.0,5.111111111111111,18
pad,40,0.05,M1,28,False,0.9285714285714286,0.9305555555555555,0.0,1.0,1.0,5.714285714285714,28
pad,40,0.05,M2,167,False,0.9144736842105263,0.9370915032679739,0.0,1.0,1.0,5.3881578947368425,152
pad,40,0.05,M3,70,False,0.975,0.985,0.0,1.0,1.0,5.7125,80
pad,40,0.05,M4,9,True,1.0,1.0,0.0,1.0,1.0,5.875,8
pad,40,0.05,M5,3,True,1.0,1.0,0.0,1.0,1.0,6.333333333333333,3
pad,40,0.1,B,25,False,0.9444444444444444,0.9285714285714286,,1.0,1.0,4.611111111111111,18
pad,40,0.1,M1,28,False,0.8928571428571429,0.9097222222222222,0.0,1.0,1.0,5.392857142857143,28
pad,40,0.1,M2,167,False,0.8421052631578947,0.8611111111111112,0.0,1.0,1.0,4.894736842105263,152
pad,40,0.1,M3,70,False,0.9,0.92,0.0,1.0,1.0,5.3125,80
pad,40,0.1,M4,9,False,1.0,1.0,0.0,1.0,1.0,5.875,8
pad,40,0.1,M5,3,True,1.0,1.0,0.0,1.0,1.0,6.333333333333333,3
pad,40,0.15,B,25,False,0.9444444444444444,0.9285714285714286,,1.0,1.0,3.9444444444444446,18
pad,40,0.15,M1,28,False,0.8214285714285714,0.8263888888888888,0.0,1.0,1.0,4.392857142857143,28
pad,40,0.15,M2,167,False,0.7828947368421053,0.8080065359477123,0.0,1.0,1.0,4.375,152
pad,40,0.15,M3,70,False,0.875,0.89,0.0,1.0,1.0,4.8625,80
pad,40,0.15,M4,9,False,1.0,1.0,0.0,1.0,1.0,5.375,8
pad,40,0.15,M5,3,True,1.0,1.0,0.0,1.0,1.0,6.0,3
hiba,41,0.05,B,165,False,0.9814814814814815,0.952054794520548,,1.0,1.0,5.638888888888889,216
hiba,41,0.05,M1,23,False,0.8888888888888888,0.8636363636363636,0.0,1.0,1.0,5.611111111111111,18
hiba,41,0.05,M2,224,False,0.9642857142857143,0.9560439560439561,0.0,1.0,1.0,6.464285714285714,112
hiba,41,0.05,M3,23,False,1.0,1.0,0.0,1.0,1.0,6.529411764705882,17
hiba,41,0.1,B,165,False,0.9444444444444444,0.8664383561643836,,0.9907407407407407,0.9904109589041096,4.231481481481482,216
hiba,41,0.1,M1,23,False,0.8333333333333334,0.7727272727272727,0.0,1.0,1.0,4.833333333333333,18
hiba,41,0.1,M2,224,False,0.9017857142857143,0.891941391941392,0.0,1.0,1.0,5.205357142857143,112
hiba,41,0.1,M3,23,False,0.9411764705882353,0.9090909090909091,0.0,1.0,1.0,5.294117647058823,17
hiba,41,0.15,B,165,False,0.9074074074074074,0.8027397260273973,,0.8287037037037037,0.975517913153097,2.837962962962963,216
hiba,41,0.15,M1,23,False,0.8333333333333334,0.7727272727272727,0.0,1.0,1.0,4.166666666666667,18
hiba,41,0.15,M2,224,False,0.8660714285714286,0.8534798534798536,0.0,1.0,1.0,4.589285714285714,112
hiba,41,0.15,M3,23,False,0.7647058823529411,0.6363636363636364,0.0,1.0,1.0,3.6470588235294117,17
pad,41,0.05,B,18,True,1.0,1.0,,1.0,1.0,7.478260869565218,23
pad,41,0.05,M1,26,False,1.0,1.0,0.0,1.0,1.0,8.0,22
pad,41,0.05,M2,157,False,0.9289940828402367,0.9389880952380951,0.0,1.0,1.0,7.591715976331361,169
pad,41,0.05,M3,69,False,0.972972972972973,0.9852941176470589,0.0,1.0,1.0,7.702702702702703,74
pad,41,0.05,M4,12,True,1.0,1.0,0.0,1.0,1.0,8.0,5
pad,41,0.05,M5,3,True,1.0,1.0,0.0,1.0,1.0,8.0,2
pad,41,0.1,B,18,False,1.0,1.0,,1.0,1.0,5.043478260869565,23
pad,41,0.1,M1,26,False,1.0,1.0,0.0,1.0,1.0,5.545454545454546,22
pad,41,0.1,M2,157,False,0.8875739644970414,0.8965773809523808,0.0,1.0,1.0,5.195266272189349,169
pad,41,0.1,M3,69,False,0.9054054054054054,0.9313725490196079,0.0,1.0,1.0,5.243243243243243,74
pad,41,0.1,M4,12,False,1.0,1.0,0.0,1.0,1.0,5.8,5
pad,41,0.1,M5,3,True,1.0,1.0,0.0,1.0,1.0,6.0,2
pad,41,0.15,B,18,False,1.0,1.0,,1.0,1.0,4.565217391304348,23
pad,41,0.15,M1,26,False,0.9090909090909091,0.9404761904761905,0.0,1.0,1.0,4.545454545454546,22
pad,41,0.15,M2,157,False,0.8165680473372781,0.8318452380952381,0.0,1.0,1.0,4.887573964497041,169
pad,41,0.15,M3,69,False,0.8783783783783784,0.9117647058823529,0.0,1.0,1.0,5.081081081081081,74
pad,41,0.15,M4,12,False,1.0,1.0,0.0,1.0,1.0,5.8,5
pad,41,0.15,M5,3,True,1.0,1.0,0.0,1.0,1.0,6.0,2
hiba,42,0.05,B,168,False,0.967948717948718,0.9285714285714286,,1.0,1.0,5.512820512820513,156
hiba,42,0.05,M1,17,True,1.0,1.0,0.0,1.0,1.0,6.875,32
hiba,42,0.05,M2,224,False,0.9622641509433962,0.9615384615384616,0.0,1.0,1.0,6.10377358490566,106
hiba,42,0.05,M3,26,False,1.0,1.0,0.0,1.0,1.0,6.545454545454546,11
hiba,42,0.1,B,168,False,0.9102564102564102,0.8483333333333333,,0.9935897435897436,0.9991596638655462,4.185897435897436,156
hiba,42,0.1,M1,17,False,1.0,1.0,0.0,1.0,1.0,5.03125,32
hiba,42,0.1,M2,224,False,0.9245283018867925,0.9230769230769231,0.0,1.0,1.0,5.10377358490566,106
hiba,42,0.1,M3,26,False,1.0,1.0,0.0,1.0,1.0,5.7272727272727275,11
hiba,42,0.15,B,168,False,0.8589743589743589,0.797016806722689,,0.967948717948718,0.9753501400560225,3.1858974358974357,156
hiba,42,0.15,M1,17,False,1.0,1.0,0.0,1.0,1.0,4.28125,32
hiba,42,0.15,M2,224,False,0.8301886792452831,0.8296703296703297,0.0,1.0,1.0,4.311320754716981,106
hiba,42,0.15,M3,26,False,0.9090909090909091,0.9583333333333334,0.0,1.0,1.0,4.909090909090909,11
pad,42,0.05,B,18,True,1.0,1.0,,1.0,1.0,7.869565217391305,23
pad,42,0.05,M1,22,False,0.9393939393939394,0.9537037037037037,0.0,1.0,1.0,7.818181818181818,33
pad,42,0.05,M2,167,False,0.9866666666666667,0.994281045751634,0.0,1.0,1.0,7.926666666666667,150
pad,42,0.05,M3,71,False,0.9552238805970149,0.9591836734693877,0.0,1.0,1.0,7.791044776119403,67
pad,42,0.05,M4,9,True,1.0,1.0,0.0,1.0,1.0,8.0,10
pad,42,0.05,M5,4,True,1.0,1.0,0.0,1.0,1.0,8.0,1
pad,42,0.1,B,18,False,0.9565217391304348,0.9523809523809523,,1.0,1.0,4.869565217391305,23
pad,42,0.1,M1,22,False,0.9393939393939394,0.9537037037037037,0.0,1.0,1.0,5.424242424242424,33
pad,42,0.1,M2,167,False,0.94,0.951797385620915,0.0,1.0,1.0,5.3133333333333335,150
pad,42,0.1,M3,71,False,0.8656716417910447,0.8673469387755102,0.0,1.0,1.0,5.268656716417911,67
pad,42,0.1,M4,9,False,0.6,0.6666666666666666,0.0,1.0,1.0,5.0,10
pad,42,0.1,M5,4,True,1.0,1.0,0.0,1.0,1.0,6.0,1
pad,42,0.15,B,18,False,0.9565217391304348,0.9523809523809523,,1.0,1.0,4.6521739130434785,23
pad,42,0.15,M1,22,False,0.9393939393939394,0.9537037037037037,0.0,1.0,1.0,5.303030303030303,33
pad,42,0.15,M2,167,False,0.9066666666666666,0.9248366013071895,0.0,1.0,1.0,4.966666666666667,150
pad,42,0.15,M3,71,False,0.8656716417910447,0.8673469387755102,0.0,1.0,1.0,5.134328358208955,67
pad,42,0.15,M4,9,False,0.6,0.6666666666666666,0.0,1.0,1.0,4.8,10
pad,42,0.15,M5,4,True,1.0,1.0,0.0,1.0,1.0,6.0,1
hiba,43,0.05,B,156,False,0.9597701149425287,0.9207317073170732,,1.0,1.0,5.390804597701149,174
hiba,43,0.05,M1,21,False,1.0,1.0,0.0,1.0,1.0,6.2,20
hiba,43,0.05,M2,225,False,0.963963963963964,0.9555555555555556,0.0,1.0,1.0,6.135135135135135,111
hiba,43,0.05,M3,25,False,1.0,1.0,0.0,1.0,1.0,6.545454545454546,11
hiba,43,0.1,B,156,False,0.9310344827586207,0.8800813008130082,,0.9942528735632183,0.9992826398852224,4.189655172413793,174
hiba,43,0.1,M1,21,False,1.0,1.0,0.0,1.0,1.0,4.65,20
hiba,43,0.1,M2,225,False,0.954954954954955,0.9444444444444444,0.0,1.0,1.0,5.036036036036036,111
hiba,43,0.1,M3,25,False,1.0,1.0,0.0,1.0,1.0,6.0,11
hiba,43,0.15,B,156,False,0.9195402298850575,0.8556910569105691,,0.9885057471264368,0.9972501195600191,3.7241379310344827,174
hiba,43,0.15,M1,21,False,1.0,1.0,0.0,1.0,1.0,3.85,20
hiba,43,0.15,M2,225,False,0.918918918918919,0.9055555555555556,0.0,1.0,1.0,4.585585585585585,111
hiba,43,0.15,M3,25,False,1.0,1.0,0.0,1.0,1.0,5.545454545454546,11
pad,43,0.05,B,23,False,1.0,1.0,,1.0,1.0,5.631578947368421,19
pad,43,0.05,M1,21,False,1.0,1.0,0.0,1.0,1.0,5.607142857142857,28
pad,43,0.05,M2,158,False,1.0,1.0,0.0,1.0,1.0,5.838509316770186,161
pad,43,0.05,M3,69,False,0.9876543209876543,0.9950980392156863,0.0,1.0,1.0,5.666666666666667,81
pad,43,0.05,M4,12,True,1.0,1.0,0.0,1.0,1.0,6.285714285714286,7
pad,43,0.05,M5,3,True,1.0,1.0,0.0,1.0,1.0,6.0,2
pad,43,0.1,B,23,False,0.9473684210526315,0.9375,,1.0,1.0,4.684210526315789,19
pad,43,0.1,M1,21,False,0.9642857142857143,0.9736842105263158,0.0,1.0,1.0,5.392857142857143,28
pad,43,0.1,M2,158,False,0.9440993788819876,0.9496996996996996,0.0,1.0,1.0,5.204968944099379,161
pad,43,0.1,M3,69,False,0.8518518518518519,0.8823529411764706,0.0,1.0,1.0,4.9753086419753085,81
pad,43,0.1,M4,12,False,1.0,1.0,0.0,1.0,1.0,6.0,7
pad,43,0.1,M5,3,True,1.0,1.0,0.0,1.0,1.0,6.0,2
pad,43,0.15,B,23,False,0.6842105263157895,0.625,,1.0,1.0,3.8421052631578947,19
pad,43,0.15,M1,21,False,0.9642857142857143,0.9736842105263158,0.0,1.0,1.0,4.785714285714286,28
pad,43,0.15,M2,158,False,0.906832298136646,0.9196696696696697,0.0,1.0,1.0,4.304347826086956,161
pad,43,0.15,M3,69,False,0.8148148148148148,0.8431372549019608,0.0,1.0,1.0,4.296296296296297,81
pad,43,0.15,M4,12,False,1.0,1.0,0.0,1.0,1.0,5.0,7
pad,43,0.15,M5,3,True,1.0,1.0,0.0,1.0,1.0,5.0,2
hiba,44,0.05,B,167,False,0.960352422907489,0.8967136150234741,,1.0,1.0,5.259911894273127,227
hiba,44,0.05,M1,26,False,1.0,1.0,0.0,1.0,1.0,6.133333333333334,15
hiba,44,0.05,M2,221,False,1.0,1.0,0.0,1.0,1.0,6.208333333333333,120
hiba,44,0.05,M3,22,False,0.8461538461538461,0.8333333333333334,0.0,1.0,1.0,6.0,13
hiba,44,0.1,B,167,False,0.9427312775330396,0.8680751173708919,,0.986784140969163,0.9936941912915401,3.947136563876652,227
hiba,44,0.1,M1,26,False,0.9333333333333333,0.975,0.0,1.0,1.0,4.466666666666667,15
hiba,44,0.1,M2,221,False,0.9833333333333333,0.9893617021276596,0.0,1.0,1.0,5.375,120
hiba,44,0.1,M3,22,False,0.7692307692307693,0.75,0.0,1.0,1.0,5.230769230769231,13
hiba,44,0.15,B,167,False,0.9295154185022027,0.8370892018779342,,0.8854625550660793,0.9649695558974762,3.1233480176211454,227
hiba,44,0.15,M1,26,False,0.9333333333333333,0.975,0.0,1.0,1.0,3.2,15
hiba,44,0.15,M2,221,False,0.925,0.9202127659574468,0.0,1.0,1.0,4.725,120
hiba,44,0.15,M3,22,False,0.6923076923076923,0.6666666666666666,0.0,1.0,1.0,4.153846153846154,13
pad,44,0.05,B,25,False,1.0,1.0,,1.0,1.0,5.352941176470588,17
pad,44,0.05,M1,29,False,0.7391304347826086,0.7196969696969697,0.0,1.0,1.0,4.391304347826087,23
pad,44,0.05,M2,160,False,0.9612903225806452,0.963302752293578,0.0,1.0,1.0,5.451612903225806,155
pad,44,0.05,M3,67,False,0.974025974025974,0.9858490566037735,0.0,1.0,1.0,5.571428571428571,77
pad,44,0.05,M4,13,True,1.0,1.0,0.0,1.0,1.0,6.5,6
pad,44,0.05,M5,2,True,1.0,1.0,0.0,1.0,1.0,6.0,3
pad,44,0.1,B,25,False,1.0,1.0,,1.0,1.0,4.705882352941177,17
pad,44,0.1,M1,29,False,0.6086956521739131,0.6515151515151515,0.0,1.0,1.0,3.5652173913043477,23
pad,44,0.1,M2,160,False,0.9483870967741935,0.9495412844036697,0.0,1.0,1.0,5.264516129032258,155
pad,44,0.1,M3,67,False,0.922077922077922,0.9433962264150944,0.0,1.0,1.0,5.194805194805195,77
pad,44,0.1,M4,13,False,1.0,1.0,0.0,1.0,1.0,6.5,6
pad,44,0.1,M5,2,True,1.0,1.0,0.0,1.0,1.0,6.0,3
pad,44,0.15,B,25,False,1.0,1.0,,1.0,1.0,4.117647058823529,17
pad,44,0.15,M1,29,False,0.6086956521739131,0.6515151515151515,0.0,1.0,1.0,3.4782608695652173,23
pad,44,0.15,M2,160,False,0.8774193548387097,0.8929663608562692,0.0,1.0,1.0,4.8,155
pad,44,0.15,M3,67,False,0.8961038961038961,0.9056603773584906,0.0,1.0,1.0,4.909090909090909,77
pad,44,0.15,M4,13,False,1.0,1.0,0.0,1.0,1.0,5.333333333333333,6
pad,44,0.15,M5,2,True,1.0,1.0,0.0,1.0,1.0,6.0,3
hiba,45,0.05,B,167,False,0.9915966386554622,0.9859154929577465,,1.0,1.0,6.420168067226891,119
hiba,45,0.05,M1,27,False,1.0,1.0,0.0,1.0,1.0,7.461538461538462,13
hiba,45,0.05,M2,210,False,0.9850746268656716,0.9809523809523809,0.0,1.0,1.0,6.8283582089552235,134
hiba,45,0.05,M3,29,False,1.0,1.0,0.0,1.0,1.0,6.6,5
hiba,45,0.1,B,167,False,0.957983193277311,0.9295774647887324,,1.0,1.0,4.621848739495798,119
hiba,45,0.1,M1,27,False,1.0,1.0,0.0,1.0,1.0,6.0,13
hiba,45,0.1,M2,210,False,0.9328358208955224,0.9301587301587302,0.0,1.0,1.0,5.574626865671642,134
hiba,45,0.1,M3,29,False,0.8,0.8,0.0,1.0,1.0,5.0,5
hiba,45,0.15,B,167,False,0.8571428571428571,0.7995305164319249,,0.9747899159663865,0.9929577464788732,3.6050420168067228,119
hiba,45,0.15,M1,27,False,0.8461538461538461,0.7857142857142857,0.0,1.0,1.0,4.076923076923077,13
hiba,45,0.15,M2,210,False,0.8955223880597015,0.8920634920634921,0.0,1.0,1.0,4.559701492537314,134
hiba,45,0.15,M3,29,False,0.6,0.6,0.0,1.0,1.0,3.8,5
pad,45,0.05,B,26,False,1.0,1.0,,1.0,1.0,5.666666666666667,15
pad,45,0.05,M1,22,False,1.0,1.0,0.0,1.0,1.0,5.636363636363637,22
pad,45,0.05,M2,161,False,0.9634146341463414,0.9560185185185185,0.0,1.0,1.0,5.560975609756097,164
pad,45,0.05,M3,71,False,0.9855072463768116,0.9795918367346939,0.0,1.0,1.0,5.550724637681159,69
pad,45,0.05,M4,8,True,1.0,1.0,0.0,1.0,1.0,6.181818181818182,11
pad,45,0.05,M5,2,True,1.0,1.0,0.0,1.0,1.0,6.0,3
pad,45,0.1,B,26,False,0.9333333333333333,0.9230769230769231,,1.0,1.0,5.133333333333334,15
pad,45,0.1,M1,22,False,0.9090909090909091,0.9166666666666666,0.0,1.0,1.0,5.045454545454546,22
pad,45,0.1,M2,161,False,0.926829268292683,0.9220679012345679,0.0,1.0,1.0,5.091463414634147,164
pad,45,0.1,M3,71,False,0.8115942028985508,0.8163265306122449,0.0,1.0,1.0,4.811594202898551,69
pad,45,0.1,M4,8,True,1.0,1.0,0.0,1.0,1.0,6.0,11
pad,45,0.1,M5,2,True,1.0,1.0,0.0,1.0,1.0,6.0,3
pad,45,0.15,B,26,False,0.9333333333333333,0.9230769230769231,,1.0,1.0,4.4,15
pad,45,0.15,M1,22,False,0.8636363636363636,0.8888888888888888,0.0,1.0,1.0,4.136363636363637,22
pad,45,0.15,M2,161,False,0.8597560975609756,0.8572530864197532,0.0,1.0,1.0,4.353658536585366,164
pad,45,0.15,M3,71,False,0.7536231884057971,0.7704081632653061,0.0,1.0,1.0,4.3478260869565215,69
pad,45,0.15,M4,8,False,0.9090909090909091,0.8888888888888888,0.0,1.0,1.0,4.818181818181818,11
pad,45,0.15,M5,2,True,1.0,1.0,0.0,1.0,1.0,6.0,3
hiba,46,0.05,B,171,False,0.9746192893401016,0.9564676616915424,,1.0,1.0,5.6091370558375635,197
hiba,46,0.05,M1,24,False,1.0,1.0,0.0,1.0,1.0,6.4375,16
hiba,46,0.05,M2,221,False,0.9,0.9219858156028369,0.0,1.0,1.0,6.341666666666667,120
hiba,46,0.05,M3,22,False,0.9230769230769231,0.9166666666666666,0.0,1.0,1.0,6.461538461538462,13
hiba,46,0.1,B,171,False,0.9390862944162437,0.907960199004975,,1.0,1.0,4.131979695431472,197
hiba,46,0.1,M1,24,False,0.9375,0.9666666666666668,0.0,1.0,1.0,4.0,16
hiba,46,0.1,M2,221,False,0.8583333333333333,0.874113475177305,0.0,1.0,1.0,5.108333333333333,120
hiba,46,0.1,M3,22,False,0.8461538461538461,0.8333333333333334,0.0,1.0,1.0,5.538461538461538,13
hiba,46,0.15,B,171,False,0.9187817258883249,0.8656716417910447,,0.9898477157360406,0.9800995024875623,3.4416243654822334,197
hiba,46,0.15,M1,24,False,0.875,0.9166666666666667,0.0,1.0,1.0,3.4375,16
hiba,46,0.15,M2,221,False,0.775,0.7783687943262412,0.0,1.0,1.0,4.491666666666666,120
hiba,46,0.15,M3,22,False,0.8461538461538461,0.8333333333333334,0.0,1.0,1.0,5.3076923076923075,13
pad,46,0.05,B,25,False,1.0,1.0,,1.0,1.0,5.5,18
pad,46,0.05,M1,22,False,0.7666666666666667,0.7638888888888888,0.0,1.0,1.0,4.6,30
pad,46,0.05,M2,158,False,0.9281045751633987,0.9399399399399399,0.0,1.0,1.0,5.38562091503268,153
pad,46,0.05,M3,71,False,0.9859154929577465,0.9948979591836735,0.0,1.0,1.0,5.676056338028169,71
pad,46,0.05,M4,9,True,1.0,1.0,0.0,1.0,1.0,6.4,10
pad,46,0.05,M5,3,True,1.0,1.0,0.0,1.0,1.0,6.333333333333333,3
pad,46,0.1,B,25,False,1.0,1.0,,1.0,1.0,4.888888888888889,18
pad,46,0.1,M1,22,False,0.7666666666666667,0.7638888888888888,0.0,1.0,1.0,4.6,30
pad,46,0.1,M2,158,False,0.869281045751634,0.8813813813813813,0.0,1.0,1.0,4.9869281045751634,153
pad,46,0.1,M3,71,False,0.9014084507042254,0.9387755102040817,0.0,1.0,1.0,5.28169014084507,71
pad,46,0.1,M4,9,False,1.0,1.0,0.0,1.0,1.0,6.4,10
pad,46,0.1,M5,3,True,1.0,1.0,0.0,1.0,1.0,6.333333333333333,3
pad,46,0.15,B,25,False,1.0,1.0,,1.0,1.0,4.666666666666667,18
pad,46,0.15,M1,22,False,0.7666666666666667,0.7638888888888888,0.0,1.0,1.0,4.433333333333334,30
pad,46,0.15,M2,158,False,0.803921568627451,0.8243243243243243,0.0,1.0,1.0,4.594771241830065,153
pad,46,0.15,M3,71,False,0.8873239436619719,0.9183673469387755,0.0,1.0,1.0,4.929577464788732,71
pad,46,0.15,M4,9,False,1.0,1.0,0.0,1.0,1.0,6.2,10
pad,46,0.15,M5,3,True,1.0,1.0,0.0,1.0,1.0,6.333333333333333,3
hiba,47,0.05,B,165,False,0.9685534591194969,0.9315068493150684,,1.0,1.0,5.452830188679245,159
hiba,47,0.05,M1,24,False,0.8888888888888888,0.8666666666666666,0.0,1.0,1.0,5.111111111111111,18
hiba,47,0.05,M2,220,False,0.9568965517241379,0.9473684210526315,0.0,1.0,1.0,5.853448275862069,116
hiba,47,0.05,M3,26,False,1.0,1.0,0.0,1.0,1.0,6.375,8
hiba,47,0.1,B,165,False,0.9308176100628931,0.8675799086757991,,0.9937106918238994,0.9977168949771689,4.283018867924528,159
hiba,47,0.1,M1,24,False,0.8888888888888888,0.8666666666666666,0.0,1.0,1.0,4.444444444444445,18
hiba,47,0.1,M2,220,False,0.9310344827586207,0.9228070175438597,0.0,1.0,1.0,4.974137931034483,116
hiba,47,0.1,M3,26,False,1.0,1.0,0.0,1.0,1.0,5.625,8
hiba,47,0.15,B,165,False,0.8679245283018868,0.7903407095187917,,0.9811320754716981,0.9817351598173517,3.339622641509434,159
hiba,47,0.15,M1,24,False,0.8888888888888888,0.8666666666666666,0.0,1.0,1.0,3.888888888888889,18
hiba,47,0.15,M2,220,False,0.8620689655172413,0.8438596491228071,0.0,1.0,1.0,4.172413793103448,116
hiba,47,0.15,M3,26,False,1.0,1.0,0.0,1.0,1.0,5.125,8
pad,47,0.05,B,19,False,0.7916666666666666,0.75,,1.0,1.0,5.0,24
pad,47,0.05,M1,24,False,0.9285714285714286,0.9479166666666666,0.0,1.0,1.0,4.928571428571429,28
pad,47,0.05,M2,167,False,0.948051948051948,0.9583333333333334,0.0,1.0,1.0,4.935064935064935,154
pad,47,0.05,M3,74,False,0.9393939393939394,0.9347826086956522,0.0,1.0,1.0,5.045454545454546,66
pad,47,0.05,M4,10,True,1.0,1.0,0.0,1.0,1.0,5.7,10
pad,47,0.05,M5,5,True,,,,,,,0
pad,47,0.1,B,19,False,0.7083333333333334,0.65,,1.0,1.0,4.208333333333333,24
pad,47,0.1,M1,24,False,0.8571428571428571,0.8958333333333333,0.0,1.0,1.0,4.0,28
pad,47,0.1,M2,167,False,0.8571428571428571,0.8725490196078431,0.0,1.0,1.0,4.35064935064935,154
pad,47,0.1,M3,74,False,0.9242424242424242,0.9130434782608695,0.0,1.0,1.0,4.575757575757576,66
pad,47,0.1,M4,10,False,0.8,0.7857142857142857,0.0,1.0,1.0,4.7,10
pad,47,0.1,M5,5,True,,,,,,,0
pad,47,0.15,B,19,False,0.7083333333333334,0.65,,1.0,1.0,3.9166666666666665,24
pad,47,0.15,M1,24,False,0.8214285714285714,0.8645833333333333,0.0,1.0,1.0,3.8214285714285716,28
pad,47,0.15,M2,167,False,0.8051948051948052,0.8374183006535948,0.0,1.0,1.0,4.103896103896104,154
pad,47,0.15,M3,74,False,0.8636363636363636,0.8478260869565217,0.0,1.0,1.0,4.318181818181818,66
pad,47,0.15,M4,10,False,0.8,0.7857142857142857,0.0,1.0,1.0,4.7,10
pad,47,0.15,M5,5,True,,,,,,,0
hiba,48,0.05,B,179,False,0.9915966386554622,0.9830508474576272,,1.0,1.0,6.361344537815126,119
hiba,48,0.05,M1,23,False,0.9285714285714286,0.9090909090909091,0.0,1.0,1.0,6.357142857142857,14
hiba,48,0.05,M2,213,False,0.9841269841269841,0.9803921568627451,0.0,1.0,1.0,6.865079365079365,126
hiba,48,0.05,M3,21,False,1.0,1.0,0.0,1.0,1.0,7.0,14
hiba,48,0.1,B,179,False,0.9915966386554622,0.9830508474576272,,1.0,1.0,4.907563025210084,119
hiba,48,0.1,M1,23,False,0.9285714285714286,0.9090909090909091,0.0,1.0,1.0,5.785714285714286,14
hiba,48,0.1,M2,213,False,0.9682539682539683,0.9656862745098039,0.0,1.0,1.0,5.523809523809524,126
hiba,48,0.1,M3,21,False,1.0,1.0,0.0,1.0,1.0,6.428571428571429,14
hiba,48,0.15,B,179,False,0.9495798319327731,0.9180790960451977,,0.9831932773109243,0.9858757062146893,3.8487394957983194,119
hiba,48,0.15,M1,23,False,0.8571428571428571,0.8181818181818182,0.0,1.0,1.0,3.9285714285714284,14
hiba,48,0.15,M2,213,False,0.8650793650793651,0.8529411764705882,0.0,1.0,1.0,4.484126984126984,126
hiba,48,0.15,M3,21,False,1.0,1.0,0.0,1.0,1.0,5.428571428571429,14
pad,48,0.05,B,22,False,1.0,1.0,,1.0,1.0,5.7272727272727275,22
pad,48,0.05,M1,28,False,1.0,1.0,0.0,1.0,1.0,5.695652173913044,23
pad,48,0.05,M2,160,False,0.9751552795031055,0.9847094801223243,0.0,1.0,1.0,5.726708074534161,161
pad,48,0.05,M3,72,False,0.9420289855072463,0.9427083333333334,0.0,1.0,1.0,5.594202898550725,69
pad,48,0.05,M4,10,True,1.0,1.0,0.0,1.0,1.0,6.375,8
pad,48,0.05,M5,3,True,1.0,1.0,0.0,1.0,1.0,6.0,2
pad,48,0.1,B,22,False,1.0,1.0,,1.0,1.0,4.909090909090909,22
pad,48,0.1,M1,28,False,1.0,1.0,0.0,1.0,1.0,5.6521739130434785,23
pad,48,0.1,M2,160,False,0.906832298136646,0.9350152905198776,0.0,1.0,1.0,5.236024844720497,161
pad,48,0.1,M3,72,False,0.855072463768116,0.875,0.0,1.0,1.0,5.086956521739131,69
pad,48,0.1,M4,10,False,0.625,0.6428571428571429,0.0,1.0,1.0,5.125,8
pad,48,0.1,M5,3,True,1.0,1.0,0.0,1.0,1.0,6.0,2
pad,48,0.15,B,22,False,1.0,1.0,,1.0,1.0,4.318181818181818,22
pad,48,0.15,M1,28,False,0.9130434782608695,0.9305555555555555,0.0,1.0,1.0,4.826086956521739,23
pad,48,0.15,M2,160,False,0.8136645962732919,0.8402140672782874,0.0,1.0,1.0,4.813664596273292,161
pad,48,0.15,M3,72,False,0.8115942028985508,0.8333333333333334,0.0,1.0,1.0,4.855072463768116,69
pad,48,0.15,M4,10,False,0.625,0.6428571428571429,0.0,1.0,1.0,5.125,8
pad,48,0.15,M5,3,True,1.0,1.0,0.0,1.0,1.0,6.0,2
hiba,49,0.05,B,166,False,0.9732620320855615,0.9444444444444444,,1.0,1.0,5.93048128342246,187
hiba,49,0.05,M1,23,False,0.8421052631578947,0.8333333333333333,0.0,1.0,1.0,4.7368421052631575,19
hiba,49,0.05,M2,223,False,0.896551724137931,0.8985507246376813,0.0,1.0,1.0,6.086206896551724,116
hiba,49,0.05,M3,23,False,1.0,1.0,0.0,1.0,1.0,6.4375,16
hiba,49,0.1,B,166,False,0.946524064171123,0.8888888888888888,,0.9946524064171123,0.9930555555555556,4.5828877005347595,187
hiba,49,0.1,M1,23,False,0.8421052631578947,0.8333333333333333,0.0,1.0,1.0,3.8421052631578947,19
hiba,49,0.1,M2,223,False,0.8362068965517241,0.8333333333333334,0.0,1.0,1.0,4.896551724137931,116
hiba,49,0.1,M3,23,False,1.0,1.0,0.0,1.0,1.0,4.875,16
hiba,49,0.15,B,166,False,0.9144385026737968,0.8391203703703703,,0.983957219251337,0.991898148148148,3.828877005347594,187
hiba,49,0.15,M1,23,False,0.7894736842105263,0.8030303030303029,0.05263157894736842,0.9473684210526315,0.9696969696969696,3.263157894736842,19
hiba,49,0.15,M2,223,False,0.7931034482758621,0.7898550724637682,0.008620689655172414,0.9913793103448276,0.9945652173913043,4.327586206896552,116
hiba,49,0.15,M3,23,False,1.0,1.0,0.0,1.0,1.0,4.5,16
pad,49,0.05,B,27,False,1.0,1.0,,1.0,1.0,5.538461538461538,13
pad,49,0.05,M1,26,False,0.9473684210526315,0.9761904761904762,0.0,1.0,1.0,5.2631578947368425,19
pad,49,0.05,M2,163,False,0.9084967320261438,0.9127358490566038,0.0,1.0,1.0,5.477124183006536,153
pad,49,0.05,M3,66,False,1.0,1.0,0.0,1.0,1.0,5.653333333333333,75
pad,49,0.05,M4,13,True,1.0,1.0,0.0,1.0,1.0,6.25,4
pad,49,0.05,M5,2,True,1.0,1.0,0.0,1.0,1.0,6.0,3
pad,49,0.1,B,27,False,1.0,1.0,,1.0,1.0,5.076923076923077,13
pad,49,0.1,M1,26,False,0.9473684210526315,0.9761904761904762,0.0,1.0,1.0,5.2631578947368425,19
pad,49,0.1,M2,163,False,0.8431372549019608,0.8459119496855345,0.0,1.0,1.0,5.1568627450980395,153
pad,49,0.1,M3,66,False,0.92,0.9259259259259259,0.0,1.0,1.0,5.226666666666667,75
pad,49,0.1,M4,13,False,1.0,1.0,0.0,1.0,1.0,6.25,4
pad,49,0.1,M5,2,True,1.0,1.0,0.0,1.0,1.0,6.0,3
pad,49,0.15,B,27,False,0.7692307692307693,0.75,,1.0,1.0,4.0,13
pad,49,0.15,M1,26,False,0.9473684210526315,0.9761904761904762,0.0,1.0,1.0,4.105263157894737,19
pad,49,0.15,M2,163,False,0.803921568627451,0.8073899371069182,0.0,1.0,1.0,4.235294117647059,153
pad,49,0.15,M3,66,False,0.84,0.8518518518518519,0.0,1.0,1.0,4.333333333333333,75
pad,49,0.15,M4,13,False,1.0,1.0,0.0,1.0,1.0,5.0,4
pad,49,0.15,M5,2,True,1.0,1.0,0.0,1.0,1.0,5.666666666666667,3
hiba,50,0.05,B,173,False,1.0,1.0,,1.0,1.0,6.458333333333333,240
hiba,50,0.05,M1,28,False,1.0,1.0,0.0,1.0,1.0,7.076923076923077,13
hiba,50,0.05,M2,210,False,0.9635036496350365,0.9571428571428572,0.0,1.0,1.0,7.299270072992701,137
hiba,50,0.05,M3,25,False,1.0,1.0,0.0,1.0,1.0,6.823529411764706,17
hiba,50,0.1,B,173,False,0.9833333333333333,0.9461538461538461,,0.9958333333333333,0.9974358974358976,4.808333333333334,240
hiba,50,0.1,M1,28,False,0.9230769230769231,0.9166666666666666,0.0,1.0,1.0,5.076923076923077,13
hiba,50,0.1,M2,210,False,0.9124087591240876,0.9063492063492062,0.0,1.0,1.0,5.554744525547445,137
hiba,50,0.1,M3,25,False,1.0,1.0,0.0,1.0,1.0,5.705882352941177,17
hiba,50,0.15,B,173,False,0.975,0.9353846153846154,,0.9916666666666667,0.996530920060332,3.9875,240
hiba,50,0.15,M1,28,False,0.9230769230769231,0.9166666666666666,0.0,1.0,1.0,3.6923076923076925,13
hiba,50,0.15,M2,210,False,0.8686131386861314,0.8555555555555556,0.0,1.0,1.0,4.810218978102189,137
hiba,50,0.15,M3,25,False,1.0,1.0,0.0,1.0,1.0,4.882352941176471,17
pad,50,0.05,B,19,False,0.92,0.9,,1.0,1.0,5.16,25
pad,50,0.05,M1,23,False,1.0,1.0,0.0,1.0,1.0,5.580645161290323,31
pad,50,0.05,M2,171,False,0.9383561643835616,0.9472789115646258,0.0,1.0,1.0,5.3561643835616435,146
pad,50,0.05,M3,71,False,1.0,1.0,0.0,1.0,1.0,5.573529411764706,68
pad,50,0.05,M4,11,True,1.0,1.0,0.0,1.0,1.0,6.428571428571429,7
pad,50,0.05,M5,3,True,1.0,1.0,0.0,1.0,1.0,6.333333333333333,3
pad,50,0.1,B,19,False,0.84,0.8,,1.0,1.0,4.2,25
pad,50,0.1,M1,23,False,0.967741935483871,0.9705882352941176,0.0,1.0,1.0,5.064516129032258,31
pad,50,0.1,M2,171,False,0.8835616438356164,0.8979591836734694,0.0,1.0,1.0,4.513698630136986,146
pad,50,0.1,M3,71,False,0.8823529411764706,0.9183673469387755,0.0,1.0,1.0,4.647058823529412,68
pad,50,0.1,M4,11,False,1.0,1.0,0.0,1.0,1.0,5.714285714285714,7
pad,50,0.1,M5,3,True,1.0,1.0,0.0,1.0,1.0,6.0,3
pad,50,0.15,B,19,False,0.84,0.8,,1.0,1.0,3.88,25
pad,50,0.15,M1,23,False,0.8387096774193549,0.8774509803921569,0.0,1.0,1.0,4.290322580645161,31
pad,50,0.15,M2,171,False,0.8356164383561644,0.8520408163265306,0.0,1.0,1.0,4.171232876712328,146
pad,50,0.15,M3,71,False,0.8382352941176471,0.8673469387755102,0.0,1.0,1.0,4.323529411764706,68
pad,50,0.15,M4,11,False,1.0,1.0,0.0,1.0,1.0,5.571428571428571,7
pad,50,0.15,M5,3,True,1.0,1.0,0.0,1.0,1.0,6.0,3
hiba,51,0.05,B,175,False,0.9813664596273292,0.9682539682539683,,1.0,1.0,6.124223602484472,161
hiba,51,0.05,M1,31,False,1.0,1.0,0.0,1.0,1.0,7.333333333333333,3
hiba,51,0.05,M2,205,False,0.9716312056737588,0.9636363636363636,0.0,1.0,1.0,6.7304964539007095,141
hiba,51,0.05,M3,26,False,1.0,1.0,0.0,1.0,1.0,6.875,8
hiba,51,0.1,B,175,False,0.9627329192546584,0.9285714285714286,,0.9875776397515528,0.9964207905384376,4.372670807453416,161
hiba,51,0.1,M1,31,False,1.0,1.0,0.0,1.0,1.0,5.0,3
hiba,51,0.1,M2,205,False,0.8865248226950354,0.8833333333333332,0.0,1.0,1.0,5.23404255319149,141
hiba,51,0.1,M3,26,False,0.75,0.75,0.0,1.0,1.0,5.5,8
hiba,51,0.15,B,175,False,0.9565217391304348,0.9232804232804234,,0.9627329192546584,0.9726112667289137,3.5093167701863353,161
hiba,51,0.15,M1,31,False,1.0,1.0,0.0,1.0,1.0,4.333333333333333,3
hiba,51,0.15,M2,205,False,0.7872340425531915,0.7856060606060605,0.0,1.0,1.0,4.524822695035461,141
hiba,51,0.15,M3,26,False,0.75,0.75,0.0,1.0,1.0,5.0,8
pad,51,0.05,B,28,False,1.0,1.0,,1.0,1.0,5.3076923076923075,13
pad,51,0.05,M1,29,False,1.0,1.0,0.0,1.0,1.0,5.6,20
pad,51,0.05,M2,153,False,0.9041916167664671,0.9288793103448276,0.0,1.0,1.0,5.2395209580838324,167
pad,51,0.05,M3,70,False,0.9852941176470589,0.995,0.0,1.0,1.0,5.720588235294118,68
pad,51,0.05,M4,7,True,1.0,1.0,0.0,1.0,1.0,6.384615384615385,13
pad,51,0.05,M5,2,True,1.0,1.0,0.0,1.0,1.0,6.0,3
pad,51,0.1,B,28,False,1.0,1.0,,1.0,1.0,4.769230769230769,13
pad,51,0.1,M1,29,False,0.85,0.8787878787878788,0.0,1.0,1.0,4.7,20
pad,51,0.1,M2,153,False,0.844311377245509,0.8721264367816091,0.0,1.0,1.0,4.940119760479042,167
pad,51,0.1,M3,70,False,0.8970588235294118,0.93,0.0,1.0,1.0,5.294117647058823,68
pad,51,0.1,M4,7,True,1.0,1.0,0.0,1.0,1.0,6.384615384615385,13
pad,51,0.1,M5,2,True,1.0,1.0,0.0,1.0,1.0,6.0,3
pad,51,0.15,B,28,False,1.0,1.0,,1.0,1.0,4.230769230769231,13
pad,51,0.15,M1,29,False,0.85,0.8787878787878788,0.0,1.0,1.0,4.2,20
pad,51,0.15,M2,153,False,0.7964071856287425,0.8369252873563219,0.0,1.0,1.0,4.3293413173652695,167
pad,51,0.15,M3,70,False,0.8823529411764706,0.91,0.0,1.0,1.0,4.6911764705882355,68
pad,51,0.15,M4,7,False,1.0,1.0,0.0,1.0,1.0,5.769230769230769,13
pad,51,0.15,M5,2,True,1.0,1.0,0.0,1.0,1.0,6.0,3
hiba,52,0.05,B,164,False,1.0,1.0,,1.0,1.0,6.624,125
hiba,52,0.05,M1,25,False,1.0,1.0,0.0,1.0,1.0,6.8,15
hiba,52,0.05,M2,222,False,0.9834710743801653,0.978494623655914,0.0,1.0,1.0,7.520661157024794,121
hiba,52,0.05,M3,22,False,0.9444444444444444,0.9166666666666666,0.0,1.0,1.0,6.722222222222222,18
hiba,52,0.1,B,164,False,0.952,0.9256756756756757,,0.992,0.9977477477477477,4.672,125
hiba,52,0.1,M1,25,False,0.9333333333333333,0.9444444444444444,0.0,1.0,1.0,4.933333333333334,15
hiba,52,0.1,M2,222,False,0.9752066115702479,0.9731182795698925,0.0,1.0,1.0,5.9421487603305785,121
hiba,52,0.1,M3,22,False,0.9444444444444444,0.9166666666666666,0.0,1.0,1.0,5.888888888888889,18
hiba,52,0.15,B,164,False,0.832,0.8054054054054054,,0.968,0.9752252252252253,3.616,125
hiba,52,0.15,M1,25,False,0.9333333333333333,0.9444444444444444,0.0,1.0,1.0,3.466666666666667,15
hiba,52,0.15,M2,222,False,0.9752066115702479,0.9731182795698925,0.0,1.0,1.0,4.917355371900826,121
hiba,52,0.15,M3,22,False,0.8333333333333334,0.75,0.0,1.0,1.0,3.611111111111111,18
pad,52,0.05,B,22,False,0.9523809523809523,0.9411764705882353,,1.0,1.0,6.0476190476190474,21
pad,52,0.05,M1,25,False,1.0,1.0,0.0,1.0,1.0,5.678571428571429,28
pad,52,0.05,M2,156,False,0.9810126582278481,0.9896755162241887,0.0,1.0,1.0,5.7025316455696204,158
pad,52,0.05,M3,82,False,1.0,1.0,0.0,1.0,1.0,5.818181818181818,66
pad,52,0.05,M4,13,True,1.0,1.0,0.0,1.0,1.0,6.5,6
pad,52,0.05,M5,2,True,1.0,1.0,0.0,1.0,1.0,6.25,4
pad,52,0.1,B,22,False,0.9523809523809523,0.9411764705882353,,1.0,1.0,4.857142857142857,21
pad,52,0.1,M1,25,False,1.0,1.0,0.0,1.0,1.0,5.535714285714286,28
pad,52,0.1,M2,156,False,0.8417721518987342,0.8525073746312684,0.0,1.0,1.0,4.822784810126582,158
pad,52,0.1,M3,82,False,0.8787878787878788,0.868421052631579,0.0,1.0,1.0,5.075757575757576,66
pad,52,0.1,M4,13,False,1.0,1.0,0.0,1.0,1.0,6.166666666666667,6
pad,52,0.1,M5,2,True,1.0,1.0,0.0,1.0,1.0,6.25,4
pad,52,0.15,B,22,False,0.9523809523809523,0.9411764705882353,,1.0,1.0,4.285714285714286,21
pad,52,0.15,M1,25,False,1.0,1.0,0.0,1.0,1.0,5.285714285714286,28
pad,52,0.15,M2,156,False,0.7468354430379747,0.7581120943952802,0.0,1.0,1.0,4.113924050632911,158
pad,52,0.15,M3,82,False,0.8333333333333334,0.8223684210526315,0.0,1.0,1.0,4.393939393939394,66
pad,52,0.15,M4,13,False,1.0,1.0,0.0,1.0,1.0,4.833333333333333,6
pad,52,0.15,M5,2,True,1.0,1.0,0.0,1.0,1.0,6.0,4
hiba,53,0.05,B,161,False,1.0,1.0,,1.0,1.0,6.795321637426901,171
hiba,53,0.05,M1,23,False,0.8947368421052632,0.890909090909091,0.0,1.0,1.0,6.2105263157894735,19
hiba,53,0.05,M2,221,False,1.0,1.0,0.0,1.0,1.0,7.283333333333333,120
hiba,53,0.05,M3,24,False,1.0,1.0,0.0,1.0,1.0,6.909090909090909,11
hiba,53,0.1,B,161,False,0.9824561403508771,0.9675324675324676,,0.9941520467836257,0.9978354978354977,5.029239766081871,171
hiba,53,0.1,M1,23,False,0.8947368421052632,0.890909090909091,0.0,1.0,1.0,4.368421052631579,19
hiba,53,0.1,M2,221,False,0.9416666666666667,0.9361702127659575,0.0,1.0,1.0,5.491666666666666,120
hiba,53,0.1,M3,24,False,1.0,1.0,0.0,1.0,1.0,5.636363636363637,11
hiba,53,0.15,B,161,False,0.9649122807017544,0.9437229437229436,,0.9766081871345029,0.987012987012987,4.111111111111111,171
hiba,53,0.15,M1,23,False,0.8947368421052632,0.890909090909091,0.0,1.0,1.0,3.6842105263157894,19
hiba,53,0.15,M2,221,False,0.8833333333333333,0.8826241134751773,0.0,1.0,1.0,4.708333333333333,120
hiba,53,0.15,M3,24,False,1.0,1.0,0.0,1.0,1.0,5.0,11
pad,53,0.05,B,29,False,1.0,1.0,,1.0,1.0,5.333333333333333,12
pad,53,0.05,M1,24,False,1.0,1.0,0.0,1.0,1.0,5.75,28
pad,53,0.05,M2,161,False,0.90625,0.9143518518518519,0.0,1.0,1.0,5.2375,160
pad,53,0.05,M3,67,False,0.9868421052631579,0.9905660377358491,0.0,1.0,1.0,5.618421052631579,76
pad,53,0.05,M4,11,True,1.0,1.0,0.0,1.0,1.0,6.166666666666667,6
pad,53,0.05,M5,4,True,1.0,1.0,0.0,1.0,1.0,6.5,2
pad,53,0.1,B,29,False,0.9166666666666666,0.9,,1.0,1.0,4.5,12
pad,53,0.1,M1,24,False,0.9642857142857143,0.96875,0.0,1.0,1.0,5.107142857142857,28
pad,53,0.1,M2,161,False,0.85625,0.8680555555555556,0.0,1.0,1.0,4.525,160
pad,53,0.1,M3,67,False,0.9210526315789473,0.9245283018867925,0.0,1.0,1.0,4.815789473684211,76
pad,53,0.1,M4,11,False,0.8333333333333334,0.8333333333333334,0.0,1.0,1.0,5.5,6
pad,53,0.1,M5,4,True,1.0,1.0,0.0,1.0,1.0,6.0,2
pad,53,0.15,B,29,False,0.8333333333333334,0.8,,1.0,1.0,4.166666666666667,12
pad,53,0.15,M1,24,False,0.9285714285714286,0.9375,0.0,1.0,1.0,4.857142857142857,28
pad,53,0.15,M2,161,False,0.8125,0.8294753086419754,0.0,1.0,1.0,4.30625,160
pad,53,0.15,M3,67,False,0.8552631578947368,0.8490566037735849,0.0,1.0,1.0,4.4605263157894735,76
pad,53,0.15,M4,11,False,0.8333333333333334,0.8333333333333334,0.0,1.0,1.0,5.333333333333333,6
pad,53,0.15,M5,4,True,1.0,1.0,0.0,1.0,1.0,6.0,2
hiba,54,0.05,B,162,False,0.9809160305343512,0.9517543859649124,,1.0,1.0,5.843511450381679,262
hiba,54,0.05,M1,28,False,0.9166666666666666,0.8333333333333334,0.0,1.0,1.0,6.583333333333333,12
hiba,54,0.05,M2,219,False,0.9523809523809523,0.953125,0.0,1.0,1.0,6.373015873015873,126
hiba,54,0.05,M3,25,False,1.0,1.0,0.0,1.0,1.0,6.615384615384615,13
hiba,54,0.1,B,162,False,0.9732824427480916,0.9364035087719297,,0.9961832061068703,0.9992260061919505,4.958015267175573,262
hiba,54,0.1,M1,28,False,0.8333333333333334,0.7999999999999999,0.0,1.0,1.0,5.416666666666667,12
hiba,54,0.1,M2,219,False,0.8888888888888888,0.8802083333333334,0.0,1.0,1.0,5.650793650793651,126
hiba,54,0.1,M3,25,False,1.0,1.0,0.0,1.0,1.0,6.230769230769231,13
hiba,54,0.15,B,162,False,0.9465648854961832,0.8888157894736842,,0.9847328244274809,0.9838751289989681,3.99618320610687,262
hiba,54,0.15,M1,28,False,0.75,0.7166666666666667,0.0,1.0,1.0,3.5,12
hiba,54,0.15,M2,219,False,0.8571428571428571,0.8559027777777778,0.0,1.0,1.0,4.746031746031746,126
hiba,54,0.15,M3,25,False,1.0,1.0,0.0,1.0,1.0,5.3076923076923075,13
pad,54,0.05,B,26,False,1.0,1.0,,1.0,1.0,5.928571428571429,14
pad,54,0.05,M1,27,False,0.95,0.9615384615384616,0.0,1.0,1.0,5.6,20
pad,54,0.05,M2,157,False,0.9503105590062112,0.956845238095238,0.0,1.0,1.0,5.590062111801243,161
pad,54,0.05,M3,68,False,0.9868421052631579,0.9807692307692307,0.0,1.0,1.0,5.75,76
pad,54,0.05,M4,12,True,1.0,1.0,0.0,1.0,1.0,6.285714285714286,7
pad,54,0.05,M5,3,True,1.0,1.0,0.0,1.0,1.0,6.0,2
pad,54,0.1,B,26,False,0.9285714285714286,0.9230769230769231,,1.0,1.0,4.857142857142857,14
pad,54,0.1,M1,27,False,0.75,0.782051282051282,0.0,1.0,1.0,4.35,20
pad,54,0.1,M2,157,False,0.937888198757764,0.9434523809523808,0.0,1.0,1.0,5.24223602484472,161
pad,54,0.1,M3,68,False,0.9473684210526315,0.9567307692307693,0.0,1.0,1.0,5.447368421052632,76
pad,54,0.1,M4,12,False,0.42857142857142855,0.4666666666666667,0.0,1.0,1.0,4.571428571428571,7
pad,54,0.1,M5,3,True,1.0,1.0,0.0,1.0,1.0,6.0,2
pad,54,0.15,B,26,False,0.8571428571428571,0.8461538461538461,,1.0,1.0,4.071428571428571,14
pad,54,0.15,M1,27,False,0.75,0.782051282051282,0.0,1.0,1.0,3.7,20
pad,54,0.15,M2,157,False,0.9316770186335404,0.9345238095238094,0.0,1.0,1.0,4.683229813664596,161
pad,54,0.15,M3,68,False,0.881578947368421,0.8942307692307693,0.0,1.0,1.0,4.723684210526316,76
pad,54,0.15,M4,12,False,0.42857142857142855,0.4666666666666667,0.0,1.0,1.0,4.0,7
pad,54,0.15,M5,3,True,1.0,1.0,0.0,1.0,1.0,6.0,2
hiba,55,0.05,B,166,False,0.9772727272727273,0.9444444444444444,,1.0,1.0,5.877272727272727,220
hiba,55,0.05,M1,22,False,1.0,1.0,0.0,1.0,1.0,6.35,20
hiba,55,0.05,M2,223,False,0.9421487603305785,0.9239130434782609,0.0,1.0,1.0,6.190082644628099,121
hiba,55,0.05,M3,23,False,1.0,1.0,0.0,1.0,1.0,6.444444444444445,18
hiba,55,0.1,B,166,False,0.9363636363636364,0.8379629629629629,,0.990909090909091,0.996868191721133,4.25,220
hiba,55,0.1,M1,22,False,1.0,1.0,0.0,1.0,1.0,4.45,20
hiba,55,0.1,M2,223,False,0.8677685950413223,0.8315217391304348,0.0,1.0,1.0,4.768595041322314,121
hiba,55,0.1,M3,23,False,1.0,1.0,0.0,1.0,1.0,5.0,18
hiba,55,0.15,B,166,False,0.9136363636363637,0.7951388888888888,,0.9818181818181818,0.9899237472766885,3.6272727272727274,220
hiba,55,0.15,M1,22,False,0.8,0.8194444444444445,0.05,0.95,0.9722222222222222,3.0,20
hiba,55,0.15,M2,223,False,0.8016528925619835,0.784963768115942,0.024793388429752067,0.9752066115702479,0.9855072463768116,4.099173553719008,121
hiba,55,0.15,M3,23,False,1.0,1.0,0.0,1.0,1.0,4.666666666666667,18
pad,55,0.05,B,24,False,1.0,1.0,,1.0,1.0,6.052631578947368,19
pad,55,0.05,M1,25,False,1.0,1.0,0.0,1.0,1.0,5.793103448275862,29
pad,55,0.05,M2,151,False,0.9941860465116279,0.9957627118644068,0.0,1.0,1.0,5.773255813953488,172
pad,55,0.05,M3,72,False,1.0,1.0,0.0,1.0,1.0,5.569230769230769,65
pad,55,0.05,M4,13,True,1.0,1.0,0.0,1.0,1.0,6.25,4
pad,55,0.05,M5,3,True,1.0,1.0,0.0,1.0,1.0,6.0,2
pad,55,0.1,B,24,False,0.8947368421052632,0.8666666666666667,,1.0,1.0,4.578947368421052,19
pad,55,0.1,M1,25,False,1.0,1.0,0.0,1.0,1.0,5.413793103448276,29
pad,55,0.1,M2,151,False,0.9069767441860465,0.913135593220339,0.0,1.0,1.0,4.656976744186046,172
pad,55,0.1,M3,72,False,0.9384615384615385,0.9479166666666666,0.0,1.0,1.0,4.907692307692308,65
pad,55,0.1,M4,13,False,1.0,1.0,0.0,1.0,1.0,6.0,4
pad,55,0.1,M5,3,True,1.0,1.0,0.0,1.0,1.0,6.0,2
pad,55,0.15,B,24,False,0.7894736842105263,0.7333333333333333,,1.0,1.0,3.8421052631578947,19
pad,55,0.15,M1,25,False,1.0,1.0,0.0,1.0,1.0,5.0,29
pad,55,0.15,M2,151,False,0.872093023255814,0.8848870056497175,0.0,1.0,1.0,4.1976744186046515,172
pad,55,0.15,M3,72,False,0.8769230769230769,0.875,0.0,1.0,1.0,4.369230769230769,65
pad,55,0.15,M4,13,False,1.0,1.0,0.0,1.0,1.0,4.5,4
pad,55,0.15,M5,3,True,1.0,1.0,0.0,1.0,1.0,6.0,2
hiba,56,0.05,B,163,False,0.9709302325581395,0.9333333333333333,,1.0,1.0,6.145348837209302,172
hiba,56,0.05,M1,21,False,0.96,0.9230769230769231,0.0,1.0,1.0,5.96,25
hiba,56,0.05,M2,227,False,0.9910714285714286,0.9886363636363636,0.0,1.0,1.0,6.446428571428571,112
hiba,56,0.05,M3,25,False,1.0,1.0,0.0,1.0,1.0,6.5,10
hiba,56,0.1,B,163,False,0.9534883720930233,0.9022222222222223,,0.9883720930232558,0.9906666666666666,4.715116279069767,172
hiba,56,0.1,M1,21,False,0.88,0.882051282051282,0.0,1.0,1.0,4.32,25
hiba,56,0.1,M2,227,False,0.9821428571428571,0.9829545454545454,0.0,1.0,1.0,5.098214285714286,112
hiba,56,0.1,M3,25,False,0.9,0.8888888888888888,0.0,1.0,1.0,5.3,10
hiba,56,0.15,B,163,False,0.9186046511627907,0.8435555555555555,,0.9883720930232558,0.9911111111111113,4.0523255813953485,172
hiba,56,0.15,M1,21,False,0.88,0.882051282051282,0.0,1.0,1.0,4.0,25
hiba,56,0.15,M2,227,False,0.9642857142857143,0.9659090909090909,0.0,1.0,1.0,4.669642857142857,112
hiba,56,0.15,M3,25,False,0.9,0.8888888888888888,0.0,1.0,1.0,4.4,10
pad,56,0.05,B,19,False,0.9047619047619048,0.9,,1.0,1.0,5.428571428571429,21
pad,56,0.05,M1,24,False,1.0,1.0,0.0,1.0,1.0,5.615384615384615,26
pad,56,0.05,M2,164,False,0.948051948051948,0.9587301587301587,0.0,1.0,1.0,5.396103896103896,154
pad,56,0.05,M3,76,False,0.9298245614035088,0.9318181818181818,0.0,1.0,1.0,5.315789473684211,57
pad,56,0.05,M4,12,True,1.0,1.0,0.0,1.0,1.0,6.0,5
pad,56,0.05,M5,1,True,1.0,1.0,0.0,1.0,1.0,6.2,5
pad,56,0.1,B,19,False,0.9047619047619048,0.9,,1.0,1.0,4.666666666666667,21
pad,56,0.1,M1,24,False,1.0,1.0,0.0,1.0,1.0,5.3076923076923075,26
pad,56,0.1,M2,164,False,0.922077922077922,0.9365079365079366,0.0,1.0,1.0,4.766233766233766,154
pad,56,0.1,M3,76,False,0.9122807017543859,0.9204545454545454,0.0,1.0,1.0,4.666666666666667,57
pad,56,0.1,M4,12,False,0.8,0.8,0.0,1.0,1.0,5.2,5
pad,56,0.1,M5,1,True,1.0,1.0,0.0,1.0,1.0,6.0,5
pad,56,0.15,B,19,False,0.9047619047619048,0.9,,1.0,1.0,4.0476190476190474,21
pad,56,0.15,M1,24,False,0.9615384615384616,0.9791666666666666,0.0,1.0,1.0,4.846153846153846,26
pad,56,0.15,M2,164,False,0.8051948051948052,0.8253968253968254,0.0,1.0,1.0,4.2727272727272725,154
pad,56,0.15,M3,76,False,0.8421052631578947,0.8409090909090909,0.0,1.0,1.0,4.368421052631579,57
pad,56,0.15,M4,12,False,0.8,0.8,0.0,1.0,1.0,5.0,5
pad,56,0.15,M5,1,True,1.0,1.0,0.0,1.0,1.0,6.0,5
hiba,57,0.05,B,167,False,0.9847908745247148,0.9683098591549296,,1.0,1.0,6.2091254752851714,263
hiba,57,0.05,M1,25,False,0.9090909090909091,0.8888888888888888,0.0,1.0,1.0,6.454545454545454,11
hiba,57,0.05,M2,217,False,0.9375,0.9413265306122449,0.0,1.0,1.0,6.625,128
hiba,57,0.05,M3,23,False,1.0,1.0,0.0,1.0,1.0,7.0,13
hiba,57,0.1,B,167,False,0.9695817490494296,0.9330985915492958,,0.9961977186311787,0.9991714995857498,4.669201520912548,263
hiba,57,0.1,M1,25,False,0.8181818181818182,0.7777777777777778,0.0,1.0,1.0,4.818181818181818,11
hiba,57,0.1,M2,217,False,0.8671875,0.8639455782312926,0.0,1.0,1.0,5.28125,128
hiba,57,0.1,M3,23,False,1.0,1.0,0.0,1.0,1.0,5.846153846153846,13
hiba,57,0.15,B,167,False,0.9429657794676806,0.8657276995305163,,0.9885931558935361,0.9874344103838719,3.9657794676806084,263
hiba,57,0.15,M1,25,False,0.8181818181818182,0.7777777777777778,0.0,1.0,1.0,3.727272727272727,11
hiba,57,0.15,M2,217,False,0.84375,0.8435374149659864,0.0,1.0,1.0,4.6796875,128
hiba,57,0.15,M3,23,False,1.0,1.0,0.0,1.0,1.0,5.615384615384615,13
pad,57,0.05,B,25,False,0.875,0.8571428571428571,,1.0,1.0,5.375,16
pad,57,0.05,M1,24,False,0.9583333333333334,0.96875,0.0,1.0,1.0,5.333333333333333,24
pad,57,0.05,M2,173,False,0.9696969696969697,0.96875,0.0,1.0,1.0,5.378787878787879,132
pad,57,0.05,M3,58,False,0.9239130434782609,0.9193548387096774,0.0,1.0,1.0,5.4021739130434785,92
pad,57,0.05,M4,12,True,1.0,1.0,0.0,1.0,1.0,6.5,6
pad,57,0.05,M5,3,True,1.0,1.0,0.0,1.0,1.0,6.0,2
pad,57,0.1,B,25,False,0.875,0.8571428571428571,,1.0,1.0,4.4375,16
pad,57,0.1,M1,24,False,0.9583333333333334,0.96875,0.0,1.0,1.0,5.125,24
pad,57,0.1,M2,173,False,0.9545454545454546,0.9583333333333334,0.0,1.0,1.0,4.7727272727272725,132
pad,57,0.1,M3,58,False,0.8586956521739131,0.8629032258064516,0.0,1.0,1.0,4.673913043478261,92
pad,57,0.1,M4,12,False,0.6666666666666666,0.7,0.0,1.0,1.0,5.666666666666667,6
pad,57,0.1,M5,3,True,1.0,1.0,0.0,1.0,1.0,6.0,2
pad,57,0.15,B,25,False,0.75,0.7142857142857143,,1.0,1.0,3.875,16
pad,57,0.15,M1,24,False,0.875,0.90625,0.0,1.0,1.0,3.9166666666666665,24
pad,57,0.15,M2,173,False,0.9242424242424242,0.9270833333333334,0.0,1.0,1.0,4.25,132
pad,57,0.15,M3,58,False,0.8478260869565217,0.8467741935483871,0.0,1.0,1.0,4.413043478260869,92
pad,57,0.15,M4,12,False,0.6666666666666666,0.7,0.0,1.0,1.0,5.166666666666667,6
pad,57,0.15,M5,3,True,1.0,1.0,0.0,1.0,1.0,6.0,2
hiba,58,0.05,B,163,False,0.9820627802690582,0.9533333333333334,,1.0,1.0,5.7174887892376685,223
hiba,58,0.05,M1,23,False,0.9333333333333333,0.9090909090909091,0.0,1.0,1.0,5.666666666666667,15
hiba,58,0.05,M2,223,False,0.9732142857142857,0.967391304347826,0.0,1.0,1.0,6.428571428571429,112
hiba,58,0.05,M3,24,False,1.0,1.0,0.0,1.0,1.0,6.75,12
hiba,58,0.1,B,163,False,0.9730941704035875,0.9266666666666666,,1.0,1.0,4.632286995515695,223
hiba,58,0.1,M1,23,False,0.9333333333333333,0.9090909090909091,0.0,1.0,1.0,5.0,15
hiba,58,0.1,M2,223,False,0.9375,0.9347826086956522,0.0,1.0,1.0,5.419642857142857,112
hiba,58,0.1,M3,24,False,1.0,1.0,0.0,1.0,1.0,6.0,12
hiba,58,0.15,B,163,False,0.9506726457399103,0.8862222222222222,,1.0,1.0,3.9103139013452917,223
hiba,58,0.15,M1,23,False,0.9333333333333333,0.9090909090909091,0.0,1.0,1.0,3.8666666666666667,15
hiba,58,0.15,M2,223,False,0.8839285714285714,0.8822463768115942,0.0,1.0,1.0,4.803571428571429,112
hiba,58,0.15,M3,24,False,1.0,1.0,0.0,1.0,1.0,5.833333333333333,12
pad,58,0.05,B,29,False,1.0,1.0,,1.0,1.0,5.2727272727272725,11
pad,58,0.05,M1,13,True,1.0,1.0,0.0,1.0,1.0,5.645833333333333,48
pad,58,0.05,M2,163,False,0.9714285714285714,0.9740566037735849,0.0,1.0,1.0,5.478571428571429,140
pad,58,0.05,M3,73,False,1.0,1.0,0.0,1.0,1.0,5.72972972972973,74
pad,58,0.05,M4,12,True,1.0,1.0,0.0,1.0,1.0,6.333333333333333,6
pad,58,0.05,M5,3,True,1.0,1.0,0.0,1.0,1.0,6.0,2
pad,58,0.1,B,29,False,0.9090909090909091,0.9,,1.0,1.0,4.454545454545454,11
pad,58,0.1,M1,13,False,0.9583333333333334,0.9691358024691359,0.0,1.0,1.0,5.1875,48
pad,58,0.1,M2,163,False,0.9571428571428572,0.964622641509434,0.0,1.0,1.0,4.814285714285714,140
pad,58,0.1,M3,73,False,0.972972972972973,0.9680851063829787,0.0,1.0,1.0,5.175675675675675,74
pad,58,0.1,M4,12,False,0.6666666666666666,0.7,0.0,1.0,1.0,5.666666666666667,6
pad,58,0.1,M5,3,True,1.0,1.0,0.0,1.0,1.0,6.0,2
pad,58,0.15,B,29,False,0.9090909090909091,0.9,,1.0,1.0,3.8181818181818183,11
pad,58,0.15,M1,13,False,0.875,0.8919753086419754,0.0,1.0,1.0,4.479166666666667,48
pad,58,0.15,M2,163,False,0.8571428571428571,0.8577044025157233,0.0,1.0,1.0,4.328571428571428,140
pad,58,0.15,M3,73,False,0.9054054054054054,0.8723404255319149,0.0,1.0,1.0,4.72972972972973,74
pad,58,0.15,M4,12,False,0.6666666666666666,0.7,0.0,1.0,1.0,5.666666666666667,6
pad,58,0.15,M5,3,True,1.0,1.0,0.0,1.0,1.0,6.0,2
hiba,59,0.05,B,177,False,1.0,1.0,,1.0,1.0,6.6706586826347305,167
hiba,59,0.05,M1,22,False,1.0,1.0,0.0,1.0,1.0,7.0,19
hiba,59,0.05,M2,209,False,0.9925373134328358,0.9905660377358491,0.0,1.0,1.0,7.246268656716418,134
hiba,59,0.05,M3,25,False,1.0,1.0,0.0,1.0,1.0,7.444444444444445,9
hiba,59,0.1,B,177,False,0.9760479041916168,0.9344262295081968,,1.0,1.0,4.958083832335329,167
hiba,59,0.1,M1,22,False,1.0,1.0,0.0,1.0,1.0,5.315789473684211,19
hiba,59,0.1,M2,209,False,0.9477611940298507,0.9433962264150944,0.0,1.0,1.0,5.619402985074627,134
hiba,59,0.1,M3,25,False,1.0,1.0,0.0,1.0,1.0,5.888888888888889,9
hiba,59,0.15,B,177,False,0.9221556886227545,0.8327868852459016,,1.0,1.0,3.9161676646706587,167
hiba,59,0.15,M1,22,False,1.0,1.0,0.0,1.0,1.0,3.8421052631578947,19
hiba,59,0.15,M2,209,False,0.9402985074626866,0.9339622641509434,0.0,1.0,1.0,4.843283582089552,134
hiba,59,0.15,M3,25,False,1.0,1.0,0.0,1.0,1.0,5.222222222222222,9
pad,59,0.05,B,25,False,1.0,1.0,,1.0,1.0,5.875,16
pad,59,0.05,M1,28,False,0.9411764705882353,0.9583333333333334,0.0,1.0,1.0,5.588235294117647,17
pad,59,0.05,M2,153,False,0.9940828402366864,0.9913793103448276,0.0,1.0,1.0,5.6923076923076925,169
pad,59,0.05,M3,75,False,0.9836065573770492,0.9944444444444445,0.0,1.0,1.0,5.60655737704918,61
pad,59,0.05,M4,11,True,1.0,1.0,0.0,1.0,1.0,6.333333333333333,9
pad,59,0.05,M5,4,True,1.0,1.0,0.0,1.0,1.0,6.0,1
pad,59,0.1,B,25,False,0.875,0.8571428571428571,,1.0,1.0,4.5625,16
pad,59,0.1,M1,28,False,0.8235294117647058,0.875,0.0,1.0,1.0,4.0588235294117645,17
pad,59,0.1,M2,153,False,0.9171597633136095,0.9173850574712643,0.0,1.0,1.0,4.597633136094674,169
pad,59,0.1,M3,75,False,0.9180327868852459,0.9444444444444444,0.0,1.0,1.0,4.836065573770492,61
pad,59,0.1,M4,11,False,1.0,1.0,0.0,1.0,1.0,5.777777777777778,9
pad,59,0.1,M5,4,True,1.0,1.0,0.0,1.0,1.0,6.0,1
pad,59,0.15,B,25,False,0.8125,0.7857142857142857,,1.0,1.0,4.0,16
pad,59,0.15,M1,28,False,0.7058823529411765,0.75,0.0,1.0,1.0,3.3529411764705883,17
pad,59,0.15,M2,153,False,0.8520710059171598,0.8692528735632183,0.0,1.0,1.0,4.153846153846154,169
pad,59,0.15,M3,75,False,0.8688524590163934,0.9,0.0,1.0,1.0,4.377049180327869,61
pad,59,0.15,M4,11,False,1.0,1.0,0.0,1.0,1.0,5.555555555555555,9
pad,59,0.15,M5,4,True,1.0,1.0,0.0,1.0,1.0,6.0,1
hiba,60,0.05,B,169,False,1.0,1.0,,1.0,1.0,6.735849056603773,159
hiba,60,0.05,M1,28,False,1.0,1.0,0.0,1.0,1.0,7.0,8
hiba,60,0.05,M2,214,False,0.975,0.9702970297029703,0.0,1.0,1.0,7.3,120
hiba,60,0.05,M3,26,False,1.0,1.0,0.0,1.0,1.0,7.222222222222222,9
hiba,60,0.1,B,169,False,0.9245283018867925,0.8666666666666666,,1.0,1.0,4.440251572327044,159
hiba,60,0.1,M1,28,False,1.0,1.0,0.0,1.0,1.0,4.0,8
hiba,60,0.1,M2,214,False,0.9416666666666667,0.9306930693069307,0.0,1.0,1.0,5.225,120
hiba,60,0.1,M3,26,False,1.0,1.0,0.0,1.0,1.0,5.444444444444445,9
hiba,60,0.15,B,169,False,0.8867924528301887,0.8154589371980676,,0.9937106918238994,0.9855072463768116,3.559748427672956,159
hiba,60,0.15,M1,28,False,0.875,0.9166666666666666,0.0,1.0,1.0,3.0,8
hiba,60,0.15,M2,214,False,0.8833333333333333,0.8712871287128713,0.0,1.0,1.0,4.491666666666666,120
hiba,60,0.15,M3,26,False,1.0,1.0,0.0,1.0,1.0,5.111111111111111,9
pad,60,0.05,B,21,False,1.0,1.0,,1.0,1.0,5.25,20
pad,60,0.05,M1,27,False,0.9444444444444444,0.9615384615384616,0.0,1.0,1.0,5.777777777777778,18
pad,60,0.05,M2,164,False,0.8757763975155279,0.8857142857142857,0.0,1.0,1.0,5.254658385093168,161
pad,60,0.05,M3,76,False,0.9558823529411765,0.9602272727272727,0.0,1.0,1.0,5.470588235294118,68
pad,60,0.05,M4,11,True,1.0,1.0,0.0,1.0,1.0,6.25,8
pad,60,0.05,M5,3,True,1.0,1.0,0.0,1.0,1.0,6.333333333333333,3
pad,60,0.1,B,21,False,1.0,1.0,,1.0,1.0,4.8,20
pad,60,0.1,M1,27,False,0.8333333333333334,0.9038461538461539,0.0,1.0,1.0,5.5,18
pad,60,0.1,M2,164,False,0.8260869565217391,0.8428571428571429,0.0,1.0,1.0,4.944099378881988,161
pad,60,0.1,M3,76,False,0.8676470588235294,0.8863636363636364,0.0,1.0,1.0,5.102941176470588,68
pad,60,0.1,M4,11,False,1.0,1.0,0.0,1.0,1.0,6.25,8
pad,60,0.1,M5,3,True,1.0,1.0,0.0,1.0,1.0,6.333333333333333,3
pad,60,0.15,B,21,False,0.9,0.8888888888888888,,1.0,1.0,4.3,20
pad,60,0.15,M1,27,False,0.7222222222222222,0.7884615384615384,0.0,1.0,1.0,4.277777777777778,18
pad,60,0.15,M2,164,False,0.7453416149068323,0.7730158730158729,0.0,1.0,1.0,4.186335403726708,161
pad,60,0.15,M3,76,False,0.8529411764705882,0.8636363636363636,0.0,1.0,1.0,4.5588235294117645,68
pad,60,0.15,M4,11,False,1.0,1.0,0.0,1.0,1.0,5.25,8
pad,60,0.15,M5,3,True,1.0,1.0,0.0,1.0,1.0,6.0,3
hiba,61,0.05,B,158,False,0.9559748427672956,0.9354166666666668,,1.0,1.0,5.572327044025157,159
hiba,61,0.05,M1,24,False,0.875,0.8666666666666668,0.0,1.0,1.0,5.0,16
hiba,61,0.05,M2,224,False,0.9553571428571429,0.9505494505494505,0.0,1.0,1.0,6.508928571428571,112
hiba,61,0.05,M3,24,False,0.9090909090909091,0.9,0.0,1.0,1.0,6.7272727272727275,11
hiba,61,0.1,B,158,False,0.9245283018867925,0.8833333333333332,,1.0,1.0,4.182389937106918,159
hiba,61,0.1,M1,24,False,0.8125,0.8333333333333334,0.0,1.0,1.0,3.9375,16
hiba,61,0.1,M2,224,False,0.9375,0.9285714285714286,0.0,1.0,1.0,5.160714285714286,112
hiba,61,0.1,M3,24,False,0.9090909090909091,0.9,0.0,1.0,1.0,5.454545454545454,11
hiba,61,0.15,B,158,False,0.8805031446540881,0.8197916666666666,,0.9685534591194969,0.9796875,3.5220125786163523,159
hiba,61,0.15,M1,24,False,0.5,0.45,0.125,0.875,0.9166666666666667,3.125,16
hiba,61,0.15,M2,224,False,0.8928571428571429,0.8846153846153846,0.0,1.0,1.0,4.464285714285714,112
hiba,61,0.15,M3,24,False,0.9090909090909091,0.9,0.0,1.0,1.0,4.818181818181818,11
pad,61,0.05,B,22,False,0.9444444444444444,0.9411764705882353,,1.0,1.0,5.611111111111111,18
pad,61,0.05,M1,27,False,0.9523809523809523,0.9615384615384616,0.0,1.0,1.0,5.714285714285714,21
pad,61,0.05,M2,160,False,0.9811320754716981,0.9770642201834863,0.0,1.0,1.0,5.8742138364779874,159
pad,61,0.05,M3,78,False,0.9830508474576272,0.9761904761904762,0.0,1.0,1.0,5.627118644067797,59
pad,61,0.05,M4,9,True,1.0,1.0,0.0,1.0,1.0,6.3,10
pad,61,0.05,M5,2,True,1.0,1.0,0.0,1.0,1.0,6.0,3
pad,61,0.1,B,22,False,0.9444444444444444,0.9411764705882353,,1.0,1.0,4.444444444444445,18
pad,61,0.1,M1,27,False,0.8095238095238095,0.8461538461538461,0.0,1.0,1.0,4.809523809523809,21
pad,61,0.1,M2,160,False,0.9371069182389937,0.9434250764525993,0.0,1.0,1.0,5.29559748427673,159
pad,61,0.1,M3,78,False,0.9661016949152542,0.9642857142857143,0.0,1.0,1.0,5.288135593220339,59
pad,61,0.1,M4,9,False,0.4,0.4166666666666667,0.0,1.0,1.0,4.4,10
pad,61,0.1,M5,2,True,1.0,1.0,0.0,1.0,1.0,6.0,3
pad,61,0.15,B,22,False,0.8888888888888888,0.8823529411764706,,1.0,1.0,3.7777777777777777,18
pad,61,0.15,M1,27,False,0.7619047619047619,0.8076923076923077,0.0,1.0,1.0,3.9523809523809526,21
pad,61,0.15,M2,160,False,0.8930817610062893,0.8990825688073395,0.0,1.0,1.0,4.50314465408805,159
pad,61,0.15,M3,78,False,0.9661016949152542,0.9642857142857143,0.0,1.0,1.0,4.779661016949152,59
pad,61,0.15,M4,9,False,0.4,0.4166666666666667,0.0,1.0,1.0,3.9,10
pad,61,0.15,M5,2,True,1.0,1.0,0.0,1.0,1.0,6.0,3
hiba,62,0.05,B,169,False,0.9691358024691358,0.9528985507246377,,1.0,1.0,5.635802469135802,162
hiba,62,0.05,M1,22,False,0.9411764705882353,0.9166666666666666,0.0,1.0,1.0,6.117647058823529,17
hiba,62,0.05,M2,220,False,0.8914728682170543,0.9,0.0,1.0,1.0,6.054263565891473,129
hiba,62,0.05,M3,23,False,1.0,1.0,0.0,1.0,1.0,6.5625,16
hiba,62,0.1,B,169,False,0.9259259259259259,0.8731884057971014,,0.9938271604938271,0.9927536231884058,4.12962962962963,162
hiba,62,0.1,M1,22,False,0.9411764705882353,0.9166666666666666,0.0,1.0,1.0,4.470588235294118,17
hiba,62,0.1,M2,220,False,0.8062015503875969,0.7947368421052632,0.0,1.0,1.0,4.829457364341085,129
hiba,62,0.1,M3,23,False,0.9375,0.9090909090909091,0.0,1.0,1.0,4.9375,16
hiba,62,0.15,B,169,False,0.8827160493827161,0.8134522482348568,,0.9629629629629629,0.9829369503282546,3.1481481481481484,162
hiba,62,0.15,M1,22,False,0.8823529411764706,0.8333333333333334,0.0,1.0,1.0,3.9411764705882355,17
hiba,62,0.15,M2,220,False,0.7441860465116279,0.7347368421052631,0.015503875968992248,0.9844961240310077,0.9842105263157894,4.155038759689923,129
hiba,62,0.15,M3,23,False,0.875,0.8181818181818182,0.0,1.0,1.0,4.1875,16
pad,62,0.05,B,25,False,1.0,1.0,,1.0,1.0,5.294117647058823,17
pad,62,0.05,M1,23,False,0.9393939393939394,0.9264705882352942,0.0,1.0,1.0,5.0,33
pad,62,0.05,M2,172,False,0.9343065693430657,0.9415807560137457,0.0,1.0,1.0,5.489051094890511,137
pad,62,0.05,M3,70,False,0.9743589743589743,0.975,0.0,1.0,1.0,5.564102564102564,78
pad,62,0.05,M4,9,True,1.0,1.0,0.0,1.0,1.0,6.125,8
pad,62,0.05,M5,4,True,1.0,1.0,0.0,1.0,1.0,6.0,1
pad,62,0.1,B,25,False,1.0,1.0,,1.0,1.0,4.411764705882353,17
pad,62,0.1,M1,23,False,0.9090909090909091,0.8970588235294118,0.0,1.0,1.0,4.636363636363637,33
pad,62,0.1,M2,172,False,0.8467153284671532,0.8513745704467354,0.0,1.0,1.0,4.985401459854015,137
pad,62,0.1,M3,70,False,0.8974358974358975,0.92,0.0,1.0,1.0,5.166666666666667,78
pad,62,0.1,M4,9,False,0.875,0.875,0.0,1.0,1.0,5.375,8
pad,62,0.1,M5,4,True,1.0,1.0,0.0,1.0,1.0,6.0,1
pad,62,0.15,B,25,False,1.0,1.0,,1.0,1.0,4.0588235294117645,17
pad,62,0.15,M1,23,False,0.7878787878787878,0.7941176470588235,0.0,1.0,1.0,3.757575757575758,33
pad,62,0.15,M2,172,False,0.7591240875912408,0.7783505154639175,0.0,1.0,1.0,4.605839416058394,137
pad,62,0.15,M3,70,False,0.8717948717948718,0.88,0.0,1.0,1.0,4.846153846153846,78
pad,62,0.15,M4,9,False,0.875,0.875,0.0,1.0,1.0,5.375,8
pad,62,0.15,M5,4,True,1.0,1.0,0.0,1.0,1.0,6.0,1
hiba,63,0.05,B,171,False,0.975609756097561,0.9527363184079602,,1.0,1.0,5.84390243902439,205
hiba,63,0.05,M1,25,False,1.0,1.0,0.0,1.0,1.0,6.705882352941177,17
hiba,63,0.05,M2,217,False,0.944,0.9387755102040817,0.0,1.0,1.0,6.12,125
hiba,63,0.05,M3,21,False,1.0,1.0,0.0,1.0,1.0,6.666666666666667,15
hiba,63,0.1,B,171,False,0.9560975609756097,0.9129353233830846,,0.9951219512195122,0.9975124378109455,4.6048780487804875,205
hiba,63,0.1,M1,25,False,1.0,1.0,0.0,1.0,1.0,4.764705882352941,17
hiba,63,0.1,M2,217,False,0.904,0.8996598639455783,0.0,1.0,1.0,4.992,125
hiba,63,0.1,M3,21,False,1.0,1.0,0.0,1.0,1.0,5.733333333333333,15
hiba,63,0.15,B,171,False,0.9170731707317074,0.8159203980099502,,0.9902439024390244,0.9950248756218905,3.9073170731707316,205
hiba,63,0.15,M1,25,False,0.8823529411764706,0.8888888888888888,0.0,1.0,1.0,4.0588235294117645,17
hiba,63,0.15,M2,217,False,0.872,0.870748299319728,0.0,1.0,1.0,4.36,125
hiba,63,0.15,M3,21,False,1.0,1.0,0.0,1.0,1.0,5.266666666666667,15
pad,63,0.05,B,24,False,1.0,1.0,,1.0,1.0,4.944444444444445,18
pad,63,0.05,M1,22,False,1.0,1.0,0.0,1.0,1.0,5.7272727272727275,33
pad,63,0.05,M2,150,False,0.9352941176470588,0.9558823529411765,0.0,1.0,1.0,5.323529411764706,170
pad,63,0.05,M3,74,False,0.9855072463768116,0.9782608695652174,0.0,1.0,1.0,5.63768115942029,69
pad,63,0.05,M4,13,True,1.0,1.0,0.0,1.0,1.0,6.2,5
pad,63,0.05,M5,4,True,1.0,1.0,0.0,1.0,1.0,6.0,1
pad,63,0.1,B,24,False,0.8888888888888888,0.8666666666666667,,1.0,1.0,4.277777777777778,18
pad,63,0.1,M1,22,False,0.9696969696969697,0.9814814814814815,0.0,1.0,1.0,5.151515151515151,33
pad,63,0.1,M2,150,False,0.888235294117647,0.9096638655462185,0.0,1.0,1.0,4.594117647058823,170
pad,63,0.1,M3,74,False,0.9710144927536232,0.967391304347826,0.0,1.0,1.0,4.956521739130435,69
pad,63,0.1,M4,13,False,0.6,0.625,0.0,1.0,1.0,5.2,5
pad,63,0.1,M5,4,True,1.0,1.0,0.0,1.0,1.0,6.0,1
pad,63,0.15,B,24,False,0.8888888888888888,0.8666666666666667,,1.0,1.0,4.055555555555555,18
pad,63,0.15,M1,22,False,0.9393939393939394,0.9537037037037037,0.0,1.0,1.0,4.96969696969697,33
pad,63,0.15,M2,150,False,0.8058823529411765,0.8312324929971988,0.0,1.0,1.0,4.247058823529412,170
pad,63,0.15,M3,74,False,0.8985507246376812,0.8913043478260869,0.0,1.0,1.0,4.594202898550725,69
pad,63,0.15,M4,13,False,0.6,0.625,0.0,1.0,1.0,5.0,5
pad,63,0.15,M5,4,True,1.0,1.0,0.0,1.0,1.0,6.0,1
hiba,64,0.05,B,162,False,0.952,0.9210526315789473,,1.0,1.0,5.896,125
hiba,64,0.05,M1,28,False,1.0,1.0,0.0,1.0,1.0,5.833333333333333,6
hiba,64,0.05,M2,219,False,0.9846153846153847,0.9791666666666666,0.0,1.0,1.0,6.107692307692307,130
hiba,64,0.05,M3,22,False,0.8571428571428571,0.8333333333333334,0.0,1.0,1.0,6.214285714285714,14
hiba,64,0.1,B,162,False,0.904,0.8596491228070177,,1.0,1.0,4.392,125
hiba,64,0.1,M1,28,False,1.0,1.0,0.0,1.0,1.0,4.333333333333333,6
hiba,64,0.1,M2,219,False,0.9461538461538461,0.9375,0.0,1.0,1.0,5.038461538461538,130
hiba,64,0.1,M3,22,False,0.8571428571428571,0.8333333333333334,0.0,1.0,1.0,5.214285714285714,14
hiba,64,0.15,B,162,False,0.864,0.8037280701754387,,0.992,0.9868421052631579,3.632,125
hiba,64,0.15,M1,28,False,1.0,1.0,0.0,1.0,1.0,3.3333333333333335,6
hiba,64,0.15,M2,219,False,0.9,0.8802083333333334,0.0,1.0,1.0,4.407692307692308,130
hiba,64,0.15,M3,22,False,0.7142857142857143,0.6666666666666666,0.0,1.0,1.0,3.642857142857143,14
pad,64,0.05,B,20,False,1.0,1.0,,1.0,1.0,5.333333333333333,21
pad,64,0.05,M1,22,False,1.0,1.0,0.0,1.0,1.0,5.714285714285714,28
pad,64,0.05,M2,163,False,0.9171974522292994,0.9300314465408804,0.0,1.0,1.0,5.191082802547771,157
pad,64,0.05,M3,71,False,0.987012987012987,0.9948979591836735,0.0,1.0,1.0,5.532467532467533,77
pad,64,0.05,M4,11,True,1.0,1.0,0.0,1.0,1.0,6.25,8
pad,64,0.05,M5,4,True,1.0,1.0,0.0,1.0,1.0,6.0,1
pad,64,0.1,B,20,False,1.0,1.0,,1.0,1.0,4.809523809523809,21
pad,64,0.1,M1,22,False,1.0,1.0,0.0,1.0,1.0,5.678571428571429,28
pad,64,0.1,M2,163,False,0.89171974522293,0.9017295597484277,0.0,1.0,1.0,5.019108280254777,157
pad,64,0.1,M3,71,False,0.922077922077922,0.9387755102040817,0.0,1.0,1.0,5.012987012987013,77
pad,64,0.1,M4,11,False,0.875,0.8333333333333334,0.0,1.0,1.0,5.375,8
pad,64,0.1,M5,4,True,1.0,1.0,0.0,1.0,1.0,6.0,1
pad,64,0.15,B,20,False,1.0,1.0,,1.0,1.0,4.380952380952381,21
pad,64,0.15,M1,22,False,0.9285714285714286,0.9166666666666666,0.0,1.0,1.0,4.642857142857143,28
pad,64,0.15,M2,163,False,0.7898089171974523,0.816823899371069,0.0,1.0,1.0,4.643312101910828,157
pad,64,0.15,M3,71,False,0.9090909090909091,0.9183673469387755,0.0,1.0,1.0,4.818181818181818,77
pad,64,0.15,M4,11,False,0.875,0.8333333333333334,0.0,1.0,1.0,5.125,8
pad,64,0.15,M5,4,True,1.0,1.0,0.0,1.0,1.0,6.0,1
hiba,65,0.05,B,160,False,0.9852216748768473,0.9722222222222223,,1.0,1.0,6.221674876847291,203
hiba,65,0.05,M1,24,False,0.7333333333333333,0.7166666666666667,0.0,1.0,1.0,4.866666666666666,15
hiba,65,0.05,M2,221,False,0.9824561403508771,0.9787234042553191,0.0,1.0,1.0,6.798245614035087,114
hiba,65,0.05,M3,24,False,1.0,1.0,0.0,1.0,1.0,6.642857142857143,14
hiba,65,0.1,B,160,False,0.9753694581280788,0.9572649572649572,,1.0,1.0,4.876847290640394,203
hiba,65,0.1,M1,24,False,0.7333333333333333,0.7166666666666667,0.0,1.0,1.0,4.333333333333333,15
hiba,65,0.1,M2,221,False,0.9385964912280702,0.9379432624113476,0.0,1.0,1.0,5.526315789473684,114
hiba,65,0.1,M3,24,False,0.9285714285714286,0.9,0.0,1.0,1.0,5.857142857142857,14
hiba,65,0.15,B,160,False,0.9704433497536946,0.9444444444444443,,0.9852216748768473,0.973604826546003,3.8423645320197046,203
hiba,65,0.15,M1,24,False,0.7333333333333333,0.7166666666666667,0.0,1.0,1.0,3.3333333333333335,15
hiba,65,0.15,M2,221,False,0.8771929824561403,0.8847517730496455,0.0,1.0,1.0,4.754385964912281,114
hiba,65,0.15,M3,24,False,0.8571428571428571,0.8666666666666668,0.0,1.0,1.0,5.142857142857143,14
pad,65,0.05,B,21,False,0.8947368421052632,0.8888888888888888,,1.0,1.0,5.7894736842105265,19
pad,65,0.05,M1,25,False,0.92,0.9444444444444444,0.0,1.0,1.0,5.4,25
pad,65,0.05,M2,159,False,0.9875,0.9924242424242423,0.0,1.0,1.0,5.69375,160
pad,65,0.05,M3,70,False,0.9868421052631579,0.995,0.0,1.0,1.0,5.592105263157895,76
pad,65,0.05,M4,8,True,1.0,1.0,0.0,1.0,1.0,6.3,10
pad,65,0.05,M5,4,True,1.0,1.0,0.0,1.0,1.0,6.5,2
pad,65,0.1,B,21,False,0.8421052631578947,0.8333333333333334,,1.0,1.0,4.894736842105263,19
pad,65,0.1,M1,25,False,0.92,0.9444444444444444,0.0,1.0,1.0,5.16,25
pad,65,0.1,M2,159,False,0.875,0.8977272727272727,0.0,1.0,1.0,4.525,160
pad,65,0.1,M3,70,False,0.8421052631578947,0.85,0.0,1.0,1.0,4.4868421052631575,76
pad,65,0.1,M4,8,True,1.0,1.0,0.0,1.0,1.0,5.7,10
pad,65,0.1,M5,4,True,1.0,1.0,0.0,1.0,1.0,6.0,2
pad,65,0.15,B,21,False,0.7894736842105263,0.7777777777777778,,1.0,1.0,4.315789473684211,19
pad,65,0.15,M1,25,False,0.84,0.8944444444444444,0.0,1.0,1.0,4.28,25
pad,65,0.15,M2,159,False,0.8,0.8393939393939395,0.0,1.0,1.0,4.125,160
pad,65,0.15,M3,70,False,0.7105263157894737,0.7433333333333333,0.0,1.0,1.0,3.9342105263157894,76
pad,65,0.15,M4,8,False,1.0,1.0,0.0,1.0,1.0,5.5,10
pad,65,0.15,M5,4,True,1.0,1.0,0.0,1.0,1.0,6.0,2
hiba,66,0.05,B,172,False,0.9736842105263158,0.9431818181818182,,1.0,1.0,5.842105263157895,190
hiba,66,0.05,M1,28,False,1.0,1.0,0.0,1.0,1.0,6.166666666666667,6
hiba,66,0.05,M2,209,False,0.9338235294117647,0.9410377358490566,0.0,1.0,1.0,6.404411764705882,136
hiba,66,0.05,M3,24,False,0.9,0.9,0.0,1.0,1.0,6.4,10
hiba,66,0.1,B,172,False,0.9315789473684211,0.866919191919192,,1.0,1.0,3.889473684210526,190
hiba,66,0.1,M1,28,False,1.0,1.0,0.0,1.0,1.0,3.6666666666666665,6
hiba,66,0.1,M2,209,False,0.8676470588235294,0.8789308176100628,0.0,1.0,1.0,5.073529411764706,136
hiba,66,0.1,M3,24,False,0.7,0.7,0.0,1.0,1.0,5.0,10
hiba,66,0.15,B,172,False,0.9157894736842105,0.8335858585858587,,0.9526315789473684,0.9978354978354979,3.126315789473684,190
hiba,66,0.15,M1,28,False,1.0,1.0,0.0,1.0,1.0,3.0,6
hiba,66,0.15,M2,209,False,0.8235294117647058,0.8364779874213836,0.0,1.0,1.0,4.5588235294117645,136
hiba,66,0.15,M3,24,False,0.7,0.7,0.0,1.0,1.0,4.3,10
pad,66,0.05,B,26,False,1.0,1.0,,1.0,1.0,5.2,15
pad,66,0.05,M1,22,False,0.9655172413793104,0.9722222222222222,0.0,1.0,1.0,5.482758620689655,29
pad,66,0.05,M2,156,False,0.9036144578313253,0.9299410029498526,0.0,1.0,1.0,5.337349397590361,166
pad,66,0.05,M3,80,False,0.9629629629629629,0.96875,0.0,1.0,1.0,5.722222222222222,54
pad,66,0.05,M4,11,True,1.0,1.0,0.0,1.0,1.0,6.285714285714286,7
pad,66,0.05,M5,3,True,1.0,1.0,0.0,1.0,1.0,6.333333333333333,3
pad,66,0.1,B,26,False,1.0,1.0,,1.0,1.0,4.6,15
pad,66,0.1,M1,22,False,0.9655172413793104,0.9722222222222222,0.0,1.0,1.0,5.344827586206897,29
pad,66,0.1,M2,156,False,0.8433734939759037,0.8746312684365782,0.0,1.0,1.0,5.018072289156627,166
pad,66,0.1,M3,80,False,0.9444444444444444,0.9625,0.0,1.0,1.0,5.574074074074074,54
pad,66,0.1,M4,11,False,1.0,1.0,0.0,1.0,1.0,6.285714285714286,7
pad,66,0.1,M5,3,True,1.0,1.0,0.0,1.0,1.0,6.333333333333333,3
pad,66,0.15,B,26,False,1.0,1.0,,1.0,1.0,4.133333333333334,15
pad,66,0.15,M1,22,False,0.9310344827586207,0.9444444444444444,0.0,1.0,1.0,4.137931034482759,29
pad,66,0.15,M2,156,False,0.7951807228915663,0.8414454277286136,0.0,1.0,1.0,4.301204819277109,166
pad,66,0.15,M3,80,False,0.9074074074074074,0.9125,0.0,1.0,1.0,4.962962962962963,54
pad,66,0.15,M4,11,False,1.0,1.0,0.0,1.0,1.0,6.0,7
pad,66,0.15,M5,3,True,1.0,1.0,0.0,1.0,1.0,6.0,3
hiba,67,0.05,B,180,False,0.9504950495049505,0.9396551724137931,,1.0,1.0,5.96039603960396,101
hiba,67,0.05,M1,19,False,1.0,1.0,0.0,1.0,1.0,6.214285714285714,28
hiba,67,0.05,M2,221,False,0.9758064516129032,0.973404255319149,0.0,1.0,1.0,6.467741935483871,124
hiba,67,0.05,M3,20,False,0.8666666666666667,0.8571428571428571,0.0,1.0,1.0,6.6,15
hiba,67,0.1,B,180,False,0.8514851485148515,0.8183908045977012,,1.0,1.0,4.267326732673268,101
hiba,67,0.1,M1,19,False,0.9285714285714286,0.9444444444444445,0.0,1.0,1.0,4.25,28
hiba,67,0.1,M2,221,False,0.9435483870967742,0.9414893617021277,0.0,1.0,1.0,5.056451612903226,124
hiba,67,0.1,M3,20,False,0.8666666666666667,0.8571428571428571,0.0,1.0,1.0,5.4,15
hiba,67,0.15,B,180,False,0.8217821782178217,0.7804597701149425,,0.9900990099009901,0.9827586206896551,3.7524752475247523,101
hiba,67,0.15,M1,19,False,0.9285714285714286,0.9444444444444445,0.0,1.0,1.0,4.0,28
hiba,67,0.15,M2,221,False,0.9193548387096774,0.9095744680851063,0.0,1.0,1.0,4.362903225806452,124
hiba,67,0.15,M3,20,False,0.8666666666666667,0.8571428571428571,0.0,1.0,1.0,4.933333333333334,15
pad,67,0.05,B,27,False,0.7692307692307693,0.75,,1.0,1.0,5.0,13
pad,67,0.05,M1,21,False,0.9696969696969697,0.9824561403508772,0.0,1.0,1.0,5.242424242424242,33
pad,67,0.05,M2,169,False,0.9444444444444444,0.9508333333333334,0.0,1.0,1.0,5.097222222222222,144
pad,67,0.05,M3,67,False,0.9875,0.9952830188679245,0.0,1.0,1.0,5.25,80
pad,67,0.05,M4,8,True,1.0,1.0,0.0,1.0,1.0,5.8,10
pad,67,0.05,M5,2,True,1.0,1.0,0.0,1.0,1.0,6.0,4
pad,67,0.1,B,27,False,0.6923076923076923,0.6666666666666666,,1.0,1.0,4.6923076923076925,13
pad,67,0.1,M1,21,False,0.9090909090909091,0.9429824561403509,0.0,1.0,1.0,4.484848484848484,33
pad,67,0.1,M2,169,False,0.9097222222222222,0.9175,0.0,1.0,1.0,4.673611111111111,144
pad,67,0.1,M3,67,False,0.9,0.9245283018867925,0.0,1.0,1.0,4.8,80
pad,67,0.1,M4,8,True,1.0,1.0,0.0,1.0,1.0,5.6,10
pad,67,0.1,M5,2,True,1.0,1.0,0.0,1.0,1.0,6.0,4
pad,67,0.15,B,27,False,0.6153846153846154,0.5833333333333334,,1.0,1.0,3.4615384615384617,13
pad,67,0.15,M1,21,False,0.9090909090909091,0.9429824561403509,0.0,1.0,1.0,4.0606060606060606,33
pad,67,0.15,M2,169,False,0.8125,0.8291666666666666,0.0,1.0,1.0,4.083333333333333,144
pad,67,0.15,M3,67,False,0.8875,0.9150943396226415,0.0,1.0,1.0,4.4125,80
pad,67,0.15,M4,8,False,0.6,0.6111111111111112,0.0,1.0,1.0,3.6,10
pad,67,0.15,M5,2,True,1.0,1.0,0.0,1.0,1.0,5.5,4
hiba,68,0.05,B,171,False,0.98125,0.9626865671641791,,1.0,1.0,6.09375,160
hiba,68,0.05,M1,25,False,0.8421052631578947,0.8296296296296296,0.0,1.0,1.0,5.631578947368421,19
hiba,68,0.05,M2,217,False,0.9612403100775194,0.9540816326530612,0.0,1.0,1.0,6.534883720930233,129
hiba,68,0.05,M3,23,False,1.0,1.0,0.0,1.0,1.0,6.611111111111111,18
hiba,68,0.1,B,171,False,0.95,0.8992537313432836,,0.99375,0.9970149253731343,4.54375,160
hiba,68,0.1,M1,25,False,0.8421052631578947,0.8296296296296296,0.0,1.0,1.0,4.315789473684211,19
hiba,68,0.1,M2,217,False,0.9224806201550387,0.9081632653061225,0.0,1.0,1.0,5.170542635658915,129
hiba,68,0.1,M3,23,False,1.0,1.0,0.0,1.0,1.0,5.333333333333333,18
hiba,68,0.15,B,171,False,0.89375,0.8248756218905472,,0.99375,0.9850746268656716,3.96875,160
hiba,68,0.15,M1,25,False,0.8421052631578947,0.8296296296296296,0.0,1.0,1.0,3.8947368421052633,19
hiba,68,0.15,M2,217,False,0.875968992248062,0.8653061224489795,0.0,1.0,1.0,4.503875968992248,129
hiba,68,0.15,M3,23,False,1.0,1.0,0.0,1.0,1.0,4.833333333333333,18
pad,68,0.05,B,16,True,1.0,1.0,,1.0,1.0,7.24,25
pad,68,0.05,M1,22,False,0.9285714285714286,0.9537037037037037,0.0,1.0,1.0,7.821428571428571,28
pad,68,0.05,M2,163,False,0.8980891719745223,0.9095911949685535,0.0,1.0,1.0,7.420382165605096,157
pad,68,0.05,M3,76,False,0.9142857142857143,0.8977272727272727,0.0,1.0,1.0,7.585714285714285,70
pad,68,0.05,M4,12,True,1.0,1.0,0.0,1.0,1.0,8.0,5
pad,68,0.05,M5,3,True,1.0,1.0,0.0,1.0,1.0,8.0,3
pad,68,0.1,B,16,False,0.92,0.9130434782608695,,1.0,1.0,4.64,25
pad,68,0.1,M1,22,False,0.8928571428571429,0.9259259259259258,0.0,1.0,1.0,5.321428571428571,28
pad,68,0.1,M2,163,False,0.8089171974522293,0.8215408805031448,0.0,1.0,1.0,4.777070063694268,157
pad,68,0.1,M3,76,False,0.8142857142857143,0.7840909090909091,0.0,1.0,1.0,4.742857142857143,70
pad,68,0.1,M4,12,False,1.0,1.0,0.0,1.0,1.0,6.4,5
pad,68,0.1,M5,3,True,1.0,1.0,0.0,1.0,1.0,6.333333333333333,3
pad,68,0.15,B,16,False,0.72,0.6956521739130435,,1.0,1.0,3.92,25
pad,68,0.15,M1,22,False,0.8571428571428571,0.898148148148148,0.0,1.0,1.0,4.285714285714286,28
pad,68,0.15,M2,163,False,0.7898089171974523,0.8026729559748429,0.0,1.0,1.0,4.044585987261146,157
pad,68,0.15,M3,76,False,0.7857142857142857,0.7556818181818182,0.0,1.0,1.0,4.057142857142857,70
pad,68,0.15,M4,12,False,1.0,1.0,0.0,1.0,1.0,5.6,5
pad,68,0.15,M5,3,True,1.0,1.0,0.0,1.0,1.0,6.0,3
hiba,69,0.05,B,160,False,1.0,1.0,,1.0,1.0,6.624434389140271,221
hiba,69,0.05,M1,19,False,1.0,1.0,0.0,1.0,1.0,7.148148148148148,27
hiba,69,0.05,M2,227,False,0.9655172413793104,0.9602272727272727,0.0,1.0,1.0,7.129310344827586,116
hiba,69,0.05,M3,25,False,1.0,1.0,0.0,1.0,1.0,6.933333333333334,15
hiba,69,0.1,B,160,False,0.9819004524886877,0.9615384615384616,,0.995475113122172,0.997863247863248,4.886877828054299,221
hiba,69,0.1,M1,19,False,0.8518518518518519,0.8644444444444445,0.0,1.0,1.0,4.296296296296297,27
hiba,69,0.1,M2,227,False,0.9051724137931034,0.8977272727272727,0.0,1.0,1.0,5.491379310344827,116
hiba,69,0.1,M3,25,False,1.0,1.0,0.0,1.0,1.0,5.733333333333333,15
hiba,69,0.15,B,160,False,0.9592760180995475,0.9237179487179487,,0.9819004524886877,0.9743589743589743,3.7918552036199094,221
hiba,69,0.15,M1,19,False,0.8148148148148148,0.7977777777777778,0.0,1.0,1.0,3.3703703703703702,27
hiba,69,0.15,M2,227,False,0.8620689655172413,0.8541666666666665,0.0,1.0,1.0,4.637931034482759,116
hiba,69,0.15,M3,25,False,0.9333333333333333,0.8888888888888888,0.0,1.0,1.0,4.466666666666667,15
pad,69,0.05,B,25,False,1.0,1.0,,1.0,1.0,5.5625,16
pad,69,0.05,M1,22,False,1.0,1.0,0.0,1.0,1.0,5.62962962962963,27
pad,69,0.05,M2,167,False,1.0,1.0,0.0,1.0,1.0,5.722222222222222,144
pad,69,0.05,M3,60,False,0.9361702127659575,0.9291666666666667,0.0,1.0,1.0,5.5212765957446805,94
pad,69,0.05,M4,9,True,1.0,1.0,0.0,1.0,1.0,6.181818181818182,11
pad,69,0.05,M5,4,True,1.0,1.0,0.0,1.0,1.0,6.0,1
pad,69,0.1,B,25,False,1.0,1.0,,1.0,1.0,4.625,16
pad,69,0.1,M1,22,False,0.9629629629629629,0.9814814814814815,0.0,1.0,1.0,5.481481481481482,27
pad,69,0.1,M2,167,False,0.8958333333333334,0.9166666666666666,0.0,1.0,1.0,5.055555555555555,144
pad,69,0.1,M3,60,False,0.8829787234042553,0.8916666666666667,0.0,1.0,1.0,5.0638297872340425,94
pad,69,0.1,M4,9,False,1.0,1.0,0.0,1.0,1.0,6.181818181818182,11
pad,69,0.1,M5,4,True,1.0,1.0,0.0,1.0,1.0,6.0,1
pad,69,0.15,B,25,False,1.0,1.0,,1.0,1.0,4.625,16
pad,69,0.15,M1,22,False,0.9629629629629629,0.9814814814814815,0.0,1.0,1.0,5.444444444444445,27
pad,69,0.15,M2,167,False,0.8888888888888888,0.9133986928104576,0.0,1.0,1.0,4.861111111111111,144
pad,69,0.15,M3,60,False,0.8829787234042553,0.8916666666666667,0.0,1.0,1.0,4.925531914893617,94
pad,69,0.15,M4,9,False,1.0,1.0,0.0,1.0,1.0,6.0,11
pad,69,0.15,M5,4,True,1.0,1.0,0.0,1.0,1.0,6.0,1
hiba,70,0.05,B,173,False,0.9775784753363229,0.9423076923076923,,1.0,1.0,5.57847533632287,223
hiba,70,0.05,M1,23,False,1.0,1.0,0.0,1.0,1.0,6.285714285714286,21
hiba,70,0.05,M2,211,False,0.9044117647058824,0.9134615384615384,0.0,1.0,1.0,6.007352941176471,136
hiba,70,0.05,M3,25,False,1.0,1.0,0.0,1.0,1.0,6.285714285714286,14
hiba,70,0.1,B,173,False,0.9506726457399103,0.8833333333333334,,0.9910313901345291,0.996530920060332,4.15695067264574,223
hiba,70,0.1,M1,23,False,1.0,1.0,0.0,1.0,1.0,4.857142857142857,21
hiba,70,0.1,M2,211,False,0.8455882352941176,0.8413461538461539,0.0,1.0,1.0,4.823529411764706,136
hiba,70,0.1,M3,25,False,1.0,1.0,0.0,1.0,1.0,4.928571428571429,14
hiba,70,0.15,B,173,False,0.9417040358744395,0.8525641025641026,,0.9865470852017937,0.9939668174962291,3.6412556053811658,223
hiba,70,0.15,M1,23,False,1.0,1.0,0.0,1.0,1.0,4.476190476190476,21
hiba,70,0.15,M2,211,False,0.7794117647058824,0.7876602564102565,0.007352941176470588,0.9926470588235294,0.9951923076923077,4.3161764705882355,136
hiba,70,0.15,M3,25,False,1.0,1.0,0.0,1.0,1.0,4.785714285714286,14
pad,70,0.05,B,24,False,1.0,1.0,,1.0,1.0,5.705882352941177,17
pad,70,0.05,M1,25,False,1.0,1.0,0.0,1.0,1.0,5.68,25
pad,70,0.05,M2,153,False,0.9873417721518988,0.9892241379310345,0.0,1.0,1.0,5.829113924050633,158
pad,70,0.05,M3,74,False,0.9701492537313433,0.967391304347826,0.0,1.0,1.0,5.731343283582089,67
pad,70,0.05,M4,10,True,1.0,1.0,0.0,1.0,1.0,6.5,10
pad,70,0.05,M5,2,True,1.0,1.0,0.0,1.0,1.0,6.25,4
pad,70,0.1,B,24,False,1.0,1.0,,1.0,1.0,4.647058823529412,17
pad,70,0.1,M1,25,False,1.0,1.0,0.0,1.0,1.0,5.68,25
pad,70,0.1,M2,153,False,0.9177215189873418,0.9224137931034483,0.0,1.0,1.0,5.310126582278481,158
pad,70,0.1,M3,74,False,0.9402985074626866,0.9347826086956522,0.0,1.0,1.0,5.3283582089552235,67
pad,70,0.1,M4,10,False,0.8,0.7857142857142857,0.0,1.0,1.0,5.7,10
pad,70,0.1,M5,2,True,1.0,1.0,0.0,1.0,1.0,6.25,4
pad,70,0.15,B,24,False,0.9411764705882353,0.9333333333333333,,1.0,1.0,3.8823529411764706,17
pad,70,0.15,M1,25,False,1.0,1.0,0.0,1.0,1.0,4.8,25
pad,70,0.15,M2,153,False,0.8860759493670886,0.8987068965517241,0.0,1.0,1.0,4.537974683544304,158
pad,70,0.15,M3,74,False,0.835820895522388,0.8206521739130435,0.0,1.0,1.0,4.402985074626866,67
pad,70,0.15,M4,10,False,0.8,0.7857142857142857,0.0,1.0,1.0,5.1,10
pad,70,0.15,M5,2,True,1.0,1.0,0.0,1.0,1.0,6.0,4
hiba,71,0.05,B,165,False,1.0,1.0,,1.0,1.0,6.327800829875518,241
hiba,71,0.05,M1,27,False,1.0,1.0,0.0,1.0,1.0,7.416666666666667,12
hiba,71,0.05,M2,223,False,0.926829268292683,0.9184782608695652,0.0,1.0,1.0,6.959349593495935,123
hiba,71,0.05,M3,20,False,1.0,1.0,0.0,1.0,1.0,7.588235294117647,17
hiba,71,0.1,B,165,False,0.9875518672199171,0.958904109589041,,1.0,1.0,4.821576763485477,241
hiba,71,0.1,M1,27,False,1.0,1.0,0.0,1.0,1.0,5.833333333333333,12
hiba,71,0.1,M2,223,False,0.8780487804878049,0.8695652173913043,0.0,1.0,1.0,5.4227642276422765,123
hiba,71,0.1,M3,20,False,1.0,1.0,0.0,1.0,1.0,6.352941176470588,17
hiba,71,0.15,B,165,False,0.9626556016597511,0.8961187214611873,,0.991701244813278,0.9954337899543377,3.921161825726141,241
hiba,71,0.15,M1,27,False,0.8333333333333334,0.7857142857142857,0.0,1.0,1.0,4.25,12
hiba,71,0.15,M2,223,False,0.8455284552845529,0.8396739130434783,0.0,1.0,1.0,4.658536585365853,123
hiba,71,0.15,M3,20,False,1.0,1.0,0.0,1.0,1.0,5.647058823529412,17
pad,71,0.05,B,22,False,1.0,1.0,,1.0,1.0,5.473684210526316,19
pad,71,0.05,M1,24,False,1.0,1.0,0.0,1.0,1.0,5.541666666666667,24
pad,71,0.05,M2,158,False,0.9325153374233128,0.9414414414414415,0.0,1.0,1.0,5.441717791411043,163
pad,71,0.05,M3,76,False,0.9322033898305084,0.9488636363636364,0.0,1.0,1.0,5.372881355932203,59
pad,71,0.05,M4,7,True,1.0,1.0,0.0,1.0,1.0,6.2,10
pad,71,0.05,M5,3,True,1.0,1.0,0.0,1.0,1.0,6.333333333333333,3
pad,71,0.1,B,22,False,1.0,1.0,,1.0,1.0,4.842105263157895,19
pad,71,0.1,M1,24,False,0.9583333333333334,0.9791666666666666,0.0,1.0,1.0,5.458333333333333,24
pad,71,0.1,M2,158,False,0.8773006134969326,0.8888888888888888,0.0,1.0,1.0,5.104294478527607,163
pad,71,0.1,M3,76,False,0.864406779661017,0.8977272727272727,0.0,1.0,1.0,4.813559322033898,59
pad,71,0.1,M4,7,True,1.0,1.0,0.0,1.0,1.0,6.2,10
pad,71,0.1,M5,3,True,1.0,1.0,0.0,1.0,1.0,6.333333333333333,3
pad,71,0.15,B,22,False,1.0,1.0,,1.0,1.0,4.2631578947368425,19
pad,71,0.15,M1,24,False,0.875,0.8854166666666666,0.0,1.0,1.0,4.375,24
pad,71,0.15,M2,158,False,0.8404907975460123,0.8618618618618618,0.0,1.0,1.0,4.809815950920245,163
pad,71,0.15,M3,76,False,0.847457627118644,0.875,0.0,1.0,1.0,4.677966101694915,59
pad,71,0.15,M4,7,False,0.8,0.8,0.0,1.0,1.0,5.3,10
pad,71,0.15,M5,3,True,1.0,1.0,0.0,1.0,1.0,6.333333333333333,3
hiba,72,0.05,B,177,False,1.0,1.0,,1.0,1.0,6.467948717948718,156
hiba,72,0.05,M1,25,False,1.0,1.0,0.0,1.0,1.0,7.0,10
hiba,72,0.05,M2,207,False,0.9802631578947368,0.9722222222222222,0.0,1.0,1.0,7.368421052631579,152
hiba,72,0.05,M3,23,False,1.0,1.0,0.0,1.0,1.0,6.9411764705882355,17
hiba,72,0.1,B,177,False,0.9871794871794872,0.9672131147540983,,1.0,1.0,4.634615384615385,156
hiba,72,0.1,M1,25,False,1.0,1.0,0.0,1.0,1.0,5.7,10
hiba,72,0.1,M2,207,False,0.9539473684210527,0.9398148148148148,0.0,1.0,1.0,5.572368421052632,152
hiba,72,0.1,M3,23,False,1.0,1.0,0.0,1.0,1.0,5.9411764705882355,17
hiba,72,0.15,B,177,False,0.9551282051282052,0.907103825136612,,0.9807692307692307,0.9799099967855995,3.730769230769231,156
hiba,72,0.15,M1,25,False,1.0,1.0,0.0,1.0,1.0,3.6,10
hiba,72,0.15,M2,207,False,0.9013157894736842,0.8811728395061729,0.0,1.0,1.0,4.697368421052632,152
hiba,72,0.15,M3,23,False,1.0,1.0,0.0,1.0,1.0,4.9411764705882355,17
pad,72,0.05,B,27,False,1.0,1.0,,1.0,1.0,5.5625,16
pad,72,0.05,M1,18,True,1.0,1.0,0.0,1.0,1.0,5.594594594594595,37
pad,72,0.05,M2,159,False,0.972972972972973,0.9825757575757575,0.0,1.0,1.0,5.506756756756757,148
pad,72,0.05,M3,78,False,1.0,1.0,0.0,1.0,1.0,5.611111111111111,72
pad,72,0.05,M4,12,True,1.0,1.0,0.0,1.0,1.0,6.4,5
pad,72,0.05,M5,3,True,1.0,1.0,0.0,1.0,1.0,6.0,2
pad,72,0.1,B,27,False,0.9375,0.9166666666666666,,1.0,1.0,4.6875,16
pad,72,0.1,M1,18,False,0.9459459459459459,0.9621212121212122,0.0,1.0,1.0,5.4324324324324325,37
pad,72,0.1,M2,159,False,0.9121621621621622,0.9310606060606059,0.0,1.0,1.0,5.081081081081081,148
pad,72,0.1,M3,78,False,0.9305555555555556,0.9404761904761905,0.0,1.0,1.0,5.194444444444445,72
pad,72,0.1,M4,12,False,0.8,0.8,0.0,1.0,1.0,6.0,5
pad,72,0.1,M5,3,True,1.0,1.0,0.0,1.0,1.0,6.0,2
pad,72,0.15,B,27,False,0.9375,0.9166666666666666,,1.0,1.0,3.9375,16
pad,72,0.15,M1,18,False,0.8378378378378378,0.8787878787878788,0.0,1.0,1.0,4.243243243243243,37
pad,72,0.15,M2,159,False,0.8648648648648649,0.8825757575757577,0.0,1.0,1.0,4.445945945945946,148
pad,72,0.15,M3,78,False,0.9166666666666666,0.9166666666666666,0.0,1.0,1.0,4.625,72
pad,72,0.15,M4,12,False,0.8,0.8,0.0,1.0,1.0,5.6,5
pad,72,0.15,M5,3,True,1.0,1.0,0.0,1.0,1.0,6.0,2
hiba,73,0.05,B,168,False,0.9946808510638298,0.9857142857142858,,1.0,1.0,5.680851063829787,188
hiba,73,0.05,M1,26,False,1.0,1.0,0.0,1.0,1.0,6.846153846153846,13
hiba,73,0.05,M2,217,False,0.96,0.9540816326530612,0.0,1.0,1.0,6.48,125
hiba,73,0.05,M3,22,False,0.9444444444444444,0.9166666666666666,0.0,1.0,1.0,6.444444444444445,18
hiba,73,0.1,B,168,False,0.9627659574468085,0.9107142857142857,,0.9946808510638298,0.9971428571428571,4.23404255319149,188
hiba,73,0.1,M1,26,False,1.0,1.0,0.0,1.0,1.0,5.769230769230769,13
hiba,73,0.1,M2,217,False,0.848,0.826530612244898,0.0,1.0,1.0,4.968,125
hiba,73,0.1,M3,22,False,0.9444444444444444,0.9166666666666666,0.0,1.0,1.0,5.444444444444445,18
hiba,73,0.15,B,168,False,0.925531914893617,0.8442857142857143,,0.9893617021276596,0.9880952380952379,3.4574468085106385,188
hiba,73,0.15,M1,26,False,0.9230769230769231,0.875,0.0,1.0,1.0,4.6923076923076925,13
hiba,73,0.15,M2,217,False,0.8,0.7913265306122449,0.008,0.992,0.9948979591836735,4.272,125
hiba,73,0.15,M3,22,False,0.9444444444444444,0.9166666666666666,0.0,1.0,1.0,4.888888888888889,18
pad,73,0.05,B,26,False,1.0,1.0,,1.0,1.0,5.733333333333333,15
pad,73,0.05,M1,26,False,1.0,1.0,0.0,1.0,1.0,5.714285714285714,21
pad,73,0.05,M2,150,False,0.9523809523809523,0.9628851540616246,0.0,1.0,1.0,5.553571428571429,168
pad,73,0.05,M3,72,False,0.9841269841269841,0.9947916666666666,0.0,1.0,1.0,5.714285714285714,63
pad,73,0.05,M4,10,True,1.0,1.0,0.0,1.0,1.0,5.857142857142857,7
pad,73,0.05,M5,2,True,1.0,1.0,0.0,1.0,1.0,6.0,3
pad,73,0.1,B,26,False,1.0,1.0,,1.0,1.0,4.866666666666666,15
pad,73,0.1,M1,26,False,0.9523809523809523,0.9761904761904762,0.0,1.0,1.0,5.571428571428571,21
pad,73,0.1,M2,150,False,0.8511904761904762,0.8753501400560223,0.0,1.0,1.0,4.976190476190476,168
pad,73,0.1,M3,72,False,0.9365079365079365,0.9583333333333334,0.0,1.0,1.0,5.507936507936508,63
pad,73,0.1,M4,10,False,1.0,1.0,0.0,1.0,1.0,5.857142857142857,7
pad,73,0.1,M5,2,True,1.0,1.0,0.0,1.0,1.0,6.0,3
pad,73,0.15,B,26,False,1.0,1.0,,1.0,1.0,4.533333333333333,15
pad,73,0.15,M1,26,False,0.9047619047619048,0.9404761904761905,0.0,1.0,1.0,4.9523809523809526,21
pad,73,0.15,M2,150,False,0.7857142857142857,0.818627450980392,0.0,1.0,1.0,4.244047619047619,168
pad,73,0.15,M3,72,False,0.873015873015873,0.8854166666666666,0.0,1.0,1.0,4.73015873015873,63
pad,73,0.15,M4,10,False,1.0,1.0,0.0,1.0,1.0,5.714285714285714,7
pad,73,0.15,M5,2,True,1.0,1.0,0.0,1.0,1.0,6.0,3
hiba,74,0.05,B,181,False,1.0,1.0,,1.0,1.0,6.316939890710382,183
hiba,74,0.05,M1,25,False,1.0,1.0,0.0,1.0,1.0,7.214285714285714,14
hiba,74,0.05,M2,208,False,0.9562043795620438,0.9485981308411215,0.0,1.0,1.0,7.138686131386861,137
hiba,74,0.05,M3,23,False,1.0,1.0,0.0,1.0,1.0,7.125,16
hiba,74,0.1,B,181,False,0.9781420765027322,0.9298245614035088,,0.994535519125683,0.9989680082559339,4.256830601092896,183
hiba,74,0.1,M1,25,False,0.9285714285714286,0.9629629629629631,0.0,1.0,1.0,5.0,14
hiba,74,0.1,M2,208,False,0.9124087591240876,0.9127725856697818,0.0,1.0,1.0,5.2846715328467155,137
hiba,74,0.1,M3,23,False,0.875,0.8181818181818182,0.0,1.0,1.0,4.9375,16
hiba,74,0.15,B,181,False,0.9344262295081968,0.8495614035087719,,0.9726775956284153,0.9741704374057316,3.448087431693989,183
hiba,74,0.15,M1,25,False,0.8571428571428571,0.8518518518518519,0.0,1.0,1.0,4.214285714285714,14
hiba,74,0.15,M2,208,False,0.8540145985401459,0.8496884735202492,0.0,1.0,1.0,4.591240875912408,137
hiba,74,0.15,M3,23,False,0.875,0.8181818181818182,0.0,1.0,1.0,4.4375,16
pad,74,0.05,B,22,False,0.9473684210526315,0.9411764705882353,,1.0,1.0,5.473684210526316,19
pad,74,0.05,M1,25,False,0.9545454545454546,0.9666666666666667,0.0,1.0,1.0,5.454545454545454,22
pad,74,0.05,M2,159,False,0.9503105590062112,0.956060606060606,0.0,1.0,1.0,5.53416149068323,161
pad,74,0.05,M3,72,False,0.9838709677419355,0.9791666666666666,0.0,1.0,1.0,5.467741935483871,62
pad,74,0.05,M4,9,True,1.0,1.0,0.0,1.0,1.0,6.2,10
pad,74,0.05,M5,3,True,1.0,1.0,0.0,1.0,1.0,6.333333333333333,3
pad,74,0.1,B,22,False,0.9473684210526315,0.9411764705882353,,1.0,1.0,4.894736842105263,19
pad,74,0.1,M1,25,False,0.8636363636363636,0.9,0.0,1.0,1.0,4.545454545454546,22
pad,74,0.1,M2,159,False,0.9130434782608695,0.9287878787878787,0.0,1.0,1.0,5.217391304347826,161
pad,74,0.1,M3,72,False,0.9193548387096774,0.9166666666666666,0.0,1.0,1.0,4.951612903225806,62
pad,74,0.1,M4,9,False,1.0,1.0,0.0,1.0,1.0,6.0,10
pad,74,0.1,M5,3,True,1.0,1.0,0.0,1.0,1.0,6.333333333333333,3
pad,74,0.15,B,22,False,0.9473684210526315,0.9411764705882353,,0.9473684210526315,0.9411764705882353,4.368421052631579,19
pad,74,0.15,M1,25,False,0.6363636363636364,0.6666666666666666,0.0,1.0,1.0,3.5454545454545454,22
pad,74,0.15,M2,159,False,0.8695652173913043,0.890151515151515,0.0,1.0,1.0,4.701863354037267,161
pad,74,0.15,M3,72,False,0.8870967741935484,0.8854166666666666,0.0,1.0,1.0,4.5,62
pad,74,0.15,M4,9,False,1.0,1.0,0.0,1.0,1.0,5.6,10
pad,74,0.15,M5,3,True,1.0,1.0,0.0,1.0,1.0,6.0,3
hiba,75,0.05,B,161,False,0.963855421686747,0.9491341991341993,,1.0,1.0,5.698795180722891,166
hiba,75,0.05,M1,29,False,1.0,1.0,0.0,1.0,1.0,6.5,10
hiba,75,0.05,M2,223,False,0.9272727272727272,0.9429347826086957,0.0,1.0,1.0,6.254545454545455,110
hiba,75,0.05,M3,22,False,1.0,1.0,0.0,1.0,1.0,6.5,16
hiba,75,0.1,B,161,False,0.9096385542168675,0.8841991341991341,,0.9879518072289156,0.9970715558950853,4.066265060240964,166
hiba,75,0.1,M1,29,False,0.9,0.9333333333333332,0.0,1.0,1.0,3.6,10
hiba,75,0.1,M2,223,False,0.8454545454545455,0.871376811594203,0.0,1.0,1.0,4.881818181818182,110
hiba,75,0.1,M3,22,False,1.0,1.0,0.0,1.0,1.0,5.6875,16
hiba,75,0.15,B,161,False,0.8975903614457831,0.8582251082251081,,0.9698795180722891,0.9892793481028773,3.5,166
hiba,75,0.15,M1,29,False,0.9,0.9333333333333332,0.0,1.0,1.0,3.4,10
hiba,75,0.15,M2,223,False,0.7636363636363637,0.7916666666666667,0.01818181818181818,0.9818181818181818,0.9909420289855073,4.218181818181818,110
hiba,75,0.15,M3,22,False,1.0,1.0,0.0,1.0,1.0,5.3125,16
pad,75,0.05,B,24,False,1.0,1.0,,1.0,1.0,5.117647058823529,17
pad,75,0.05,M1,22,False,1.0,1.0,0.0,1.0,1.0,5.705882352941177,34
pad,75,0.05,M2,172,False,0.9342105263157895,0.9432989690721649,0.0,1.0,1.0,5.447368421052632,152
pad,75,0.05,M3,73,False,0.9846153846153847,0.9787234042553191,0.0,1.0,1.0,5.7846153846153845,65
pad,75,0.05,M4,9,True,1.0,1.0,0.0,1.0,1.0,5.888888888888889,9
pad,75,0.05,M5,2,True,1.0,1.0,0.0,1.0,1.0,6.25,4
pad,75,0.1,B,24,False,1.0,1.0,,1.0,1.0,4.705882352941177,17
pad,75,0.1,M1,22,False,1.0,1.0,0.0,1.0,1.0,5.705882352941177,34
pad,75,0.1,M2,172,False,0.875,0.8780068728522338,0.0,1.0,1.0,5.118421052631579,152
pad,75,0.1,M3,73,False,0.8615384615384616,0.8723404255319149,0.0,1.0,1.0,5.092307692307692,65
pad,75,0.1,M4,9,False,1.0,1.0,0.0,1.0,1.0,5.888888888888889,9
pad,75,0.1,M5,2,True,1.0,1.0,0.0,1.0,1.0,6.25,4
pad,75,0.15,B,24,False,0.8823529411764706,0.8666666666666667,,1.0,1.0,4.117647058823529,17
pad,75,0.15,M1,22,False,1.0,1.0,0.0,1.0,1.0,5.235294117647059,34
pad,75,0.15,M2,172,False,0.8421052631578947,0.8522336769759451,0.0,1.0,1.0,4.447368421052632,152
pad,75,0.15,M3,73,False,0.8,0.8138297872340425,0.0,1.0,1.0,4.430769230769231,65
pad,75,0.15,M4,9,False,1.0,1.0,0.0,1.0,1.0,5.666666666666667,9
pad,75,0.15,M5,2,True,1.0,1.0,0.0,1.0,1.0,6.0,4
hiba,76,0.05,B,167,False,0.9870967741935484,0.9788732394366197,,1.0,1.0,5.851612903225806,155
hiba,76,0.05,M1,22,False,0.9444444444444444,0.9166666666666666,0.0,1.0,1.0,5.777777777777778,18
hiba,76,0.05,M2,223,False,0.9915966386554622,0.9891304347826086,0.0,1.0,1.0,6.65546218487395,119
hiba,76,0.05,M3,19,False,1.0,1.0,0.0,1.0,1.0,6.695652173913044,23
hiba,76,0.1,B,167,False,0.9806451612903225,0.9647887323943662,,0.9935483870967742,0.9976525821596244,4.632258064516129,155
hiba,76,0.1,M1,22,False,0.9444444444444444,0.9166666666666666,0.0,1.0,1.0,4.444444444444445,18
hiba,76,0.1,M2,223,False,0.9327731092436975,0.9365942028985507,0.0,1.0,1.0,5.512605042016807,119
hiba,76,0.1,M3,19,False,1.0,1.0,0.0,1.0,1.0,6.130434782608695,23
hiba,76,0.15,B,167,False,0.9354838709677419,0.9119718309859155,,0.967741935483871,0.9859154929577465,3.541935483870968,155
hiba,76,0.15,M1,22,False,0.7777777777777778,0.8055555555555555,0.0,1.0,1.0,3.0555555555555554,18
hiba,76,0.15,M2,223,False,0.8739495798319328,0.8768115942028986,0.0,1.0,1.0,4.630252100840337,119
hiba,76,0.15,M3,19,False,0.9130434782608695,0.9111111111111112,0.0,1.0,1.0,4.956521739130435,23
pad,76,0.05,B,26,False,0.9333333333333333,0.9230769230769231,,1.0,1.0,5.933333333333334,15
pad,76,0.05,M1,20,False,0.9722222222222222,0.9833333333333334,0.0,1.0,1.0,5.694444444444445,36
pad,76,0.05,M2,166,False,0.9859154929577465,0.993527508090615,0.0,1.0,1.0,5.683098591549296,142
pad,76,0.05,M3,71,False,0.9871794871794872,0.9897959183673469,0.0,1.0,1.0,5.769230769230769,78
pad,76,0.05,M4,9,True,1.0,1.0,0.0,1.0,1.0,6.181818181818182,11
pad,76,0.05,M5,4,True,1.0,1.0,0.0,1.0,1.0,6.0,1
pad,76,0.1,B,26,False,0.9333333333333333,0.9230769230769231,,1.0,1.0,5.0,15
pad,76,0.1,M1,20,False,0.8888888888888888,0.9291666666666666,0.0,1.0,1.0,5.138888888888889,36
pad,76,0.1,M2,166,False,0.9366197183098591,0.9563106796116505,0.0,1.0,1.0,5.063380281690141,142
pad,76,0.1,M3,71,False,0.9487179487179487,0.9489795918367347,0.0,1.0,1.0,5.346153846153846,78
pad,76,0.1,M4,9,False,0.8181818181818182,0.8125,0.0,1.0,1.0,5.090909090909091,11
pad,76,0.1,M5,4,True,1.0,1.0,0.0,1.0,1.0,6.0,1
pad,76,0.15,B,26,False,0.8666666666666667,0.8461538461538461,,1.0,1.0,4.333333333333333,15
pad,76,0.15,M1,20,False,0.8611111111111112,0.8791666666666667,0.0,1.0,1.0,4.333333333333333,36
pad,76,0.15,M2,166,False,0.8591549295774648,0.883495145631068,0.0,1.0,1.0,4.309859154929577,142
pad,76,0.15,M3,71,False,0.9230769230769231,0.9183673469387755,0.0,1.0,1.0,4.705128205128205,78
pad,76,0.15,M4,9,False,0.8181818181818182,0.8125,0.0,1.0,1.0,4.636363636363637,11
pad,76,0.15,M5,4,True,1.0,1.0,0.0,1.0,1.0,6.0,1
hiba,77,0.05,B,157,False,0.995049504950495,0.9979423868312758,,1.0,1.0,6.5,202
hiba,77,0.05,M1,27,False,0.75,0.7142857142857143,0.0,1.0,1.0,5.75,8
hiba,77,0.05,M2,225,False,0.9907407407407407,0.9888888888888889,0.0,1.0,1.0,7.166666666666667,108
hiba,77,0.05,M3,21,False,1.0,1.0,0.0,1.0,1.0,7.230769230769231,13
hiba,77,0.1,B,157,False,0.9554455445544554,0.92798353909465,,0.995049504950495,0.9979423868312757,4.6683168316831685,202
hiba,77,0.1,M1,27,False,0.75,0.7142857142857143,0.0,1.0,1.0,4.75,8
hiba,77,0.1,M2,225,False,0.9351851851851852,0.9277777777777778,0.0,1.0,1.0,5.5,108
hiba,77,0.1,M3,21,False,0.8461538461538461,0.8461538461538461,0.0,1.0,1.0,5.923076923076923,13
hiba,77,0.15,B,157,False,0.8613861386138614,0.7600189933523267,,0.9603960396039604,0.9834071963701592,3.2524752475247523,202
hiba,77,0.15,M1,27,False,0.625,0.5714285714285714,0.0,1.0,1.0,3.5,8
hiba,77,0.15,M2,225,False,0.8611111111111112,0.8518518518518517,0.009259259259259259,0.9907407407407407,0.9962962962962963,4.148148148148148,108
hiba,77,0.15,M3,21,False,0.8461538461538461,0.8461538461538461,0.0,1.0,1.0,4.538461538461538,13
pad,77,0.05,B,25,False,1.0,1.0,,1.0,1.0,5.5,16
pad,77,0.05,M1,29,False,0.9333333333333333,0.9090909090909091,0.0,1.0,1.0,5.333333333333333,15
pad,77,0.05,M2,165,False,0.9493670886075949,0.9591346153846154,0.0,1.0,1.0,5.60126582278481,158
pad,77,0.05,M3,71,False,1.0,1.0,0.0,1.0,1.0,5.666666666666667,63
pad,77,0.05,M4,9,True,1.0,1.0,0.0,1.0,1.0,6.125,8
pad,77,0.05,M5,2,True,1.0,1.0,0.0,1.0,1.0,6.25,4
pad,77,0.1,B,25,False,1.0,1.0,,1.0,1.0,5.1875,16
pad,77,0.1,M1,29,False,0.9333333333333333,0.9090909090909091,0.0,1.0,1.0,4.466666666666667,15
pad,77,0.1,M2,165,False,0.9177215189873418,0.9270833333333333,0.0,1.0,1.0,5.265822784810126,158
pad,77,0.1,M3,71,False,0.9523809523809523,0.9591836734693877,0.0,1.0,1.0,5.365079365079365,63
pad,77,0.1,M4,9,False,1.0,1.0,0.0,1.0,1.0,6.125,8
pad,77,0.1,M5,2,True,1.0,1.0,0.0,1.0,1.0,6.25,4
pad,77,0.15,B,25,False,1.0,1.0,,1.0,1.0,4.6875,16
pad,77,0.15,M1,29,False,0.9333333333333333,0.9090909090909091,0.0,1.0,1.0,4.333333333333333,15
pad,77,0.15,M2,165,False,0.7911392405063291,0.8181089743589743,0.0,1.0,1.0,4.772151898734177,158
pad,77,0.15,M3,71,False,0.8888888888888888,0.8877551020408163,0.0,1.0,1.0,4.857142857142857,63
pad,77,0.15,M4,9,False,1.0,1.0,0.0,1.0,1.0,6.125,8
pad,77,0.15,M5,2,True,1.0,1.0,0.0,1.0,1.0,6.25,4
hiba,78,0.05,B,164,False,0.9826086956521739,0.9459459459459459,,1.0,1.0,5.495652173913044,230
hiba,78,0.05,M1,24,False,1.0,1.0,0.0,1.0,1.0,6.4,15
hiba,78,0.05,M2,224,False,0.9911504424778761,0.989010989010989,0.0,1.0,1.0,6.327433628318584,113
hiba,78,0.05,M3,23,False,0.9473684210526315,0.9090909090909091,0.0,1.0,1.0,5.947368421052632,19
hiba,78,0.1,B,164,False,0.9565217391304348,0.8963963963963966,,1.0,1.0,4.139130434782609,230
hiba,78,0.1,M1,24,False,1.0,1.0,0.0,1.0,1.0,4.8,15
hiba,78,0.1,M2,224,False,0.911504424778761,0.9120879120879121,0.0,1.0,1.0,5.123893805309734,113
hiba,78,0.1,M3,23,False,0.8421052631578947,0.787878787878788,0.0,1.0,1.0,4.947368421052632,19
hiba,78,0.15,B,164,False,0.9521739130434783,0.8918918918918919,,0.9173913043478261,0.9851103851103852,3.373913043478261,230
hiba,78,0.15,M1,24,False,0.8666666666666667,0.85,0.0,1.0,1.0,3.533333333333333,15
hiba,78,0.15,M2,224,False,0.8938053097345132,0.8901098901098901,0.0,1.0,1.0,4.8053097345132745,113
hiba,78,0.15,M3,23,False,0.7368421052631579,0.606060606060606,0.0,1.0,1.0,4.052631578947368,19
pad,78,0.05,B,25,False,1.0,1.0,,1.0,1.0,5.785714285714286,14
pad,78,0.05,M1,25,False,0.8666666666666667,0.861111111111111,0.0,1.0,1.0,5.2,30
pad,78,0.05,M2,159,False,0.9878048780487805,0.9924242424242423,0.0,1.0,1.0,5.878048780487805,164
pad,78,0.05,M3,80,False,0.9636363636363636,0.98125,0.0,1.0,1.0,5.6,55
pad,78,0.05,M4,10,True,1.0,1.0,0.0,1.0,1.0,6.222222222222222,9
pad,78,0.05,M5,2,True,1.0,1.0,0.0,1.0,1.0,6.25,4
pad,78,0.1,B,25,False,0.9285714285714286,0.9285714285714286,,1.0,1.0,4.785714285714286,14
pad,78,0.1,M1,25,False,0.8333333333333334,0.8277777777777777,0.0,1.0,1.0,4.7,30
pad,78,0.1,M2,159,False,0.9329268292682927,0.9393939393939394,0.0,1.0,1.0,5.25,164
pad,78,0.1,M3,80,False,0.8545454545454545,0.875,0.0,1.0,1.0,5.090909090909091,55
pad,78,0.1,M4,10,False,1.0,1.0,0.0,1.0,1.0,6.0,9
pad,78,0.1,M5,2,True,1.0,1.0,0.0,1.0,1.0,6.25,4
pad,78,0.15,B,25,False,0.8571428571428571,0.8571428571428571,,1.0,1.0,4.0,14
pad,78,0.15,M1,25,False,0.8,0.7944444444444444,0.0,1.0,1.0,4.233333333333333,30
pad,78,0.15,M2,159,False,0.8109756097560976,0.8212121212121212,0.0,1.0,1.0,4.378048780487805,164
pad,78,0.15,M3,80,False,0.8363636363636363,0.85,0.0,1.0,1.0,4.654545454545454,55
pad,78,0.15,M4,10,False,1.0,1.0,0.0,1.0,1.0,5.333333333333333,9
pad,78,0.15,M5,2,True,1.0,1.0,0.0,1.0,1.0,6.0,4
hiba,79,0.05,B,162,False,0.9601990049751243,0.9122807017543861,,1.0,1.0,5.517412935323383,201
hiba,79,0.05,M1,27,False,1.0,1.0,0.0,1.0,1.0,6.090909090909091,11
hiba,79,0.05,M2,220,False,0.968503937007874,0.9578947368421052,0.0,1.0,1.0,5.9921259842519685,127
hiba,79,0.05,M3,25,False,0.9090909090909091,0.8888888888888888,0.0,1.0,1.0,6.181818181818182,11
hiba,79,0.1,B,162,False,0.9154228855721394,0.8114035087719298,,1.0,1.0,4.318407960199005,201
hiba,79,0.1,M1,27,False,0.9090909090909091,0.9523809523809524,0.0,1.0,1.0,3.8181818181818183,11
hiba,79,0.1,M2,220,False,0.9291338582677166,0.9105263157894737,0.0,1.0,1.0,5.015748031496063,127
hiba,79,0.1,M3,25,False,0.9090909090909091,0.8888888888888888,0.0,1.0,1.0,5.181818181818182,11
hiba,79,0.15,B,162,False,0.900497512437811,0.7971491228070174,,0.9900497512437811,0.9950657894736842,3.4676616915422884,201
hiba,79,0.15,M1,27,False,0.9090909090909091,0.9523809523809524,0.0,1.0,1.0,3.5454545454545454,11
hiba,79,0.15,M2,220,False,0.8582677165354331,0.84,0.0,1.0,1.0,4.362204724409449,127
hiba,79,0.15,M3,25,False,0.8181818181818182,0.7777777777777778,0.0,1.0,1.0,4.363636363636363,11
pad,79,0.05,B,21,False,1.0,1.0,,1.0,1.0,5.526315789473684,19
pad,79,0.05,M1,17,True,1.0,1.0,0.0,1.0,1.0,5.837837837837838,37
pad,79,0.05,M2,150,False,0.9548022598870056,0.9530812324929971,0.0,1.0,1.0,5.672316384180791,177
pad,79,0.05,M3,76,False,0.967741935483871,0.9829545454545454,0.0,1.0,1.0,5.548387096774194,62
pad,79,0.05,M4,10,True,1.0,1.0,0.0,1.0,1.0,6.444444444444445,9
pad,79,0.05,M5,2,True,1.0,1.0,0.0,1.0,1.0,6.25,4
pad,79,0.1,B,21,False,1.0,1.0,,1.0,1.0,5.0,19
pad,79,0.1,M1,17,False,1.0,1.0,0.0,1.0,1.0,5.8108108108108105,37
pad,79,0.1,M2,150,False,0.8813559322033898,0.9005602240896359,0.0,1.0,1.0,5.271186440677966,177
pad,79,0.1,M3,76,False,0.8387096774193549,0.875,0.0,1.0,1.0,5.0,62
pad,79,0.1,M4,10,False,1.0,1.0,0.0,1.0,1.0,6.444444444444445,9
pad,79,0.1,M5,2,True,1.0,1.0,0.0,1.0,1.0,6.25,4
pad,79,0.15,B,21,False,1.0,1.0,,1.0,1.0,4.578947368421052,19
pad,79,0.15,M1,17,False,0.972972972972973,0.9855072463768116,0.0,1.0,1.0,5.648648648648648,37
pad,79,0.15,M2,150,False,0.8022598870056498,0.8242296918767508,0.0,1.0,1.0,4.84180790960452,177
pad,79,0.15,M3,76,False,0.7903225806451613,0.8181818181818182,0.0,1.0,1.0,4.790322580645161,62
pad,79,0.15,M4,10,False,1.0,1.0,0.0,1.0,1.0,6.222222222222222,9
pad,79,0.15,M5,2,True,1.0,1.0,0.0,1.0,1.0,6.25,4
hiba,80,0.05,B,163,False,0.9715447154471545,0.9133333333333333,,1.0,1.0,5.829268292682927,246
hiba,80,0.05,M1,27,False,1.0,1.0,0.0,1.0,1.0,6.833333333333333,12
hiba,80,0.05,M2,225,False,0.9819819819819819,0.9777777777777777,0.0,1.0,1.0,6.18018018018018,111
hiba,80,0.05,M3,25,False,1.0,1.0,0.0,1.0,1.0,6.3,10
hiba,80,0.1,B,163,False,0.959349593495935,0.8822222222222221,,0.9959349593495935,0.9992156862745097,4.609756097560975,246
hiba,80,0.1,M1,27,False,1.0,1.0,0.0,1.0,1.0,5.75,12
hiba,80,0.1,M2,225,False,0.963963963963964,0.9666666666666667,0.0,1.0,1.0,5.135135135135135,111
hiba,80,0.1,M3,25,False,1.0,1.0,0.0,1.0,1.0,5.9,10
hiba,80,0.15,B,163,False,0.9308943089430894,0.83,,0.9878048780487805,0.9947712418300654,3.9065040650406506,246
hiba,80,0.15,M1,27,False,0.75,0.6428571428571429,0.0,1.0,1.0,4.166666666666667,12
hiba,80,0.15,M2,225,False,0.9369369369369369,0.9388888888888889,0.0,1.0,1.0,4.648648648648648,111
hiba,80,0.15,M3,25,False,1.0,1.0,0.0,1.0,1.0,5.3,10
pad,80,0.05,B,24,False,0.9375,0.9333333333333333,,1.0,1.0,5.25,16
pad,80,0.05,M1,19,False,1.0,1.0,0.0,1.0,1.0,5.6,40
pad,80,0.05,M2,155,False,0.9216867469879518,0.9429824561403507,0.0,1.0,1.0,5.385542168674699,166
pad,80,0.05,M3,83,False,0.9777777777777777,0.972972972972973,0.0,1.0,1.0,5.777777777777778,45
pad,80,0.05,M4,10,True,1.0,1.0,0.0,1.0,1.0,6.375,8
pad,80,0.05,M5,3,True,1.0,1.0,0.0,1.0,1.0,6.0,2
pad,80,0.1,B,24,False,0.9375,0.9333333333333333,,1.0,1.0,4.625,16
pad,80,0.1,M1,19,False,0.975,0.9841269841269842,0.0,1.0,1.0,5.45,40
pad,80,0.1,M2,155,False,0.8674698795180723,0.8859649122807017,0.0,1.0,1.0,5.048192771084337,166
pad,80,0.1,M3,83,False,0.9333333333333333,0.9324324324324325,0.0,1.0,1.0,5.6,45
pad,80,0.1,M4,10,False,0.75,0.7857142857142857,0.0,1.0,1.0,5.625,8
pad,80,0.1,M5,3,True,1.0,1.0,0.0,1.0,1.0,6.0,2
pad,80,0.15,B,24,False,0.875,0.8666666666666667,,1.0,1.0,3.9375,16
pad,80,0.15,M1,19,False,0.875,0.8849206349206349,0.0,1.0,1.0,4.375,40
pad,80,0.15,M2,155,False,0.8192771084337349,0.8538011695906433,0.0,1.0,1.0,4.445783132530121,166
pad,80,0.15,M3,83,False,0.8222222222222222,0.8108108108108109,0.0,1.0,1.0,4.733333333333333,45
pad,80,0.15,M4,10,False,0.75,0.7857142857142857,0.0,1.0,1.0,5.0,8
pad,80,0.15,M5,3,True,1.0,1.0,0.0,1.0,1.0,6.0,2
hiba,81,0.05,B,160,False,0.9736842105263158,0.9337606837606837,,1.0,1.0,5.56140350877193,228
hiba,81,0.05,M1,25,False,1.0,1.0,0.0,1.0,1.0,5.923076923076923,13
hiba,81,0.05,M2,219,False,0.925,0.9236111111111112,0.0,1.0,1.0,5.691666666666666,120
hiba,81,0.05,M3,28,False,1.0,1.0,0.0,1.0,1.0,6.428571428571429,7
hiba,81,0.1,B,160,False,0.9517543859649122,0.8952991452991454,,0.9956140350877193,0.9974358974358974,4.364035087719298,228
hiba,81,0.1,M1,25,False,1.0,1.0,0.0,1.0,1.0,4.615384615384615,13
hiba,81,0.1,M2,219,False,0.9,0.8975694444444445,0.0,1.0,1.0,4.883333333333334,120
hiba,81,0.1,M3,28,False,1.0,1.0,0.0,1.0,1.0,6.0,7
hiba,81,0.15,B,160,False,0.9122807017543859,0.8132478632478632,,0.9824561403508771,0.9797008547008546,3.504385964912281,228
hiba,81,0.15,M1,25,False,1.0,1.0,0.0,1.0,1.0,3.4615384615384617,13
hiba,81,0.15,M2,219,False,0.85,0.8454861111111112,0.0,1.0,1.0,4.2,120
hiba,81,0.15,M3,28,False,0.8571428571428571,0.8333333333333334,0.0,1.0,1.0,5.0,7
pad,81,0.05,B,26,False,1.0,1.0,,1.0,1.0,5.733333333333333,15
pad,81,0.05,M1,22,False,1.0,1.0,0.0,1.0,1.0,5.733333333333333,30
pad,81,0.05,M2,158,False,0.9565217391304348,0.9617117117117117,0.0,1.0,1.0,5.6397515527950315,161
pad,81,0.05,M3,72,False,0.971830985915493,0.9739583333333334,0.0,1.0,1.0,5.605633802816901,71
pad,81,0.05,M4,14,True,1.0,1.0,0.0,1.0,1.0,6.333333333333333,3
pad,81,0.05,M5,2,True,1.0,1.0,0.0,1.0,1.0,6.25,4
pad,81,0.1,B,26,False,1.0,1.0,,1.0,1.0,5.0,15
pad,81,0.1,M1,22,False,1.0,1.0,0.0,1.0,1.0,5.6,30
pad,81,0.1,M2,158,False,0.906832298136646,0.918918918918919,0.0,1.0,1.0,5.229813664596273,161
pad,81,0.1,M3,72,False,0.8450704225352113,0.8229166666666666,0.0,1.0,1.0,4.873239436619718,71
pad,81,0.1,M4,14,False,0.3333333333333333,0.3333333333333333,0.0,1.0,1.0,5.333333333333333,3
pad,81,0.1,M5,2,True,1.0,1.0,0.0,1.0,1.0,6.25,4
pad,81,0.15,B,26,False,0.9333333333333333,0.9230769230769231,,1.0,1.0,3.8666666666666667,15
pad,81,0.15,M1,22,False,0.9333333333333333,0.9259259259259258,0.0,1.0,1.0,4.133333333333334,30
pad,81,0.15,M2,158,False,0.8136645962732919,0.8355855855855856,0.0,1.0,1.0,4.372670807453416,161
pad,81,0.15,M3,72,False,0.8309859154929577,0.8125,0.0,1.0,1.0,4.309859154929577,71
pad,81,0.15,M4,14,False,0.3333333333333333,0.3333333333333333,0.0,1.0,1.0,4.666666666666667,3
pad,81,0.15,M5,2,True,1.0,1.0,0.0,1.0,1.0,6.0,4
hiba,82,0.05,B,163,False,0.9655172413793104,0.9333333333333333,,1.0,1.0,5.724137931034483,174
hiba,82,0.05,M1,23,False,1.0,1.0,0.0,1.0,1.0,5.733333333333333,15
hiba,82,0.05,M2,226,False,0.918918918918919,0.9044943820224719,0.0,1.0,1.0,6.18018018018018,111
hiba,82,0.05,M3,20,False,1.0,1.0,0.0,1.0,1.0,6.3,20
hiba,82,0.1,B,163,False,0.9367816091954023,0.8766666666666667,,1.0,1.0,4.241379310344827,174
hiba,82,0.1,M1,23,False,1.0,1.0,0.0,1.0,1.0,4.266666666666667,15
hiba,82,0.1,M2,226,False,0.8738738738738738,0.8595505617977528,0.0,1.0,1.0,5.099099099099099,111
hiba,82,0.1,M3,20,False,0.95,0.9285714285714286,0.0,1.0,1.0,4.85,20
hiba,82,0.15,B,163,False,0.9252873563218391,0.8588888888888888,,0.9770114942528736,0.9748148148148149,3.5229885057471266,174
hiba,82,0.15,M1,23,False,1.0,1.0,0.0,1.0,1.0,3.466666666666667,15
hiba,82,0.15,M2,226,False,0.8198198198198198,0.8033707865168539,0.009009009009009009,0.990990990990991,0.9943820224719101,4.63063063063063,111
hiba,82,0.15,M3,20,False,0.9,0.8571428571428571,0.0,1.0,1.0,4.35,20
pad,82,0.05,B,24,False,1.0,1.0,,1.0,1.0,5.157894736842105,19
pad,82,0.05,M1,23,False,0.9285714285714286,0.9509803921568628,0.0,1.0,1.0,5.535714285714286,28
pad,82,0.05,M2,159,False,0.9364161849710982,0.9507575757575757,0.0,1.0,1.0,5.630057803468208,173
pad,82,0.05,M3,74,False,0.9285714285714286,0.9293478260869565,0.0,1.0,1.0,5.557142857142857,70
pad,82,0.05,M4,11,True,1.0,1.0,0.0,1.0,1.0,6.166666666666667,6
pad,82,0.05,M5,5,True,,,,,,,0
pad,82,0.1,B,24,False,0.8947368421052632,0.8666666666666667,,1.0,1.0,4.052631578947368,19
pad,82,0.1,M1,23,False,0.7857142857142857,0.8186274509803921,0.0,1.0,1.0,4.178571428571429,28
pad,82,0.1,M2,159,False,0.9017341040462428,0.9204545454545454,0.0,1.0,1.0,4.855491329479769,173
pad,82,0.1,M3,74,False,0.8142857142857143,0.7934782608695652,0.0,1.0,1.0,4.5285714285714285,70
pad,82,0.1,M4,11,False,1.0,1.0,0.0,1.0,1.0,5.666666666666667,6
pad,82,0.1,M5,5,True,,,,,,,0
pad,82,0.15,B,24,False,0.8947368421052632,0.8666666666666667,,1.0,1.0,3.8947368421052633,19
pad,82,0.15,M1,23,False,0.6428571428571429,0.6960784313725491,0.0,1.0,1.0,3.642857142857143,28
pad,82,0.15,M2,159,False,0.8959537572254336,0.9159090909090909,0.0,1.0,1.0,4.658959537572255,173
pad,82,0.15,M3,74,False,0.7857142857142857,0.7663043478260869,0.0,1.0,1.0,4.314285714285714,70
pad,82,0.15,M4,11,False,1.0,1.0,0.0,1.0,1.0,5.5,6
pad,82,0.15,M5,5,True,,,,,,,0
hiba,83,0.05,B,164,False,0.9736842105263158,0.9527027027027027,,1.0,1.0,5.618421052631579,152
hiba,83,0.05,M1,20,False,0.8,0.7833333333333333,0.0,1.0,1.0,5.0,25
hiba,83,0.05,M2,219,False,0.9666666666666667,0.9583333333333334,0.0,1.0,1.0,6.383333333333334,120
hiba,83,0.05,M3,27,False,0.8888888888888888,0.8571428571428571,0.0,1.0,1.0,6.444444444444445,9
hiba,83,0.1,B,164,False,0.9539473684210527,0.918918918918919,,1.0,1.0,4.480263157894737,152
hiba,83,0.1,M1,20,False,0.76,0.7119047619047619,0.0,1.0,1.0,4.04,25
hiba,83,0.1,M2,219,False,0.9416666666666667,0.9375,0.0,1.0,1.0,5.208333333333333,120
hiba,83,0.1,M3,27,False,0.8888888888888888,0.8571428571428571,0.0,1.0,1.0,5.666666666666667,9
hiba,83,0.15,B,164,False,0.9210526315789473,0.8783783783783784,,0.9671052631578947,0.9797297297297299,3.848684210526316,152
hiba,83,0.15,M1,20,False,0.76,0.7119047619047619,0.0,1.0,1.0,3.68,25
hiba,83,0.15,M2,219,False,0.8833333333333333,0.875,0.0,1.0,1.0,4.625,120
hiba,83,0.15,M3,27,False,0.7777777777777778,0.8095238095238095,0.0,1.0,1.0,5.0,9
pad,83,0.05,B,24,False,0.9333333333333333,0.9333333333333333,,1.0,1.0,5.333333333333333,15
pad,83,0.05,M1,25,False,0.9666666666666667,0.9777777777777777,0.0,1.0,1.0,5.766666666666667,30
pad,83,0.05,M2,154,False,0.9815950920245399,0.9884057971014493,0.0,1.0,1.0,5.717791411042945,163
pad,83,0.05,M3,85,False,0.9444444444444444,0.9285714285714286,0.0,1.0,1.0,5.444444444444445,54
pad,83,0.05,M4,8,True,1.0,1.0,0.0,1.0,1.0,6.0,9
pad,83,0.05,M5,2,True,1.0,1.0,0.0,1.0,1.0,6.25,4
pad,83,0.1,B,24,False,0.9333333333333333,0.9333333333333333,,1.0,1.0,4.8,15
pad,83,0.1,M1,25,False,0.9333333333333333,0.961111111111111,0.0,1.0,1.0,5.266666666666667,30
pad,83,0.1,M2,154,False,0.9202453987730062,0.9289855072463767,0.0,1.0,1.0,5.134969325153374,163
pad,83,0.1,M3,85,False,0.9259259259259259,0.9142857142857143,0.0,1.0,1.0,5.148148148148148,54
pad,83,0.1,M4,8,True,1.0,1.0,0.0,1.0,1.0,6.0,9
pad,83,0.1,M5,2,True,1.0,1.0,0.0,1.0,1.0,6.25,4
pad,83,0.15,B,24,False,0.8666666666666667,0.8666666666666667,,1.0,1.0,4.266666666666667,15
pad,83,0.15,M1,25,False,0.9333333333333333,0.961111111111111,0.0,1.0,1.0,4.8,30
pad,83,0.15,M2,154,False,0.8711656441717791,0.8797101449275362,0.0,1.0,1.0,4.435582822085889,163
pad,83,0.15,M3,85,False,0.9074074074074074,0.8857142857142857,0.0,1.0,1.0,4.388888888888889,54
pad,83,0.15,M4,8,False,1.0,1.0,0.0,1.0,1.0,5.555555555555555,9
pad,83,0.15,M5,2,True,1.0,1.0,0.0,1.0,1.0,6.0,4
hiba,84,0.05,B,160,False,0.93717277486911,0.8814102564102564,,1.0,1.0,5.345549738219895,191
hiba,84,0.05,M1,26,False,1.0,1.0,0.0,1.0,1.0,6.4375,16
hiba,84,0.05,M2,230,False,0.944954128440367,0.9558823529411765,0.0,1.0,1.0,5.8807339449541285,109
hiba,84,0.05,M3,21,False,0.9375,0.9230769230769231,0.0,1.0,1.0,6.375,16
hiba,84,0.1,B,160,False,0.9057591623036649,0.8344017094017095,,1.0,1.0,4.298429319371728,191
hiba,84,0.1,M1,26,False,0.9375,0.9375,0.0,1.0,1.0,5.0625,16
hiba,84,0.1,M2,230,False,0.8990825688073395,0.9176470588235294,0.0,1.0,1.0,4.944954128440367,109
hiba,84,0.1,M3,21,False,0.9375,0.9230769230769231,0.0,1.0,1.0,5.3125,16
hiba,84,0.15,B,160,False,0.8743455497382199,0.7916666666666666,,0.9685863874345549,0.9652777777777778,3.4345549738219896,191
hiba,84,0.15,M1,26,False,0.9375,0.9375,0.0,1.0,1.0,4.1875,16
hiba,84,0.15,M2,230,False,0.8532110091743119,0.8764705882352941,0.0,1.0,1.0,4.339449541284404,109
hiba,84,0.15,M3,21,False,0.8125,0.8205128205128206,0.0,1.0,1.0,4.75,16
pad,84,0.05,B,26,False,1.0,1.0,,1.0,1.0,5.8,15
pad,84,0.05,M1,22,False,0.9428571428571428,0.9537037037037037,0.0,1.0,1.0,5.428571428571429,35
pad,84,0.05,M2,173,False,0.9637681159420289,0.9756944444444443,0.0,1.0,1.0,5.572463768115942,138
pad,84,0.05,M3,76,False,1.0,1.0,0.0,1.0,1.0,5.75,60
pad,84,0.05,M4,10,True,1.0,1.0,0.0,1.0,1.0,6.142857142857143,7
pad,84,0.05,M5,3,True,1.0,1.0,0.0,1.0,1.0,6.0,2
pad,84,0.1,B,26,False,1.0,1.0,,1.0,1.0,4.866666666666666,15
pad,84,0.1,M1,22,False,0.8571428571428571,0.8935185185185185,0.0,1.0,1.0,4.828571428571428,35
pad,84,0.1,M2,173,False,0.8840579710144928,0.892361111111111,0.0,1.0,1.0,5.1521739130434785,138
pad,84,0.1,M3,76,False,0.9666666666666667,0.9659090909090909,0.0,1.0,1.0,5.55,60
pad,84,0.1,M4,10,False,0.8571428571428571,0.8571428571428571,0.0,1.0,1.0,5.142857142857143,7
pad,84,0.1,M5,3,True,1.0,1.0,0.0,1.0,1.0,6.0,2
pad,84,0.15,B,26,False,1.0,1.0,,1.0,1.0,4.333333333333333,15
pad,84,0.15,M1,22,False,0.8571428571428571,0.8935185185185185,0.0,1.0,1.0,4.228571428571429,35
pad,84,0.15,M2,173,False,0.7536231884057971,0.7621527777777778,0.0,1.0,1.0,4.311594202898551,138
pad,84,0.15,M3,76,False,0.8666666666666667,0.8863636363636364,0.0,1.0,1.0,4.75,60
pad,84,0.15,M4,10,False,0.8571428571428571,0.8571428571428571,0.0,1.0,1.0,4.571428571428571,7
pad,84,0.15,M5,3,True,1.0,1.0,0.0,1.0,1.0,6.0,2
hiba,85,0.05,B,174,False,1.0,1.0,,1.0,1.0,6.401273885350318,157
hiba,85,0.05,M1,21,False,1.0,1.0,0.0,1.0,1.0,6.875,24
hiba,85,0.05,M2,218,False,0.9917355371900827,0.9896907216494846,0.0,1.0,1.0,7.479338842975206,121
hiba,85,0.05,M3,22,False,0.9230769230769231,0.9166666666666666,0.0,1.0,1.0,7.153846153846154,13
hiba,85,0.1,B,174,False,0.9426751592356688,0.89453125,,0.9872611464968153,0.9964767156862746,4.13375796178344,157
hiba,85,0.1,M1,21,False,0.9166666666666666,0.935897435897436,0.0,1.0,1.0,4.5,24
hiba,85,0.1,M2,218,False,0.9421487603305785,0.9381443298969072,0.0,1.0,1.0,5.371900826446281,121
hiba,85,0.1,M3,22,False,0.9230769230769231,0.9166666666666666,0.0,1.0,1.0,5.769230769230769,13
hiba,85,0.15,B,174,False,0.9235668789808917,0.86328125,,0.9745222929936306,0.9912683823529412,3.573248407643312,157
hiba,85,0.15,M1,21,False,0.5833333333333334,0.5576923076923076,0.0,1.0,1.0,3.3333333333333335,24
hiba,85,0.15,M2,218,False,0.9008264462809917,0.8917525773195877,0.0,1.0,1.0,4.900826446280992,121
hiba,85,0.15,M3,22,False,0.9230769230769231,0.9166666666666666,0.0,1.0,1.0,5.461538461538462,13
pad,85,0.05,B,21,False,1.0,1.0,,1.0,1.0,5.6521739130434785,23
pad,85,0.05,M1,24,False,0.9655172413793104,0.96875,0.0,1.0,1.0,5.724137931034483,29
pad,85,0.05,M2,162,False,0.9931506849315068,0.9906542056074766,0.0,1.0,1.0,5.815068493150685,146
pad,85,0.05,M3,78,False,0.9818181818181818,0.9880952380952381,0.0,1.0,1.0,5.763636363636364,55
pad,85,0.05,M4,12,True,1.0,1.0,0.0,1.0,1.0,6.2,5
pad,85,0.05,M5,2,True,1.0,1.0,0.0,1.0,1.0,6.25,4
pad,85,0.1,B,21,False,1.0,1.0,,1.0,1.0,4.695652173913044,23
pad,85,0.1,M1,24,False,0.9655172413793104,0.96875,0.0,1.0,1.0,5.724137931034483,29
pad,85,0.1,M2,162,False,0.9315068493150684,0.9470404984423677,0.0,1.0,1.0,5.2534246575342465,146
pad,85,0.1,M3,78,False,0.9272727272727272,0.9166666666666666,0.0,1.0,1.0,5.418181818181818,55
pad,85,0.1,M4,12,False,1.0,1.0,0.0,1.0,1.0,6.2,5
pad,85,0.1,M5,2,True,1.0,1.0,0.0,1.0,1.0,6.25,4
pad,85,0.15,B,21,False,1.0,1.0,,1.0,1.0,4.0,23
pad,85,0.15,M1,24,False,0.896551724137931,0.921875,0.0,1.0,1.0,4.9655172413793105,29
pad,85,0.15,M2,162,False,0.8424657534246576,0.8598130841121495,0.0,1.0,1.0,4.801369863013699,146
pad,85,0.15,M3,78,False,0.8909090909090909,0.8809523809523809,0.0,1.0,1.0,5.1454545454545455,55
pad,85,0.15,M4,12,False,1.0,1.0,0.0,1.0,1.0,6.2,5
pad,85,0.15,M5,2,True,1.0,1.0,0.0,1.0,1.0,6.25,4
hiba,86,0.05,B,169,False,1.0,1.0,,1.0,1.0,6.519083969465649,262
hiba,86,0.05,M1,24,False,1.0,1.0,0.0,1.0,1.0,6.923076923076923,13
hiba,86,0.05,M2,214,False,0.9328358208955224,0.9257425742574258,0.0,1.0,1.0,6.925373134328358,134
hiba,86,0.05,M3,26,False,1.0,1.0,0.0,1.0,1.0,7.285714285714286,14
hiba,86,0.1,B,169,False,0.9656488549618321,0.8913043478260869,,1.0,1.0,4.49236641221374,262
hiba,86,0.1,M1,24,False,1.0,1.0,0.0,1.0,1.0,4.846153846153846,13
hiba,86,0.1,M2,214,False,0.8955223880597015,0.8811881188118812,0.0,1.0,1.0,4.902985074626866,134
hiba,86,0.1,M3,26,False,1.0,1.0,0.0,1.0,1.0,5.214285714285714,14
hiba,86,0.15,B,169,False,0.9618320610687023,0.8840579710144928,,0.9923664122137404,0.9927536231884058,3.763358778625954,262
hiba,86,0.15,M1,24,False,1.0,1.0,0.0,1.0,1.0,3.8461538461538463,13
hiba,86,0.15,M2,214,False,0.7835820895522388,0.7917491749174917,0.007462686567164179,0.9925373134328358,0.995049504950495,4.2388059701492535,134
hiba,86,0.15,M3,26,False,1.0,1.0,0.0,1.0,1.0,4.785714285714286,14
pad,86,0.05,B,23,False,1.0,1.0,,1.0,1.0,5.4,20
pad,86,0.05,M1,23,False,0.96,0.980392156862745,0.0,1.0,1.0,5.44,25
pad,86,0.05,M2,165,False,0.922077922077922,0.9286858974358974,0.0,1.0,1.0,5.37012987012987,154
pad,86,0.05,M3,74,False,1.0,1.0,0.0,1.0,1.0,5.73015873015873,63
pad,86,0.05,M4,11,True,1.0,1.0,0.0,1.0,1.0,6.142857142857143,7
pad,86,0.05,M5,3,True,1.0,1.0,0.0,1.0,1.0,6.0,2
pad,86,0.1,B,23,False,0.95,0.9375,,1.0,1.0,4.8,20
pad,86,0.1,M1,23,False,0.96,0.980392156862745,0.0,1.0,1.0,5.36,25
pad,86,0.1,M2,165,False,0.9090909090909091,0.9166666666666666,0.0,1.0,1.0,5.123376623376624,154
pad,86,0.1,M3,74,False,0.9841269841269841,0.9782608695652174,0.0,1.0,1.0,5.476190476190476,63
pad,86,0.1,M4,11,False,0.7142857142857143,0.75,0.0,1.0,1.0,5.571428571428571,7
pad,86,0.1,M5,3,True,1.0,1.0,0.0,1.0,1.0,6.0,2
pad,86,0.15,B,23,False,0.95,0.9375,,1.0,1.0,4.4,20
pad,86,0.15,M1,23,False,0.92,0.9509803921568626,0.0,1.0,1.0,4.68,25
pad,86,0.15,M2,165,False,0.8571428571428571,0.8709935897435895,0.0,1.0,1.0,4.461038961038961,154
pad,86,0.15,M3,74,False,0.9841269841269841,0.9782608695652174,0.0,1.0,1.0,5.063492063492063,63
pad,86,0.15,M4,11,False,0.7142857142857143,0.75,0.0,1.0,1.0,5.571428571428571,7
pad,86,0.15,M5,3,True,1.0,1.0,0.0,1.0,1.0,6.0,2
hiba,87,0.05,B,171,False,0.9612903225806452,0.9440298507462687,,1.0,1.0,5.7612903225806456,155
hiba,87,0.05,M1,26,False,1.0,1.0,0.0,1.0,1.0,6.8,15
hiba,87,0.05,M2,210,False,0.9153846153846154,0.930952380952381,0.0,1.0,1.0,6.2846153846153845,130
hiba,87,0.05,M3,23,False,0.9444444444444444,0.9090909090909091,0.0,1.0,1.0,6.0,18
hiba,87,0.1,B,171,False,0.9161290322580645,0.8805970149253731,,1.0,1.0,4.490322580645161,155
hiba,87,0.1,M1,26,False,1.0,1.0,0.0,1.0,1.0,4.133333333333334,15
hiba,87,0.1,M2,210,False,0.8923076923076924,0.9095238095238095,0.0,1.0,1.0,5.184615384615385,130
hiba,87,0.1,M3,23,False,0.9444444444444444,0.9090909090909091,0.0,1.0,1.0,5.0,18
hiba,87,0.15,B,171,False,0.864516129032258,0.8121890547263682,,0.9935483870967742,0.9993781094527364,3.7225806451612904,155
hiba,87,0.15,M1,26,False,0.9333333333333333,0.9375,0.0,1.0,1.0,3.2,15
hiba,87,0.15,M2,210,False,0.8615384615384616,0.8761904761904762,0.0,1.0,1.0,4.561538461538461,130
hiba,87,0.15,M3,23,False,0.9444444444444444,0.9090909090909091,0.0,1.0,1.0,4.388888888888889,18
pad,87,0.05,B,18,True,1.0,1.0,,1.0,1.0,7.576923076923077,26
pad,87,0.05,M1,22,False,1.0,1.0,0.0,1.0,1.0,8.0,34
pad,87,0.05,M2,161,False,0.9551282051282052,0.9729938271604938,0.0,1.0,1.0,7.737179487179487,156
pad,87,0.05,M3,75,False,1.0,1.0,0.0,1.0,1.0,7.771929824561403,57
pad,87,0.05,M4,10,True,1.0,1.0,0.0,1.0,1.0,8.0,8
pad,87,0.05,M5,4,True,1.0,1.0,0.0,1.0,1.0,8.0,1
pad,87,0.1,B,18,False,0.9615384615384616,0.9523809523809523,,1.0,1.0,4.730769230769231,26
pad,87,0.1,M1,22,False,0.9705882352941176,0.9722222222222222,0.0,1.0,1.0,5.617647058823529,34
pad,87,0.1,M2,161,False,0.9038461538461539,0.9266975308641975,0.0,1.0,1.0,5.256410256410256,156
pad,87,0.1,M3,75,False,0.8771929824561403,0.9,0.0,1.0,1.0,4.859649122807017,57
pad,87,0.1,M4,10,False,0.625,0.6428571428571429,0.0,1.0,1.0,5.0,8
pad,87,0.1,M5,4,True,1.0,1.0,0.0,1.0,1.0,6.0,1
pad,87,0.15,B,18,False,0.9615384615384616,0.9523809523809523,,1.0,1.0,4.3076923076923075,26
pad,87,0.15,M1,22,False,0.8235294117647058,0.8287037037037037,0.0,1.0,1.0,4.529411764705882,34
pad,87,0.15,M2,161,False,0.8974358974358975,0.9220679012345678,0.0,1.0,1.0,5.032051282051282,156
pad,87,0.15,M3,75,False,0.8070175438596491,0.8222222222222222,0.0,1.0,1.0,4.543859649122807,57
pad,87,0.15,M4,10,False,0.625,0.6428571428571429,0.0,1.0,1.0,5.0,8
pad,87,0.15,M5,4,True,1.0,1.0,0.0,1.0,1.0,6.0,1
hiba,88,0.05,B,163,False,0.9696969696969697,0.9511111111111112,,1.0,1.0,5.606060606060606,165
hiba,88,0.05,M1,23,False,1.0,1.0,0.0,1.0,1.0,6.352941176470588,17
hiba,88,0.05,M2,226,False,0.9636363636363636,0.9550561797752809,0.0,1.0,1.0,6.3090909090909095,110
hiba,88,0.05,M3,25,False,0.9285714285714286,0.8888888888888888,0.0,1.0,1.0,5.857142857142857,14
hiba,88,0.1,B,163,False,0.9212121212121213,0.8817777777777777,,1.0,1.0,4.296969696969697,165
hiba,88,0.1,M1,23,False,1.0,1.0,0.0,1.0,1.0,4.764705882352941,17
hiba,88,0.1,M2,226,False,0.9,0.8951310861423222,0.0,1.0,1.0,5.0181818181818185,110
hiba,88,0.1,M3,25,False,0.9285714285714286,0.8888888888888888,0.0,1.0,1.0,4.642857142857143,14
hiba,88,0.15,B,163,False,0.896969696969697,0.8546666666666666,,0.9757575757575757,0.9844444444444446,3.4909090909090907,165
hiba,88,0.15,M1,23,False,0.9411764705882353,0.9696969696969698,0.0,1.0,1.0,3.8823529411764706,17
hiba,88,0.15,M2,226,False,0.8272727272727273,0.8249063670411986,0.0,1.0,1.0,4.3090909090909095,110
hiba,88,0.15,M3,25,False,0.9285714285714286,0.8888888888888888,0.0,1.0,1.0,4.142857142857143,14
pad,88,0.05,B,23,False,0.7777777777777778,0.75,,1.0,1.0,5.055555555555555,18
pad,88,0.05,M1,27,False,1.0,1.0,0.0,1.0,1.0,5.04,25
pad,88,0.05,M2,168,False,0.95,0.9636963696369637,0.0,1.0,1.0,5.00625,160
pad,88,0.05,M3,66,False,0.9772727272727273,0.9861111111111112,0.0,1.0,1.0,5.159090909090909,88
pad,88,0.05,M4,8,True,1.0,1.0,0.0,1.0,1.0,5.666666666666667,9
pad,88,0.05,M5,1,True,1.0,1.0,0.0,1.0,1.0,6.0,4
pad,88,0.1,B,23,False,0.7777777777777778,0.75,,1.0,1.0,4.5,18
pad,88,0.1,M1,27,False,0.96,0.9743589743589743,0.0,1.0,1.0,4.88,25
pad,88,0.1,M2,168,False,0.88125,0.8968646864686468,0.0,1.0,1.0,4.5125,160
pad,88,0.1,M3,66,False,0.8863636363636364,0.9166666666666666,0.0,1.0,1.0,4.738636363636363,88
pad,88,0.1,M4,8,True,1.0,1.0,0.0,1.0,1.0,5.555555555555555,9
pad,88,0.1,M5,1,True,1.0,1.0,0.0,1.0,1.0,6.0,4
pad,88,0.15,B,23,False,0.7222222222222222,0.6875,,1.0,1.0,3.611111111111111,18
pad,88,0.15,M1,27,False,0.92,0.9358974358974359,0.0,1.0,1.0,3.96,25
pad,88,0.15,M2,168,False,0.79375,0.8250825082508251,0.0,1.0,1.0,4.03125,160
pad,88,0.15,M3,66,False,0.8181818181818182,0.8333333333333334,0.0,1.0,1.0,4.238636363636363,88
pad,88,0.15,M4,8,False,0.8888888888888888,0.8888888888888888,0.0,1.0,1.0,4.555555555555555,9
pad,88,0.15,M5,1,True,1.0,1.0,0.0,1.0,1.0,5.5,4
hiba,89,0.05,B,160,False,0.9666666666666667,0.9401709401709403,,1.0,1.0,5.9222222222222225,180
hiba,89,0.05,M1,27,False,0.8571428571428571,0.8571428571428571,0.0,1.0,1.0,5.857142857142857,7
hiba,89,0.05,M2,217,False,0.9923076923076923,0.9897959183673469,0.0,1.0,1.0,6.476923076923077,130
hiba,89,0.05,M3,24,False,0.8181818181818182,0.8,0.0,1.0,1.0,6.090909090909091,11
hiba,89,0.1,B,160,False,0.9388888888888889,0.9049145299145298,,0.9888888888888889,0.9846153846153846,4.294444444444444,180
hiba,89,0.1,M1,27,False,0.8571428571428571,0.8571428571428571,0.0,1.0,1.0,4.0,7
hiba,89,0.1,M2,217,False,0.9461538461538461,0.9353741496598639,0.0,1.0,1.0,5.2384615384615385,130
hiba,89,0.1,M3,24,False,0.8181818181818182,0.8,0.0,1.0,1.0,4.909090909090909,11
hiba,89,0.15,B,160,False,0.9055555555555556,0.8510683760683759,,0.9833333333333333,0.9843304843304842,3.7055555555555557,180
hiba,89,0.15,M1,27,False,0.8571428571428571,0.8571428571428571,0.0,1.0,1.0,3.4285714285714284,7
hiba,89,0.15,M2,217,False,0.9076923076923077,0.8843537414965987,0.0,1.0,1.0,4.8076923076923075,130
hiba,89,0.15,M3,24,False,0.8181818181818182,0.8,0.0,1.0,1.0,4.545454545454546,11
pad,89,0.05,B,25,False,1.0,1.0,,1.0,1.0,4.9411764705882355,17
pad,89,0.05,M1,18,True,1.0,1.0,0.0,1.0,1.0,5.780487804878049,41
pad,89,0.05,M2,164,False,0.94,0.9388888888888889,0.0,1.0,1.0,5.346666666666667,150
pad,89,0.05,M3,61,False,0.9310344827586207,0.9279661016949152,0.0,1.0,1.0,5.459770114942529,87
pad,89,0.05,M4,12,True,1.0,1.0,0.0,1.0,1.0,5.6,5
pad,89,0.05,M5,4,True,1.0,1.0,0.0,1.0,1.0,6.0,1
pad,89,0.1,B,25,False,0.9411764705882353,0.9285714285714286,,1.0,1.0,4.647058823529412,17
pad,89,0.1,M1,18,False,1.0,1.0,0.0,1.0,1.0,5.658536585365853,41
pad,89,0.1,M2,164,False,0.8933333333333333,0.8888888888888888,0.0,1.0,1.0,4.953333333333333,150
pad,89,0.1,M3,61,False,0.8850574712643678,0.8813559322033898,0.0,1.0,1.0,5.057471264367816,87
pad,89,0.1,M4,12,False,1.0,1.0,0.0,1.0,1.0,5.6,5
pad,89,0.1,M5,4,True,1.0,1.0,0.0,1.0,1.0,6.0,1
pad,89,0.15,B,25,False,0.9411764705882353,0.9285714285714286,,1.0,1.0,4.0588235294117645,17
pad,89,0.15,M1,18,False,0.8536585365853658,0.8674242424242423,0.0,1.0,1.0,4.487804878048781,41
pad,89,0.15,M2,164,False,0.86,0.8738095238095238,0.0,1.0,1.0,4.42,150
pad,89,0.15,M3,61,False,0.8160919540229885,0.8135593220338984,0.0,1.0,1.0,4.448275862068965,87
pad,89,0.15,M4,12,False,1.0,1.0,0.0,1.0,1.0,5.4,5
pad,89,0.15,M5,4,True,1.0,1.0,0.0,1.0,1.0,6.0,1
hiba,90,0.05,B,166,False,1.0,1.0,,1.0,1.0,6.556756756756757,185
hiba,90,0.05,M1,27,False,1.0,1.0,0.0,1.0,1.0,6.818181818181818,11
hiba,90,0.05,M2,221,False,0.96,0.9521276595744681,0.0,1.0,1.0,7.232,125
hiba,90,0.05,M3,22,False,0.8823529411764706,0.8333333333333334,0.0,1.0,1.0,6.411764705882353,17
hiba,90,0.1,B,166,False,0.9675675675675676,0.9305555555555556,,0.9945945945945946,0.9994658119658119,4.52972972972973,185
hiba,90,0.1,M1,27,False,0.7272727272727273,0.738095238095238,0.0,1.0,1.0,4.363636363636363,11
hiba,90,0.1,M2,221,False,0.928,0.9202127659574468,0.0,1.0,1.0,5.288,125
hiba,90,0.1,M3,22,False,0.8235294117647058,0.75,0.0,1.0,1.0,4.764705882352941,17
hiba,90,0.15,B,166,False,0.9297297297297298,0.8739583333333333,,0.9567567567567568,0.9782318376068376,3.72972972972973,185
hiba,90,0.15,M1,27,False,0.6363636363636364,0.6666666666666666,0.0,1.0,1.0,3.727272727272727,11
hiba,90,0.15,M2,221,False,0.856,0.8436170212765958,0.0,1.0,1.0,4.616,125
hiba,90,0.15,M3,22,False,0.8235294117647058,0.75,0.0,1.0,1.0,3.764705882352941,17
pad,90,0.05,B,24,False,1.0,1.0,,1.0,1.0,5.705882352941177,17
pad,90,0.05,M1,22,False,0.9655172413793104,0.9814814814814815,0.0,1.0,1.0,5.448275862068965,29
pad,90,0.05,M2,157,False,0.9880239520958084,0.9940476190476192,0.0,1.0,1.0,5.838323353293413,167
pad,90,0.05,M3,70,False,0.9506172839506173,0.955,0.0,1.0,1.0,5.419753086419753,81
pad,90,0.05,M4,7,True,1.0,1.0,0.0,1.0,1.0,6.166666666666667,12
pad,90,0.05,M5,4,True,1.0,1.0,0.0,1.0,1.0,6.0,1
pad,90,0.1,B,24,False,1.0,1.0,,1.0,1.0,4.823529411764706,17
pad,90,0.1,M1,22,False,0.896551724137931,0.949074074074074,0.0,1.0,1.0,4.827586206896552,29
pad,90,0.1,M2,157,False,0.9161676646706587,0.931547619047619,0.0,1.0,1.0,5.3293413173652695,167
pad,90,0.1,M3,70,False,0.8888888888888888,0.91,0.0,1.0,1.0,4.938271604938271,81
pad,90,0.1,M4,7,True,1.0,1.0,0.0,1.0,1.0,6.166666666666667,12
pad,90,0.1,M5,4,True,1.0,1.0,0.0,1.0,1.0,6.0,1
pad,90,0.15,B,24,False,1.0,1.0,,0.9411764705882353,0.9333333333333333,4.117647058823529,17
pad,90,0.15,M1,22,False,0.7241379310344828,0.7777777777777778,0.0,1.0,1.0,3.896551724137931,29
pad,90,0.15,M2,157,False,0.8502994011976048,0.8630952380952381,0.0,1.0,1.0,4.838323353293413,167
pad,90,0.15,M3,70,False,0.8765432098765432,0.89,0.0,1.0,1.0,4.777777777777778,81
pad,90,0.15,M4,7,False,0.9166666666666666,0.9,0.0,1.0,1.0,5.5,12
pad,90,0.15,M5,4,True,1.0,1.0,0.0,1.0,1.0,6.0,1
hiba,91,0.05,B,157,False,0.9726027397260274,0.9475308641975309,,1.0,1.0,6.077625570776256,219
hiba,91,0.05,M1,27,False,0.9,0.8571428571428571,0.0,1.0,1.0,5.4,10
hiba,91,0.05,M2,225,False,0.975609756097561,0.9916666666666667,0.0,1.0,1.0,6.658536585365853,123
hiba,91,0.05,M3,22,False,1.0,1.0,0.0,1.0,1.0,6.714285714285714,14
hiba,91,0.1,B,157,False,0.958904109589041,0.9290123456790124,,0.9954337899543378,0.9992737835875091,4.534246575342466,219
hiba,91,0.1,M1,27,False,0.8,0.7857142857142857,0.0,1.0,1.0,3.7,10
hiba,91,0.1,M2,225,False,0.9105691056910569,0.951851851851852,0.0,1.0,1.0,5.317073170731708,123
hiba,91,0.1,M3,22,False,0.9285714285714286,0.9166666666666666,0.0,1.0,1.0,6.071428571428571,14
hiba,91,0.15,B,157,False,0.9452054794520548,0.9002057613168724,,0.9908675799086758,0.9931009440813362,3.8219178082191783,219
hiba,91,0.15,M1,27,False,0.8,0.7857142857142857,0.0,1.0,1.0,3.2,10
hiba,91,0.15,M2,225,False,0.8861788617886179,0.9185185185185186,0.0,1.0,1.0,4.772357723577236,123
hiba,91,0.15,M3,22,False,0.9285714285714286,0.9166666666666666,0.0,1.0,1.0,5.357142857142857,14
pad,91,0.05,B,24,False,1.0,1.0,,1.0,1.0,5.375,16
pad,91,0.05,M1,20,False,1.0,1.0,0.0,1.0,1.0,5.78125,32
pad,91,0.05,M2,160,False,0.9316770186335404,0.944954128440367,0.0,1.0,1.0,5.484472049689441,161
pad,91,0.05,M3,85,False,0.9285714285714286,0.9214285714285714,0.0,1.0,1.0,5.339285714285714,56
pad,91,0.05,M4,8,True,1.0,1.0,0.0,1.0,1.0,6.0,10
pad,91,0.05,M5,3,True,1.0,1.0,0.0,1.0,1.0,6.0,2
pad,91,0.1,B,24,False,1.0,1.0,,1.0,1.0,5.125,16
pad,91,0.1,M1,20,False,1.0,1.0,0.0,1.0,1.0,5.6875,32
pad,91,0.1,M2,160,False,0.8881987577639752,0.8975535168195719,0.0,1.0,1.0,5.149068322981367,161
pad,91,0.1,M3,85,False,0.8035714285714286,0.8,0.0,1.0,1.0,4.839285714285714,56
pad,91,0.1,M4,8,True,1.0,1.0,0.0,1.0,1.0,6.0,10
pad,91,0.1,M5,3,True,1.0,1.0,0.0,1.0,1.0,6.0,2
pad,91,0.15,B,24,False,1.0,1.0,,1.0,1.0,4.875,16
pad,91,0.15,M1,20,False,1.0,1.0,0.0,1.0,1.0,5.5625,32
pad,91,0.15,M2,160,False,0.7639751552795031,0.7721712538226299,0.0,1.0,1.0,4.658385093167702,161
pad,91,0.15,M3,85,False,0.7142857142857143,0.7142857142857143,0.0,1.0,1.0,4.410714285714286,56
pad,91,0.15,M4,8,False,1.0,1.0,0.0,1.0,1.0,6.0,10
pad,91,0.15,M5,3,True,1.0,1.0,0.0,1.0,1.0,6.0,2
hiba,92,0.05,B,175,False,0.9873949579831933,0.9656084656084656,,1.0,1.0,5.945378151260504,238
hiba,92,0.05,M1,24,False,1.0,1.0,0.0,1.0,1.0,6.125,16
hiba,92,0.05,M2,215,False,0.9844961240310077,0.98,0.0,1.0,1.0,6.612403100775194,129
hiba,92,0.05,M3,25,False,1.0,1.0,0.0,1.0,1.0,6.777777777777778,9
hiba,92,0.1,B,175,False,0.9747899159663865,0.9312169312169313,,0.9957983193277311,0.9973544973544973,4.621848739495798,238
hiba,92,0.1,M1,24,False,0.875,0.9166666666666667,0.0,1.0,1.0,4.3125,16
hiba,92,0.1,M2,215,False,0.937984496124031,0.9316666666666665,0.0,1.0,1.0,5.310077519379845,129
hiba,92,0.1,M3,25,False,1.0,1.0,0.0,1.0,1.0,6.111111111111111,9
hiba,92,0.15,B,175,False,0.957983193277311,0.8935185185185186,,0.9747899159663865,0.9808201058201059,3.7899159663865545,238
hiba,92,0.15,M1,24,False,0.875,0.9166666666666667,0.0,1.0,1.0,3.8125,16
hiba,92,0.15,M2,215,False,0.8914728682170543,0.8816666666666666,0.0,1.0,1.0,4.767441860465116,129
hiba,92,0.15,M3,25,False,0.8888888888888888,0.8888888888888888,0.0,1.0,1.0,5.888888888888889,9
pad,92,0.05,B,24,False,0.875,0.8666666666666667,,1.0,1.0,5.0625,16
pad,92,0.05,M1,30,False,1.0,1.0,0.0,1.0,1.0,5.875,16
pad,92,0.05,M2,152,False,0.9181286549707602,0.9294871794871795,0.0,1.0,1.0,5.1345029239766085,171
pad,92,0.05,M3,77,False,1.0,1.0,0.0,1.0,1.0,5.651515151515151,66
pad,92,0.05,M4,12,True,1.0,1.0,0.0,1.0,1.0,5.857142857142857,7
pad,92,0.05,M5,3,True,1.0,1.0,0.0,1.0,1.0,6.333333333333333,3
pad,92,0.1,B,24,False,0.875,0.8666666666666667,,1.0,1.0,4.4375,16
pad,92,0.1,M1,30,False,0.625,0.675,0.0,1.0,1.0,4.3125,16
pad,92,0.1,M2,152,False,0.8596491228070176,0.8717948717948718,0.0,1.0,1.0,4.415204678362573,171
pad,92,0.1,M3,77,False,1.0,1.0,0.0,1.0,1.0,5.212121212121212,66
pad,92,0.1,M4,12,False,1.0,1.0,0.0,1.0,1.0,5.571428571428571,7
pad,92,0.1,M5,3,True,1.0,1.0,0.0,1.0,1.0,6.0,3
pad,92,0.15,B,24,False,0.875,0.8666666666666667,,1.0,1.0,4.3125,16
pad,92,0.15,M1,30,False,0.5625,0.65,0.0625,0.9375,0.9,3.5,16
pad,92,0.15,M2,152,False,0.8011695906432749,0.8297720797720798,0.0,1.0,1.0,4.169590643274854,171
pad,92,0.15,M3,77,False,0.9848484848484849,0.9883720930232558,0.0,1.0,1.0,5.090909090909091,66
pad,92,0.15,M4,12,False,1.0,1.0,0.0,1.0,1.0,5.428571428571429,7
pad,92,0.15,M5,3,True,1.0,1.0,0.0,1.0,1.0,6.0,3
hiba,93,0.05,B,173,False,0.9787234042553191,0.9384615384615385,,1.0,1.0,6.074468085106383,188
hiba,93,0.05,M1,27,False,1.0,1.0,0.0,1.0,1.0,6.7,10
hiba,93,0.05,M2,218,False,0.9661016949152542,0.9587628865979382,0.0,1.0,1.0,6.466101694915254,118
hiba,93,0.05,M3,22,False,1.0,1.0,0.0,1.0,1.0,6.588235294117647,17
hiba,93,0.1,B,173,False,0.9574468085106383,0.8871794871794871,,0.9946808510638298,0.9990950226244344,4.446808510638298,188
hiba,93,0.1,M1,27,False,1.0,1.0,0.0,1.0,1.0,4.6,10
hiba,93,0.1,M2,218,False,0.9322033898305084,0.929553264604811,0.0,1.0,1.0,5.067796610169491,118
hiba,93,0.1,M3,22,False,1.0,1.0,0.0,1.0,1.0,5.0588235294117645,17
hiba,93,0.15,B,173,False,0.9308510638297872,0.8576923076923075,,0.9893617021276596,0.9984539969834089,3.904255319148936,188
hiba,93,0.15,M1,27,False,1.0,1.0,0.0,1.0,1.0,4.1,10
hiba,93,0.15,M2,218,False,0.9067796610169492,0.9037800687285223,0.0,1.0,1.0,4.610169491525424,118
hiba,93,0.15,M3,22,False,1.0,1.0,0.0,1.0,1.0,4.705882352941177,17
pad,93,0.05,B,21,False,1.0,1.0,,1.0,1.0,5.761904761904762,21
pad,93,0.05,M1,17,True,1.0,1.0,0.0,1.0,1.0,5.694444444444445,36
pad,93,0.05,M2,171,False,0.993006993006993,0.9965986394557822,0.0,1.0,1.0,5.713286713286713,143
pad,93,0.05,M3,70,False,0.9295774647887324,0.925,0.0,1.0,1.0,5.394366197183099,71
pad,93,0.05,M4,11,True,1.0,1.0,0.0,1.0,1.0,6.5,8
pad,93,0.05,M5,4,True,1.0,1.0,0.0,1.0,1.0,6.0,1
pad,93,0.1,B,21,False,1.0,1.0,,1.0,1.0,4.380952380952381,21
pad,93,0.1,M1,17,False,0.7777777777777778,0.7898550724637682,0.0,1.0,1.0,4.527777777777778,36
pad,93,0.1,M2,171,False,0.8881118881118881,0.8860544217687074,0.0,1.0,1.0,5.076923076923077,143
pad,93,0.1,M3,70,False,0.8028169014084507,0.82,0.0,1.0,1.0,4.915492957746479,71
pad,93,0.1,M4,11,False,0.875,0.8333333333333334,0.0,1.0,1.0,5.875,8
pad,93,0.1,M5,4,True,1.0,1.0,0.0,1.0,1.0,6.0,1
pad,93,0.15,B,21,False,0.8571428571428571,0.8333333333333334,,0.9523809523809523,0.9444444444444444,3.4285714285714284,21
pad,93,0.15,M1,17,False,0.75,0.7753623188405797,0.027777777777777776,0.9722222222222222,0.9565217391304348,3.5833333333333335,36
pad,93,0.15,M2,171,False,0.8671328671328671,0.8673469387755102,0.0,1.0,1.0,4.251748251748252,143
pad,93,0.15,M3,70,False,0.7605633802816901,0.795,0.0,1.0,1.0,4.295774647887324,71
pad,93,0.15,M4,11,False,0.875,0.8333333333333334,0.0,1.0,1.0,5.0,8
pad,93,0.15,M5,4,True,1.0,1.0,0.0,1.0,1.0,6.0,1
hiba,94,0.05,B,167,False,0.9764705882352941,0.9507042253521126,,1.0,1.0,5.817647058823529,170
hiba,94,0.05,M1,26,False,0.9,0.875,0.0,1.0,1.0,5.6,10
hiba,94,0.05,M2,216,False,0.9606299212598425,0.9494949494949495,0.0,1.0,1.0,6.511811023622047,127
hiba,94,0.05,M3,25,False,1.0,1.0,0.0,1.0,1.0,6.888888888888889,9
hiba,94,0.1,B,167,False,0.9352941176470588,0.8615023474178405,,0.9941176470588236,0.9991714995857498,4.129411764705883,170
hiba,94,0.1,M1,26,False,0.9,0.875,0.0,1.0,1.0,4.7,10
hiba,94,0.1,M2,216,False,0.9133858267716536,0.9006734006734007,0.0,1.0,1.0,5.165354330708661,127
hiba,94,0.1,M3,25,False,1.0,1.0,0.0,1.0,1.0,6.111111111111111,9
hiba,94,0.15,B,167,False,0.9,0.8145539906103286,,0.9647058823529412,0.9762841756420878,3.4058823529411764,170
hiba,94,0.15,M1,26,False,0.5,0.4375,0.1,0.9,0.9375,2.9,10
hiba,94,0.15,M2,216,False,0.889763779527559,0.8703703703703705,0.0,1.0,1.0,4.503937007874016,127
hiba,94,0.15,M3,25,False,1.0,1.0,0.0,1.0,1.0,5.333333333333333,9
pad,94,0.05,B,24,False,1.0,1.0,,1.0,1.0,5.95,20
pad,94,0.05,M1,26,False,1.0,1.0,0.0,1.0,1.0,5.714285714285714,28
pad,94,0.05,M2,156,False,0.9823529411764705,0.9904129793510323,0.0,1.0,1.0,5.752941176470588,170
pad,94,0.05,M3,63,False,0.9782608695652174,0.9868421052631579,0.0,1.0,1.0,5.565217391304348,92
pad,94,0.05,M4,12,True,1.0,1.0,0.0,1.0,1.0,6.166666666666667,6
pad,94,0.05,M5,3,True,1.0,1.0,0.0,1.0,1.0,6.333333333333333,3
pad,94,0.1,B,24,False,1.0,1.0,,1.0,1.0,4.75,20
pad,94,0.1,M1,26,False,0.8928571428571429,0.869047619047619,0.0,1.0,1.0,4.821428571428571,28
pad,94,0.1,M2,156,False,0.888235294117647,0.9107669616519173,0.0,1.0,1.0,5.135294117647059,170
pad,94,0.1,M3,63,False,0.9456521739130435,0.9649122807017544,0.0,1.0,1.0,5.304347826086956,92
pad,94,0.1,M4,12,False,1.0,1.0,0.0,1.0,1.0,6.166666666666667,6
pad,94,0.1,M5,3,True,1.0,1.0,0.0,1.0,1.0,6.333333333333333,3
pad,94,0.15,B,24,False,1.0,1.0,,1.0,1.0,4.4,20
pad,94,0.15,M1,26,False,0.7857142857142857,0.7738095238095238,0.0,1.0,1.0,4.035714285714286,28
pad,94,0.15,M2,156,False,0.8294117647058824,0.859882005899705,0.0,1.0,1.0,4.729411764705882,170
pad,94,0.15,M3,63,False,0.9130434782608695,0.9298245614035088,0.0,1.0,1.0,4.913043478260869,92
pad,94,0.15,M4,12,False,1.0,1.0,0.0,1.0,1.0,6.166666666666667,6
pad,94,0.15,M5,3,True,1.0,1.0,0.0,1.0,1.0,6.333333333333333,3
hiba,95,0.05,B,165,False,0.9635036496350365,0.9486301369863014,,1.0,1.0,5.854014598540146,137
hiba,95,0.05,M1,23,False,1.0,1.0,0.0,1.0,1.0,6.181818181818182,22
hiba,95,0.05,M2,228,False,0.9137931034482759,0.9281609195402298,0.0,1.0,1.0,6.267241379310345,116
hiba,95,0.05,M3,18,True,1.0,1.0,0.0,1.0,1.0,7.1875,16
hiba,95,0.1,B,165,False,0.8978102189781022,0.8618721461187214,,1.0,1.0,4.204379562043796,137
hiba,95,0.1,M1,23,False,1.0,1.0,0.0,1.0,1.0,4.7272727272727275,22
hiba,95,0.1,M2,228,False,0.8620689655172413,0.8754789272030652,0.0,1.0,1.0,5.0,116
hiba,95,0.1,M3,18,False,0.875,0.875,0.0,1.0,1.0,5.375,16
hiba,95,0.15,B,165,False,0.8832116788321168,0.841324200913242,,0.9708029197080292,0.9771689497716897,3.4525547445255476,137
hiba,95,0.15,M1,23,False,0.8181818181818182,0.8151515151515152,0.045454545454545456,0.9545454545454546,0.9696969696969696,3.227272727272727,22
hiba,95,0.15,M2,228,False,0.7758620689655172,0.7869731800766284,0.0,1.0,1.0,4.439655172413793,116
hiba,95,0.15,M3,18,False,0.8125,0.8125,0.0,1.0,1.0,4.875,16
pad,95,0.05,B,26,False,1.0,1.0,,1.0,1.0,5.4,15
pad,95,0.05,M1,27,False,1.0,1.0,0.0,1.0,1.0,5.619047619047619,21
pad,95,0.05,M2,153,False,0.9047619047619048,0.9102011494252874,0.0,1.0,1.0,5.458333333333333,168
pad,95,0.05,M3,74,False,1.0,1.0,0.0,1.0,1.0,5.462686567164179,67
pad,95,0.05,M4,13,True,1.0,1.0,0.0,1.0,1.0,5.5,4
pad,95,0.05,M5,4,True,1.0,1.0,0.0,1.0,1.0,6.0,1
pad,95,0.1,B,26,False,0.9333333333333333,0.9230769230769231,,1.0,1.0,4.933333333333334,15
pad,95,0.1,M1,27,False,0.9523809523809523,0.9807692307692307,0.0,1.0,1.0,5.0,21
pad,95,0.1,M2,153,False,0.8690476190476191,0.8714080459770116,0.0,1.0,1.0,5.083333333333333,168
pad,95,0.1,M3,74,False,0.8955223880597015,0.9239130434782609,0.0,1.0,1.0,4.835820895522388,67
pad,95,0.1,M4,13,False,1.0,1.0,0.0,1.0,1.0,5.5,4
pad,95,0.1,M5,4,True,1.0,1.0,0.0,1.0,1.0,6.0,1
pad,95,0.15,B,26,False,0.8666666666666667,0.8461538461538461,,0.9333333333333333,0.9230769230769231,4.133333333333334,15
pad,95,0.15,M1,27,False,0.7619047619047619,0.8076923076923077,0.0,1.0,1.0,3.4761904761904763,21
pad,95,0.15,M2,153,False,0.8154761904761905,0.8211206896551724,0.0,1.0,1.0,4.333333333333333,168
pad,95,0.15,M3,74,False,0.835820895522388,0.8478260869565217,0.0,1.0,1.0,4.373134328358209,67
pad,95,0.15,M4,13,False,1.0,1.0,0.0,1.0,1.0,5.0,4
pad,95,0.15,M5,4,True,1.0,1.0,0.0,1.0,1.0,6.0,1
hiba,96,0.05,B,172,False,0.9738562091503268,0.9709595959595961,,1.0,1.0,5.830065359477124,153
hiba,96,0.05,M1,23,False,0.8823529411764706,0.8636363636363636,0.0,1.0,1.0,5.9411764705882355,17
hiba,96,0.05,M2,220,False,0.8728813559322034,0.8859649122807018,0.0,1.0,1.0,6.398305084745763,118
hiba,96,0.05,M3,20,False,1.0,1.0,0.0,1.0,1.0,6.888888888888889,18
hiba,96,0.1,B,172,False,0.9281045751633987,0.9154040404040403,,0.9934640522875817,0.996969696969697,4.098039215686274,153
hiba,96,0.1,M1,23,False,0.8823529411764706,0.8636363636363636,0.0,1.0,1.0,4.705882352941177,17
hiba,96,0.1,M2,220,False,0.8389830508474576,0.849122807017544,0.0,1.0,1.0,5.059322033898305,118
hiba,96,0.1,M3,20,False,1.0,1.0,0.0,1.0,1.0,5.666666666666667,18
hiba,96,0.15,B,172,False,0.8823529411764706,0.8411616161616161,,0.9738562091503268,0.9633838383838385,3.156862745098039,153
hiba,96,0.15,M1,23,False,0.8823529411764706,0.8636363636363636,0.0,1.0,1.0,3.823529411764706,17
hiba,96,0.15,M2,220,False,0.7033898305084746,0.7175438596491228,0.01694915254237288,0.9830508474576272,0.9842105263157894,4.0508474576271185,118
hiba,96,0.15,M3,20,False,0.8333333333333334,0.8333333333333334,0.0,1.0,1.0,4.833333333333333,18
pad,96,0.05,B,30,False,1.0,1.0,,1.0,1.0,5.555555555555555,9
pad,96,0.05,M1,23,False,0.9259259259259259,0.9509803921568628,0.0,1.0,1.0,5.444444444444445,27
pad,96,0.05,M2,158,False,0.935064935064935,0.9406906906906906,0.0,1.0,1.0,5.545454545454546,154
pad,96,0.05,M3,80,False,0.9019607843137255,0.9125,0.0,1.0,1.0,5.372549019607843,51
pad,96,0.05,M4,12,True,1.0,1.0,0.0,1.0,1.0,5.8,5
pad,96,0.05,M5,1,True,1.0,1.0,0.0,1.0,1.0,6.2,5
pad,96,0.1,B,30,False,1.0,1.0,,1.0,1.0,4.444444444444445,9
pad,96,0.1,M1,23,False,0.8518518518518519,0.892156862745098,0.0,1.0,1.0,4.814814814814815,27
pad,96,0.1,M2,158,False,0.8636363636363636,0.873123123123123,0.0,1.0,1.0,5.01948051948052,154
pad,96,0.1,M3,80,False,0.9019607843137255,0.9125,0.0,1.0,1.0,5.098039215686274,51
pad,96,0.1,M4,12,False,0.8,0.8,0.0,1.0,1.0,5.2,5
pad,96,0.1,M5,1,True,1.0,1.0,0.0,1.0,1.0,6.2,5
pad,96,0.15,B,30,False,1.0,1.0,,1.0,1.0,4.0,9
pad,96,0.15,M1,23,False,0.8518518518518519,0.892156862745098,0.0,1.0,1.0,4.222222222222222,27
pad,96,0.15,M2,158,False,0.7922077922077922,0.8070570570570571,0.0,1.0,1.0,4.454545454545454,154
pad,96,0.15,M3,80,False,0.8823529411764706,0.8875,0.0,1.0,1.0,4.764705882352941,51
pad,96,0.15,M4,12,False,0.8,0.8,0.0,1.0,1.0,5.2,5
pad,96,0.15,M5,1,True,1.0,1.0,0.0,1.0,1.0,6.0,5
hiba,97,0.05,B,169,False,0.9292929292929293,0.8188405797101449,,1.0,1.0,5.090909090909091,198
hiba,97,0.05,M1,19,False,1.0,1.0,0.0,1.0,1.0,6.086956521739131,23
hiba,97,0.05,M2,220,False,0.9482758620689655,0.9421052631578948,0.0,1.0,1.0,5.844827586206897,116
hiba,97,0.05,M3,28,False,1.0,1.0,0.0,1.0,1.0,6.375,8
hiba,97,0.1,B,169,False,0.898989898989899,0.7741545893719807,,0.9949494949494949,0.9991474850809888,3.9292929292929295,198
hiba,97,0.1,M1,19,False,0.9565217391304348,0.9777777777777777,0.0,1.0,1.0,4.260869565217392,23
hiba,97,0.1,M2,220,False,0.8793103448275862,0.8736842105263158,0.0,1.0,1.0,5.008620689655173,116
hiba,97,0.1,M3,28,False,1.0,1.0,0.0,1.0,1.0,5.625,8
hiba,97,0.15,B,169,False,0.8737373737373737,0.7403381642512077,,0.9848484848484849,0.9810315430520034,3.1565656565656566,198
hiba,97,0.15,M1,19,False,0.9130434782608695,0.9444444444444444,0.0,1.0,1.0,3.652173913043478,23
hiba,97,0.15,M2,220,False,0.8620689655172413,0.8526315789473684,0.0,1.0,1.0,4.344827586206897,116
hiba,97,0.15,M3,28,False,0.875,0.9444444444444443,0.0,1.0,1.0,5.0,8
pad,97,0.05,B,20,False,1.0,1.0,,1.0,1.0,5.434782608695652,23
pad,97,0.05,M1,23,False,0.9310344827586207,0.9509803921568628,0.0,1.0,1.0,5.379310344827586,29
pad,97,0.05,M2,171,False,0.9205298013245033,0.9362244897959183,0.0,1.0,1.0,5.311258278145695,151
pad,97,0.05,M3,72,False,0.9746835443037974,0.9739583333333334,0.0,1.0,1.0,5.6455696202531644,79
pad,97,0.05,M4,9,True,1.0,1.0,0.0,1.0,1.0,6.111111111111111,9
pad,97,0.05,M5,4,True,1.0,1.0,0.0,1.0,1.0,6.0,1
pad,97,0.1,B,20,False,0.9565217391304348,0.9473684210526315,,1.0,1.0,4.739130434782608,23
pad,97,0.1,M1,23,False,0.8275862068965517,0.872549019607843,0.0,1.0,1.0,4.793103448275862,29
pad,97,0.1,M2,171,False,0.8543046357615894,0.8741496598639457,0.0,1.0,1.0,4.887417218543046,151
pad,97,0.1,M3,72,False,0.8607594936708861,0.8333333333333334,0.0,1.0,1.0,4.936708860759493,79
pad,97,0.1,M4,9,False,1.0,1.0,0.0,1.0,1.0,6.111111111111111,9
pad,97,0.1,M5,4,True,1.0,1.0,0.0,1.0,1.0,6.0,1
pad,97,0.15,B,20,False,0.9565217391304348,0.9473684210526315,,1.0,1.0,4.304347826086956,23
pad,97,0.15,M1,23,False,0.8275862068965517,0.872549019607843,0.0,1.0,1.0,4.344827586206897,29
pad,97,0.15,M2,171,False,0.7814569536423841,0.8137755102040817,0.0,1.0,1.0,4.324503311258278,151
pad,97,0.15,M3,72,False,0.8481012658227848,0.8125,0.0,1.0,1.0,4.556962025316456,79
pad,97,0.15,M4,9,False,1.0,1.0,0.0,1.0,1.0,5.777777777777778,9
pad,97,0.15,M5,4,True,1.0,1.0,0.0,1.0,1.0,6.0,1
hiba,98,0.05,B,161,False,0.9569377990430622,0.9004329004329006,,1.0,1.0,5.760765550239235,209
hiba,98,0.05,M1,28,False,0.8,0.7777777777777777,0.0,1.0,1.0,5.3,10
hiba,98,0.05,M2,219,False,0.984,0.9791666666666666,0.0,1.0,1.0,6.224,125
hiba,98,0.05,M3,25,False,1.0,1.0,0.0,1.0,1.0,6.615384615384615,13
hiba,98,0.1,B,161,False,0.937799043062201,0.8593073593073591,,1.0,1.0,4.4688995215311005,209
hiba,98,0.1,M1,28,False,0.7,0.6944444444444443,0.0,1.0,1.0,3.6,10
hiba,98,0.1,M2,219,False,0.96,0.953125,0.0,1.0,1.0,5.112,125
hiba,98,0.1,M3,25,False,1.0,1.0,0.0,1.0,1.0,6.0,13
hiba,98,0.15,B,161,False,0.9234449760765551,0.8300865800865801,,0.9904306220095693,0.9956709956709957,3.9186602870813396,209
hiba,98,0.15,M1,28,False,0.7,0.6944444444444443,0.0,1.0,1.0,3.6,10
hiba,98,0.15,M2,219,False,0.864,0.8572916666666667,0.0,1.0,1.0,4.312,125
hiba,98,0.15,M3,25,False,1.0,1.0,0.0,1.0,1.0,5.461538461538462,13
pad,98,0.05,B,28,False,0.9166666666666666,0.9090909090909091,,1.0,1.0,5.25,12
pad,98,0.05,M1,26,False,1.0,1.0,0.0,1.0,1.0,5.791666666666667,24
pad,98,0.05,M2,166,False,0.8707482993197279,0.8859223300970874,0.0,1.0,1.0,5.190476190476191,147
pad,98,0.05,M3,71,False,0.9855072463768116,0.9948979591836735,0.0,1.0,1.0,5.666666666666667,69
pad,98,0.05,M4,11,True,1.0,1.0,0.0,1.0,1.0,6.333333333333333,6
pad,98,0.05,M5,1,True,1.0,1.0,0.0,1.0,1.0,6.2,5
pad,98,0.1,B,28,False,0.9166666666666666,0.9090909090909091,,1.0,1.0,4.75,12
pad,98,0.1,M1,26,False,0.9583333333333334,0.9761904761904762,0.0,1.0,1.0,5.666666666666667,24
pad,98,0.1,M2,166,False,0.8571428571428571,0.8786407766990292,0.0,1.0,1.0,4.9523809523809526,147
pad,98,0.1,M3,71,False,0.8695652173913043,0.8979591836734694,0.0,1.0,1.0,5.043478260869565,69
pad,98,0.1,M4,11,False,0.8333333333333334,0.8333333333333334,0.0,1.0,1.0,5.5,6
pad,98,0.1,M5,1,True,1.0,1.0,0.0,1.0,1.0,6.2,5
pad,98,0.15,B,28,False,0.9166666666666666,0.9090909090909091,,1.0,1.0,4.5,12
pad,98,0.15,M1,26,False,0.8333333333333334,0.8511904761904762,0.0,1.0,1.0,4.291666666666667,24
pad,98,0.15,M2,166,False,0.7687074829931972,0.8098705501618123,0.0,1.0,1.0,4.27891156462585,147
pad,98,0.15,M3,71,False,0.8405797101449275,0.8571428571428571,0.0,1.0,1.0,4.6231884057971016,69
pad,98,0.15,M4,11,False,0.8333333333333334,0.8333333333333334,0.0,1.0,1.0,4.833333333333333,6
pad,98,0.15,M5,1,True,1.0,1.0,0.0,1.0,1.0,6.0,5
hiba,99,0.05,B,173,False,0.9747899159663865,0.9423076923076923,,1.0,1.0,5.869747899159663,238
hiba,99,0.05,M1,23,False,0.85,0.8606060606060606,0.0,1.0,1.0,5.45,20
hiba,99,0.05,M2,216,False,0.9534883720930233,0.9621212121212122,0.0,1.0,1.0,6.48062015503876,129
hiba,99,0.05,M3,22,False,1.0,1.0,0.0,1.0,1.0,6.222222222222222,18
hiba,99,0.1,B,173,False,0.9411764705882353,0.87,,0.9957983193277311,0.9990950226244344,4.239495798319328,238
hiba,99,0.1,M1,23,False,0.8,0.8151515151515152,0.0,1.0,1.0,3.55,20
hiba,99,0.1,M2,216,False,0.9147286821705426,0.9292929292929293,0.0,1.0,1.0,5.147286821705427,129
hiba,99,0.1,M3,22,False,0.9444444444444444,0.9166666666666666,0.0,1.0,1.0,4.833333333333333,18
hiba,99,0.15,B,173,False,0.9285714285714286,0.8533333333333333,,0.9915966386554622,0.9984539969834089,3.4747899159663866,238
hiba,99,0.15,M1,23,False,0.8,0.8151515151515152,0.0,1.0,1.0,3.3,20
hiba,99,0.15,M2,216,False,0.8449612403100775,0.8627946127946127,0.0,1.0,1.0,4.550387596899225,129
hiba,99,0.15,M3,22,False,0.9444444444444444,0.9166666666666666,0.0,1.0,1.0,4.5,18
pad,99,0.05,B,17,True,1.0,1.0,,1.0,1.0,7.695652173913044,23
pad,99,0.05,M1,21,False,0.9655172413793104,0.9824561403508772,0.0,1.0,1.0,7.827586206896552,29
pad,99,0.05,M2,167,False,0.9731543624161074,0.9795751633986929,0.0,1.0,1.0,7.932885906040268,149
pad,99,0.05,M3,65,False,0.9868421052631579,0.9954545454545455,0.0,1.0,1.0,7.723684210526316,76
pad,99,0.05,M4,10,True,1.0,1.0,0.0,1.0,1.0,8.0,7
pad,99,0.05,M5,3,True,1.0,1.0,0.0,1.0,1.0,8.0,3
pad,99,0.1,B,17,False,1.0,1.0,,1.0,1.0,4.782608695652174,23
pad,99,0.1,M1,21,False,0.896551724137931,0.9166666666666667,0.0,1.0,1.0,4.931034482758621,29
pad,99,0.1,M2,167,False,0.9530201342281879,0.9640522875816993,0.0,1.0,1.0,5.369127516778524,149
pad,99,0.1,M3,65,False,0.9078947368421053,0.9318181818181818,0.0,1.0,1.0,5.223684210526316,76
pad,99,0.1,M4,10,False,1.0,1.0,0.0,1.0,1.0,5.857142857142857,7
pad,99,0.1,M5,3,True,1.0,1.0,0.0,1.0,1.0,6.333333333333333,3
pad,99,0.15,B,17,False,0.8695652173913043,0.8636363636363636,,1.0,1.0,4.173913043478261,23
pad,99,0.15,M1,21,False,0.896551724137931,0.9166666666666667,0.0,1.0,1.0,4.482758620689655,29
pad,99,0.15,M2,167,False,0.8791946308724832,0.9019607843137255,0.0,1.0,1.0,4.570469798657718,149
pad,99,0.15,M3,65,False,0.8421052631578947,0.8545454545454545,0.0,1.0,1.0,4.565789473684211,76
pad,99,0.15,M4,10,False,1.0,1.0,0.0,1.0,1.0,5.428571428571429,7
pad,99,0.15,M5,3,True,1.0,1.0,0.0,1.0,1.0,6.0,3
