cohort,draw,alpha,group,n_benign,benign_coverage,benign_referral,benign_set_size
hiba,0,0.05,1,10,1.0,1.0,5.3
hiba,0,0.05,2,130,0.9769230769230769,1.0,5.515384615384615
hiba,0,0.05,3,120,1.0,1.0,5.383333333333334
hiba,0,0.05,4,21,1.0,1.0,7.428571428571429
hiba,0,0.1,1,10,1.0,0.9,3.4
hiba,0,0.1,2,130,0.9307692307692308,0.9692307692307692,3.5615384615384613
hiba,0,0.1,3,120,1.0,0.9166666666666666,3.25
hiba,0,0.1,4,21,1.0,1.0,6.238095238095238
hiba,0,0.15,1,10,1.0,0.9,3.1
hiba,0,0.15,2,130,0.9,0.9230769230769231,2.8076923076923075
hiba,0,0.15,3,120,0.975,0.6166666666666667,2.15
hiba,0,0.15,4,21,1.0,1.0,5.666666666666667
pad,0,0.05,1,2,1.0,1.0,4.5
pad,0,0.05,2,7,1.0,1.0,3.857142857142857
pad,0,0.05,3,8,1.0,1.0,3.625
pad,0,0.05,4,1,1.0,1.0,6.0
pad,0,0.05,6,1,1.0,1.0,6.0
pad,0,0.1,1,2,0.5,1.0,3.5
pad,0,0.1,2,7,1.0,0.7142857142857143,3.0
pad,0,0.1,3,8,1.0,1.0,3.125
pad,0,0.1,4,1,1.0,1.0,4.0
pad,0,0.1,6,1,1.0,1.0,6.0
pad,0,0.15,1,2,0.0,1.0,3.0
pad,0,0.15,2,7,1.0,0.7142857142857143,2.7142857142857144
pad,0,0.15,3,8,1.0,1.0,2.875
pad,0,0.15,4,1,1.0,1.0,4.0
pad,0,0.15,6,1,1.0,1.0,6.0
hiba,1,0.05,1,20,1.0,1.0,5.65
hiba,1,0.05,2,129,1.0,1.0,6.0
hiba,1,0.05,3,43,0.9767441860465116,1.0,5.604651162790698
hiba,1,0.05,4,21,1.0,1.0,7.666666666666667
hiba,1,0.1,1,20,1.0,1.0,3.85
hiba,1,0.1,2,129,0.937984496124031,0.9534883720930233,3.883720930232558
hiba,1,0.1,3,43,0.9767441860465116,0.9302325581395349,2.9302325581395348
hiba,1,0.1,4,21,1.0,1.0,6.380952380952381
hiba,1,0.15,1,20,1.0,0.95,3.55
hiba,1,0.15,2,129,0.9224806201550387,0.9069767441860465,3.0697674418604652
hiba,1,0.15,3,43,0.9534883720930233,0.8372093023255814,2.6511627906976742
hiba,1,0.15,4,21,1.0,1.0,6.0476190476190474
pad,1,0.05,1,3,1.0,1.0,4.0
pad,1,0.05,2,6,0.8333333333333334,1.0,4.166666666666667
pad,1,0.05,3,7,1.0,1.0,3.857142857142857
pad,1,0.05,4,4,1.0,1.0,6.0
pad,1,0.1,1,3,1.0,1.0,3.6666666666666665
pad,1,0.1,2,6,0.8333333333333334,1.0,3.5
pad,1,0.1,3,7,1.0,1.0,3.2857142857142856
pad,1,0.1,4,4,1.0,1.0,5.5
pad,1,0.15,1,3,0.6666666666666666,1.0,2.3333333333333335
pad,1,0.15,2,6,0.6666666666666666,1.0,2.8333333333333335
pad,1,0.15,3,7,1.0,1.0,3.2857142857142856
pad,1,0.15,4,4,1.0,1.0,4.5
hiba,2,0.05,1,6,1.0,1.0,5.666666666666667
hiba,2,0.05,2,102,0.9901960784313726,1.0,5.862745098039215
hiba,2,0.05,3,54,0.9814814814814815,1.0,3.962962962962963
hiba,2,0.05,4,2,1.0,1.0,7.5
hiba,2,0.1,1,6,1.0,1.0,3.5
hiba,2,0.1,2,102,0.9509803921568627,0.9901960784313726,4.0
hiba,2,0.1,3,54,0.9814814814814815,0.9074074074074074,2.759259259259259
hiba,2,0.1,4,2,1.0,1.0,6.5
hiba,2,0.15,1,6,1.0,1.0,3.5
hiba,2,0.15,2,102,0.9411764705882353,0.9705882352941176,3.284313725490196
hiba,2,0.15,3,54,0.9814814814814815,0.7777777777777778,2.425925925925926
hiba,2,0.15,4,2,1.0,1.0,6.5
pad,2,0.05,1,1,0.0,1.0,4.0
pad,2,0.05,2,11,0.9090909090909091,0.9090909090909091,2.8181818181818183
pad,2,0.05,3,4,1.0,1.0,3.25
pad,2,0.05,4,4,1.0,1.0,5.5
pad,2,0.1,1,1,0.0,1.0,4.0
pad,2,0.1,2,11,0.9090909090909091,0.9090909090909091,2.6363636363636362
pad,2,0.1,3,4,1.0,1.0,3.25
pad,2,0.1,4,4,1.0,1.0,4.0
pad,2,0.15,1,1,0.0,1.0,4.0
pad,2,0.15,2,11,0.9090909090909091,0.9090909090909091,2.6363636363636362
pad,2,0.15,3,4,1.0,1.0,3.25
pad,2,0.15,4,4,1.0,1.0,4.0
hiba,3,0.05,1,7,1.0,1.0,4.571428571428571
hiba,3,0.05,2,119,0.907563025210084,1.0,5.470588235294118
hiba,3,0.05,3,51,0.9803921568627451,1.0,5.0588235294117645
hiba,3,0.05,4,3,1.0,1.0,6.333333333333333
hiba,3,0.1,1,7,0.8571428571428571,1.0,3.2857142857142856
hiba,3,0.1,2,119,0.865546218487395,0.957983193277311,3.7983193277310923
hiba,3,0.1,3,51,0.9411764705882353,0.803921568627451,2.9607843137254903
hiba,3,0.1,4,3,0.6666666666666666,1.0,6.0
hiba,3,0.15,1,7,0.8571428571428571,0.8571428571428571,2.4285714285714284
hiba,3,0.15,2,119,0.7983193277310925,0.8907563025210085,2.764705882352941
hiba,3,0.15,3,51,0.9215686274509803,0.7647058823529411,2.392156862745098
hiba,3,0.15,4,3,0.6666666666666666,1.0,5.666666666666667
pad,3,0.05,1,2,1.0,1.0,2.5
pad,3,0.05,2,11,0.9090909090909091,1.0,3.727272727272727
pad,3,0.05,3,6,1.0,1.0,3.6666666666666665
pad,3,0.05,4,3,1.0,1.0,6.0
pad,3,0.1,1,2,1.0,1.0,2.5
pad,3,0.1,2,11,0.9090909090909091,0.9090909090909091,3.0
pad,3,0.1,3,6,1.0,1.0,3.3333333333333335
pad,3,0.1,4,3,1.0,1.0,3.0
pad,3,0.15,1,2,1.0,1.0,2.5
pad,3,0.15,2,11,0.9090909090909091,0.9090909090909091,2.909090909090909
pad,3,0.15,3,6,1.0,1.0,3.3333333333333335
pad,3,0.15,4,3,1.0,1.0,3.0
hiba,4,0.05,1,5,1.0,1.0,5.4
hiba,4,0.05,2,155,0.967741935483871,1.0,5.922580645161291
hiba,4,0.05,3,46,1.0,1.0,4.478260869565218
hiba,4,0.05,4,2,1.0,1.0,7.0
hiba,4,0.1,1,5,1.0,0.8,3.8
hiba,4,0.1,2,155,0.9354838709677419,0.967741935483871,4.032258064516129
hiba,4,0.1,3,46,0.9782608695652174,0.8260869565217391,2.717391304347826
hiba,4,0.1,4,2,1.0,1.0,7.0
hiba,4,0.15,1,5,1.0,0.8,3.4
hiba,4,0.15,2,155,0.9096774193548387,0.9483870967741935,3.0580645161290323
hiba,4,0.15,3,46,0.9565217391304348,0.5652173913043478,2.0217391304347827
hiba,4,0.15,4,2,0.5,1.0,5.5
pad,4,0.05,1,2,1.0,1.0,3.5
pad,4,0.05,2,7,1.0,1.0,3.5714285714285716
pad,4,0.05,3,5,1.0,1.0,4.4
pad,4,0.05,4,2,1.0,1.0,6.0
pad,4,0.1,1,2,1.0,1.0,3.5
pad,4,0.1,2,7,1.0,0.8571428571428571,3.2857142857142856
pad,4,0.1,3,5,1.0,1.0,4.0
pad,4,0.1,4,2,1.0,1.0,6.0
pad,4,0.15,1,2,1.0,1.0,3.0
pad,4,0.15,2,7,1.0,0.7142857142857143,2.7142857142857144
pad,4,0.15,3,5,1.0,1.0,3.4
pad,4,0.15,4,2,1.0,1.0,5.0
hiba,5,0.05,1,4,1.0,1.0,5.5
hiba,5,0.05,2,113,1.0,1.0,6.292035398230088
hiba,5,0.05,3,32,0.96875,1.0,7.5
hiba,5,0.1,1,4,1.0,1.0,4.75
hiba,5,0.1,2,113,0.9646017699115044,0.9823008849557522,4.274336283185841
hiba,5,0.1,3,32,0.96875,1.0,3.65625
hiba,5,0.15,1,4,0.75,1.0,4.0
hiba,5,0.15,2,113,0.9380530973451328,0.8938053097345132,3.274336283185841
hiba,5,0.15,3,32,0.96875,0.8125,3.0
pad,5,0.05,1,2,1.0,1.0,5.0
pad,5,0.05,2,4,1.0,1.0,4.0
pad,5,0.05,3,4,1.0,1.0,4.75
pad,5,0.05,4,2,1.0,1.0,6.0
pad,5,0.1,1,2,1.0,1.0,3.5
pad,5,0.1,2,4,1.0,0.75,3.5
pad,5,0.1,3,4,1.0,1.0,4.5
pad,5,0.1,4,2,1.0,1.0,2.5
pad,5,0.15,1,2,1.0,1.0,3.0
pad,5,0.15,2,4,1.0,0.75,3.0
pad,5,0.15,3,4,1.0,1.0,3.5
pad,5,0.15,4,2,1.0,1.0,2.0
hiba,6,0.05,1,17,1.0,1.0,5.176470588235294
hiba,6,0.05,2,95,0.9894736842105263,1.0,5.536842105263158
hiba,6,0.05,3,19,0.9473684210526315,1.0,5.842105263157895
hiba,6,0.1,1,17,1.0,0.9411764705882353,3.3529411764705883
hiba,6,0.1,2,95,0.9157894736842105,0.9578947368421052,3.5473684210526315
hiba,6,0.1,3,19,0.8947368421052632,0.9473684210526315,3.8421052631578947
hiba,6,0.15,1,17,1.0,0.9411764705882353,3.0588235294117645
hiba,6,0.15,2,95,0.8736842105263158,0.9473684210526315,2.9473684210526314
hiba,6,0.15,3,19,0.7894736842105263,0.8947368421052632,2.789473684210526
pad,6,0.05,1,1,1.0,1.0,4.0
pad,6,0.05,2,11,0.9090909090909091,1.0,3.3636363636363638
pad,6,0.05,3,3,1.0,1.0,4.0
pad,6,0.05,4,2,1.0,1.0,6.0
pad,6,0.05,6,1,1.0,1.0,6.0
pad,6,0.1,1,1,1.0,1.0,3.0
pad,6,0.1,2,11,0.9090909090909091,0.9090909090909091,2.8181818181818183
pad,6,0.1,3,3,1.0,1.0,4.0
pad,6,0.1,4,2,1.0,1.0,4.5
pad,6,0.1,6,1,1.0,1.0,6.0
pad,6,0.15,1,1,0.0,1.0,2.0
pad,6,0.15,2,11,0.9090909090909091,0.9090909090909091,2.4545454545454546
pad,6,0.15,3,3,1.0,1.0,3.6666666666666665
pad,6,0.15,4,2,1.0,1.0,4.5
pad,6,0.15,6,1,1.0,1.0,6.0
hiba,7,0.05,1,7,1.0,1.0,4.714285714285714
hiba,7,0.05,2,169,0.9822485207100592,1.0,6.14792899408284
hiba,7,0.05,3,71,1.0,1.0,5.605633802816901
hiba,7,0.05,4,1,1.0,1.0,7.0
hiba,7,0.1,1,7,1.0,1.0,3.857142857142857
hiba,7,0.1,2,169,0.9408284023668639,0.9763313609467456,3.7218934911242605
hiba,7,0.1,3,71,0.9859154929577465,0.8732394366197183,3.0704225352112675
hiba,7,0.1,4,1,1.0,1.0,6.0
hiba,7,0.15,1,7,1.0,1.0,3.7142857142857144
hiba,7,0.15,2,169,0.9112426035502958,0.9289940828402367,3.0236686390532546
hiba,7,0.15,3,71,0.9859154929577465,0.6901408450704225,2.352112676056338
hiba,7,0.15,4,1,1.0,1.0,6.0
pad,7,0.05,1,4,0.75,1.0,3.75
pad,7,0.05,2,4,0.75,1.0,2.75
pad,7,0.05,3,6,1.0,1.0,2.8333333333333335
pad,7,0.05,4,3,1.0,1.0,5.666666666666667
pad,7,0.1,1,4,0.5,1.0,3.5
pad,7,0.1,2,4,0.75,1.0,2.75
pad,7,0.1,3,6,1.0,1.0,2.6666666666666665
pad,7,0.1,4,3,1.0,1.0,4.666666666666667
pad,7,0.15,1,4,0.5,1.0,3.0
pad,7,0.15,2,4,0.25,1.0,2.0
pad,7,0.15,3,6,1.0,0.6666666666666666,2.3333333333333335
pad,7,0.15,4,3,1.0,1.0,3.3333333333333335
hiba,8,0.05,1,7,1.0,1.0,5.428571428571429
hiba,8,0.05,2,136,0.9779411764705882,1.0,5.647058823529412
hiba,8,0.05,3,46,1.0,1.0,5.521739130434782
hiba,8,0.05,4,22,1.0,1.0,7.409090909090909
hiba,8,0.1,1,7,1.0,1.0,4.714285714285714
hiba,8,0.1,2,136,0.9485294117647058,0.9779411764705882,3.7573529411764706
hiba,8,0.1,3,46,1.0,0.8913043478260869,3.3260869565217392
hiba,8,0.1,4,22,1.0,1.0,6.409090909090909
hiba,8,0.15,1,7,1.0,1.0,4.0
hiba,8,0.15,2,136,0.9264705882352942,0.9191176470588235,2.9926470588235294
hiba,8,0.15,3,46,0.9782608695652174,0.7608695652173914,2.5434782608695654
hiba,8,0.15,4,22,1.0,1.0,6.136363636363637
pad,8,0.05,1,1,1.0,1.0,5.0
pad,8,0.05,2,8,1.0,1.0,3.875
pad,8,0.05,3,7,1.0,1.0,3.4285714285714284
pad,8,0.05,4,3,1.0,1.0,6.0
pad,8,0.1,1,1,1.0,1.0,5.0
pad,8,0.1,2,8,1.0,1.0,3.375
pad,8,0.1,3,7,1.0,1.0,3.2857142857142856
pad,8,0.1,4,3,1.0,1.0,4.333333333333333
pad,8,0.15,1,1,1.0,1.0,3.0
pad,8,0.15,2,8,1.0,1.0,3.125
pad,8,0.15,3,7,1.0,0.8571428571428571,2.4285714285714284
pad,8,0.15,4,3,1.0,1.0,3.3333333333333335
hiba,9,0.05,1,8,1.0,1.0,5.125
hiba,9,0.05,2,102,0.9705882352941176,1.0,5.568627450980392
hiba,9,0.05,3,70,1.0,1.0,5.5285714285714285
hiba,9,0.05,4,23,1.0,1.0,7.608695652173913
hiba,9,0.1,1,8,1.0,1.0,4.125
hiba,9,0.1,2,102,0.8627450980392157,0.9509803921568627,3.5294117647058822
hiba,9,0.1,3,70,0.9857142857142858,0.9571428571428572,3.3
hiba,9,0.1,4,23,1.0,1.0,6.304347826086956
hiba,9,0.15,1,8,1.0,1.0,3.625
hiba,9,0.15,2,102,0.8137254901960784,0.8921568627450981,2.9019607843137254
hiba,9,0.15,3,70,0.9857142857142858,0.8142857142857143,2.742857142857143
hiba,9,0.15,4,23,1.0,1.0,5.782608695652174
pad,9,0.05,1,4,1.0,1.0,6.0
pad,9,0.05,2,8,1.0,1.0,6.125
pad,9,0.05,3,6,1.0,1.0,6.166666666666667
pad,9,0.05,4,5,1.0,1.0,8.0
pad,9,0.05,6,1,1.0,1.0,8.0
pad,9,0.1,1,4,1.0,1.0,3.5
pad,9,0.1,2,8,0.875,0.875,2.75
pad,9,0.1,3,6,1.0,1.0,3.8333333333333335
pad,9,0.1,4,5,1.0,1.0,2.8
pad,9,0.1,6,1,1.0,1.0,6.0
pad,9,0.15,1,4,1.0,1.0,2.75
pad,9,0.15,2,8,0.875,0.75,2.125
pad,9,0.15,3,6,1.0,1.0,3.5
pad,9,0.15,4,5,1.0,1.0,2.2
pad,9,0.15,6,1,1.0,1.0,6.0
hiba,10,0.05,1,12,1.0,1.0,4.083333333333333
hiba,10,0.05,2,125,0.88,1.0,5.304
hiba,10,0.05,3,13,0.9230769230769231,1.0,5.461538461538462
hiba,10,0.05,4,2,1.0,1.0,6.0
hiba,10,0.1,1,12,1.0,0.9166666666666666,3.1666666666666665
hiba,10,0.1,2,125,0.856,0.992,3.912
hiba,10,0.1,3,13,0.8461538461538461,0.9230769230769231,3.5384615384615383
hiba,10,0.1,4,2,1.0,1.0,6.0
hiba,10,0.15,1,12,1.0,0.75,2.75
hiba,10,0.15,2,125,0.792,0.952,3.04
hiba,10,0.15,3,13,0.8461538461538461,0.8461538461538461,2.6923076923076925
hiba,10,0.15,4,2,1.0,1.0,5.5
pad,10,0.05,1,1,1.0,1.0,4.0
pad,10,0.05,2,6,0.8333333333333334,1.0,3.6666666666666665
pad,10,0.05,3,2,1.0,1.0,4.0
pad,10,0.05,4,2,1.0,1.0,6.0
pad,10,0.05,6,1,1.0,1.0,6.0
pad,10,0.1,1,1,1.0,1.0,3.0
pad,10,0.1,2,6,0.8333333333333334,1.0,3.3333333333333335
pad,10,0.1,3,2,1.0,1.0,3.5
pad,10,0.1,4,2,1.0,1.0,4.0
pad,10,0.1,6,1,1.0,1.0,6.0
pad,10,0.15,1,1,0.0,1.0,1.0
pad,10,0.15,2,6,0.8333333333333334,1.0,2.8333333333333335
pad,10,0.15,3,2,1.0,1.0,3.5
pad,10,0.15,4,2,1.0,1.0,4.0
pad,10,0.15,6,1,1.0,1.0,6.0
hiba,11,0.05,1,17,1.0,1.0,4.764705882352941
hiba,11,0.05,2,96,0.96875,1.0,5.40625
hiba,11,0.05,3,27,0.9629629629629629,1.0,4.481481481481482
hiba,11,0.05,4,22,1.0,1.0,7.409090909090909
hiba,11,0.1,1,17,1.0,0.8823529411764706,2.823529411764706
hiba,11,0.1,2,96,0.9166666666666666,0.9479166666666666,3.71875
hiba,11,0.1,3,27,0.9629629629629629,0.8148148148148148,3.074074074074074
hiba,11,0.1,4,22,1.0,1.0,6.409090909090909
hiba,11,0.15,1,17,1.0,0.8235294117647058,2.4705882352941178
hiba,11,0.15,2,96,0.8645833333333334,0.90625,2.9895833333333335
hiba,11,0.15,3,27,0.9629629629629629,0.5925925925925926,2.1481481481481484
hiba,11,0.15,4,22,0.9545454545454546,1.0,5.681818181818182
pad,11,0.05,1,1,1.0,1.0,5.0
pad,11,0.05,2,7,1.0,1.0,4.285714285714286
pad,11,0.05,3,2,1.0,1.0,4.0
pad,11,0.05,4,5,1.0,1.0,6.0
pad,11,0.05,6,1,1.0,1.0,6.0
pad,11,0.1,1,1,1.0,1.0,5.0
pad,11,0.1,2,7,1.0,0.8571428571428571,3.857142857142857
pad,11,0.1,3,2,1.0,1.0,4.0
pad,11,0.1,4,5,1.0,1.0,6.0
pad,11,0.1,6,1,1.0,1.0,6.0
pad,11,0.15,1,1,1.0,1.0,5.0
pad,11,0.15,2,7,1.0,0.8571428571428571,3.5714285714285716
pad,11,0.15,3,2,1.0,1.0,4.0
pad,11,0.15,4,5,1.0,1.0,2.6
pad,11,0.15,6,1,1.0,1.0,6.0
hiba,12,0.05,1,6,1.0,1.0,6.0
hiba,12,0.05,2,91,0.989010989010989,1.0,5.967032967032967
hiba,12,0.05,3,119,1.0,1.0,4.4789915966386555
hiba,12,0.05,4,2,1.0,1.0,7.0
hiba,12,0.1,1,6,1.0,1.0,4.0
hiba,12,0.1,2,91,0.9120879120879121,1.0,4.384615384615385
hiba,12,0.1,3,119,0.9915966386554622,0.9831932773109243,3.7058823529411766
hiba,12,0.1,4,2,1.0,1.0,6.0
hiba,12,0.15,1,6,1.0,0.8333333333333334,3.3333333333333335
hiba,12,0.15,2,91,0.8791208791208791,0.9340659340659341,3.318681318681319
hiba,12,0.15,3,119,0.9831932773109243,0.7647058823529411,2.546218487394958
hiba,12,0.15,4,2,1.0,1.0,6.0
pad,12,0.05,1,2,1.0,1.0,3.5
pad,12,0.05,2,2,1.0,1.0,3.5
pad,12,0.05,3,3,1.0,1.0,2.3333333333333335
pad,12,0.05,4,2,1.0,1.0,6.0
pad,12,0.1,1,2,1.0,1.0,3.0
pad,12,0.1,2,2,1.0,1.0,3.5
pad,12,0.1,3,3,1.0,1.0,2.3333333333333335
pad,12,0.1,4,2,1.0,1.0,4.5
pad,12,0.15,1,2,0.5,1.0,2.5
pad,12,0.15,2,2,1.0,1.0,3.5
pad,12,0.15,3,3,1.0,0.3333333333333333,1.3333333333333333
pad,12,0.15,4,2,1.0,1.0,4.5
hiba,13,0.05,1,12,1.0,1.0,5.5
hiba,13,0.05,2,75,0.9733333333333334,1.0,6.026666666666666
hiba,13,0.05,3,12,1.0,1.0,6.416666666666667
hiba,13,0.05,4,3,1.0,1.0,7.333333333333333
hiba,13,0.1,1,12,0.9166666666666666,1.0,3.5833333333333335
hiba,13,0.1,2,75,0.8933333333333333,0.9733333333333334,3.64
hiba,13,0.1,3,12,1.0,1.0,4.583333333333333
hiba,13,0.1,4,3,1.0,1.0,6.333333333333333
hiba,13,0.15,1,12,0.8333333333333334,1.0,3.25
hiba,13,0.15,2,75,0.8533333333333334,0.8933333333333333,3.066666666666667
hiba,13,0.15,3,12,0.9166666666666666,1.0,4.0
hiba,13,0.15,4,3,1.0,1.0,6.0
pad,13,0.05,1,3,1.0,1.0,6.333333333333333
pad,13,0.05,2,9,1.0,1.0,6.555555555555555
pad,13,0.05,3,13,1.0,1.0,5.6923076923076925
pad,13,0.05,4,2,1.0,1.0,8.0
pad,13,0.1,1,3,1.0,1.0,4.0
pad,13,0.1,2,9,1.0,1.0,3.7777777777777777
pad,13,0.1,3,13,1.0,0.9230769230769231,2.923076923076923
pad,13,0.1,4,2,1.0,1.0,5.0
pad,13,0.15,1,3,0.3333333333333333,1.0,2.6666666666666665
pad,13,0.15,2,9,0.8888888888888888,0.8888888888888888,2.888888888888889
pad,13,0.15,3,13,0.9230769230769231,0.8461538461538461,2.5384615384615383
pad,13,0.15,4,2,1.0,1.0,4.0
hiba,14,0.05,1,17,0.9411764705882353,1.0,5.352941176470588
hiba,14,0.05,2,91,0.9230769230769231,1.0,5.230769230769231
hiba,14,0.05,3,88,0.9886363636363636,1.0,3.9431818181818183
hiba,14,0.1,1,17,0.8823529411764706,1.0,3.235294117647059
hiba,14,0.1,2,91,0.8901098901098901,0.9560439560439561,3.8351648351648353
hiba,14,0.1,3,88,0.9886363636363636,0.875,2.9204545454545454
hiba,14,0.15,1,17,0.8235294117647058,0.9411764705882353,2.823529411764706
hiba,14,0.15,2,91,0.8351648351648352,0.8901098901098901,3.076923076923077
hiba,14,0.15,3,88,0.9886363636363636,0.5454545454545454,2.0795454545454546
pad,14,0.05,1,3,1.0,1.0,3.3333333333333335
pad,14,0.05,2,9,1.0,1.0,3.888888888888889
pad,14,0.05,3,8,1.0,1.0,3.625
pad,14,0.05,4,2,1.0,1.0,6.0
pad,14,0.05,6,1,1.0,1.0,6.0
pad,14,0.1,1,3,0.6666666666666666,1.0,3.0
pad,14,0.1,2,9,1.0,0.7777777777777778,3.2222222222222223
pad,14,0.1,3,8,1.0,1.0,3.125
pad,14,0.1,4,2,1.0,1.0,5.5
pad,14,0.1,6,1,1.0,1.0,6.0
pad,14,0.15,1,3,0.6666666666666666,1.0,2.3333333333333335
pad,14,0.15,2,9,1.0,0.7777777777777778,2.888888888888889
pad,14,0.15,3,8,1.0,1.0,3.0
pad,14,0.15,4,2,1.0,1.0,5.5
pad,14,0.15,6,1,1.0,1.0,6.0
hiba,15,0.05,1,8,1.0,1.0,5.875
hiba,15,0.05,2,84,0.9761904761904762,1.0,6.023809523809524
hiba,15,0.05,3,31,0.967741935483871,1.0,5.419354838709677
hiba,15,0.05,4,1,1.0,1.0,7.0
hiba,15,0.1,1,8,1.0,1.0,4.125
hiba,15,0.1,2,84,0.9285714285714286,1.0,3.9642857142857144
hiba,15,0.1,3,31,0.967741935483871,0.9354838709677419,3.064516129032258
hiba,15,0.1,4,1,1.0,1.0,7.0
hiba,15,0.15,1,8,1.0,1.0,3.875
hiba,15,0.15,2,84,0.8452380952380952,0.9523809523809523,2.9404761904761907
hiba,15,0.15,3,31,0.967741935483871,0.7419354838709677,2.5161290322580645
hiba,15,0.15,4,1,0.0,1.0,6.0
pad,15,0.05,1,2,1.0,1.0,4.5
pad,15,0.05,2,9,1.0,1.0,3.6666666666666665
pad,15,0.05,3,5,1.0,1.0,3.2
pad,15,0.05,4,4,1.0,1.0,6.0
pad,15,0.1,1,2,0.0,1.0,3.0
pad,15,0.1,2,9,0.7777777777777778,0.8888888888888888,2.3333333333333335
pad,15,0.1,3,5,0.8,1.0,2.6
pad,15,0.1,4,4,1.0,1.0,2.5
pad,15,0.15,1,2,0.0,1.0,2.5
pad,15,0.15,2,9,0.7777777777777778,0.8888888888888888,2.111111111111111
pad,15,0.15,3,5,0.8,1.0,2.6
pad,15,0.15,4,4,1.0,0.75,2.25
hiba,16,0.05,1,5,1.0,1.0,6.0
hiba,16,0.05,2,126,0.9523809523809523,1.0,4.761904761904762
hiba,16,0.05,3,83,1.0,1.0,5.397590361445783
hiba,16,0.05,4,2,1.0,1.0,7.0
hiba,16,0.1,1,5,1.0,1.0,5.2
hiba,16,0.1,2,126,0.8968253968253969,0.9126984126984127,3.0952380952380953
hiba,16,0.1,3,83,1.0,0.927710843373494,3.180722891566265
hiba,16,0.1,4,2,1.0,1.0,6.5
hiba,16,0.15,1,5,1.0,1.0,4.0
hiba,16,0.15,2,126,0.8888888888888888,0.8968253968253969,2.7301587301587302
hiba,16,0.15,3,83,0.9879518072289156,0.7349397590361446,2.5060240963855422
hiba,16,0.15,4,2,1.0,1.0,6.0
pad,16,0.05,1,4,1.0,1.0,6.0
pad,16,0.05,2,11,1.0,1.0,6.0
pad,16,0.05,3,8,1.0,1.0,5.75
pad,16,0.05,4,3,1.0,1.0,8.0
pad,16,0.1,1,4,1.0,1.0,3.5
pad,16,0.1,2,11,0.9090909090909091,1.0,3.272727272727273
pad,16,0.1,3,8,1.0,1.0,3.375
pad,16,0.1,4,3,1.0,1.0,6.0
pad,16,0.15,1,4,0.75,1.0,2.75
pad,16,0.15,2,11,0.5454545454545454,1.0,2.4545454545454546
pad,16,0.15,3,8,0.875,1.0,2.875
pad,16,0.15,4,3,1.0,1.0,4.0
hiba,17,0.05,1,15,1.0,1.0,5.6
hiba,17,0.05,2,151,0.9933774834437086,1.0,5.80794701986755
hiba,17,0.05,3,136,0.9926470588235294,1.0,5.426470588235294
hiba,17,0.1,1,15,1.0,1.0,4.133333333333334
hiba,17,0.1,2,151,0.9867549668874173,1.0,4.423841059602649
hiba,17,0.1,3,136,0.9926470588235294,0.9926470588235294,3.875
hiba,17,0.15,1,15,1.0,1.0,3.533333333333333
hiba,17,0.15,2,151,0.9602649006622517,0.9536423841059603,3.4900662251655628
hiba,17,0.15,3,136,0.9926470588235294,0.8823529411764706,2.860294117647059
pad,17,0.05,1,3,1.0,1.0,3.6666666666666665
pad,17,0.05,2,8,1.0,1.0,4.375
pad,17,0.05,3,5,1.0,1.0,3.8
pad,17,0.05,4,5,1.0,1.0,6.0
pad,17,0.05,6,1,1.0,1.0,6.0
pad,17,0.1,1,3,1.0,1.0,3.6666666666666665
pad,17,0.1,2,8,1.0,1.0,4.125
pad,17,0.1,3,5,1.0,1.0,3.8
pad,17,0.1,4,5,1.0,1.0,4.0
pad,17,0.1,6,1,1.0,1.0,6.0
pad,17,0.15,1,3,0.6666666666666666,1.0,3.0
pad,17,0.15,2,8,0.875,0.875,3.25
pad,17,0.15,3,5,0.8,1.0,3.4
pad,17,0.15,4,5,1.0,1.0,3.6
pad,17,0.15,6,1,1.0,1.0,6.0
hiba,18,0.05,1,8,0.875,1.0,5.875
hiba,18,0.05,2,117,0.9743589743589743,1.0,5.316239316239316
hiba,18,0.05,3,63,0.9841269841269841,1.0,5.317460317460317
hiba,18,0.05,4,1,1.0,1.0,7.0
hiba,18,0.1,1,8,0.875,1.0,4.375
hiba,18,0.1,2,117,0.9658119658119658,0.9401709401709402,3.4957264957264957
hiba,18,0.1,3,63,0.9682539682539683,0.9047619047619048,3.5238095238095237
hiba,18,0.1,4,1,1.0,1.0,6.0
hiba,18,0.15,1,8,0.875,1.0,3.875
hiba,18,0.15,2,117,0.8717948717948718,0.8888888888888888,2.8205128205128207
hiba,18,0.15,3,63,0.9523809523809523,0.5238095238095238,1.9682539682539681
hiba,18,0.15,4,1,1.0,1.0,6.0
pad,18,0.05,1,3,1.0,1.0,4.0
pad,18,0.05,2,10,0.9,0.9,3.1
pad,18,0.05,3,4,1.0,1.0,3.75
pad,18,0.05,4,1,1.0,1.0,6.0
pad,18,0.1,1,3,1.0,1.0,3.6666666666666665
pad,18,0.1,2,10,0.9,0.9,3.0
pad,18,0.1,3,4,1.0,1.0,3.5
pad,18,0.1,4,1,1.0,1.0,3.0
pad,18,0.15,1,3,0.6666666666666666,1.0,2.0
pad,18,0.15,2,10,0.9,0.9,2.8
pad,18,0.15,3,4,1.0,1.0,3.5
pad,18,0.15,4,1,1.0,1.0,3.0
hiba,19,0.05,1,12,1.0,1.0,4.0
hiba,19,0.05,2,107,0.9813084112149533,1.0,5.626168224299065
hiba,19,0.05,3,17,0.9411764705882353,1.0,5.764705882352941
hiba,19,0.1,1,12,1.0,0.9166666666666666,2.75
hiba,19,0.1,2,107,0.9439252336448598,0.9532710280373832,3.691588785046729
hiba,19,0.1,3,17,0.9411764705882353,1.0,4.0
hiba,19,0.15,1,12,1.0,0.9166666666666666,2.4166666666666665
hiba,19,0.15,2,107,0.9345794392523364,0.8785046728971962,3.0093457943925235
hiba,19,0.15,3,17,0.8823529411764706,1.0,3.588235294117647
pad,19,0.05,1,1,1.0,1.0,3.0
pad,19,0.05,2,11,0.9090909090909091,1.0,3.8181818181818183
pad,19,0.05,3,7,1.0,1.0,3.0
pad,19,0.05,4,3,1.0,1.0,6.0
pad,19,0.1,1,1,1.0,1.0,3.0
pad,19,0.1,2,11,0.9090909090909091,0.9090909090909091,3.1818181818181817
pad,19,0.1,3,7,0.8571428571428571,1.0,2.5714285714285716
pad,19,0.1,4,3,1.0,1.0,4.0
pad,19,0.15,1,1,1.0,1.0,3.0
pad,19,0.15,2,11,0.9090909090909091,0.9090909090909091,2.5454545454545454
pad,19,0.15,3,7,0.8571428571428571,0.7142857142857143,2.0
pad,19,0.15,4,3,1.0,1.0,4.0
hiba,20,0.05,1,8,0.875,1.0,5.0
hiba,20,0.05,2,157,0.9872611464968153,1.0,6.292993630573249
hiba,20,0.05,3,26,1.0,1.0,5.923076923076923
hiba,20,0.05,4,1,1.0,1.0,7.0
hiba,20,0.1,1,8,0.875,1.0,3.25
hiba,20,0.1,2,157,0.9681528662420382,0.9936305732484076,4.305732484076433
hiba,20,0.1,3,26,0.9615384615384616,1.0,3.6153846153846154
hiba,20,0.1,4,1,1.0,1.0,7.0
hiba,20,0.15,1,8,0.875,0.875,2.375
hiba,20,0.15,2,157,0.910828025477707,0.9299363057324841,3.0764331210191083
hiba,20,0.15,3,26,0.9615384615384616,0.7307692307692307,2.576923076923077
hiba,20,0.15,4,1,0.0,1.0,6.0
pad,20,0.05,2,8,0.875,1.0,3.25
pad,20,0.05,3,6,1.0,1.0,2.8333333333333335
pad,20,0.05,4,3,1.0,1.0,6.0
pad,20,0.1,2,8,0.875,1.0,2.75
pad,20,0.1,3,6,0.8333333333333334,1.0,2.6666666666666665
pad,20,0.1,4,3,1.0,1.0,5.333333333333333
pad,20,0.15,2,8,0.75,1.0,2.5
pad,20,0.15,3,6,0.8333333333333334,1.0,2.5
pad,20,0.15,4,3,1.0,1.0,3.0
hiba,21,0.05,1,14,0.9285714285714286,1.0,5.5
hiba,21,0.05,2,77,0.948051948051948,1.0,5.64935064935065
hiba,21,0.05,3,29,0.9655172413793104,1.0,5.793103448275862
hiba,21,0.1,1,14,0.9285714285714286,0.9285714285714286,3.357142857142857
hiba,21,0.1,2,77,0.8311688311688312,0.948051948051948,3.7012987012987013
hiba,21,0.1,3,29,0.9655172413793104,0.8620689655172413,3.3793103448275863
hiba,21,0.15,1,14,0.8571428571428571,0.9285714285714286,3.0
hiba,21,0.15,2,77,0.8051948051948052,0.8441558441558441,2.844155844155844
hiba,21,0.15,3,29,0.9655172413793104,0.7241379310344828,2.7586206896551726
pad,21,0.05,1,2,1.0,1.0,3.5
pad,21,0.05,2,5,1.0,0.8,3.2
pad,21,0.05,3,6,1.0,1.0,3.6666666666666665
pad,21,0.05,4,4,1.0,1.0,6.0
pad,21,0.1,1,2,1.0,1.0,3.5
pad,21,0.1,2,5,1.0,0.8,3.0
pad,21,0.1,3,6,1.0,1.0,3.6666666666666665
pad,21,0.1,4,4,1.0,1.0,4.5
pad,21,0.15,1,2,1.0,1.0,3.5
pad,21,0.15,2,5,1.0,0.8,2.8
pad,21,0.15,3,6,1.0,1.0,3.3333333333333335
pad,21,0.15,4,4,1.0,1.0,4.0
hiba,22,0.05,1,10,1.0,1.0,5.3
hiba,22,0.05,2,160,0.99375,1.0,5.93125
hiba,22,0.05,3,13,1.0,1.0,6.076923076923077
hiba,22,0.05,4,1,1.0,1.0,7.0
hiba,22,0.1,1,10,1.0,1.0,4.0
hiba,22,0.1,2,160,0.95625,0.9875,4.275
hiba,22,0.1,3,13,1.0,1.0,4.384615384615385
hiba,22,0.1,4,1,1.0,1.0,6.0
hiba,22,0.15,1,10,1.0,0.9,3.5
hiba,22,0.15,2,160,0.95,0.925,3.225
hiba,22,0.15,3,13,1.0,0.9230769230769231,3.8461538461538463
hiba,22,0.15,4,1,1.0,1.0,6.0
pad,22,0.05,1,4,0.5,1.0,3.25
pad,22,0.05,2,5,0.8,1.0,3.2
pad,22,0.05,3,7,0.8571428571428571,1.0,2.857142857142857
pad,22,0.05,4,1,1.0,1.0,6.0
pad,22,0.1,1,4,0.5,1.0,3.25
pad,22,0.1,2,5,0.8,0.8,3.0
pad,22,0.1,3,7,0.8571428571428571,1.0,2.5714285714285716
pad,22,0.1,4,1,1.0,1.0,6.0
pad,22,0.15,1,4,0.5,1.0,3.25
pad,22,0.15,2,5,0.8,0.8,2.2
pad,22,0.15,3,7,0.8571428571428571,1.0,2.5714285714285716
pad,22,0.15,4,1,1.0,1.0,5.0
hiba,23,0.05,1,16,1.0,1.0,6.25
hiba,23,0.05,2,111,1.0,1.0,6.18018018018018
hiba,23,0.05,3,10,1.0,1.0,6.5
hiba,23,0.1,1,16,1.0,1.0,4.625
hiba,23,0.1,2,111,0.9459459459459459,0.9819819819819819,4.18018018018018
hiba,23,0.1,3,10,0.9,1.0,4.1
hiba,23,0.15,1,16,1.0,1.0,3.875
hiba,23,0.15,2,111,0.9099099099099099,0.918918918918919,3.126126126126126
hiba,23,0.15,3,10,0.8,0.9,2.9
pad,23,0.05,1,2,1.0,1.0,4.0
pad,23,0.05,2,6,1.0,1.0,4.0
pad,23,0.05,3,4,1.0,1.0,4.75
pad,23,0.05,4,2,1.0,1.0,6.0
pad,23,0.1,1,2,0.5,1.0,3.5
pad,23,0.1,2,6,1.0,1.0,3.6666666666666665
pad,23,0.1,3,4,1.0,1.0,3.5
pad,23,0.1,4,2,1.0,1.0,3.5
pad,23,0.15,1,2,0.5,1.0,3.0
pad,23,0.15,2,6,0.8333333333333334,1.0,2.8333333333333335
pad,23,0.15,3,4,1.0,1.0,3.5
pad,23,0.15,4,2,1.0,1.0,3.5
hiba,24,0.05,1,8,1.0,1.0,3.5
hiba,24,0.05,2,121,0.9421487603305785,1.0,4.851239669421488
hiba,24,0.05,3,37,0.972972972972973,1.0,4.162162162162162
hiba,24,0.05,4,2,1.0,1.0,7.0
hiba,24,0.1,1,8,1.0,0.875,2.5
hiba,24,0.1,2,121,0.8842975206611571,0.9504132231404959,3.3057851239669422
hiba,24,0.1,3,37,0.972972972972973,0.8648648648648649,2.891891891891892
hiba,24,0.1,4,2,0.5,1.0,6.5
hiba,24,0.15,1,8,1.0,0.75,2.25
hiba,24,0.15,2,121,0.859504132231405,0.9090909090909091,2.834710743801653
hiba,24,0.15,3,37,0.9459459459459459,0.7837837837837838,2.7027027027027026
hiba,24,0.15,4,2,0.5,1.0,5.5
pad,24,0.05,1,3,1.0,1.0,3.0
pad,24,0.05,2,10,1.0,1.0,3.9
pad,24,0.05,3,6,1.0,1.0,3.3333333333333335
pad,24,0.05,4,3,1.0,1.0,6.0
pad,24,0.1,1,3,1.0,1.0,3.0
pad,24,0.1,2,10,1.0,0.9,3.4
pad,24,0.1,3,6,1.0,1.0,3.3333333333333335
pad,24,0.1,4,3,1.0,1.0,4.333333333333333
pad,24,0.15,1,3,1.0,1.0,2.6666666666666665
pad,24,0.15,2,10,1.0,0.9,3.3
pad,24,0.15,3,6,1.0,1.0,3.1666666666666665
pad,24,0.15,4,3,1.0,1.0,4.0
hiba,25,0.05,1,12,1.0,1.0,5.666666666666667
hiba,25,0.05,2,150,0.9733333333333334,1.0,5.746666666666667
hiba,25,0.05,3,25,1.0,1.0,4.44
hiba,25,0.05,4,2,1.0,1.0,7.0
hiba,25,0.1,1,12,1.0,1.0,4.833333333333333
hiba,25,0.1,2,150,0.96,0.9933333333333333,3.986666666666667
hiba,25,0.1,3,25,1.0,0.96,3.24
hiba,25,0.1,4,2,1.0,1.0,6.5
hiba,25,0.15,1,12,1.0,0.9166666666666666,3.9166666666666665
hiba,25,0.15,2,150,0.9333333333333333,0.92,2.966666666666667
hiba,25,0.15,3,25,1.0,0.72,2.36
hiba,25,0.15,4,2,1.0,1.0,6.5
pad,25,0.05,1,2,1.0,1.0,4.5
pad,25,0.05,2,4,1.0,0.75,2.25
pad,25,0.05,3,7,1.0,1.0,2.857142857142857
pad,25,0.05,4,2,1.0,1.0,6.0
pad,25,0.05,6,1,1.0,1.0,6.0
pad,25,0.1,1,2,0.5,1.0,3.5
pad,25,0.1,2,4,1.0,0.75,2.0
pad,25,0.1,3,7,1.0,1.0,2.7142857142857144
pad,25,0.1,4,2,1.0,1.0,2.5
pad,25,0.1,6,1,1.0,1.0,6.0
pad,25,0.15,1,2,0.0,1.0,3.0
pad,25,0.15,2,4,0.75,0.75,1.75
pad,25,0.15,3,7,1.0,0.7142857142857143,2.4285714285714284
pad,25,0.15,4,2,1.0,1.0,2.0
pad,25,0.15,6,1,1.0,1.0,6.0
hiba,26,0.05,1,7,0.8571428571428571,1.0,4.714285714285714
hiba,26,0.05,2,154,0.9545454545454546,1.0,5.285714285714286
hiba,26,0.05,3,86,1.0,1.0,5.116279069767442
hiba,26,0.05,4,1,1.0,1.0,7.0
hiba,26,0.1,1,7,0.8571428571428571,1.0,4.0
hiba,26,0.1,2,154,0.9285714285714286,0.987012987012987,3.9805194805194803
hiba,26,0.1,3,86,1.0,0.9418604651162791,3.441860465116279
hiba,26,0.1,4,1,1.0,1.0,7.0
hiba,26,0.15,1,7,0.8571428571428571,1.0,3.4285714285714284
hiba,26,0.15,2,154,0.8506493506493507,0.948051948051948,3.0584415584415585
hiba,26,0.15,3,86,1.0,0.5581395348837209,2.0232558139534884
hiba,26,0.15,4,1,0.0,1.0,6.0
pad,26,0.05,1,2,1.0,1.0,4.5
pad,26,0.05,2,11,1.0,1.0,3.3636363636363638
pad,26,0.05,3,2,1.0,1.0,4.0
pad,26,0.05,4,1,1.0,1.0,6.0
pad,26,0.1,1,2,1.0,1.0,4.5
pad,26,0.1,2,11,1.0,0.9090909090909091,3.090909090909091
pad,26,0.1,3,2,1.0,1.0,3.0
pad,26,0.1,4,1,1.0,1.0,3.0
pad,26,0.15,1,2,1.0,1.0,4.0
pad,26,0.15,2,11,1.0,0.9090909090909091,2.8181818181818183
pad,26,0.15,3,2,1.0,1.0,2.5
pad,26,0.15,4,1,1.0,1.0,3.0
hiba,27,0.05,1,9,0.8888888888888888,1.0,5.555555555555555
hiba,27,0.05,2,152,0.9868421052631579,1.0,5.184210526315789
hiba,27,0.05,3,91,1.0,1.0,5.648351648351649
hiba,27,0.05,4,1,1.0,1.0,8.0
hiba,27,0.1,1,9,0.7777777777777778,1.0,3.3333333333333335
hiba,27,0.1,2,152,0.9407894736842105,0.9407894736842105,3.4276315789473686
hiba,27,0.1,3,91,0.989010989010989,0.9230769230769231,3.3516483516483517
hiba,27,0.1,4,1,1.0,1.0,7.0
hiba,27,0.15,1,9,0.7777777777777778,1.0,3.2222222222222223
hiba,27,0.15,2,152,0.9144736842105263,0.868421052631579,2.7828947368421053
hiba,27,0.15,3,91,0.967032967032967,0.6813186813186813,2.241758241758242
hiba,27,0.15,4,1,1.0,1.0,6.0
pad,27,0.05,1,2,1.0,1.0,4.5
pad,27,0.05,2,7,0.8571428571428571,1.0,3.857142857142857
pad,27,0.05,3,7,1.0,1.0,3.2857142857142856
pad,27,0.05,4,3,1.0,1.0,6.0
pad,27,0.1,1,2,1.0,1.0,4.0
pad,27,0.1,2,7,0.8571428571428571,1.0,3.0
pad,27,0.1,3,7,1.0,1.0,3.0
pad,27,0.1,4,3,1.0,1.0,4.0
pad,27,0.15,1,2,0.5,1.0,2.5
pad,27,0.15,2,7,0.7142857142857143,1.0,2.7142857142857144
pad,27,0.15,3,7,1.0,1.0,2.857142857142857
pad,27,0.15,4,3,1.0,1.0,4.0
hiba,28,0.05,1,18,0.9444444444444444,1.0,5.888888888888889
hiba,28,0.05,2,79,0.9873417721518988,1.0,5.924050632911392
hiba,28,0.05,3,30,0.9666666666666667,1.0,5.433333333333334
hiba,28,0.05,4,23,1.0,1.0,7.608695652173913
hiba,28,0.1,1,18,0.9444444444444444,1.0,3.9444444444444446
hiba,28,0.1,2,79,0.9746835443037974,1.0,4.189873417721519
hiba,28,0.1,3,30,0.9666666666666667,0.9666666666666667,3.566666666666667
hiba,28,0.1,4,23,1.0,1.0,6.956521739130435
hiba,28,0.15,1,18,0.8888888888888888,1.0,3.2222222222222223
hiba,28,0.15,2,79,0.9367088607594937,0.9240506329113924,3.1645569620253164
hiba,28,0.15,3,30,0.9666666666666667,0.6333333333333333,2.066666666666667
hiba,28,0.15,4,23,0.9565217391304348,1.0,6.043478260869565
pad,28,0.05,1,2,0.5,1.0,3.5
pad,28,0.05,2,7,0.8571428571428571,1.0,3.5714285714285716
pad,28,0.05,3,5,1.0,1.0,4.0
pad,28,0.05,4,3,1.0,1.0,5.333333333333333
pad,28,0.1,1,2,0.5,1.0,3.5
pad,28,0.1,2,7,0.8571428571428571,0.8571428571428571,2.7142857142857144
pad,28,0.1,3,5,1.0,1.0,4.0
pad,28,0.1,4,3,1.0,1.0,5.333333333333333
pad,28,0.15,1,2,0.5,1.0,3.0
pad,28,0.15,2,7,0.7142857142857143,0.8571428571428571,2.2857142857142856
pad,28,0.15,3,5,1.0,1.0,4.0
pad,28,0.15,4,3,1.0,1.0,5.333333333333333
hiba,29,0.05,1,6,1.0,1.0,5.5
hiba,29,0.05,2,139,0.9640287769784173,1.0,5.805755395683454
hiba,29,0.05,3,96,1.0,1.0,5.354166666666667
hiba,29,0.05,4,3,1.0,1.0,7.0
hiba,29,0.1,1,6,1.0,1.0,3.8333333333333335
hiba,29,0.1,2,139,0.9136690647482014,1.0,3.9280575539568345
hiba,29,0.1,3,96,0.9895833333333334,0.9270833333333334,3.40625
hiba,29,0.1,4,3,1.0,1.0,6.666666666666667
hiba,29,0.15,1,6,0.8333333333333334,1.0,3.5
hiba,29,0.15,2,139,0.8992805755395683,0.935251798561151,3.2446043165467624
hiba,29,0.15,3,96,0.96875,0.7083333333333334,2.2083333333333335
hiba,29,0.15,4,3,0.6666666666666666,1.0,6.0
pad,29,0.05,1,1,1.0,1.0,4.0
pad,29,0.05,2,14,0.9285714285714286,1.0,3.357142857142857
pad,29,0.05,3,7,1.0,1.0,3.142857142857143
pad,29,0.05,4,2,1.0,1.0,6.0
pad,29,0.1,1,1,0.0,1.0,2.0
pad,29,0.1,2,14,0.35714285714285715,0.9285714285714286,1.9285714285714286
pad,29,0.1,3,7,0.8571428571428571,1.0,2.4285714285714284
pad,29,0.1,4,2,1.0,1.0,3.5
pad,29,0.15,1,1,0.0,1.0,1.0
pad,29,0.15,2,14,0.35714285714285715,0.9285714285714286,1.8571428571428572
pad,29,0.15,3,7,0.8571428571428571,0.8571428571428571,2.142857142857143
pad,29,0.15,4,2,1.0,1.0,3.5
hiba,30,0.05,1,3,0.6666666666666666,1.0,5.0
hiba,30,0.05,2,132,0.9621212121212122,1.0,5.848484848484849
hiba,30,0.05,3,58,1.0,1.0,5.017241379310345
hiba,30,0.05,4,23,1.0,1.0,7.304347826086956
hiba,30,0.1,1,3,0.6666666666666666,1.0,4.0
hiba,30,0.1,2,132,0.9318181818181818,0.9696969696969697,3.734848484848485
hiba,30,0.1,3,58,1.0,0.9310344827586207,3.2413793103448274
hiba,30,0.1,4,23,1.0,1.0,6.391304347826087
hiba,30,0.15,1,3,0.6666666666666666,1.0,3.6666666666666665
hiba,30,0.15,2,132,0.8863636363636364,0.9242424242424242,2.856060606060606
hiba,30,0.15,3,58,0.9655172413793104,0.5517241379310345,2.0344827586206895
hiba,30,0.15,4,23,0.9565217391304348,1.0,5.6521739130434785
pad,30,0.05,1,2,1.0,1.0,4.0
pad,30,0.05,2,7,1.0,1.0,3.7142857142857144
pad,30,0.05,3,7,1.0,1.0,2.7142857142857144
pad,30,0.05,4,4,1.0,1.0,6.0
pad,30,0.1,1,2,1.0,1.0,3.5
pad,30,0.1,2,7,1.0,0.8571428571428571,3.0
pad,30,0.1,3,7,1.0,1.0,2.4285714285714284
pad,30,0.1,4,4,1.0,1.0,4.5
pad,30,0.15,1,2,1.0,1.0,3.0
pad,30,0.15,2,7,1.0,0.8571428571428571,2.4285714285714284
pad,30,0.15,3,7,1.0,0.7142857142857143,2.142857142857143
pad,30,0.15,4,4,1.0,1.0,4.25
hiba,31,0.05,1,8,1.0,1.0,4.125
hiba,31,0.05,2,118,0.9491525423728814,1.0,5.754237288135593
hiba,31,0.05,3,27,1.0,1.0,5.333333333333333
hiba,31,0.05,4,22,1.0,1.0,7.318181818181818
hiba,31,0.1,1,8,1.0,0.875,3.0
hiba,31,0.1,2,118,0.8983050847457628,0.9745762711864406,3.983050847457627
hiba,31,0.1,3,27,1.0,0.8888888888888888,3.5555555555555554
hiba,31,0.1,4,22,1.0,1.0,6.409090909090909
hiba,31,0.15,1,8,1.0,0.875,2.75
hiba,31,0.15,2,118,0.8728813559322034,0.9322033898305084,3.1186440677966103
hiba,31,0.15,3,27,1.0,0.7037037037037037,2.4074074074074074
hiba,31,0.15,4,22,1.0,1.0,6.045454545454546
pad,31,0.05,2,11,1.0,0.9090909090909091,3.6363636363636362
pad,31,0.05,3,8,1.0,1.0,3.375
pad,31,0.05,4,4,1.0,1.0,6.0
pad,31,0.05,6,1,1.0,1.0,6.0
pad,31,0.1,2,11,1.0,0.9090909090909091,3.272727272727273
pad,31,0.1,3,8,1.0,1.0,3.125
pad,31,0.1,4,4,1.0,1.0,4.5
pad,31,0.1,6,1,1.0,1.0,6.0
pad,31,0.15,2,11,1.0,0.7272727272727273,2.5454545454545454
pad,31,0.15,3,8,1.0,1.0,2.75
pad,31,0.15,4,4,1.0,1.0,4.0
pad,31,0.15,6,1,1.0,1.0,6.0
hiba,32,0.05,1,17,0.9411764705882353,1.0,5.235294117647059
hiba,32,0.05,2,93,0.989247311827957,1.0,5.903225806451613
hiba,32,0.05,3,23,1.0,1.0,5.739130434782608
hiba,32,0.1,1,17,0.9411764705882353,0.9411764705882353,3.0588235294117645
hiba,32,0.1,2,93,0.8924731182795699,1.0,4.032258064516129
hiba,32,0.1,3,23,0.9565217391304348,0.8695652173913043,2.9130434782608696
hiba,32,0.15,1,17,0.8823529411764706,0.9411764705882353,2.7058823529411766
hiba,32,0.15,2,93,0.8817204301075269,0.9139784946236559,3.2688172043010755
hiba,32,0.15,3,23,0.9565217391304348,0.7391304347826086,2.260869565217391
pad,32,0.05,1,2,0.5,1.0,3.5
pad,32,0.05,2,7,0.8571428571428571,1.0,3.4285714285714284
pad,32,0.05,3,6,1.0,1.0,3.3333333333333335
pad,32,0.05,4,2,1.0,1.0,5.0
pad,32,0.05,6,1,1.0,1.0,6.0
pad,32,0.1,1,2,0.5,1.0,3.5
pad,32,0.1,2,7,0.8571428571428571,1.0,3.0
pad,32,0.1,3,6,1.0,1.0,3.1666666666666665
pad,32,0.1,4,2,1.0,1.0,3.5
pad,32,0.1,6,1,1.0,1.0,6.0
pad,32,0.15,1,2,0.5,1.0,3.0
pad,32,0.15,2,7,0.5714285714285714,1.0,2.0
pad,32,0.15,3,6,1.0,0.6666666666666666,2.8333333333333335
pad,32,0.15,4,2,1.0,1.0,3.5
pad,32,0.15,6,1,1.0,1.0,6.0
hiba,33,0.05,1,10,0.9,1.0,5.6
hiba,33,0.05,2,135,0.9851851851851852,1.0,5.866666666666666
hiba,33,0.05,3,96,0.9895833333333334,1.0,5.510416666666667
hiba,33,0.05,4,24,1.0,1.0,7.583333333333333
hiba,33,0.1,1,10,0.9,1.0,3.2
hiba,33,0.1,2,135,0.9555555555555556,0.9777777777777777,3.8814814814814813
hiba,33,0.1,3,96,0.96875,0.90625,3.1145833333333335
hiba,33,0.1,4,24,1.0,1.0,6.375
hiba,33,0.15,1,10,0.9,1.0,3.0
hiba,33,0.15,2,135,0.9333333333333333,0.9333333333333333,3.037037037037037
hiba,33,0.15,3,96,0.9583333333333334,0.6875,2.2291666666666665
hiba,33,0.15,4,24,0.9583333333333334,1.0,5.875
pad,33,0.05,1,2,0.5,1.0,4.5
pad,33,0.05,2,11,0.9090909090909091,1.0,3.5454545454545454
pad,33,0.05,3,5,1.0,1.0,3.2
pad,33,0.05,4,3,1.0,1.0,5.333333333333333
pad,33,0.05,6,1,1.0,1.0,6.0
pad,33,0.1,1,2,0.5,1.0,4.5
pad,33,0.1,2,11,0.9090909090909091,0.9090909090909091,3.1818181818181817
pad,33,0.1,3,5,1.0,1.0,3.2
pad,33,0.1,4,3,1.0,1.0,4.0
pad,33,0.1,6,1,1.0,1.0,6.0
pad,33,0.15,1,2,0.5,0.5,1.5
pad,33,0.15,2,11,0.8181818181818182,0.8181818181818182,2.4545454545454546
pad,33,0.15,3,5,1.0,1.0,3.2
pad,33,0.15,4,3,1.0,1.0,4.0
pad,33,0.15,6,1,1.0,1.0,6.0
hiba,34,0.05,1,11,0.9090909090909091,1.0,4.363636363636363
hiba,34,0.05,2,153,0.9477124183006536,1.0,5.1568627450980395
hiba,34,0.05,3,29,1.0,1.0,4.931034482758621
hiba,34,0.05,4,2,1.0,1.0,6.5
hiba,34,0.1,1,11,0.8181818181818182,1.0,3.6363636363636362
hiba,34,0.1,2,153,0.8954248366013072,0.9281045751633987,3.2222222222222223
hiba,34,0.1,3,29,0.9655172413793104,0.896551724137931,3.0689655172413794
hiba,34,0.1,4,2,1.0,1.0,6.0
hiba,34,0.15,1,11,0.8181818181818182,1.0,3.1818181818181817
hiba,34,0.15,2,153,0.8366013071895425,0.8888888888888888,2.5359477124183005
hiba,34,0.15,3,29,0.9310344827586207,0.7586206896551724,2.4827586206896552
hiba,34,0.15,4,2,1.0,1.0,5.5
pad,34,0.05,1,3,1.0,1.0,4.666666666666667
pad,34,0.05,2,8,1.0,1.0,3.75
pad,34,0.05,4,4,1.0,1.0,6.0
pad,34,0.05,6,1,1.0,1.0,6.0
pad,34,0.1,1,3,0.6666666666666666,1.0,4.0
pad,34,0.1,2,8,1.0,0.75,2.625
pad,34,0.1,4,4,1.0,1.0,3.5
pad,34,0.1,6,1,1.0,1.0,6.0
pad,34,0.15,1,3,0.3333333333333333,1.0,3.6666666666666665
pad,34,0.15,2,8,1.0,0.75,2.625
pad,34,0.15,4,4,1.0,1.0,3.5
pad,34,0.15,6,1,1.0,1.0,6.0
hiba,35,0.05,1,25,1.0,1.0,5.32
hiba,35,0.05,2,117,0.9914529914529915,1.0,5.914529914529915
hiba,35,0.05,3,45,0.9777777777777777,1.0,4.4222222222222225
hiba,35,0.05,4,2,1.0,1.0,7.0
hiba,35,0.1,1,25,1.0,1.0,3.88
hiba,35,0.1,2,117,0.9658119658119658,0.9743589743589743,3.982905982905983
hiba,35,0.1,3,45,0.9555555555555556,0.9555555555555556,3.466666666666667
hiba,35,0.1,4,2,1.0,1.0,6.5
hiba,35,0.15,1,25,1.0,0.96,3.16
hiba,35,0.15,2,117,0.9401709401709402,0.905982905982906,2.9316239316239314
hiba,35,0.15,3,45,0.9555555555555556,0.6,2.0444444444444443
hiba,35,0.15,4,2,0.5,1.0,6.0
pad,35,0.05,1,2,1.0,1.0,6.5
pad,35,0.05,2,13,1.0,1.0,6.076923076923077
pad,35,0.05,3,9,1.0,1.0,6.0
pad,35,0.05,4,3,1.0,1.0,8.0
pad,35,0.05,6,1,1.0,1.0,8.0
pad,35,0.1,1,2,0.5,1.0,3.0
pad,35,0.1,2,13,0.9230769230769231,0.9230769230769231,2.8461538461538463
pad,35,0.1,3,9,1.0,1.0,3.5555555555555554
pad,35,0.1,4,3,1.0,1.0,4.666666666666667
pad,35,0.1,6,1,1.0,1.0,6.0
pad,35,0.15,1,2,0.5,1.0,3.0
pad,35,0.15,2,13,0.9230769230769231,0.9230769230769231,2.5384615384615383
pad,35,0.15,3,9,1.0,1.0,3.4444444444444446
pad,35,0.15,4,3,1.0,1.0,4.666666666666667
pad,35,0.15,6,1,1.0,1.0,6.0
hiba,36,0.05,1,22,1.0,1.0,5.863636363636363
hiba,36,0.05,2,100,0.98,1.0,6.39
hiba,36,0.05,3,12,0.9166666666666666,1.0,6.416666666666667
hiba,36,0.1,1,22,1.0,1.0,4.7272727272727275
hiba,36,0.1,2,100,0.92,0.99,4.32
hiba,36,0.1,3,12,0.9166666666666666,1.0,4.333333333333333
hiba,36,0.15,1,22,0.9545454545454546,1.0,3.6363636363636362
hiba,36,0.15,2,100,0.9,0.93,3.31
hiba,36,0.15,3,12,0.8333333333333334,1.0,3.5
pad,36,0.05,1,1,1.0,1.0,3.0
pad,36,0.05,2,4,1.0,1.0,4.25
pad,36,0.05,3,4,1.0,1.0,4.0
pad,36,0.05,4,2,1.0,1.0,6.0
pad,36,0.1,1,1,1.0,1.0,3.0
pad,36,0.1,2,4,1.0,1.0,3.5
pad,36,0.1,3,4,1.0,1.0,4.0
pad,36,0.1,4,2,1.0,1.0,3.5
pad,36,0.15,1,1,1.0,1.0,3.0
pad,36,0.15,2,4,1.0,1.0,3.0
pad,36,0.15,3,4,1.0,1.0,4.0
pad,36,0.15,4,2,1.0,1.0,3.5
hiba,37,0.05,1,11,0.9090909090909091,1.0,6.181818181818182
hiba,37,0.05,2,109,0.9908256880733946,1.0,5.8807339449541285
hiba,37,0.05,3,37,0.972972972972973,1.0,5.405405405405405
hiba,37,0.05,4,22,1.0,1.0,7.681818181818182
hiba,37,0.1,1,11,0.9090909090909091,1.0,3.4545454545454546
hiba,37,0.1,2,109,0.963302752293578,0.9724770642201835,3.8623853211009176
hiba,37,0.1,3,37,0.9459459459459459,0.9459459459459459,3.4594594594594597
hiba,37,0.1,4,22,1.0,1.0,6.409090909090909
hiba,37,0.15,1,11,0.9090909090909091,1.0,3.1818181818181817
hiba,37,0.15,2,109,0.9357798165137615,0.8807339449541285,3.1743119266055047
hiba,37,0.15,3,37,0.9459459459459459,0.8648648648648649,2.945945945945946
hiba,37,0.15,4,22,1.0,1.0,6.045454545454546
pad,37,0.05,1,2,1.0,1.0,4.0
pad,37,0.05,2,10,1.0,0.9,3.4
pad,37,0.05,3,6,1.0,1.0,3.1666666666666665
pad,37,0.05,4,1,1.0,1.0,6.0
pad,37,0.1,1,2,1.0,1.0,4.0
pad,37,0.1,2,10,1.0,0.9,3.0
pad,37,0.1,3,6,1.0,1.0,3.1666666666666665
pad,37,0.1,4,1,1.0,1.0,5.0
pad,37,0.15,1,2,1.0,1.0,4.0
pad,37,0.15,2,10,1.0,0.9,2.5
pad,37,0.15,3,6,1.0,1.0,2.6666666666666665
pad,37,0.15,4,1,1.0,1.0,4.0
hiba,38,0.05,1,17,1.0,1.0,5.529411764705882
hiba,38,0.05,2,93,0.978494623655914,1.0,5.623655913978495
hiba,38,0.05,3,75,1.0,1.0,5.586666666666667
hiba,38,0.05,4,22,1.0,1.0,7.636363636363637
hiba,38,0.1,1,17,1.0,0.9411764705882353,3.2941176470588234
hiba,38,0.1,2,93,0.9139784946236559,1.0,4.021505376344086
hiba,38,0.1,3,75,1.0,1.0,3.92
hiba,38,0.1,4,22,1.0,1.0,6.954545454545454
hiba,38,0.15,1,17,1.0,0.8823529411764706,2.8823529411764706
hiba,38,0.15,2,93,0.9032258064516129,0.9032258064516129,3.075268817204301
hiba,38,0.15,3,75,0.9866666666666667,0.8266666666666667,2.6933333333333334
hiba,38,0.15,4,22,0.9545454545454546,1.0,6.090909090909091
pad,38,0.05,1,2,1.0,1.0,4.5
pad,38,0.05,2,7,1.0,1.0,4.142857142857143
pad,38,0.05,3,4,1.0,1.0,3.5
pad,38,0.05,4,1,1.0,1.0,6.0
pad,38,0.05,6,1,1.0,1.0,6.0
pad,38,0.1,1,2,1.0,1.0,4.5
pad,38,0.1,2,7,1.0,0.8571428571428571,3.4285714285714284
pad,38,0.1,3,4,1.0,1.0,3.5
pad,38,0.1,4,1,1.0,1.0,5.0
pad,38,0.1,6,1,1.0,1.0,6.0
pad,38,0.15,1,2,0.5,1.0,1.5
pad,38,0.15,2,7,0.8571428571428571,0.7142857142857143,2.5714285714285716
pad,38,0.15,3,4,0.75,1.0,2.5
pad,38,0.15,4,1,1.0,1.0,4.0
pad,38,0.15,6,1,1.0,1.0,6.0
hiba,39,0.05,1,13,1.0,1.0,5.6923076923076925
hiba,39,0.05,2,134,1.0,1.0,5.955223880597015
hiba,39,0.05,3,76,1.0,1.0,4.973684210526316
hiba,39,0.05,4,1,1.0,1.0,8.0
hiba,39,0.1,1,13,1.0,1.0,3.3846153846153846
hiba,39,0.1,2,134,0.9776119402985075,0.9925373134328358,3.5074626865671643
hiba,39,0.1,3,76,1.0,1.0,3.4473684210526314
hiba,39,0.1,4,1,1.0,1.0,7.0
hiba,39,0.15,1,13,0.9230769230769231,0.8461538461538461,2.3846153846153846
hiba,39,0.15,2,134,0.9104477611940298,0.8582089552238806,2.656716417910448
hiba,39,0.15,3,76,0.9868421052631579,0.7368421052631579,2.4210526315789473
hiba,39,0.15,4,1,0.0,1.0,6.0
pad,39,0.05,1,2,0.5,1.0,3.0
pad,39,0.05,2,11,0.9090909090909091,1.0,3.6363636363636362
pad,39,0.05,3,1,1.0,1.0,5.0
pad,39,0.05,4,2,1.0,1.0,5.5
pad,39,0.1,1,2,0.5,1.0,3.0
pad,39,0.1,2,11,0.9090909090909091,1.0,3.4545454545454546
pad,39,0.1,3,1,1.0,1.0,5.0
pad,39,0.1,4,2,1.0,1.0,5.5
pad,39,0.15,1,2,0.5,1.0,3.0
pad,39,0.15,2,11,0.8181818181818182,1.0,2.8181818181818183
pad,39,0.15,3,1,1.0,1.0,5.0
pad,39,0.15,4,2,1.0,1.0,4.0
hiba,40,0.05,1,8,1.0,1.0,6.375
hiba,40,0.05,2,144,0.9861111111111112,1.0,6.034722222222222
hiba,40,0.05,3,43,1.0,1.0,5.6976744186046515
hiba,40,0.05,4,23,1.0,1.0,7.6521739130434785
hiba,40,0.1,1,8,1.0,1.0,4.625
hiba,40,0.1,2,144,0.9583333333333334,0.9930555555555556,4.305555555555555
hiba,40,0.1,3,43,1.0,0.9767441860465116,4.093023255813954
hiba,40,0.1,4,23,1.0,1.0,6.956521739130435
hiba,40,0.15,1,8,1.0,1.0,4.5
hiba,40,0.15,2,144,0.9444444444444444,0.9375,3.2152777777777777
hiba,40,0.15,3,43,1.0,0.8604651162790697,2.813953488372093
hiba,40,0.15,4,23,1.0,1.0,6.260869565217392
pad,40,0.05,1,2,0.0,1.0,3.0
pad,40,0.05,2,6,0.8333333333333334,1.0,3.3333333333333335
pad,40,0.05,3,4,0.75,1.0,3.25
pad,40,0.05,4,2,1.0,1.0,5.0
pad,40,0.05,6,1,1.0,1.0,6.0
pad,40,0.1,1,2,0.0,1.0,3.0
pad,40,0.1,2,6,0.5,1.0,2.6666666666666665
pad,40,0.1,3,4,0.75,1.0,3.0
pad,40,0.1,4,2,1.0,1.0,3.5
pad,40,0.1,6,1,1.0,1.0,6.0
pad,40,0.15,1,2,0.0,1.0,3.0
pad,40,0.15,2,6,0.5,1.0,2.3333333333333335
pad,40,0.15,3,4,0.75,1.0,2.5
pad,40,0.15,4,2,1.0,1.0,3.5
pad,40,0.15,6,1,1.0,1.0,6.0
hiba,41,0.05,1,13,1.0,1.0,4.6923076923076925
hiba,41,0.05,2,84,0.9761904761904762,1.0,5.738095238095238
hiba,41,0.05,3,118,1.0,1.0,4.567796610169491
hiba,41,0.05,4,1,1.0,1.0,7.0
hiba,41,0.1,1,13,1.0,0.9230769230769231,3.5384615384615383
hiba,41,0.1,2,84,0.9166666666666666,0.9642857142857143,3.7857142857142856
hiba,41,0.1,3,118,0.9915254237288136,0.923728813559322,2.9915254237288136
hiba,41,0.1,4,1,1.0,1.0,6.0
hiba,41,0.15,1,13,1.0,0.9230769230769231,3.3076923076923075
hiba,41,0.15,2,84,0.8452380952380952,0.8809523809523809,3.0
hiba,41,0.15,3,118,0.9830508474576272,0.7542372881355932,2.3983050847457625
hiba,41,0.15,4,1,1.0,1.0,6.0
pad,41,0.05,1,1,1.0,1.0,6.0
pad,41,0.05,2,16,1.0,1.0,6.1875
pad,41,0.05,3,2,1.0,1.0,5.5
pad,41,0.05,4,3,1.0,1.0,8.0
pad,41,0.05,6,1,1.0,1.0,8.0
pad,41,0.1,1,1,1.0,1.0,4.0
pad,41,0.1,2,16,0.9375,1.0,3.4375
pad,41,0.1,3,2,1.0,1.0,3.5
pad,41,0.1,4,3,1.0,1.0,4.333333333333333
pad,41,0.1,6,1,1.0,1.0,6.0
pad,41,0.15,1,1,1.0,1.0,2.0
pad,41,0.15,2,16,0.9375,0.9375,3.0
pad,41,0.15,3,2,1.0,1.0,3.0
pad,41,0.15,4,3,1.0,1.0,4.0
pad,41,0.15,6,1,1.0,1.0,6.0
hiba,42,0.05,1,5,1.0,1.0,7.2
hiba,42,0.05,2,124,0.9596774193548387,1.0,5.443548387096774
hiba,42,0.05,3,26,1.0,1.0,4.923076923076923
hiba,42,0.05,4,1,1.0,1.0,7.0
hiba,42,0.1,1,5,0.8,1.0,4.8
hiba,42,0.1,2,124,0.8951612903225806,0.9435483870967742,3.6774193548387095
hiba,42,0.1,3,26,1.0,0.8461538461538461,2.923076923076923
hiba,42,0.1,4,1,1.0,1.0,6.0
hiba,42,0.15,1,5,0.6,1.0,3.8
hiba,42,0.15,2,124,0.8629032258064516,0.8467741935483871,2.806451612903226
hiba,42,0.15,3,26,1.0,0.3076923076923077,1.6923076923076923
hiba,42,0.15,4,1,1.0,1.0,5.0
pad,42,0.05,1,2,1.0,1.0,2.5
pad,42,0.05,2,8,0.875,0.875,3.125
pad,42,0.05,3,8,1.0,1.0,3.0
pad,42,0.05,4,2,1.0,1.0,6.0
pad,42,0.1,1,2,1.0,1.0,2.5
pad,42,0.1,2,8,0.875,0.75,2.625
pad,42,0.1,3,8,1.0,0.75,2.5
pad,42,0.1,4,2,1.0,1.0,4.5
pad,42,0.15,1,2,1.0,1.0,2.5
pad,42,0.15,2,8,0.875,0.75,2.25
pad,42,0.15,3,8,1.0,0.75,2.5
pad,42,0.15,4,2,1.0,1.0,4.5
hiba,43,0.05,1,11,1.0,1.0,5.454545454545454
hiba,43,0.05,2,129,0.9534883720930233,1.0,4.992248062015504
hiba,43,0.05,3,32,0.90625,0.96875,4.78125
hiba,43,0.05,4,2,1.0,1.0,7.0
hiba,43,0.1,1,11,0.9090909090909091,1.0,4.181818181818182
hiba,43,0.1,2,129,0.9069767441860465,0.9302325581395349,3.511627906976744
hiba,43,0.1,3,32,0.875,0.71875,2.59375
hiba,43,0.1,4,2,0.5,1.0,6.5
hiba,43,0.15,1,11,0.9090909090909091,1.0,3.909090909090909
hiba,43,0.15,2,129,0.8914728682170543,0.8294573643410853,2.705426356589147
hiba,43,0.15,3,32,0.875,0.71875,2.375
hiba,43,0.15,4,2,0.5,1.0,5.5
pad,43,0.05,1,2,1.0,1.0,4.5
pad,43,0.05,2,8,1.0,1.0,3.5
pad,43,0.05,3,4,1.0,1.0,3.0
pad,43,0.05,4,3,1.0,1.0,6.0
pad,43,0.05,6,1,1.0,1.0,6.0
pad,43,0.1,1,2,1.0,1.0,4.5
pad,43,0.1,2,8,1.0,1.0,3.0
pad,43,0.1,3,4,1.0,1.0,2.75
pad,43,0.1,4,3,1.0,1.0,5.0
pad,43,0.1,6,1,1.0,1.0,6.0
pad,43,0.15,1,2,1.0,1.0,4.0
pad,43,0.15,2,8,1.0,1.0,2.875
pad,43,0.15,3,4,1.0,1.0,2.5
pad,43,0.15,4,3,1.0,1.0,4.333333333333333
pad,43,0.15,6,1,1.0,1.0,6.0
hiba,44,0.05,1,13,1.0,1.0,5.461538461538462
hiba,44,0.05,2,87,0.9080459770114943,1.0,5.448275862068965
hiba,44,0.05,3,104,0.9903846153846154,0.9903846153846154,3.7788461538461537
hiba,44,0.05,4,23,1.0,1.0,7.086956521739131
hiba,44,0.1,1,13,1.0,1.0,4.0
hiba,44,0.1,2,87,0.896551724137931,0.9770114942528736,3.8850574712643677
hiba,44,0.1,3,104,0.9903846153846154,0.875,2.923076923076923
hiba,44,0.1,4,23,1.0,1.0,6.391304347826087
hiba,44,0.15,1,13,1.0,1.0,3.076923076923077
hiba,44,0.15,2,87,0.8505747126436781,0.9310344827586207,3.310344827586207
hiba,44,0.15,3,104,0.9807692307692307,0.5961538461538461,1.9615384615384615
hiba,44,0.15,4,23,1.0,1.0,5.956521739130435
pad,44,0.05,2,8,0.875,1.0,3.875
pad,44,0.05,3,8,1.0,1.0,3.5
pad,44,0.05,4,3,1.0,1.0,6.0
pad,44,0.05,6,1,1.0,1.0,6.0
pad,44,0.1,2,8,0.875,1.0,3.25
pad,44,0.1,3,8,1.0,1.0,3.375
pad,44,0.1,4,3,1.0,1.0,4.666666666666667
pad,44,0.1,6,1,1.0,1.0,6.0
pad,44,0.15,2,8,0.875,1.0,2.875
pad,44,0.15,3,8,1.0,1.0,3.125
pad,44,0.15,4,3,1.0,1.0,4.666666666666667
pad,44,0.15,6,1,1.0,1.0,6.0
hiba,45,0.05,1,11,1.0,1.0,5.090909090909091
hiba,45,0.05,2,102,0.9901960784313726,1.0,5.745098039215686
hiba,45,0.05,3,4,1.0,1.0,5.75
hiba,45,0.05,4,2,1.0,1.0,7.0
hiba,45,0.1,1,11,1.0,0.9090909090909091,2.909090909090909
hiba,45,0.1,2,102,0.9509803921568627,0.9215686274509803,3.7450980392156863
hiba,45,0.1,3,4,1.0,1.0,5.0
hiba,45,0.1,4,2,1.0,1.0,6.5
hiba,45,0.15,1,11,1.0,0.7272727272727273,2.3636363636363638
hiba,45,0.15,2,102,0.8921568627450981,0.8627450980392157,2.9019607843137254
hiba,45,0.15,3,4,1.0,1.0,4.5
hiba,45,0.15,4,2,0.5,1.0,6.0
pad,45,0.05,1,3,1.0,1.0,3.6666666666666665
pad,45,0.05,2,7,1.0,1.0,3.2857142857142856
pad,45,0.05,3,8,1.0,1.0,3.625
pad,45,0.05,4,4,1.0,1.0,6.0
pad,45,0.05,6,1,1.0,1.0,6.0
pad,45,0.1,1,3,1.0,1.0,3.6666666666666665
pad,45,0.1,2,7,1.0,1.0,2.5714285714285716
pad,45,0.1,3,8,1.0,1.0,3.375
pad,45,0.1,4,4,1.0,1.0,4.75
pad,45,0.1,6,1,1.0,1.0,6.0
pad,45,0.15,1,3,1.0,1.0,3.3333333333333335
pad,45,0.15,2,7,1.0,0.8571428571428571,2.2857142857142856
pad,45,0.15,3,8,1.0,1.0,3.0
pad,45,0.15,4,4,1.0,1.0,4.0
pad,45,0.15,6,1,1.0,1.0,6.0
hiba,46,0.05,1,7,1.0,1.0,6.428571428571429
hiba,46,0.05,2,109,0.981651376146789,1.0,5.706422018348624
hiba,46,0.05,3,79,0.9873417721518988,1.0,5.493670886075949
hiba,46,0.05,4,2,1.0,1.0,7.0
hiba,46,0.1,1,7,1.0,1.0,4.571428571428571
hiba,46,0.1,2,109,0.926605504587156,1.0,3.761467889908257
hiba,46,0.1,3,79,0.9873417721518988,0.9746835443037974,3.9367088607594938
hiba,46,0.1,4,2,1.0,1.0,6.5
hiba,46,0.15,1,7,1.0,1.0,4.428571428571429
hiba,46,0.15,2,109,0.8899082568807339,0.8715596330275229,2.8073394495412844
hiba,46,0.15,3,79,0.9620253164556962,0.810126582278481,2.7974683544303796
hiba,46,0.15,4,2,0.5,1.0,6.0
pad,46,0.05,2,7,1.0,1.0,3.2857142857142856
pad,46,0.05,3,7,1.0,1.0,2.5714285714285716
pad,46,0.05,4,1,1.0,1.0,6.0
pad,46,0.05,6,1,1.0,1.0,6.0
pad,46,0.1,2,7,1.0,0.8571428571428571,3.0
pad,46,0.1,3,7,1.0,1.0,2.5714285714285716
pad,46,0.1,4,1,1.0,1.0,5.0
pad,46,0.1,6,1,1.0,1.0,6.0
pad,46,0.15,2,7,0.8571428571428571,0.8571428571428571,2.7142857142857144
pad,46,0.15,3,7,0.8571428571428571,0.7142857142857143,1.7142857142857142
pad,46,0.15,4,1,1.0,1.0,4.0
pad,46,0.15,6,1,1.0,1.0,6.0
hiba,47,0.05,1,13,1.0,1.0,4.0
hiba,47,0.05,2,93,0.9354838709677419,1.0,4.591397849462366
hiba,47,0.05,3,50,1.0,1.0,5.2
hiba,47,0.05,4,3,1.0,1.0,6.666666666666667
hiba,47,0.1,1,13,1.0,0.9230769230769231,3.1538461538461537
hiba,47,0.1,2,93,0.8924731182795699,0.9032258064516129,3.172043010752688
hiba,47,0.1,3,50,1.0,0.92,3.48
hiba,47,0.1,4,3,1.0,1.0,6.666666666666667
hiba,47,0.15,1,13,1.0,0.9230769230769231,2.8461538461538463
hiba,47,0.15,2,93,0.8817204301075269,0.8817204301075269,2.913978494623656
hiba,47,0.15,3,50,1.0,0.78,2.78
hiba,47,0.15,4,3,0.6666666666666666,1.0,6.0
pad,47,0.05,1,1,1.0,1.0,3.0
pad,47,0.05,2,9,0.8888888888888888,1.0,3.7777777777777777
pad,47,0.05,3,5,1.0,1.0,3.6
pad,47,0.05,4,2,1.0,1.0,6.0
pad,47,0.05,6,1,1.0,1.0,6.0
pad,47,0.1,1,1,1.0,1.0,3.0
pad,47,0.1,2,9,0.8888888888888888,1.0,3.3333333333333335
pad,47,0.1,3,5,0.8,1.0,3.0
pad,47,0.1,4,2,1.0,1.0,3.5
pad,47,0.1,6,1,1.0,1.0,6.0
pad,47,0.15,1,1,1.0,1.0,2.0
pad,47,0.15,2,9,0.7777777777777778,1.0,2.888888888888889
pad,47,0.15,3,5,0.8,1.0,3.0
pad,47,0.15,4,2,1.0,1.0,3.5
pad,47,0.15,6,1,1.0,1.0,6.0
hiba,48,0.05,1,13,1.0,1.0,4.230769230769231
hiba,48,0.05,2,74,1.0,1.0,5.54054054054054
hiba,48,0.05,3,10,1.0,1.0,4.4
hiba,48,0.05,4,22,1.0,1.0,7.636363636363637
hiba,48,0.1,1,13,1.0,1.0,3.6153846153846154
hiba,48,0.1,2,74,1.0,1.0,3.6216216216216215
hiba,48,0.1,3,10,1.0,1.0,3.9
hiba,48,0.1,4,22,1.0,1.0,7.136363636363637
hiba,48,0.15,1,13,1.0,0.9230769230769231,2.923076923076923
hiba,48,0.15,2,74,0.9459459459459459,0.7972972972972973,2.608108108108108
hiba,48,0.15,3,10,1.0,1.0,3.4
hiba,48,0.15,4,22,0.9545454545454546,1.0,6.181818181818182
pad,48,0.05,1,1,1.0,1.0,4.0
pad,48,0.05,2,10,0.9,1.0,3.7
pad,48,0.05,3,2,1.0,1.0,4.5
pad,48,0.05,4,1,1.0,1.0,6.0
pad,48,0.1,1,1,1.0,1.0,3.0
pad,48,0.1,2,10,0.9,1.0,3.1
pad,48,0.1,3,2,1.0,1.0,3.5
pad,48,0.1,4,1,1.0,1.0,3.0
pad,48,0.15,1,1,0.0,1.0,2.0
pad,48,0.15,2,10,0.9,1.0,2.8
pad,48,0.15,3,2,1.0,1.0,3.5
pad,48,0.15,4,1,1.0,1.0,3.0
hiba,49,0.05,1,12,1.0,1.0,4.25
hiba,49,0.05,2,143,0.972027972027972,1.0,5.664335664335664
hiba,49,0.05,3,10,0.9,1.0,4.9
hiba,49,0.05,4,22,1.0,1.0,7.409090909090909
hiba,49,0.1,1,12,1.0,1.0,3.5833333333333335
hiba,49,0.1,2,143,0.958041958041958,0.993006993006993,4.1678321678321675
hiba,49,0.1,3,10,0.8,1.0,4.4
hiba,49,0.1,4,22,1.0,1.0,6.954545454545454
hiba,49,0.15,1,12,1.0,0.9166666666666666,2.9166666666666665
hiba,49,0.15,2,143,0.8881118881118881,0.972027972027972,3.0489510489510487
hiba,49,0.15,3,10,0.7,1.0,3.8
hiba,49,0.15,4,22,1.0,1.0,5.7272727272727275
pad,49,0.05,1,3,1.0,1.0,4.0
pad,49,0.05,2,6,1.0,1.0,4.0
pad,49,0.05,3,3,1.0,1.0,3.0
pad,49,0.05,4,3,1.0,1.0,6.0
pad,49,0.1,1,3,0.6666666666666666,1.0,3.6666666666666665
pad,49,0.1,2,6,1.0,1.0,3.3333333333333335
pad,49,0.1,3,3,1.0,1.0,2.6666666666666665
pad,49,0.1,4,3,1.0,1.0,5.333333333333333
pad,49,0.15,1,3,0.6666666666666666,1.0,3.6666666666666665
pad,49,0.15,2,6,1.0,1.0,3.1666666666666665
pad,49,0.15,3,3,1.0,1.0,2.6666666666666665
pad,49,0.15,4,3,1.0,1.0,3.0
hiba,50,0.05,1,11,1.0,1.0,5.363636363636363
hiba,50,0.05,2,93,0.989247311827957,1.0,6.376344086021505
hiba,50,0.05,3,135,1.0,1.0,5.5777777777777775
hiba,50,0.05,4,1,1.0,1.0,7.0
hiba,50,0.1,1,11,1.0,1.0,3.4545454545454546
hiba,50,0.1,2,93,0.978494623655914,0.989247311827957,4.129032258064516
hiba,50,0.1,3,135,0.9851851851851852,0.9259259259259259,3.474074074074074
hiba,50,0.1,4,1,1.0,1.0,7.0
hiba,50,0.15,1,11,1.0,0.9090909090909091,2.6363636363636362
hiba,50,0.15,2,93,0.946236559139785,0.978494623655914,3.4731182795698925
hiba,50,0.15,3,135,0.9777777777777777,0.6888888888888889,2.2666666666666666
hiba,50,0.15,4,1,0.0,1.0,6.0
pad,50,0.05,1,1,1.0,1.0,5.0
pad,50,0.05,2,6,1.0,1.0,3.6666666666666665
pad,50,0.05,3,6,1.0,1.0,3.1666666666666665
pad,50,0.05,4,2,1.0,1.0,6.0
pad,50,0.05,6,1,1.0,1.0,6.0
pad,50,0.1,1,1,1.0,1.0,5.0
pad,50,0.1,2,6,1.0,1.0,3.3333333333333335
pad,50,0.1,3,6,1.0,1.0,3.0
pad,50,0.1,4,2,1.0,1.0,5.0
pad,50,0.1,6,1,1.0,1.0,6.0
pad,50,0.15,1,1,1.0,1.0,5.0
pad,50,0.15,2,6,1.0,0.8333333333333334,2.8333333333333335
pad,50,0.15,3,6,1.0,0.6666666666666666,2.5
pad,50,0.15,4,2,1.0,1.0,4.5
pad,50,0.15,6,1,1.0,1.0,6.0
hiba,51,0.05,1,19,1.0,1.0,5.2631578947368425
hiba,51,0.05,2,92,0.9891304347826086,1.0,5.967391304347826
hiba,51,0.05,3,48,0.9791666666666666,1.0,5.583333333333333
hiba,51,0.05,4,2,1.0,1.0,7.5
hiba,51,0.1,1,19,1.0,0.9473684210526315,3.3157894736842106
hiba,51,0.1,2,92,0.9565217391304348,0.9891304347826086,4.293478260869565
hiba,51,0.1,3,48,0.9791666666666666,0.9791666666666666,4.041666666666667
hiba,51,0.1,4,2,1.0,1.0,6.5
hiba,51,0.15,1,19,0.9473684210526315,0.9473684210526315,2.736842105263158
hiba,51,0.15,2,92,0.9347826086956522,0.9239130434782609,3.489130434782609
hiba,51,0.15,3,48,0.9791666666666666,0.6875,2.5625
hiba,51,0.15,4,2,1.0,1.0,6.5
pad,51,0.05,1,1,1.0,1.0,5.0
pad,51,0.05,2,12,0.9166666666666666,0.9166666666666666,3.5
pad,51,0.05,3,2,1.0,1.0,4.5
pad,51,0.05,4,4,1.0,1.0,6.0
pad,51,0.1,1,1,1.0,1.0,2.0
pad,51,0.1,2,12,0.9166666666666666,0.9166666666666666,2.9166666666666665
pad,51,0.1,3,2,1.0,1.0,3.5
pad,51,0.1,4,4,1.0,1.0,3.5
pad,51,0.15,1,1,1.0,0.0,1.0
pad,51,0.15,2,12,0.9166666666666666,0.9166666666666666,2.4166666666666665
pad,51,0.15,3,2,1.0,1.0,3.5
pad,51,0.15,4,4,1.0,1.0,3.5
hiba,52,0.05,1,10,1.0,1.0,4.7
hiba,52,0.05,2,100,0.98,1.0,5.76
hiba,52,0.05,3,13,1.0,1.0,4.153846153846154
hiba,52,0.05,4,2,1.0,1.0,7.0
hiba,52,0.1,1,10,1.0,0.8,2.9
hiba,52,0.1,2,100,0.92,0.95,3.76
hiba,52,0.1,3,13,0.9230769230769231,0.8461538461538461,3.076923076923077
hiba,52,0.1,4,2,1.0,1.0,6.5
hiba,52,0.15,1,10,0.9,0.7,2.1
hiba,52,0.15,2,100,0.84,0.8,2.79
hiba,52,0.15,3,13,0.7692307692307693,0.8461538461538461,2.6153846153846154
hiba,52,0.15,4,2,0.5,1.0,6.0
pad,52,0.05,1,3,1.0,1.0,6.333333333333333
pad,52,0.05,2,9,1.0,1.0,6.222222222222222
pad,52,0.05,3,6,1.0,1.0,6.166666666666667
pad,52,0.05,4,5,1.0,1.0,8.0
pad,52,0.05,6,1,1.0,1.0,8.0
pad,52,0.1,1,3,1.0,1.0,3.6666666666666665
pad,52,0.1,2,9,1.0,1.0,3.7777777777777777
pad,52,0.1,3,6,1.0,1.0,3.5
pad,52,0.1,4,5,1.0,1.0,4.0
pad,52,0.1,6,1,1.0,1.0,6.0
pad,52,0.15,1,3,1.0,1.0,3.6666666666666665
pad,52,0.15,2,9,1.0,1.0,3.5555555555555554
pad,52,0.15,3,6,1.0,1.0,3.5
pad,52,0.15,4,5,1.0,1.0,4.0
pad,52,0.15,6,1,1.0,1.0,6.0
hiba,53,0.05,1,21,1.0,1.0,4.857142857142857
hiba,53,0.05,2,116,1.0,1.0,5.853448275862069
hiba,53,0.05,3,13,1.0,1.0,4.923076923076923
hiba,53,0.05,4,21,1.0,1.0,7.666666666666667
hiba,53,0.1,1,21,1.0,0.9523809523809523,3.5714285714285716
hiba,53,0.1,2,116,0.9827586206896551,0.9913793103448276,4.293103448275862
hiba,53,0.1,3,13,0.9230769230769231,1.0,4.153846153846154
hiba,53,0.1,4,21,1.0,1.0,7.095238095238095
hiba,53,0.15,1,21,0.9523809523809523,0.8571428571428571,2.9047619047619047
hiba,53,0.15,2,116,0.9482758620689655,0.9224137931034483,3.2672413793103448
hiba,53,0.15,3,13,0.8461538461538461,1.0,3.1538461538461537
hiba,53,0.15,4,21,1.0,1.0,6.095238095238095
pad,53,0.05,1,2,1.0,1.0,4.0
pad,53,0.05,2,5,0.8,1.0,4.0
pad,53,0.05,3,7,1.0,1.0,3.142857142857143
pad,53,0.05,4,3,1.0,1.0,6.0
pad,53,0.1,1,2,1.0,1.0,3.5
pad,53,0.1,2,5,0.8,1.0,3.8
pad,53,0.1,3,7,0.8571428571428571,1.0,2.857142857142857
pad,53,0.1,4,3,1.0,1.0,5.333333333333333
pad,53,0.15,1,2,1.0,1.0,3.0
pad,53,0.15,2,5,0.8,1.0,3.2
pad,53,0.15,3,7,0.8571428571428571,0.7142857142857143,2.2857142857142856
pad,53,0.15,4,3,1.0,1.0,3.6666666666666665
hiba,54,0.05,1,3,1.0,1.0,4.333333333333333
hiba,54,0.05,2,100,0.97,1.0,5.59
hiba,54,0.05,3,137,1.0,1.0,5.554744525547445
hiba,54,0.05,4,22,1.0,1.0,7.681818181818182
hiba,54,0.1,1,3,1.0,1.0,2.6666666666666665
hiba,54,0.1,2,100,0.91,1.0,3.88
hiba,54,0.1,3,137,1.0,0.9854014598540146,3.934306569343066
hiba,54,0.1,4,22,1.0,1.0,6.954545454545454
hiba,54,0.15,1,3,1.0,0.6666666666666666,2.0
hiba,54,0.15,2,100,0.89,0.93,3.08
hiba,54,0.15,3,137,0.9927007299270073,0.7956204379562044,2.7007299270072993
hiba,54,0.15,4,22,1.0,1.0,6.181818181818182
pad,54,0.05,2,6,0.8333333333333334,0.8333333333333334,3.0
pad,54,0.05,3,7,1.0,1.0,3.5714285714285716
pad,54,0.05,4,1,1.0,1.0,6.0
pad,54,0.1,2,6,0.8333333333333334,0.6666666666666666,2.1666666666666665
pad,54,0.1,3,7,0.8571428571428571,1.0,3.0
pad,54,0.1,4,1,1.0,1.0,2.0
pad,54,0.15,2,6,0.8333333333333334,0.6666666666666666,2.0
pad,54,0.15,3,7,0.8571428571428571,1.0,2.7142857142857144
pad,54,0.15,4,1,1.0,1.0,2.0
hiba,55,0.05,1,5,1.0,1.0,5.4
hiba,55,0.05,2,94,0.9468085106382979,1.0,5.042553191489362
hiba,55,0.05,3,100,0.99,1.0,4.1
hiba,55,0.05,4,21,1.0,1.0,7.333333333333333
hiba,55,0.1,1,5,1.0,1.0,4.2
hiba,55,0.1,2,94,0.8829787234042553,0.9148936170212766,3.1595744680851063
hiba,55,0.1,3,100,0.99,0.91,3.05
hiba,55,0.1,4,21,1.0,1.0,6.380952380952381
hiba,55,0.15,1,5,0.8,1.0,4.0
hiba,55,0.15,2,94,0.7978723404255319,0.8085106382978723,2.5531914893617023
hiba,55,0.15,3,100,0.95,0.51,1.89
hiba,55,0.15,4,21,1.0,1.0,5.571428571428571
pad,55,0.05,1,3,1.0,1.0,4.0
pad,55,0.05,2,6,1.0,1.0,3.5
pad,55,0.05,3,7,1.0,1.0,3.7142857142857144
pad,55,0.05,4,1,1.0,1.0,6.0
pad,55,0.1,1,3,0.6666666666666666,1.0,3.6666666666666665
pad,55,0.1,2,6,1.0,1.0,2.6666666666666665
pad,55,0.1,3,7,1.0,1.0,3.5714285714285716
pad,55,0.1,4,1,1.0,1.0,6.0
pad,55,0.15,1,3,0.6666666666666666,1.0,3.3333333333333335
pad,55,0.15,2,6,1.0,1.0,2.6666666666666665
pad,55,0.15,3,7,1.0,1.0,3.5714285714285716
pad,55,0.15,4,1,1.0,1.0,5.0
hiba,56,0.05,1,15,1.0,1.0,5.466666666666667
hiba,56,0.05,2,109,0.9724770642201835,1.0,6.055045871559633
hiba,56,0.05,3,24,1.0,1.0,6.041666666666667
hiba,56,0.05,4,24,1.0,1.0,7.625
hiba,56,0.1,1,15,0.9333333333333333,0.9333333333333333,3.6
hiba,56,0.1,2,109,0.926605504587156,0.9541284403669725,3.8623853211009176
hiba,56,0.1,3,24,1.0,0.9166666666666666,3.3333333333333335
hiba,56,0.1,4,24,1.0,1.0,6.416666666666667
hiba,56,0.15,1,15,0.9333333333333333,0.9333333333333333,3.2
hiba,56,0.15,2,109,0.9174311926605505,0.908256880733945,3.091743119266055
hiba,56,0.15,3,24,1.0,0.7916666666666666,2.7916666666666665
hiba,56,0.15,4,24,0.9583333333333334,1.0,6.041666666666667
pad,56,0.05,1,3,1.0,1.0,4.333333333333333
pad,56,0.05,2,10,1.0,1.0,3.2
pad,56,0.05,3,5,1.0,1.0,2.8
pad,56,0.05,6,1,1.0,1.0,6.0
pad,56,0.1,1,3,0.3333333333333333,1.0,3.0
pad,56,0.1,2,10,0.8,0.9,2.3
pad,56,0.1,3,5,0.8,1.0,2.4
pad,56,0.1,6,1,1.0,1.0,6.0
pad,56,0.15,1,3,0.3333333333333333,1.0,3.0
pad,56,0.15,2,10,0.8,0.8,2.1
pad,56,0.15,3,5,0.8,1.0,2.0
pad,56,0.15,6,1,1.0,1.0,6.0
hiba,57,0.05,1,13,1.0,1.0,4.846153846153846
hiba,57,0.05,2,103,0.9902912621359223,1.0,5.941747572815534
hiba,57,0.05,3,124,0.9919354838709677,1.0,4.556451612903226
hiba,57,0.05,4,23,1.0,1.0,7.608695652173913
hiba,57,0.1,1,13,1.0,1.0,3.8461538461538463
hiba,57,0.1,2,103,0.9514563106796117,1.0,4.242718446601942
hiba,57,0.1,3,124,0.9838709677419355,0.9919354838709677,3.814516129032258
hiba,57,0.1,4,23,1.0,1.0,6.913043478260869
hiba,57,0.15,1,13,1.0,0.9230769230769231,3.5384615384615383
hiba,57,0.15,2,103,0.912621359223301,0.9514563106796117,3.0970873786407767
hiba,57,0.15,3,124,0.9838709677419355,0.717741935483871,2.306451612903226
hiba,57,0.15,4,23,1.0,1.0,6.130434782608695
pad,57,0.05,1,2,0.5,1.0,3.0
pad,57,0.05,2,5,0.8,1.0,3.8
pad,57,0.05,3,8,0.875,1.0,2.5
pad,57,0.05,4,3,1.0,1.0,5.333333333333333
pad,57,0.1,1,2,0.5,1.0,3.0
pad,57,0.1,2,5,0.8,1.0,3.6
pad,57,0.1,3,8,0.875,1.0,2.5
pad,57,0.1,4,3,1.0,1.0,3.6666666666666665
pad,57,0.15,1,2,0.5,1.0,3.0
pad,57,0.15,2,5,0.8,1.0,3.4
pad,57,0.15,3,8,0.875,1.0,2.375
pad,57,0.15,4,3,1.0,1.0,3.6666666666666665
hiba,58,0.05,1,9,0.8888888888888888,1.0,4.666666666666667
hiba,58,0.05,2,121,0.9752066115702479,1.0,5.4958677685950414
hiba,58,0.05,3,92,0.9891304347826086,1.0,5.228260869565218
hiba,58,0.05,4,1,1.0,1.0,7.0
hiba,58,0.1,1,9,0.8888888888888888,1.0,3.3333333333333335
hiba,58,0.1,2,121,0.9669421487603306,0.9834710743801653,3.8595041322314048
hiba,58,0.1,3,92,0.9891304347826086,0.9347826086956522,3.5
hiba,58,0.1,4,1,1.0,1.0,6.0
hiba,58,0.15,1,9,0.8888888888888888,1.0,3.111111111111111
hiba,58,0.15,2,121,0.9421487603305785,0.9090909090909091,3.12396694214876
hiba,58,0.15,3,92,0.9891304347826086,0.8152173913043478,2.967391304347826
hiba,58,0.15,4,1,1.0,1.0,6.0
pad,58,0.05,1,3,1.0,1.0,6.333333333333333
pad,58,0.05,2,14,1.0,1.0,5.928571428571429
pad,58,0.05,3,10,1.0,1.0,5.8
pad,58,0.05,4,3,1.0,1.0,8.0
pad,58,0.1,1,3,0.3333333333333333,1.0,3.0
pad,58,0.1,2,14,0.9285714285714286,0.9285714285714286,2.7142857142857144
pad,58,0.1,3,10,0.9,1.0,3.0
pad,58,0.1,4,3,1.0,1.0,5.333333333333333
pad,58,0.15,1,3,0.3333333333333333,1.0,2.3333333333333335
pad,58,0.15,2,14,0.7857142857142857,0.8571428571428571,2.0
pad,58,0.15,3,10,0.9,0.8,2.6
pad,58,0.15,4,3,1.0,1.0,4.0
hiba,59,0.05,1,6,1.0,1.0,6.5
hiba,59,0.05,2,76,0.9868421052631579,1.0,5.921052631578948
hiba,59,0.05,3,84,1.0,1.0,4.535714285714286
hiba,59,0.05,4,1,1.0,1.0,7.0
hiba,59,0.1,1,6,1.0,1.0,4.0
hiba,59,0.1,2,76,0.9473684210526315,1.0,4.0
hiba,59,0.1,3,84,1.0,1.0,3.738095238095238
hiba,59,0.1,4,1,1.0,1.0,6.0
hiba,59,0.15,1,6,0.8333333333333334,1.0,3.5
hiba,59,0.15,2,76,0.8947368421052632,0.9342105263157895,2.9342105263157894
hiba,59,0.15,3,84,0.9880952380952381,0.6547619047619048,2.1904761904761907
hiba,59,0.15,4,1,1.0,1.0,6.0
pad,59,0.05,2,8,0.875,1.0,3.75
pad,59,0.05,3,7,1.0,1.0,2.7142857142857144
pad,59,0.05,4,2,1.0,1.0,6.0
pad,59,0.05,6,1,1.0,1.0,6.0
pad,59,0.1,2,8,0.875,0.875,3.125
pad,59,0.1,3,7,1.0,1.0,2.5714285714285716
pad,59,0.1,4,2,1.0,1.0,6.0
pad,59,0.1,6,1,1.0,1.0,6.0
pad,59,0.15,2,8,0.875,0.875,3.0
pad,59,0.15,3,7,1.0,1.0,2.4285714285714284
pad,59,0.15,4,2,1.0,1.0,4.0
pad,59,0.15,6,1,1.0,1.0,6.0
hiba,60,0.05,1,4,1.0,1.0,5.5
hiba,60,0.05,2,71,0.9436619718309859,1.0,5.887323943661972
hiba,60,0.05,3,83,0.9879518072289156,1.0,5.385542168674699
hiba,60,0.05,4,1,1.0,1.0,7.0
hiba,60,0.1,1,4,1.0,1.0,4.0
hiba,60,0.1,2,71,0.9154929577464789,0.971830985915493,4.0
hiba,60,0.1,3,83,0.9759036144578314,0.9397590361445783,3.5542168674698793
hiba,60,0.1,4,1,1.0,1.0,6.0
hiba,60,0.15,1,4,1.0,1.0,3.0
hiba,60,0.15,2,71,0.8732394366197183,0.9436619718309859,3.0704225352112675
hiba,60,0.15,3,83,0.963855421686747,0.8192771084337349,2.7228915662650603
hiba,60,0.15,4,1,1.0,1.0,6.0
pad,60,0.05,1,1,1.0,1.0,2.0
pad,60,0.05,2,6,0.8333333333333334,1.0,3.0
pad,60,0.05,3,4,1.0,1.0,3.5
pad,60,0.05,4,1,1.0,1.0,6.0
pad,60,0.05,6,1,1.0,1.0,6.0
pad,60,0.1,1,1,1.0,1.0,2.0
pad,60,0.1,2,6,0.8333333333333334,0.8333333333333334,2.6666666666666665
pad,60,0.1,3,4,0.75,1.0,2.5
pad,60,0.1,4,1,1.0,1.0,3.0
pad,60,0.1,6,1,1.0,1.0,6.0
pad,60,0.15,1,1,1.0,1.0,2.0
pad,60,0.15,2,6,0.8333333333333334,0.8333333333333334,2.3333333333333335
pad,60,0.15,3,4,0.75,1.0,2.25
pad,60,0.15,4,1,1.0,1.0,3.0
pad,60,0.15,6,1,1.0,1.0,6.0
hiba,61,0.05,1,8,0.875,1.0,4.25
hiba,61,0.05,2,141,0.9858156028368794,1.0,5.843971631205674
hiba,61,0.05,3,9,0.8888888888888888,1.0,5.222222222222222
hiba,61,0.05,4,1,1.0,1.0,7.0
hiba,61,0.1,1,8,0.875,1.0,3.375
hiba,61,0.1,2,141,0.950354609929078,0.9929078014184397,4.0638297872340425
hiba,61,0.1,3,9,0.8888888888888888,1.0,3.3333333333333335
hiba,61,0.1,4,1,1.0,1.0,6.0
hiba,61,0.15,1,8,0.75,1.0,2.625
hiba,61,0.15,2,141,0.8936170212765957,0.9148936170212766,2.9574468085106385
hiba,61,0.15,3,9,0.8888888888888888,1.0,2.7777777777777777
hiba,61,0.15,4,1,1.0,1.0,6.0
pad,61,0.05,1,1,1.0,1.0,3.0
pad,61,0.05,2,10,0.9,1.0,3.8
pad,61,0.05,3,7,1.0,1.0,3.0
pad,61,0.05,4,3,1.0,1.0,6.0
pad,61,0.1,1,1,1.0,1.0,3.0
pad,61,0.1,2,10,0.9,0.9,3.3
pad,61,0.1,3,7,1.0,1.0,2.857142857142857
pad,61,0.1,4,3,1.0,1.0,4.666666666666667
pad,61,0.15,1,1,1.0,1.0,3.0
pad,61,0.15,2,10,0.9,0.9,3.0
pad,61,0.15,3,7,1.0,0.7142857142857143,2.4285714285714284
pad,61,0.15,4,3,1.0,1.0,4.666666666666667
hiba,62,0.05,1,13,0.9230769230769231,1.0,4.3076923076923075
hiba,62,0.05,2,96,0.9479166666666666,1.0,5.291666666666667
hiba,62,0.05,3,52,0.9807692307692307,1.0,4.288461538461538
hiba,62,0.05,4,1,1.0,1.0,7.0
hiba,62,0.1,1,13,0.8461538461538461,0.9230769230769231,3.0
hiba,62,0.1,2,96,0.90625,0.96875,3.65625
hiba,62,0.1,3,52,0.9807692307692307,0.9038461538461539,3.3846153846153846
hiba,62,0.1,4,1,1.0,1.0,7.0
hiba,62,0.15,1,13,0.7692307692307693,0.9230769230769231,2.769230769230769
hiba,62,0.15,2,96,0.8854166666666666,0.9270833333333334,3.0
hiba,62,0.15,3,52,0.9807692307692307,0.7692307692307693,2.6923076923076925
hiba,62,0.15,4,1,0.0,1.0,6.0
pad,62,0.05,1,2,1.0,1.0,4.5
pad,62,0.05,2,8,1.0,1.0,4.0
pad,62,0.05,3,3,1.0,1.0,4.333333333333333
pad,62,0.05,4,2,1.0,1.0,6.0
pad,62,0.1,1,2,1.0,1.0,4.5
pad,62,0.1,2,8,1.0,0.875,3.5
pad,62,0.1,3,3,1.0,1.0,4.333333333333333
pad,62,0.1,4,2,1.0,1.0,4.0
pad,62,0.15,1,2,1.0,1.0,4.0
pad,62,0.15,2,8,1.0,0.875,3.25
pad,62,0.15,3,3,1.0,1.0,3.6666666666666665
pad,62,0.15,4,2,1.0,1.0,2.5
hiba,63,0.05,1,10,0.9,1.0,5.0
hiba,63,0.05,2,117,0.9914529914529915,1.0,5.811965811965812
hiba,63,0.05,3,56,0.9821428571428571,1.0,5.5
hiba,63,0.05,4,22,1.0,1.0,7.636363636363637
hiba,63,0.1,1,10,0.9,1.0,3.5
hiba,63,0.1,2,117,0.9572649572649573,0.9743589743589743,3.923076923076923
hiba,63,0.1,3,56,0.9642857142857143,0.9285714285714286,3.5714285714285716
hiba,63,0.1,4,22,1.0,1.0,6.454545454545454
hiba,63,0.15,1,10,0.9,0.8,2.7
hiba,63,0.15,2,117,0.8632478632478633,0.8888888888888888,2.8461538461538463
hiba,63,0.15,3,56,0.9464285714285714,0.6071428571428571,2.1607142857142856
hiba,63,0.15,4,22,1.0,1.0,5.681818181818182
pad,63,0.05,1,1,1.0,1.0,5.0
pad,63,0.05,2,11,0.9090909090909091,1.0,3.4545454545454546
pad,63,0.05,3,4,1.0,1.0,2.75
pad,63,0.05,4,2,1.0,1.0,6.0
pad,63,0.1,1,1,1.0,1.0,5.0
pad,63,0.1,2,11,0.9090909090909091,0.8181818181818182,3.0
pad,63,0.1,3,4,1.0,1.0,2.75
pad,63,0.1,4,2,1.0,1.0,2.5
pad,63,0.15,1,1,1.0,1.0,5.0
pad,63,0.15,2,11,0.9090909090909091,0.8181818181818182,2.8181818181818183
pad,63,0.15,3,4,1.0,1.0,2.25
pad,63,0.15,4,2,1.0,1.0,2.5
hiba,64,0.05,1,13,1.0,1.0,5.538461538461538
hiba,64,0.05,2,99,0.9494949494949495,1.0,5.616161616161616
hiba,64,0.05,3,13,1.0,1.0,3.923076923076923
hiba,64,0.1,1,13,1.0,1.0,4.230769230769231
hiba,64,0.1,2,99,0.898989898989899,0.9797979797979798,3.5353535353535355
hiba,64,0.1,3,13,1.0,0.9230769230769231,3.1538461538461537
hiba,64,0.15,1,13,0.9230769230769231,1.0,3.5384615384615383
hiba,64,0.15,2,99,0.8686868686868687,0.8585858585858586,2.909090909090909
hiba,64,0.15,3,13,0.9230769230769231,0.7692307692307693,2.769230769230769
pad,64,0.05,1,4,0.75,1.0,5.0
pad,64,0.05,2,9,0.8888888888888888,0.8888888888888888,2.888888888888889
pad,64,0.05,3,2,1.0,1.0,4.0
pad,64,0.05,4,1,1.0,1.0,5.0
pad,64,0.05,6,1,1.0,1.0,6.0
pad,64,0.1,1,4,0.5,1.0,3.5
pad,64,0.1,2,9,0.8888888888888888,0.8888888888888888,2.6666666666666665
pad,64,0.1,3,2,1.0,1.0,4.0
pad,64,0.1,4,1,1.0,1.0,5.0
pad,64,0.1,6,1,1.0,1.0,6.0
pad,64,0.15,1,4,0.5,1.0,3.25
pad,64,0.15,2,9,0.7777777777777778,0.8888888888888888,2.5555555555555554
pad,64,0.15,3,2,1.0,1.0,4.0
pad,64,0.15,4,1,1.0,1.0,2.0
pad,64,0.15,6,1,1.0,1.0,6.0
hiba,65,0.05,1,3,1.0,1.0,5.0
hiba,65,0.05,2,128,0.9921875,1.0,6.1171875
hiba,65,0.05,3,72,1.0,1.0,5.611111111111111
hiba,65,0.1,1,3,1.0,1.0,3.6666666666666665
hiba,65,0.1,2,128,0.9453125,0.9921875,4.3515625
hiba,65,0.1,3,72,1.0,0.9722222222222222,3.7083333333333335
hiba,65,0.15,1,3,1.0,1.0,3.6666666666666665
hiba,65,0.15,2,128,0.9296875,0.9453125,3.53125
hiba,65,0.15,3,72,1.0,0.75,2.861111111111111
pad,65,0.05,1,2,1.0,1.0,4.0
pad,65,0.05,2,7,1.0,1.0,4.285714285714286
pad,65,0.05,3,4,1.0,1.0,3.25
pad,65,0.05,4,3,1.0,1.0,6.0
pad,65,0.05,6,1,1.0,1.0,6.0
pad,65,0.1,1,2,0.5,1.0,3.5
pad,65,0.1,2,7,1.0,1.0,4.142857142857143
pad,65,0.1,3,4,0.75,1.0,2.75
pad,65,0.1,4,3,1.0,1.0,5.0
pad,65,0.1,6,1,1.0,1.0,6.0
pad,65,0.15,1,2,0.5,1.0,3.0
pad,65,0.15,2,7,0.8571428571428571,1.0,3.0
pad,65,0.15,3,4,0.75,1.0,2.25
pad,65,0.15,4,3,1.0,1.0,3.6666666666666665
pad,65,0.15,6,1,1.0,1.0,6.0
hiba,66,0.05,1,11,0.9090909090909091,1.0,5.363636363636363
hiba,66,0.05,2,91,0.989010989010989,1.0,6.010989010989011
hiba,66,0.05,3,87,1.0,1.0,4.35632183908046
hiba,66,0.05,4,1,1.0,1.0,7.0
hiba,66,0.1,1,11,0.9090909090909091,1.0,3.727272727272727
hiba,66,0.1,2,91,0.8681318681318682,0.978021978021978,3.934065934065934
hiba,66,0.1,3,87,1.0,0.896551724137931,2.942528735632184
hiba,66,0.1,4,1,1.0,1.0,7.0
hiba,66,0.15,1,11,0.9090909090909091,1.0,3.090909090909091
hiba,66,0.15,2,91,0.8131868131868132,0.9010989010989011,3.131868131868132
hiba,66,0.15,3,87,1.0,0.6206896551724138,2.103448275862069
hiba,66,0.15,4,1,0.0,1.0,6.0
pad,66,0.05,1,1,0.0,1.0,4.0
pad,66,0.05,2,6,0.8333333333333334,0.8333333333333334,3.0
pad,66,0.05,3,5,0.8,1.0,3.2
pad,66,0.05,4,2,1.0,1.0,6.0
pad,66,0.1,1,1,0.0,1.0,4.0
pad,66,0.1,2,6,0.8333333333333334,0.8333333333333334,3.0
pad,66,0.1,3,5,0.8,1.0,2.8
pad,66,0.1,4,2,1.0,1.0,4.0
pad,66,0.15,1,1,0.0,1.0,4.0
pad,66,0.15,2,6,0.5,0.8333333333333334,2.3333333333333335
pad,66,0.15,3,5,0.8,1.0,2.8
pad,66,0.15,4,2,1.0,1.0,4.0
hiba,67,0.05,1,12,0.9166666666666666,1.0,5.333333333333333
hiba,67,0.05,2,77,0.961038961038961,1.0,5.337662337662338
hiba,67,0.05,3,11,0.9090909090909091,1.0,5.818181818181818
hiba,67,0.05,4,1,1.0,1.0,7.0
hiba,67,0.1,1,12,0.8333333333333334,1.0,3.3333333333333335
hiba,67,0.1,2,77,0.9090909090909091,0.987012987012987,3.7142857142857144
hiba,67,0.1,3,11,0.8181818181818182,0.8181818181818182,3.6363636363636362
hiba,67,0.1,4,1,1.0,1.0,7.0
hiba,67,0.15,1,12,0.8333333333333334,1.0,3.1666666666666665
hiba,67,0.15,2,77,0.8311688311688312,0.9090909090909091,2.8051948051948052
hiba,67,0.15,3,11,0.7272727272727273,0.8181818181818182,3.090909090909091
hiba,67,0.15,4,1,1.0,1.0,5.0
pad,67,0.05,1,1,1.0,1.0,6.0
pad,67,0.05,2,14,1.0,1.0,5.928571428571429
pad,67,0.05,3,10,1.0,1.0,6.0
pad,67,0.05,4,3,1.0,1.0,8.0
pad,67,0.1,1,1,1.0,1.0,4.0
pad,67,0.1,2,14,1.0,1.0,3.2142857142857144
pad,67,0.1,3,10,1.0,1.0,3.5
pad,67,0.1,4,3,1.0,1.0,6.0
pad,67,0.15,1,1,1.0,1.0,4.0
pad,67,0.15,2,14,1.0,1.0,2.9285714285714284
pad,67,0.15,3,10,1.0,1.0,3.4
pad,67,0.15,4,3,1.0,1.0,4.333333333333333
hiba,68,0.05,1,9,0.8888888888888888,1.0,4.888888888888889
hiba,68,0.05,2,78,0.9487179487179487,1.0,5.8076923076923075
hiba,68,0.05,3,51,1.0,1.0,5.196078431372549
hiba,68,0.05,4,22,1.0,1.0,7.409090909090909
hiba,68,0.1,1,9,0.8888888888888888,1.0,3.5555555555555554
hiba,68,0.1,2,78,0.9230769230769231,0.9743589743589743,3.9743589743589745
hiba,68,0.1,3,51,1.0,0.8823529411764706,3.3529411764705883
hiba,68,0.1,4,22,1.0,1.0,6.363636363636363
hiba,68,0.15,1,9,0.8888888888888888,1.0,3.2222222222222223
hiba,68,0.15,2,78,0.8717948717948718,0.9487179487179487,3.141025641025641
hiba,68,0.15,3,51,0.9803921568627451,0.7254901960784313,2.588235294117647
hiba,68,0.15,4,22,1.0,1.0,6.045454545454546
pad,68,0.05,1,2,1.0,1.0,5.0
pad,68,0.05,2,5,1.0,1.0,4.2
pad,68,0.05,3,4,1.0,1.0,3.5
pad,68,0.05,4,3,1.0,1.0,6.0
pad,68,0.1,1,2,0.5,1.0,4.5
pad,68,0.1,2,5,1.0,1.0,3.8
pad,68,0.1,3,4,0.75,1.0,3.25
pad,68,0.1,4,3,1.0,1.0,3.6666666666666665
pad,68,0.15,1,2,0.5,1.0,4.0
pad,68,0.15,2,5,0.8,1.0,3.4
pad,68,0.15,3,4,0.75,1.0,2.75
pad,68,0.15,4,3,1.0,1.0,3.6666666666666665
hiba,69,0.05,1,19,0.9473684210526315,1.0,5.105263157894737
hiba,69,0.05,2,113,0.9823008849557522,1.0,5.902654867256637
hiba,69,0.05,3,88,1.0,1.0,5.681818181818182
hiba,69,0.05,4,1,1.0,1.0,7.0
hiba,69,0.1,1,19,0.9473684210526315,1.0,3.5789473684210527
hiba,69,0.1,2,113,0.9823008849557522,0.9911504424778761,4.292035398230088
hiba,69,0.1,3,88,0.9886363636363636,1.0,3.8636363636363638
hiba,69,0.1,4,1,1.0,1.0,6.0
hiba,69,0.15,1,19,0.8947368421052632,0.8947368421052632,2.8947368421052633
hiba,69,0.15,2,113,0.9557522123893806,0.9292035398230089,3.15929203539823
hiba,69,0.15,3,88,0.9772727272727273,0.8295454545454546,2.875
hiba,69,0.15,4,1,1.0,1.0,6.0
pad,69,0.05,1,2,1.0,1.0,3.0
pad,69,0.05,2,10,0.9,1.0,4.0
pad,69,0.05,3,6,1.0,1.0,3.3333333333333335
pad,69,0.05,4,3,1.0,1.0,6.0
pad,69,0.05,6,1,1.0,1.0,6.0
pad,69,0.1,1,2,1.0,1.0,2.5
pad,69,0.1,2,10,0.9,1.0,3.3
pad,69,0.1,3,6,1.0,1.0,3.0
pad,69,0.1,4,3,1.0,1.0,3.0
pad,69,0.1,6,1,1.0,1.0,6.0
pad,69,0.15,1,2,0.5,1.0,2.0
pad,69,0.15,2,10,0.8,1.0,2.9
pad,69,0.15,3,6,1.0,0.6666666666666666,2.5
pad,69,0.15,4,3,1.0,1.0,3.0
pad,69,0.15,6,1,1.0,1.0,6.0
hiba,70,0.05,1,15,0.9333333333333333,1.0,5.266666666666667
hiba,70,0.05,2,100,0.98,1.0,5.83
hiba,70,0.05,3,107,1.0,1.0,4.4392523364485985
hiba,70,0.05,4,1,1.0,1.0,7.0
hiba,70,0.1,1,15,0.8666666666666667,1.0,3.8666666666666667
hiba,70,0.1,2,100,0.93,0.94,3.68
hiba,70,0.1,3,107,1.0,0.9065420560747663,3.205607476635514
hiba,70,0.1,4,1,1.0,1.0,7.0
hiba,70,0.15,1,15,0.8666666666666667,1.0,3.3333333333333335
hiba,70,0.15,2,100,0.87,0.9,2.91
hiba,70,0.15,3,107,1.0,0.616822429906542,2.1869158878504673
hiba,70,0.15,4,1,0.0,1.0,6.0
pad,70,0.05,1,4,1.0,1.0,3.5
pad,70,0.05,2,8,0.875,1.0,3.5
pad,70,0.05,3,3,1.0,1.0,4.0
pad,70,0.05,4,4,1.0,1.0,6.0
pad,70,0.05,6,1,1.0,1.0,6.0
pad,70,0.1,1,4,1.0,1.0,3.25
pad,70,0.1,2,8,0.875,0.875,3.0
pad,70,0.1,3,3,1.0,1.0,3.6666666666666665
pad,70,0.1,4,4,1.0,1.0,4.5
pad,70,0.1,6,1,1.0,1.0,6.0
pad,70,0.15,1,4,0.75,1.0,2.25
pad,70,0.15,2,8,0.625,0.875,2.625
pad,70,0.15,3,3,1.0,1.0,3.6666666666666665
pad,70,0.15,4,4,1.0,1.0,4.5
pad,70,0.15,6,1,1.0,1.0,6.0
hiba,71,0.05,1,4,1.0,1.0,6.0
hiba,71,0.05,2,123,0.983739837398374,1.0,5.788617886178862
hiba,71,0.05,3,114,1.0,1.0,4.587719298245614
hiba,71,0.1,1,4,1.0,1.0,5.0
hiba,71,0.1,2,123,0.983739837398374,1.0,4.317073170731708
hiba,71,0.1,3,114,1.0,1.0,3.4035087719298245
hiba,71,0.15,1,4,1.0,1.0,4.75
hiba,71,0.15,2,123,0.967479674796748,0.9024390243902439,3.154471544715447
hiba,71,0.15,3,114,1.0,0.7543859649122807,2.43859649122807
pad,71,0.05,1,1,1.0,1.0,5.0
pad,71,0.05,2,11,1.0,1.0,4.090909090909091
pad,71,0.05,3,6,1.0,1.0,3.1666666666666665
pad,71,0.05,4,3,1.0,1.0,6.0
pad,71,0.1,1,1,0.0,1.0,4.0
pad,71,0.1,2,11,1.0,1.0,3.090909090909091
pad,71,0.1,3,6,1.0,1.0,2.8333333333333335
pad,71,0.1,4,3,1.0,1.0,3.3333333333333335
pad,71,0.15,1,1,0.0,1.0,4.0
pad,71,0.15,2,11,1.0,1.0,3.0
pad,71,0.15,3,6,1.0,1.0,2.8333333333333335
pad,71,0.15,4,3,1.0,1.0,3.3333333333333335
hiba,72,0.05,1,14,1.0,1.0,5.357142857142857
hiba,72,0.05,2,72,0.9861111111111112,1.0,5.694444444444445
hiba,72,0.05,3,69,1.0,1.0,5.565217391304348
hiba,72,0.05,4,1,1.0,1.0,8.0
hiba,72,0.1,1,14,1.0,1.0,4.071428571428571
hiba,72,0.1,2,72,0.9722222222222222,1.0,3.875
hiba,72,0.1,3,69,1.0,0.9855072463768116,3.8260869565217392
hiba,72,0.1,4,1,1.0,1.0,7.0
hiba,72,0.15,1,14,1.0,1.0,3.5714285714285716
hiba,72,0.15,2,72,0.9166666666666666,0.8472222222222222,2.8194444444444446
hiba,72,0.15,3,69,1.0,0.7536231884057971,2.782608695652174
hiba,72,0.15,4,1,1.0,1.0,7.0
pad,72,0.05,1,1,1.0,1.0,5.0
pad,72,0.05,2,8,1.0,1.0,3.375
pad,72,0.05,3,7,1.0,1.0,3.7142857142857144
pad,72,0.05,4,3,1.0,1.0,6.0
pad,72,0.1,1,1,1.0,1.0,5.0
pad,72,0.1,2,8,1.0,0.875,3.25
pad,72,0.1,3,7,1.0,1.0,3.5714285714285716
pad,72,0.1,4,3,1.0,1.0,5.0
pad,72,0.15,1,1,1.0,1.0,3.0
pad,72,0.15,2,8,1.0,0.875,3.0
pad,72,0.15,3,7,1.0,1.0,3.4285714285714284
pad,72,0.15,4,3,1.0,1.0,4.333333333333333
hiba,73,0.05,1,5,1.0,1.0,5.2
hiba,73,0.05,2,86,1.0,1.0,5.941860465116279
hiba,73,0.05,3,96,1.0,1.0,5.479166666666667
hiba,73,0.05,4,1,1.0,1.0,7.0
hiba,73,0.1,1,5,1.0,1.0,3.8
hiba,73,0.1,2,86,0.9534883720930233,1.0,4.116279069767442
hiba,73,0.1,3,96,0.9895833333333334,0.9895833333333334,3.84375
hiba,73,0.1,4,1,1.0,1.0,6.0
hiba,73,0.15,1,5,1.0,0.8,3.2
hiba,73,0.15,2,86,0.9069767441860465,0.9302325581395349,2.988372093023256
hiba,73,0.15,3,96,0.9895833333333334,0.8125,2.6875
hiba,73,0.15,4,1,1.0,1.0,6.0
pad,73,0.05,1,3,1.0,1.0,4.666666666666667
pad,73,0.05,2,10,1.0,1.0,3.8
pad,73,0.05,3,6,1.0,1.0,3.8333333333333335
pad,73,0.05,4,3,1.0,1.0,6.0
pad,73,0.05,6,1,1.0,1.0,6.0
pad,73,0.1,1,3,0.3333333333333333,1.0,3.6666666666666665
pad,73,0.1,2,10,1.0,1.0,3.0
pad,73,0.1,3,6,0.8333333333333334,1.0,3.1666666666666665
pad,73,0.1,4,3,1.0,1.0,3.6666666666666665
pad,73,0.1,6,1,1.0,1.0,6.0
pad,73,0.15,1,3,0.3333333333333333,0.6666666666666666,1.3333333333333333
pad,73,0.15,2,10,1.0,1.0,2.9
pad,73,0.15,3,6,0.8333333333333334,1.0,3.0
pad,73,0.15,4,3,1.0,1.0,3.6666666666666665
pad,73,0.15,6,1,1.0,1.0,6.0
hiba,74,0.05,1,7,1.0,1.0,5.285714285714286
hiba,74,0.05,2,111,0.9819819819819819,1.0,6.081081081081081
hiba,74,0.05,3,65,1.0,1.0,5.553846153846154
hiba,74,0.1,1,7,1.0,1.0,4.142857142857143
hiba,74,0.1,2,111,0.972972972972973,0.990990990990991,3.945945945945946
hiba,74,0.1,3,65,1.0,0.9692307692307692,3.7384615384615385
hiba,74,0.15,1,7,0.8571428571428571,1.0,3.142857142857143
hiba,74,0.15,2,111,0.918918918918919,0.9369369369369369,3.027027027027027
hiba,74,0.15,3,65,1.0,0.7230769230769231,2.5846153846153848
pad,74,0.05,1,2,1.0,1.0,4.5
pad,74,0.05,2,8,1.0,1.0,4.0
pad,74,0.05,3,7,1.0,1.0,4.0
pad,74,0.05,4,3,1.0,1.0,6.0
pad,74,0.1,1,2,1.0,1.0,4.5
pad,74,0.1,2,8,1.0,1.0,3.875
pad,74,0.1,3,7,1.0,1.0,3.7142857142857144
pad,74,0.1,4,3,1.0,1.0,5.0
pad,74,0.15,1,2,1.0,1.0,4.0
pad,74,0.15,2,8,1.0,1.0,3.5
pad,74,0.15,3,7,1.0,1.0,3.4285714285714284
pad,74,0.15,4,3,1.0,1.0,4.666666666666667
hiba,75,0.05,1,8,1.0,1.0,5.125
hiba,75,0.05,2,99,0.9797979797979798,1.0,5.8686868686868685
hiba,75,0.05,3,58,0.9827586206896551,1.0,5.724137931034483
hiba,75,0.05,4,1,1.0,1.0,7.0
hiba,75,0.1,1,8,1.0,0.875,3.125
hiba,75,0.1,2,99,0.8888888888888888,0.9595959595959596,3.6161616161616164
hiba,75,0.1,3,58,0.9655172413793104,0.9310344827586207,3.603448275862069
hiba,75,0.1,4,1,1.0,1.0,6.0
hiba,75,0.15,1,8,1.0,0.875,2.875
hiba,75,0.15,2,99,0.8484848484848485,0.8484848484848485,2.898989898989899
hiba,75,0.15,3,58,0.9137931034482759,0.7758620689655172,2.7241379310344827
hiba,75,0.15,4,1,1.0,1.0,6.0
pad,75,0.05,1,4,1.0,1.0,3.75
pad,75,0.05,2,5,1.0,1.0,3.6
pad,75,0.05,3,12,1.0,1.0,3.4166666666666665
pad,75,0.05,4,2,1.0,1.0,6.0
pad,75,0.05,6,1,1.0,1.0,6.0
pad,75,0.1,1,4,0.75,1.0,3.5
pad,75,0.1,2,5,1.0,0.8,2.6
pad,75,0.1,3,12,1.0,1.0,3.0
pad,75,0.1,4,2,1.0,1.0,4.5
pad,75,0.1,6,1,1.0,1.0,6.0
pad,75,0.15,1,4,0.75,0.75,2.0
pad,75,0.15,2,5,1.0,0.8,2.4
pad,75,0.15,3,12,1.0,1.0,2.9166666666666665
pad,75,0.15,4,2,1.0,1.0,4.5
pad,75,0.15,6,1,1.0,1.0,6.0
hiba,76,0.05,1,18,1.0,1.0,6.111111111111111
hiba,76,0.05,2,92,1.0,1.0,6.25
hiba,76,0.05,3,44,1.0,1.0,6.0227272727272725
hiba,76,0.05,4,1,1.0,1.0,8.0
hiba,76,0.1,1,18,1.0,0.9444444444444444,3.611111111111111
hiba,76,0.1,2,92,0.9565217391304348,0.9891304347826086,4.032608695652174
hiba,76,0.1,3,44,1.0,0.9772727272727273,3.7954545454545454
hiba,76,0.1,4,1,1.0,1.0,7.0
hiba,76,0.15,1,18,1.0,0.8888888888888888,3.2222222222222223
hiba,76,0.15,2,92,0.9347826086956522,0.8478260869565217,2.9456521739130435
hiba,76,0.15,3,44,1.0,0.7727272727272727,2.8863636363636362
hiba,76,0.15,4,1,1.0,1.0,7.0
pad,76,0.05,1,1,1.0,1.0,2.0
pad,76,0.05,2,12,0.9166666666666666,0.9166666666666666,3.6666666666666665
pad,76,0.05,3,4,1.0,1.0,3.25
pad,76,0.05,6,1,1.0,1.0,6.0
pad,76,0.1,1,1,1.0,1.0,2.0
pad,76,0.1,2,12,0.9166666666666666,0.9166666666666666,3.0833333333333335
pad,76,0.1,3,4,1.0,1.0,3.0
pad,76,0.1,6,1,1.0,1.0,6.0
pad,76,0.15,1,1,1.0,1.0,2.0
pad,76,0.15,2,12,0.9166666666666666,0.9166666666666666,2.75
pad,76,0.15,3,4,1.0,1.0,2.75
pad,76,0.15,6,1,1.0,1.0,6.0
hiba,77,0.05,1,18,1.0,1.0,5.055555555555555
hiba,77,0.05,2,121,0.9917355371900827,1.0,5.801652892561983
hiba,77,0.05,3,60,0.9833333333333333,1.0,5.533333333333333
hiba,77,0.05,4,3,1.0,1.0,7.333333333333333
hiba,77,0.1,1,18,1.0,1.0,3.5555555555555554
hiba,77,0.1,2,121,0.9256198347107438,0.9256198347107438,3.5289256198347108
hiba,77,0.1,3,60,0.9666666666666667,0.9,3.45
hiba,77,0.1,4,3,1.0,1.0,6.666666666666667
hiba,77,0.15,1,18,0.9444444444444444,0.8888888888888888,2.5555555555555554
hiba,77,0.15,2,121,0.8760330578512396,0.8925619834710744,2.768595041322314
hiba,77,0.15,3,60,0.9333333333333333,0.75,2.6166666666666667
hiba,77,0.15,4,3,0.6666666666666666,1.0,5.666666666666667
pad,77,0.05,1,2,1.0,1.0,6.5
pad,77,0.05,2,17,1.0,1.0,6.235294117647059
pad,77,0.05,3,8,1.0,1.0,5.75
pad,77,0.05,4,1,1.0,1.0,8.0
pad,77,0.1,1,2,1.0,1.0,4.0
pad,77,0.1,2,17,0.9411764705882353,0.9411764705882353,3.3529411764705883
pad,77,0.1,3,8,1.0,1.0,3.25
pad,77,0.1,4,1,1.0,1.0,5.0
pad,77,0.15,1,2,1.0,1.0,4.0
pad,77,0.15,2,17,0.9411764705882353,0.8823529411764706,3.0
pad,77,0.15,3,8,0.875,1.0,2.625
pad,77,0.15,4,1,1.0,1.0,5.0
hiba,78,0.05,1,18,1.0,1.0,5.722222222222222
hiba,78,0.05,2,93,0.967741935483871,1.0,6.494623655913978
hiba,78,0.05,3,119,1.0,1.0,5.647058823529412
hiba,78,0.1,1,18,1.0,1.0,4.444444444444445
hiba,78,0.1,2,93,0.9247311827956989,0.978494623655914,3.967741935483871
hiba,78,0.1,3,119,0.9915966386554622,0.907563025210084,2.8907563025210083
hiba,78,0.15,1,18,1.0,0.9444444444444444,3.6666666666666665
hiba,78,0.15,2,93,0.9139784946236559,0.9139784946236559,3.4516129032258065
hiba,78,0.15,3,119,0.9831932773109243,0.7563025210084033,2.3445378151260505
pad,78,0.05,2,5,0.8,1.0,3.8
pad,78,0.05,3,2,1.0,1.0,5.0
pad,78,0.05,4,2,1.0,1.0,6.0
pad,78,0.1,2,5,0.8,0.8,2.8
pad,78,0.1,3,2,1.0,1.0,3.0
pad,78,0.1,4,2,1.0,1.0,4.0
pad,78,0.15,2,5,0.8,0.8,2.2
pad,78,0.15,3,2,1.0,1.0,3.0
pad,78,0.15,4,2,1.0,1.0,4.0
hiba,79,0.05,1,5,0.8,1.0,4.8
hiba,79,0.05,2,116,0.9396551724137931,1.0,5.4655172413793105
hiba,79,0.05,3,78,1.0,1.0,3.9743589743589745
hiba,79,0.05,4,2,1.0,1.0,6.5
hiba,79,0.1,1,5,0.8,1.0,4.6
hiba,79,0.1,2,116,0.8793103448275862,0.9827586206896551,3.7672413793103448
hiba,79,0.1,3,78,1.0,0.8717948717948718,2.769230769230769
hiba,79,0.1,4,2,0.5,1.0,6.0
hiba,79,0.15,1,5,0.6,1.0,3.6
hiba,79,0.15,2,116,0.8620689655172413,0.9568965517241379,3.060344827586207
hiba,79,0.15,3,78,0.9743589743589743,0.6410256410256411,2.3076923076923075
hiba,79,0.15,4,2,0.5,1.0,6.0
pad,79,0.05,1,3,1.0,1.0,2.3333333333333335
pad,79,0.05,2,6,0.8333333333333334,0.8333333333333334,2.8333333333333335
pad,79,0.05,3,4,1.0,1.0,2.75
pad,79,0.05,4,1,1.0,1.0,6.0
pad,79,0.05,6,1,1.0,1.0,6.0
pad,79,0.1,1,3,1.0,0.6666666666666666,2.0
pad,79,0.1,2,6,0.8333333333333334,0.8333333333333334,2.1666666666666665
pad,79,0.1,3,4,0.75,1.0,2.5
pad,79,0.1,4,1,1.0,1.0,3.0
pad,79,0.1,6,1,1.0,1.0,6.0
pad,79,0.15,1,3,1.0,0.6666666666666666,1.6666666666666667
pad,79,0.15,2,6,0.8333333333333334,0.8333333333333334,2.0
pad,79,0.15,3,4,0.75,1.0,2.0
pad,79,0.15,4,1,1.0,1.0,3.0
pad,79,0.15,6,1,1.0,1.0,6.0
hiba,80,0.05,1,18,0.9444444444444444,1.0,4.777777777777778
hiba,80,0.05,2,143,0.965034965034965,1.0,5.874125874125874
hiba,80,0.05,3,62,1.0,1.0,5.274193548387097
hiba,80,0.05,4,23,1.0,1.0,7.260869565217392
hiba,80,0.1,1,18,0.9444444444444444,0.9444444444444444,3.3333333333333335
hiba,80,0.1,2,143,0.9440559440559441,0.993006993006993,3.979020979020979
hiba,80,0.1,3,62,1.0,0.9354838709677419,3.2903225806451615
hiba,80,0.1,4,23,1.0,1.0,6.391304347826087
hiba,80,0.15,1,18,0.9444444444444444,0.8888888888888888,2.8333333333333335
hiba,80,0.15,2,143,0.916083916083916,0.958041958041958,3.3146853146853146
hiba,80,0.15,3,62,0.9838709677419355,0.7096774193548387,2.5483870967741935
hiba,80,0.15,4,23,1.0,1.0,6.043478260869565
pad,80,0.05,1,2,1.0,1.0,3.5
pad,80,0.05,2,12,1.0,1.0,3.6666666666666665
pad,80,0.05,3,3,1.0,1.0,4.0
pad,80,0.05,4,2,1.0,1.0,6.0
pad,80,0.1,1,2,0.5,1.0,3.0
pad,80,0.1,2,12,1.0,0.8333333333333334,2.9166666666666665
pad,80,0.1,3,3,1.0,1.0,3.6666666666666665
pad,80,0.1,4,2,1.0,1.0,4.0
pad,80,0.15,1,2,0.5,1.0,3.0
pad,80,0.15,2,12,1.0,0.8333333333333334,2.9166666666666665
pad,80,0.15,3,3,1.0,1.0,3.6666666666666665
pad,80,0.15,4,2,1.0,1.0,2.0
hiba,81,0.05,1,13,1.0,1.0,5.461538461538462
hiba,81,0.05,2,122,0.9180327868852459,1.0,4.926229508196721
hiba,81,0.05,3,72,1.0,1.0,5.013888888888889
hiba,81,0.05,4,21,1.0,1.0,7.142857142857143
hiba,81,0.1,1,13,0.9230769230769231,1.0,4.230769230769231
hiba,81,0.1,2,122,0.8688524590163934,0.9262295081967213,3.2540983606557377
hiba,81,0.1,3,72,1.0,0.9444444444444444,3.25
hiba,81,0.1,4,21,1.0,1.0,6.238095238095238
hiba,81,0.15,1,13,0.9230769230769231,1.0,3.923076923076923
hiba,81,0.15,2,122,0.8360655737704918,0.8360655737704918,2.6065573770491803
hiba,81,0.15,3,72,0.9861111111111112,0.5416666666666666,2.0833333333333335
hiba,81,0.15,4,21,1.0,1.0,5.571428571428571
pad,81,0.05,1,1,1.0,1.0,2.0
pad,81,0.05,2,8,0.875,1.0,3.625
pad,81,0.05,3,8,1.0,1.0,2.875
pad,81,0.05,6,1,1.0,1.0,6.0
pad,81,0.1,1,1,1.0,1.0,2.0
pad,81,0.1,2,8,0.875,1.0,2.875
pad,81,0.1,3,8,1.0,1.0,2.75
pad,81,0.1,6,1,1.0,1.0,6.0
pad,81,0.15,1,1,1.0,1.0,2.0
pad,81,0.15,2,8,0.875,1.0,2.5
pad,81,0.15,3,8,1.0,0.75,2.25
pad,81,0.15,6,1,1.0,1.0,6.0
hiba,82,0.05,1,16,0.9375,1.0,5.25
hiba,82,0.05,2,106,0.9716981132075472,1.0,5.943396226415095
hiba,82,0.05,3,51,1.0,1.0,4.549019607843137
hiba,82,0.05,4,1,1.0,1.0,7.0
hiba,82,0.1,1,16,0.875,0.9375,3.125
hiba,82,0.1,2,106,0.9433962264150944,0.9905660377358491,3.8962264150943398
hiba,82,0.1,3,51,0.9803921568627451,0.8823529411764706,3.2745098039215685
hiba,82,0.1,4,1,1.0,1.0,6.0
hiba,82,0.15,1,16,0.8125,0.9375,2.9375
hiba,82,0.15,2,106,0.9245283018867925,0.9339622641509434,3.188679245283019
hiba,82,0.15,3,51,0.9607843137254902,0.7254901960784313,2.5294117647058822
hiba,82,0.15,4,1,1.0,1.0,6.0
pad,82,0.05,1,1,1.0,1.0,4.0
pad,82,0.05,2,11,1.0,1.0,4.0
pad,82,0.05,3,7,1.0,1.0,3.142857142857143
pad,82,0.05,4,1,1.0,1.0,6.0
pad,82,0.1,1,1,1.0,1.0,4.0
pad,82,0.1,2,11,1.0,1.0,3.4545454545454546
pad,82,0.1,3,7,1.0,1.0,3.142857142857143
pad,82,0.1,4,1,1.0,1.0,5.0
pad,82,0.15,1,1,1.0,1.0,3.0
pad,82,0.15,2,11,1.0,0.9090909090909091,2.909090909090909
pad,82,0.15,3,7,1.0,0.7142857142857143,2.5714285714285716
pad,82,0.15,4,1,1.0,1.0,4.0
hiba,83,0.05,1,10,1.0,1.0,4.5
hiba,83,0.05,2,97,0.9896907216494846,1.0,5.546391752577319
hiba,83,0.05,3,22,1.0,1.0,5.954545454545454
hiba,83,0.05,4,23,1.0,1.0,7.608695652173913
hiba,83,0.1,1,10,1.0,0.9,3.0
hiba,83,0.1,2,97,0.9484536082474226,0.9381443298969072,3.463917525773196
hiba,83,0.1,3,22,0.9545454545454546,1.0,3.8181818181818183
hiba,83,0.1,4,23,1.0,1.0,6.391304347826087
hiba,83,0.15,1,10,0.9,0.9,2.6
hiba,83,0.15,2,97,0.9381443298969072,0.8350515463917526,2.845360824742268
hiba,83,0.15,3,22,0.8636363636363636,0.9545454545454546,3.0454545454545454
hiba,83,0.15,4,23,0.9565217391304348,1.0,5.956521739130435
pad,83,0.05,1,3,0.6666666666666666,1.0,3.6666666666666665
pad,83,0.05,2,9,0.8888888888888888,0.8888888888888888,2.6666666666666665
pad,83,0.05,3,6,0.8333333333333334,1.0,2.6666666666666665
pad,83,0.05,4,3,1.0,1.0,5.333333333333333
pad,83,0.1,1,3,0.6666666666666666,1.0,3.6666666666666665
pad,83,0.1,2,9,0.5555555555555556,0.8888888888888888,2.3333333333333335
pad,83,0.1,3,6,0.8333333333333334,1.0,2.5
pad,83,0.1,4,3,1.0,1.0,3.3333333333333335
pad,83,0.15,1,3,0.6666666666666666,1.0,3.6666666666666665
pad,83,0.15,2,9,0.5555555555555556,0.8888888888888888,2.2222222222222223
pad,83,0.15,3,6,0.8333333333333334,1.0,2.3333333333333335
pad,83,0.15,4,3,1.0,1.0,3.3333333333333335
hiba,84,0.05,1,4,1.0,1.0,6.0
hiba,84,0.05,2,148,0.9527027027027027,1.0,5.074324324324325
hiba,84,0.05,3,37,1.0,1.0,4.675675675675675
hiba,84,0.05,4,2,1.0,1.0,7.0
hiba,84,0.1,1,4,1.0,1.0,5.0
hiba,84,0.1,2,148,0.8918918918918919,0.9391891891891891,3.5405405405405403
hiba,84,0.1,3,37,0.972972972972973,0.8918918918918919,3.72972972972973
hiba,84,0.1,4,2,1.0,1.0,6.5
hiba,84,0.15,1,4,1.0,1.0,5.0
hiba,84,0.15,2,148,0.8513513513513513,0.8581081081081081,2.8445945945945947
hiba,84,0.15,3,37,0.8918918918918919,0.7837837837837838,2.6486486486486487
hiba,84,0.15,4,2,1.0,1.0,5.5
pad,84,0.05,1,3,1.0,1.0,4.333333333333333
pad,84,0.05,2,11,1.0,1.0,3.5454545454545454
pad,84,0.05,3,4,1.0,1.0,2.75
pad,84,0.05,4,2,1.0,1.0,6.0
pad,84,0.1,1,3,0.6666666666666666,1.0,4.0
pad,84,0.1,2,11,1.0,0.9090909090909091,3.090909090909091
pad,84,0.1,3,4,1.0,1.0,2.5
pad,84,0.1,4,2,1.0,1.0,6.0
pad,84,0.15,1,3,0.6666666666666666,1.0,4.0
pad,84,0.15,2,11,1.0,0.9090909090909091,2.8181818181818183
pad,84,0.15,3,4,1.0,1.0,2.5
pad,84,0.15,4,2,1.0,1.0,4.0
hiba,85,0.05,1,10,1.0,1.0,5.5
hiba,85,0.05,2,88,1.0,1.0,5.806818181818182
hiba,85,0.05,3,59,1.0,1.0,5.508474576271187
hiba,85,0.1,1,10,1.0,0.9,3.2
hiba,85,0.1,2,88,0.9545454545454546,0.9318181818181818,3.5454545454545454
hiba,85,0.1,3,59,0.9661016949152542,0.864406779661017,3.0
hiba,85,0.15,1,10,1.0,0.8,2.6
hiba,85,0.15,2,88,0.9090909090909091,0.8863636363636364,2.9318181818181817
hiba,85,0.15,3,59,0.9491525423728814,0.6271186440677966,2.2033898305084745
pad,85,0.05,1,2,1.0,1.0,4.5
pad,85,0.05,2,8,1.0,1.0,3.375
pad,85,0.05,3,5,1.0,1.0,2.6
pad,85,0.05,4,3,1.0,1.0,6.0
pad,85,0.05,6,1,1.0,1.0,6.0
pad,85,0.1,1,2,1.0,1.0,4.5
pad,85,0.1,2,8,1.0,0.875,2.75
pad,85,0.1,3,5,1.0,1.0,2.6
pad,85,0.1,4,3,1.0,1.0,6.0
pad,85,0.1,6,1,1.0,1.0,6.0
pad,85,0.15,1,2,0.5,1.0,3.5
pad,85,0.15,2,8,1.0,0.75,2.625
pad,85,0.15,3,5,0.8,1.0,1.8
pad,85,0.15,4,3,1.0,1.0,4.0
pad,85,0.15,6,1,1.0,1.0,6.0
hiba,86,0.05,1,17,1.0,1.0,4.764705882352941
hiba,86,0.05,2,101,0.9603960396039604,1.0,5.108910891089109
hiba,86,0.05,3,123,0.983739837398374,1.0,5.162601626016261
hiba,86,0.05,4,21,1.0,1.0,7.285714285714286
hiba,86,0.1,1,17,1.0,0.9411764705882353,3.4705882352941178
hiba,86,0.1,2,101,0.9207920792079208,0.9603960396039604,3.6633663366336635
hiba,86,0.1,3,123,0.983739837398374,0.9186991869918699,3.2601626016260163
hiba,86,0.1,4,21,1.0,1.0,6.333333333333333
hiba,86,0.15,1,17,1.0,0.8235294117647058,2.823529411764706
hiba,86,0.15,2,101,0.8712871287128713,0.9108910891089109,3.0
hiba,86,0.15,3,123,0.975609756097561,0.5609756097560976,2.016260162601626
hiba,86,0.15,4,21,1.0,1.0,5.666666666666667
pad,86,0.05,1,3,0.3333333333333333,1.0,3.6666666666666665
pad,86,0.05,2,10,0.8,1.0,3.3
pad,86,0.05,3,4,0.75,1.0,3.5
pad,86,0.05,4,4,1.0,1.0,5.5
pad,86,0.05,6,1,1.0,1.0,6.0
pad,86,0.1,1,3,0.0,1.0,3.3333333333333335
pad,86,0.1,2,10,0.3,1.0,2.4
pad,86,0.1,3,4,0.75,1.0,3.25
pad,86,0.1,4,4,1.0,1.0,4.25
pad,86,0.1,6,1,1.0,1.0,5.0
pad,86,0.15,1,3,0.0,1.0,3.3333333333333335
pad,86,0.15,2,10,0.2,1.0,2.1
pad,86,0.15,3,4,0.75,1.0,3.25
pad,86,0.15,4,4,1.0,1.0,4.25
pad,86,0.15,6,1,1.0,1.0,5.0
hiba,87,0.05,1,3,0.6666666666666666,1.0,5.0
hiba,87,0.05,2,120,0.9916666666666667,1.0,5.925
hiba,87,0.05,3,30,0.9666666666666667,1.0,6.033333333333333
hiba,87,0.05,4,2,1.0,1.0,7.0
hiba,87,0.1,1,3,0.6666666666666666,1.0,4.0
hiba,87,0.1,2,120,0.925,0.9833333333333333,3.933333333333333
hiba,87,0.1,3,30,0.9333333333333333,0.9666666666666667,4.233333333333333
hiba,87,0.1,4,2,1.0,1.0,6.5
hiba,87,0.15,1,3,0.6666666666666666,1.0,3.3333333333333335
hiba,87,0.15,2,120,0.8583333333333333,0.9166666666666666,3.191666666666667
hiba,87,0.15,3,30,0.9333333333333333,0.8333333333333334,2.8666666666666667
hiba,87,0.15,4,2,0.5,1.0,6.0
pad,87,0.05,2,8,0.875,1.0,3.25
pad,87,0.05,3,7,1.0,1.0,3.0
pad,87,0.05,4,2,1.0,1.0,6.0
pad,87,0.1,2,8,0.875,0.75,2.625
pad,87,0.1,3,7,1.0,1.0,2.4285714285714284
pad,87,0.1,4,2,1.0,1.0,4.0
pad,87,0.15,2,8,0.875,0.625,2.125
pad,87,0.15,3,7,1.0,0.7142857142857143,2.0
pad,87,0.15,4,2,1.0,1.0,4.0
hiba,88,0.05,1,5,1.0,1.0,5.4
hiba,88,0.05,2,123,0.967479674796748,1.0,5.585365853658536
hiba,88,0.05,3,35,0.9714285714285714,1.0,5.714285714285714
hiba,88,0.05,4,2,1.0,1.0,7.0
hiba,88,0.1,1,5,0.8,0.8,3.4
hiba,88,0.1,2,123,0.926829268292683,0.926829268292683,3.5121951219512195
hiba,88,0.1,3,35,0.9714285714285714,0.9428571428571428,3.257142857142857
hiba,88,0.1,4,2,1.0,1.0,6.5
hiba,88,0.15,1,5,0.8,0.8,3.2
hiba,88,0.15,2,123,0.9024390243902439,0.8943089430894309,2.861788617886179
hiba,88,0.15,3,35,0.9142857142857143,0.7714285714285715,2.4857142857142858
hiba,88,0.15,4,2,1.0,1.0,6.0
pad,88,0.05,2,10,0.9,1.0,4.5
pad,88,0.05,3,4,1.0,1.0,3.75
pad,88,0.05,4,2,1.0,1.0,6.0
pad,88,0.1,2,10,0.9,0.9,3.5
pad,88,0.1,3,4,0.75,1.0,2.75
pad,88,0.1,4,2,1.0,1.0,2.5
pad,88,0.15,2,10,0.8,0.9,3.1
pad,88,0.15,3,4,0.75,1.0,2.75
pad,88,0.15,4,2,1.0,1.0,2.5
hiba,89,0.05,1,7,1.0,1.0,4.571428571428571
hiba,89,0.05,2,129,0.937984496124031,1.0,5.837209302325581
hiba,89,0.05,3,44,0.9545454545454546,1.0,4.863636363636363
hiba,89,0.1,1,7,1.0,1.0,4.0
hiba,89,0.1,2,129,0.8837209302325582,0.9612403100775194,4.023255813953488
hiba,89,0.1,3,44,0.9545454545454546,0.7727272727272727,2.772727272727273
hiba,89,0.15,1,7,1.0,1.0,3.2857142857142856
hiba,89,0.15,2,129,0.8449612403100775,0.9147286821705426,3.186046511627907
hiba,89,0.15,3,44,0.9545454545454546,0.5909090909090909,2.1818181818181817
pad,89,0.05,1,3,0.3333333333333333,1.0,2.6666666666666665
pad,89,0.05,2,8,0.875,0.875,3.375
pad,89,0.05,3,5,0.8,1.0,3.2
pad,89,0.05,4,1,1.0,1.0,6.0
pad,89,0.1,1,3,0.3333333333333333,1.0,2.3333333333333335
pad,89,0.1,2,8,0.875,0.875,3.0
pad,89,0.1,3,5,0.8,1.0,3.2
pad,89,0.1,4,1,1.0,1.0,5.0
pad,89,0.15,1,3,0.3333333333333333,1.0,1.6666666666666667
pad,89,0.15,2,8,0.875,0.875,2.875
pad,89,0.15,3,5,0.8,1.0,2.8
pad,89,0.15,4,1,1.0,1.0,5.0
hiba,90,0.05,1,12,0.9166666666666666,1.0,5.5
hiba,90,0.05,2,110,0.990909090909091,1.0,5.636363636363637
hiba,90,0.05,3,42,1.0,1.0,4.190476190476191
hiba,90,0.05,4,21,1.0,1.0,7.666666666666667
hiba,90,0.1,1,12,0.9166666666666666,1.0,3.75
hiba,90,0.1,2,110,0.9454545454545454,0.990909090909091,3.8454545454545452
hiba,90,0.1,3,42,1.0,0.9285714285714286,3.0
hiba,90,0.1,4,21,1.0,1.0,6.380952380952381
hiba,90,0.15,1,12,0.9166666666666666,1.0,3.25
hiba,90,0.15,2,110,0.8909090909090909,0.9727272727272728,3.1545454545454548
hiba,90,0.15,3,42,0.9761904761904762,0.8095238095238095,2.5952380952380953
hiba,90,0.15,4,21,1.0,1.0,5.9523809523809526
pad,90,0.05,1,1,1.0,1.0,5.0
pad,90,0.05,2,11,1.0,1.0,3.727272727272727
pad,90,0.05,3,7,1.0,1.0,3.4285714285714284
pad,90,0.05,4,3,1.0,1.0,6.0
pad,90,0.05,6,1,1.0,1.0,6.0
pad,90,0.1,1,1,0.0,1.0,4.0
pad,90,0.1,2,11,1.0,0.9090909090909091,3.272727272727273
pad,90,0.1,3,7,1.0,1.0,3.2857142857142856
pad,90,0.1,4,3,1.0,1.0,4.0
pad,90,0.1,6,1,1.0,1.0,6.0
pad,90,0.15,1,1,0.0,1.0,4.0
pad,90,0.15,2,11,1.0,0.9090909090909091,2.909090909090909
pad,90,0.15,3,7,1.0,0.7142857142857143,2.7142857142857144
pad,90,0.15,4,3,1.0,1.0,4.0
pad,90,0.15,6,1,1.0,1.0,6.0
hiba,91,0.05,1,14,1.0,1.0,4.642857142857143
hiba,91,0.05,2,146,0.9863013698630136,1.0,5.938356164383562
hiba,91,0.05,3,58,0.9827586206896551,1.0,5.5
hiba,91,0.05,4,1,1.0,1.0,7.0
hiba,91,0.1,1,14,1.0,0.9285714285714286,3.2857142857142856
hiba,91,0.1,2,146,0.9383561643835616,0.9794520547945206,3.9178082191780823
hiba,91,0.1,3,58,0.9827586206896551,0.9310344827586207,3.310344827586207
hiba,91,0.1,4,1,1.0,1.0,7.0
hiba,91,0.15,1,14,1.0,0.9285714285714286,3.0
hiba,91,0.15,2,146,0.910958904109589,0.9452054794520548,3.0821917808219177
hiba,91,0.15,3,58,0.9655172413793104,0.6724137931034483,2.310344827586207
hiba,91,0.15,4,1,0.0,1.0,6.0
pad,91,0.05,1,3,1.0,1.0,3.3333333333333335
pad,91,0.05,2,9,1.0,1.0,3.888888888888889
pad,91,0.05,3,8,1.0,1.0,3.375
pad,91,0.05,4,3,1.0,1.0,6.0
pad,91,0.1,1,3,1.0,1.0,3.3333333333333335
pad,91,0.1,2,9,1.0,0.8888888888888888,3.2222222222222223
pad,91,0.1,3,8,1.0,1.0,3.125
pad,91,0.1,4,3,1.0,1.0,4.333333333333333
pad,91,0.15,1,3,1.0,1.0,2.6666666666666665
pad,91,0.15,2,9,1.0,0.8888888888888888,2.888888888888889
pad,91,0.15,3,8,0.875,1.0,2.75
pad,91,0.15,4,3,1.0,1.0,3.6666666666666665
hiba,92,0.05,1,14,1.0,1.0,5.0
hiba,92,0.05,2,132,0.9848484848484849,1.0,6.409090909090909
hiba,92,0.05,3,90,1.0,1.0,5.666666666666667
hiba,92,0.05,4,2,1.0,1.0,7.5
hiba,92,0.1,1,14,1.0,1.0,3.5
hiba,92,0.1,2,132,0.9621212121212122,0.9924242424242424,4.333333333333333
hiba,92,0.1,3,90,1.0,1.0,3.911111111111111
hiba,92,0.1,4,2,1.0,1.0,6.5
hiba,92,0.15,1,14,1.0,0.8571428571428571,3.0714285714285716
hiba,92,0.15,2,132,0.9545454545454546,0.946969696969697,3.4242424242424243
hiba,92,0.15,3,90,1.0,0.9111111111111111,3.2444444444444445
hiba,92,0.15,4,2,1.0,1.0,6.5
pad,92,0.05,1,3,1.0,1.0,3.6666666666666665
pad,92,0.05,2,10,1.0,1.0,3.6
pad,92,0.05,3,6,1.0,1.0,3.0
pad,92,0.05,4,3,1.0,1.0,6.0
pad,92,0.05,6,1,1.0,1.0,6.0
pad,92,0.1,1,3,1.0,1.0,3.6666666666666665
pad,92,0.1,2,10,1.0,1.0,3.3
pad,92,0.1,3,6,1.0,1.0,2.8333333333333335
pad,92,0.1,4,3,1.0,1.0,4.333333333333333
pad,92,0.1,6,1,1.0,1.0,6.0
pad,92,0.15,1,3,0.6666666666666666,1.0,2.3333333333333335
pad,92,0.15,2,10,1.0,0.9,2.9
pad,92,0.15,3,6,0.8333333333333334,0.6666666666666666,1.8333333333333333
pad,92,0.15,4,3,1.0,1.0,3.0
pad,92,0.15,6,1,1.0,1.0,6.0
hiba,93,0.05,1,6,1.0,1.0,5.5
hiba,93,0.05,2,114,0.956140350877193,1.0,5.368421052631579
hiba,93,0.05,3,46,1.0,1.0,5.130434782608695
hiba,93,0.05,4,22,1.0,1.0,7.318181818181818
hiba,93,0.1,1,6,1.0,1.0,4.166666666666667
hiba,93,0.1,2,114,0.9210526315789473,0.956140350877193,3.491228070175439
hiba,93,0.1,3,46,1.0,0.9347826086956522,3.239130434782609
hiba,93,0.1,4,22,1.0,1.0,6.409090909090909
hiba,93,0.15,1,6,1.0,1.0,3.8333333333333335
hiba,93,0.15,2,114,0.8508771929824561,0.8771929824561403,2.789473684210526
hiba,93,0.15,3,46,1.0,0.7391304347826086,2.3043478260869565
hiba,93,0.15,4,22,1.0,1.0,5.636363636363637
pad,93,0.05,1,2,1.0,1.0,6.5
pad,93,0.05,2,13,1.0,1.0,6.153846153846154
pad,93,0.05,3,8,1.0,1.0,5.625
pad,93,0.05,4,3,1.0,1.0,8.0
pad,93,0.1,1,2,1.0,1.0,3.5
pad,93,0.1,2,13,0.9230769230769231,0.9230769230769231,3.230769230769231
pad,93,0.1,3,8,1.0,1.0,2.75
pad,93,0.1,4,3,1.0,1.0,6.0
pad,93,0.15,1,2,1.0,1.0,3.5
pad,93,0.15,2,13,0.9230769230769231,0.9230769230769231,2.6153846153846154
pad,93,0.15,3,8,1.0,0.75,2.125
pad,93,0.15,4,3,1.0,1.0,3.0
hiba,94,0.05,1,11,1.0,1.0,4.363636363636363
hiba,94,0.05,2,136,0.9632352941176471,1.0,5.602941176470588
hiba,94,0.05,3,21,0.9523809523809523,1.0,4.761904761904762
hiba,94,0.05,4,2,1.0,1.0,7.0
hiba,94,0.1,1,11,1.0,1.0,3.727272727272727
hiba,94,0.1,2,136,0.9338235294117647,0.9411764705882353,3.8970588235294117
hiba,94,0.1,3,21,0.9523809523809523,0.8571428571428571,2.7142857142857144
hiba,94,0.1,4,2,0.5,1.0,6.0
hiba,94,0.15,1,11,1.0,1.0,3.0
hiba,94,0.15,2,136,0.9044117647058824,0.8823529411764706,2.7794117647058822
hiba,94,0.15,3,21,0.9523809523809523,0.6190476190476191,2.0
hiba,94,0.15,4,2,0.5,1.0,6.0
pad,94,0.05,1,3,0.3333333333333333,1.0,2.6666666666666665
pad,94,0.05,2,8,0.75,1.0,3.5
pad,94,0.05,3,4,0.75,1.0,3.25
pad,94,0.05,4,3,1.0,1.0,5.333333333333333
pad,94,0.1,1,3,0.3333333333333333,1.0,2.6666666666666665
pad,94,0.1,2,8,0.75,1.0,3.25
pad,94,0.1,3,4,0.75,1.0,3.25
pad,94,0.1,4,3,1.0,1.0,4.333333333333333
pad,94,0.15,1,3,0.3333333333333333,1.0,2.6666666666666665
pad,94,0.15,2,8,0.75,1.0,2.75
pad,94,0.15,3,4,0.75,1.0,2.5
pad,94,0.15,4,3,1.0,1.0,4.333333333333333
hiba,95,0.05,1,12,1.0,1.0,5.25
hiba,95,0.05,2,113,0.9646017699115044,1.0,5.477876106194691
hiba,95,0.05,3,11,0.8181818181818182,1.0,7.181818181818182
hiba,95,0.05,4,1,1.0,1.0,7.0
hiba,95,0.1,1,12,1.0,1.0,3.4166666666666665
hiba,95,0.1,2,113,0.911504424778761,0.9469026548672567,3.7079646017699117
hiba,95,0.1,3,11,0.8181818181818182,1.0,4.454545454545454
hiba,95,0.1,4,1,1.0,1.0,7.0
hiba,95,0.15,1,12,0.9166666666666666,1.0,3.1666666666666665
hiba,95,0.15,2,113,0.9026548672566371,0.8849557522123894,2.8672566371681416
hiba,95,0.15,3,11,0.7272727272727273,1.0,3.6363636363636362
hiba,95,0.15,4,1,1.0,1.0,6.0
pad,95,0.05,1,2,1.0,1.0,2.5
pad,95,0.05,2,6,1.0,1.0,3.5
pad,95,0.05,3,4,1.0,1.0,3.75
pad,95,0.05,4,2,1.0,1.0,6.0
pad,95,0.1,1,2,1.0,1.0,2.5
pad,95,0.1,2,6,1.0,0.8333333333333334,3.0
pad,95,0.1,3,4,1.0,1.0,3.75
pad,95,0.1,4,2,1.0,1.0,5.0
pad,95,0.15,1,2,1.0,1.0,2.5
pad,95,0.15,2,6,1.0,0.8333333333333334,2.8333333333333335
pad,95,0.15,3,4,0.75,1.0,3.25
pad,95,0.15,4,2,1.0,1.0,4.0
hiba,96,0.05,1,4,1.0,1.0,5.5
hiba,96,0.05,2,136,1.0,1.0,5.352941176470588
hiba,96,0.05,3,12,0.9166666666666666,1.0,5.083333333333333
hiba,96,0.05,4,1,1.0,1.0,7.0
hiba,96,0.1,1,4,1.0,1.0,4.5
hiba,96,0.1,2,136,0.9558823529411765,1.0,3.8970588235294117
hiba,96,0.1,3,12,0.75,1.0,3.9166666666666665
hiba,96,0.1,4,1,1.0,1.0,7.0
hiba,96,0.15,1,4,0.5,1.0,3.25
hiba,96,0.15,2,136,0.9264705882352942,0.9117647058823529,2.9044117647058822
hiba,96,0.15,3,12,0.6666666666666666,1.0,3.0833333333333335
hiba,96,0.15,4,1,0.0,1.0,6.0
pad,96,0.05,1,2,1.0,1.0,3.0
pad,96,0.05,2,9,1.0,1.0,3.7777777777777777
pad,96,0.05,3,9,1.0,1.0,3.111111111111111
pad,96,0.05,4,3,1.0,1.0,6.0
pad,96,0.1,1,2,1.0,1.0,3.0
pad,96,0.1,2,9,1.0,1.0,3.3333333333333335
pad,96,0.1,3,9,1.0,1.0,3.0
pad,96,0.1,4,3,1.0,1.0,4.333333333333333
pad,96,0.15,1,2,0.5,1.0,1.5
pad,96,0.15,2,9,1.0,0.8888888888888888,3.0
pad,96,0.15,3,9,0.8888888888888888,1.0,2.3333333333333335
pad,96,0.15,4,3,1.0,1.0,4.333333333333333
hiba,97,0.05,1,11,0.9090909090909091,1.0,5.181818181818182
hiba,97,0.05,2,86,0.872093023255814,1.0,4.674418604651163
hiba,97,0.05,3,100,0.98,0.99,4.72
hiba,97,0.05,4,1,1.0,1.0,6.0
hiba,97,0.1,1,11,0.8181818181818182,1.0,4.181818181818182
hiba,97,0.1,2,86,0.8604651162790697,0.9534883720930233,3.372093023255814
hiba,97,0.1,3,100,0.97,0.83,2.79
hiba,97,0.1,4,1,1.0,1.0,6.0
hiba,97,0.15,1,11,0.8181818181818182,1.0,3.4545454545454546
hiba,97,0.15,2,86,0.7906976744186046,0.8953488372093024,2.7093023255813953
hiba,97,0.15,3,100,0.97,0.49,1.88
hiba,97,0.15,4,1,1.0,1.0,5.0
pad,97,0.05,1,4,0.75,1.0,3.5
pad,97,0.05,2,5,0.8,1.0,3.2
pad,97,0.05,3,2,1.0,1.0,3.5
pad,97,0.05,4,1,1.0,1.0,5.0
pad,97,0.1,1,4,0.75,1.0,2.75
pad,97,0.1,2,5,0.8,0.8,3.0
pad,97,0.1,3,2,1.0,1.0,3.0
pad,97,0.1,4,1,1.0,1.0,5.0
pad,97,0.15,1,4,0.75,0.75,1.75
pad,97,0.15,2,5,0.4,0.8,2.4
pad,97,0.15,3,2,1.0,1.0,2.5
pad,97,0.15,4,1,1.0,1.0,2.0
hiba,98,0.05,1,9,1.0,1.0,4.111111111111111
hiba,98,0.05,2,102,0.8823529411764706,1.0,5.127450980392157
hiba,98,0.05,3,75,0.9866666666666667,1.0,5.0
hiba,98,0.05,4,23,1.0,1.0,6.956521739130435
hiba,98,0.1,1,9,1.0,1.0,3.7777777777777777
hiba,98,0.1,2,102,0.8529411764705882,0.9509803921568627,3.656862745098039
hiba,98,0.1,3,75,0.9866666666666667,0.96,3.4
hiba,98,0.1,4,23,1.0,1.0,6.3478260869565215
hiba,98,0.15,1,9,1.0,1.0,3.0
hiba,98,0.15,2,102,0.8333333333333334,0.8921568627450981,3.0098039215686274
hiba,98,0.15,3,75,0.9866666666666667,0.72,2.6
hiba,98,0.15,4,23,1.0,1.0,5.739130434782608
pad,98,0.05,1,2,1.0,1.0,3.0
pad,98,0.05,2,8,1.0,1.0,3.625
pad,98,0.05,3,5,1.0,1.0,3.6
pad,98,0.05,4,1,1.0,1.0,6.0
pad,98,0.1,1,2,1.0,1.0,3.0
pad,98,0.1,2,8,1.0,1.0,3.25
pad,98,0.1,3,5,1.0,1.0,3.2
pad,98,0.1,4,1,1.0,1.0,6.0
pad,98,0.15,1,2,0.5,1.0,2.0
pad,98,0.15,2,8,1.0,1.0,3.0
pad,98,0.15,3,5,1.0,1.0,3.0
pad,98,0.15,4,1,1.0,1.0,4.0
hiba,99,0.05,1,9,0.8888888888888888,1.0,5.555555555555555
hiba,99,0.05,2,136,0.9852941176470589,1.0,5.867647058823529
hiba,99,0.05,3,91,0.989010989010989,1.0,5.4945054945054945
hiba,99,0.05,4,2,1.0,1.0,7.0
hiba,99,0.1,1,9,0.8888888888888888,1.0,3.4444444444444446
hiba,99,0.1,2,136,0.9485294117647058,0.9926470588235294,3.801470588235294
hiba,99,0.1,3,91,0.978021978021978,0.9340659340659341,3.2857142857142856
hiba,99,0.1,4,2,1.0,1.0,6.0
hiba,99,0.15,1,9,0.7777777777777778,1.0,2.888888888888889
hiba,99,0.15,2,136,0.9117647058823529,0.9485294117647058,2.963235294117647
hiba,99,0.15,3,91,0.967032967032967,0.7692307692307693,2.5384615384615383
hiba,99,0.15,4,2,1.0,1.0,6.0
pad,99,0.05,1,1,1.0,1.0,5.0
pad,99,0.05,2,5,1.0,1.0,3.4
pad,99,0.05,3,6,1.0,1.0,3.6666666666666665
pad,99,0.05,4,2,1.0,1.0,6.0
pad,99,0.1,1,1,1.0,1.0,5.0
pad,99,0.1,2,5,1.0,1.0,3.0
pad,99,0.1,3,6,1.0,1.0,3.5
pad,99,0.1,4,2,1.0,1.0,4.0
pad,99,0.15,1,1,1.0,1.0,5.0
pad,99,0.15,2,5,1.0,1.0,3.0
pad,99,0.15,3,6,1.0,1.0,3.0
pad,99,0.15,4,2,1.0,1.0,3.0
