cohort,draw,alpha,stratum,n_lesions,n_patients,rate,cp_lo,cp_hi,boot_lo,boot_hi
hiba,0,0.05,M1,18,9,0.0,0.0,0.1853019681378522,0.0,0.0
hiba,0,0.05,M2,122,96,0.0,0.0,0.029784160061428706,0.0,0.0
hiba,0,0.05,M3,14,9,0.0,0.0,0.23163576165011648,0.0,0.0
hiba,0,0.05,B,281,68,0.0,0.0,0.013041892662910644,0.0,0.0
hiba,0,0.1,M1,18,9,0.0,0.0,0.1853019681378522,0.0,0.0
hiba,0,0.1,M2,122,96,0.01639344262295082,0.001991524525716232,0.057964177976031935,0.0,0.048990403838464605
hiba,0,0.1,M3,14,9,0.0,0.0,0.23163576165011648,0.0,0.0
hiba,0,0.1,B,281,68,0.05338078291814947,0.0301810799897364,0.08651598747528685,0.020100502512562814,0.08041928721173999
hiba,0,0.15,M1,18,9,0.0,0.0,0.1853019681378522,0.0,0.0
hiba,0,0.15,M2,122,96,0.01639344262295082,0.001991524525716232,0.057964177976031935,0.0,0.05128205128205128
hiba,0,0.15,M3,14,9,0.0,0.0,0.23163576165011648,0.0,0.0
hiba,0,0.15,B,281,68,0.20284697508896798,0.15740679305262242,0.2546755792557102,0.05708608461726584,0.31407118055555555
pad,0,0.05,M1,16,11,0.0,0.0,0.2059072142078227,0.0,0.0
pad,0,0.05,M2,136,97,0.0,0.0,0.026759558379143282,0.0,0.0
pad,0,0.05,M3,84,50,0.0,0.0,0.04296491962956506,0.0,0.0
pad,0,0.05,B,19,15,0.0,0.0,0.17646691180696533,0.0,0.0
pad,0,0.1,M1,16,11,0.0,0.0,0.2059072142078227,0.0,0.0
pad,0,0.1,M2,136,97,0.0,0.0,0.026759558379143282,0.0,0.0
pad,0,0.1,M3,84,50,0.0,0.0,0.04296491962956506,0.0,0.0
pad,0,0.1,B,19,15,0.10526315789473684,0.01301216437177747,0.33137666445676595,0.0,0.27249999999999974
pad,0,0.15,M1,16,11,0.0,0.0,0.2059072142078227,0.0,0.0
pad,0,0.15,M2,136,97,0.0,0.0,0.026759558379143282,0.0,0.0
pad,0,0.15,M3,84,50,0.0,0.0,0.04296491962956506,0.0,0.0
pad,0,0.15,B,19,15,0.10526315789473684,0.01301216437177747,0.33137666445676595,0.0,0.25
hiba,1,0.05,M1,19,14,0.0,0.0,0.17646691180696533,0.0,0.0
hiba,1,0.05,M2,106,85,0.0,0.0,0.034202167276350295,0.0,0.0
hiba,1,0.05,M3,11,10,0.0,0.0,0.2849141529181544,0.0,0.0
hiba,1,0.05,B,213,77,0.0,0.0,0.01716957651094054,0.0,0.0
hiba,1,0.1,M1,19,14,0.0,0.0,0.17646691180696533,0.0,0.0
hiba,1,0.1,M2,106,85,0.0,0.0,0.034202167276350295,0.0,0.0
hiba,1,0.1,M3,11,10,0.0,0.0,0.2849141529181544,0.0,0.0
hiba,1,0.1,B,213,77,0.04225352112676056,0.01950026323882867,0.07869244517512138,0.005988023952095809,0.08088980445209691
hiba,1,0.15,M1,19,14,0.0,0.0,0.17646691180696533,0.0,0.0
hiba,1,0.15,M2,106,85,0.018867924528301886,0.0022932169623665266,0.06649819979424872,0.0,0.04879354654483151
hiba,1,0.15,M3,11,10,0.0,0.0,0.2849141529181544,0.0,0.0
hiba,1,0.15,B,213,77,0.09389671361502347,0.05830157900007965,0.14128872331127132,0.03191974522292994,0.16668645456048328
pad,1,0.05,M1,21,13,0.0,0.0,0.1610976152190796,0.0,0.0
pad,1,0.05,M2,150,99,0.0,0.0,0.02429259716610854,0.0,0.0
pad,1,0.05,M3,75,48,0.0,0.0,0.047995064055142256,0.0,0.0
pad,1,0.05,B,20,17,0.0,0.0,0.1684334709830853,0.0,0.0
pad,1,0.1,M1,21,13,0.0,0.0,0.1610976152190796,0.0,0.0
pad,1,0.1,M2,150,99,0.0,0.0,0.02429259716610854,0.0,0.0
pad,1,0.1,M3,75,48,0.0,0.0,0.047995064055142256,0.0,0.0
pad,1,0.1,B,20,17,0.0,0.0,0.1684334709830853,0.0,0.0
pad,1,0.15,M1,21,13,0.0,0.0,0.1610976152190796,0.0,0.0
pad,1,0.15,M2,150,99,0.0,0.0,0.02429259716610854,0.0,0.0
pad,1,0.15,M3,75,48,0.0,0.0,0.047995064055142256,0.0,0.0
pad,1,0.15,B,20,17,0.0,0.0,0.1684334709830853,0.0,0.0
hiba,2,0.05,M1,11,5,0.0,0.0,0.2849141529181544,0.0,0.0
hiba,2,0.05,M2,124,92,0.0,0.0,0.029310881089774928,0.0,0.0
hiba,2,0.05,M3,16,14,0.0,0.0,0.2059072142078227,0.0,0.0
hiba,2,0.05,B,164,69,0.0,0.0,0.022242082203801514,0.0,0.0
hiba,2,0.1,M1,11,5,0.0,0.0,0.2849141529181544,0.0,0.0
hiba,2,0.1,M2,124,92,0.008064516129032258,0.000204155028366465,0.04411300388520081,0.0,0.025537809647979134
hiba,2,0.1,M3,16,14,0.0,0.0,0.2059072142078227,0.0,0.0
hiba,2,0.1,B,164,69,0.036585365853658534,0.01354248653499324,0.07792731649885758,0.0,0.06103832669904685
hiba,2,0.15,M1,11,5,0.0,0.0,0.2849141529181544,0.0,0.0
hiba,2,0.15,M2,124,92,0.016129032258064516,0.001959304156917139,0.057048972138647326,0.0,0.039752316127812395
hiba,2,0.15,M3,16,14,0.0,0.0,0.2059072142078227,0.0,0.0
hiba,2,0.15,B,164,69,0.09146341463414634,0.052098517350461115,0.14636634101280635,0.01730769230769231,0.14160969368268275
pad,2,0.05,M1,33,17,0.0,0.0,0.10576281007457927,0.0,0.0
pad,2,0.05,M2,152,107,0.0,0.0,0.02397682090379162,0.0,0.0
pad,2,0.05,M3,66,44,0.0,0.0,0.054358847170121974,0.0,0.0
pad,2,0.05,B,20,17,0.05,0.0012650894979498047,0.24873276277202777,0.0,0.15789473684210525
pad,2,0.1,M1,33,17,0.0,0.0,0.10576281007457927,0.0,0.0
pad,2,0.1,M2,152,107,0.0,0.0,0.02397682090379162,0.0,0.0
pad,2,0.1,M3,66,44,0.0,0.0,0.054358847170121974,0.0,0.0
pad,2,0.1,B,20,17,0.05,0.0012650894979498047,0.24873276277202777,0.0,0.16666666666666666
pad,2,0.15,M1,33,17,0.0,0.0,0.10576281007457927,0.0,0.0
pad,2,0.15,M2,152,107,0.0,0.0,0.02397682090379162,0.0,0.0
pad,2,0.15,M3,66,44,0.0,0.0,0.054358847170121974,0.0,0.0
pad,2,0.15,B,20,17,0.05,0.0012650894979498047,0.24873276277202777,0.0,0.15789473684210525
hiba,3,0.05,M1,12,7,0.0,0.0,0.26464846939705117,0.0,0.0
hiba,3,0.05,M2,127,94,0.0,0.0,0.028628506134387617,0.0,0.0
hiba,3,0.05,M3,11,10,0.0,0.0,0.2849141529181544,0.0,0.0
hiba,3,0.05,B,180,76,0.0,0.0,0.020285204570112986,0.0,0.0
hiba,3,0.1,M1,12,7,0.0,0.0,0.26464846939705117,0.0,0.0
hiba,3,0.1,M2,127,94,0.0,0.0,0.028628506134387617,0.0,0.0
hiba,3,0.1,M3,11,10,0.0,0.0,0.2849141529181544,0.0,0.0
hiba,3,0.1,B,180,76,0.08333333333333333,0.04739156775630353,0.13372033399205266,0.02019387755102041,0.13846387987012987
hiba,3,0.15,M1,12,7,0.08333333333333333,0.0021075932318602286,0.38479616515094406,0.0,0.2727272727272727
hiba,3,0.15,M2,127,94,0.007874015748031496,0.0001993329493211254,0.04308967368200988,0.0,0.025
hiba,3,0.15,M3,11,10,0.0,0.0,0.2849141529181544,0.0,0.0
hiba,3,0.15,B,180,76,0.14444444444444443,0.09657618127591992,0.20443933609366655,0.0658363811743901,0.21757538569424964
pad,3,0.05,M1,26,15,0.0,0.0,0.1322746044977541,0.0,0.0
pad,3,0.05,M2,156,106,0.0,0.0,0.023369271591380202,0.0,0.0
pad,3,0.05,M3,89,56,0.0,0.0,0.04060085754963182,0.0,0.0
pad,3,0.05,B,22,18,0.0,0.0,0.15437251281557457,0.0,0.0
pad,3,0.1,M1,26,15,0.0,0.0,0.1322746044977541,0.0,0.0
pad,3,0.1,M2,156,106,0.0,0.0,0.023369271591380202,0.0,0.0
pad,3,0.1,M3,89,56,0.0,0.0,0.04060085754963182,0.0,0.0
pad,3,0.1,B,22,18,0.045454545454545456,0.0011501475265735762,0.22844439766763341,0.0,0.15414473684210508
pad,3,0.15,M1,26,15,0.0,0.0,0.1322746044977541,0.0,0.0
pad,3,0.15,M2,156,106,0.0,0.0,0.023369271591380202,0.0,0.0
pad,3,0.15,M3,89,56,0.0,0.0,0.04060085754963182,0.0,0.0
pad,3,0.15,B,22,18,0.045454545454545456,0.0011501475265735762,0.22844439766763341,0.0,0.13636363636363635
hiba,4,0.05,M1,19,11,0.0,0.0,0.17646691180696533,0.0,0.0
hiba,4,0.05,M2,123,85,0.0,0.0,0.029545625527072385,0.0,0.0
hiba,4,0.05,M3,14,12,0.0,0.0,0.23163576165011648,0.0,0.0
hiba,4,0.05,B,208,75,0.0,0.0,0.017578657900630724,0.0,0.0
hiba,4,0.1,M1,19,11,0.0,0.0,0.17646691180696533,0.0,0.0
hiba,4,0.1,M2,123,85,0.0,0.0,0.029545625527072385,0.0,0.0
hiba,4,0.1,M3,14,12,0.0,0.0,0.23163576165011648,0.0,0.0
hiba,4,0.1,B,208,75,0.0673076923076923,0.03728345098474616,0.11035296320388932,0.03058885126102843,0.10948737157534245
hiba,4,0.15,M1,19,11,0.0,0.0,0.17646691180696533,0.0,0.0
hiba,4,0.15,M2,123,85,0.016260162601626018,0.001975282956072543,0.057502934587719094,0.0,0.04
hiba,4,0.15,M3,14,12,0.0,0.0,0.23163576165011648,0.0,0.0
hiba,4,0.15,B,208,75,0.13942307692307693,0.0954031979477212,0.19406012731906613,0.050129747581976886,0.24774774774774774
pad,4,0.05,M1,29,16,0.0,0.0,0.11944486906950269,0.0,0.0
pad,4,0.05,M2,159,112,0.0,0.0,0.02293343743096093,0.0,0.0
pad,4,0.05,M3,69,45,0.0,0.0,0.05205805786307967,0.0,0.0
pad,4,0.05,B,16,16,0.0,0.0,0.2059072142078227,0.0,0.0
pad,4,0.1,M1,29,16,0.0,0.0,0.11944486906950269,0.0,0.0
pad,4,0.1,M2,159,112,0.0,0.0,0.02293343743096093,0.0,0.0
pad,4,0.1,M3,69,45,0.0,0.0,0.05205805786307967,0.0,0.0
pad,4,0.1,B,16,16,0.0625,0.0015811117227658884,0.3023207384345319,0.0,0.1875
pad,4,0.15,M1,29,16,0.0,0.0,0.11944486906950269,0.0,0.0
pad,4,0.15,M2,159,112,0.0,0.0,0.02293343743096093,0.0,0.0
pad,4,0.15,M3,69,45,0.0,0.0,0.05205805786307967,0.0,0.0
pad,4,0.15,B,16,16,0.125,0.015513603815413893,0.38347623684926346,0.0,0.3125
hiba,5,0.05,M1,22,14,0.0,0.0,0.15437251281557457,0.0,0.0
hiba,5,0.05,M2,116,90,0.0,0.0,0.03130036074328996,0.0,0.0
hiba,5,0.05,M3,24,16,0.0,0.0,0.14247359772252563,0.0,0.0
hiba,5,0.05,B,149,65,0.0,0.0,0.024453624905590006,0.0,0.0
hiba,5,0.1,M1,22,14,0.0,0.0,0.15437251281557457,0.0,0.0
hiba,5,0.1,M2,116,90,0.0,0.0,0.03130036074328996,0.0,0.0
hiba,5,0.1,M3,24,16,0.0,0.0,0.14247359772252563,0.0,0.0
hiba,5,0.1,B,149,65,0.013422818791946308,0.0016297194672117439,0.04764512133261738,0.0,0.030088195386702838
hiba,5,0.15,M1,22,14,0.0,0.0,0.15437251281557457,0.0,0.0
hiba,5,0.15,M2,116,90,0.008620689655172414,0.00021823314906306462,0.04709553622664744,0.0,0.027837837837837803
hiba,5,0.15,M3,24,16,0.0,0.0,0.14247359772252563,0.0,0.0
hiba,5,0.15,B,149,65,0.12080536912751678,0.07319250507449944,0.18419193959853636,0.04038775510204082,0.20060344827586205
pad,5,0.05,M1,42,24,0.0,0.0,0.08408385494035514,0.0,0.0
pad,5,0.05,M2,174,114,0.0,0.0,0.020977306694394248,0.0,0.0
pad,5,0.05,M3,87,54,0.0,0.0,0.041514565992637815,0.0,0.0
pad,5,0.05,B,12,12,0.0,0.0,0.26464846939705117,0.0,0.0
pad,5,0.1,M1,42,24,0.0,0.0,0.08408385494035514,0.0,0.0
pad,5,0.1,M2,174,114,0.0,0.0,0.020977306694394248,0.0,0.0
pad,5,0.1,M3,87,54,0.0,0.0,0.041514565992637815,0.0,0.0
pad,5,0.1,B,12,12,0.08333333333333333,0.0021075932318602286,0.38479616515094406,0.0,0.25
pad,5,0.15,M1,42,24,0.0,0.0,0.08408385494035514,0.0,0.0
pad,5,0.15,M2,174,114,0.0,0.0,0.020977306694394248,0.0,0.0
pad,5,0.15,M3,87,54,0.0,0.0,0.041514565992637815,0.0,0.0
pad,5,0.15,B,12,12,0.08333333333333333,0.0021075932318602286,0.38479616515094406,0.0,0.25
hiba,6,0.05,M1,12,6,0.0,0.0,0.26464846939705117,0.0,0.0
hiba,6,0.05,M2,117,94,0.0,0.0,0.031037031693111575,0.0,0.0
hiba,6,0.05,M3,13,11,0.0,0.0,0.24705263800047095,0.0,0.0
hiba,6,0.05,B,131,73,0.0,0.0,0.027766605110036455,0.0,0.0
hiba,6,0.1,M1,12,6,0.0,0.0,0.26464846939705117,0.0,0.0
hiba,6,0.1,M2,117,94,0.0,0.0,0.031037031693111575,0.0,0.0
hiba,6,0.1,M3,13,11,0.0,0.0,0.24705263800047095,0.0,0.0
hiba,6,0.1,B,131,73,0.04580152671755725,0.016991344513786946,0.09702457691727535,0.015259077927376581,0.0778108950843727
hiba,6,0.15,M1,12,6,0.0,0.0,0.26464846939705117,0.0,0.0
hiba,6,0.15,M2,117,94,0.02564102564102564,0.005319334897903747,0.07310679037060747,0.0,0.05669256490952005
hiba,6,0.15,M3,13,11,0.0,0.0,0.24705263800047095,0.0,0.0
hiba,6,0.15,B,131,73,0.061068702290076333,0.026731160454289395,0.116784225548765,0.023809523809523808,0.10506154499151102
pad,6,0.05,M1,33,18,0.0,0.0,0.10576281007457927,0.0,0.0
pad,6,0.05,M2,146,106,0.0,0.0,0.024949776111947798,0.0,0.0
pad,6,0.05,M3,69,47,0.0,0.0,0.05205805786307967,0.0,0.0
pad,6,0.05,B,18,17,0.0,0.0,0.1853019681378522,0.0,0.0
pad,6,0.1,M1,33,18,0.0,0.0,0.10576281007457927,0.0,0.0
pad,6,0.1,M2,146,106,0.0,0.0,0.024949776111947798,0.0,0.0
pad,6,0.1,M3,69,47,0.0,0.0,0.05205805786307967,0.0,0.0
pad,6,0.1,B,18,17,0.05555555555555555,0.0014055561673694233,0.27294359967336845,0.0,0.17647058823529413
pad,6,0.15,M1,33,18,0.0,0.0,0.10576281007457927,0.0,0.0
pad,6,0.15,M2,146,106,0.0,0.0,0.024949776111947798,0.0,0.0
pad,6,0.15,M3,69,47,0.0,0.0,0.05205805786307967,0.0,0.0
pad,6,0.15,B,18,17,0.05555555555555555,0.0014055561673694233,0.27294359967336845,0.0,0.17647058823529413
hiba,7,0.05,M1,19,11,0.0,0.0,0.17646691180696533,0.0,0.0
hiba,7,0.05,M2,112,84,0.0,0.0,0.03239992593135989,0.0,0.0
hiba,7,0.05,M3,5,5,0.0,0.0,0.5218237501049814,0.0,0.0
hiba,7,0.05,B,248,84,0.0,0.0,0.014764434812554551,0.0,0.0
hiba,7,0.1,M1,19,11,0.0,0.0,0.17646691180696533,0.0,0.0
hiba,7,0.1,M2,112,84,0.008928571428571428,0.0002260263092066397,0.04874330473012579,0.0,0.027914070612668738
hiba,7,0.1,M3,5,5,0.0,0.0,0.5218237501049814,0.0,0.0
hiba,7,0.1,B,248,84,0.05241935483870968,0.0282028798651928,0.08797071285405429,0.02099476439790576,0.08556939501779359
hiba,7,0.15,M1,19,11,0.05263157894736842,0.001331628804179424,0.2602806541952142,0.0,0.19136363636363596
hiba,7,0.15,M2,112,84,0.026785714285714284,0.005558292065040165,0.07628622472576431,0.0,0.05703252032520324
hiba,7,0.15,M3,5,5,0.0,0.0,0.5218237501049814,0.0,0.0
hiba,7,0.15,B,248,84,0.13709677419354838,0.09684739725779477,0.18627731181295845,0.0670375130532573,0.2066998179016669
pad,7,0.05,M1,22,16,0.0,0.0,0.15437251281557457,0.0,0.0
pad,7,0.05,M2,157,109,0.0,0.0,0.023222164603325136,0.0,0.0
pad,7,0.05,M3,69,47,0.0,0.0,0.05205805786307967,0.0,0.0
pad,7,0.05,B,17,14,0.0,0.0,0.19506432296909318,0.0,0.0
pad,7,0.1,M1,22,16,0.0,0.0,0.15437251281557457,0.0,0.0
pad,7,0.1,M2,157,109,0.0,0.0,0.023222164603325136,0.0,0.0
pad,7,0.1,M3,69,47,0.0,0.0,0.05205805786307967,0.0,0.0
pad,7,0.1,B,17,14,0.0,0.0,0.19506432296909318,0.0,0.0
pad,7,0.15,M1,22,16,0.0,0.0,0.15437251281557457,0.0,0.0
pad,7,0.15,M2,157,109,0.0,0.0,0.023222164603325136,0.0,0.0
pad,7,0.15,M3,69,47,0.0,0.0,0.05205805786307967,0.0,0.0
pad,7,0.15,B,17,14,0.11764705882352941,0.014579316840302498,0.36440916210125024,0.0,0.3
hiba,8,0.05,M1,19,11,0.0,0.0,0.17646691180696533,0.0,0.0
hiba,8,0.05,M2,125,98,0.0,0.0,0.02907983713643152,0.0,0.0
hiba,8,0.05,M3,9,7,0.0,0.0,0.3362671168799428,0.0,0.0
hiba,8,0.05,B,211,69,0.0,0.0,0.01733090287505468,0.0,0.0
hiba,8,0.1,M1,19,11,0.0,0.0,0.17646691180696533,0.0,0.0
hiba,8,0.1,M2,125,98,0.016,0.0019435818023689144,0.05660211961975487,0.0,0.05128205128205128
hiba,8,0.1,M3,9,7,0.0,0.0,0.3362671168799428,0.0,0.0
hiba,8,0.1,B,211,69,0.037914691943127965,0.01650859344099453,0.07333757607942325,0.009753480831584971,0.07248737373737373
hiba,8,0.15,M1,19,11,0.0,0.0,0.17646691180696533,0.0,0.0
hiba,8,0.15,M2,125,98,0.032,0.008786433013500492,0.07990637753352066,0.0,0.07409057038341686
hiba,8,0.15,M3,9,7,0.0,0.0,0.3362671168799428,0.0,0.0
hiba,8,0.15,B,211,69,0.10426540284360189,0.0665049770323097,0.153597726767723,0.04617401350870956,0.16855200888545485
pad,8,0.05,M1,37,19,0.0,0.0,0.09489058741498986,0.0,0.0
pad,8,0.05,M2,178,121,0.0,0.0,0.020510774714510616,0.0,0.0
pad,8,0.05,M3,70,46,0.0,0.0,0.05133379715102374,0.0,0.0
pad,8,0.05,B,19,16,0.0,0.0,0.17646691180696533,0.0,0.0
pad,8,0.1,M1,37,19,0.0,0.0,0.09489058741498986,0.0,0.0
pad,8,0.1,M2,178,121,0.0,0.0,0.020510774714510616,0.0,0.0
pad,8,0.1,M3,70,46,0.0,0.0,0.05133379715102374,0.0,0.0
pad,8,0.1,B,19,16,0.0,0.0,0.17646691180696533,0.0,0.0
pad,8,0.15,M1,37,19,0.0,0.0,0.09489058741498986,0.0,0.0
pad,8,0.15,M2,178,121,0.0,0.0,0.020510774714510616,0.0,0.0
pad,8,0.15,M3,70,46,0.0,0.0,0.05133379715102374,0.0,0.0
pad,8,0.15,B,19,16,0.05263157894736842,0.001331628804179424,0.2602806541952142,0.0,0.13636363636363635
hiba,9,0.05,M1,17,13,0.0,0.0,0.19506432296909318,0.0,0.0
hiba,9,0.05,M2,119,90,0.0,0.0,0.03052344485379618,0.0,0.0
hiba,9,0.05,M3,10,10,0.0,0.0,0.3084971078187608,0.0,0.0
hiba,9,0.05,B,203,69,0.0,0.0,0.018007708024901935,0.0,0.0
hiba,9,0.1,M1,17,13,0.0,0.0,0.19506432296909318,0.0,0.0
hiba,9,0.1,M2,119,90,0.0,0.0,0.03052344485379618,0.0,0.0
hiba,9,0.1,M3,10,10,0.0,0.0,0.3084971078187608,0.0,0.0
hiba,9,0.1,B,203,69,0.03940886699507389,0.017164995927606824,0.0761718317682854,0.0,0.08477992595639651
hiba,9,0.15,M1,17,13,0.0,0.0,0.19506432296909318,0.0,0.0
hiba,9,0.15,M2,119,90,0.008403361344537815,0.00021273205826973461,0.04593100044411776,0.0,0.02587513935340021
hiba,9,0.15,M3,10,10,0.0,0.0,0.3084971078187608,0.0,0.0
hiba,9,0.15,B,203,69,0.11822660098522167,0.07723794045710586,0.17078933613196534,0.0327756500705503,0.17473961487222958
pad,9,0.05,M1,30,17,0.0,0.0,0.11570330822202779,0.0,0.0
pad,9,0.05,M2,160,112,0.0,0.0,0.022791749455466522,0.0,0.0
pad,9,0.05,M3,83,50,0.0,0.0,0.0434711521664418,0.0,0.0
pad,9,0.05,B,24,22,0.0,0.0,0.14247359772252563,0.0,0.0
pad,9,0.1,M1,30,17,0.0,0.0,0.11570330822202779,0.0,0.0
pad,9,0.1,M2,160,112,0.0,0.0,0.022791749455466522,0.0,0.0
pad,9,0.1,M3,83,50,0.0,0.0,0.0434711521664418,0.0,0.0
pad,9,0.1,B,24,22,0.041666666666666664,0.0010543524454697483,0.2112016834569731,0.0,0.13043478260869565
pad,9,0.15,M1,30,17,0.0,0.0,0.11570330822202779,0.0,0.0
pad,9,0.15,M2,160,112,0.0,0.0,0.022791749455466522,0.0,0.0
pad,9,0.15,M3,83,50,0.0,0.0,0.0434711521664418,0.0,0.0
pad,9,0.15,B,24,22,0.08333333333333333,0.010256341281250152,0.26997280155760356,0.0,0.21308876811594182
hiba,10,0.05,M1,15,8,0.0,0.0,0.218019360910534,0.0,0.0
hiba,10,0.05,M2,119,97,0.0,0.0,0.03052344485379618,0.0,0.0
hiba,10,0.05,M3,12,7,0.0,0.0,0.26464846939705117,0.0,0.0
hiba,10,0.05,B,152,74,0.0,0.0,0.02397682090379162,0.0,0.0
hiba,10,0.1,M1,15,8,0.0,0.0,0.218019360910534,0.0,0.0
hiba,10,0.1,M2,119,97,0.0,0.0,0.03052344485379618,0.0,0.0
hiba,10,0.1,M3,12,7,0.0,0.0,0.26464846939705117,0.0,0.0
hiba,10,0.1,B,152,74,0.019736842105263157,0.004088853323010268,0.05659417398114477,0.0,0.047096706081081074
hiba,10,0.15,M1,15,8,0.0,0.0,0.218019360910534,0.0,0.0
hiba,10,0.15,M2,119,97,0.008403361344537815,0.00021273205826973461,0.04593100044411776,0.0,0.025
hiba,10,0.15,M3,12,7,0.0,0.0,0.26464846939705117,0.0,0.0
hiba,10,0.15,B,152,74,0.07236842105263158,0.03667789198570159,0.12579664610374372,0.02665362731152205,0.1308940158615717
pad,10,0.05,M1,24,13,0.0,0.0,0.14247359772252563,0.0,0.0
pad,10,0.05,M2,166,114,0.0,0.0,0.02197707192849604,0.0,0.0
pad,10,0.05,M3,60,38,0.0,0.0,0.059629492286166916,0.0,0.0
pad,10,0.05,B,12,12,0.0,0.0,0.26464846939705117,0.0,0.0
pad,10,0.1,M1,24,13,0.0,0.0,0.14247359772252563,0.0,0.0
pad,10,0.1,M2,166,114,0.0,0.0,0.02197707192849604,0.0,0.0
pad,10,0.1,M3,60,38,0.0,0.0,0.059629492286166916,0.0,0.0
pad,10,0.1,B,12,12,0.0,0.0,0.26464846939705117,0.0,0.0
pad,10,0.15,M1,24,13,0.0,0.0,0.14247359772252563,0.0,0.0
pad,10,0.15,M2,166,114,0.0,0.0,0.02197707192849604,0.0,0.0
pad,10,0.15,M3,60,38,0.0,0.0,0.059629492286166916,0.0,0.0
pad,10,0.15,B,12,12,0.0,0.0,0.26464846939705117,0.0,0.0
hiba,11,0.05,M1,19,9,0.0,0.0,0.17646691180696533,0.0,0.0
hiba,11,0.05,M2,127,99,0.0,0.0,0.028628506134387617,0.0,0.0
hiba,11,0.05,M3,12,11,0.0,0.0,0.26464846939705117,0.0,0.0
hiba,11,0.05,B,162,65,0.0,0.0,0.022513561452805492,0.0,0.0
hiba,11,0.1,M1,19,9,0.0,0.0,0.17646691180696533,0.0,0.0
hiba,11,0.1,M2,127,99,0.0,0.0,0.028628506134387617,0.0,0.0
hiba,11,0.1,M3,12,11,0.0,0.0,0.26464846939705117,0.0,0.0
hiba,11,0.1,B,162,65,0.07407407407407407,0.038859360821997965,0.1258171969324607,0.02815240182996569,0.12919011882426512
hiba,11,0.15,M1,19,9,0.0,0.0,0.17646691180696533,0.0,0.0
hiba,11,0.15,M2,127,99,0.015748031496062992,0.0019128821227939322,0.05572908669409177,0.0,0.04049468922108575
hiba,11,0.15,M3,12,11,0.0,0.0,0.26464846939705117,0.0,0.0
hiba,11,0.15,B,162,65,0.1419753086419753,0.0921777453990397,0.2053796210419656,0.05306214802896219,0.26493983957219247
pad,11,0.05,M1,17,13,0.0,0.0,0.19506432296909318,0.0,0.0
pad,11,0.05,M2,162,111,0.0,0.0,0.022513561452805492,0.0,0.0
pad,11,0.05,M3,75,44,0.0,0.0,0.047995064055142256,0.0,0.0
pad,11,0.05,B,16,16,0.0,0.0,0.2059072142078227,0.0,0.0
pad,11,0.1,M1,17,13,0.0,0.0,0.19506432296909318,0.0,0.0
pad,11,0.1,M2,162,111,0.0,0.0,0.022513561452805492,0.0,0.0
pad,11,0.1,M3,75,44,0.0,0.0,0.047995064055142256,0.0,0.0
pad,11,0.1,B,16,16,0.0625,0.0015811117227658884,0.3023207384345319,0.0,0.1875
pad,11,0.15,M1,17,13,0.0,0.0,0.19506432296909318,0.0,0.0
pad,11,0.15,M2,162,111,0.0,0.0,0.022513561452805492,0.0,0.0
pad,11,0.15,M3,75,44,0.0,0.0,0.047995064055142256,0.0,0.0
pad,11,0.15,B,16,16,0.0625,0.0015811117227658884,0.3023207384345319,0.0,0.1875
hiba,12,0.05,M1,15,9,0.0,0.0,0.218019360910534,0.0,0.0
hiba,12,0.05,M2,103,85,0.0,0.0,0.03518061757434017,0.0,0.0
hiba,12,0.05,M3,14,11,0.0,0.0,0.23163576165011648,0.0,0.0
hiba,12,0.05,B,218,83,0.0,0.0,0.016779101523217443,0.0,0.0
hiba,12,0.1,M1,15,9,0.0,0.0,0.218019360910534,0.0,0.0
hiba,12,0.1,M2,103,85,0.009708737864077669,0.0002457737536939754,0.05290828674020349,0.0,0.030631052796001236
hiba,12,0.1,M3,14,11,0.0,0.0,0.23163576165011648,0.0,0.0
hiba,12,0.1,B,218,83,0.009174311926605505,0.0011129892260285696,0.032746002853576615,0.0,0.021739130434782608
hiba,12,0.15,M1,15,9,0.0,0.0,0.218019360910534,0.0,0.0
hiba,12,0.15,M2,103,85,0.019417475728155338,0.002360257937108636,0.06838593190038086,0.0,0.061224489795918366
hiba,12,0.15,M3,14,11,0.0,0.0,0.23163576165011648,0.0,0.0
hiba,12,0.15,B,218,83,0.16055045871559634,0.11444905311666397,0.2161474285753655,0.055965035860655744,0.22609651152031082
pad,12,0.05,M1,28,16,0.0,0.0,0.12343611850026381,0.0,0.0
pad,12,0.05,M2,146,101,0.0,0.0,0.024949776111947798,0.0,0.0
pad,12,0.05,M3,69,45,0.0,0.0,0.05205805786307967,0.0,0.0
pad,12,0.05,B,9,7,0.0,0.0,0.3362671168799428,0.0,0.0
pad,12,0.1,M1,28,16,0.0,0.0,0.12343611850026381,0.0,0.0
pad,12,0.1,M2,146,101,0.0,0.0,0.024949776111947798,0.0,0.0
pad,12,0.1,M3,69,45,0.0,0.0,0.05205805786307967,0.0,0.0
pad,12,0.1,B,9,7,0.0,0.0,0.3362671168799428,0.0,0.0
pad,12,0.15,M1,28,16,0.0,0.0,0.12343611850026381,0.0,0.0
pad,12,0.15,M2,146,101,0.0,0.0,0.024949776111947798,0.0,0.0
pad,12,0.15,M3,69,45,0.0,0.0,0.05205805786307967,0.0,0.0
pad,12,0.15,B,9,7,0.2222222222222222,0.02814497347789821,0.600093573716312,0.0,0.46153846153846156
hiba,13,0.05,M1,12,7,0.0,0.0,0.26464846939705117,0.0,0.0
hiba,13,0.05,M2,124,99,0.0,0.0,0.029310881089774928,0.0,0.0
hiba,13,0.05,M3,9,9,0.0,0.0,0.3362671168799428,0.0,0.0
hiba,13,0.05,B,102,72,0.0,0.0,0.035519326657884064,0.0,0.0
hiba,13,0.1,M1,12,7,0.0,0.0,0.26464846939705117,0.0,0.0
hiba,13,0.1,M2,124,99,0.0,0.0,0.029310881089774928,0.0,0.0
hiba,13,0.1,M3,9,9,0.0,0.0,0.3362671168799428,0.0,0.0
hiba,13,0.1,B,102,72,0.0196078431372549,0.0023834845816113046,0.06903921219895646,0.0,0.04740566037735848
hiba,13,0.15,M1,12,7,0.08333333333333333,0.0021075932318602286,0.38479616515094406,0.0,0.25
hiba,13,0.15,M2,124,99,0.016129032258064516,0.001959304156917139,0.057048972138647326,0.0,0.04220374590514171
hiba,13,0.15,M3,9,9,0.0,0.0,0.3362671168799428,0.0,0.0
hiba,13,0.15,B,102,72,0.0784313725490196,0.03446934110516343,0.1487018888882727,0.02082474226804124,0.13888506241928542
pad,13,0.05,M1,26,17,0.0,0.0,0.1322746044977541,0.0,0.0
pad,13,0.05,M2,148,103,0.0,0.0,0.024616801578984306,0.0,0.0
pad,13,0.05,M3,75,46,0.0,0.0,0.047995064055142256,0.0,0.0
pad,13,0.05,B,27,21,0.0,0.0,0.12770286761543234,0.0,0.0
pad,13,0.1,M1,26,17,0.0,0.0,0.1322746044977541,0.0,0.0
pad,13,0.1,M2,148,103,0.0,0.0,0.024616801578984306,0.0,0.0
pad,13,0.1,M3,75,46,0.0,0.0,0.047995064055142256,0.0,0.0
pad,13,0.1,B,27,21,0.037037037037037035,0.0009372570919447077,0.1897056174130446,0.0,0.125
pad,13,0.15,M1,26,17,0.0,0.0,0.1322746044977541,0.0,0.0
pad,13,0.15,M2,148,103,0.0,0.0,0.024616801578984306,0.0,0.0
pad,13,0.15,M3,75,46,0.0,0.0,0.047995064055142256,0.0,0.0
pad,13,0.15,B,27,21,0.1111111111111111,0.023527454380853987,0.291586924273552,0.0,0.25423387096774175
hiba,14,0.05,M1,22,15,0.0,0.0,0.15437251281557457,0.0,0.0
hiba,14,0.05,M2,125,93,0.0,0.0,0.02907983713643152,0.0,0.0
hiba,14,0.05,M3,11,10,0.0,0.0,0.2849141529181544,0.0,0.0
hiba,14,0.05,B,196,71,0.0,0.0,0.018644807949330138,0.0,0.0
hiba,14,0.1,M1,22,15,0.0,0.0,0.15437251281557457,0.0,0.0
hiba,14,0.1,M2,125,93,0.016,0.0019435818023689144,0.05660211961975487,0.0,0.05130771478667444
hiba,14,0.1,M3,11,10,0.0,0.0,0.2849141529181544,0.0,0.0
hiba,14,0.1,B,196,71,0.07653061224489796,0.043464849968666765,0.12308422213295159,0.019316909294512883,0.11483359872611465
hiba,14,0.15,M1,22,15,0.13636363636363635,0.029055851128746688,0.34912209725740806,0.0,0.270833333333333
hiba,14,0.15,M2,125,93,0.016,0.0019435818023689144,0.05660211961975487,0.0,0.052876106194690256
hiba,14,0.15,M3,11,10,0.0,0.0,0.2849141529181544,0.0,0.0
hiba,14,0.15,B,196,71,0.2602040816326531,0.2002884630546764,0.32752670043019216,0.08458784543464111,0.36200152659560303
pad,14,0.05,M1,31,18,0.0,0.0,0.11218874692236996,0.0,0.0
pad,14,0.05,M2,174,118,0.0,0.0,0.020977306694394248,0.0,0.0
pad,14,0.05,M3,69,44,0.0,0.0,0.05205805786307967,0.0,0.0
pad,14,0.05,B,23,20,0.0,0.0,0.14818512891522437,0.0,0.0
pad,14,0.1,M1,31,18,0.0,0.0,0.11218874692236996,0.0,0.0
pad,14,0.1,M2,174,118,0.0,0.0,0.020977306694394248,0.0,0.0
pad,14,0.1,M3,69,44,0.0,0.0,0.05205805786307967,0.0,0.0
pad,14,0.1,B,23,20,0.08695652173913043,0.01070996603787589,0.2803793359094109,0.0,0.21739130434782608
pad,14,0.15,M1,31,18,0.0,0.0,0.11218874692236996,0.0,0.0
pad,14,0.15,M2,174,118,0.0,0.0,0.020977306694394248,0.0,0.0
pad,14,0.15,M3,69,44,0.0,0.0,0.05205805786307967,0.0,0.0
pad,14,0.15,B,23,20,0.08695652173913043,0.01070996603787589,0.2803793359094109,0.0,0.22727272727272727
hiba,15,0.05,M1,20,8,0.0,0.0,0.1684334709830853,0.0,0.0
hiba,15,0.05,M2,127,103,0.0,0.0,0.028628506134387617,0.0,0.0
hiba,15,0.05,M3,16,13,0.0,0.0,0.2059072142078227,0.0,0.0
hiba,15,0.05,B,124,62,0.0,0.0,0.029310881089774928,0.0,0.0
hiba,15,0.1,M1,20,8,0.0,0.0,0.1684334709830853,0.0,0.0
hiba,15,0.1,M2,127,103,0.023622047244094488,0.004898179856560943,0.06748158871353609,0.0,0.06182013358778623
hiba,15,0.1,M3,16,13,0.0,0.0,0.2059072142078227,0.0,0.0
hiba,15,0.1,B,124,62,0.016129032258064516,0.001959304156917139,0.057048972138647326,0.0,0.043478260869565216
hiba,15,0.15,M1,20,8,0.0,0.0,0.1684334709830853,0.0,0.0
hiba,15,0.15,M2,127,103,0.03937007874015748,0.012904955101719977,0.08948514789731273,0.008030645161290323,0.08562106346899223
hiba,15,0.15,M3,16,13,0.0,0.0,0.2059072142078227,0.0,0.0
hiba,15,0.15,B,124,62,0.0967741935483871,0.051011274156026895,0.16294377203371394,0.00994503862150921,0.20376302530630938
pad,15,0.05,M1,15,11,0.0,0.0,0.218019360910534,0.0,0.0
pad,15,0.05,M2,164,112,0.0,0.0,0.022242082203801514,0.0,0.0
pad,15,0.05,M3,68,51,0.0,0.0,0.05280304279363979,0.0,0.0
pad,15,0.05,B,20,17,0.0,0.0,0.1684334709830853,0.0,0.0
pad,15,0.1,M1,15,11,0.0,0.0,0.218019360910534,0.0,0.0
pad,15,0.1,M2,164,112,0.0,0.0,0.022242082203801514,0.0,0.0
pad,15,0.1,M3,68,51,0.0,0.0,0.05280304279363979,0.0,0.0
pad,15,0.1,B,20,17,0.05,0.0012650894979498047,0.24873276277202777,0.0,0.16666666666666666
pad,15,0.15,M1,15,11,0.0,0.0,0.218019360910534,0.0,0.0
pad,15,0.15,M2,164,112,0.0,0.0,0.022242082203801514,0.0,0.0
pad,15,0.15,M3,68,51,0.0,0.0,0.05280304279363979,0.0,0.0
pad,15,0.15,B,20,17,0.1,0.012348527170294813,0.31698271401908235,0.0,0.2631578947368421
hiba,16,0.05,M1,22,11,0.0,0.0,0.15437251281557457,0.0,0.0
hiba,16,0.05,M2,127,95,0.0,0.0,0.028628506134387617,0.0,0.0
hiba,16,0.05,M3,10,10,0.0,0.0,0.3084971078187608,0.0,0.0
hiba,16,0.05,B,216,68,0.0,0.0,0.01693314073693567,0.0,0.0
hiba,16,0.1,M1,22,11,0.0,0.0,0.15437251281557457,0.0,0.0
hiba,16,0.1,M2,127,95,0.007874015748031496,0.0001993329493211254,0.04308967368200988,0.0,0.025322247543085027
hiba,16,0.1,M3,10,10,0.0,0.0,0.3084971078187608,0.0,0.0
hiba,16,0.1,B,216,68,0.0787037037037037,0.046515083378552036,0.12302261061379038,0.04378415300546448,0.13273584905660374
hiba,16,0.15,M1,22,11,0.0,0.0,0.15437251281557457,0.0,0.0
hiba,16,0.15,M2,127,95,0.031496062992125984,0.008647003744955058,0.07867912724282826,0.00754585326953748,0.059491431730237694
hiba,16,0.15,M3,10,10,0.0,0.0,0.3084971078187608,0.0,0.0
hiba,16,0.15,B,216,68,0.16203703703703703,0.11553481868556287,0.21808064754950224,0.08171296296296296,0.22107099296886212
pad,16,0.05,M1,22,14,0.0,0.0,0.15437251281557457,0.0,0.0
pad,16,0.05,M2,142,106,0.0,0.0,0.025643498484463182,0.0,0.0
pad,16,0.05,M3,61,44,0.0,0.0,0.05868122393229261,0.0,0.0
pad,16,0.05,B,26,23,0.0,0.0,0.1322746044977541,0.0,0.0
pad,16,0.1,M1,22,14,0.0,0.0,0.15437251281557457,0.0,0.0
pad,16,0.1,M2,142,106,0.0,0.0,0.025643498484463182,0.0,0.0
pad,16,0.1,M3,61,44,0.0,0.0,0.05868122393229261,0.0,0.0
pad,16,0.1,B,26,23,0.0,0.0,0.1322746044977541,0.0,0.0
pad,16,0.15,M1,22,14,0.0,0.0,0.15437251281557457,0.0,0.0
pad,16,0.15,M2,142,106,0.0,0.0,0.025643498484463182,0.0,0.0
pad,16,0.15,M3,61,44,0.01639344262295082,0.00041495991283974065,0.08798812292274527,0.0,0.06204326923076921
pad,16,0.15,B,26,23,0.0,0.0,0.1322746044977541,0.0,0.0
hiba,17,0.05,M1,16,9,0.0,0.0,0.2059072142078227,0.0,0.0
hiba,17,0.05,M2,113,92,0.0,0.0,0.03211785574573937,0.0,0.0
hiba,17,0.05,M3,12,11,0.0,0.0,0.26464846939705117,0.0,0.0
hiba,17,0.05,B,302,71,0.0,0.0,0.01214053438266115,0.0,0.0
hiba,17,0.1,M1,16,9,0.0,0.0,0.2059072142078227,0.0,0.0
hiba,17,0.1,M2,113,92,0.0,0.0,0.03211785574573937,0.0,0.0
hiba,17,0.1,M3,12,11,0.0,0.0,0.26464846939705117,0.0,0.0
hiba,17,0.1,B,302,71,0.0033112582781456954,8.383028731756196e-05,0.018310113646851665,0.0,0.011721217669947354
hiba,17,0.15,M1,16,9,0.0,0.0,0.2059072142078227,0.0,0.0
hiba,17,0.15,M2,113,92,0.0,0.0,0.03211785574573937,0.0,0.0
hiba,17,0.15,M3,12,11,0.0,0.0,0.26464846939705117,0.0,0.0
hiba,17,0.15,B,302,71,0.076158940397351,0.04888864113533374,0.11208566436420707,0.03773584905660377,0.11554034012260234
pad,17,0.05,M1,28,19,0.0,0.0,0.12343611850026381,0.0,0.0
pad,17,0.05,M2,153,106,0.0,0.0,0.023821991293435516,0.0,0.0
pad,17,0.05,M3,68,44,0.0,0.0,0.05280304279363979,0.0,0.0
pad,17,0.05,B,22,20,0.0,0.0,0.15437251281557457,0.0,0.0
pad,17,0.1,M1,28,19,0.0,0.0,0.12343611850026381,0.0,0.0
pad,17,0.1,M2,153,106,0.0,0.0,0.023821991293435516,0.0,0.0
pad,17,0.1,M3,68,44,0.0,0.0,0.05280304279363979,0.0,0.0
pad,17,0.1,B,22,20,0.0,0.0,0.15437251281557457,0.0,0.0
pad,17,0.15,M1,28,19,0.0,0.0,0.12343611850026381,0.0,0.0
pad,17,0.15,M2,153,106,0.0,0.0,0.023821991293435516,0.0,0.0
pad,17,0.15,M3,68,44,0.0,0.0,0.05280304279363979,0.0,0.0
pad,17,0.15,B,22,20,0.045454545454545456,0.0011501475265735762,0.22844439766763341,0.0,0.14660714285714269
hiba,18,0.05,M1,22,11,0.0,0.0,0.15437251281557457,0.0,0.0
hiba,18,0.05,M2,125,98,0.0,0.0,0.02907983713643152,0.0,0.0
hiba,18,0.05,M3,11,10,0.0,0.0,0.2849141529181544,0.0,0.0
hiba,18,0.05,B,189,68,0.0,0.0,0.019328640067902317,0.0,0.0
hiba,18,0.1,M1,22,11,0.0,0.0,0.15437251281557457,0.0,0.0
hiba,18,0.1,M2,125,98,0.008,0.0002025219535342447,0.04376653637502473,0.0,0.025980134932533726
hiba,18,0.1,M3,11,10,0.0,0.0,0.2849141529181544,0.0,0.0
hiba,18,0.1,B,189,68,0.06878306878306878,0.03712983476467183,0.11474914068499384,0.02554920375663536,0.12640715251321125
hiba,18,0.15,M1,22,11,0.045454545454545456,0.0011501475265735762,0.22844439766763341,0.0,0.15789473684210525
hiba,18,0.15,M2,125,98,0.008,0.0002025219535342447,0.04376653637502473,0.0,0.025537809647979134
hiba,18,0.15,M3,11,10,0.0,0.0,0.2849141529181544,0.0,0.0
hiba,18,0.15,B,189,68,0.2275132275132275,0.16981305019923726,0.2939676767566031,0.0874597099113618,0.3676058922205911
pad,18,0.05,M1,21,14,0.0,0.0,0.1610976152190796,0.0,0.0
pad,18,0.05,M2,173,114,0.0,0.0,0.021097274650684936,0.0,0.0
pad,18,0.05,M3,56,42,0.0,0.0,0.06375009666236217,0.0,0.0
pad,18,0.05,B,18,17,0.05555555555555555,0.0014055561673694233,0.27294359967336845,0.0,0.17647058823529413
pad,18,0.1,M1,21,14,0.0,0.0,0.1610976152190796,0.0,0.0
pad,18,0.1,M2,173,114,0.0,0.0,0.021097274650684936,0.0,0.0
pad,18,0.1,M3,56,42,0.0,0.0,0.06375009666236217,0.0,0.0
pad,18,0.1,B,18,17,0.05555555555555555,0.0014055561673694233,0.27294359967336845,0.0,0.17647058823529413
pad,18,0.15,M1,21,14,0.0,0.0,0.1610976152190796,0.0,0.0
pad,18,0.15,M2,173,114,0.0,0.0,0.021097274650684936,0.0,0.0
pad,18,0.15,M3,56,42,0.0,0.0,0.06375009666236217,0.0,0.0
pad,18,0.15,B,18,17,0.05555555555555555,0.0014055561673694233,0.27294359967336845,0.0,0.17647058823529413
hiba,19,0.05,M1,15,11,0.0,0.0,0.218019360910534,0.0,0.0
hiba,19,0.05,M2,115,91,0.0,0.0,0.03156819598824707,0.0,0.0
hiba,19,0.05,M3,8,8,0.0,0.0,0.3694166475528192,0.0,0.0
hiba,19,0.05,B,136,74,0.0,0.0,0.026759558379143282,0.0,0.0
hiba,19,0.1,M1,15,11,0.0,0.0,0.218019360910534,0.0,0.0
hiba,19,0.1,M2,115,91,0.008695652173913044,0.0002201306197361845,0.047496946884995214,0.0,0.027982068607068568
hiba,19,0.1,M3,8,8,0.0,0.0,0.3694166475528192,0.0,0.0
hiba,19,0.1,B,136,74,0.04411764705882353,0.016360060890745293,0.09355123763060079,0.0,0.0891624913438429
hiba,19,0.15,M1,15,11,0.0,0.0,0.218019360910534,0.0,0.0
hiba,19,0.15,M2,115,91,0.02608695652173913,0.00541240902789705,0.0743462344101989,0.0,0.056
hiba,19,0.15,M3,8,8,0.0,0.0,0.3694166475528192,0.0,0.0
hiba,19,0.15,B,136,74,0.10294117647058823,0.05743181378408759,0.1666843114826838,0.03966103830645162,0.1645109308091052
pad,19,0.05,M1,20,11,0.0,0.0,0.1684334709830853,0.0,0.0
pad,19,0.05,M2,141,104,0.0,0.0,0.025822998663865577,0.0,0.0
pad,19,0.05,M3,81,53,0.0,0.0,0.044520262456321735,0.0,0.0
pad,19,0.05,B,22,18,0.0,0.0,0.15437251281557457,0.0,0.0
pad,19,0.1,M1,20,11,0.0,0.0,0.1684334709830853,0.0,0.0
pad,19,0.1,M2,141,104,0.0,0.0,0.025822998663865577,0.0,0.0
pad,19,0.1,M3,81,53,0.0,0.0,0.044520262456321735,0.0,0.0
pad,19,0.1,B,22,18,0.045454545454545456,0.0011501475265735762,0.22844439766763341,0.0,0.15
pad,19,0.15,M1,20,11,0.0,0.0,0.1684334709830853,0.0,0.0
pad,19,0.15,M2,141,104,0.0,0.0,0.025822998663865577,0.0,0.0
pad,19,0.15,M3,81,53,0.0,0.0,0.044520262456321735,0.0,0.0
pad,19,0.15,B,22,18,0.13636363636363635,0.029055851128746688,0.34912209725740806,0.0,0.30052334943639275
hiba,20,0.05,M1,8,5,0.0,0.0,0.3694166475528192,0.0,0.0
hiba,20,0.05,M2,125,99,0.0,0.0,0.02907983713643152,0.0,0.0
hiba,20,0.05,M3,9,9,0.0,0.0,0.3362671168799428,0.0,0.0
hiba,20,0.05,B,192,76,0.0,0.0,0.01902952216877982,0.0,0.0
hiba,20,0.1,M1,8,5,0.0,0.0,0.3694166475528192,0.0,0.0
hiba,20,0.1,M2,125,99,0.008,0.0002025219535342447,0.04376653637502473,0.0,0.02656249999999999
hiba,20,0.1,M3,9,9,0.0,0.0,0.3362671168799428,0.0,0.0
hiba,20,0.1,B,192,76,0.005208333333333333,0.0001318548896313441,0.02867584185449001,0.0,0.018078388677191068
hiba,20,0.15,M1,8,5,0.0,0.0,0.3694166475528192,0.0,0.0
hiba,20,0.15,M2,125,99,0.016,0.0019435818023689144,0.05660211961975487,0.0,0.04065040650406504
hiba,20,0.15,M3,9,9,0.0,0.0,0.3362671168799428,0.0,0.0
hiba,20,0.15,B,192,76,0.09895833333333333,0.06063727554995105,0.1502186790550737,0.04320494410474955,0.17156543365559757
pad,20,0.05,M1,28,17,0.0,0.0,0.12343611850026381,0.0,0.0
pad,20,0.05,M2,162,117,0.0,0.0,0.022513561452805492,0.0,0.0
pad,20,0.05,M3,56,41,0.0,0.0,0.06375009666236217,0.0,0.0
pad,20,0.05,B,17,13,0.0,0.0,0.19506432296909318,0.0,0.0
pad,20,0.1,M1,28,17,0.0,0.0,0.12343611850026381,0.0,0.0
pad,20,0.1,M2,162,117,0.0,0.0,0.022513561452805492,0.0,0.0
pad,20,0.1,M3,56,41,0.0,0.0,0.06375009666236217,0.0,0.0
pad,20,0.1,B,17,13,0.0,0.0,0.19506432296909318,0.0,0.0
pad,20,0.15,M1,28,17,0.0,0.0,0.12343611850026381,0.0,0.0
pad,20,0.15,M2,162,117,0.0,0.0,0.022513561452805492,0.0,0.0
pad,20,0.15,M3,56,41,0.0,0.0,0.06375009666236217,0.0,0.0
pad,20,0.15,B,17,13,0.0,0.0,0.19506432296909318,0.0,0.0
hiba,21,0.05,M1,16,10,0.0,0.0,0.2059072142078227,0.0,0.0
hiba,21,0.05,M2,119,97,0.0,0.0,0.03052344485379618,0.0,0.0
hiba,21,0.05,M3,18,10,0.0,0.0,0.1853019681378522,0.0,0.0
hiba,21,0.05,B,120,69,0.0,0.0,0.03027297257742007,0.0,0.0
hiba,21,0.1,M1,16,10,0.0,0.0,0.2059072142078227,0.0,0.0
hiba,21,0.1,M2,119,97,0.01680672268907563,0.002041892316239979,0.059393388134475616,0.0,0.05151414677276745
hiba,21,0.1,M3,18,10,0.0,0.0,0.1853019681378522,0.0,0.0
hiba,21,0.1,B,120,69,0.075,0.034867390611962125,0.13760105789036722,0.023752941176470588,0.12797040834682494
hiba,21,0.15,M1,16,10,0.0,0.0,0.2059072142078227,0.0,0.0
hiba,21,0.15,M2,119,97,0.025210084033613446,0.005229407817373738,0.07190798046104246,0.0,0.06900037160906723
hiba,21,0.15,M3,18,10,0.0,0.0,0.1853019681378522,0.0,0.0
hiba,21,0.15,B,120,69,0.175,0.1117143430937466,0.2549800275657284,0.08318733153638815,0.2610752979414951
pad,21,0.05,M1,30,18,0.0,0.0,0.11570330822202779,0.0,0.0
pad,21,0.05,M2,137,100,0.0,0.0,0.026566851096283282,0.0,0.0
pad,21,0.05,M3,73,46,0.0,0.0,0.04927706089585928,0.0,0.0
pad,21,0.05,B,17,15,0.058823529411764705,0.001488174391266636,0.2868893966672207,0.0,0.1875
pad,21,0.1,M1,30,18,0.0,0.0,0.11570330822202779,0.0,0.0
pad,21,0.1,M2,137,100,0.0,0.0,0.026566851096283282,0.0,0.0
pad,21,0.1,M3,73,46,0.0,0.0,0.04927706089585928,0.0,0.0
pad,21,0.1,B,17,15,0.058823529411764705,0.001488174391266636,0.2868893966672207,0.0,0.1875
pad,21,0.15,M1,30,18,0.0,0.0,0.11570330822202779,0.0,0.0
pad,21,0.15,M2,137,100,0.0,0.0,0.026566851096283282,0.0,0.0
pad,21,0.15,M3,73,46,0.0,0.0,0.04927706089585928,0.0,0.0
pad,21,0.15,B,17,15,0.058823529411764705,0.001488174391266636,0.2868893966672207,0.0,0.18906249999999994
hiba,22,0.05,M1,20,11,0.0,0.0,0.1684334709830853,0.0,0.0
hiba,22,0.05,M2,113,87,0.0,0.0,0.03211785574573937,0.0,0.0
hiba,22,0.05,M3,18,12,0.0,0.0,0.1853019681378522,0.0,0.0
hiba,22,0.05,B,184,77,0.0,0.0,0.01984862788420177,0.0,0.0
hiba,22,0.1,M1,20,11,0.0,0.0,0.1684334709830853,0.0,0.0
hiba,22,0.1,M2,113,87,0.0,0.0,0.03211785574573937,0.0,0.0
hiba,22,0.1,M3,18,12,0.0,0.0,0.1853019681378522,0.0,0.0
hiba,22,0.1,B,184,77,0.010869565217391304,0.0013190761213316357,0.03871108027808766,0.0,0.025974025974025976
hiba,22,0.15,M1,20,11,0.0,0.0,0.1684334709830853,0.0,0.0
hiba,22,0.15,M2,113,87,0.008849557522123894,0.00022402630045098988,0.048320648564102286,0.0,0.02765672782874617
hiba,22,0.15,M3,18,12,0.0,0.0,0.1853019681378522,0.0,0.0
hiba,22,0.15,B,184,77,0.07608695652173914,0.04222035293216203,0.12436629677700131,0.030525748215997444,0.148606986053719
pad,22,0.05,M1,38,20,0.0,0.0,0.09251276141587828,0.0,0.0
pad,22,0.05,M2,143,96,0.0,0.0,0.025466476413347372,0.0,0.0
pad,22,0.05,M3,77,50,0.0,0.0,0.046778068160404106,0.0,0.0
pad,22,0.05,B,17,15,0.0,0.0,0.19506432296909318,0.0,0.0
pad,22,0.1,M1,38,20,0.0,0.0,0.09251276141587828,0.0,0.0
pad,22,0.1,M2,143,96,0.0,0.0,0.025466476413347372,0.0,0.0
pad,22,0.1,M3,77,50,0.0,0.0,0.046778068160404106,0.0,0.0
pad,22,0.1,B,17,15,0.058823529411764705,0.001488174391266636,0.2868893966672207,0.0,0.1875
pad,22,0.15,M1,38,20,0.0,0.0,0.09251276141587828,0.0,0.0
pad,22,0.15,M2,143,96,0.0,0.0,0.025466476413347372,0.0,0.0
pad,22,0.15,M3,77,50,0.0,0.0,0.046778068160404106,0.0,0.0
pad,22,0.15,B,17,15,0.058823529411764705,0.001488174391266636,0.2868893966672207,0.0,0.1875
hiba,23,0.05,M1,19,9,0.0,0.0,0.17646691180696533,0.0,0.0
hiba,23,0.05,M2,112,92,0.0,0.0,0.03239992593135989,0.0,0.0
hiba,23,0.05,M3,8,7,0.0,0.0,0.3694166475528192,0.0,0.0
hiba,23,0.05,B,137,77,0.0,0.0,0.026566851096283282,0.0,0.0
hiba,23,0.1,M1,19,9,0.0,0.0,0.17646691180696533,0.0,0.0
hiba,23,0.1,M2,112,92,0.0,0.0,0.03239992593135989,0.0,0.0
hiba,23,0.1,M3,8,7,0.0,0.0,0.3694166475528192,0.0,0.0
hiba,23,0.1,B,137,77,0.014598540145985401,0.0017728664269936643,0.05173889758210789,0.0,0.03391904937023075
hiba,23,0.15,M1,19,9,0.0,0.0,0.17646691180696533,0.0,0.0
hiba,23,0.15,M2,112,92,0.008928571428571428,0.0002260263092066397,0.04874330473012579,0.0,0.02717275557011794
hiba,23,0.15,M3,8,7,0.0,0.0,0.3694166475528192,0.0,0.0
hiba,23,0.15,B,137,77,0.072992700729927,0.03555631049762681,0.13013934691493412,0.02082608695652174,0.13716097560975604
pad,23,0.05,M1,26,14,0.0,0.0,0.1322746044977541,0.0,0.0
pad,23,0.05,M2,149,104,0.0,0.0,0.024453624905590006,0.0,0.0
pad,23,0.05,M3,65,41,0.0,0.0,0.055171634318813376,0.0,0.0
pad,23,0.05,B,14,13,0.0,0.0,0.23163576165011648,0.0,0.0
pad,23,0.1,M1,26,14,0.0,0.0,0.1322746044977541,0.0,0.0
pad,23,0.1,M2,149,104,0.0,0.0,0.024453624905590006,0.0,0.0
pad,23,0.1,M3,65,41,0.0,0.0,0.055171634318813376,0.0,0.0
pad,23,0.1,B,14,13,0.0,0.0,0.23163576165011648,0.0,0.0
pad,23,0.15,M1,26,14,0.0,0.0,0.1322746044977541,0.0,0.0
pad,23,0.15,M2,149,104,0.0,0.0,0.024453624905590006,0.0,0.0
pad,23,0.15,M3,65,41,0.0,0.0,0.055171634318813376,0.0,0.0
pad,23,0.15,B,14,13,0.0,0.0,0.23163576165011648,0.0,0.0
hiba,24,0.05,M1,12,9,0.0,0.0,0.26464846939705117,0.0,0.0
hiba,24,0.05,M2,112,89,0.0,0.0,0.03239992593135989,0.0,0.0
hiba,24,0.05,M3,11,10,0.0,0.0,0.2849141529181544,0.0,0.0
hiba,24,0.05,B,168,75,0.0,0.0,0.021718302138675937,0.0,0.0
hiba,24,0.1,M1,12,9,0.0,0.0,0.26464846939705117,0.0,0.0
hiba,24,0.1,M2,112,89,0.026785714285714284,0.005558292065040165,0.07628622472576431,0.0,0.07021161985378989
hiba,24,0.1,M3,11,10,0.0,0.0,0.2849141529181544,0.0,0.0
hiba,24,0.1,B,168,75,0.07142857142857142,0.037450812260858474,0.12144677063287315,0.022468017057569296,0.11985328185328184
hiba,24,0.15,M1,12,9,0.0,0.0,0.26464846939705117,0.0,0.0
hiba,24,0.15,M2,112,89,0.05357142857142857,0.019910945394111094,0.1129596592043204,0.00947663971248877,0.10429245283018866
hiba,24,0.15,M3,11,10,0.0,0.0,0.2849141529181544,0.0,0.0
hiba,24,0.15,B,168,75,0.125,0.0790693866695085,0.18471016609105637,0.06320231213872833,0.1834004024144869
pad,24,0.05,M1,27,13,0.0,0.0,0.12770286761543234,0.0,0.0
pad,24,0.05,M2,145,104,0.0,0.0,0.025119664131802152,0.0,0.0
pad,24,0.05,M3,82,52,0.0,0.0,0.04398945418684236,0.0,0.0
pad,24,0.05,B,22,19,0.0,0.0,0.15437251281557457,0.0,0.0
pad,24,0.1,M1,27,13,0.0,0.0,0.12770286761543234,0.0,0.0
pad,24,0.1,M2,145,104,0.0,0.0,0.025119664131802152,0.0,0.0
pad,24,0.1,M3,82,52,0.0,0.0,0.04398945418684236,0.0,0.0
pad,24,0.1,B,22,19,0.045454545454545456,0.0011501475265735762,0.22844439766763341,0.0,0.15
pad,24,0.15,M1,27,13,0.0,0.0,0.12770286761543234,0.0,0.0
pad,24,0.15,M2,145,104,0.0,0.0,0.025119664131802152,0.0,0.0
pad,24,0.15,M3,82,52,0.0,0.0,0.04398945418684236,0.0,0.0
pad,24,0.15,B,22,19,0.045454545454545456,0.0011501475265735762,0.22844439766763341,0.0,0.15
hiba,25,0.05,M1,14,9,0.0,0.0,0.23163576165011648,0.0,0.0
hiba,25,0.05,M2,110,91,0.0,0.0,0.032979194032219696,0.0,0.0
hiba,25,0.05,M3,9,8,0.0,0.0,0.3362671168799428,0.0,0.0
hiba,25,0.05,B,189,76,0.0,0.0,0.019328640067902317,0.0,0.0
hiba,25,0.1,M1,14,9,0.0,0.0,0.23163576165011648,0.0,0.0
hiba,25,0.1,M2,110,91,0.00909090909090909,0.00023013540555029267,0.04961118931198478,0.0,0.026785714285714284
hiba,25,0.1,M3,9,8,0.0,0.0,0.3362671168799428,0.0,0.0
hiba,25,0.1,B,189,76,0.010582010582010581,0.0012841095697442842,0.037701135682956216,0.0,0.023009920634920626
hiba,25,0.15,M1,14,9,0.0,0.0,0.23163576165011648,0.0,0.0
hiba,25,0.15,M2,110,91,0.03636363636363636,0.009995204344104112,0.09049204996520153,0.0,0.08812684365781709
hiba,25,0.15,M3,9,8,0.0,0.0,0.3362671168799428,0.0,0.0
hiba,25,0.15,B,189,76,0.10582010582010581,0.0658462475323772,0.1586930374706128,0.04224073798541884,0.1801210079840319
pad,25,0.05,M1,28,14,0.0,0.0,0.12343611850026381,0.0,0.0
pad,25,0.05,M2,154,107,0.0,0.0,0.023669148372542775,0.0,0.0
pad,25,0.05,M3,68,51,0.0,0.0,0.05280304279363979,0.0,0.0
pad,25,0.05,B,16,12,0.0625,0.0015811117227658884,0.3023207384345319,0.0,0.22293956043956006
pad,25,0.1,M1,28,14,0.0,0.0,0.12343611850026381,0.0,0.0
pad,25,0.1,M2,154,107,0.0,0.0,0.023669148372542775,0.0,0.0
pad,25,0.1,M3,68,51,0.0,0.0,0.05280304279363979,0.0,0.0
pad,25,0.1,B,16,12,0.0625,0.0015811117227658884,0.3023207384345319,0.0,0.20749999999999968
pad,25,0.15,M1,28,14,0.0,0.0,0.12343611850026381,0.0,0.0
pad,25,0.15,M2,154,107,0.0,0.0,0.023669148372542775,0.0,0.0
pad,25,0.15,M3,68,51,0.0,0.0,0.05280304279363979,0.0,0.0
pad,25,0.15,B,16,12,0.1875,0.0404737339059459,0.4564565462316117,0.0,0.394722222222222
hiba,26,0.05,M1,17,10,0.0,0.0,0.19506432296909318,0.0,0.0
hiba,26,0.05,M2,129,95,0.0,0.0,0.02819096974972637,0.0,0.0
hiba,26,0.05,M3,11,6,0.0,0.0,0.2849141529181544,0.0,0.0
hiba,26,0.05,B,248,77,0.0,0.0,0.014764434812554551,0.0,0.0
hiba,26,0.1,M1,17,10,0.0,0.0,0.19506432296909318,0.0,0.0
hiba,26,0.1,M2,129,95,0.023255813953488372,0.00482182699708299,0.06645882282619843,0.0,0.063431898140392
hiba,26,0.1,M3,11,6,0.0,0.0,0.2849141529181544,0.0,0.0
hiba,26,0.1,B,248,77,0.028225806451612902,0.011421981732202787,0.057288696071744846,0.004770291837665299,0.04839573395733956
hiba,26,0.15,M1,17,10,0.0,0.0,0.19506432296909318,0.0,0.0
hiba,26,0.15,M2,129,95,0.023255813953488372,0.00482182699708299,0.06645882282619843,0.0,0.058823529411764705
hiba,26,0.15,M3,11,6,0.0,0.0,0.2849141529181544,0.0,0.0
hiba,26,0.15,B,248,77,0.18548387096774194,0.1391146240822243,0.2395443325854878,0.03643011609378557,0.2878533755274261
pad,26,0.05,M1,26,16,0.0,0.0,0.1322746044977541,0.0,0.0
pad,26,0.05,M2,162,109,0.0,0.0,0.022513561452805492,0.0,0.0
pad,26,0.05,M3,74,51,0.0,0.0,0.04862761623798952,0.0,0.0
pad,26,0.05,B,16,15,0.0,0.0,0.2059072142078227,0.0,0.0
pad,26,0.1,M1,26,16,0.0,0.0,0.1322746044977541,0.0,0.0
pad,26,0.1,M2,162,109,0.0,0.0,0.022513561452805492,0.0,0.0
pad,26,0.1,M3,74,51,0.0,0.0,0.04862761623798952,0.0,0.0
pad,26,0.1,B,16,15,0.0625,0.0015811117227658884,0.3023207384345319,0.0,0.2
pad,26,0.15,M1,26,16,0.0,0.0,0.1322746044977541,0.0,0.0
pad,26,0.15,M2,162,109,0.0,0.0,0.022513561452805492,0.0,0.0
pad,26,0.15,M3,74,51,0.0,0.0,0.04862761623798952,0.0,0.0
pad,26,0.15,B,16,15,0.0625,0.0015811117227658884,0.3023207384345319,0.0,0.2
hiba,27,0.05,M1,16,7,0.0,0.0,0.2059072142078227,0.0,0.0
hiba,27,0.05,M2,120,95,0.0,0.0,0.03027297257742007,0.0,0.0
hiba,27,0.05,M3,10,10,0.0,0.0,0.3084971078187608,0.0,0.0
hiba,27,0.05,B,253,72,0.0,0.0,0.014474769706924151,0.0,0.0
hiba,27,0.1,M1,16,7,0.0,0.0,0.2059072142078227,0.0,0.0
hiba,27,0.1,M2,120,95,0.016666666666666666,0.002024822337693082,0.05890921946702682,0.0,0.05042016806722689
hiba,27,0.1,M3,10,10,0.0,0.0,0.3084971078187608,0.0,0.0
hiba,27,0.1,B,253,72,0.06324110671936758,0.03657648071787994,0.1006696970136427,0.028811095884722398,0.11038784027673333
hiba,27,0.15,M1,16,7,0.0625,0.0015811117227658884,0.3023207384345319,0.0,0.21428571428571427
hiba,27,0.15,M2,120,95,0.025,0.005185574958321363,0.07132319415690505,0.0,0.06333035075161057
hiba,27,0.15,M3,10,10,0.0,0.0,0.3084971078187608,0.0,0.0
hiba,27,0.15,B,253,72,0.19367588932806323,0.14685258397852427,0.2478333878210446,0.09902424497232148,0.271755399772641
pad,27,0.05,M1,21,15,0.0,0.0,0.1610976152190796,0.0,0.0
pad,27,0.05,M2,156,115,0.0,0.0,0.023369271591380202,0.0,0.0
pad,27,0.05,M3,62,44,0.0,0.0,0.05776263442929093,0.0,0.0
pad,27,0.05,B,19,16,0.0,0.0,0.17646691180696533,0.0,0.0
pad,27,0.1,M1,21,15,0.0,0.0,0.1610976152190796,0.0,0.0
pad,27,0.1,M2,156,115,0.0,0.0,0.023369271591380202,0.0,0.0
pad,27,0.1,M3,62,44,0.0,0.0,0.05776263442929093,0.0,0.0
pad,27,0.1,B,19,16,0.0,0.0,0.17646691180696533,0.0,0.0
pad,27,0.15,M1,21,15,0.0,0.0,0.1610976152190796,0.0,0.0
pad,27,0.15,M2,156,115,0.0,0.0,0.023369271591380202,0.0,0.0
pad,27,0.15,M3,62,44,0.0,0.0,0.05776263442929093,0.0,0.0
pad,27,0.15,B,19,16,0.0,0.0,0.17646691180696533,0.0,0.0
hiba,28,0.05,M1,24,15,0.0,0.0,0.14247359772252563,0.0,0.0
hiba,28,0.05,M2,123,96,0.0,0.0,0.029545625527072385,0.0,0.0
hiba,28,0.05,M3,16,8,0.0,0.0,0.2059072142078227,0.0,0.0
hiba,28,0.05,B,150,67,0.0,0.0,0.02429259716610854,0.0,0.0
hiba,28,0.1,M1,24,15,0.0,0.0,0.14247359772252563,0.0,0.0
hiba,28,0.1,M2,123,96,0.0,0.0,0.029545625527072385,0.0,0.0
hiba,28,0.1,M3,16,8,0.0,0.0,0.2059072142078227,0.0,0.0
hiba,28,0.1,B,150,67,0.006666666666666667,0.00016877114310994768,0.03658316774058025,0.0,0.018811910377358486
hiba,28,0.15,M1,24,15,0.0,0.0,0.14247359772252563,0.0,0.0
hiba,28,0.15,M2,123,96,0.032520325203252036,0.008930432655649828,0.0811725034891735,0.007458778966131908,0.06611570247933884
hiba,28,0.15,M3,16,8,0.0,0.0,0.2059072142078227,0.0,0.0
hiba,28,0.15,B,150,67,0.11333333333333333,0.06742413964790869,0.17524863866553708,0.020054391619661563,0.24808375634517763
pad,28,0.05,M1,35,21,0.0,0.0,0.10003243557210503,0.0,0.0
pad,28,0.05,M2,159,114,0.0,0.0,0.02293343743096093,0.0,0.0
pad,28,0.05,M3,74,53,0.0,0.0,0.04862761623798952,0.0,0.0
pad,28,0.05,B,17,15,0.0,0.0,0.19506432296909318,0.0,0.0
pad,28,0.1,M1,35,21,0.0,0.0,0.10003243557210503,0.0,0.0
pad,28,0.1,M2,159,114,0.0,0.0,0.02293343743096093,0.0,0.0
pad,28,0.1,M3,74,53,0.0,0.0,0.04862761623798952,0.0,0.0
pad,28,0.1,B,17,15,0.058823529411764705,0.001488174391266636,0.2868893966672207,0.0,0.1875
pad,28,0.15,M1,35,21,0.0,0.0,0.10003243557210503,0.0,0.0
pad,28,0.15,M2,159,114,0.0,0.0,0.02293343743096093,0.0,0.0
pad,28,0.15,M3,74,53,0.0,0.0,0.04862761623798952,0.0,0.0
pad,28,0.15,B,17,15,0.058823529411764705,0.001488174391266636,0.2868893966672207,0.0,0.18906249999999994
hiba,29,0.05,M1,15,11,0.0,0.0,0.218019360910534,0.0,0.0
hiba,29,0.05,M2,109,84,0.0,0.0,0.03327666479850845,0.0,0.0
hiba,29,0.05,M3,18,14,0.0,0.0,0.1853019681378522,0.0,0.0
hiba,29,0.05,B,244,83,0.0,0.0,0.015004649788349866,0.0,0.0
hiba,29,0.1,M1,15,11,0.0,0.0,0.218019360910534,0.0,0.0
hiba,29,0.1,M2,109,84,0.0,0.0,0.03327666479850845,0.0,0.0
hiba,29,0.1,M3,18,14,0.0,0.0,0.1853019681378522,0.0,0.0
hiba,29,0.1,B,244,83,0.028688524590163935,0.011610470812644935,0.058213455766329074,0.0,0.05664437012263098
hiba,29,0.15,M1,15,11,0.0,0.0,0.218019360910534,0.0,0.0
hiba,29,0.15,M2,109,84,0.009174311926605505,0.00023224649435231117,0.05005682308481245,0.0,0.030631052796001236
hiba,29,0.15,M3,18,14,0.0,0.0,0.1853019681378522,0.0,0.0
hiba,29,0.15,B,244,83,0.15163934426229508,0.10906993692109289,0.20290582486292819,0.03736037234042553,0.22269265232974908
pad,29,0.05,M1,22,14,0.0,0.0,0.15437251281557457,0.0,0.0
pad,29,0.05,M2,149,101,0.0,0.0,0.024453624905590006,0.0,0.0
pad,29,0.05,M3,85,59,0.0,0.0,0.04247033991124916,0.0,0.0
pad,29,0.05,B,24,20,0.0,0.0,0.14247359772252563,0.0,0.0
pad,29,0.1,M1,22,14,0.0,0.0,0.15437251281557457,0.0,0.0
pad,29,0.1,M2,149,101,0.0,0.0,0.024453624905590006,0.0,0.0
pad,29,0.1,M3,85,59,0.0,0.0,0.04247033991124916,0.0,0.0
pad,29,0.1,B,24,20,0.041666666666666664,0.0010543524454697483,0.2112016834569731,0.0,0.13636363636363635
pad,29,0.15,M1,22,14,0.0,0.0,0.15437251281557457,0.0,0.0
pad,29,0.15,M2,149,101,0.0,0.0,0.024453624905590006,0.0,0.0
pad,29,0.15,M3,85,59,0.011764705882352941,0.0002978122096584484,0.0638128785535284,0.0,0.038992914979757064
pad,29,0.15,B,24,20,0.08333333333333333,0.010256341281250152,0.26997280155760356,0.0,0.18181818181818182
hiba,30,0.05,M1,21,9,0.0,0.0,0.1610976152190796,0.0,0.0
hiba,30,0.05,M2,120,97,0.0,0.0,0.03027297257742007,0.0,0.0
hiba,30,0.05,M3,14,13,0.0,0.0,0.23163576165011648,0.0,0.0
hiba,30,0.05,B,216,68,0.0,0.0,0.01693314073693567,0.0,0.0
hiba,30,0.1,M1,21,9,0.0,0.0,0.1610976152190796,0.0,0.0
hiba,30,0.1,M2,120,97,0.025,0.005185574958321363,0.07132319415690505,0.0,0.06783020900667958
hiba,30,0.1,M3,14,13,0.0,0.0,0.23163576165011648,0.0,0.0
hiba,30,0.1,B,216,68,0.037037037037037035,0.016123241808143784,0.07167080945461021,0.011170528817587642,0.06848946280354222
hiba,30,0.15,M1,21,9,0.0,0.0,0.1610976152190796,0.0,0.0
hiba,30,0.15,M2,120,97,0.05,0.018567586782669152,0.10565385451871234,0.008928571428571428,0.0962578947368421
hiba,30,0.15,M3,14,13,0.0,0.0,0.23163576165011648,0.0,0.0
hiba,30,0.15,B,216,68,0.16666666666666666,0.11954478104334554,0.22319342966419828,0.04517902813299233,0.29717018999197214
pad,30,0.05,M1,31,17,0.0,0.0,0.11218874692236996,0.0,0.0
pad,30,0.05,M2,166,112,0.0,0.0,0.02197707192849604,0.0,0.0
pad,30,0.05,M3,73,49,0.0,0.0,0.04927706089585928,0.0,0.0
pad,30,0.05,B,20,15,0.0,0.0,0.1684334709830853,0.0,0.0
pad,30,0.1,M1,31,17,0.0,0.0,0.11218874692236996,0.0,0.0
pad,30,0.1,M2,166,112,0.006024096385542169,0.00015250528545451478,0.03310556591219981,0.0,0.01935483870967742
pad,30,0.1,M3,73,49,0.0,0.0,0.04927706089585928,0.0,0.0
pad,30,0.1,B,20,15,0.05,0.0012650894979498047,0.24873276277202777,0.0,0.17647058823529413
pad,30,0.15,M1,31,17,0.0,0.0,0.11218874692236996,0.0,0.0
pad,30,0.15,M2,166,112,0.0,0.0,0.02197707192849604,0.0,0.0
pad,30,0.15,M3,73,49,0.0,0.0,0.04927706089585928,0.0,0.0
pad,30,0.15,B,20,15,0.15,0.032070937185463715,0.37892682654531396,0.0,0.34782608695652173
hiba,31,0.05,M1,15,9,0.0,0.0,0.218019360910534,0.0,0.0
hiba,31,0.05,M2,127,94,0.0,0.0,0.028628506134387617,0.0,0.0
hiba,31,0.05,M3,8,8,0.0,0.0,0.3694166475528192,0.0,0.0
hiba,31,0.05,B,175,77,0.0,0.0,0.020858695349057415,0.0,0.0
hiba,31,0.1,M1,15,9,0.0,0.0,0.218019360910534,0.0,0.0
hiba,31,0.1,M2,127,94,0.0,0.0,0.028628506134387617,0.0,0.0
hiba,31,0.1,M3,8,8,0.0,0.0,0.3694166475528192,0.0,0.0
hiba,31,0.1,B,175,77,0.04,0.016230907415346815,0.08067610237452391,0.009475697569756976,0.07585747703060704
hiba,31,0.15,M1,15,9,0.0,0.0,0.218019360910534,0.0,0.0
hiba,31,0.15,M2,127,94,0.0,0.0,0.028628506134387617,0.0,0.0
hiba,31,0.15,M3,8,8,0.0,0.0,0.3694166475528192,0.0,0.0
hiba,31,0.15,B,175,77,0.09714285714285714,0.05761347283550151,0.1509768234794437,0.02670053475935829,0.19454604289940824
pad,31,0.05,M1,18,13,0.0,0.0,0.1853019681378522,0.0,0.0
pad,31,0.05,M2,151,102,0.0,0.0,0.024133676190225724,0.0,0.0
pad,31,0.05,M3,90,56,0.0,0.0,0.040158919615774634,0.0,0.0
pad,31,0.05,B,24,19,0.041666666666666664,0.0010543524454697483,0.2112016834569731,0.0,0.13636363636363635
pad,31,0.1,M1,18,13,0.0,0.0,0.1853019681378522,0.0,0.0
pad,31,0.1,M2,151,102,0.0,0.0,0.024133676190225724,0.0,0.0
pad,31,0.1,M3,90,56,0.0,0.0,0.040158919615774634,0.0,0.0
pad,31,0.1,B,24,19,0.041666666666666664,0.0010543524454697483,0.2112016834569731,0.0,0.14285714285714285
pad,31,0.15,M1,18,13,0.0,0.0,0.1853019681378522,0.0,0.0
pad,31,0.15,M2,151,102,0.0,0.0,0.024133676190225724,0.0,0.0
pad,31,0.15,M3,90,56,0.0,0.0,0.040158919615774634,0.0,0.0
pad,31,0.15,B,24,19,0.125,0.026559314986248948,0.3236113581888329,0.0,0.27106643356643345
hiba,32,0.05,M1,20,10,0.0,0.0,0.1684334709830853,0.0,0.0
hiba,32,0.05,M2,133,101,0.0,0.0,0.027354826284043603,0.0,0.0
hiba,32,0.05,M3,11,6,0.0,0.0,0.2849141529181544,0.0,0.0
hiba,32,0.05,B,133,65,0.0,0.0,0.027354826284043603,0.0,0.0
hiba,32,0.1,M1,20,10,0.0,0.0,0.1684334709830853,0.0,0.0
hiba,32,0.1,M2,133,101,0.0,0.0,0.027354826284043603,0.0,0.0
hiba,32,0.1,M3,11,6,0.0,0.0,0.2849141529181544,0.0,0.0
hiba,32,0.1,B,133,65,0.03007518796992481,0.00825406111082396,0.07521352043712223,0.0,0.05923611111111111
hiba,32,0.15,M1,20,10,0.0,0.0,0.1684334709830853,0.0,0.0
hiba,32,0.15,M2,133,101,0.0,0.0,0.027354826284043603,0.0,0.0
hiba,32,0.15,M3,11,6,0.0,0.0,0.2849141529181544,0.0,0.0
hiba,32,0.15,B,133,65,0.11278195488721804,0.0645147274740337,0.17918755548969167,0.04742219722534683,0.1798225308641975
pad,32,0.05,M1,27,16,0.0,0.0,0.12770286761543234,0.0,0.0
pad,32,0.05,M2,162,112,0.0,0.0,0.022513561452805492,0.0,0.0
pad,32,0.05,M3,67,49,0.0,0.0,0.053569654127096765,0.0,0.0
pad,32,0.05,B,18,14,0.0,0.0,0.1853019681378522,0.0,0.0
pad,32,0.1,M1,27,16,0.0,0.0,0.12770286761543234,0.0,0.0
pad,32,0.1,M2,162,112,0.0,0.0,0.022513561452805492,0.0,0.0
pad,32,0.1,M3,67,49,0.0,0.0,0.053569654127096765,0.0,0.0
pad,32,0.1,B,18,14,0.0,0.0,0.1853019681378522,0.0,0.0
pad,32,0.15,M1,27,16,0.0,0.0,0.12770286761543234,0.0,0.0
pad,32,0.15,M2,162,112,0.0,0.0,0.022513561452805492,0.0,0.0
pad,32,0.15,M3,67,49,0.0,0.0,0.053569654127096765,0.0,0.0
pad,32,0.15,B,18,14,0.1111111111111111,0.013751215664364498,0.3471204386086721,0.0,0.3
hiba,33,0.05,M1,16,8,0.0,0.0,0.2059072142078227,0.0,0.0
hiba,33,0.05,M2,125,101,0.0,0.0,0.02907983713643152,0.0,0.0
hiba,33,0.05,M3,5,4,0.0,0.0,0.5218237501049814,0.0,0.0
hiba,33,0.05,B,265,68,0.0,0.0,0.013823860460125676,0.0,0.0
hiba,33,0.1,M1,16,8,0.0,0.0,0.2059072142078227,0.0,0.0
hiba,33,0.1,M2,125,101,0.008,0.0002025219535342447,0.04376653637502473,0.0,0.024390243902439025
hiba,33,0.1,M3,5,4,0.0,0.0,0.5218237501049814,0.0,0.0
hiba,33,0.1,B,265,68,0.045283018867924525,0.02361415704441633,0.07776375787710124,0.012791871249318057,0.07090642509294653
hiba,33,0.15,M1,16,8,0.0,0.0,0.2059072142078227,0.0,0.0
hiba,33,0.15,M2,125,101,0.032,0.008786433013500492,0.07990637753352066,0.0078125,0.062387878787878714
hiba,33,0.15,M3,5,4,0.0,0.0,0.5218237501049814,0.0,0.0
hiba,33,0.15,B,265,68,0.1471698113207547,0.10679169372769756,0.1956500088383259,0.04325263050362652,0.23182403591404177
pad,33,0.05,M1,40,24,0.0,0.0,0.08809730287880237,0.0,0.0
pad,33,0.05,M2,134,93,0.0,0.0,0.027153482879800184,0.0,0.0
pad,33,0.05,M3,77,52,0.0,0.0,0.046778068160404106,0.0,0.0
pad,33,0.05,B,22,19,0.0,0.0,0.15437251281557457,0.0,0.0
pad,33,0.1,M1,40,24,0.0,0.0,0.08809730287880237,0.0,0.0
pad,33,0.1,M2,134,93,0.0,0.0,0.027153482879800184,0.0,0.0
pad,33,0.1,M3,77,52,0.0,0.0,0.046778068160404106,0.0,0.0
pad,33,0.1,B,22,19,0.045454545454545456,0.0011501475265735762,0.22844439766763341,0.0,0.15
pad,33,0.15,M1,40,24,0.0,0.0,0.08809730287880237,0.0,0.0
pad,33,0.15,M2,134,93,0.0,0.0,0.027153482879800184,0.0,0.0
pad,33,0.15,M3,77,52,0.0,0.0,0.046778068160404106,0.0,0.0
pad,33,0.15,B,22,19,0.13636363636363635,0.029055851128746688,0.34912209725740806,0.0,0.3
hiba,34,0.05,M1,18,12,0.0,0.0,0.1853019681378522,0.0,0.0
hiba,34,0.05,M2,122,97,0.0,0.0,0.029784160061428706,0.0,0.0
hiba,34,0.05,M3,6,5,0.0,0.0,0.4592581264399005,0.0,0.0
hiba,34,0.05,B,195,71,0.0,0.0,0.01873952083028601,0.0,0.0
hiba,34,0.1,M1,18,12,0.0,0.0,0.1853019681378522,0.0,0.0
hiba,34,0.1,M2,122,97,0.02459016393442623,0.0051000773870015816,0.07018168984286563,0.0,0.05371565934065933
hiba,34,0.1,M3,6,5,0.0,0.0,0.4592581264399005,0.0,0.0
hiba,34,0.1,B,195,71,0.07179487179487179,0.03980456440268302,0.11752632009962828,0.029802930644792645,0.12295256410256405
hiba,34,0.15,M1,18,12,0.05555555555555555,0.0014055561673694233,0.27294359967336845,0.0,0.17647058823529413
hiba,34,0.15,M2,122,97,0.02459016393442623,0.0051000773870015816,0.07018168984286563,0.0,0.054941860465116246
hiba,34,0.15,M3,6,5,0.0,0.0,0.4592581264399005,0.0,0.0
hiba,34,0.15,B,195,71,0.12307692307692308,0.08047335044364058,0.1775748937244232,0.06303977272727272,0.18931265171656453
pad,34,0.05,M1,32,18,0.0,0.0,0.10888116067935288,0.0,0.0
pad,34,0.05,M2,177,116,0.0,0.0,0.020625451479576725,0.0,0.0
pad,34,0.05,M3,69,50,0.0,0.0,0.05205805786307967,0.0,0.0
pad,34,0.05,B,16,15,0.0,0.0,0.2059072142078227,0.0,0.0
pad,34,0.1,M1,32,18,0.0,0.0,0.10888116067935288,0.0,0.0
pad,34,0.1,M2,177,116,0.0,0.0,0.020625451479576725,0.0,0.0
pad,34,0.1,M3,69,50,0.0,0.0,0.05205805786307967,0.0,0.0
pad,34,0.1,B,16,15,0.125,0.015513603815413893,0.38347623684926346,0.0,0.3333333333333333
pad,34,0.15,M1,32,18,0.0,0.0,0.10888116067935288,0.0,0.0
pad,34,0.15,M2,177,116,0.0,0.0,0.020625451479576725,0.0,0.0
pad,34,0.15,M3,69,50,0.0,0.0,0.05205805786307967,0.0,0.0
pad,34,0.15,B,16,15,0.125,0.015513603815413893,0.38347623684926346,0.0,0.3125
hiba,35,0.05,M1,16,10,0.0,0.0,0.2059072142078227,0.0,0.0
hiba,35,0.05,M2,118,90,0.0,0.0,0.030778096074144553,0.0,0.0
hiba,35,0.05,M3,14,9,0.0,0.0,0.23163576165011648,0.0,0.0
hiba,35,0.05,B,189,81,0.0,0.0,0.019328640067902317,0.0,0.0
hiba,35,0.1,M1,16,10,0.0,0.0,0.2059072142078227,0.0,0.0
hiba,35,0.1,M2,118,90,0.0,0.0,0.030778096074144553,0.0,0.0
hiba,35,0.1,M3,14,9,0.0,0.0,0.23163576165011648,0.0,0.0
hiba,35,0.1,B,189,81,0.026455026455026454,0.008644480617296543,0.06065436607129163,0.006622516556291391,0.0418711059190031
hiba,35,0.15,M1,16,10,0.0,0.0,0.2059072142078227,0.0,0.0
hiba,35,0.15,M2,118,90,0.0423728813559322,0.01389939301630901,0.09611576565369406,0.008656296851574213,0.07692307692307693
hiba,35,0.15,M3,14,9,0.0,0.0,0.23163576165011648,0.0,0.0
hiba,35,0.15,B,189,81,0.15873015873015872,0.10972983897658516,0.21877794856921418,0.053301320528211286,0.25109514548441303
pad,35,0.05,M1,31,18,0.0,0.0,0.11218874692236996,0.0,0.0
pad,35,0.05,M2,156,110,0.0,0.0,0.023369271591380202,0.0,0.0
pad,35,0.05,M3,68,51,0.0,0.0,0.05280304279363979,0.0,0.0
pad,35,0.05,B,28,24,0.0,0.0,0.12343611850026381,0.0,0.0
pad,35,0.1,M1,31,18,0.0,0.0,0.11218874692236996,0.0,0.0
pad,35,0.1,M2,156,110,0.0,0.0,0.023369271591380202,0.0,0.0
pad,35,0.1,M3,68,51,0.0,0.0,0.05280304279363979,0.0,0.0
pad,35,0.1,B,28,24,0.03571428571428571,0.0009037987556580585,0.18347759754462362,0.0,0.11538461538461539
pad,35,0.15,M1,31,18,0.0,0.0,0.11218874692236996,0.0,0.0
pad,35,0.15,M2,156,110,0.0,0.0,0.023369271591380202,0.0,0.0
pad,35,0.15,M3,68,51,0.0,0.0,0.05280304279363979,0.0,0.0
pad,35,0.15,B,28,24,0.03571428571428571,0.0009037987556580585,0.18347759754462362,0.0,0.11538461538461539
hiba,36,0.05,M1,23,14,0.0,0.0,0.14818512891522437,0.0,0.0
hiba,36,0.05,M2,133,98,0.0,0.0,0.027354826284043603,0.0,0.0
hiba,36,0.05,M3,18,13,0.0,0.0,0.1853019681378522,0.0,0.0
hiba,36,0.05,B,134,68,0.0,0.0,0.027153482879800184,0.0,0.0
hiba,36,0.1,M1,23,14,0.0,0.0,0.14818512891522437,0.0,0.0
hiba,36,0.1,M2,133,98,0.0,0.0,0.027354826284043603,0.0,0.0
hiba,36,0.1,M3,18,13,0.0,0.0,0.1853019681378522,0.0,0.0
hiba,36,0.1,B,134,68,0.007462686567164179,0.0001889210177310106,0.04087703753634292,0.0,0.022900763358778626
hiba,36,0.15,M1,23,14,0.0,0.0,0.14818512891522437,0.0,0.0
hiba,36,0.15,M2,133,98,0.007518796992481203,0.00019034134131638232,0.04117911502590165,0.0,0.02790731565141356
hiba,36,0.15,M3,18,13,0.0,0.0,0.1853019681378522,0.0,0.0
hiba,36,0.15,B,134,68,0.05223880597014925,0.02125787047408307,0.10467003035753836,0.007350635306839687,0.1139772727272727
pad,36,0.05,M1,29,16,0.0,0.0,0.11944486906950269,0.0,0.0
pad,36,0.05,M2,154,110,0.0,0.0,0.023669148372542775,0.0,0.0
pad,36,0.05,M3,67,51,0.0,0.0,0.053569654127096765,0.0,0.0
pad,36,0.05,B,11,9,0.0,0.0,0.2849141529181544,0.0,0.0
pad,36,0.1,M1,29,16,0.0,0.0,0.11944486906950269,0.0,0.0
pad,36,0.1,M2,154,110,0.0,0.0,0.023669148372542775,0.0,0.0
pad,36,0.1,M3,67,51,0.0,0.0,0.053569654127096765,0.0,0.0
pad,36,0.1,B,11,9,0.0,0.0,0.2849141529181544,0.0,0.0
pad,36,0.15,M1,29,16,0.0,0.0,0.11944486906950269,0.0,0.0
pad,36,0.15,M2,154,110,0.0,0.0,0.023669148372542775,0.0,0.0
pad,36,0.15,M3,67,51,0.0,0.0,0.053569654127096765,0.0,0.0
pad,36,0.15,B,11,9,0.0,0.0,0.2849141529181544,0.0,0.0
hiba,37,0.05,M1,18,10,0.0,0.0,0.1853019681378522,0.0,0.0
hiba,37,0.05,M2,114,93,0.0,0.0,0.031840654083474196,0.0,0.0
hiba,37,0.05,M3,17,10,0.0,0.0,0.19506432296909318,0.0,0.0
hiba,37,0.05,B,179,68,0.0,0.0,0.020397366050582098,0.0,0.0
hiba,37,0.1,M1,18,10,0.0,0.0,0.1853019681378522,0.0,0.0
hiba,37,0.1,M2,114,93,0.0,0.0,0.031840654083474196,0.0,0.0
hiba,37,0.1,M3,17,10,0.0,0.0,0.19506432296909318,0.0,0.0
hiba,37,0.1,B,179,68,0.027932960893854747,0.009130671442166694,0.06397939165609985,0.0,0.0692341191499245
hiba,37,0.15,M1,18,10,0.1111111111111111,0.013751215664364498,0.3471204386086721,0.0,0.34583333333333277
hiba,37,0.15,M2,114,93,0.0,0.0,0.031840654083474196,0.0,0.0
hiba,37,0.15,M3,17,10,0.0,0.0,0.19506432296909318,0.0,0.0
hiba,37,0.15,B,179,68,0.1005586592178771,0.06069389338968346,0.15426618522804122,0.03777520803573453,0.17412245712006383
pad,37,0.05,M1,24,15,0.0,0.0,0.14247359772252563,0.0,0.0
pad,37,0.05,M2,135,99,0.0,0.0,0.026955081583182855,0.0,0.0
pad,37,0.05,M3,83,53,0.0,0.0,0.0434711521664418,0.0,0.0
pad,37,0.05,B,19,15,0.05263157894736842,0.001331628804179424,0.2602806541952142,0.0,0.1875
pad,37,0.1,M1,24,15,0.0,0.0,0.14247359772252563,0.0,0.0
pad,37,0.1,M2,135,99,0.0,0.0,0.026955081583182855,0.0,0.0
pad,37,0.1,M3,83,53,0.0,0.0,0.0434711521664418,0.0,0.0
pad,37,0.1,B,19,15,0.05263157894736842,0.001331628804179424,0.2602806541952142,0.0,0.1875
pad,37,0.15,M1,24,15,0.0,0.0,0.14247359772252563,0.0,0.0
pad,37,0.15,M2,135,99,0.0,0.0,0.026955081583182855,0.0,0.0
pad,37,0.15,M3,83,53,0.0,0.0,0.0434711521664418,0.0,0.0
pad,37,0.15,B,19,15,0.05263157894736842,0.001331628804179424,0.2602806541952142,0.0,0.17647058823529413
hiba,38,0.05,M1,17,9,0.0,0.0,0.19506432296909318,0.0,0.0
hiba,38,0.05,M2,141,100,0.0,0.0,0.025822998663865577,0.0,0.0
hiba,38,0.05,M3,10,9,0.0,0.0,0.3084971078187608,0.0,0.0
hiba,38,0.05,B,207,76,0.0,0.0,0.01766282453621346,0.0,0.0
hiba,38,0.1,M1,17,9,0.0,0.0,0.19506432296909318,0.0,0.0
hiba,38,0.1,M2,141,100,0.0,0.0,0.025822998663865577,0.0,0.0
hiba,38,0.1,M3,10,9,0.0,0.0,0.3084971078187608,0.0,0.0
hiba,38,0.1,B,207,76,0.004830917874396135,0.0001223007717826196,0.02662079970896018,0.0,0.020007555891372944
hiba,38,0.15,M1,17,9,0.0,0.0,0.19506432296909318,0.0,0.0
hiba,38,0.15,M2,141,100,0.0070921985815602835,0.00017954280213601281,0.03888051367149244,0.0,0.02214460784313725
hiba,38,0.15,M3,10,9,0.0,0.0,0.3084971078187608,0.0,0.0
hiba,38,0.15,B,207,76,0.11594202898550725,0.07571592180080428,0.1675871323090397,0.04868824110671937,0.16106874447391686
pad,38,0.05,M1,27,17,0.0,0.0,0.12770286761543234,0.0,0.0
pad,38,0.05,M2,167,113,0.0,0.0,0.021846920830611804,0.0,0.0
pad,38,0.05,M3,82,56,0.0,0.0,0.04398945418684236,0.0,0.0
pad,38,0.05,B,15,14,0.0,0.0,0.218019360910534,0.0,0.0
pad,38,0.1,M1,27,17,0.0,0.0,0.12770286761543234,0.0,0.0
pad,38,0.1,M2,167,113,0.0,0.0,0.021846920830611804,0.0,0.0
pad,38,0.1,M3,82,56,0.0,0.0,0.04398945418684236,0.0,0.0
pad,38,0.1,B,15,14,0.06666666666666667,0.0016864302413527026,0.3194845665783034,0.0,0.21428571428571427
pad,38,0.15,M1,27,17,0.0,0.0,0.12770286761543234,0.0,0.0
pad,38,0.15,M2,167,113,0.0,0.0,0.021846920830611804,0.0,0.0
pad,38,0.15,M3,82,56,0.0,0.0,0.04398945418684236,0.0,0.0
pad,38,0.15,B,15,14,0.13333333333333333,0.016575913440083627,0.40460269660337206,0.0,0.35714285714285715
hiba,39,0.05,M1,11,7,0.0,0.0,0.2849141529181544,0.0,0.0
hiba,39,0.05,M2,115,90,0.0,0.0,0.03156819598824707,0.0,0.0
hiba,39,0.05,M3,17,10,0.0,0.0,0.19506432296909318,0.0,0.0
hiba,39,0.05,B,224,77,0.0,0.0,0.016333352162105623,0.0,0.0
hiba,39,0.1,M1,11,7,0.0,0.0,0.2849141529181544,0.0,0.0
hiba,39,0.1,M2,115,90,0.0,0.0,0.03156819598824707,0.0,0.0
hiba,39,0.1,M3,17,10,0.0,0.0,0.19506432296909318,0.0,0.0
hiba,39,0.1,B,224,77,0.004464285714285714,0.000113019541311679,0.024621064254776552,0.0,0.015176071195673017
hiba,39,0.15,M1,11,7,0.0,0.0,0.2849141529181544,0.0,0.0
hiba,39,0.15,M2,115,90,0.017391304347826087,0.002113150822261538,0.061412332558722825,0.0,0.050644495086170055
hiba,39,0.15,M3,17,10,0.0,0.0,0.19506432296909318,0.0,0.0
hiba,39,0.15,B,224,77,0.18303571428571427,0.13466776953070675,0.2400041806384807,0.09286154320036963,0.2440881866997108
pad,39,0.05,M1,31,18,0.0,0.0,0.11218874692236996,0.0,0.0
pad,39,0.05,M2,164,116,0.0,0.0,0.022242082203801514,0.0,0.0
pad,39,0.05,M3,77,45,0.0,0.0,0.046778068160404106,0.0,0.0
pad,39,0.05,B,16,15,0.0,0.0,0.2059072142078227,0.0,0.0
pad,39,0.1,M1,31,18,0.0,0.0,0.11218874692236996,0.0,0.0
pad,39,0.1,M2,164,116,0.0,0.0,0.022242082203801514,0.0,0.0
pad,39,0.1,M3,77,45,0.0,0.0,0.046778068160404106,0.0,0.0
pad,39,0.1,B,16,15,0.0,0.0,0.2059072142078227,0.0,0.0
pad,39,0.15,M1,31,18,0.0,0.0,0.11218874692236996,0.0,0.0
pad,39,0.15,M2,164,116,0.0,0.0,0.022242082203801514,0.0,0.0
pad,39,0.15,M3,77,45,0.0,0.0,0.046778068160404106,0.0,0.0
pad,39,0.15,B,16,15,0.0,0.0,0.2059072142078227,0.0,0.0
hiba,40,0.05,M1,21,10,0.0,0.0,0.1610976152190796,0.0,0.0
hiba,40,0.05,M2,116,92,0.0,0.0,0.03130036074328996,0.0,0.0
hiba,40,0.05,M3,12,9,0.0,0.0,0.26464846939705117,0.0,0.0
hiba,40,0.05,B,218,82,0.0,0.0,0.016779101523217443,0.0,0.0
hiba,40,0.1,M1,21,10,0.0,0.0,0.1610976152190796,0.0,0.0
hiba,40,0.1,M2,116,92,0.0,0.0,0.03130036074328996,0.0,0.0
hiba,40,0.1,M3,12,9,0.0,0.0,0.26464846939705117,0.0,0.0
hiba,40,0.1,B,218,82,0.009174311926605505,0.0011129892260285696,0.032746002853576615,0.0,0.019187062937062935
hiba,40,0.15,M1,21,10,0.0,0.0,0.1610976152190796,0.0,0.0
hiba,40,0.15,M2,116,92,0.0,0.0,0.03130036074328996,0.0,0.0
hiba,40,0.15,M3,12,9,0.0,0.0,0.26464846939705117,0.0,0.0
hiba,40,0.15,B,218,82,0.06880733944954129,0.03901961922756044,0.11094839371020346,0.031814727242019926,0.11453161592505853
pad,40,0.05,M1,30,16,0.0,0.0,0.11570330822202779,0.0,0.0
pad,40,0.05,M2,152,108,0.0,0.0,0.02397682090379162,0.0,0.0
pad,40,0.05,M3,71,49,0.0,0.0,0.050629407954403696,0.0,0.0
pad,40,0.05,B,15,15,0.0,0.0,0.218019360910534,0.0,0.0
pad,40,0.1,M1,30,16,0.0,0.0,0.11570330822202779,0.0,0.0
pad,40,0.1,M2,152,108,0.0,0.0,0.02397682090379162,0.0,0.0
pad,40,0.1,M3,71,49,0.0,0.0,0.050629407954403696,0.0,0.0
pad,40,0.1,B,15,15,0.0,0.0,0.218019360910534,0.0,0.0
pad,40,0.15,M1,30,16,0.0,0.0,0.11570330822202779,0.0,0.0
pad,40,0.15,M2,152,108,0.0,0.0,0.02397682090379162,0.0,0.0
pad,40,0.15,M3,71,49,0.0,0.0,0.050629407954403696,0.0,0.0
pad,40,0.15,B,15,15,0.0,0.0,0.218019360910534,0.0,0.0
hiba,41,0.05,M1,18,11,0.0,0.0,0.1853019681378522,0.0,0.0
hiba,41,0.05,M2,112,91,0.0,0.0,0.03239992593135989,0.0,0.0
hiba,41,0.05,M3,17,11,0.0,0.0,0.19506432296909318,0.0,0.0
hiba,41,0.05,B,216,73,0.0,0.0,0.01693314073693567,0.0,0.0
hiba,41,0.1,M1,18,11,0.0,0.0,0.1853019681378522,0.0,0.0
hiba,41,0.1,M2,112,91,0.0,0.0,0.03239992593135989,0.0,0.0
hiba,41,0.1,M3,17,11,0.0,0.0,0.19506432296909318,0.0,0.0
hiba,41,0.1,B,216,73,0.06018518518518518,0.03243193096142846,0.10071966912219471,0.02665362731152205,0.08293910671450101
hiba,41,0.15,M1,18,11,0.0,0.0,0.1853019681378522,0.0,0.0
hiba,41,0.15,M2,112,91,0.0,0.0,0.03239992593135989,0.0,0.0
hiba,41,0.15,M3,17,11,0.0,0.0,0.19506432296909318,0.0,0.0
hiba,41,0.15,B,216,73,0.18518518518518517,0.13571793856564704,0.24351519300734117,0.08601842471824743,0.24241223014043178
pad,41,0.05,M1,26,17,0.0,0.0,0.1322746044977541,0.0,0.0
pad,41,0.05,M2,151,107,0.0,0.0,0.024133676190225724,0.0,0.0
pad,41,0.05,M3,80,52,0.0,0.0,0.045064035067692285,0.0,0.0
pad,41,0.05,B,23,21,0.0,0.0,0.14818512891522437,0.0,0.0
pad,41,0.1,M1,26,17,0.0,0.0,0.1322746044977541,0.0,0.0
pad,41,0.1,M2,151,107,0.0,0.0,0.024133676190225724,0.0,0.0
pad,41,0.1,M3,80,52,0.0,0.0,0.045064035067692285,0.0,0.0
pad,41,0.1,B,23,21,0.0,0.0,0.14818512891522437,0.0,0.0
pad,41,0.15,M1,26,17,0.0,0.0,0.1322746044977541,0.0,0.0
pad,41,0.15,M2,151,107,0.0,0.0,0.024133676190225724,0.0,0.0
pad,41,0.15,M3,80,52,0.0,0.0,0.045064035067692285,0.0,0.0
pad,41,0.15,B,23,21,0.043478260869565216,0.0011001686304415005,0.2194866074534804,0.0,0.13636363636363635
hiba,42,0.05,M1,32,17,0.0,0.0,0.10888116067935288,0.0,0.0
hiba,42,0.05,M2,106,91,0.0,0.0,0.034202167276350295,0.0,0.0
hiba,42,0.05,M3,11,8,0.0,0.0,0.2849141529181544,0.0,0.0
hiba,42,0.05,B,156,70,0.0,0.0,0.023369271591380202,0.0,0.0
hiba,42,0.1,M1,32,17,0.0,0.0,0.10888116067935288,0.0,0.0
hiba,42,0.1,M2,106,91,0.0,0.0,0.034202167276350295,0.0,0.0
hiba,42,0.1,M3,11,8,0.0,0.0,0.2849141529181544,0.0,0.0
hiba,42,0.1,B,156,70,0.07051282051282051,0.035723241072724524,0.12266313150645239,0.017564056390203746,0.12827633468215635
hiba,42,0.15,M1,32,17,0.03125,0.0007908685979525579,0.16217099418151154,0.0,0.09533770161290316
hiba,42,0.15,M2,106,91,0.009433962264150943,0.00023881872340238036,0.05144307953988381,0.0,0.03389830508474576
hiba,42,0.15,M3,11,8,0.0,0.0,0.2849141529181544,0.0,0.0
hiba,42,0.15,B,156,70,0.23717948717948717,0.1728257197908154,0.3117914347273171,0.0860411547911548,0.40159835805756305
pad,42,0.05,M1,29,15,0.0,0.0,0.11944486906950269,0.0,0.0
pad,42,0.05,M2,158,111,0.0,0.0,0.023076897989719514,0.0,0.0
pad,42,0.05,M3,79,57,0.0,0.0,0.045621252758611106,0.0,0.0
pad,42,0.05,B,20,17,0.05,0.0012650894979498047,0.24873276277202777,0.0,0.16666666666666666
pad,42,0.1,M1,29,15,0.0,0.0,0.11944486906950269,0.0,0.0
pad,42,0.1,M2,158,111,0.0,0.0,0.023076897989719514,0.0,0.0
pad,42,0.1,M3,79,57,0.0,0.0,0.045621252758611106,0.0,0.0
pad,42,0.1,B,20,17,0.2,0.05733399705003278,0.4366140029966683,0.051250000000000004,0.40388888888888874
pad,42,0.15,M1,29,15,0.0,0.0,0.11944486906950269,0.0,0.0
pad,42,0.15,M2,158,111,0.0,0.0,0.023076897989719514,0.0,0.0
pad,42,0.15,M3,79,57,0.0,0.0,0.045621252758611106,0.0,0.0
pad,42,0.15,B,20,17,0.2,0.05733399705003278,0.4366140029966683,0.0,0.375
hiba,43,0.05,M1,20,13,0.0,0.0,0.1684334709830853,0.0,0.0
hiba,43,0.05,M2,111,90,0.0,0.0,0.032686994023947695,0.0,0.0
hiba,43,0.05,M3,11,9,0.0,0.0,0.2849141529181544,0.0,0.0
hiba,43,0.05,B,174,82,0.005747126436781609,0.00014549405830062922,0.03160343344421703,0.0,0.015426249008723235
hiba,43,0.1,M1,20,13,0.0,0.0,0.1684334709830853,0.0,0.0
hiba,43,0.1,M2,111,90,0.036036036036036036,0.009904365895060442,0.08969989106579195,0.0,0.08482506589983223
hiba,43,0.1,M3,11,9,0.0,0.0,0.2849141529181544,0.0,0.0
hiba,43,0.1,B,174,82,0.10344827586206896,0.06247174639155881,0.1585606107511028,0.030997596153846157,0.1951418960717599
hiba,43,0.15,M1,20,13,0.0,0.0,0.1684334709830853,0.0,0.0
hiba,43,0.15,M2,111,90,0.04504504504504504,0.014785567688502673,0.10199332558883982,0.008617614269788184,0.08715840080971657
hiba,43,0.15,M3,11,9,0.0,0.0,0.2849141529181544,0.0,0.0
hiba,43,0.15,B,174,82,0.1781609195402299,0.12437815072801586,0.24324969725082732,0.08938503025519601,0.25672227335480896
pad,43,0.05,M1,24,13,0.0,0.0,0.14247359772252563,0.0,0.0
pad,43,0.05,M2,170,118,0.0,0.0,0.02146555498094456,0.0,0.0
pad,43,0.05,M3,87,53,0.0,0.0,0.041514565992637815,0.0,0.0
pad,43,0.05,B,18,15,0.0,0.0,0.1853019681378522,0.0,0.0
pad,43,0.1,M1,24,13,0.0,0.0,0.14247359772252563,0.0,0.0
pad,43,0.1,M2,170,118,0.0,0.0,0.02146555498094456,0.0,0.0
pad,43,0.1,M3,87,53,0.0,0.0,0.041514565992637815,0.0,0.0
pad,43,0.1,B,18,15,0.0,0.0,0.1853019681378522,0.0,0.0
pad,43,0.15,M1,24,13,0.0,0.0,0.14247359772252563,0.0,0.0
pad,43,0.15,M2,170,118,0.0,0.0,0.02146555498094456,0.0,0.0
pad,43,0.15,M3,87,53,0.0,0.0,0.041514565992637815,0.0,0.0
pad,43,0.15,B,18,15,0.0,0.0,0.1853019681378522,0.0,0.0
hiba,44,0.05,M1,15,8,0.0,0.0,0.218019360910534,0.0,0.0
hiba,44,0.05,M2,120,94,0.0,0.0,0.03027297257742007,0.0,0.0
hiba,44,0.05,M3,13,12,0.0,0.0,0.24705263800047095,0.0,0.0
hiba,44,0.05,B,227,71,0.004405286343612335,0.00011152597427949516,0.02429894765932004,0.0,0.01574553632274771
hiba,44,0.1,M1,15,8,0.0,0.0,0.218019360910534,0.0,0.0
hiba,44,0.1,M2,120,94,0.0,0.0,0.03027297257742007,0.0,0.0
hiba,44,0.1,M3,13,12,0.0,0.0,0.24705263800047095,0.0,0.0
hiba,44,0.1,B,227,71,0.06607929515418502,0.037452701284144116,0.10664638172497017,0.017356711915535446,0.09672790176396062
hiba,44,0.15,M1,15,8,0.06666666666666667,0.0016864302413527026,0.3194845665783034,0.0,0.2727272727272727
hiba,44,0.15,M2,120,94,0.016666666666666666,0.002024822337693082,0.05890921946702682,0.0,0.043859649122807015
hiba,44,0.15,M3,13,12,0.0,0.0,0.24705263800047095,0.0,0.0
hiba,44,0.15,B,227,71,0.21145374449339208,0.16021790256641757,0.2703924132814535,0.06503382352941177,0.3007931531757477
pad,44,0.05,M1,26,15,0.0,0.0,0.1322746044977541,0.0,0.0
pad,44,0.05,M2,148,97,0.0,0.0,0.024616801578984306,0.0,0.0
pad,44,0.05,M3,70,44,0.0,0.0,0.05133379715102374,0.0,0.0
pad,44,0.05,B,20,16,0.0,0.0,0.1684334709830853,0.0,0.0
pad,44,0.1,M1,26,15,0.0,0.0,0.1322746044977541,0.0,0.0
pad,44,0.1,M2,148,97,0.0,0.0,0.024616801578984306,0.0,0.0
pad,44,0.1,M3,70,44,0.0,0.0,0.05133379715102374,0.0,0.0
pad,44,0.1,B,20,16,0.0,0.0,0.1684334709830853,0.0,0.0
pad,44,0.15,M1,26,15,0.0,0.0,0.1322746044977541,0.0,0.0
pad,44,0.15,M2,148,97,0.0,0.0,0.024616801578984306,0.0,0.0
pad,44,0.15,M3,70,44,0.0,0.0,0.05133379715102374,0.0,0.0
pad,44,0.15,B,20,16,0.0,0.0,0.1684334709830853,0.0,0.0
hiba,45,0.05,M1,13,7,0.0,0.0,0.24705263800047095,0.0,0.0
hiba,45,0.05,M2,134,105,0.0,0.0,0.027153482879800184,0.0,0.0
hiba,45,0.05,M3,5,5,0.0,0.0,0.5218237501049814,0.0,0.0
hiba,45,0.05,B,119,71,0.0,0.0,0.03052344485379618,0.0,0.0
hiba,45,0.1,M1,13,7,0.0,0.0,0.24705263800047095,0.0,0.0
hiba,45,0.1,M2,134,105,0.0,0.0,0.027153482879800184,0.0,0.0
hiba,45,0.1,M3,5,5,0.0,0.0,0.5218237501049814,0.0,0.0
hiba,45,0.1,B,119,71,0.07563025210084033,0.03516540219760033,0.13871711947964577,0.017543859649122806,0.14584763377966836
hiba,45,0.15,M1,13,7,0.0,0.0,0.24705263800047095,0.0,0.0
hiba,45,0.15,M2,134,105,0.014925373134328358,0.0018126705890603907,0.05287465320433985,0.0,0.03676470588235294
hiba,45,0.15,M3,5,5,0.0,0.0,0.5218237501049814,0.0,0.0
hiba,45,0.15,B,119,71,0.14285714285714285,0.08547680237964399,0.21884839420605046,0.06270149953139643,0.22746674057649666
pad,45,0.05,M1,30,15,0.0,0.0,0.11570330822202779,0.0,0.0
pad,45,0.05,M2,152,104,0.0,0.0,0.02397682090379162,0.0,0.0
pad,45,0.05,M3,66,45,0.0,0.0,0.054358847170121974,0.0,0.0
pad,45,0.05,B,23,19,0.0,0.0,0.14818512891522437,0.0,0.0
pad,45,0.1,M1,30,15,0.0,0.0,0.11570330822202779,0.0,0.0
pad,45,0.1,M2,152,104,0.0,0.0,0.02397682090379162,0.0,0.0
pad,45,0.1,M3,66,45,0.0,0.0,0.054358847170121974,0.0,0.0
pad,45,0.1,B,23,19,0.0,0.0,0.14818512891522437,0.0,0.0
pad,45,0.15,M1,30,15,0.0,0.0,0.11570330822202779,0.0,0.0
pad,45,0.15,M2,152,104,0.0,0.0,0.02397682090379162,0.0,0.0
pad,45,0.15,M3,66,45,0.0,0.0,0.054358847170121974,0.0,0.0
pad,45,0.15,B,23,19,0.043478260869565216,0.0011001686304415005,0.2194866074534804,0.0,0.14285714285714285
hiba,46,0.05,M1,16,10,0.0,0.0,0.2059072142078227,0.0,0.0
hiba,46,0.05,M2,120,94,0.0,0.0,0.03027297257742007,0.0,0.0
hiba,46,0.05,M3,13,12,0.0,0.0,0.24705263800047095,0.0,0.0
hiba,46,0.05,B,197,67,0.0,0.0,0.018551047617369316,0.0,0.0
hiba,46,0.1,M1,16,10,0.0,0.0,0.2059072142078227,0.0,0.0
hiba,46,0.1,M2,120,94,0.0,0.0,0.03027297257742007,0.0,0.0
hiba,46,0.1,M3,13,12,0.0,0.0,0.24705263800047095,0.0,0.0
hiba,46,0.1,B,197,67,0.01015228426395939,0.0012318621403146993,0.036190433405023766,0.0,0.019755645515290444
hiba,46,0.15,M1,16,10,0.0,0.0,0.2059072142078227,0.0,0.0
hiba,46,0.15,M2,120,94,0.0,0.0,0.03027297257742007,0.0,0.0
hiba,46,0.15,M3,13,12,0.0,0.0,0.24705263800047095,0.0,0.0
hiba,46,0.15,B,197,67,0.14720812182741116,0.10085694542113122,0.2045259316940371,0.08197004862953139,0.20692333113020484
pad,46,0.05,M1,29,15,0.0,0.0,0.11944486906950269,0.0,0.0
pad,46,0.05,M2,151,110,0.0,0.0,0.024133676190225724,0.0,0.0
pad,46,0.05,M3,70,49,0.0,0.0,0.05133379715102374,0.0,0.0
pad,46,0.05,B,16,13,0.0,0.0,0.2059072142078227,0.0,0.0
pad,46,0.1,M1,29,15,0.0,0.0,0.11944486906950269,0.0,0.0
pad,46,0.1,M2,151,110,0.0,0.0,0.024133676190225724,0.0,0.0
pad,46,0.1,M3,70,49,0.0,0.0,0.05133379715102374,0.0,0.0
pad,46,0.1,B,16,13,0.0625,0.0015811117227658884,0.3023207384345319,0.0,0.21428571428571427
pad,46,0.15,M1,29,15,0.0,0.0,0.11944486906950269,0.0,0.0
pad,46,0.15,M2,151,110,0.0,0.0,0.024133676190225724,0.0,0.0
pad,46,0.15,M3,70,49,0.0,0.0,0.05133379715102374,0.0,0.0
pad,46,0.15,B,16,13,0.1875,0.0404737339059459,0.4564565462316117,0.0,0.38685897435897426
hiba,47,0.05,M1,18,10,0.0,0.0,0.1853019681378522,0.0,0.0
hiba,47,0.05,M2,116,95,0.008620689655172414,0.00021823314906306462,0.04709553622664744,0.0,0.026673119469026542
hiba,47,0.05,M3,8,8,0.0,0.0,0.3694166475528192,0.0,0.0
hiba,47,0.05,B,159,73,0.0,0.0,0.02293343743096093,0.0,0.0
hiba,47,0.1,M1,18,10,0.0,0.0,0.1853019681378522,0.0,0.0
hiba,47,0.1,M2,116,95,0.034482758620689655,0.009473865093176157,0.08593831005795627,0.008095659585628115,0.08333333333333333
hiba,47,0.1,M3,8,8,0.0,0.0,0.3694166475528192,0.0,0.0
hiba,47,0.1,B,159,73,0.0880503144654088,0.04897622393701695,0.14332042100338718,0.04961461813492762,0.1254346026490066
hiba,47,0.15,M1,18,10,0.0,0.0,0.1853019681378522,0.0,0.0
hiba,47,0.15,M2,116,95,0.05172413793103448,0.01921581370621808,0.1091847719666255,0.008849557522123894,0.10833333333333334
hiba,47,0.15,M3,8,8,0.0,0.0,0.3694166475528192,0.0,0.0
hiba,47,0.15,B,159,73,0.14465408805031446,0.09396128300327222,0.20910570562455408,0.0751013930523717,0.2131065127140633
pad,47,0.05,M1,27,18,0.0,0.0,0.12770286761543234,0.0,0.0
pad,47,0.05,M2,153,105,0.0,0.0,0.023821991293435516,0.0,0.0
pad,47,0.05,M3,68,46,0.0,0.0,0.05280304279363979,0.0,0.0
pad,47,0.05,B,18,16,0.0,0.0,0.1853019681378522,0.0,0.0
pad,47,0.1,M1,27,18,0.0,0.0,0.12770286761543234,0.0,0.0
pad,47,0.1,M2,153,105,0.0,0.0,0.023821991293435516,0.0,0.0
pad,47,0.1,M3,68,46,0.0,0.0,0.05280304279363979,0.0,0.0
pad,47,0.1,B,18,16,0.0,0.0,0.1853019681378522,0.0,0.0
pad,47,0.15,M1,27,18,0.0,0.0,0.12770286761543234,0.0,0.0
pad,47,0.15,M2,153,105,0.0,0.0,0.023821991293435516,0.0,0.0
pad,47,0.15,M3,68,46,0.0,0.0,0.05280304279363979,0.0,0.0
pad,47,0.15,B,18,16,0.0,0.0,0.1853019681378522,0.0,0.0
hiba,48,0.05,M1,14,11,0.0,0.0,0.23163576165011648,0.0,0.0
hiba,48,0.05,M2,126,102,0.0,0.0,0.028852406856721004,0.0,0.0
hiba,48,0.05,M3,14,13,0.0,0.0,0.23163576165011648,0.0,0.0
hiba,48,0.05,B,119,59,0.0,0.0,0.03052344485379618,0.0,0.0
hiba,48,0.1,M1,14,11,0.0,0.0,0.23163576165011648,0.0,0.0
hiba,48,0.1,M2,126,102,0.015873015873015872,0.0019281097679825687,0.056162211334477206,0.0,0.04049468922108575
hiba,48,0.1,M3,14,13,0.0,0.0,0.23163576165011648,0.0,0.0
hiba,48,0.1,B,119,59,0.0,0.0,0.03052344485379618,0.0,0.0
hiba,48,0.15,M1,14,11,0.0,0.0,0.23163576165011648,0.0,0.0
hiba,48,0.15,M2,126,102,0.031746031746031744,0.008716160791083907,0.0792880056526208,0.0,0.07780630457466081
hiba,48,0.15,M3,14,13,0.0,0.0,0.23163576165011648,0.0,0.0
hiba,48,0.15,B,119,59,0.13445378151260504,0.07884729031057801,0.20914478484153762,0.0610846650799048,0.22620337701612903
pad,48,0.05,M1,29,18,0.0,0.0,0.11944486906950269,0.0,0.0
pad,48,0.05,M2,162,106,0.0,0.0,0.022513561452805492,0.0,0.0
pad,48,0.05,M3,63,46,0.0,0.0,0.05687235233201624,0.0,0.0
pad,48,0.05,B,14,12,0.0,0.0,0.23163576165011648,0.0,0.0
pad,48,0.1,M1,29,18,0.0,0.0,0.11944486906950269,0.0,0.0
pad,48,0.1,M2,162,106,0.0,0.0,0.022513561452805492,0.0,0.0
pad,48,0.1,M3,63,46,0.0,0.0,0.05687235233201624,0.0,0.0
pad,48,0.1,B,14,12,0.0,0.0,0.23163576165011648,0.0,0.0
pad,48,0.15,M1,29,18,0.0,0.0,0.11944486906950269,0.0,0.0
pad,48,0.15,M2,162,106,0.0,0.0,0.022513561452805492,0.0,0.0
pad,48,0.15,M3,63,46,0.0,0.0,0.05687235233201624,0.0,0.0
pad,48,0.15,B,14,12,0.0,0.0,0.23163576165011648,0.0,0.0
hiba,49,0.05,M1,19,11,0.0,0.0,0.17646691180696533,0.0,0.0
hiba,49,0.05,M2,116,92,0.0,0.0,0.03130036074328996,0.0,0.0
hiba,49,0.05,M3,16,11,0.0,0.0,0.2059072142078227,0.0,0.0
hiba,49,0.05,B,187,72,0.0,0.0,0.019533331286935237,0.0,0.0
hiba,49,0.1,M1,19,11,0.0,0.0,0.17646691180696533,0.0,0.0
hiba,49,0.1,M2,116,92,0.008620689655172414,0.00021823314906306462,0.04709553622664744,0.0,0.02654867256637168
hiba,49,0.1,M3,16,11,0.0,0.0,0.2059072142078227,0.0,0.0
hiba,49,0.1,B,187,72,0.0053475935828877,0.0001353801827854688,0.029433221363264244,0.0,0.018925333969465642
hiba,49,0.15,M1,19,11,0.0,0.0,0.17646691180696533,0.0,0.0
hiba,49,0.15,M2,116,92,0.02586206896551724,0.005365468346042136,0.07372130513576362,0.0,0.07079646017699115
hiba,49,0.15,M3,16,11,0.0,0.0,0.2059072142078227,0.0,0.0
hiba,49,0.15,B,187,72,0.026737967914438502,0.008737531868112033,0.06129143872642517,0.006775625690099375,0.05211654062439402
pad,49,0.05,M1,30,18,0.0,0.0,0.11570330822202779,0.0,0.0
pad,49,0.05,M2,155,112,0.0,0.0,0.023518254148532765,0.0,0.0
pad,49,0.05,M3,60,38,0.0,0.0,0.059629492286166916,0.0,0.0
pad,49,0.05,B,15,13,0.0,0.0,0.218019360910534,0.0,0.0
pad,49,0.1,M1,30,18,0.0,0.0,0.11570330822202779,0.0,0.0
pad,49,0.1,M2,155,112,0.0,0.0,0.023518254148532765,0.0,0.0
pad,49,0.1,M3,60,38,0.0,0.0,0.059629492286166916,0.0,0.0
pad,49,0.1,B,15,13,0.0,0.0,0.218019360910534,0.0,0.0
pad,49,0.15,M1,30,18,0.0,0.0,0.11570330822202779,0.0,0.0
pad,49,0.15,M2,155,112,0.0,0.0,0.023518254148532765,0.0,0.0
pad,49,0.15,M3,60,38,0.0,0.0,0.059629492286166916,0.0,0.0
pad,49,0.15,B,15,13,0.0,0.0,0.218019360910534,0.0,0.0
hiba,50,0.05,M1,13,6,0.0,0.0,0.24705263800047095,0.0,0.0
hiba,50,0.05,M2,137,105,0.0,0.0,0.026566851096283282,0.0,0.0
hiba,50,0.05,M3,17,9,0.0,0.0,0.19506432296909318,0.0,0.0
hiba,50,0.05,B,240,65,0.0,0.0,0.015252810401278714,0.0,0.0
hiba,50,0.1,M1,13,6,0.0,0.0,0.24705263800047095,0.0,0.0
hiba,50,0.1,M2,137,105,0.021897810218978103,0.004538822663707423,0.06265998626088798,0.0,0.05471220167246534
hiba,50,0.1,M3,17,9,0.0,0.0,0.19506432296909318,0.0,0.0
hiba,50,0.1,B,240,65,0.04583333333333333,0.02309876714805481,0.08052719124440051,0.016750437062937062,0.07361522198731497
hiba,50,0.15,M1,13,6,0.0,0.0,0.24705263800047095,0.0,0.0
hiba,50,0.15,M2,137,105,0.021897810218978103,0.004538822663707423,0.06265998626088798,0.0,0.05777291210509852
hiba,50,0.15,M3,17,9,0.0,0.0,0.19506432296909318,0.0,0.0
hiba,50,0.15,B,240,65,0.1875,0.14017473428590663,0.24272516234645666,0.04610243635700833,0.27106292334157617
pad,50,0.05,M1,35,22,0.0,0.0,0.10003243557210503,0.0,0.0
pad,50,0.05,M2,145,98,0.0,0.0,0.025119664131802152,0.0,0.0
pad,50,0.05,M3,53,37,0.0,0.0,0.06723454630630114,0.0,0.0
pad,50,0.05,B,16,13,0.0,0.0,0.2059072142078227,0.0,0.0
pad,50,0.1,M1,35,22,0.0,0.0,0.10003243557210503,0.0,0.0
pad,50,0.1,M2,145,98,0.0,0.0,0.025119664131802152,0.0,0.0
pad,50,0.1,M3,53,37,0.0,0.0,0.06723454630630114,0.0,0.0
pad,50,0.1,B,16,13,0.0,0.0,0.2059072142078227,0.0,0.0
pad,50,0.15,M1,35,22,0.0,0.0,0.10003243557210503,0.0,0.0
pad,50,0.15,M2,145,98,0.0,0.0,0.025119664131802152,0.0,0.0
pad,50,0.15,M3,53,37,0.0,0.0,0.06723454630630114,0.0,0.0
pad,50,0.15,B,16,13,0.1875,0.0404737339059459,0.4564565462316117,0.0,0.38095238095238093
hiba,51,0.05,M1,3,3,0.0,0.0,0.7075982261787133,0.0,0.0
hiba,51,0.05,M2,141,110,0.0,0.0,0.025822998663865577,0.0,0.0
hiba,51,0.05,M3,8,8,0.0,0.0,0.3694166475528192,0.0,0.0
hiba,51,0.05,B,161,63,0.0,0.0,0.02265180141364231,0.0,0.0
hiba,51,0.1,M1,3,3,0.0,0.0,0.7075982261787133,0.0,0.0
hiba,51,0.1,M2,141,110,0.0,0.0,0.025822998663865577,0.0,0.0
hiba,51,0.1,M3,8,8,0.0,0.0,0.3694166475528192,0.0,0.0
hiba,51,0.1,B,161,63,0.018633540372670808,0.0038592926189038204,0.053487354259741375,0.0,0.03787878787878788
hiba,51,0.15,M1,3,3,0.0,0.0,0.7075982261787133,0.0,0.0
hiba,51,0.15,M2,141,110,0.0070921985815602835,0.00017954280213601281,0.03888051367149244,0.0,0.022388059701492536
hiba,51,0.15,M3,8,8,0.0,0.0,0.3694166475528192,0.0,0.0
hiba,51,0.15,B,161,63,0.14285714285714285,0.09276468055329191,0.20660683824577064,0.039425923040972116,0.2516910999502285
pad,51,0.05,M1,32,21,0.0,0.0,0.10888116067935288,0.0,0.0
pad,51,0.05,M2,157,108,0.0,0.0,0.023222164603325136,0.0,0.0
pad,51,0.05,M3,77,50,0.0,0.0,0.046778068160404106,0.0,0.0
pad,51,0.05,B,19,17,0.05263157894736842,0.001331628804179424,0.2602806541952142,0.0,0.16666666666666666
pad,51,0.1,M1,32,21,0.0,0.0,0.10888116067935288,0.0,0.0
pad,51,0.1,M2,157,108,0.0,0.0,0.023222164603325136,0.0,0.0
pad,51,0.1,M3,77,50,0.0,0.0,0.046778068160404106,0.0,0.0
pad,51,0.1,B,19,17,0.05263157894736842,0.001331628804179424,0.2602806541952142,0.0,0.16666666666666666
pad,51,0.15,M1,32,21,0.0,0.0,0.10888116067935288,0.0,0.0
pad,51,0.15,M2,157,108,0.0,0.0,0.023222164603325136,0.0,0.0
pad,51,0.15,M3,77,50,0.0,0.0,0.046778068160404106,0.0,0.0
pad,51,0.15,B,19,17,0.10526315789473684,0.01301216437177747,0.33137666445676595,0.0,0.2777777777777778
hiba,52,0.05,M1,15,9,0.0,0.0,0.218019360910534,0.0,0.0
hiba,52,0.05,M2,121,93,0.0,0.0,0.030026577222757825,0.0,0.0
hiba,52,0.05,M3,18,12,0.0,0.0,0.1853019681378522,0.0,0.0
hiba,52,0.05,B,125,74,0.0,0.0,0.02907983713643152,0.0,0.0
hiba,52,0.1,M1,15,9,0.0,0.0,0.218019360910534,0.0,0.0
hiba,52,0.1,M2,121,93,0.0,0.0,0.030026577222757825,0.0,0.0
hiba,52,0.1,M3,18,12,0.0,0.0,0.1853019681378522,0.0,0.0
hiba,52,0.1,B,125,74,0.072,0.033450035043418605,0.13227944719049858,0.0239,0.1240607140836304
hiba,52,0.15,M1,15,9,0.0,0.0,0.218019360910534,0.0,0.0
hiba,52,0.15,M2,121,93,0.0,0.0,0.030026577222757825,0.0,0.0
hiba,52,0.15,M3,18,12,0.0,0.0,0.1853019681378522,0.0,0.0
hiba,52,0.15,B,125,74,0.2,0.13380921465387585,0.2809215930952415,0.11504424778761062,0.28413636363636346
pad,52,0.05,M1,27,18,0.0,0.0,0.12770286761543234,0.0,0.0
pad,52,0.05,M2,172,122,0.0,0.0,0.02121862262512599,0.0,0.0
pad,52,0.05,M3,65,40,0.0,0.0,0.055171634318813376,0.0,0.0
pad,52,0.05,B,24,21,0.0,0.0,0.14247359772252563,0.0,0.0
pad,52,0.1,M1,27,18,0.0,0.0,0.12770286761543234,0.0,0.0
pad,52,0.1,M2,172,122,0.0,0.0,0.02121862262512599,0.0,0.0
pad,52,0.1,M3,65,40,0.0,0.0,0.055171634318813376,0.0,0.0
pad,52,0.1,B,24,21,0.0,0.0,0.14247359772252563,0.0,0.0
pad,52,0.15,M1,27,18,0.0,0.0,0.12770286761543234,0.0,0.0
pad,52,0.15,M2,172,122,0.023255813953488372,0.006371952134460505,0.05847114447025437,0.005405405405405406,0.046242774566473986
pad,52,0.15,M3,65,40,0.0,0.0,0.055171634318813376,0.0,0.0
pad,52,0.15,B,24,21,0.0,0.0,0.14247359772252563,0.0,0.0
hiba,53,0.05,M1,19,11,0.0,0.0,0.17646691180696533,0.0,0.0
hiba,53,0.05,M2,120,94,0.0,0.0,0.03027297257742007,0.0,0.0
hiba,53,0.05,M3,11,10,0.0,0.0,0.2849141529181544,0.0,0.0
hiba,53,0.05,B,171,77,0.0,0.0,0.021341374566502893,0.0,0.0
hiba,53,0.1,M1,19,11,0.0,0.0,0.17646691180696533,0.0,0.0
hiba,53,0.1,M2,120,94,0.0,0.0,0.03027297257742007,0.0,0.0
hiba,53,0.1,M3,11,10,0.0,0.0,0.2849141529181544,0.0,0.0
hiba,53,0.1,B,171,77,0.011695906432748537,0.0014195803217233996,0.041609092009970546,0.0,0.03125
hiba,53,0.15,M1,19,11,0.0,0.0,0.17646691180696533,0.0,0.0
hiba,53,0.15,M2,120,94,0.016666666666666666,0.002024822337693082,0.05890921946702682,0.0,0.040983606557377046
hiba,53,0.15,M3,11,10,0.0,0.0,0.2849141529181544,0.0,0.0
hiba,53,0.15,B,171,77,0.07017543859649122,0.03678415629617683,0.11937338870223173,0.022718013386361435,0.132477971503562
pad,53,0.05,M1,25,15,0.0,0.0,0.1371851715307125,0.0,0.0
pad,53,0.05,M2,147,100,0.0,0.0,0.024782170489580712,0.0,0.0
pad,53,0.05,M3,66,52,0.0,0.0,0.054358847170121974,0.0,0.0
pad,53,0.05,B,17,15,0.0,0.0,0.19506432296909318,0.0,0.0
pad,53,0.1,M1,25,15,0.0,0.0,0.1371851715307125,0.0,0.0
pad,53,0.1,M2,147,100,0.0,0.0,0.024782170489580712,0.0,0.0
pad,53,0.1,M3,66,52,0.0,0.0,0.054358847170121974,0.0,0.0
pad,53,0.1,B,17,15,0.0,0.0,0.19506432296909318,0.0,0.0
pad,53,0.15,M1,25,15,0.0,0.0,0.1371851715307125,0.0,0.0
pad,53,0.15,M2,147,100,0.0,0.0,0.024782170489580712,0.0,0.0
pad,53,0.15,M3,66,52,0.0,0.0,0.054358847170121974,0.0,0.0
pad,53,0.15,B,17,15,0.11764705882352941,0.014579316840302498,0.36440916210125024,0.0,0.2857142857142857
hiba,54,0.05,M1,12,6,0.0,0.0,0.26464846939705117,0.0,0.0
hiba,54,0.05,M2,126,96,0.0,0.0,0.028852406856721004,0.0,0.0
hiba,54,0.05,M3,13,9,0.0,0.0,0.24705263800047095,0.0,0.0
hiba,54,0.05,B,262,76,0.0,0.0,0.01398103725640066,0.0,0.0
hiba,54,0.1,M1,12,6,0.0,0.0,0.26464846939705117,0.0,0.0
hiba,54,0.1,M2,126,96,0.0,0.0,0.028852406856721004,0.0,0.0
hiba,54,0.1,M3,13,9,0.0,0.0,0.24705263800047095,0.0,0.0
hiba,54,0.1,B,262,76,0.007633587786259542,0.0009258035197293831,0.027301562792094263,0.0,0.01828709893048128
hiba,54,0.15,M1,12,6,0.0,0.0,0.26464846939705117,0.0,0.0
hiba,54,0.15,M2,126,96,0.015873015873015872,0.0019281097679825687,0.056162211334477206,0.0,0.040825336532053835
hiba,54,0.15,M3,13,9,0.0,0.0,0.24705263800047095,0.0,0.0
hiba,54,0.15,B,262,76,0.13740458015267176,0.09812696648775732,0.1851185914368138,0.048098291160904715,0.20689655172413793
pad,54,0.05,M1,33,18,0.0,0.0,0.10576281007457927,0.0,0.0
pad,54,0.05,M2,143,102,0.0,0.0,0.025466476413347372,0.0,0.0
pad,54,0.05,M3,84,53,0.0,0.0,0.04296491962956506,0.0,0.0
pad,54,0.05,B,14,12,0.07142857142857142,0.001806780659125388,0.3386844899318212,0.0,0.23076923076923078
pad,54,0.1,M1,33,18,0.0,0.0,0.10576281007457927,0.0,0.0
pad,54,0.1,M2,143,102,0.0,0.0,0.025466476413347372,0.0,0.0
pad,54,0.1,M3,84,53,0.0,0.0,0.04296491962956506,0.0,0.0
pad,54,0.1,B,14,12,0.14285714285714285,0.01779451548319153,0.428129160909699,0.0,0.3333333333333333
pad,54,0.15,M1,33,18,0.0,0.0,0.10576281007457927,0.0,0.0
pad,54,0.15,M2,143,102,0.0,0.0,0.025466476413347372,0.0,0.0
pad,54,0.15,M3,84,53,0.0,0.0,0.04296491962956506,0.0,0.0
pad,54,0.15,B,14,12,0.14285714285714285,0.01779451548319153,0.428129160909699,0.0,0.3333333333333333
hiba,55,0.05,M1,20,12,0.0,0.0,0.1684334709830853,0.0,0.0
hiba,55,0.05,M2,121,92,0.0,0.0,0.030026577222757825,0.0,0.0
hiba,55,0.05,M3,18,11,0.0,0.0,0.1853019681378522,0.0,0.0
hiba,55,0.05,B,220,72,0.0,0.0,0.016627839539993736,0.0,0.0
hiba,55,0.1,M1,20,12,0.0,0.0,0.1684334709830853,0.0,0.0
hiba,55,0.1,M2,121,92,0.03305785123966942,0.009079231145995698,0.082479381167131,0.0,0.07261463414634144
hiba,55,0.1,M3,18,11,0.0,0.0,0.1853019681378522,0.0,0.0
hiba,55,0.1,B,220,72,0.07727272727272727,0.045657073350820705,0.1208393807696062,0.030166780639769023,0.11877824029601164
hiba,55,0.15,M1,20,12,0.05,0.0012650894979498047,0.24873276277202777,0.0,0.13043478260869565
hiba,55,0.15,M2,121,92,0.03305785123966942,0.009079231145995698,0.082479381167131,0.0,0.0766441573693482
hiba,55,0.15,M3,18,11,0.0,0.0,0.1853019681378522,0.0,0.0
hiba,55,0.15,B,220,72,0.30454545454545456,0.2444689236055366,0.3699784356728507,0.09804649548924359,0.43243151290208554
pad,55,0.05,M1,19,13,0.0,0.0,0.17646691180696533,0.0,0.0
pad,55,0.05,M2,137,96,0.0,0.0,0.026566851096283282,0.0,0.0
pad,55,0.05,M3,68,50,0.0,0.0,0.05280304279363979,0.0,0.0
pad,55,0.05,B,17,14,0.0,0.0,0.19506432296909318,0.0,0.0
pad,55,0.1,M1,19,13,0.0,0.0,0.17646691180696533,0.0,0.0
pad,55,0.1,M2,137,96,0.0,0.0,0.026566851096283282,0.0,0.0
pad,55,0.1,M3,68,50,0.0,0.0,0.05280304279363979,0.0,0.0
pad,55,0.1,B,17,14,0.0,0.0,0.19506432296909318,0.0,0.0
pad,55,0.15,M1,19,13,0.0,0.0,0.17646691180696533,0.0,0.0
pad,55,0.15,M2,137,96,0.0,0.0,0.026566851096283282,0.0,0.0
pad,55,0.15,M3,68,50,0.0,0.0,0.05280304279363979,0.0,0.0
pad,55,0.15,B,17,14,0.0,0.0,0.19506432296909318,0.0,0.0
hiba,56,0.05,M1,25,13,0.0,0.0,0.1371851715307125,0.0,0.0
hiba,56,0.05,M2,112,88,0.0,0.0,0.03239992593135989,0.0,0.0
hiba,56,0.05,M3,10,9,0.0,0.0,0.3084971078187608,0.0,0.0
hiba,56,0.05,B,172,75,0.0,0.0,0.02121862262512599,0.0,0.0
hiba,56,0.1,M1,25,13,0.0,0.0,0.1371851715307125,0.0,0.0
hiba,56,0.1,M2,112,88,0.008928571428571428,0.0002260263092066397,0.04874330473012579,0.0,0.03023735614778916
hiba,56,0.1,M3,10,9,0.0,0.0,0.3084971078187608,0.0,0.0
hiba,56,0.1,B,172,75,0.046511627906976744,0.020291443964367373,0.0895871221809685,0.011969153515064564,0.085806310254163
hiba,56,0.15,M1,25,13,0.0,0.0,0.1371851715307125,0.0,0.0
hiba,56,0.15,M2,112,88,0.008928571428571428,0.0002260263092066397,0.04874330473012579,0.0,0.02831775700934578
hiba,56,0.15,M3,10,9,0.0,0.0,0.3084971078187608,0.0,0.0
hiba,56,0.15,B,172,75,0.09302325581395349,0.05410966458247415,0.1466674533462445,0.0276772030651341,0.16827922077922078
pad,56,0.05,M1,25,18,0.0,0.0,0.1371851715307125,0.0,0.0
pad,56,0.05,M2,162,113,0.0,0.0,0.022513561452805492,0.0,0.0
pad,56,0.05,M3,76,49,0.0,0.0,0.047378753866930745,0.0,0.0
pad,56,0.05,B,19,16,0.0,0.0,0.17646691180696533,0.0,0.0
pad,56,0.1,M1,25,18,0.0,0.0,0.1371851715307125,0.0,0.0
pad,56,0.1,M2,162,113,0.0,0.0,0.022513561452805492,0.0,0.0
pad,56,0.1,M3,76,49,0.0,0.0,0.047378753866930745,0.0,0.0
pad,56,0.1,B,19,16,0.05263157894736842,0.001331628804179424,0.2602806541952142,0.0,0.1875
pad,56,0.15,M1,25,18,0.0,0.0,0.1371851715307125,0.0,0.0
pad,56,0.15,M2,162,113,0.0,0.0,0.022513561452805492,0.0,0.0
pad,56,0.15,M3,76,49,0.0,0.0,0.047378753866930745,0.0,0.0
pad,56,0.15,B,19,16,0.10526315789473684,0.01301216437177747,0.33137666445676595,0.0,0.28635620915032645
hiba,57,0.05,M1,11,9,0.0,0.0,0.2849141529181544,0.0,0.0
hiba,57,0.05,M2,128,98,0.0,0.0,0.028408053443543906,0.0,0.0
hiba,57,0.05,M3,13,11,0.0,0.0,0.24705263800047095,0.0,0.0
hiba,57,0.05,B,263,71,0.0,0.0,0.013928249364834656,0.0,0.0
hiba,57,0.1,M1,11,9,0.0,0.0,0.2849141529181544,0.0,0.0
hiba,57,0.1,M2,128,98,0.015625,0.0018978931217393065,0.05530259002244882,0.0,0.04087499999999996
hiba,57,0.1,M3,13,11,0.0,0.0,0.24705263800047095,0.0,0.0
hiba,57,0.1,B,263,71,0.0038022813688212928,9.62607962302715e-05,0.021001744301156228,0.0,0.013031576266870383
hiba,57,0.15,M1,11,9,0.0,0.0,0.2849141529181544,0.0,0.0
hiba,57,0.15,M2,128,98,0.03125,0.008578935537261197,0.07807952543847038,0.0,0.06967138523761375
hiba,57,0.15,M3,13,11,0.0,0.0,0.24705263800047095,0.0,0.0
hiba,57,0.15,B,263,71,0.155893536121673,0.11425348150860269,0.20548695890531507,0.042702834799609,0.2301435721812434
pad,57,0.05,M1,18,11,0.0,0.0,0.1853019681378522,0.0,0.0
pad,57,0.05,M2,155,107,0.0,0.0,0.023518254148532765,0.0,0.0
pad,57,0.05,M3,63,46,0.0,0.0,0.05687235233201624,0.0,0.0
pad,57,0.05,B,18,15,0.0,0.0,0.1853019681378522,0.0,0.0
pad,57,0.1,M1,18,11,0.0,0.0,0.1853019681378522,0.0,0.0
pad,57,0.1,M2,155,107,0.0,0.0,0.023518254148532765,0.0,0.0
pad,57,0.1,M3,63,46,0.0,0.0,0.05687235233201624,0.0,0.0
pad,57,0.1,B,18,15,0.0,0.0,0.1853019681378522,0.0,0.0
pad,57,0.15,M1,18,11,0.0,0.0,0.1853019681378522,0.0,0.0
pad,57,0.15,M2,155,107,0.0,0.0,0.023518254148532765,0.0,0.0
pad,57,0.15,M3,63,46,0.0,0.0,0.05687235233201624,0.0,0.0
pad,57,0.15,B,18,15,0.0,0.0,0.1853019681378522,0.0,0.0
hiba,58,0.05,M1,15,11,0.0,0.0,0.218019360910534,0.0,0.0
hiba,58,0.05,M2,112,92,0.0,0.0,0.03239992593135989,0.0,0.0
hiba,58,0.05,M3,12,10,0.0,0.0,0.26464846939705117,0.0,0.0
hiba,58,0.05,B,223,75,0.0,0.0,0.016405991770247007,0.0,0.0
hiba,58,0.1,M1,15,11,0.0,0.0,0.218019360910534,0.0,0.0
hiba,58,0.1,M2,112,92,0.0,0.0,0.03239992593135989,0.0,0.0
hiba,58,0.1,M3,12,10,0.0,0.0,0.26464846939705117,0.0,0.0
hiba,58,0.1,B,223,75,0.03587443946188341,0.015613018129298325,0.0694606594111609,0.0055248618784530384,0.06126520049257291
hiba,58,0.15,M1,15,11,0.0,0.0,0.218019360910534,0.0,0.0
hiba,58,0.15,M2,112,92,0.0,0.0,0.03239992593135989,0.0,0.0
hiba,58,0.15,M3,12,10,0.0,0.0,0.26464846939705117,0.0,0.0
hiba,58,0.15,B,223,75,0.12556053811659193,0.08508041726493874,0.17633502961068256,0.04871669777702359,0.1730767869780608
pad,58,0.05,M1,25,17,0.0,0.0,0.1371851715307125,0.0,0.0
pad,58,0.05,M2,156,104,0.0,0.0,0.023369271591380202,0.0,0.0
pad,58,0.05,M3,57,43,0.0,0.0,0.06266748091448493,0.0,0.0
pad,58,0.05,B,30,24,0.0,0.0,0.11570330822202779,0.0,0.0
pad,58,0.1,M1,25,17,0.0,0.0,0.1371851715307125,0.0,0.0
pad,58,0.1,M2,156,104,0.0,0.0,0.023369271591380202,0.0,0.0
pad,58,0.1,M3,57,43,0.0,0.0,0.06266748091448493,0.0,0.0
pad,58,0.1,B,30,24,0.03333333333333333,0.0008435709266304795,0.17216945563341265,0.0,0.12
pad,58,0.15,M1,25,17,0.0,0.0,0.1371851715307125,0.0,0.0
pad,58,0.15,M2,156,104,0.0,0.0,0.023369271591380202,0.0,0.0
pad,58,0.15,M3,57,43,0.0,0.0,0.06266748091448493,0.0,0.0
pad,58,0.15,B,30,24,0.13333333333333333,0.03755349633836333,0.30721835027612676,0.0,0.28125
hiba,59,0.05,M1,19,12,0.0,0.0,0.17646691180696533,0.0,0.0
hiba,59,0.05,M2,134,106,0.0,0.0,0.027153482879800184,0.0,0.0
hiba,59,0.05,M3,9,9,0.0,0.0,0.3362671168799428,0.0,0.0
hiba,59,0.05,B,167,61,0.0,0.0,0.021846920830611804,0.0,0.0
hiba,59,0.1,M1,19,12,0.0,0.0,0.17646691180696533,0.0,0.0
hiba,59,0.1,M2,134,106,0.007462686567164179,0.0001889210177310106,0.04087703753634292,0.0,0.0234375
hiba,59,0.1,M3,9,9,0.0,0.0,0.3362671168799428,0.0,0.0
hiba,59,0.1,B,167,61,0.0,0.0,0.021846920830611804,0.0,0.0
hiba,59,0.15,M1,19,12,0.0,0.0,0.17646691180696533,0.0,0.0
hiba,59,0.15,M2,134,106,0.029850746268656716,0.008192016771186349,0.07466537444504887,0.007116261398176292,0.06349206349206349
hiba,59,0.15,M3,9,9,0.0,0.0,0.3362671168799428,0.0,0.0
hiba,59,0.15,B,167,61,0.20359281437125748,0.14530579929984347,0.27270612766417623,0.0633170871559633,0.27230069351657443
pad,59,0.05,M1,17,9,0.0,0.0,0.19506432296909318,0.0,0.0
pad,59,0.05,M2,145,102,0.0,0.0,0.025119664131802152,0.0,0.0
pad,59,0.05,M3,69,46,0.0,0.0,0.05205805786307967,0.0,0.0
pad,59,0.05,B,18,15,0.0,0.0,0.1853019681378522,0.0,0.0
pad,59,0.1,M1,17,9,0.0,0.0,0.19506432296909318,0.0,0.0
pad,59,0.1,M2,145,102,0.0,0.0,0.025119664131802152,0.0,0.0
pad,59,0.1,M3,69,46,0.0,0.0,0.05205805786307967,0.0,0.0
pad,59,0.1,B,18,15,0.05555555555555555,0.0014055561673694233,0.27294359967336845,0.0,0.19406249999999972
pad,59,0.15,M1,17,9,0.0,0.0,0.19506432296909318,0.0,0.0
pad,59,0.15,M2,145,102,0.0,0.0,0.025119664131802152,0.0,0.0
pad,59,0.15,M3,69,46,0.0,0.0,0.05205805786307967,0.0,0.0
pad,59,0.15,B,18,15,0.05555555555555555,0.0014055561673694233,0.27294359967336845,0.0,0.20552631578947345
hiba,60,0.05,M1,8,6,0.0,0.0,0.3694166475528192,0.0,0.0
hiba,60,0.05,M2,120,101,0.0,0.0,0.03027297257742007,0.0,0.0
hiba,60,0.05,M3,9,8,0.0,0.0,0.3362671168799428,0.0,0.0
hiba,60,0.05,B,159,69,0.0,0.0,0.02293343743096093,0.0,0.0
hiba,60,0.1,M1,8,6,0.0,0.0,0.3694166475528192,0.0,0.0
hiba,60,0.1,M2,120,101,0.008333333333333333,0.00021095947812170925,0.04555551323359298,0.0,0.026438053097345128
hiba,60,0.1,M3,9,8,0.0,0.0,0.3362671168799428,0.0,0.0
hiba,60,0.1,B,159,69,0.0440251572327044,0.01788099680910895,0.0886028618910783,0.01769266917293233,0.07569834034595604
hiba,60,0.15,M1,8,6,0.0,0.0,0.3694166475528192,0.0,0.0
hiba,60,0.15,M2,120,101,0.016666666666666666,0.002024822337693082,0.05890921946702682,0.0,0.04185049019607842
hiba,60,0.15,M3,9,8,0.0,0.0,0.3362671168799428,0.0,0.0
hiba,60,0.15,B,159,69,0.11949685534591195,0.07350042133976961,0.18030629778060278,0.02040816326530612,0.17745395022821125
pad,60,0.05,M1,23,13,0.0,0.0,0.14818512891522437,0.0,0.0
pad,60,0.05,M2,137,98,0.0,0.0,0.026566851096283282,0.0,0.0
pad,60,0.05,M3,70,51,0.0,0.0,0.05133379715102374,0.0,0.0
pad,60,0.05,B,13,13,0.0,0.0,0.24705263800047095,0.0,0.0
pad,60,0.1,M1,23,13,0.0,0.0,0.14818512891522437,0.0,0.0
pad,60,0.1,M2,137,98,0.0,0.0,0.026566851096283282,0.0,0.0
pad,60,0.1,M3,70,51,0.0,0.0,0.05133379715102374,0.0,0.0
pad,60,0.1,B,13,13,0.07692307692307693,0.0019456284973467497,0.3602974352678775,0.0,0.23076923076923078
pad,60,0.15,M1,23,13,0.0,0.0,0.14818512891522437,0.0,0.0
pad,60,0.15,M2,137,98,0.0,0.0,0.026566851096283282,0.0,0.0
pad,60,0.15,M3,70,51,0.0,0.0,0.05133379715102374,0.0,0.0
pad,60,0.15,B,13,13,0.07692307692307693,0.0019456284973467497,0.3602974352678775,0.0,0.23076923076923078
hiba,61,0.05,M1,16,10,0.0,0.0,0.2059072142078227,0.0,0.0
hiba,61,0.05,M2,112,91,0.0,0.0,0.03239992593135989,0.0,0.0
hiba,61,0.05,M3,11,10,0.0,0.0,0.2849141529181544,0.0,0.0
hiba,61,0.05,B,159,80,0.0,0.0,0.02293343743096093,0.0,0.0
hiba,61,0.1,M1,16,10,0.0,0.0,0.2059072142078227,0.0,0.0
hiba,61,0.1,M2,112,91,0.0,0.0,0.03239992593135989,0.0,0.0
hiba,61,0.1,M3,11,10,0.0,0.0,0.2849141529181544,0.0,0.0
hiba,61,0.1,B,159,80,0.006289308176100629,0.0001592188200946108,0.03454214013273887,0.0,0.019683710329405683
hiba,61,0.15,M1,16,10,0.0625,0.0015811117227658884,0.3023207384345319,0.0,0.2
hiba,61,0.15,M2,112,91,0.017857142857142856,0.0021699463849355807,0.06301894718796731,0.0,0.04660011574074072
hiba,61,0.15,M3,11,10,0.0,0.0,0.2849141529181544,0.0,0.0
hiba,61,0.15,B,159,80,0.07547169811320754,0.03960413870873588,0.12812242329703416,0.02577373623082299,0.1346057397603789
pad,61,0.05,M1,28,16,0.0,0.0,0.12343611850026381,0.0,0.0
pad,61,0.05,M2,150,103,0.0,0.0,0.02429259716610854,0.0,0.0
pad,61,0.05,M3,69,53,0.0,0.0,0.05205805786307967,0.0,0.0
pad,61,0.05,B,21,17,0.0,0.0,0.1610976152190796,0.0,0.0
pad,61,0.1,M1,28,16,0.0,0.0,0.12343611850026381,0.0,0.0
pad,61,0.1,M2,150,103,0.0,0.0,0.02429259716610854,0.0,0.0
pad,61,0.1,M3,69,53,0.0,0.0,0.05205805786307967,0.0,0.0
pad,61,0.1,B,21,17,0.047619047619047616,0.0012048834483635135,0.23815990993682112,0.0,0.16666666666666666
pad,61,0.15,M1,28,16,0.0,0.0,0.12343611850026381,0.0,0.0
pad,61,0.15,M2,150,103,0.0,0.0,0.02429259716610854,0.0,0.0
pad,61,0.15,M3,69,53,0.0,0.0,0.05205805786307967,0.0,0.0
pad,61,0.15,B,21,17,0.14285714285714285,0.03048896762151556,0.363423987016981,0.0,0.3181818181818182
hiba,62,0.05,M1,17,12,0.0,0.0,0.19506432296909318,0.0,0.0
hiba,62,0.05,M2,129,95,0.0,0.0,0.02819096974972637,0.0,0.0
hiba,62,0.05,M3,16,11,0.0,0.0,0.2059072142078227,0.0,0.0
hiba,62,0.05,B,162,69,0.0,0.0,0.022513561452805492,0.0,0.0
hiba,62,0.1,M1,17,12,0.0,0.0,0.19506432296909318,0.0,0.0
hiba,62,0.1,M2,129,95,0.007751937984496124,0.00019624281925598546,0.04243342506529924,0.0,0.025222457627118635
hiba,62,0.1,M3,16,11,0.0,0.0,0.2059072142078227,0.0,0.0
hiba,62,0.1,B,162,69,0.05555555555555555,0.025715161557828176,0.10283997147053897,0.013697277472139937,0.09178383458646615
hiba,62,0.15,M1,17,12,0.058823529411764705,0.001488174391266636,0.2868893966672207,0.0,0.2
hiba,62,0.15,M2,129,95,0.015503875968992248,0.0018831371984284401,0.054882570369590294,0.0,0.04116142799078715
hiba,62,0.15,M3,16,11,0.0,0.0,0.2059072142078227,0.0,0.0
hiba,62,0.15,B,162,69,0.12345679012345678,0.0770674287412861,0.18421294644578193,0.056214516129032256,0.18615569221538922
pad,62,0.05,M1,33,19,0.0,0.0,0.10576281007457927,0.0,0.0
pad,62,0.05,M2,170,119,0.0,0.0,0.02146555498094456,0.0,0.0
pad,62,0.05,M3,77,52,0.0,0.0,0.046778068160404106,0.0,0.0
pad,62,0.05,B,15,14,0.0,0.0,0.218019360910534,0.0,0.0
pad,62,0.1,M1,33,19,0.0,0.0,0.10576281007457927,0.0,0.0
pad,62,0.1,M2,170,119,0.0,0.0,0.02146555498094456,0.0,0.0
pad,62,0.1,M3,77,52,0.0,0.0,0.046778068160404106,0.0,0.0
pad,62,0.1,B,15,14,0.06666666666666667,0.0016864302413527026,0.3194845665783034,0.0,0.2
pad,62,0.15,M1,33,19,0.0,0.0,0.10576281007457927,0.0,0.0
pad,62,0.15,M2,170,119,0.0,0.0,0.02146555498094456,0.0,0.0
pad,62,0.15,M3,77,52,0.0,0.0,0.046778068160404106,0.0,0.0
pad,62,0.15,B,15,14,0.06666666666666667,0.0016864302413527026,0.3194845665783034,0.0,0.21428571428571427
hiba,63,0.05,M1,17,9,0.0,0.0,0.19506432296909318,0.0,0.0
hiba,63,0.05,M2,125,98,0.0,0.0,0.02907983713643152,0.0,0.0
hiba,63,0.05,M3,15,13,0.0,0.0,0.218019360910534,0.0,0.0
hiba,63,0.05,B,205,67,0.0,0.0,0.017833599058713276,0.0,0.0
hiba,63,0.1,M1,17,9,0.0,0.0,0.19506432296909318,0.0,0.0
hiba,63,0.1,M2,125,98,0.008,0.0002025219535342447,0.04376653637502473,0.0,0.026222535855965807
hiba,63,0.1,M3,15,13,0.0,0.0,0.218019360910534,0.0,0.0
hiba,63,0.1,B,205,67,0.03414634146341464,0.013836792878228673,0.06908620422181314,0.008469945355191258,0.0556717574147853
hiba,63,0.15,M1,17,9,0.0,0.0,0.19506432296909318,0.0,0.0
hiba,63,0.15,M2,125,98,0.016,0.0019435818023689144,0.05660211961975487,0.0,0.041554705801295264
hiba,63,0.15,M3,15,13,0.0,0.0,0.218019360910534,0.0,0.0
hiba,63,0.15,B,205,67,0.18048780487804877,0.13037841478092596,0.24008967392913394,0.07591403162055337,0.29798995388669297
pad,63,0.05,M1,36,20,0.0,0.0,0.09739375591449193,0.0,0.0
pad,63,0.05,M2,155,102,0.0,0.0,0.023518254148532765,0.0,0.0
pad,63,0.05,M3,73,52,0.0,0.0,0.04927706089585928,0.0,0.0
pad,63,0.05,B,18,15,0.0,0.0,0.1853019681378522,0.0,0.0
pad,63,0.1,M1,36,20,0.0,0.0,0.09739375591449193,0.0,0.0
pad,63,0.1,M2,155,102,0.0,0.0,0.023518254148532765,0.0,0.0
pad,63,0.1,M3,73,52,0.0,0.0,0.04927706089585928,0.0,0.0
pad,63,0.1,B,18,15,0.1111111111111111,0.013751215664364498,0.3471204386086721,0.0,0.2857142857142857
pad,63,0.15,M1,36,20,0.0,0.0,0.09739375591449193,0.0,0.0
pad,63,0.15,M2,155,102,0.0,0.0,0.023518254148532765,0.0,0.0
pad,63,0.15,M3,73,52,0.0,0.0,0.04927706089585928,0.0,0.0
pad,63,0.15,B,18,15,0.1111111111111111,0.013751215664364498,0.3471204386086721,0.0,0.29411764705882354
hiba,64,0.05,M1,6,6,0.0,0.0,0.4592581264399005,0.0,0.0
hiba,64,0.05,M2,130,96,0.0,0.0,0.027977178415451696,0.0,0.0
hiba,64,0.05,M3,14,12,0.0,0.0,0.23163576165011648,0.0,0.0
hiba,64,0.05,B,125,76,0.0,0.0,0.02907983713643152,0.0,0.0
hiba,64,0.1,M1,6,6,0.0,0.0,0.4592581264399005,0.0,0.0
hiba,64,0.1,M2,130,96,0.023076923076923078,0.004784536324386385,0.06595897499986639,0.0,0.05861957921854872
hiba,64,0.1,M3,14,12,0.0,0.0,0.23163576165011648,0.0,0.0
hiba,64,0.1,B,125,76,0.024,0.004976989749053449,0.06853631611067006,0.0,0.05925925925925926
hiba,64,0.15,M1,6,6,0.0,0.0,0.4592581264399005,0.0,0.0
hiba,64,0.15,M2,130,96,0.038461538461538464,0.012604362344755168,0.08747357306980717,0.007633587786259542,0.07749344906649197
hiba,64,0.15,M3,14,12,0.07142857142857142,0.001806780659125388,0.3386844899318212,0.0,0.21428571428571427
hiba,64,0.15,B,125,76,0.136,0.08126488247065346,0.20879827174915336,0.06356060606060605,0.21205187003423548
pad,64,0.05,M1,40,22,0.0,0.0,0.08809730287880237,0.0,0.0
pad,64,0.05,M2,174,116,0.0,0.0,0.020977306694394248,0.0,0.0
pad,64,0.05,M3,64,46,0.0,0.0,0.05600908938663656,0.0,0.0
pad,64,0.05,B,17,15,0.058823529411764705,0.001488174391266636,0.2868893966672207,0.0,0.1875
pad,64,0.1,M1,40,22,0.0,0.0,0.08809730287880237,0.0,0.0
pad,64,0.1,M2,174,116,0.0,0.0,0.020977306694394248,0.0,0.0
pad,64,0.1,M3,64,46,0.0,0.0,0.05600908938663656,0.0,0.0
pad,64,0.1,B,17,15,0.058823529411764705,0.001488174391266636,0.2868893966672207,0.0,0.18226102941176447
pad,64,0.15,M1,40,22,0.0,0.0,0.08809730287880237,0.0,0.0
pad,64,0.15,M2,174,116,0.0,0.0,0.020977306694394248,0.0,0.0
pad,64,0.15,M3,64,46,0.0,0.0,0.05600908938663656,0.0,0.0
pad,64,0.15,B,17,15,0.058823529411764705,0.001488174391266636,0.2868893966672207,0.0,0.2
hiba,65,0.05,M1,15,10,0.0,0.0,0.218019360910534,0.0,0.0
hiba,65,0.05,M2,114,94,0.0,0.0,0.031840654083474196,0.0,0.0
hiba,65,0.05,M3,14,10,0.0,0.0,0.23163576165011648,0.0,0.0
hiba,65,0.05,B,203,78,0.0,0.0,0.018007708024901935,0.0,0.0
hiba,65,0.1,M1,15,10,0.0,0.0,0.218019360910534,0.0,0.0
hiba,65,0.1,M2,114,94,0.0,0.0,0.031840654083474196,0.0,0.0
hiba,65,0.1,M3,14,10,0.0,0.0,0.23163576165011648,0.0,0.0
hiba,65,0.1,B,203,78,0.014778325123152709,0.0030580767004794594,0.042578824268459804,0.0,0.02737611263266004
hiba,65,0.15,M1,15,10,0.0,0.0,0.218019360910534,0.0,0.0
hiba,65,0.15,M2,114,94,0.008771929824561403,0.00022206137567197903,0.04790525785236257,0.0,0.027777777777777776
hiba,65,0.15,M3,14,10,0.0,0.0,0.23163576165011648,0.0,0.0
hiba,65,0.15,B,203,78,0.12315270935960591,0.08130701721731032,0.17641057708222463,0.051397113249444855,0.2003832116788321
pad,65,0.05,M1,24,16,0.0,0.0,0.14247359772252563,0.0,0.0
pad,65,0.05,M2,157,101,0.0,0.0,0.023222164603325136,0.0,0.0
pad,65,0.05,M3,66,42,0.0,0.0,0.054358847170121974,0.0,0.0
pad,65,0.05,B,17,16,0.0,0.0,0.19506432296909318,0.0,0.0
pad,65,0.1,M1,24,16,0.0,0.0,0.14247359772252563,0.0,0.0
pad,65,0.1,M2,157,101,0.0,0.0,0.023222164603325136,0.0,0.0
pad,65,0.1,M3,66,42,0.0,0.0,0.054358847170121974,0.0,0.0
pad,65,0.1,B,17,16,0.0,0.0,0.19506432296909318,0.0,0.0
pad,65,0.15,M1,24,16,0.0,0.0,0.14247359772252563,0.0,0.0
pad,65,0.15,M2,157,101,0.0,0.0,0.023222164603325136,0.0,0.0
pad,65,0.15,M3,66,42,0.0,0.0,0.054358847170121974,0.0,0.0
pad,65,0.15,B,17,16,0.0,0.0,0.19506432296909318,0.0,0.0
hiba,66,0.05,M1,6,6,0.0,0.0,0.4592581264399005,0.0,0.0
hiba,66,0.05,M2,136,106,0.0,0.0,0.026759558379143282,0.0,0.0
hiba,66,0.05,M3,10,10,0.0,0.0,0.3084971078187608,0.0,0.0
hiba,66,0.05,B,190,66,0.0,0.0,0.019227894753327812,0.0,0.0
hiba,66,0.1,M1,6,6,0.0,0.0,0.4592581264399005,0.0,0.0
hiba,66,0.1,M2,136,106,0.0,0.0,0.026759558379143282,0.0,0.0
hiba,66,0.1,M3,10,10,0.0,0.0,0.3084971078187608,0.0,0.0
hiba,66,0.1,B,190,66,0.05789473684210526,0.029251903388322526,0.10122692218111533,0.007869767441860465,0.0843243811993812
hiba,66,0.15,M1,6,6,0.0,0.0,0.4592581264399005,0.0,0.0
hiba,66,0.15,M2,136,106,0.007352941176470588,0.00018614302606238106,0.04028598437824808,0.0,0.023076923076923078
hiba,66,0.15,M3,10,10,0.0,0.0,0.3084971078187608,0.0,0.0
hiba,66,0.15,B,190,66,0.22105263157894736,0.16420169263906875,0.2868221302852425,0.05852004897459443,0.3166331573626867
pad,66,0.05,M1,28,18,0.0,0.0,0.12343611850026381,0.0,0.0
pad,66,0.05,M2,159,108,0.0,0.0,0.02293343743096093,0.0,0.0
pad,66,0.05,M3,61,46,0.0,0.0,0.05868122393229261,0.0,0.0
pad,66,0.05,B,14,13,0.07142857142857142,0.001806780659125388,0.3386844899318212,0.0,0.27666666666666623
pad,66,0.1,M1,28,18,0.0,0.0,0.12343611850026381,0.0,0.0
pad,66,0.1,M2,159,108,0.0,0.0,0.02293343743096093,0.0,0.0
pad,66,0.1,M3,61,46,0.0,0.0,0.05868122393229261,0.0,0.0
pad,66,0.1,B,14,13,0.07142857142857142,0.001806780659125388,0.3386844899318212,0.0,0.23076923076923078
pad,66,0.15,M1,28,18,0.0,0.0,0.12343611850026381,0.0,0.0
pad,66,0.15,M2,159,108,0.0,0.0,0.02293343743096093,0.0,0.0
pad,66,0.15,M3,61,46,0.0,0.0,0.05868122393229261,0.0,0.0
pad,66,0.15,B,14,13,0.07142857142857142,0.001806780659125388,0.3386844899318212,0.0,0.27666666666666623
hiba,67,0.05,M1,28,15,0.0,0.0,0.12343611850026381,0.0,0.0
hiba,67,0.05,M2,124,94,0.0,0.0,0.029310881089774928,0.0,0.0
hiba,67,0.05,M3,15,14,0.0,0.0,0.218019360910534,0.0,0.0
hiba,67,0.05,B,101,58,0.0,0.0,0.03586462039000372,0.0,0.0
hiba,67,0.1,M1,28,15,0.0,0.0,0.12343611850026381,0.0,0.0
hiba,67,0.1,M2,124,94,0.024193548387096774,0.0050173534469213805,0.06907613709116538,0.0,0.06752599344822674
hiba,67,0.1,M3,15,14,0.0,0.0,0.218019360910534,0.0,0.0
hiba,67,0.1,B,101,58,0.0297029702970297,0.006167859543564687,0.08435689827612243,0.0,0.0644764957264957
hiba,67,0.15,M1,28,15,0.0,0.0,0.12343611850026381,0.0,0.0
hiba,67,0.15,M2,124,94,0.024193548387096774,0.0050173534469213805,0.06907613709116538,0.0,0.06379222758445513
hiba,67,0.15,M3,15,14,0.0,0.0,0.218019360910534,0.0,0.0
hiba,67,0.15,B,101,58,0.0891089108910891,0.0415594702792003,0.1624256090480684,0.034363295880149816,0.14797029702970294
pad,67,0.05,M1,29,17,0.0,0.0,0.11944486906950269,0.0,0.0
pad,67,0.05,M2,156,109,0.0,0.0,0.023369271591380202,0.0,0.0
pad,67,0.05,M3,65,46,0.0,0.0,0.055171634318813376,0.0,0.0
pad,67,0.05,B,28,23,0.0,0.0,0.12343611850026381,0.0,0.0
pad,67,0.1,M1,29,17,0.0,0.0,0.11944486906950269,0.0,0.0
pad,67,0.1,M2,156,109,0.0,0.0,0.023369271591380202,0.0,0.0
pad,67,0.1,M3,65,46,0.0,0.0,0.055171634318813376,0.0,0.0
pad,67,0.1,B,28,23,0.0,0.0,0.12343611850026381,0.0,0.0
pad,67,0.15,M1,29,17,0.0,0.0,0.11944486906950269,0.0,0.0
pad,67,0.15,M2,156,109,0.00641025641025641,0.00016228047202441215,0.0351967007148116,0.0,0.020205650281153634
pad,67,0.15,M3,65,46,0.0,0.0,0.055171634318813376,0.0,0.0
pad,67,0.15,B,28,23,0.0,0.0,0.12343611850026381,0.0,0.0
hiba,68,0.05,M1,19,9,0.0,0.0,0.17646691180696533,0.0,0.0
hiba,68,0.05,M2,129,98,0.0,0.0,0.02819096974972637,0.0,0.0
hiba,68,0.05,M3,18,11,0.0,0.0,0.1853019681378522,0.0,0.0
hiba,68,0.05,B,160,67,0.0,0.0,0.022791749455466522,0.0,0.0
hiba,68,0.1,M1,19,9,0.0,0.0,0.17646691180696533,0.0,0.0
hiba,68,0.1,M2,129,98,0.0,0.0,0.02819096974972637,0.0,0.0
hiba,68,0.1,M3,18,11,0.0,0.0,0.1853019681378522,0.0,0.0
hiba,68,0.1,B,160,67,0.05,0.02183067418412093,0.09614087173771704,0.013420910075839655,0.08404923599320882
hiba,68,0.15,M1,19,9,0.0,0.0,0.17646691180696533,0.0,0.0
hiba,68,0.15,M2,129,98,0.007751937984496124,0.00019624281925598546,0.04243342506529924,0.0,0.023720472440944877
hiba,68,0.15,M3,18,11,0.0,0.0,0.1853019681378522,0.0,0.0
hiba,68,0.15,B,160,67,0.1125,0.06805365446350208,0.17196247116788324,0.03273063323690132,0.17949762940832628
pad,68,0.05,M1,27,18,0.0,0.0,0.12770286761543234,0.0,0.0
pad,68,0.05,M2,153,105,0.0,0.0,0.023821991293435516,0.0,0.0
pad,68,0.05,M3,84,53,0.0,0.0,0.04296491962956506,0.0,0.0
pad,68,0.05,B,14,14,0.0,0.0,0.23163576165011648,0.0,0.0
pad,68,0.1,M1,27,18,0.0,0.0,0.12770286761543234,0.0,0.0
pad,68,0.1,M2,153,105,0.0,0.0,0.023821991293435516,0.0,0.0
pad,68,0.1,M3,84,53,0.0,0.0,0.04296491962956506,0.0,0.0
pad,68,0.1,B,14,14,0.0,0.0,0.23163576165011648,0.0,0.0
pad,68,0.15,M1,27,18,0.0,0.0,0.12770286761543234,0.0,0.0
pad,68,0.15,M2,153,105,0.0,0.0,0.023821991293435516,0.0,0.0
pad,68,0.15,M3,84,53,0.0,0.0,0.04296491962956506,0.0,0.0
pad,68,0.15,B,14,14,0.0,0.0,0.23163576165011648,0.0,0.0
hiba,69,0.05,M1,27,15,0.0,0.0,0.12770286761543234,0.0,0.0
hiba,69,0.05,M2,116,88,0.0,0.0,0.03130036074328996,0.0,0.0
hiba,69,0.05,M3,15,9,0.0,0.0,0.218019360910534,0.0,0.0
hiba,69,0.05,B,221,78,0.0,0.0,0.016553226644565586,0.0,0.0
hiba,69,0.1,M1,27,15,0.0,0.0,0.12770286761543234,0.0,0.0
hiba,69,0.1,M2,116,88,0.017241379310344827,0.0020948739493875583,0.060894840259407425,0.0,0.04258729353810488
hiba,69,0.1,M3,15,9,0.0,0.0,0.218019360910534,0.0,0.0
hiba,69,0.1,B,221,78,0.004524886877828055,0.00011455365535238504,0.024951835395450383,0.0,0.016526232114467396
hiba,69,0.15,M1,27,15,0.0,0.0,0.12770286761543234,0.0,0.0
hiba,69,0.15,M2,116,88,0.034482758620689655,0.009473865093176157,0.08593831005795627,0.0,0.0816550754661142
hiba,69,0.15,M3,15,9,0.0,0.0,0.218019360910534,0.0,0.0
hiba,69,0.15,B,221,78,0.11312217194570136,0.07455895107519236,0.16244958320062103,0.04857395751376869,0.15415791530308204
pad,69,0.05,M1,22,15,0.0,0.0,0.15437251281557457,0.0,0.0
pad,69,0.05,M2,146,104,0.0,0.0,0.024949776111947798,0.0,0.0
pad,69,0.05,M3,70,53,0.0,0.0,0.05133379715102374,0.0,0.0
pad,69,0.05,B,22,18,0.0,0.0,0.15437251281557457,0.0,0.0
pad,69,0.1,M1,22,15,0.0,0.0,0.15437251281557457,0.0,0.0
pad,69,0.1,M2,146,104,0.0,0.0,0.024949776111947798,0.0,0.0
pad,69,0.1,M3,70,53,0.0,0.0,0.05133379715102374,0.0,0.0
pad,69,0.1,B,22,18,0.0,0.0,0.15437251281557457,0.0,0.0
pad,69,0.15,M1,22,15,0.0,0.0,0.15437251281557457,0.0,0.0
pad,69,0.15,M2,146,104,0.0,0.0,0.024949776111947798,0.0,0.0
pad,69,0.15,M3,70,53,0.0,0.0,0.05133379715102374,0.0,0.0
pad,69,0.15,B,22,18,0.09090909090909091,0.011205586024150999,0.29161274155393346,0.0,0.24
hiba,70,0.05,M1,21,11,0.0,0.0,0.1610976152190796,0.0,0.0
hiba,70,0.05,M2,136,104,0.0,0.0,0.026759558379143282,0.0,0.0
hiba,70,0.05,M3,14,9,0.0,0.0,0.23163576165011648,0.0,0.0
hiba,70,0.05,B,223,65,0.0,0.0,0.016405991770247007,0.0,0.0
hiba,70,0.1,M1,21,11,0.0,0.0,0.1610976152190796,0.0,0.0
hiba,70,0.1,M2,136,104,0.007352941176470588,0.00018614302606238106,0.04028598437824808,0.0,0.022910839160839153
hiba,70,0.1,M3,14,9,0.0,0.0,0.23163576165011648,0.0,0.0
hiba,70,0.1,B,223,65,0.07174887892376682,0.04156440499780975,0.1139021488727016,0.03444177350427351,0.12535523630083212
hiba,70,0.15,M1,21,11,0.0,0.0,0.1610976152190796,0.0,0.0
hiba,70,0.15,M2,136,104,0.014705882352941176,0.0017859388132832636,0.052112023364688044,0.0,0.035849177800616645
hiba,70,0.15,M3,14,9,0.0,0.0,0.23163576165011648,0.0,0.0
hiba,70,0.15,B,223,65,0.22869955156950672,0.17527665085366897,0.28948705327211427,0.09856172196597729,0.3095665149518904
pad,70,0.05,M1,27,15,0.0,0.0,0.12770286761543234,0.0,0.0
pad,70,0.05,M2,173,117,0.0,0.0,0.021097274650684936,0.0,0.0
pad,70,0.05,M3,60,38,0.0,0.0,0.059629492286166916,0.0,0.0
pad,70,0.05,B,20,19,0.0,0.0,0.1684334709830853,0.0,0.0
pad,70,0.1,M1,27,15,0.0,0.0,0.12770286761543234,0.0,0.0
pad,70,0.1,M2,173,117,0.0,0.0,0.021097274650684936,0.0,0.0
pad,70,0.1,M3,60,38,0.0,0.0,0.059629492286166916,0.0,0.0
pad,70,0.1,B,20,19,0.05,0.0012650894979498047,0.24873276277202777,0.0,0.15
pad,70,0.15,M1,27,15,0.0,0.0,0.12770286761543234,0.0,0.0
pad,70,0.15,M2,173,117,0.0,0.0,0.021097274650684936,0.0,0.0
pad,70,0.15,M3,60,38,0.0,0.0,0.059629492286166916,0.0,0.0
pad,70,0.15,B,20,19,0.05,0.0012650894979498047,0.24873276277202777,0.0,0.15789473684210525
hiba,71,0.05,M1,12,7,0.0,0.0,0.26464846939705117,0.0,0.0
hiba,71,0.05,M2,123,92,0.0,0.0,0.029545625527072385,0.0,0.0
hiba,71,0.05,M3,17,14,0.0,0.0,0.19506432296909318,0.0,0.0
hiba,71,0.05,B,241,73,0.0,0.0,0.01519000387436258,0.0,0.0
hiba,71,0.1,M1,12,7,0.0,0.0,0.26464846939705117,0.0,0.0
hiba,71,0.1,M2,123,92,0.0,0.0,0.029545625527072385,0.0,0.0
hiba,71,0.1,M3,17,14,0.0,0.0,0.19506432296909318,0.0,0.0
hiba,71,0.1,B,241,73,0.0,0.0,0.01519000387436258,0.0,0.0
hiba,71,0.15,M1,12,7,0.0,0.0,0.26464846939705117,0.0,0.0
hiba,71,0.15,M2,123,92,0.016260162601626018,0.001975282956072543,0.057502934587719094,0.0,0.04220374590514171
hiba,71,0.15,M3,17,14,0.0,0.0,0.19506432296909318,0.0,0.0
hiba,71,0.15,B,241,73,0.16597510373443983,0.12130069806761036,0.21907834920159028,0.07512958532695375,0.22286943134595089
pad,71,0.05,M1,26,15,0.0,0.0,0.1322746044977541,0.0,0.0
pad,71,0.05,M2,144,103,0.0,0.0,0.02529188148751663,0.0,0.0
pad,71,0.05,M3,69,47,0.0,0.0,0.05205805786307967,0.0,0.0
pad,71,0.05,B,21,17,0.0,0.0,0.1610976152190796,0.0,0.0
pad,71,0.1,M1,26,15,0.0,0.0,0.1322746044977541,0.0,0.0
pad,71,0.1,M2,144,103,0.0,0.0,0.02529188148751663,0.0,0.0
pad,71,0.1,M3,69,47,0.0,0.0,0.05205805786307967,0.0,0.0
pad,71,0.1,B,21,17,0.0,0.0,0.1610976152190796,0.0,0.0
pad,71,0.15,M1,26,15,0.0,0.0,0.1322746044977541,0.0,0.0
pad,71,0.15,M2,144,103,0.0,0.0,0.02529188148751663,0.0,0.0
pad,71,0.15,M3,69,47,0.0,0.0,0.05205805786307967,0.0,0.0
pad,71,0.15,B,21,17,0.0,0.0,0.1610976152190796,0.0,0.0
hiba,72,0.05,M1,10,9,0.0,0.0,0.3084971078187608,0.0,0.0
hiba,72,0.05,M2,152,108,0.0,0.0,0.02397682090379162,0.0,0.0
hiba,72,0.05,M3,17,11,0.0,0.0,0.19506432296909318,0.0,0.0
hiba,72,0.05,B,156,61,0.0,0.0,0.023369271591380202,0.0,0.0
hiba,72,0.1,M1,10,9,0.0,0.0,0.3084971078187608,0.0,0.0
hiba,72,0.1,M2,152,108,0.013157894736842105,0.0015974732016119392,0.04672092197222375,0.0,0.035243055555555534
hiba,72,0.1,M3,17,11,0.0,0.0,0.19506432296909318,0.0,0.0
hiba,72,0.1,B,156,61,0.00641025641025641,0.00016228047202441215,0.0351967007148116,0.0,0.018477982590885813
hiba,72,0.15,M1,10,9,0.0,0.0,0.3084971078187608,0.0,0.0
hiba,72,0.15,M2,152,108,0.046052631578947366,0.018713333411957064,0.09258238159184255,0.013601443909663087,0.08579301898346596
hiba,72,0.15,M3,17,11,0.0,0.0,0.19506432296909318,0.0,0.0
hiba,72,0.15,B,156,61,0.1794871794871795,0.12270597516972485,0.24885351073107265,0.09150297619047619,0.2493847150259067
pad,72,0.05,M1,22,16,0.0,0.0,0.15437251281557457,0.0,0.0
pad,72,0.05,M2,148,106,0.0,0.0,0.024616801578984306,0.0,0.0
pad,72,0.05,M3,89,61,0.0,0.0,0.04060085754963182,0.0,0.0
pad,72,0.05,B,19,17,0.0,0.0,0.17646691180696533,0.0,0.0
pad,72,0.1,M1,22,16,0.0,0.0,0.15437251281557457,0.0,0.0
pad,72,0.1,M2,148,106,0.0,0.0,0.024616801578984306,0.0,0.0
pad,72,0.1,M3,89,61,0.0,0.0,0.04060085754963182,0.0,0.0
pad,72,0.1,B,19,17,0.05263157894736842,0.001331628804179424,0.2602806541952142,0.0,0.17647058823529413
pad,72,0.15,M1,22,16,0.0,0.0,0.15437251281557457,0.0,0.0
pad,72,0.15,M2,148,106,0.0,0.0,0.024616801578984306,0.0,0.0
pad,72,0.15,M3,89,61,0.0,0.0,0.04060085754963182,0.0,0.0
pad,72,0.15,B,19,17,0.05263157894736842,0.001331628804179424,0.2602806541952142,0.0,0.16666666666666666
hiba,73,0.05,M1,13,8,0.0,0.0,0.24705263800047095,0.0,0.0
hiba,73,0.05,M2,125,98,0.0,0.0,0.02907983713643152,0.0,0.0
hiba,73,0.05,M3,18,12,0.0,0.0,0.1853019681378522,0.0,0.0
hiba,73,0.05,B,188,70,0.0,0.0,0.01943044662682331,0.0,0.0
hiba,73,0.1,M1,13,8,0.0,0.0,0.24705263800047095,0.0,0.0
hiba,73,0.1,M2,125,98,0.0,0.0,0.02907983713643152,0.0,0.0
hiba,73,0.1,M3,18,12,0.0,0.0,0.1853019681378522,0.0,0.0
hiba,73,0.1,B,188,70,0.005319148936170213,0.00013466012391728205,0.029278561887899568,0.0,0.01636294778114417
hiba,73,0.15,M1,13,8,0.0,0.0,0.24705263800047095,0.0,0.0
hiba,73,0.15,M2,125,98,0.024,0.004976989749053449,0.06853631611067006,0.0,0.05435606060606055
hiba,73,0.15,M3,18,12,0.0,0.0,0.1853019681378522,0.0,0.0
hiba,73,0.15,B,188,70,0.13297872340425532,0.08794029181253113,0.1900159111553133,0.05040254237288136,0.17647058823529413
pad,73,0.05,M1,26,17,0.0,0.0,0.1322746044977541,0.0,0.0
pad,73,0.05,M2,166,106,0.0,0.0,0.02197707192849604,0.0,0.0
pad,73,0.05,M3,83,51,0.0,0.0,0.0434711521664418,0.0,0.0
pad,73,0.05,B,23,20,0.0,0.0,0.14818512891522437,0.0,0.0
pad,73,0.1,M1,26,17,0.0,0.0,0.1322746044977541,0.0,0.0
pad,73,0.1,M2,166,106,0.0,0.0,0.02197707192849604,0.0,0.0
pad,73,0.1,M3,83,51,0.0,0.0,0.0434711521664418,0.0,0.0
pad,73,0.1,B,23,20,0.0,0.0,0.14818512891522437,0.0,0.0
pad,73,0.15,M1,26,17,0.0,0.0,0.1322746044977541,0.0,0.0
pad,73,0.15,M2,166,106,0.0,0.0,0.02197707192849604,0.0,0.0
pad,73,0.15,M3,83,51,0.0,0.0,0.0434711521664418,0.0,0.0
pad,73,0.15,B,23,20,0.043478260869565216,0.0011001686304415005,0.2194866074534804,0.0,0.1397727272727271
hiba,74,0.05,M1,14,9,0.0,0.0,0.23163576165011648,0.0,0.0
hiba,74,0.05,M2,137,107,0.0,0.0,0.026566851096283282,0.0,0.0
hiba,74,0.05,M3,16,11,0.0,0.0,0.2059072142078227,0.0,0.0
hiba,74,0.05,B,183,57,0.0,0.0,0.019956000841316164,0.0,0.0
hiba,74,0.1,M1,14,9,0.0,0.0,0.23163576165011648,0.0,0.0
hiba,74,0.1,M2,137,107,0.014598540145985401,0.0017728664269936643,0.05173889758210789,0.0,0.0364963503649635
hiba,74,0.1,M3,16,11,0.0,0.0,0.2059072142078227,0.0,0.0
hiba,74,0.1,B,183,57,0.01639344262295082,0.003393565673727504,0.047158835768655594,0.0,0.0296818661507343
hiba,74,0.15,M1,14,9,0.0,0.0,0.23163576165011648,0.0,0.0
hiba,74,0.15,M2,137,107,0.0364963503649635,0.011954632359529885,0.08311392920372315,0.0031879194630872578,0.0732744740231859
hiba,74,0.15,M3,16,11,0.0,0.0,0.2059072142078227,0.0,0.0
hiba,74,0.15,B,183,57,0.1366120218579235,0.0903988038976861,0.19502882197411603,0.054483349830316746,0.22916890885007035
pad,74,0.05,M1,30,19,0.0,0.0,0.11570330822202779,0.0,0.0
pad,74,0.05,M2,173,118,0.0,0.0,0.021097274650684936,0.0,0.0
pad,74,0.05,M3,66,43,0.0,0.0,0.054358847170121974,0.0,0.0
pad,74,0.05,B,20,17,0.0,0.0,0.1684334709830853,0.0,0.0
pad,74,0.1,M1,30,19,0.0,0.0,0.11570330822202779,0.0,0.0
pad,74,0.1,M2,173,118,0.0,0.0,0.021097274650684936,0.0,0.0
pad,74,0.1,M3,66,43,0.0,0.0,0.054358847170121974,0.0,0.0
pad,74,0.1,B,20,17,0.0,0.0,0.1684334709830853,0.0,0.0
pad,74,0.15,M1,30,19,0.0,0.0,0.11570330822202779,0.0,0.0
pad,74,0.15,M2,173,118,0.0,0.0,0.021097274650684936,0.0,0.0
pad,74,0.15,M3,66,43,0.0,0.0,0.054358847170121974,0.0,0.0
pad,74,0.15,B,20,17,0.0,0.0,0.1684334709830853,0.0,0.0
hiba,75,0.05,M1,10,5,0.0,0.0,0.3084971078187608,0.0,0.0
hiba,75,0.05,M2,110,92,0.0,0.0,0.032979194032219696,0.0,0.0
hiba,75,0.05,M3,16,12,0.0,0.0,0.2059072142078227,0.0,0.0
hiba,75,0.05,B,166,77,0.0,0.0,0.02197707192849604,0.0,0.0
hiba,75,0.1,M1,10,5,0.0,0.0,0.3084971078187608,0.0,0.0
hiba,75,0.1,M2,110,92,0.01818181818181818,0.0022095371748962075,0.06413753937745299,0.0,0.056074766355140186
hiba,75,0.1,M3,16,12,0.0,0.0,0.2059072142078227,0.0,0.0
hiba,75,0.1,B,166,77,0.05421686746987952,0.025088024574254866,0.10042333731199013,0.022524154589371983,0.08549767554349286
hiba,75,0.15,M1,10,5,0.0,0.0,0.3084971078187608,0.0,0.0
hiba,75,0.15,M2,110,92,0.02727272727272727,0.005659996441479294,0.07763677049951324,0.0,0.07146615642190861
hiba,75,0.15,M3,16,12,0.0,0.0,0.2059072142078227,0.0,0.0
hiba,75,0.15,B,166,77,0.1746987951807229,0.12023028237322203,0.24116293080115675,0.09771313885119856,0.24920302013422815
pad,75,0.05,M1,28,17,0.0,0.0,0.12343611850026381,0.0,0.0
pad,75,0.05,M2,152,107,0.0,0.0,0.02397682090379162,0.0,0.0
pad,75,0.05,M3,70,48,0.0,0.0,0.05133379715102374,0.0,0.0
pad,75,0.05,B,24,19,0.0,0.0,0.14247359772252563,0.0,0.0
pad,75,0.1,M1,28,17,0.0,0.0,0.12343611850026381,0.0,0.0
pad,75,0.1,M2,152,107,0.0,0.0,0.02397682090379162,0.0,0.0
pad,75,0.1,M3,70,48,0.0,0.0,0.05133379715102374,0.0,0.0
pad,75,0.1,B,24,19,0.041666666666666664,0.0010543524454697483,0.2112016834569731,0.0,0.13636363636363635
pad,75,0.15,M1,28,17,0.0,0.0,0.12343611850026381,0.0,0.0
pad,75,0.15,M2,152,107,0.0,0.0,0.02397682090379162,0.0,0.0
pad,75,0.15,M3,70,48,0.0,0.0,0.05133379715102374,0.0,0.0
pad,75,0.15,B,24,19,0.08333333333333333,0.010256341281250152,0.26997280155760356,0.0,0.2
hiba,76,0.05,M1,18,12,0.0,0.0,0.1853019681378522,0.0,0.0
hiba,76,0.05,M2,119,92,0.0,0.0,0.03052344485379618,0.0,0.0
hiba,76,0.05,M3,23,15,0.0,0.0,0.14818512891522437,0.0,0.0
hiba,76,0.05,B,155,71,0.0,0.0,0.023518254148532765,0.0,0.0
hiba,76,0.1,M1,18,12,0.0,0.0,0.1853019681378522,0.0,0.0
hiba,76,0.1,M2,119,92,0.008403361344537815,0.00021273205826973461,0.04593100044411776,0.0,0.027537878787878774
hiba,76,0.1,M3,23,15,0.0,0.0,0.14818512891522437,0.0,0.0
hiba,76,0.1,B,155,71,0.01935483870967742,0.004009357624857962,0.05551923492769842,0.0,0.038685897435897426
hiba,76,0.15,M1,18,12,0.05555555555555555,0.0014055561673694233,0.27294359967336845,0.0,0.2
hiba,76,0.15,M2,119,92,0.03361344537815126,0.009233072446647284,0.08382900924950505,0.008,0.06614754098360653
hiba,76,0.15,M3,23,15,0.0,0.0,0.14818512891522437,0.0,0.0
hiba,76,0.15,B,155,71,0.16774193548387098,0.11259737337414277,0.23604039806623495,0.09711339137645109,0.23864745374160798
pad,76,0.05,M1,19,12,0.0,0.0,0.17646691180696533,0.0,0.0
pad,76,0.05,M2,167,116,0.0,0.0,0.021846920830611804,0.0,0.0
pad,76,0.05,M3,63,41,0.0,0.0,0.05687235233201624,0.0,0.0
pad,76,0.05,B,18,15,0.05555555555555555,0.0014055561673694233,0.27294359967336845,0.0,0.1875
pad,76,0.1,M1,19,12,0.0,0.0,0.17646691180696533,0.0,0.0
pad,76,0.1,M2,167,116,0.0,0.0,0.021846920830611804,0.0,0.0
pad,76,0.1,M3,63,41,0.0,0.0,0.05687235233201624,0.0,0.0
pad,76,0.1,B,18,15,0.05555555555555555,0.0014055561673694233,0.27294359967336845,0.0,0.17647058823529413
pad,76,0.15,M1,19,12,0.0,0.0,0.17646691180696533,0.0,0.0
pad,76,0.15,M2,167,116,0.0,0.0,0.021846920830611804,0.0,0.0
pad,76,0.15,M3,63,41,0.0,0.0,0.05687235233201624,0.0,0.0
pad,76,0.15,B,18,15,0.05555555555555555,0.0014055561673694233,0.27294359967336845,0.0,0.1875
hiba,77,0.05,M1,8,7,0.0,0.0,0.3694166475528192,0.0,0.0
hiba,77,0.05,M2,108,90,0.0,0.0,0.033579550218654476,0.0,0.0
hiba,77,0.05,M3,13,13,0.0,0.0,0.24705263800047095,0.0,0.0
hiba,77,0.05,B,202,81,0.0,0.0,0.01809604359184076,0.0,0.0
hiba,77,0.1,M1,8,7,0.0,0.0,0.3694166475528192,0.0,0.0
hiba,77,0.1,M2,108,90,0.027777777777777776,0.005765492235042966,0.07903597641058258,0.0,0.07936141304347821
hiba,77,0.1,M3,13,13,0.0,0.0,0.24705263800047095,0.0,0.0
hiba,77,0.1,B,202,81,0.07425742574257425,0.042155073500645186,0.11951896145673314,0.027549913194444445,0.12725839655060622
hiba,77,0.15,M1,8,7,0.0,0.0,0.3694166475528192,0.0,0.0
hiba,77,0.15,M2,108,90,0.037037037037037035,0.010181973727247825,0.09211907275983491,0.0,0.09090909090909091
hiba,77,0.15,M3,13,13,0.0,0.0,0.24705263800047095,0.0,0.0
hiba,77,0.15,B,202,81,0.1485148514851485,0.10249993103262098,0.20517719007028293,0.06308898151504168,0.2359582542694497
pad,77,0.05,M1,28,18,0.0,0.0,0.12343611850026381,0.0,0.0
pad,77,0.05,M2,152,104,0.0,0.0,0.02397682090379162,0.0,0.0
pad,77,0.05,M3,67,44,0.0,0.0,0.053569654127096765,0.0,0.0
pad,77,0.05,B,28,23,0.0,0.0,0.12343611850026381,0.0,0.0
pad,77,0.1,M1,28,18,0.0,0.0,0.12343611850026381,0.0,0.0
pad,77,0.1,M2,152,104,0.0,0.0,0.02397682090379162,0.0,0.0
pad,77,0.1,M3,67,44,0.0,0.0,0.053569654127096765,0.0,0.0
pad,77,0.1,B,28,23,0.03571428571428571,0.0009037987556580585,0.18347759754462362,0.0,0.11538461538461539
pad,77,0.15,M1,28,18,0.0,0.0,0.12343611850026381,0.0,0.0
pad,77,0.15,M2,152,104,0.0,0.0,0.02397682090379162,0.0,0.0
pad,77,0.15,M3,67,44,0.0,0.0,0.053569654127096765,0.0,0.0
pad,77,0.15,B,28,23,0.07142857142857142,0.008770496703527137,0.23503477317459073,0.0,0.17857142857142858
hiba,78,0.05,M1,15,10,0.0,0.0,0.218019360910534,0.0,0.0
hiba,78,0.05,M2,113,91,0.0,0.0,0.03211785574573937,0.0,0.0
hiba,78,0.05,M3,19,11,0.0,0.0,0.17646691180696533,0.0,0.0
hiba,78,0.05,B,230,74,0.0,0.0,0.015910672747766797,0.0,0.0
hiba,78,0.1,M1,15,10,0.0,0.0,0.218019360910534,0.0,0.0
hiba,78,0.1,M2,113,91,0.0,0.0,0.03211785574573937,0.0,0.0
hiba,78,0.1,M3,19,11,0.0,0.0,0.17646691180696533,0.0,0.0
hiba,78,0.1,B,230,74,0.05652173913043478,0.030435249244041347,0.09471461374759713,0.021648153942428038,0.07477163461538461
hiba,78,0.15,M1,15,10,0.0,0.0,0.218019360910534,0.0,0.0
hiba,78,0.15,M2,113,91,0.0,0.0,0.03211785574573937,0.0,0.0
hiba,78,0.15,M3,19,11,0.0,0.0,0.17646691180696533,0.0,0.0
hiba,78,0.15,B,230,74,0.16521739130434782,0.1196488929839622,0.2196470418259244,0.07196978417266187,0.22444304533126694
pad,78,0.05,M1,24,14,0.0,0.0,0.14247359772252563,0.0,0.0
pad,78,0.05,M2,169,115,0.0,0.0,0.021591188948230824,0.0,0.0
pad,78,0.05,M3,85,54,0.0,0.0,0.04247033991124916,0.0,0.0
pad,78,0.05,B,9,8,0.0,0.0,0.3362671168799428,0.0,0.0
pad,78,0.1,M1,24,14,0.0,0.0,0.14247359772252563,0.0,0.0
pad,78,0.1,M2,169,115,0.0,0.0,0.021591188948230824,0.0,0.0
pad,78,0.1,M3,85,54,0.0,0.0,0.04247033991124916,0.0,0.0
pad,78,0.1,B,9,8,0.1111111111111111,0.0028091367465992163,0.48249651491733697,0.0,0.375
pad,78,0.15,M1,24,14,0.0,0.0,0.14247359772252563,0.0,0.0
pad,78,0.15,M2,169,115,0.0,0.0,0.021591188948230824,0.0,0.0
pad,78,0.15,M3,85,54,0.0,0.0,0.04247033991124916,0.0,0.0
pad,78,0.15,B,9,8,0.1111111111111111,0.0028091367465992163,0.48249651491733697,0.0,0.3333333333333333
hiba,79,0.05,M1,11,7,0.0,0.0,0.2849141529181544,0.0,0.0
hiba,79,0.05,M2,127,95,0.0,0.0,0.028628506134387617,0.0,0.0
hiba,79,0.05,M3,11,9,0.0,0.0,0.2849141529181544,0.0,0.0
hiba,79,0.05,B,201,76,0.0,0.0,0.018185250054386256,0.0,0.0
hiba,79,0.1,M1,11,7,0.0,0.0,0.2849141529181544,0.0,0.0
hiba,79,0.1,M2,127,95,0.015748031496062992,0.0019128821227939322,0.05572908669409177,0.0,0.05196026986506745
hiba,79,0.1,M3,11,9,0.0,0.0,0.2849141529181544,0.0,0.0
hiba,79,0.1,B,201,76,0.05970149253731343,0.03122588210942697,0.10196367733342904,0.0,0.1087710960437657
hiba,79,0.15,M1,11,7,0.0,0.0,0.2849141529181544,0.0,0.0
hiba,79,0.15,M2,127,95,0.023622047244094488,0.004898179856560943,0.06748158871353609,0.0,0.06023698523698522
hiba,79,0.15,M3,11,9,0.0,0.0,0.2849141529181544,0.0,0.0
hiba,79,0.15,B,201,76,0.16417910447761194,0.11578930506351015,0.222769633971679,0.007462686567164179,0.2868872535825411
pad,79,0.05,M1,27,18,0.0,0.0,0.12770286761543234,0.0,0.0
pad,79,0.05,M2,167,117,0.0,0.0,0.021846920830611804,0.0,0.0
pad,79,0.05,M3,64,43,0.0,0.0,0.05600908938663656,0.0,0.0
pad,79,0.05,B,15,13,0.06666666666666667,0.0016864302413527026,0.3194845665783034,0.0,0.21428571428571427
pad,79,0.1,M1,27,18,0.0,0.0,0.12770286761543234,0.0,0.0
pad,79,0.1,M2,167,117,0.0,0.0,0.021846920830611804,0.0,0.0
pad,79,0.1,M3,64,43,0.0,0.0,0.05600908938663656,0.0,0.0
pad,79,0.1,B,15,13,0.13333333333333333,0.016575913440083627,0.40460269660337206,0.0,0.3234374999999995
pad,79,0.15,M1,27,18,0.0,0.0,0.12770286761543234,0.0,0.0
pad,79,0.15,M2,167,117,0.0,0.0,0.021846920830611804,0.0,0.0
pad,79,0.15,M3,64,43,0.0,0.0,0.05600908938663656,0.0,0.0
pad,79,0.15,B,15,13,0.13333333333333333,0.016575913440083627,0.40460269660337206,0.0,0.3102163461538461
hiba,80,0.05,M1,12,7,0.0,0.0,0.26464846939705117,0.0,0.0
hiba,80,0.05,M2,111,90,0.0,0.0,0.032686994023947695,0.0,0.0
hiba,80,0.05,M3,10,9,0.0,0.0,0.3084971078187608,0.0,0.0
hiba,80,0.05,B,246,75,0.0,0.0,0.014883573138216514,0.0,0.0
hiba,80,0.1,M1,12,7,0.0,0.0,0.26464846939705117,0.0,0.0
hiba,80,0.1,M2,111,90,0.009009009009009009,0.00022806235004637103,0.04917341861152979,0.0,0.028715659340659335
hiba,80,0.1,M3,10,9,0.0,0.0,0.3084971078187608,0.0,0.0
hiba,80,0.1,B,246,75,0.024390243902439025,0.00900221449699321,0.052328621401975445,0.004402570674122398,0.04892791457097815
hiba,80,0.15,M1,12,7,0.0,0.0,0.26464846939705117,0.0,0.0
hiba,80,0.15,M2,111,90,0.009009009009009009,0.00022806235004637103,0.04917341861152979,0.0,0.03233742649602206
hiba,80,0.15,M3,10,9,0.0,0.0,0.3084971078187608,0.0,0.0
hiba,80,0.15,B,246,75,0.10569105691056911,0.0702114718323968,0.15101892695760713,0.03131656390134529,0.18937437101643734
pad,80,0.05,M1,26,15,0.0,0.0,0.1322746044977541,0.0,0.0
pad,80,0.05,M2,170,117,0.0,0.0,0.02146555498094456,0.0,0.0
pad,80,0.05,M3,74,44,0.0,0.0,0.04862761623798952,0.0,0.0
pad,80,0.05,B,19,16,0.0,0.0,0.17646691180696533,0.0,0.0
pad,80,0.1,M1,26,15,0.0,0.0,0.1322746044977541,0.0,0.0
pad,80,0.1,M2,170,117,0.0,0.0,0.02146555498094456,0.0,0.0
pad,80,0.1,M3,74,44,0.0,0.0,0.04862761623798952,0.0,0.0
pad,80,0.1,B,19,16,0.10526315789473684,0.01301216437177747,0.33137666445676595,0.0,0.29411764705882354
pad,80,0.15,M1,26,15,0.0,0.0,0.1322746044977541,0.0,0.0
pad,80,0.15,M2,170,117,0.0,0.0,0.02146555498094456,0.0,0.0
pad,80,0.15,M3,74,44,0.0,0.0,0.04862761623798952,0.0,0.0
pad,80,0.15,B,19,16,0.10526315789473684,0.01301216437177747,0.33137666445676595,0.0,0.270833333333333
hiba,81,0.05,M1,13,9,0.0,0.0,0.24705263800047095,0.0,0.0
hiba,81,0.05,M2,120,96,0.0,0.0,0.03027297257742007,0.0,0.0
hiba,81,0.05,M3,7,6,0.0,0.0,0.4096163972250034,0.0,0.0
hiba,81,0.05,B,228,78,0.0,0.0,0.0160491140730012,0.0,0.0
hiba,81,0.1,M1,13,9,0.0,0.0,0.24705263800047095,0.0,0.0
hiba,81,0.1,M2,120,96,0.016666666666666666,0.002024822337693082,0.05890921946702682,0.0,0.04292845564397288
hiba,81,0.1,M3,7,6,0.0,0.0,0.4096163972250034,0.0,0.0
hiba,81,0.1,B,228,78,0.05701754385964912,0.03070530170042712,0.09552828173854987,0.02358654783456343,0.11453574332815847
hiba,81,0.15,M1,13,9,0.0,0.0,0.24705263800047095,0.0,0.0
hiba,81,0.15,M2,120,96,0.025,0.005185574958321363,0.07132319415690505,0.0,0.05581819913639824
hiba,81,0.15,M3,7,6,0.0,0.0,0.4096163972250034,0.0,0.0
hiba,81,0.15,B,228,78,0.2324561403508772,0.17924024107520584,0.29277069194295335,0.07181143041653214,0.3483286149825784
pad,81,0.05,M1,26,13,0.0,0.0,0.1322746044977541,0.0,0.0
pad,81,0.05,M2,159,107,0.0,0.0,0.02293343743096093,0.0,0.0
pad,81,0.05,M3,90,57,0.0,0.0,0.040158919615774634,0.0,0.0
pad,81,0.05,B,18,13,0.0,0.0,0.1853019681378522,0.0,0.0
pad,81,0.1,M1,26,13,0.0,0.0,0.1322746044977541,0.0,0.0
pad,81,0.1,M2,159,107,0.0,0.0,0.02293343743096093,0.0,0.0
pad,81,0.1,M3,90,57,0.0,0.0,0.040158919615774634,0.0,0.0
pad,81,0.1,B,18,13,0.0,0.0,0.1853019681378522,0.0,0.0
pad,81,0.15,M1,26,13,0.0,0.0,0.1322746044977541,0.0,0.0
pad,81,0.15,M2,159,107,0.0,0.0,0.02293343743096093,0.0,0.0
pad,81,0.15,M3,90,57,0.0,0.0,0.040158919615774634,0.0,0.0
pad,81,0.15,B,18,13,0.1111111111111111,0.013751215664364498,0.3471204386086721,0.0,0.29321428571428537
hiba,82,0.05,M1,15,11,0.0,0.0,0.218019360910534,0.0,0.0
hiba,82,0.05,M2,111,89,0.0,0.0,0.032686994023947695,0.0,0.0
hiba,82,0.05,M3,20,14,0.0,0.0,0.1684334709830853,0.0,0.0
hiba,82,0.05,B,174,75,0.0,0.0,0.020977306694394248,0.0,0.0
hiba,82,0.1,M1,15,11,0.0,0.0,0.218019360910534,0.0,0.0
hiba,82,0.1,M2,111,89,0.009009009009009009,0.00022806235004637103,0.04917341861152979,0.0,0.027522935779816515
hiba,82,0.1,M3,20,14,0.0,0.0,0.1684334709830853,0.0,0.0
hiba,82,0.1,B,174,75,0.04597701149425287,0.020055764987201085,0.08858068624434262,0.010469780219780222,0.08186926487266727
hiba,82,0.15,M1,15,11,0.06666666666666667,0.0016864302413527026,0.3194845665783034,0.0,0.1875
hiba,82,0.15,M2,111,89,0.036036036036036036,0.009904365895060442,0.08969989106579195,0.008543980128579778,0.07017543859649122
hiba,82,0.15,M3,20,14,0.0,0.0,0.1684334709830853,0.0,0.0
hiba,82,0.15,B,174,75,0.12643678160919541,0.08096186423976091,0.18514946578880523,0.04527511961722488,0.21641223986856514
pad,82,0.05,M1,22,16,0.0,0.0,0.15437251281557457,0.0,0.0
pad,82,0.05,M2,181,114,0.0,0.0,0.020174269812950164,0.0,0.0
pad,82,0.05,M3,78,53,0.0,0.0,0.04619242032804872,0.0,0.0
pad,82,0.05,B,20,15,0.0,0.0,0.1684334709830853,0.0,0.0
pad,82,0.1,M1,22,16,0.0,0.0,0.15437251281557457,0.0,0.0
pad,82,0.1,M2,181,114,0.0,0.0,0.020174269812950164,0.0,0.0
pad,82,0.1,M3,78,53,0.0,0.0,0.04619242032804872,0.0,0.0
pad,82,0.1,B,20,15,0.0,0.0,0.1684334709830853,0.0,0.0
pad,82,0.15,M1,22,16,0.0,0.0,0.15437251281557457,0.0,0.0
pad,82,0.15,M2,181,114,0.0,0.0,0.020174269812950164,0.0,0.0
pad,82,0.15,M3,78,53,0.0,0.0,0.04619242032804872,0.0,0.0
pad,82,0.15,B,20,15,0.15,0.032070937185463715,0.37892682654531396,0.0,0.36717171717171704
hiba,83,0.05,M1,25,14,0.0,0.0,0.1371851715307125,0.0,0.0
hiba,83,0.05,M2,120,96,0.0,0.0,0.03027297257742007,0.0,0.0
hiba,83,0.05,M3,9,7,0.0,0.0,0.3362671168799428,0.0,0.0
hiba,83,0.05,B,152,74,0.0,0.0,0.02397682090379162,0.0,0.0
hiba,83,0.1,M1,25,14,0.0,0.0,0.1371851715307125,0.0,0.0
hiba,83,0.1,M2,120,96,0.025,0.005185574958321363,0.07132319415690505,0.0,0.07176640926640925
hiba,83,0.1,M3,9,7,0.0,0.0,0.3362671168799428,0.0,0.0
hiba,83,0.1,B,152,74,0.046052631578947366,0.018713333411957064,0.09258238159184255,0.010514290461947493,0.09576264787314367
hiba,83,0.15,M1,25,14,0.0,0.0,0.1371851715307125,0.0,0.0
hiba,83,0.15,M2,120,96,0.025,0.005185574958321363,0.07132319415690505,0.0,0.062237278761061936
hiba,83,0.15,M3,9,7,0.0,0.0,0.3362671168799428,0.0,0.0
hiba,83,0.15,B,152,74,0.11842105263157894,0.07171554220538481,0.18068769005845,0.05328733766233766,0.203216749069157
pad,83,0.05,M1,30,16,0.0,0.0,0.11570330822202779,0.0,0.0
pad,83,0.05,M2,154,106,0.0,0.0,0.023669148372542775,0.0,0.0
pad,83,0.05,M3,53,41,0.0,0.0,0.06723454630630114,0.0,0.0
pad,83,0.05,B,21,20,0.047619047619047616,0.0012048834483635135,0.23815990993682112,0.0,0.15
pad,83,0.1,M1,30,16,0.0,0.0,0.11570330822202779,0.0,0.0
pad,83,0.1,M2,154,106,0.0,0.0,0.023669148372542775,0.0,0.0
pad,83,0.1,M3,53,41,0.0,0.0,0.06723454630630114,0.0,0.0
pad,83,0.1,B,21,20,0.047619047619047616,0.0012048834483635135,0.23815990993682112,0.0,0.15
pad,83,0.15,M1,30,16,0.0,0.0,0.11570330822202779,0.0,0.0
pad,83,0.15,M2,154,106,0.0,0.0,0.023669148372542775,0.0,0.0
pad,83,0.15,M3,53,41,0.018867924528301886,0.0004775804124221132,0.10070152676914618,0.0,0.061224489795918366
pad,83,0.15,B,21,20,0.047619047619047616,0.0012048834483635135,0.23815990993682112,0.0,0.19047619047619047
hiba,84,0.05,M1,16,8,0.0,0.0,0.2059072142078227,0.0,0.0
hiba,84,0.05,M2,109,85,0.0,0.0,0.03327666479850845,0.0,0.0
hiba,84,0.05,M3,16,13,0.0,0.0,0.2059072142078227,0.0,0.0
hiba,84,0.05,B,191,78,0.0,0.0,0.019128194175846325,0.0,0.0
hiba,84,0.1,M1,16,8,0.0,0.0,0.2059072142078227,0.0,0.0
hiba,84,0.1,M2,109,85,0.0,0.0,0.03327666479850845,0.0,0.0
hiba,84,0.1,M3,16,13,0.0,0.0,0.2059072142078227,0.0,0.0
hiba,84,0.1,B,191,78,0.06806282722513089,0.0367356541935623,0.11357734326442032,0.024945539419087136,0.12722280609563846
hiba,84,0.15,M1,16,8,0.0,0.0,0.2059072142078227,0.0,0.0
hiba,84,0.15,M2,109,85,0.009174311926605505,0.00023224649435231117,0.05005682308481245,0.0,0.027156019656019652
hiba,84,0.15,M3,16,13,0.0,0.0,0.2059072142078227,0.0,0.0
hiba,84,0.15,B,191,78,0.1518324607329843,0.10410322489757665,0.2107237722683985,0.08947368421052632,0.22711960025789812
pad,84,0.05,M1,26,16,0.0,0.0,0.1322746044977541,0.0,0.0
pad,84,0.05,M2,124,89,0.0,0.0,0.029310881089774928,0.0,0.0
pad,84,0.05,M3,82,57,0.0,0.0,0.04398945418684236,0.0,0.0
pad,84,0.05,B,20,17,0.0,0.0,0.1684334709830853,0.0,0.0
pad,84,0.1,M1,26,16,0.0,0.0,0.1322746044977541,0.0,0.0
pad,84,0.1,M2,124,89,0.0,0.0,0.029310881089774928,0.0,0.0
pad,84,0.1,M3,82,57,0.0,0.0,0.04398945418684236,0.0,0.0
pad,84,0.1,B,20,17,0.05,0.0012650894979498047,0.24873276277202777,0.0,0.15789473684210525
pad,84,0.15,M1,26,16,0.0,0.0,0.1322746044977541,0.0,0.0
pad,84,0.15,M2,124,89,0.0,0.0,0.029310881089774928,0.0,0.0
pad,84,0.15,M3,82,57,0.0,0.0,0.04398945418684236,0.0,0.0
pad,84,0.15,B,20,17,0.05,0.0012650894979498047,0.24873276277202777,0.0,0.17181372549019586
hiba,85,0.05,M1,24,13,0.0,0.0,0.14247359772252563,0.0,0.0
hiba,85,0.05,M2,121,97,0.0,0.0,0.030026577222757825,0.0,0.0
hiba,85,0.05,M3,13,12,0.0,0.0,0.24705263800047095,0.0,0.0
hiba,85,0.05,B,157,64,0.0,0.0,0.023222164603325136,0.0,0.0
hiba,85,0.1,M1,24,13,0.0,0.0,0.14247359772252563,0.0,0.0
hiba,85,0.1,M2,121,97,0.0,0.0,0.030026577222757825,0.0,0.0
hiba,85,0.1,M3,13,12,0.0,0.0,0.24705263800047095,0.0,0.0
hiba,85,0.1,B,157,64,0.09554140127388536,0.05446529201573249,0.15268262575883726,0.04478204098031338,0.14595631641086174
hiba,85,0.15,M1,24,13,0.0,0.0,0.14247359772252563,0.0,0.0
hiba,85,0.15,M2,121,97,0.008264462809917356,0.00020921619375388606,0.045186114520783506,0.0,0.03253569539925964
hiba,85,0.15,M3,13,12,0.0,0.0,0.24705263800047095,0.0,0.0
hiba,85,0.15,B,157,64,0.21656050955414013,0.15487929041811288,0.28925283657489975,0.10222994173016585,0.29975888324873096
pad,85,0.05,M1,31,19,0.0,0.0,0.11218874692236996,0.0,0.0
pad,85,0.05,M2,149,105,0.0,0.0,0.024453624905590006,0.0,0.0
pad,85,0.05,M3,68,44,0.0,0.0,0.05280304279363979,0.0,0.0
pad,85,0.05,B,19,17,0.0,0.0,0.17646691180696533,0.0,0.0
pad,85,0.1,M1,31,19,0.0,0.0,0.11218874692236996,0.0,0.0
pad,85,0.1,M2,149,105,0.0,0.0,0.024453624905590006,0.0,0.0
pad,85,0.1,M3,68,44,0.0,0.0,0.05280304279363979,0.0,0.0
pad,85,0.1,B,19,17,0.05263157894736842,0.001331628804179424,0.2602806541952142,0.0,0.17647058823529413
pad,85,0.15,M1,31,19,0.0,0.0,0.11218874692236996,0.0,0.0
pad,85,0.15,M2,149,105,0.0,0.0,0.024453624905590006,0.0,0.0
pad,85,0.15,M3,68,44,0.0,0.0,0.05280304279363979,0.0,0.0
pad,85,0.15,B,19,17,0.10526315789473684,0.01301216437177747,0.33137666445676595,0.0,0.2631578947368421
hiba,86,0.05,M1,13,10,0.0,0.0,0.24705263800047095,0.0,0.0
hiba,86,0.05,M2,134,101,0.0,0.0,0.027153482879800184,0.0,0.0
hiba,86,0.05,M3,14,8,0.0,0.0,0.23163576165011648,0.0,0.0
hiba,86,0.05,B,262,69,0.0,0.0,0.01398103725640066,0.0,0.0
hiba,86,0.1,M1,13,10,0.0,0.0,0.24705263800047095,0.0,0.0
hiba,86,0.1,M2,134,101,0.014925373134328358,0.0018126705890603907,0.05287465320433985,0.0,0.0383220786846741
hiba,86,0.1,M3,14,8,0.0,0.0,0.23163576165011648,0.0,0.0
hiba,86,0.1,B,262,69,0.05725190839694656,0.032393991990407024,0.09267108714390199,0.030593645484949836,0.09950648925727992
hiba,86,0.15,M1,13,10,0.07692307692307693,0.0019456284973467497,0.3602974352678775,0.0,0.21428571428571427
hiba,86,0.15,M2,134,101,0.022388059701492536,0.004640968584215532,0.06403255631196268,0.0,0.049992567929127756
hiba,86,0.15,M3,14,8,0.0,0.0,0.23163576165011648,0.0,0.0
hiba,86,0.15,B,262,69,0.25190839694656486,0.2005098948472076,0.30901465866318056,0.10154813739719401,0.36223296766743646
pad,86,0.05,M1,30,15,0.0,0.0,0.11570330822202779,0.0,0.0
pad,86,0.05,M2,147,108,0.0,0.0,0.024782170489580712,0.0,0.0
pad,86,0.05,M3,64,45,0.0,0.0,0.05600908938663656,0.0,0.0
pad,86,0.05,B,22,20,0.0,0.0,0.15437251281557457,0.0,0.0
pad,86,0.1,M1,30,15,0.0,0.0,0.11570330822202779,0.0,0.0
pad,86,0.1,M2,147,108,0.0,0.0,0.024782170489580712,0.0,0.0
pad,86,0.1,M3,64,45,0.015625,0.0003955125140506643,0.08401032643435369,0.0,0.04880354309888946
pad,86,0.1,B,22,20,0.0,0.0,0.15437251281557457,0.0,0.0
pad,86,0.15,M1,30,15,0.0,0.0,0.11570330822202779,0.0,0.0
pad,86,0.15,M2,147,108,0.0,0.0,0.024782170489580712,0.0,0.0
pad,86,0.15,M3,64,45,0.015625,0.0003955125140506643,0.08401032643435369,0.0,0.05130771478667444
pad,86,0.15,B,22,20,0.0,0.0,0.15437251281557457,0.0,0.0
hiba,87,0.05,M1,15,8,0.0,0.0,0.218019360910534,0.0,0.0
hiba,87,0.05,M2,130,105,0.0,0.0,0.027977178415451696,0.0,0.0
hiba,87,0.05,M3,18,11,0.0,0.0,0.1853019681378522,0.0,0.0
hiba,87,0.05,B,155,67,0.0,0.0,0.023518254148532765,0.0,0.0
hiba,87,0.1,M1,15,8,0.0,0.0,0.218019360910534,0.0,0.0
hiba,87,0.1,M2,130,105,0.0,0.0,0.027977178415451696,0.0,0.0
hiba,87,0.1,M3,18,11,0.0,0.0,0.1853019681378522,0.0,0.0
hiba,87,0.1,B,155,67,0.01935483870967742,0.004009357624857962,0.05551923492769842,0.0,0.04003298505186088
hiba,87,0.15,M1,15,8,0.0,0.0,0.218019360910534,0.0,0.0
hiba,87,0.15,M2,130,105,0.0,0.0,0.027977178415451696,0.0,0.0
hiba,87,0.15,M3,18,11,0.0,0.0,0.1853019681378522,0.0,0.0
hiba,87,0.15,B,155,67,0.0967741935483871,0.05518154552714682,0.154588531203622,0.04055710994075049,0.16223645111079665
pad,87,0.05,M1,17,11,0.0,0.0,0.19506432296909318,0.0,0.0
pad,87,0.05,M2,148,103,0.0,0.0,0.024616801578984306,0.0,0.0
pad,87,0.05,M3,77,53,0.0,0.0,0.046778068160404106,0.0,0.0
pad,87,0.05,B,17,14,0.0,0.0,0.19506432296909318,0.0,0.0
pad,87,0.1,M1,17,11,0.0,0.0,0.19506432296909318,0.0,0.0
pad,87,0.1,M2,148,103,0.0,0.0,0.024616801578984306,0.0,0.0
pad,87,0.1,M3,77,53,0.0,0.0,0.046778068160404106,0.0,0.0
pad,87,0.1,B,17,14,0.11764705882352941,0.014579316840302498,0.36440916210125024,0.0,0.32499999999999957
pad,87,0.15,M1,17,11,0.0,0.0,0.19506432296909318,0.0,0.0
pad,87,0.15,M2,148,103,0.0,0.0,0.024616801578984306,0.0,0.0
pad,87,0.15,M3,77,53,0.0,0.0,0.046778068160404106,0.0,0.0
pad,87,0.15,B,17,14,0.29411764705882354,0.10313551437032002,0.5595827187543372,0.06666666666666667,0.5
hiba,88,0.05,M1,17,11,0.0,0.0,0.19506432296909318,0.0,0.0
hiba,88,0.05,M2,110,89,0.0,0.0,0.032979194032219696,0.0,0.0
hiba,88,0.05,M3,14,9,0.0,0.0,0.23163576165011648,0.0,0.0
hiba,88,0.05,B,165,75,0.0,0.0,0.022108782981671043,0.0,0.0
hiba,88,0.1,M1,17,11,0.0,0.0,0.19506432296909318,0.0,0.0
hiba,88,0.1,M2,110,89,0.00909090909090909,0.00023013540555029267,0.04961118931198478,0.0,0.02912621359223301
hiba,88,0.1,M3,14,9,0.0,0.0,0.23163576165011648,0.0,0.0
hiba,88,0.1,B,165,75,0.07272727272727272,0.038142083985717765,0.12359339112377714,0.027670274930548903,0.1302690698312525
hiba,88,0.15,M1,17,11,0.058823529411764705,0.001488174391266636,0.2868893966672207,0.0,0.17647058823529413
hiba,88,0.15,M2,110,89,0.01818181818181818,0.0022095371748962075,0.06413753937745299,0.0,0.045871559633027525
hiba,88,0.15,M3,14,9,0.0,0.0,0.23163576165011648,0.0,0.0
hiba,88,0.15,B,165,75,0.13333333333333333,0.08548254353268517,0.19488353312864629,0.0601144578313253,0.21255072152204868
pad,88,0.05,M1,25,13,0.0,0.0,0.1371851715307125,0.0,0.0
pad,88,0.05,M2,175,120,0.0,0.0,0.020858695349057415,0.0,0.0
pad,88,0.05,M3,67,45,0.0,0.0,0.053569654127096765,0.0,0.0
pad,88,0.05,B,16,15,0.0,0.0,0.2059072142078227,0.0,0.0
pad,88,0.1,M1,25,13,0.0,0.0,0.1371851715307125,0.0,0.0
pad,88,0.1,M2,175,120,0.0,0.0,0.020858695349057415,0.0,0.0
pad,88,0.1,M3,67,45,0.0,0.0,0.053569654127096765,0.0,0.0
pad,88,0.1,B,16,15,0.0625,0.0015811117227658884,0.3023207384345319,0.0,0.2
pad,88,0.15,M1,25,13,0.0,0.0,0.1371851715307125,0.0,0.0
pad,88,0.15,M2,175,120,0.0,0.0,0.020858695349057415,0.0,0.0
pad,88,0.15,M3,67,45,0.0,0.0,0.053569654127096765,0.0,0.0
pad,88,0.15,B,16,15,0.0625,0.0015811117227658884,0.3023207384345319,0.0,0.19406249999999972
hiba,89,0.05,M1,7,7,0.0,0.0,0.4096163972250034,0.0,0.0
hiba,89,0.05,M2,130,98,0.0,0.0,0.027977178415451696,0.0,0.0
hiba,89,0.05,M3,11,10,0.0,0.0,0.2849141529181544,0.0,0.0
hiba,89,0.05,B,180,78,0.0,0.0,0.020285204570112986,0.0,0.0
hiba,89,0.1,M1,7,7,0.0,0.0,0.4096163972250034,0.0,0.0
hiba,89,0.1,M2,130,98,0.0,0.0,0.027977178415451696,0.0,0.0
hiba,89,0.1,M3,11,10,0.0,0.0,0.2849141529181544,0.0,0.0
hiba,89,0.1,B,180,78,0.08333333333333333,0.04739156775630353,0.13372033399205266,0.02526061057334326,0.14009530827212985
hiba,89,0.15,M1,7,7,0.0,0.0,0.4096163972250034,0.0,0.0
hiba,89,0.15,M2,130,98,0.015384615384615385,0.0018686089582520542,0.054468881333788056,0.0,0.04032258064516129
hiba,89,0.15,M3,11,10,0.0,0.0,0.2849141529181544,0.0,0.0
hiba,89,0.15,B,180,78,0.16111111111111112,0.11063211060835211,0.22311706313113644,0.049048177553229884,0.2558716475095785
pad,89,0.05,M1,18,11,0.0,0.0,0.1853019681378522,0.0,0.0
pad,89,0.05,M2,165,116,0.0,0.0,0.022108782981671043,0.0,0.0
pad,89,0.05,M3,69,48,0.0,0.0,0.05205805786307967,0.0,0.0
pad,89,0.05,B,17,15,0.058823529411764705,0.001488174391266636,0.2868893966672207,0.0,0.19406249999999972
pad,89,0.1,M1,18,11,0.0,0.0,0.1853019681378522,0.0,0.0
pad,89,0.1,M2,165,116,0.0,0.0,0.022108782981671043,0.0,0.0
pad,89,0.1,M3,69,48,0.0,0.0,0.05205805786307967,0.0,0.0
pad,89,0.1,B,17,15,0.058823529411764705,0.001488174391266636,0.2868893966672207,0.0,0.1875
pad,89,0.15,M1,18,11,0.0,0.0,0.1853019681378522,0.0,0.0
pad,89,0.15,M2,165,116,0.0,0.0,0.022108782981671043,0.0,0.0
pad,89,0.15,M3,69,48,0.0,0.0,0.05205805786307967,0.0,0.0
pad,89,0.15,B,17,15,0.058823529411764705,0.001488174391266636,0.2868893966672207,0.0,0.1875
hiba,90,0.05,M1,11,7,0.0,0.0,0.2849141529181544,0.0,0.0
hiba,90,0.05,M2,125,94,0.0,0.0,0.02907983713643152,0.0,0.0
hiba,90,0.05,M3,17,12,0.0,0.0,0.19506432296909318,0.0,0.0
hiba,90,0.05,B,185,72,0.0,0.0,0.01974240414218442,0.0,0.0
hiba,90,0.1,M1,11,7,0.0,0.0,0.2849141529181544,0.0,0.0
hiba,90,0.1,M2,125,94,0.0,0.0,0.02907983713643152,0.0,0.0
hiba,90,0.1,M3,17,12,0.0,0.0,0.19506432296909318,0.0,0.0
hiba,90,0.1,B,185,72,0.021621621621621623,0.0059218514199967,0.05443201494345372,0.0,0.04954989625861722
hiba,90,0.15,M1,11,7,0.0,0.0,0.2849141529181544,0.0,0.0
hiba,90,0.15,M2,125,94,0.0,0.0,0.02907983713643152,0.0,0.0
hiba,90,0.15,M3,17,12,0.0,0.0,0.19506432296909318,0.0,0.0
hiba,90,0.15,B,185,72,0.05945945945945946,0.03005247950412839,0.10389730248612361,0.008158333333333333,0.1185141509433962
pad,90,0.05,M1,31,18,0.0,0.0,0.11218874692236996,0.0,0.0
pad,90,0.05,M2,152,108,0.0,0.0,0.02397682090379162,0.0,0.0
pad,90,0.05,M3,67,42,0.0,0.0,0.053569654127096765,0.0,0.0
pad,90,0.05,B,23,18,0.0,0.0,0.14818512891522437,0.0,0.0
pad,90,0.1,M1,31,18,0.0,0.0,0.11218874692236996,0.0,0.0
pad,90,0.1,M2,152,108,0.0,0.0,0.02397682090379162,0.0,0.0
pad,90,0.1,M3,67,42,0.0,0.0,0.053569654127096765,0.0,0.0
pad,90,0.1,B,23,18,0.043478260869565216,0.0011001686304415005,0.2194866074534804,0.0,0.14285714285714285
pad,90,0.15,M1,31,18,0.0,0.0,0.11218874692236996,0.0,0.0
pad,90,0.15,M2,152,108,0.0,0.0,0.02397682090379162,0.0,0.0
pad,90,0.15,M3,67,42,0.0,0.0,0.053569654127096765,0.0,0.0
pad,90,0.15,B,23,18,0.13043478260869565,0.027751507422793205,0.3358891375371209,0.0,0.2940972222222221
hiba,91,0.05,M1,10,7,0.0,0.0,0.3084971078187608,0.0,0.0
hiba,91,0.05,M2,123,90,0.0,0.0,0.029545625527072385,0.0,0.0
hiba,91,0.05,M3,14,12,0.0,0.0,0.23163576165011648,0.0,0.0
hiba,91,0.05,B,219,81,0.0,0.0,0.016703128093158916,0.0,0.0
hiba,91,0.1,M1,10,7,0.0,0.0,0.3084971078187608,0.0,0.0
hiba,91,0.1,M2,123,90,0.024390243902439025,0.005058377217813255,0.06962452647985003,0.0,0.06532053845128614
hiba,91,0.1,M3,14,12,0.0,0.0,0.23163576165011648,0.0,0.0
hiba,91,0.1,B,219,81,0.0365296803652968,0.01590054730875953,0.07070661636371656,0.012494139709329583,0.06088658571486978
hiba,91,0.15,M1,10,7,0.0,0.0,0.3084971078187608,0.0,0.0
hiba,91,0.15,M2,123,90,0.032520325203252036,0.008930432655649828,0.0811725034891735,0.0,0.07380568433783509
hiba,91,0.15,M3,14,12,0.0,0.0,0.23163576165011648,0.0,0.0
hiba,91,0.15,B,219,81,0.1278538812785388,0.08666656232441704,0.17945896431119482,0.03939985795454545,0.2203681805427505
pad,91,0.05,M1,25,13,0.0,0.0,0.1371851715307125,0.0,0.0
pad,91,0.05,M2,163,115,0.0,0.0,0.022376998493019256,0.0,0.0
pad,91,0.05,M3,78,49,0.0,0.0,0.04619242032804872,0.0,0.0
pad,91,0.05,B,23,18,0.0,0.0,0.14818512891522437,0.0,0.0
pad,91,0.1,M1,25,13,0.0,0.0,0.1371851715307125,0.0,0.0
pad,91,0.1,M2,163,115,0.0,0.0,0.022376998493019256,0.0,0.0
pad,91,0.1,M3,78,49,0.0,0.0,0.04619242032804872,0.0,0.0
pad,91,0.1,B,23,18,0.043478260869565216,0.0011001686304415005,0.2194866074534804,0.0,0.15
pad,91,0.15,M1,25,13,0.0,0.0,0.1371851715307125,0.0,0.0
pad,91,0.15,M2,163,115,0.0,0.0,0.022376998493019256,0.0,0.0
pad,91,0.15,M3,78,49,0.0,0.0,0.04619242032804872,0.0,0.0
pad,91,0.15,B,23,18,0.043478260869565216,0.0011001686304415005,0.2194866074534804,0.0,0.15
hiba,92,0.05,M1,16,10,0.0,0.0,0.2059072142078227,0.0,0.0
hiba,92,0.05,M2,129,100,0.0,0.0,0.02819096974972637,0.0,0.0
hiba,92,0.05,M3,9,9,0.0,0.0,0.3362671168799428,0.0,0.0
hiba,92,0.05,B,238,63,0.0,0.0,0.015379994542968968,0.0,0.0
hiba,92,0.1,M1,16,10,0.0,0.0,0.2059072142078227,0.0,0.0
hiba,92,0.1,M2,129,100,0.007751937984496124,0.00019624281925598546,0.04243342506529924,0.0,0.02420487804878048
hiba,92,0.1,M3,9,9,0.0,0.0,0.3362671168799428,0.0,0.0
hiba,92,0.1,B,238,63,0.004201680672268907,0.00010637168660272266,0.023186660215696972,0.0,0.016483516483516484
hiba,92,0.15,M1,16,10,0.0,0.0,0.2059072142078227,0.0,0.0
hiba,92,0.15,M2,129,100,0.015503875968992248,0.0018831371984284401,0.054882570369590294,0.0,0.047244094488188976
hiba,92,0.15,M3,9,9,0.0,0.0,0.3362671168799428,0.0,0.0
hiba,92,0.15,B,238,63,0.07142857142857142,0.04215779033555043,0.11190233894198537,0.030931623931623933,0.1300998824911868
pad,92,0.05,M1,25,15,0.0,0.0,0.1371851715307125,0.0,0.0
pad,92,0.05,M2,171,111,0.0,0.0,0.021341374566502893,0.0,0.0
pad,92,0.05,M3,75,42,0.0,0.0,0.047995064055142256,0.0,0.0
pad,92,0.05,B,23,20,0.0,0.0,0.14818512891522437,0.0,0.0
pad,92,0.1,M1,25,15,0.0,0.0,0.1371851715307125,0.0,0.0
pad,92,0.1,M2,171,111,0.0,0.0,0.021341374566502893,0.0,0.0
pad,92,0.1,M3,75,42,0.0,0.0,0.047995064055142256,0.0,0.0
pad,92,0.1,B,23,20,0.0,0.0,0.14818512891522437,0.0,0.0
pad,92,0.15,M1,25,15,0.0,0.0,0.1371851715307125,0.0,0.0
pad,92,0.15,M2,171,111,0.0,0.0,0.021341374566502893,0.0,0.0
pad,92,0.15,M3,75,42,0.0,0.0,0.047995064055142256,0.0,0.0
pad,92,0.15,B,23,20,0.13043478260869565,0.027751507422793205,0.3358891375371209,0.0,0.28299999999999986
hiba,93,0.05,M1,10,7,0.0,0.0,0.3084971078187608,0.0,0.0
hiba,93,0.05,M2,118,97,0.0,0.0,0.030778096074144553,0.0,0.0
hiba,93,0.05,M3,17,12,0.0,0.0,0.19506432296909318,0.0,0.0
hiba,93,0.05,B,188,65,0.0,0.0,0.01943044662682331,0.0,0.0
hiba,93,0.1,M1,10,7,0.0,0.0,0.3084971078187608,0.0,0.0
hiba,93,0.1,M2,118,97,0.025423728813559324,0.005273988037600995,0.07250243202424926,0.0,0.07142831858407077
hiba,93,0.1,M3,17,12,0.0,0.0,0.19506432296909318,0.0,0.0
hiba,93,0.1,B,188,65,0.0425531914893617,0.01854778838451418,0.08212241411213562,0.012005700678308558,0.08333333333333333
hiba,93,0.15,M1,10,7,0.0,0.0,0.3084971078187608,0.0,0.0
hiba,93,0.15,M2,118,97,0.025423728813559324,0.005273988037600995,0.07250243202424926,0.0,0.06442777777777776
hiba,93,0.15,M3,17,12,0.0,0.0,0.19506432296909318,0.0,0.0
hiba,93,0.15,B,188,65,0.13829787234042554,0.09237107120665593,0.19603744981867294,0.0716317365269461,0.23590463692038494
pad,93,0.05,M1,32,16,0.0,0.0,0.10888116067935288,0.0,0.0
pad,93,0.05,M2,142,99,0.0,0.0,0.025643498484463182,0.0,0.0
pad,93,0.05,M3,71,50,0.0,0.0,0.050629407954403696,0.0,0.0
pad,93,0.05,B,26,21,0.0,0.0,0.1322746044977541,0.0,0.0
pad,93,0.1,M1,32,16,0.0,0.0,0.10888116067935288,0.0,0.0
pad,93,0.1,M2,142,99,0.014084507042253521,0.0017102737116670933,0.04995063305485951,0.0,0.03561024419900698
pad,93,0.1,M3,71,50,0.0,0.0,0.050629407954403696,0.0,0.0
pad,93,0.1,B,26,21,0.038461538461538464,0.0009732878933350311,0.19636964676253893,0.0,0.125
pad,93,0.15,M1,32,16,0.0,0.0,0.10888116067935288,0.0,0.0
pad,93,0.15,M2,142,99,0.0,0.0,0.025643498484463182,0.0,0.0
pad,93,0.15,M3,71,50,0.0,0.0,0.050629407954403696,0.0,0.0
pad,93,0.15,B,26,21,0.11538461538461539,0.024458075317962225,0.3015404001075678,0.0,0.2692307692307692
hiba,94,0.05,M1,10,8,0.0,0.0,0.3084971078187608,0.0,0.0
hiba,94,0.05,M2,127,99,0.0,0.0,0.028628506134387617,0.0,0.0
hiba,94,0.05,M3,9,9,0.0,0.0,0.3362671168799428,0.0,0.0
hiba,94,0.05,B,170,71,0.0,0.0,0.02146555498094456,0.0,0.0
hiba,94,0.1,M1,10,8,0.0,0.0,0.3084971078187608,0.0,0.0
hiba,94,0.1,M2,127,99,0.0,0.0,0.028628506134387617,0.0,0.0
hiba,94,0.1,M3,9,9,0.0,0.0,0.3362671168799428,0.0,0.0
hiba,94,0.1,B,170,71,0.06470588235294118,0.032740702588671323,0.1128258164266473,0.01833888348424755,0.1274123568205484
hiba,94,0.15,M1,10,8,0.1,0.0025285785444617865,0.4450161170281954,0.0,0.2727272727272727
hiba,94,0.15,M2,127,99,0.023622047244094488,0.004898179856560943,0.06748158871353609,0.0,0.05534776902887138
hiba,94,0.15,M3,9,9,0.0,0.0,0.3362671168799428,0.0,0.0
hiba,94,0.15,B,170,71,0.1411764705882353,0.09259575892275547,0.20273992519429007,0.05680056156231665,0.22854462474645026
pad,94,0.05,M1,16,9,0.0,0.0,0.2059072142078227,0.0,0.0
pad,94,0.05,M2,167,112,0.0,0.0,0.021846920830611804,0.0,0.0
pad,94,0.05,M3,68,52,0.0,0.0,0.05280304279363979,0.0,0.0
pad,94,0.05,B,18,17,0.0,0.0,0.1853019681378522,0.0,0.0
pad,94,0.1,M1,16,9,0.0,0.0,0.2059072142078227,0.0,0.0
pad,94,0.1,M2,167,112,0.0,0.0,0.021846920830611804,0.0,0.0
pad,94,0.1,M3,68,52,0.0,0.0,0.05280304279363979,0.0,0.0
pad,94,0.1,B,18,17,0.0,0.0,0.1853019681378522,0.0,0.0
pad,94,0.15,M1,16,9,0.0,0.0,0.2059072142078227,0.0,0.0
pad,94,0.15,M2,167,112,0.0,0.0,0.021846920830611804,0.0,0.0
pad,94,0.15,M3,68,52,0.014705882352941176,0.00037225140289861045,0.07923398991278802,0.0,0.047619047619047616
pad,94,0.15,B,18,17,0.0,0.0,0.1853019681378522,0.0,0.0
hiba,95,0.05,M1,22,11,0.0,0.0,0.15437251281557457,0.0,0.0
hiba,95,0.05,M2,116,87,0.0,0.0,0.03130036074328996,0.0,0.0
hiba,95,0.05,M3,16,16,0.0,0.0,0.2059072142078227,0.0,0.0
hiba,95,0.05,B,137,73,0.0,0.0,0.026566851096283282,0.0,0.0
hiba,95,0.1,M1,22,11,0.0,0.0,0.15437251281557457,0.0,0.0
hiba,95,0.1,M2,116,87,0.0,0.0,0.03130036074328996,0.0,0.0
hiba,95,0.1,M3,16,16,0.0,0.0,0.2059072142078227,0.0,0.0
hiba,95,0.1,B,137,73,0.043795620437956206,0.016239392135693694,0.09288618379835324,0.007038690476190476,0.09864424206815499
hiba,95,0.15,M1,22,11,0.0,0.0,0.15437251281557457,0.0,0.0
hiba,95,0.15,M2,116,87,0.0,0.0,0.03130036074328996,0.0,0.0
hiba,95,0.15,M3,16,16,0.0,0.0,0.2059072142078227,0.0,0.0
hiba,95,0.15,B,137,73,0.0948905109489051,0.05149818837693264,0.15679905228592358,0.038392857142857145,0.17030841325196158
pad,95,0.05,M1,21,13,0.0,0.0,0.1610976152190796,0.0,0.0
pad,95,0.05,M2,162,108,0.0,0.0,0.022513561452805492,0.0,0.0
pad,95,0.05,M3,66,46,0.0,0.0,0.054358847170121974,0.0,0.0
pad,95,0.05,B,14,12,0.0,0.0,0.23163576165011648,0.0,0.0
pad,95,0.1,M1,21,13,0.0,0.0,0.1610976152190796,0.0,0.0
pad,95,0.1,M2,162,108,0.0,0.0,0.022513561452805492,0.0,0.0
pad,95,0.1,M3,66,46,0.0,0.0,0.054358847170121974,0.0,0.0
pad,95,0.1,B,14,12,0.07142857142857142,0.001806780659125388,0.3386844899318212,0.0,0.23076923076923078
pad,95,0.15,M1,21,13,0.0,0.0,0.1610976152190796,0.0,0.0
pad,95,0.15,M2,162,108,0.0,0.0,0.022513561452805492,0.0,0.0
pad,95,0.15,M3,66,46,0.0,0.0,0.054358847170121974,0.0,0.0
pad,95,0.15,B,14,12,0.07142857142857142,0.001806780659125388,0.3386844899318212,0.0,0.25
hiba,96,0.05,M1,17,11,0.0,0.0,0.19506432296909318,0.0,0.0
hiba,96,0.05,M2,118,95,0.0,0.0,0.030778096074144553,0.0,0.0
hiba,96,0.05,M3,18,14,0.0,0.0,0.1853019681378522,0.0,0.0
hiba,96,0.05,B,153,66,0.0,0.0,0.023821991293435516,0.0,0.0
hiba,96,0.1,M1,17,11,0.0,0.0,0.19506432296909318,0.0,0.0
hiba,96,0.1,M2,118,95,0.0,0.0,0.030778096074144553,0.0,0.0
hiba,96,0.1,M3,18,14,0.0,0.0,0.1853019681378522,0.0,0.0
hiba,96,0.1,B,153,66,0.0,0.0,0.023821991293435516,0.0,0.0
hiba,96,0.15,M1,17,11,0.0,0.0,0.19506432296909318,0.0,0.0
hiba,96,0.15,M2,118,95,0.025423728813559324,0.005273988037600995,0.07250243202424926,0.0,0.05737704918032787
hiba,96,0.15,M3,18,14,0.0,0.0,0.1853019681378522,0.0,0.0
hiba,96,0.15,B,153,66,0.0784313725490196,0.041182778121515495,0.13299568500081746,0.02880813953488372,0.1413199369582348
pad,96,0.05,M1,24,14,0.0,0.0,0.14247359772252563,0.0,0.0
pad,96,0.05,M2,160,104,0.0,0.0,0.022791749455466522,0.0,0.0
pad,96,0.05,M3,76,53,0.0,0.0,0.047378753866930745,0.0,0.0
pad,96,0.05,B,23,19,0.0,0.0,0.14818512891522437,0.0,0.0
pad,96,0.1,M1,24,14,0.0,0.0,0.14247359772252563,0.0,0.0
pad,96,0.1,M2,160,104,0.0,0.0,0.022791749455466522,0.0,0.0
pad,96,0.1,M3,76,53,0.0,0.0,0.047378753866930745,0.0,0.0
pad,96,0.1,B,23,19,0.0,0.0,0.14818512891522437,0.0,0.0
pad,96,0.15,M1,24,14,0.0,0.0,0.14247359772252563,0.0,0.0
pad,96,0.15,M2,160,104,0.0,0.0,0.022791749455466522,0.0,0.0
pad,96,0.15,M3,76,53,0.0,0.0,0.047378753866930745,0.0,0.0
pad,96,0.15,B,23,19,0.043478260869565216,0.0011001686304415005,0.2194866074534804,0.0,0.15
hiba,97,0.05,M1,23,15,0.0,0.0,0.14818512891522437,0.0,0.0
hiba,97,0.05,M2,116,95,0.0,0.0,0.03130036074328996,0.0,0.0
hiba,97,0.05,M3,8,6,0.0,0.0,0.3694166475528192,0.0,0.0
hiba,97,0.05,B,198,69,0.005050505050505051,0.00012785954236426764,0.02781689333460377,0.0,0.018129791894852133
hiba,97,0.1,M1,23,15,0.0,0.0,0.14818512891522437,0.0,0.0
hiba,97,0.1,M2,116,95,0.008620689655172414,0.00021823314906306462,0.04709553622664744,0.0,0.027777777777777776
hiba,97,0.1,M3,8,6,0.0,0.0,0.3694166475528192,0.0,0.0
hiba,97,0.1,B,198,69,0.10606060606060606,0.06686232414511831,0.157548540247797,0.02127659574468085,0.1766647727272727
hiba,97,0.15,M1,23,15,0.043478260869565216,0.0011001686304415005,0.2194866074534804,0.0,0.14912037037037032
hiba,97,0.15,M2,116,95,0.008620689655172414,0.00021823314906306462,0.04709553622664744,0.0,0.026785714285714284
hiba,97,0.15,M3,8,6,0.0,0.0,0.3694166475528192,0.0,0.0
hiba,97,0.15,B,198,69,0.30303030303030304,0.23988490375132002,0.3721839680547548,0.07181309216192938,0.41771341026376146
pad,97,0.05,M1,33,19,0.0,0.0,0.10576281007457927,0.0,0.0
pad,97,0.05,M2,153,109,0.0,0.0,0.023821991293435516,0.0,0.0
pad,97,0.05,M3,82,47,0.0,0.0,0.04398945418684236,0.0,0.0
pad,97,0.05,B,12,12,0.0,0.0,0.26464846939705117,0.0,0.0
pad,97,0.1,M1,33,19,0.0,0.0,0.10576281007457927,0.0,0.0
pad,97,0.1,M2,153,109,0.0,0.0,0.023821991293435516,0.0,0.0
pad,97,0.1,M3,82,47,0.0,0.0,0.04398945418684236,0.0,0.0
pad,97,0.1,B,12,12,0.08333333333333333,0.0021075932318602286,0.38479616515094406,0.0,0.25
pad,97,0.15,M1,33,19,0.0,0.0,0.10576281007457927,0.0,0.0
pad,97,0.15,M2,153,109,0.0,0.0,0.023821991293435516,0.0,0.0
pad,97,0.15,M3,82,47,0.012195121951219513,0.0003087060963702277,0.06608270938930676,0.0,0.04087499999999996
pad,97,0.15,B,12,12,0.16666666666666666,0.02086252546009238,0.48413774868596704,0.0,0.3333333333333333
hiba,98,0.05,M1,10,6,0.0,0.0,0.3084971078187608,0.0,0.0
hiba,98,0.05,M2,125,96,0.0,0.0,0.02907983713643152,0.0,0.0
hiba,98,0.05,M3,13,9,0.0,0.0,0.24705263800047095,0.0,0.0
hiba,98,0.05,B,209,77,0.0,0.0,0.017495289579186512,0.0,0.0
hiba,98,0.1,M1,10,6,0.0,0.0,0.3084971078187608,0.0,0.0
hiba,98,0.1,M2,125,96,0.0,0.0,0.02907983713643152,0.0,0.0
hiba,98,0.1,M3,13,9,0.0,0.0,0.24705263800047095,0.0,0.0
hiba,98,0.1,B,209,77,0.03827751196172249,0.016667941834451895,0.0740261867647153,0.006348262517132952,0.07969496926929201
hiba,98,0.15,M1,10,6,0.0,0.0,0.3084971078187608,0.0,0.0
hiba,98,0.15,M2,125,96,0.008,0.0002025219535342447,0.04376653637502473,0.0,0.025110294117647054
hiba,98,0.15,M3,13,9,0.0,0.0,0.24705263800047095,0.0,0.0
hiba,98,0.15,B,209,77,0.15311004784688995,0.10714502063069738,0.2092165525319359,0.028677621283255086,0.24144947032117026
pad,98,0.05,M1,32,17,0.0,0.0,0.10888116067935288,0.0,0.0
pad,98,0.05,M2,167,109,0.0,0.0,0.021846920830611804,0.0,0.0
pad,98,0.05,M3,69,50,0.0,0.0,0.05205805786307967,0.0,0.0
pad,98,0.05,B,16,13,0.0,0.0,0.2059072142078227,0.0,0.0
pad,98,0.1,M1,32,17,0.0,0.0,0.10888116067935288,0.0,0.0
pad,98,0.1,M2,167,109,0.0,0.0,0.021846920830611804,0.0,0.0
pad,98,0.1,M3,69,50,0.0,0.0,0.05205805786307967,0.0,0.0
pad,98,0.1,B,16,13,0.0,0.0,0.2059072142078227,0.0,0.0
pad,98,0.15,M1,32,17,0.0,0.0,0.10888116067935288,0.0,0.0
pad,98,0.15,M2,167,109,0.0,0.0,0.021846920830611804,0.0,0.0
pad,98,0.15,M3,69,50,0.0,0.0,0.05205805786307967,0.0,0.0
pad,98,0.15,B,16,13,0.0,0.0,0.2059072142078227,0.0,0.0
hiba,99,0.05,M1,20,11,0.0,0.0,0.1684334709830853,0.0,0.0
hiba,99,0.05,M2,129,99,0.0,0.0,0.02819096974972637,0.0,0.0
hiba,99,0.05,M3,18,12,0.0,0.0,0.1853019681378522,0.0,0.0
hiba,99,0.05,B,238,65,0.0,0.0,0.015379994542968968,0.0,0.0
hiba,99,0.1,M1,20,11,0.0,0.0,0.1684334709830853,0.0,0.0
hiba,99,0.1,M2,129,99,0.007751937984496124,0.00019624281925598546,0.04243342506529924,0.0,0.024793388429752067
hiba,99,0.1,M3,18,12,0.0,0.0,0.1853019681378522,0.0,0.0
hiba,99,0.1,B,238,65,0.029411764705882353,0.011905165335656016,0.05965795142535165,0.005191954395634085,0.05163170163170162
hiba,99,0.15,M1,20,11,0.0,0.0,0.1684334709830853,0.0,0.0
hiba,99,0.15,M2,129,99,0.007751937984496124,0.00019624281925598546,0.04243342506529924,0.0,0.025222457627118635
hiba,99,0.15,M3,18,12,0.0,0.0,0.1853019681378522,0.0,0.0
hiba,99,0.15,B,238,65,0.11764705882352941,0.07961649585675369,0.1655284624847859,0.03287245541343902,0.18759210673216475
pad,99,0.05,M1,41,22,0.0,0.0,0.08604383629402841,0.0,0.0
pad,99,0.05,M2,144,98,0.0,0.0,0.02529188148751663,0.0,0.0
pad,99,0.05,M3,72,53,0.0,0.0,0.049944083705854674,0.0,0.0
pad,99,0.05,B,14,12,0.0,0.0,0.23163576165011648,0.0,0.0
pad,99,0.1,M1,41,22,0.0,0.0,0.08604383629402841,0.0,0.0
pad,99,0.1,M2,144,98,0.0,0.0,0.02529188148751663,0.0,0.0
pad,99,0.1,M3,72,53,0.0,0.0,0.049944083705854674,0.0,0.0
pad,99,0.1,B,14,12,0.0,0.0,0.23163576165011648,0.0,0.0
pad,99,0.15,M1,41,22,0.0,0.0,0.08604383629402841,0.0,0.0
pad,99,0.15,M2,144,98,0.0,0.0,0.02529188148751663,0.0,0.0
pad,99,0.15,M3,72,53,0.0,0.0,0.049944083705854674,0.0,0.0
pad,99,0.15,B,14,12,0.0,0.0,0.23163576165011648,0.0,0.0
