cohort,head,draw,alpha,stratum,degenerate,coverage,miss_rate,referral,set_size,n_test
pad,pad_only,0,0.05,M1,False,1.0,0.0,1.0,6.625,16
pad,pad_only,0,0.05,M2,False,0.9632352941176471,0.0,1.0,6.154411764705882,136
pad,pad_only,0,0.05,M3,False,0.9880952380952381,0.0,1.0,6.273809523809524,84
pad,pad_only,0,0.05,B,False,1.0,,1.0,5.2105263157894735,19
pad,primary,0,0.05,M1,False,1.0,0.0,1.0,4.5625,16
pad,primary,0,0.05,M2,False,0.9632352941176471,0.0,1.0,4.088235294117647,136
pad,primary,0,0.05,M3,False,0.9880952380952381,0.0,1.0,4.380952380952381,84
pad,primary,0,0.05,B,False,1.0,,1.0,4.052631578947368,19
pad,pad_only,0,0.1,M1,False,0.875,0.0,1.0,2.5625,16
pad,pad_only,0,0.1,M2,False,0.8897058823529411,0.0,1.0,2.6544117647058822,136
pad,pad_only,0,0.1,M3,False,0.9642857142857143,0.0,1.0,3.238095238095238,84
pad,pad_only,0,0.1,B,False,0.9473684210526315,,0.7894736842105263,2.9473684210526314,19
pad,primary,0,0.1,M1,False,1.0,0.0,1.0,3.5625,16
pad,primary,0,0.1,M2,False,0.9264705882352942,0.0,1.0,3.2279411764705883,136
pad,primary,0,0.1,M3,False,0.9761904761904762,0.0,1.0,3.261904761904762,84
pad,primary,0,0.1,B,False,0.9473684210526315,,0.8947368421052632,3.3157894736842106,19
pad,pad_only,0,0.15,M1,False,0.875,0.0,1.0,2.4375,16
pad,pad_only,0,0.15,M2,False,0.8382352941176471,0.0,1.0,2.3529411764705883,136
pad,pad_only,0,0.15,M3,False,0.9523809523809523,0.0,1.0,2.9166666666666665,84
pad,pad_only,0,0.15,B,False,0.9473684210526315,,0.631578947368421,2.526315789473684,19
pad,primary,0,0.15,M1,False,0.9375,0.0,1.0,2.9375,16
pad,primary,0,0.15,M2,False,0.875,0.0,1.0,2.823529411764706,136
pad,primary,0,0.15,M3,False,0.9166666666666666,0.0,1.0,2.9285714285714284,84
pad,primary,0,0.15,B,False,0.8947368421052632,,0.8947368421052632,3.0526315789473686,19
hiba,pad_only,0,0.05,M1,False,1.0,0.0,1.0,7.833333333333333,18
hiba,pad_only,0,0.05,M2,False,0.9262295081967213,0.0,1.0,7.131147540983607,122
hiba,pad_only,0,0.05,M3,False,1.0,0.0,1.0,7.928571428571429,14
hiba,pad_only,0,0.05,B,False,1.0,,1.0,7.217081850533808,281
hiba,primary,0,0.05,M1,False,1.0,0.0,1.0,6.333333333333333,18
hiba,primary,0,0.05,M2,False,0.9508196721311475,0.0,1.0,6.213114754098361,122
hiba,primary,0,0.05,M3,False,1.0,0.0,1.0,6.357142857142857,14
hiba,primary,0,0.05,B,False,0.9893238434163701,,1.0,5.594306049822064,281
hiba,pad_only,0,0.1,M1,False,1.0,0.0,1.0,6.833333333333333,18
hiba,pad_only,0,0.1,M2,False,0.8852459016393442,0.0,1.0,6.295081967213115,122
hiba,pad_only,0,0.1,M3,False,1.0,0.0,1.0,7.571428571428571,14
hiba,pad_only,0,0.1,B,False,0.9893238434163701,,1.0,6.434163701067615,281
hiba,primary,0,0.1,M1,False,1.0,0.0,1.0,4.611111111111111,18
hiba,primary,0,0.1,M2,False,0.9098360655737705,0.01639344262295082,0.9836065573770492,4.5,122
hiba,primary,0,0.1,M3,False,1.0,0.0,1.0,4.357142857142857,14
hiba,primary,0,0.1,B,False,0.9679715302491103,,0.9466192170818505,3.622775800711744,281
hiba,pad_only,0,0.15,M1,False,1.0,0.0,1.0,5.222222222222222,18
hiba,pad_only,0,0.15,M2,False,0.8524590163934426,0.0,1.0,4.745901639344262,122
hiba,pad_only,0,0.15,M3,False,0.7857142857142857,0.07142857142857142,0.9285714285714286,4.714285714285714,14
hiba,pad_only,0,0.15,B,False,0.9572953736654805,,0.9679715302491103,4.124555160142349,281
hiba,primary,0,0.15,M1,False,0.9444444444444444,0.0,1.0,3.9444444444444446,18
hiba,primary,0,0.15,M2,False,0.8688524590163934,0.01639344262295082,0.9836065573770492,3.7049180327868854,122
hiba,primary,0,0.15,M3,False,0.9285714285714286,0.0,1.0,3.357142857142857,14
hiba,primary,0,0.15,B,False,0.9430604982206405,,0.797153024911032,2.7508896797153026,281
pad,pad_only,1,0.05,M1,False,1.0,0.0,1.0,6.809523809523809,21
pad,pad_only,1,0.05,M2,False,0.9533333333333334,0.0,1.0,6.253333333333333,150
pad,pad_only,1,0.05,M3,False,0.92,0.0,1.0,6.04,75
pad,pad_only,1,0.05,B,False,1.0,,1.0,5.7,20
pad,primary,1,0.05,M1,False,1.0,0.0,1.0,4.476190476190476,21
pad,primary,1,0.05,M2,False,0.96,0.0,1.0,4.013333333333334,150
pad,primary,1,0.05,M3,False,0.96,0.0,1.0,3.8133333333333335,75
pad,primary,1,0.05,B,False,0.95,,1.0,4.4,20
pad,pad_only,1,0.1,M1,False,0.9523809523809523,0.0,1.0,5.095238095238095,21
pad,pad_only,1,0.1,M2,False,0.92,0.006666666666666667,0.9933333333333333,4.64,150
pad,pad_only,1,0.1,M3,False,0.8266666666666667,0.02666666666666667,0.9733333333333334,4.36,75
pad,pad_only,1,0.1,B,False,1.0,,1.0,4.05,20
pad,primary,1,0.1,M1,False,1.0,0.0,1.0,3.761904761904762,21
pad,primary,1,0.1,M2,False,0.92,0.0,1.0,3.22,150
pad,primary,1,0.1,M3,False,0.8666666666666667,0.0,1.0,2.973333333333333,75
pad,primary,1,0.1,B,False,0.95,,1.0,3.85,20
pad,pad_only,1,0.15,M1,False,0.9047619047619048,0.0,1.0,3.0476190476190474,21
pad,pad_only,1,0.15,M2,False,0.88,0.0,1.0,2.8866666666666667,150
pad,pad_only,1,0.15,M3,False,0.8133333333333334,0.02666666666666667,0.9733333333333334,2.52,75
pad,pad_only,1,0.15,B,False,1.0,,0.95,2.85,20
pad,primary,1,0.15,M1,False,0.9047619047619048,0.0,1.0,2.9523809523809526,21
pad,primary,1,0.15,M2,False,0.86,0.0,1.0,2.8066666666666666,150
pad,primary,1,0.15,M3,False,0.8133333333333334,0.0,1.0,2.6533333333333333,75
pad,primary,1,0.15,B,False,0.85,,1.0,3.25,20
hiba,pad_only,1,0.05,M1,False,1.0,0.0,1.0,7.315789473684211,19
hiba,pad_only,1,0.05,M2,False,1.0,0.0,1.0,7.40566037735849,106
hiba,pad_only,1,0.05,M3,False,0.9090909090909091,0.0,1.0,6.636363636363637,11
hiba,pad_only,1,0.05,B,False,0.9906103286384976,,1.0,7.427230046948357,213
hiba,primary,1,0.05,M1,False,1.0,0.0,1.0,6.157894736842105,19
hiba,primary,1,0.05,M2,False,0.9811320754716981,0.0,1.0,6.764150943396227,106
hiba,primary,1,0.05,M3,False,1.0,0.0,1.0,6.454545454545454,11
hiba,primary,1,0.05,B,False,0.9953051643192489,,1.0,6.051643192488263,213
hiba,pad_only,1,0.1,M1,False,1.0,0.0,1.0,7.2105263157894735,19
hiba,pad_only,1,0.1,M2,False,0.9150943396226415,0.0,1.0,6.613207547169812,106
hiba,pad_only,1,0.1,M3,False,0.8181818181818182,0.0,1.0,5.545454545454546,11
hiba,pad_only,1,0.1,B,False,0.9906103286384976,,1.0,6.169014084507042,213
hiba,primary,1,0.1,M1,False,1.0,0.0,1.0,4.526315789473684,19
hiba,primary,1,0.1,M2,False,0.9339622641509434,0.0,1.0,4.9245283018867925,106
hiba,primary,1,0.1,M3,False,0.8181818181818182,0.0,1.0,3.909090909090909,11
hiba,primary,1,0.1,B,False,0.9577464788732394,,0.9577464788732394,3.9342723004694835,213
hiba,pad_only,1,0.15,M1,False,0.9473684210526315,0.0,1.0,5.368421052631579,19
hiba,pad_only,1,0.15,M2,False,0.8679245283018868,0.0,1.0,5.0754716981132075,106
hiba,pad_only,1,0.15,M3,False,0.8181818181818182,0.0,1.0,3.909090909090909,11
hiba,pad_only,1,0.15,B,False,0.9436619718309859,,0.9953051643192489,4.704225352112676,213
hiba,primary,1,0.15,M1,False,1.0,0.0,1.0,3.9473684210526314,19
hiba,primary,1,0.15,M2,False,0.8679245283018868,0.018867924528301886,0.9811320754716981,3.9716981132075473,106
hiba,primary,1,0.15,M3,False,0.8181818181818182,0.0,1.0,3.6363636363636362,11
hiba,primary,1,0.15,B,False,0.9436619718309859,,0.9061032863849765,3.323943661971831,213
pad,pad_only,2,0.05,M1,False,0.9393939393939394,0.0,1.0,2.878787878787879,33
pad,pad_only,2,0.05,M2,False,0.9605263157894737,0.0,1.0,3.2302631578947367,152
pad,pad_only,2,0.05,M3,False,0.9393939393939394,0.015151515151515152,0.9848484848484849,3.212121212121212,66
pad,pad_only,2,0.05,B,False,0.8,,0.8,3.2,20
pad,primary,2,0.05,M1,False,0.9696969696969697,0.0,1.0,3.606060606060606,33
pad,primary,2,0.05,M2,False,0.8947368421052632,0.0,1.0,3.2697368421052633,152
pad,primary,2,0.05,M3,False,0.9242424242424242,0.0,1.0,3.196969696969697,66
pad,primary,2,0.05,B,False,0.9,,0.95,3.5,20
pad,pad_only,2,0.1,M1,False,0.9393939393939394,0.0,1.0,2.727272727272727,33
pad,pad_only,2,0.1,M2,False,0.9078947368421053,0.0,1.0,2.835526315789474,152
pad,pad_only,2,0.1,M3,False,0.9090909090909091,0.015151515151515152,0.9848484848484849,2.878787878787879,66
pad,pad_only,2,0.1,B,False,0.8,,0.75,2.6,20
pad,primary,2,0.1,M1,False,0.9696969696969697,0.0,1.0,3.5454545454545454,33
pad,primary,2,0.1,M2,False,0.8552631578947368,0.0,1.0,2.960526315789474,152
pad,primary,2,0.1,M3,False,0.8181818181818182,0.0,1.0,2.742424242424242,66
pad,primary,2,0.1,B,False,0.9,,0.95,3.1,20
pad,pad_only,2,0.15,M1,False,0.9393939393939394,0.0,1.0,2.5757575757575757,33
pad,pad_only,2,0.15,M2,False,0.8947368421052632,0.0,1.0,2.6052631578947367,152
pad,pad_only,2,0.15,M3,False,0.8636363636363636,0.015151515151515152,0.9848484848484849,2.5606060606060606,66
pad,pad_only,2,0.15,B,False,0.8,,0.65,2.4,20
pad,primary,2,0.15,M1,False,0.9696969696969697,0.0,1.0,3.3636363636363638,33
pad,primary,2,0.15,M2,False,0.8421052631578947,0.0,1.0,2.7039473684210527,152
pad,primary,2,0.15,M3,False,0.7575757575757576,0.0,1.0,2.5,66
pad,primary,2,0.15,B,False,0.9,,0.95,3.1,20
hiba,pad_only,2,0.05,M1,False,1.0,0.0,1.0,7.363636363636363,11
hiba,pad_only,2,0.05,M2,False,0.9435483870967742,0.0,1.0,6.774193548387097,124
hiba,pad_only,2,0.05,M3,False,0.875,0.0,1.0,7.0625,16
hiba,pad_only,2,0.05,B,False,0.9817073170731707,,1.0,6.396341463414634,164
hiba,primary,2,0.05,M1,False,1.0,0.0,1.0,7.0,11
hiba,primary,2,0.05,M2,False,0.9516129032258065,0.0,1.0,6.653225806451613,124
hiba,primary,2,0.05,M3,False,0.75,0.0,1.0,5.0625,16
hiba,primary,2,0.05,B,False,0.9878048780487805,,1.0,5.25,164
hiba,pad_only,2,0.1,M1,False,1.0,0.0,1.0,6.363636363636363,11
hiba,pad_only,2,0.1,M2,False,0.9112903225806451,0.0,1.0,6.475806451612903,124
hiba,pad_only,2,0.1,M3,False,0.75,0.0,1.0,6.3125,16
hiba,pad_only,2,0.1,B,False,0.9817073170731707,,0.9939024390243902,5.4939024390243905,164
hiba,primary,2,0.1,M1,False,0.8181818181818182,0.0,1.0,4.7272727272727275,11
hiba,primary,2,0.1,M2,False,0.9354838709677419,0.008064516129032258,0.9919354838709677,4.870967741935484,124
hiba,primary,2,0.1,M3,False,0.75,0.0,1.0,4.1875,16
hiba,primary,2,0.1,B,False,0.9634146341463414,,0.9634146341463414,3.6036585365853657,164
hiba,pad_only,2,0.15,M1,False,1.0,0.0,1.0,5.818181818181818,11
hiba,pad_only,2,0.15,M2,False,0.8709677419354839,0.0,1.0,4.846774193548387,124
hiba,pad_only,2,0.15,M3,False,0.75,0.0,1.0,4.4375,16
hiba,pad_only,2,0.15,B,False,0.9207317073170732,,0.9878048780487805,4.176829268292683,164
hiba,primary,2,0.15,M1,False,0.8181818181818182,0.0,1.0,4.545454545454546,11
hiba,primary,2,0.15,M2,False,0.9112903225806451,0.016129032258064516,0.9838709677419355,4.185483870967742,124
hiba,primary,2,0.15,M3,False,0.6875,0.0,1.0,3.75,16
hiba,primary,2,0.15,B,False,0.9573170731707317,,0.9085365853658537,3.048780487804878,164
pad,pad_only,3,0.05,M1,False,0.9615384615384616,0.0,1.0,6.115384615384615,26
pad,pad_only,3,0.05,M2,False,0.9358974358974359,0.0,1.0,6.198717948717949,156
pad,pad_only,3,0.05,M3,False,0.9438202247191011,0.0,1.0,6.370786516853933,89
pad,pad_only,3,0.05,B,False,1.0,,1.0,5.136363636363637,22
pad,primary,3,0.05,M1,False,1.0,0.0,1.0,4.576923076923077,26
pad,primary,3,0.05,M2,False,0.967948717948718,0.0,1.0,4.089743589743589,156
pad,primary,3,0.05,M3,False,0.9325842696629213,0.0,1.0,3.707865168539326,89
pad,primary,3,0.05,B,False,0.9545454545454546,,1.0,3.909090909090909,22
pad,pad_only,3,0.1,M1,False,0.9615384615384616,0.0,1.0,4.961538461538462,26
pad,pad_only,3,0.1,M2,False,0.8782051282051282,0.019230769230769232,0.9807692307692307,4.506410256410256,156
pad,pad_only,3,0.1,M3,False,0.8876404494382022,0.02247191011235955,0.9775280898876404,4.685393258426966,89
pad,pad_only,3,0.1,B,False,1.0,,1.0,3.4545454545454546,22
pad,primary,3,0.1,M1,False,1.0,0.0,1.0,4.038461538461538,26
pad,primary,3,0.1,M2,False,0.9230769230769231,0.0,1.0,3.25,156
pad,primary,3,0.1,M3,False,0.898876404494382,0.0,1.0,2.9101123595505616,89
pad,primary,3,0.1,B,False,0.9545454545454546,,0.9545454545454546,3.0454545454545454,22
pad,pad_only,3,0.15,M1,False,0.9615384615384616,0.0,1.0,2.9615384615384617,26
pad,pad_only,3,0.15,M2,False,0.8653846153846154,0.0,1.0,2.6025641025641026,156
pad,pad_only,3,0.15,M3,False,0.8651685393258427,0.011235955056179775,0.9887640449438202,2.741573033707865,89
pad,pad_only,3,0.15,B,False,0.9090909090909091,,0.6363636363636364,2.1818181818181817,22
pad,primary,3,0.15,M1,False,1.0,0.0,1.0,4.038461538461538,26
pad,primary,3,0.15,M2,False,0.8397435897435898,0.0,1.0,2.8974358974358974,156
pad,primary,3,0.15,M3,False,0.8651685393258427,0.0,1.0,2.7752808988764044,89
pad,primary,3,0.15,B,False,0.9545454545454546,,0.9545454545454546,3.0,22
hiba,pad_only,3,0.05,M1,False,1.0,0.0,1.0,7.5,12
hiba,pad_only,3,0.05,M2,False,0.968503937007874,0.0,1.0,6.771653543307087,127
hiba,pad_only,3,0.05,M3,False,1.0,0.0,1.0,7.7272727272727275,11
hiba,pad_only,3,0.05,B,False,0.95,,1.0,6.4944444444444445,180
hiba,primary,3,0.05,M1,False,0.9166666666666666,0.0,1.0,5.083333333333333,12
hiba,primary,3,0.05,M2,False,0.937007874015748,0.0,1.0,5.771653543307087,127
hiba,primary,3,0.05,M3,False,1.0,0.0,1.0,6.090909090909091,11
hiba,primary,3,0.05,B,False,0.9333333333333333,,1.0,5.333333333333333,180
hiba,pad_only,3,0.1,M1,False,0.9166666666666666,0.0,1.0,7.0,12
hiba,pad_only,3,0.1,M2,False,0.9212598425196851,0.0,1.0,6.440944881889764,127
hiba,pad_only,3,0.1,M3,False,1.0,0.0,1.0,7.454545454545454,11
hiba,pad_only,3,0.1,B,False,0.95,,1.0,6.111111111111111,180
hiba,primary,3,0.1,M1,False,0.5833333333333334,0.0,1.0,3.25,12
hiba,primary,3,0.1,M2,False,0.9212598425196851,0.0,1.0,4.543307086614173,127
hiba,primary,3,0.1,M3,False,1.0,0.0,1.0,4.363636363636363,11
hiba,primary,3,0.1,B,False,0.8833333333333333,,0.9166666666666666,3.577777777777778,180
hiba,pad_only,3,0.15,M1,False,0.9166666666666666,0.0,1.0,5.0,12
hiba,pad_only,3,0.15,M2,False,0.8818897637795275,0.007874015748031496,0.9921259842519685,5.0078740157480315,127
hiba,pad_only,3,0.15,M3,False,1.0,0.0,1.0,5.2727272727272725,11
hiba,pad_only,3,0.15,B,False,0.8888888888888888,,0.9944444444444445,4.683333333333334,180
hiba,primary,3,0.15,M1,False,0.5,0.08333333333333333,0.9166666666666666,2.4166666666666665,12
hiba,primary,3,0.15,M2,False,0.8661417322834646,0.007874015748031496,0.9921259842519685,3.3858267716535435,127
hiba,primary,3,0.15,M3,False,1.0,0.0,1.0,3.727272727272727,11
hiba,primary,3,0.15,B,False,0.8333333333333334,,0.8555555555555555,2.6944444444444446,180
pad,pad_only,4,0.05,M1,False,0.9310344827586207,0.0,1.0,4.517241379310345,29
pad,pad_only,4,0.05,M2,False,0.9433962264150944,0.006289308176100629,0.9937106918238994,4.729559748427673,159
pad,pad_only,4,0.05,M3,False,0.9565217391304348,0.0,1.0,5.101449275362318,69
pad,pad_only,4,0.05,B,False,0.9375,,1.0,4.4375,16
pad,primary,4,0.05,M1,False,0.9655172413793104,0.0,1.0,4.0344827586206895,29
pad,primary,4,0.05,M2,False,0.949685534591195,0.0,1.0,3.9874213836477987,159
pad,primary,4,0.05,M3,False,0.9565217391304348,0.0,1.0,4.202898550724638,69
pad,primary,4,0.05,B,False,1.0,,1.0,4.125,16
pad,pad_only,4,0.1,M1,False,0.8620689655172413,0.0,1.0,2.5517241379310347,29
pad,pad_only,4,0.1,M2,False,0.8490566037735849,0.0,1.0,2.7358490566037736,159
pad,pad_only,4,0.1,M3,False,0.8985507246376812,0.0,1.0,3.0434782608695654,69
pad,pad_only,4,0.1,B,False,0.9375,,0.9375,3.6875,16
pad,primary,4,0.1,M1,False,0.896551724137931,0.0,1.0,3.6206896551724137,29
pad,primary,4,0.1,M2,False,0.9182389937106918,0.0,1.0,3.7044025157232703,159
pad,primary,4,0.1,M3,False,0.927536231884058,0.0,1.0,3.710144927536232,69
pad,primary,4,0.1,B,False,1.0,,0.9375,3.875,16
pad,pad_only,4,0.15,M1,False,0.7931034482758621,0.0,1.0,2.2758620689655173,29
pad,pad_only,4,0.15,M2,False,0.7861635220125787,0.0,1.0,2.3459119496855347,159
pad,pad_only,4,0.15,M3,False,0.8115942028985508,0.014492753623188406,0.9855072463768116,2.5072463768115942,69
pad,pad_only,4,0.15,B,False,0.9375,,0.875,3.0625,16
pad,primary,4,0.15,M1,False,0.896551724137931,0.0,1.0,2.9655172413793105,29
pad,primary,4,0.15,M2,False,0.7672955974842768,0.0,1.0,2.5283018867924527,159
pad,primary,4,0.15,M3,False,0.8985507246376812,0.0,1.0,3.0,69
pad,primary,4,0.15,B,False,1.0,,0.875,3.25,16
hiba,pad_only,4,0.05,M1,False,1.0,0.0,1.0,7.105263157894737,19
hiba,pad_only,4,0.05,M2,False,0.975609756097561,0.0,1.0,7.048780487804878,123
hiba,pad_only,4,0.05,M3,False,1.0,0.0,1.0,7.571428571428571,14
hiba,pad_only,4,0.05,B,False,0.9711538461538461,,1.0,7.086538461538462,208
hiba,primary,4,0.05,M1,False,1.0,0.0,1.0,6.2631578947368425,19
hiba,primary,4,0.05,M2,False,0.959349593495935,0.0,1.0,6.365853658536586,123
hiba,primary,4,0.05,M3,False,0.9285714285714286,0.0,1.0,6.0,14
hiba,primary,4,0.05,B,False,0.9759615384615384,,1.0,5.600961538461538,208
hiba,pad_only,4,0.1,M1,False,1.0,0.0,1.0,6.894736842105263,19
hiba,pad_only,4,0.1,M2,False,0.9512195121951219,0.0,1.0,6.40650406504065,123
hiba,pad_only,4,0.1,M3,False,0.9285714285714286,0.0,1.0,6.571428571428571,14
hiba,pad_only,4,0.1,B,False,0.9711538461538461,,0.9951923076923077,5.663461538461538,208
hiba,primary,4,0.1,M1,False,0.9473684210526315,0.0,1.0,4.578947368421052,19
hiba,primary,4,0.1,M2,False,0.9186991869918699,0.0,1.0,4.853658536585366,123
hiba,primary,4,0.1,M3,False,0.8571428571428571,0.0,1.0,4.714285714285714,14
hiba,primary,4,0.1,B,False,0.9471153846153846,,0.9326923076923077,3.764423076923077,208
hiba,pad_only,4,0.15,M1,False,0.8947368421052632,0.05263157894736842,0.9473684210526315,4.684210526315789,19
hiba,pad_only,4,0.15,M2,False,0.8699186991869918,0.016260162601626018,0.983739837398374,4.650406504065041,123
hiba,pad_only,4,0.15,M3,False,0.8571428571428571,0.07142857142857142,0.9285714285714286,4.285714285714286,14
hiba,pad_only,4,0.15,B,False,0.9230769230769231,,0.9951923076923077,4.197115384615385,208
hiba,primary,4,0.15,M1,False,0.8947368421052632,0.0,1.0,3.6842105263157894,19
hiba,primary,4,0.15,M2,False,0.8455284552845529,0.016260162601626018,0.983739837398374,3.894308943089431,123
hiba,primary,4,0.15,M3,False,0.8571428571428571,0.0,1.0,4.142857142857143,14
hiba,primary,4,0.15,B,False,0.9182692307692307,,0.8605769230769231,2.860576923076923,208
pad,pad_only,5,0.05,M1,True,1.0,0.0,1.0,7.142857142857143,42
pad,pad_only,5,0.05,M2,False,0.9540229885057471,0.0,1.0,6.022988505747127,174
pad,pad_only,5,0.05,M3,False,0.9885057471264368,0.0,1.0,6.471264367816092,87
pad,pad_only,5,0.05,B,False,1.0,,1.0,6.25,12
pad,primary,5,0.05,M1,True,1.0,0.0,1.0,4.833333333333333,42
pad,primary,5,0.05,M2,False,0.9827586206896551,0.0,1.0,4.212643678160919,174
pad,primary,5,0.05,M3,False,0.9885057471264368,0.0,1.0,4.402298850574713,87
pad,primary,5,0.05,B,False,1.0,,1.0,4.75,12
pad,pad_only,5,0.1,M1,False,0.8095238095238095,0.047619047619047616,0.9523809523809523,4.023809523809524,42
pad,pad_only,5,0.1,M2,False,0.8793103448275862,0.022988505747126436,0.9770114942528736,4.264367816091954,174
pad,pad_only,5,0.1,M3,False,0.9425287356321839,0.0,1.0,4.862068965517241,87
pad,pad_only,5,0.1,B,False,1.0,,1.0,3.5833333333333335,12
pad,primary,5,0.1,M1,False,0.9523809523809523,0.0,1.0,4.071428571428571,42
pad,primary,5,0.1,M2,False,0.8908045977011494,0.0,1.0,3.5172413793103448,174
pad,primary,5,0.1,M3,False,0.9770114942528736,0.0,1.0,3.8620689655172415,87
pad,primary,5,0.1,B,False,1.0,,0.9166666666666666,3.6666666666666665,12
pad,pad_only,5,0.15,M1,False,0.8095238095238095,0.0,1.0,2.380952380952381,42
pad,pad_only,5,0.15,M2,False,0.8218390804597702,0.0,1.0,2.367816091954023,174
pad,pad_only,5,0.15,M3,False,0.896551724137931,0.0,1.0,2.7011494252873565,87
pad,pad_only,5,0.15,B,False,0.8333333333333334,,0.75,2.3333333333333335,12
pad,primary,5,0.15,M1,False,0.9047619047619048,0.0,1.0,3.1904761904761907,42
pad,primary,5,0.15,M2,False,0.8103448275862069,0.0,1.0,2.660919540229885,174
pad,primary,5,0.15,M3,False,0.9425287356321839,0.0,1.0,3.045977011494253,87
pad,primary,5,0.15,B,False,1.0,,0.9166666666666666,3.0,12
hiba,pad_only,5,0.05,M1,False,0.9545454545454546,0.0,1.0,7.181818181818182,22
hiba,pad_only,5,0.05,M2,False,1.0,0.0,1.0,7.353448275862069,116
hiba,pad_only,5,0.05,M3,True,1.0,0.0,1.0,7.5,24
hiba,pad_only,5,0.05,B,False,0.9530201342281879,,1.0,7.248322147651007,149
hiba,primary,5,0.05,M1,False,1.0,0.0,1.0,6.545454545454546,22
hiba,primary,5,0.05,M2,False,0.9913793103448276,0.0,1.0,6.853448275862069,116
hiba,primary,5,0.05,M3,True,1.0,0.0,1.0,7.125,24
hiba,primary,5,0.05,B,False,0.9932885906040269,,1.0,6.530201342281879,149
hiba,pad_only,5,0.1,M1,False,0.9545454545454546,0.0,1.0,6.7272727272727275,22
hiba,pad_only,5,0.1,M2,False,0.9655172413793104,0.0,1.0,6.663793103448276,116
hiba,pad_only,5,0.1,M3,False,1.0,0.0,1.0,7.375,24
hiba,pad_only,5,0.1,B,False,0.9530201342281879,,1.0,6.006711409395973,149
hiba,primary,5,0.1,M1,False,1.0,0.0,1.0,5.318181818181818,22
hiba,primary,5,0.1,M2,False,0.9655172413793104,0.0,1.0,5.172413793103448,116
hiba,primary,5,0.1,M3,False,0.9583333333333334,0.0,1.0,4.958333333333333,24
hiba,primary,5,0.1,B,False,0.9664429530201343,,0.9865771812080537,4.154362416107382,149
hiba,pad_only,5,0.15,M1,False,0.9090909090909091,0.045454545454545456,0.9545454545454546,4.7727272727272725,22
hiba,pad_only,5,0.15,M2,False,0.9224137931034483,0.0,1.0,5.2844827586206895,116
hiba,pad_only,5,0.15,M3,False,0.9166666666666666,0.0,1.0,5.583333333333333,24
hiba,pad_only,5,0.15,B,False,0.912751677852349,,0.9932885906040269,4.483221476510067,149
hiba,primary,5,0.15,M1,False,1.0,0.0,1.0,4.045454545454546,22
hiba,primary,5,0.15,M2,False,0.9310344827586207,0.008620689655172414,0.9913793103448276,4.2844827586206895,116
hiba,primary,5,0.15,M3,False,0.9583333333333334,0.0,1.0,4.541666666666667,24
hiba,primary,5,0.15,B,False,0.9395973154362416,,0.8791946308724832,3.2348993288590604,149
pad,pad_only,6,0.05,M1,False,0.9393939393939394,0.0,1.0,5.696969696969697,33
pad,pad_only,6,0.05,M2,False,0.9452054794520548,0.0,1.0,6.095890410958904,146
pad,pad_only,6,0.05,M3,False,0.9855072463768116,0.0,1.0,6.536231884057971,69
pad,pad_only,6,0.05,B,False,1.0,,1.0,5.388888888888889,18
pad,primary,6,0.05,M1,False,1.0,0.0,1.0,4.484848484848484,33
pad,primary,6,0.05,M2,False,0.9657534246575342,0.0,1.0,4.102739726027397,146
pad,primary,6,0.05,M3,False,0.9855072463768116,0.0,1.0,4.231884057971015,69
pad,primary,6,0.05,B,False,0.9444444444444444,,1.0,3.9444444444444446,18
pad,pad_only,6,0.1,M1,False,0.9393939393939394,0.0,1.0,3.9696969696969697,33
pad,pad_only,6,0.1,M2,False,0.910958904109589,0.0,1.0,4.561643835616438,146
pad,pad_only,6,0.1,M3,False,0.8985507246376812,0.028985507246376812,0.9710144927536232,4.7101449275362315,69
pad,pad_only,6,0.1,B,False,1.0,,1.0,3.888888888888889,18
pad,primary,6,0.1,M1,False,1.0,0.0,1.0,3.8181818181818183,33
pad,primary,6,0.1,M2,False,0.9246575342465754,0.0,1.0,3.2260273972602738,146
pad,primary,6,0.1,M3,False,0.8840579710144928,0.0,1.0,3.1594202898550723,69
pad,primary,6,0.1,B,False,0.9444444444444444,,0.9444444444444444,3.388888888888889,18
pad,pad_only,6,0.15,M1,False,0.9393939393939394,0.0,1.0,2.878787878787879,33
pad,pad_only,6,0.15,M2,False,0.910958904109589,0.0,1.0,2.787671232876712,146
pad,pad_only,6,0.15,M3,False,0.8405797101449275,0.0,1.0,2.8405797101449277,69
pad,pad_only,6,0.15,B,False,1.0,,0.8333333333333334,2.8333333333333335,18
pad,primary,6,0.15,M1,False,1.0,0.0,1.0,3.5757575757575757,33
pad,primary,6,0.15,M2,False,0.8835616438356164,0.0,1.0,2.7945205479452055,146
pad,primary,6,0.15,M3,False,0.855072463768116,0.0,1.0,2.9130434782608696,69
pad,primary,6,0.15,B,False,0.8888888888888888,,0.9444444444444444,3.0555555555555554,18
hiba,pad_only,6,0.05,M1,False,1.0,0.0,1.0,7.75,12
hiba,pad_only,6,0.05,M2,False,0.9487179487179487,0.0,1.0,7.282051282051282,117
hiba,pad_only,6,0.05,M3,False,1.0,0.0,1.0,7.846153846153846,13
hiba,pad_only,6,0.05,B,False,1.0,,1.0,6.809160305343512,131
hiba,primary,6,0.05,M1,False,1.0,0.0,1.0,6.166666666666667,12
hiba,primary,6,0.05,M2,False,0.9487179487179487,0.0,1.0,6.555555555555555,117
hiba,primary,6,0.05,M3,False,1.0,0.0,1.0,6.615384615384615,13
hiba,primary,6,0.05,B,False,0.9847328244274809,,1.0,5.534351145038168,131
hiba,pad_only,6,0.1,M1,False,1.0,0.0,1.0,7.25,12
hiba,pad_only,6,0.1,M2,False,0.905982905982906,0.0,1.0,6.3931623931623935,117
hiba,pad_only,6,0.1,M3,False,1.0,0.0,1.0,7.384615384615385,13
hiba,pad_only,6,0.1,B,False,0.9847328244274809,,1.0,6.236641221374046,131
hiba,primary,6,0.1,M1,False,0.8333333333333334,0.0,1.0,3.75,12
hiba,primary,6,0.1,M2,False,0.9145299145299145,0.0,1.0,4.564102564102564,117
hiba,primary,6,0.1,M3,False,1.0,0.0,1.0,5.153846153846154,13
hiba,primary,6,0.1,B,False,0.9236641221374046,,0.9541984732824428,3.564885496183206,131
hiba,pad_only,6,0.15,M1,False,0.9166666666666666,0.0,1.0,4.75,12
hiba,pad_only,6,0.15,M2,False,0.7777777777777778,0.0,1.0,4.6239316239316235,117
hiba,pad_only,6,0.15,M3,False,1.0,0.0,1.0,5.615384615384615,13
hiba,pad_only,6,0.15,B,False,0.8931297709923665,,1.0,4.450381679389313,131
hiba,primary,6,0.15,M1,False,0.8333333333333334,0.0,1.0,3.4166666666666665,12
hiba,primary,6,0.15,M2,False,0.8461538461538461,0.02564102564102564,0.9743589743589743,3.8461538461538463,117
hiba,primary,6,0.15,M3,False,0.8461538461538461,0.0,1.0,4.384615384615385,13
hiba,primary,6,0.15,B,False,0.8778625954198473,,0.9389312977099237,2.9389312977099236,131
pad,pad_only,7,0.05,M1,False,0.9090909090909091,0.0,1.0,5.863636363636363,22
pad,pad_only,7,0.05,M2,False,0.9363057324840764,0.0,1.0,6.038216560509555,157
pad,pad_only,7,0.05,M3,False,0.9420289855072463,0.0,1.0,6.072463768115942,69
pad,pad_only,7,0.05,B,False,1.0,,1.0,5.117647058823529,17
pad,primary,7,0.05,M1,False,1.0,0.0,1.0,4.0,22
pad,primary,7,0.05,M2,False,0.9617834394904459,0.0,1.0,3.5859872611464967,157
pad,primary,7,0.05,M3,False,0.9855072463768116,0.0,1.0,3.710144927536232,69
pad,primary,7,0.05,B,False,0.8823529411764706,,1.0,3.5294117647058822,17
pad,pad_only,7,0.1,M1,False,0.9090909090909091,0.0,1.0,2.3636363636363638,22
pad,pad_only,7,0.1,M2,False,0.89171974522293,0.0,1.0,3.0063694267515926,157
pad,pad_only,7,0.1,M3,False,0.8260869565217391,0.014492753623188406,0.9855072463768116,2.6956521739130435,69
pad,pad_only,7,0.1,B,False,0.9411764705882353,,0.7647058823529411,2.7058823529411766,17
pad,primary,7,0.1,M1,False,0.9090909090909091,0.0,1.0,3.409090909090909,22
pad,primary,7,0.1,M2,False,0.9363057324840764,0.0,1.0,3.2738853503184715,157
pad,primary,7,0.1,M3,False,0.927536231884058,0.0,1.0,2.753623188405797,69
pad,primary,7,0.1,B,False,0.8235294117647058,,1.0,3.235294117647059,17
pad,pad_only,7,0.15,M1,False,0.5909090909090909,0.0,1.0,1.6363636363636365,22
pad,pad_only,7,0.15,M2,False,0.8598726114649682,0.0,1.0,2.56687898089172,157
pad,pad_only,7,0.15,M3,False,0.782608695652174,0.014492753623188406,0.9855072463768116,2.2318840579710146,69
pad,pad_only,7,0.15,B,False,0.8235294117647058,,0.7058823529411765,2.3529411764705883,17
pad,primary,7,0.15,M1,False,0.9090909090909091,0.0,1.0,3.1818181818181817,22
pad,primary,7,0.15,M2,False,0.8662420382165605,0.0,1.0,2.828025477707006,157
pad,primary,7,0.15,M3,False,0.8260869565217391,0.0,1.0,2.4057971014492754,69
pad,primary,7,0.15,B,False,0.7058823529411765,,0.8823529411764706,2.588235294117647,17
hiba,pad_only,7,0.05,M1,False,1.0,0.0,1.0,7.052631578947368,19
hiba,pad_only,7,0.05,M2,False,0.9642857142857143,0.0,1.0,6.883928571428571,112
hiba,pad_only,7,0.05,M3,False,1.0,0.0,1.0,8.0,5
hiba,pad_only,7,0.05,B,False,0.967741935483871,,1.0,6.834677419354839,248
hiba,primary,7,0.05,M1,False,0.7894736842105263,0.0,1.0,5.368421052631579,19
hiba,primary,7,0.05,M2,False,0.9821428571428571,0.0,1.0,6.732142857142857,112
hiba,primary,7,0.05,M3,False,1.0,0.0,1.0,7.2,5
hiba,primary,7,0.05,B,False,0.9879032258064516,,1.0,5.955645161290323,248
hiba,pad_only,7,0.1,M1,False,0.8421052631578947,0.0,1.0,5.578947368421052,19
hiba,pad_only,7,0.1,M2,False,0.9464285714285714,0.0,1.0,6.517857142857143,112
hiba,pad_only,7,0.1,M3,False,1.0,0.0,1.0,6.8,5
hiba,pad_only,7,0.1,B,False,0.967741935483871,,0.9959677419354839,5.532258064516129,248
hiba,primary,7,0.1,M1,False,0.7894736842105263,0.0,1.0,4.052631578947368,19
hiba,primary,7,0.1,M2,False,0.9017857142857143,0.008928571428571428,0.9910714285714286,4.5625,112
hiba,primary,7,0.1,M3,False,1.0,0.0,1.0,4.8,5
hiba,primary,7,0.1,B,False,0.9556451612903226,,0.9475806451612904,3.5483870967741935,248
hiba,pad_only,7,0.15,M1,False,0.8421052631578947,0.0,1.0,5.0,19
hiba,pad_only,7,0.15,M2,False,0.9107142857142857,0.008928571428571428,0.9910714285714286,5.017857142857143,112
hiba,pad_only,7,0.15,M3,False,1.0,0.0,1.0,4.2,5
hiba,pad_only,7,0.15,B,False,0.9193548387096774,,0.9959677419354839,4.346774193548387,248
hiba,primary,7,0.15,M1,False,0.6842105263157895,0.05263157894736842,0.9473684210526315,3.6315789473684212,19
hiba,primary,7,0.15,M2,False,0.8303571428571429,0.026785714285714284,0.9732142857142857,3.6785714285714284,112
hiba,primary,7,0.15,M3,False,1.0,0.0,1.0,4.0,5
hiba,primary,7,0.15,B,False,0.9354838709677419,,0.8629032258064516,2.8629032258064515,248
pad,pad_only,8,0.05,M1,False,1.0,0.0,1.0,6.783783783783784,37
pad,pad_only,8,0.05,M2,False,0.9438202247191011,0.0,1.0,6.174157303370786,178
pad,pad_only,8,0.05,M3,False,0.9571428571428572,0.0,1.0,5.985714285714286,70
pad,pad_only,8,0.05,B,False,1.0,,1.0,5.2105263157894735,19
pad,primary,8,0.05,M1,False,0.972972972972973,0.0,1.0,4.054054054054054,37
pad,primary,8,0.05,M2,False,0.9775280898876404,0.0,1.0,4.073033707865169,178
pad,primary,8,0.05,M3,False,0.9857142857142858,0.0,1.0,4.442857142857143,70
pad,primary,8,0.05,B,False,1.0,,1.0,4.105263157894737,19
pad,pad_only,8,0.1,M1,False,0.9459459459459459,0.0,1.0,4.621621621621622,37
pad,pad_only,8,0.1,M2,False,0.9213483146067416,0.011235955056179775,0.9887640449438202,4.48876404494382,178
pad,pad_only,8,0.1,M3,False,0.8857142857142857,0.02857142857142857,0.9714285714285714,4.6,70
pad,pad_only,8,0.1,B,False,1.0,,1.0,3.4210526315789473,19
pad,primary,8,0.1,M1,False,0.972972972972973,0.0,1.0,3.972972972972973,37
pad,primary,8,0.1,M2,False,0.9438202247191011,0.0,1.0,3.747191011235955,178
pad,primary,8,0.1,M3,False,0.9857142857142858,0.0,1.0,3.9714285714285715,70
pad,primary,8,0.1,B,False,1.0,,1.0,3.5789473684210527,19
pad,pad_only,8,0.15,M1,False,0.8918918918918919,0.0,1.0,2.6216216216216215,37
pad,pad_only,8,0.15,M2,False,0.8426966292134831,0.0,1.0,2.4831460674157304,178
pad,pad_only,8,0.15,M3,False,0.8714285714285714,0.0,1.0,2.5142857142857142,70
pad,pad_only,8,0.15,B,False,0.9473684210526315,,0.5789473684210527,2.263157894736842,19
pad,primary,8,0.15,M1,False,0.918918918918919,0.0,1.0,3.081081081081081,37
pad,primary,8,0.15,M2,False,0.8820224719101124,0.0,1.0,2.960674157303371,178
pad,primary,8,0.15,M3,False,0.8857142857142857,0.0,1.0,3.1285714285714286,70
pad,primary,8,0.15,B,False,1.0,,0.9473684210526315,2.8947368421052633,19
hiba,pad_only,8,0.05,M1,False,1.0,0.0,1.0,7.368421052631579,19
hiba,pad_only,8,0.05,M2,False,1.0,0.0,1.0,7.376,125
hiba,pad_only,8,0.05,M3,False,1.0,0.0,1.0,7.0,9
hiba,pad_only,8,0.05,B,False,0.990521327014218,,1.0,7.4454976303317535,211
hiba,primary,8,0.05,M1,False,1.0,0.0,1.0,6.105263157894737,19
hiba,primary,8,0.05,M2,False,0.96,0.0,1.0,6.288,125
hiba,primary,8,0.05,M3,False,1.0,0.0,1.0,6.666666666666667,9
hiba,primary,8,0.05,B,False,0.985781990521327,,1.0,5.796208530805687,211
hiba,pad_only,8,0.1,M1,False,1.0,0.0,1.0,7.2105263157894735,19
hiba,pad_only,8,0.1,M2,False,0.928,0.0,1.0,6.424,125
hiba,pad_only,8,0.1,M3,False,1.0,0.0,1.0,6.888888888888889,9
hiba,pad_only,8,0.1,B,False,0.990521327014218,,1.0,6.293838862559242,211
hiba,primary,8,0.1,M1,False,1.0,0.0,1.0,5.2631578947368425,19
hiba,primary,8,0.1,M2,False,0.936,0.016,0.984,4.68,125
hiba,primary,8,0.1,M3,False,1.0,0.0,1.0,5.0,9
hiba,primary,8,0.1,B,False,0.966824644549763,,0.9620853080568721,3.971563981042654,211
hiba,pad_only,8,0.15,M1,False,1.0,0.0,1.0,5.631578947368421,19
hiba,pad_only,8,0.15,M2,False,0.88,0.008,0.992,4.896,125
hiba,pad_only,8,0.15,M3,False,1.0,0.0,1.0,5.0,9
hiba,pad_only,8,0.15,B,False,0.95260663507109,,0.995260663507109,4.459715639810427,211
hiba,primary,8,0.15,M1,False,1.0,0.0,1.0,4.315789473684211,19
hiba,primary,8,0.15,M2,False,0.872,0.032,0.968,3.832,125
hiba,primary,8,0.15,M3,False,1.0,0.0,1.0,4.777777777777778,9
hiba,primary,8,0.15,B,False,0.9478672985781991,,0.8957345971563981,3.255924170616114,211
pad,pad_only,9,0.05,M1,False,1.0,0.0,1.0,7.4,30
pad,pad_only,9,0.05,M2,False,0.975,0.0,1.0,6.8,160
pad,pad_only,9,0.05,M3,False,0.9518072289156626,0.0,1.0,6.686746987951807,83
pad,pad_only,9,0.05,B,True,1.0,,1.0,6.0,24
pad,primary,9,0.05,M1,False,1.0,0.0,1.0,7.3,30
pad,primary,9,0.05,M2,False,0.98125,0.0,1.0,7.3875,160
pad,primary,9,0.05,M3,False,0.963855421686747,0.0,1.0,6.819277108433735,83
pad,primary,9,0.05,B,True,1.0,,1.0,6.583333333333333,24
pad,pad_only,9,0.1,M1,False,0.9666666666666667,0.0,1.0,5.433333333333334,30
pad,pad_only,9,0.1,M2,False,0.94375,0.0,1.0,5.89375,160
pad,pad_only,9,0.1,M3,False,0.8795180722891566,0.0,1.0,5.903614457831325,83
pad,pad_only,9,0.1,B,False,1.0,,1.0,4.416666666666667,24
pad,primary,9,0.1,M1,False,0.9333333333333333,0.0,1.0,3.9,30
pad,primary,9,0.1,M2,False,0.9625,0.0,1.0,3.9375,160
pad,primary,9,0.1,M3,False,0.8554216867469879,0.0,1.0,3.325301204819277,83
pad,primary,9,0.1,B,False,0.9583333333333334,,0.9583333333333334,3.2916666666666665,24
pad,pad_only,9,0.15,M1,False,0.9,0.03333333333333333,0.9666666666666667,4.266666666666667,30
pad,pad_only,9,0.15,M2,False,0.89375,0.00625,0.99375,4.35,160
pad,pad_only,9,0.15,M3,False,0.8554216867469879,0.012048192771084338,0.9879518072289156,4.493975903614458,83
pad,pad_only,9,0.15,B,False,1.0,,1.0,3.25,24
pad,primary,9,0.15,M1,False,0.9333333333333333,0.0,1.0,2.933333333333333,30
pad,primary,9,0.15,M2,False,0.91875,0.0,1.0,3.05625,160
pad,primary,9,0.15,M3,False,0.7590361445783133,0.0,1.0,2.5903614457831323,83
pad,primary,9,0.15,B,False,0.9583333333333334,,0.9166666666666666,2.75,24
hiba,pad_only,9,0.05,M1,False,1.0,0.0,1.0,7.529411764705882,17
hiba,pad_only,9,0.05,M2,False,0.9243697478991597,0.0,1.0,6.621848739495798,119
hiba,pad_only,9,0.05,M3,False,1.0,0.0,1.0,7.1,10
hiba,pad_only,9,0.05,B,False,0.9753694581280788,,1.0,6.699507389162561,203
hiba,primary,9,0.05,M1,False,0.9411764705882353,0.0,1.0,6.588235294117647,17
hiba,primary,9,0.05,M2,False,0.9159663865546218,0.0,1.0,6.571428571428571,119
hiba,primary,9,0.05,M3,False,1.0,0.0,1.0,6.8,10
hiba,primary,9,0.05,B,False,0.9852216748768473,,1.0,5.768472906403941,203
hiba,pad_only,9,0.1,M1,False,0.8823529411764706,0.0,1.0,6.117647058823529,17
hiba,pad_only,9,0.1,M2,False,0.8907563025210085,0.0,1.0,6.201680672268908,119
hiba,pad_only,9,0.1,M3,False,1.0,0.0,1.0,6.9,10
hiba,pad_only,9,0.1,B,False,0.9753694581280788,,1.0,6.369458128078818,203
hiba,primary,9,0.1,M1,False,0.9411764705882353,0.0,1.0,4.9411764705882355,17
hiba,primary,9,0.1,M2,False,0.8823529411764706,0.0,1.0,4.697478991596639,119
hiba,primary,9,0.1,M3,False,1.0,0.0,1.0,5.1,10
hiba,primary,9,0.1,B,False,0.9261083743842364,,0.9605911330049262,3.7881773399014778,203
hiba,pad_only,9,0.15,M1,False,0.8235294117647058,0.0,1.0,5.176470588235294,17
hiba,pad_only,9,0.15,M2,False,0.865546218487395,0.008403361344537815,0.9915966386554622,4.697478991596639,119
hiba,pad_only,9,0.15,M3,False,1.0,0.0,1.0,5.6,10
hiba,pad_only,9,0.15,B,False,0.9310344827586207,,0.9950738916256158,4.847290640394089,203
hiba,primary,9,0.15,M1,False,0.9411764705882353,0.0,1.0,4.117647058823529,17
hiba,primary,9,0.15,M2,False,0.8487394957983193,0.008403361344537815,0.9915966386554622,4.067226890756302,119
hiba,primary,9,0.15,M3,False,1.0,0.0,1.0,4.8,10
hiba,primary,9,0.15,B,False,0.9014778325123153,,0.8817733990147784,3.2019704433497536,203
pad,pad_only,10,0.05,M1,False,1.0,0.0,1.0,5.125,24
pad,pad_only,10,0.05,M2,False,0.9879518072289156,0.0,1.0,5.108433734939759,166
pad,pad_only,10,0.05,M3,False,0.9833333333333333,0.0,1.0,5.0,60
pad,pad_only,10,0.05,B,False,0.9166666666666666,,1.0,5.333333333333333,12
pad,primary,10,0.05,M1,False,0.9583333333333334,0.0,1.0,4.0,24
pad,primary,10,0.05,M2,False,0.9518072289156626,0.0,1.0,4.048192771084337,166
pad,primary,10,0.05,M3,False,0.9833333333333333,0.0,1.0,4.066666666666666,60
pad,primary,10,0.05,B,False,0.9166666666666666,,1.0,4.333333333333333,12
pad,pad_only,10,0.1,M1,False,0.9166666666666666,0.0,1.0,2.875,24
pad,pad_only,10,0.1,M2,False,0.927710843373494,0.0,1.0,3.1325301204819276,166
pad,pad_only,10,0.1,M3,False,0.8666666666666667,0.0,1.0,2.75,60
pad,pad_only,10,0.1,B,False,0.9166666666666666,,0.9166666666666666,3.4166666666666665,12
pad,primary,10,0.1,M1,False,0.9583333333333334,0.0,1.0,3.4583333333333335,24
pad,primary,10,0.1,M2,False,0.9337349397590361,0.0,1.0,3.325301204819277,166
pad,primary,10,0.1,M3,False,0.95,0.0,1.0,2.85,60
pad,primary,10,0.1,B,False,0.9166666666666666,,1.0,3.6666666666666665,12
pad,pad_only,10,0.15,M1,False,0.9166666666666666,0.0,1.0,2.7083333333333335,24
pad,pad_only,10,0.15,M2,False,0.8795180722891566,0.0,1.0,2.6144578313253013,166
pad,pad_only,10,0.15,M3,False,0.7833333333333333,0.016666666666666666,0.9833333333333333,2.3833333333333333,60
pad,pad_only,10,0.15,B,False,0.8333333333333334,,0.9166666666666666,3.1666666666666665,12
pad,primary,10,0.15,M1,False,0.8333333333333334,0.0,1.0,2.4166666666666665,24
pad,primary,10,0.15,M2,False,0.8313253012048193,0.0,1.0,2.7048192771084336,166
pad,primary,10,0.15,M3,False,0.9333333333333333,0.0,1.0,2.5833333333333335,60
pad,primary,10,0.15,B,False,0.8333333333333334,,1.0,3.25,12
hiba,pad_only,10,0.05,M1,False,1.0,0.0,1.0,7.066666666666666,15
hiba,pad_only,10,0.05,M2,False,0.9243697478991597,0.0,1.0,6.7899159663865545,119
hiba,pad_only,10,0.05,M3,False,0.9166666666666666,0.0,1.0,7.666666666666667,12
hiba,pad_only,10,0.05,B,False,0.9671052631578947,,1.0,6.434210526315789,152
hiba,primary,10,0.05,M1,False,1.0,0.0,1.0,5.466666666666667,15
hiba,primary,10,0.05,M2,False,0.9327731092436975,0.0,1.0,5.697478991596639,119
hiba,primary,10,0.05,M3,False,1.0,0.0,1.0,5.416666666666667,12
hiba,primary,10,0.05,B,False,0.8947368421052632,,1.0,5.230263157894737,152
hiba,pad_only,10,0.1,M1,False,1.0,0.0,1.0,6.8,15
hiba,pad_only,10,0.1,M2,False,0.9243697478991597,0.0,1.0,6.53781512605042,119
hiba,pad_only,10,0.1,M3,False,0.8333333333333334,0.0,1.0,7.166666666666667,12
hiba,pad_only,10,0.1,B,False,0.9671052631578947,,1.0,6.1381578947368425,152
hiba,primary,10,0.1,M1,False,0.8666666666666667,0.0,1.0,4.333333333333333,15
hiba,primary,10,0.1,M2,False,0.907563025210084,0.0,1.0,4.680672268907563,119
hiba,primary,10,0.1,M3,False,0.9166666666666666,0.0,1.0,4.333333333333333,12
hiba,primary,10,0.1,B,False,0.868421052631579,,0.9802631578947368,3.848684210526316,152
hiba,pad_only,10,0.15,M1,False,1.0,0.0,1.0,4.666666666666667,15
hiba,pad_only,10,0.15,M2,False,0.907563025210084,0.0,1.0,5.092436974789916,119
hiba,pad_only,10,0.15,M3,False,0.8333333333333334,0.0,1.0,5.5,12
hiba,pad_only,10,0.15,B,False,0.9078947368421053,,1.0,4.809210526315789,152
hiba,primary,10,0.15,M1,False,0.8,0.0,1.0,3.466666666666667,15
hiba,primary,10,0.15,M2,False,0.8823529411764706,0.008403361344537815,0.9915966386554622,3.80672268907563,119
hiba,primary,10,0.15,M3,False,0.9166666666666666,0.0,1.0,3.25,12
hiba,primary,10,0.15,B,False,0.8157894736842105,,0.9276315789473685,3.0197368421052633,152
pad,pad_only,11,0.05,M1,False,0.8823529411764706,0.0,1.0,4.411764705882353,17
pad,pad_only,11,0.05,M2,False,0.9506172839506173,0.0,1.0,4.987654320987654,162
pad,pad_only,11,0.05,M3,False,0.9333333333333333,0.013333333333333334,0.9866666666666667,4.773333333333333,75
pad,pad_only,11,0.05,B,False,0.9375,,1.0,5.1875,16
pad,primary,11,0.05,M1,False,1.0,0.0,1.0,4.588235294117647,17
pad,primary,11,0.05,M2,False,0.9814814814814815,0.0,1.0,4.253086419753086,162
pad,primary,11,0.05,M3,False,0.9733333333333334,0.0,1.0,4.16,75
pad,primary,11,0.05,B,False,1.0,,1.0,4.9375,16
pad,pad_only,11,0.1,M1,False,0.8823529411764706,0.0,1.0,2.7058823529411766,17
pad,pad_only,11,0.1,M2,False,0.8888888888888888,0.0,1.0,2.8518518518518516,162
pad,pad_only,11,0.1,M3,False,0.88,0.0,1.0,2.7466666666666666,75
pad,pad_only,11,0.1,B,False,0.875,,0.875,4.1875,16
pad,primary,11,0.1,M1,False,1.0,0.0,1.0,4.470588235294118,17
pad,primary,11,0.1,M2,False,0.9382716049382716,0.0,1.0,3.8271604938271606,162
pad,primary,11,0.1,M3,False,0.92,0.0,1.0,3.48,75
pad,primary,11,0.1,B,False,1.0,,0.9375,4.75,16
pad,pad_only,11,0.15,M1,False,0.8823529411764706,0.0,1.0,2.3529411764705883,17
pad,pad_only,11,0.15,M2,False,0.8148148148148148,0.0,1.0,2.506172839506173,162
pad,pad_only,11,0.15,M3,False,0.84,0.0,1.0,2.466666666666667,75
pad,pad_only,11,0.15,B,False,0.8125,,0.8125,2.9375,16
pad,primary,11,0.15,M1,False,1.0,0.0,1.0,3.588235294117647,17
pad,primary,11,0.15,M2,False,0.8888888888888888,0.0,1.0,2.9691358024691357,162
pad,primary,11,0.15,M3,False,0.8933333333333333,0.0,1.0,2.92,75
pad,primary,11,0.15,B,False,1.0,,0.9375,3.5625,16
hiba,pad_only,11,0.05,M1,False,1.0,0.0,1.0,7.105263157894737,19
hiba,pad_only,11,0.05,M2,False,0.9448818897637795,0.0,1.0,6.858267716535433,127
hiba,pad_only,11,0.05,M3,False,1.0,0.0,1.0,7.75,12
hiba,pad_only,11,0.05,B,False,0.9691358024691358,,1.0,6.697530864197531,162
hiba,primary,11,0.05,M1,False,1.0,0.0,1.0,5.947368421052632,19
hiba,primary,11,0.05,M2,False,0.9448818897637795,0.0,1.0,6.559055118110236,127
hiba,primary,11,0.05,M3,False,0.9166666666666666,0.0,1.0,5.5,12
hiba,primary,11,0.05,B,False,0.9753086419753086,,1.0,5.45679012345679,162
hiba,pad_only,11,0.1,M1,False,1.0,0.0,1.0,6.894736842105263,19
hiba,pad_only,11,0.1,M2,False,0.8818897637795275,0.0,1.0,6.47244094488189,127
hiba,pad_only,11,0.1,M3,False,0.75,0.0,1.0,6.083333333333333,12
hiba,pad_only,11,0.1,B,False,0.9691358024691358,,1.0,5.9753086419753085,162
hiba,primary,11,0.1,M1,False,0.7894736842105263,0.0,1.0,4.157894736842105,19
hiba,primary,11,0.1,M2,False,0.905511811023622,0.0,1.0,4.866141732283465,127
hiba,primary,11,0.1,M3,False,0.8333333333333334,0.0,1.0,4.5,12
hiba,primary,11,0.1,B,False,0.9444444444444444,,0.9259259259259259,3.882716049382716,162
hiba,pad_only,11,0.15,M1,False,1.0,0.0,1.0,5.0,19
hiba,pad_only,11,0.15,M2,False,0.8346456692913385,0.015748031496062992,0.984251968503937,4.771653543307087,127
hiba,pad_only,11,0.15,M3,False,0.75,0.0,1.0,4.583333333333333,12
hiba,pad_only,11,0.15,B,False,0.9259259259259259,,1.0,4.58641975308642,162
hiba,primary,11,0.15,M1,False,0.7894736842105263,0.0,1.0,3.5789473684210527,19
hiba,primary,11,0.15,M2,False,0.8740157480314961,0.015748031496062992,0.984251968503937,4.039370078740157,127
hiba,primary,11,0.15,M3,False,0.8333333333333334,0.0,1.0,3.75,12
hiba,primary,11,0.15,B,False,0.9074074074074074,,0.8580246913580247,3.1604938271604937,162
pad,pad_only,12,0.05,M1,False,1.0,0.0,1.0,4.928571428571429,28
pad,pad_only,12,0.05,M2,False,0.9794520547945206,0.0,1.0,5.123287671232877,146
pad,pad_only,12,0.05,M3,False,0.9855072463768116,0.0,1.0,5.318840579710145,69
pad,pad_only,12,0.05,B,False,0.8888888888888888,,1.0,4.0,9
pad,primary,12,0.05,M1,False,0.9642857142857143,0.0,1.0,4.214285714285714,28
pad,primary,12,0.05,M2,False,0.9726027397260274,0.0,1.0,4.376712328767123,146
pad,primary,12,0.05,M3,False,0.9710144927536232,0.0,1.0,4.130434782608695,69
pad,primary,12,0.05,B,False,1.0,,1.0,3.6666666666666665,9
pad,pad_only,12,0.1,M1,False,1.0,0.0,1.0,3.2857142857142856,28
pad,pad_only,12,0.1,M2,False,0.952054794520548,0.0,1.0,3.0205479452054793,146
pad,pad_only,12,0.1,M3,False,0.9710144927536232,0.0,1.0,3.1739130434782608,69
pad,pad_only,12,0.1,B,False,0.8888888888888888,,0.5555555555555556,2.4444444444444446,9
pad,primary,12,0.1,M1,False,0.9642857142857143,0.0,1.0,3.4642857142857144,28
pad,primary,12,0.1,M2,False,0.9246575342465754,0.0,1.0,3.4452054794520546,146
pad,primary,12,0.1,M3,False,0.9420289855072463,0.0,1.0,3.0579710144927534,69
pad,primary,12,0.1,B,False,1.0,,1.0,3.2222222222222223,9
pad,pad_only,12,0.15,M1,False,1.0,0.0,1.0,3.0357142857142856,28
pad,pad_only,12,0.15,M2,False,0.8698630136986302,0.0,1.0,2.6027397260273974,146
pad,pad_only,12,0.15,M3,False,0.9565217391304348,0.0,1.0,2.927536231884058,69
pad,pad_only,12,0.15,B,False,0.8888888888888888,,0.5555555555555556,2.4444444444444446,9
pad,primary,12,0.15,M1,False,0.9285714285714286,0.0,1.0,3.3214285714285716,28
pad,primary,12,0.15,M2,False,0.8561643835616438,0.0,1.0,2.8904109589041096,146
pad,primary,12,0.15,M3,False,0.8840579710144928,0.0,1.0,2.753623188405797,69
pad,primary,12,0.15,B,False,0.8888888888888888,,0.7777777777777778,2.7777777777777777,9
hiba,pad_only,12,0.05,M1,False,1.0,0.0,1.0,7.533333333333333,15
hiba,pad_only,12,0.05,M2,False,0.9902912621359223,0.0,1.0,7.165048543689321,103
hiba,pad_only,12,0.05,M3,False,1.0,0.0,1.0,7.357142857142857,14
hiba,pad_only,12,0.05,B,False,0.963302752293578,,1.0,7.151376146788991,218
hiba,primary,12,0.05,M1,False,1.0,0.0,1.0,6.533333333333333,15
hiba,primary,12,0.05,M2,False,0.9611650485436893,0.0,1.0,6.679611650485437,103
hiba,primary,12,0.05,M3,False,0.9285714285714286,0.0,1.0,6.071428571428571,14
hiba,primary,12,0.05,B,False,0.9954128440366973,,1.0,5.165137614678899,218
hiba,pad_only,12,0.1,M1,False,1.0,0.0,1.0,7.4,15
hiba,pad_only,12,0.1,M2,False,0.941747572815534,0.0,1.0,6.456310679611651,103
hiba,pad_only,12,0.1,M3,False,0.9285714285714286,0.0,1.0,7.0,14
hiba,pad_only,12,0.1,B,False,0.963302752293578,,1.0,5.91743119266055,218
hiba,primary,12,0.1,M1,False,1.0,0.0,1.0,5.6,15
hiba,primary,12,0.1,M2,False,0.9223300970873787,0.009708737864077669,0.9902912621359223,5.339805825242719,103
hiba,primary,12,0.1,M3,False,0.9285714285714286,0.0,1.0,5.357142857142857,14
hiba,primary,12,0.1,B,False,0.9587155963302753,,0.9908256880733946,4.018348623853211,218
hiba,pad_only,12,0.15,M1,False,1.0,0.0,1.0,5.533333333333333,15
hiba,pad_only,12,0.15,M2,False,0.9029126213592233,0.0,1.0,4.796116504854369,103
hiba,pad_only,12,0.15,M3,False,0.8571428571428571,0.0,1.0,5.0,14
hiba,pad_only,12,0.15,B,False,0.9128440366972477,,0.981651376146789,4.206422018348624,218
hiba,primary,12,0.15,M1,False,1.0,0.0,1.0,4.266666666666667,15
hiba,primary,12,0.15,M2,False,0.8737864077669902,0.019417475728155338,0.9805825242718447,4.174757281553398,103
hiba,primary,12,0.15,M3,False,0.9285714285714286,0.0,1.0,4.571428571428571,14
hiba,primary,12,0.15,B,False,0.9403669724770642,,0.8394495412844036,2.9220183486238533,218
pad,pad_only,13,0.05,M1,False,0.8846153846153846,0.0,1.0,6.384615384615385,26
pad,pad_only,13,0.05,M2,False,0.972972972972973,0.0,1.0,6.8175675675675675,148
pad,pad_only,13,0.05,M3,False,0.9333333333333333,0.0,1.0,6.626666666666667,75
pad,pad_only,13,0.05,B,True,1.0,,1.0,5.555555555555555,27
pad,primary,13,0.05,M1,False,0.9615384615384616,0.0,1.0,7.384615384615385,26
pad,primary,13,0.05,M2,False,0.972972972972973,0.0,1.0,7.148648648648648,148
pad,primary,13,0.05,M3,False,0.9333333333333333,0.0,1.0,6.8533333333333335,75
pad,primary,13,0.05,B,True,1.0,,1.0,6.222222222222222,27
pad,pad_only,13,0.1,M1,False,0.8846153846153846,0.0,1.0,2.576923076923077,26
pad,pad_only,13,0.1,M2,False,0.918918918918919,0.0,1.0,3.0675675675675675,148
pad,pad_only,13,0.1,M3,False,0.9333333333333333,0.013333333333333334,0.9866666666666667,3.0933333333333333,75
pad,pad_only,13,0.1,B,False,0.9259259259259259,,0.8148148148148148,2.7037037037037037,27
pad,primary,13,0.1,M1,False,0.9230769230769231,0.0,1.0,4.346153846153846,26
pad,primary,13,0.1,M2,False,0.8986486486486487,0.0,1.0,3.7432432432432434,148
pad,primary,13,0.1,M3,False,0.8666666666666667,0.0,1.0,3.48,75
pad,primary,13,0.1,B,False,1.0,,0.9629629629629629,3.4814814814814814,27
pad,pad_only,13,0.15,M1,False,0.8846153846153846,0.0,1.0,2.5384615384615383,26
pad,pad_only,13,0.15,M2,False,0.8378378378378378,0.0,1.0,2.5135135135135136,148
pad,pad_only,13,0.15,M3,False,0.84,0.04,0.96,2.6533333333333333,75
pad,pad_only,13,0.15,B,False,0.9259259259259259,,0.6296296296296297,2.259259259259259,27
pad,primary,13,0.15,M1,False,0.9230769230769231,0.0,1.0,3.423076923076923,26
pad,primary,13,0.15,M2,False,0.8513513513513513,0.0,1.0,2.75,148
pad,primary,13,0.15,M3,False,0.84,0.0,1.0,2.7866666666666666,75
pad,primary,13,0.15,B,False,0.8518518518518519,,0.8888888888888888,2.7777777777777777,27
hiba,pad_only,13,0.05,M1,False,0.9166666666666666,0.0,1.0,6.25,12
hiba,pad_only,13,0.05,M2,False,0.9596774193548387,0.0,1.0,6.862903225806452,124
hiba,pad_only,13,0.05,M3,False,1.0,0.0,1.0,7.666666666666667,9
hiba,pad_only,13,0.05,B,False,0.9607843137254902,,1.0,6.490196078431373,102
hiba,primary,13,0.05,M1,False,1.0,0.0,1.0,6.25,12
hiba,primary,13,0.05,M2,False,0.967741935483871,0.0,1.0,6.741935483870968,124
hiba,primary,13,0.05,M3,False,1.0,0.0,1.0,6.666666666666667,9
hiba,primary,13,0.05,B,False,0.9803921568627451,,1.0,6.049019607843137,102
hiba,pad_only,13,0.1,M1,False,0.9166666666666666,0.0,1.0,5.666666666666667,12
hiba,pad_only,13,0.1,M2,False,0.9274193548387096,0.0,1.0,6.5,124
hiba,pad_only,13,0.1,M3,False,1.0,0.0,1.0,7.555555555555555,9
hiba,pad_only,13,0.1,B,False,0.9607843137254902,,1.0,6.049019607843137,102
hiba,primary,13,0.1,M1,False,0.75,0.0,1.0,3.75,12
hiba,primary,13,0.1,M2,False,0.9032258064516129,0.0,1.0,4.870967741935484,124
hiba,primary,13,0.1,M3,False,1.0,0.0,1.0,5.111111111111111,9
hiba,primary,13,0.1,B,False,0.9117647058823529,,0.9803921568627451,3.823529411764706,102
hiba,pad_only,13,0.15,M1,False,0.8333333333333334,0.0,1.0,4.333333333333333,12
hiba,pad_only,13,0.15,M2,False,0.8548387096774194,0.008064516129032258,0.9919354838709677,4.862903225806452,124
hiba,pad_only,13,0.15,M3,False,1.0,0.0,1.0,5.111111111111111,9
hiba,pad_only,13,0.15,B,False,0.8431372549019608,,1.0,4.3431372549019605,102
hiba,primary,13,0.15,M1,False,0.75,0.08333333333333333,0.9166666666666666,3.3333333333333335,12
hiba,primary,13,0.15,M2,False,0.8467741935483871,0.016129032258064516,0.9838709677419355,4.056451612903226,124
hiba,primary,13,0.15,M3,False,1.0,0.0,1.0,4.777777777777778,9
hiba,primary,13,0.15,B,False,0.8627450980392157,,0.9215686274509803,3.284313725490196,102
pad,pad_only,14,0.05,M1,False,1.0,0.0,1.0,3.6774193548387095,31
pad,pad_only,14,0.05,M2,False,0.9712643678160919,0.0,1.0,3.2988505747126435,174
pad,pad_only,14,0.05,M3,False,1.0,0.0,1.0,3.5072463768115942,69
pad,pad_only,14,0.05,B,False,0.9130434782608695,,0.8695652173913043,3.4347826086956523,23
pad,primary,14,0.05,M1,False,0.9032258064516129,0.0,1.0,3.774193548387097,31
pad,primary,14,0.05,M2,False,0.9482758620689655,0.0,1.0,4.063218390804598,174
pad,primary,14,0.05,M3,False,0.9855072463768116,0.0,1.0,4.333333333333333,69
pad,primary,14,0.05,B,False,1.0,,1.0,4.0,23
pad,pad_only,14,0.1,M1,False,1.0,0.0,1.0,2.870967741935484,31
pad,pad_only,14,0.1,M2,False,0.8735632183908046,0.0,1.0,2.545977011494253,174
pad,pad_only,14,0.1,M3,False,0.927536231884058,0.014492753623188406,0.9855072463768116,2.8405797101449277,69
pad,pad_only,14,0.1,B,False,0.9130434782608695,,0.8695652173913043,3.0434782608695654,23
pad,primary,14,0.1,M1,False,0.8387096774193549,0.0,1.0,2.6774193548387095,31
pad,primary,14,0.1,M2,False,0.8505747126436781,0.0,1.0,2.9310344827586206,174
pad,primary,14,0.1,M3,False,0.9565217391304348,0.0,1.0,3.217391304347826,69
pad,primary,14,0.1,B,False,0.9565217391304348,,0.9130434782608695,3.4782608695652173,23
pad,pad_only,14,0.15,M1,False,0.9354838709677419,0.0,1.0,2.6774193548387095,31
pad,pad_only,14,0.15,M2,False,0.8390804597701149,0.0,1.0,2.339080459770115,174
pad,pad_only,14,0.15,M3,False,0.855072463768116,0.043478260869565216,0.9565217391304348,2.5942028985507246,69
pad,pad_only,14,0.15,B,False,0.9130434782608695,,0.782608695652174,2.869565217391304,23
pad,primary,14,0.15,M1,False,0.7741935483870968,0.0,1.0,2.225806451612903,31
pad,primary,14,0.15,M2,False,0.8218390804597702,0.0,1.0,2.6839080459770117,174
pad,primary,14,0.15,M3,False,0.8695652173913043,0.0,1.0,2.8405797101449277,69
pad,primary,14,0.15,B,False,0.9565217391304348,,0.9130434782608695,3.217391304347826,23
hiba,pad_only,14,0.05,M1,False,0.9545454545454546,0.0,1.0,6.909090909090909,22
hiba,pad_only,14,0.05,M2,False,0.944,0.0,1.0,6.688,125
hiba,pad_only,14,0.05,M3,False,1.0,0.0,1.0,7.7272727272727275,11
hiba,pad_only,14,0.05,B,False,0.9795918367346939,,1.0,6.8061224489795915,196
hiba,primary,14,0.05,M1,False,1.0,0.0,1.0,5.5,22
hiba,primary,14,0.05,M2,False,0.952,0.0,1.0,5.824,125
hiba,primary,14,0.05,M3,False,0.9090909090909091,0.0,1.0,5.636363636363637,11
hiba,primary,14,0.05,B,False,0.9540816326530612,,1.0,4.663265306122449,196
hiba,pad_only,14,0.1,M1,False,0.8636363636363636,0.0,1.0,5.181818181818182,22
hiba,pad_only,14,0.1,M2,False,0.904,0.0,1.0,5.168,125
hiba,pad_only,14,0.1,M3,False,0.8181818181818182,0.0,1.0,4.818181818181818,11
hiba,pad_only,14,0.1,B,False,0.9132653061224489,,0.9744897959183674,4.408163265306122,196
hiba,primary,14,0.1,M1,False,0.5909090909090909,0.0,1.0,3.6363636363636362,22
hiba,primary,14,0.1,M2,False,0.92,0.016,0.984,4.76,125
hiba,primary,14,0.1,M3,False,0.8181818181818182,0.0,1.0,4.545454545454546,11
hiba,primary,14,0.1,B,False,0.9336734693877551,,0.923469387755102,3.372448979591837,196
hiba,pad_only,14,0.15,M1,False,0.8636363636363636,0.0,1.0,5.136363636363637,22
hiba,pad_only,14,0.15,M2,False,0.848,0.0,1.0,4.776,125
hiba,pad_only,14,0.15,M3,False,0.8181818181818182,0.0,1.0,4.818181818181818,11
hiba,pad_only,14,0.15,B,False,0.9132653061224489,,0.9744897959183674,4.1938775510204085,196
hiba,primary,14,0.15,M1,False,0.5454545454545454,0.13636363636363635,0.8636363636363636,2.6818181818181817,22
hiba,primary,14,0.15,M2,False,0.896,0.016,0.984,3.912,125
hiba,primary,14,0.15,M3,False,0.8181818181818182,0.0,1.0,3.0,11
hiba,primary,14,0.15,B,False,0.9030612244897959,,0.7397959183673469,2.607142857142857,196
pad,pad_only,15,0.05,M1,False,0.8666666666666667,0.0,1.0,5.533333333333333,15
pad,pad_only,15,0.05,M2,False,0.975609756097561,0.0,1.0,6.426829268292683,164
pad,pad_only,15,0.05,M3,False,0.9852941176470589,0.0,1.0,6.514705882352941,68
pad,pad_only,15,0.05,B,False,1.0,,1.0,5.45,20
pad,primary,15,0.05,M1,False,0.9333333333333333,0.0,1.0,4.133333333333334,15
pad,primary,15,0.05,M2,False,0.9451219512195121,0.0,1.0,4.146341463414634,164
pad,primary,15,0.05,M3,False,0.9117647058823529,0.0,1.0,3.6323529411764706,68
pad,primary,15,0.05,B,False,1.0,,1.0,4.1,20
pad,pad_only,15,0.1,M1,False,0.8666666666666667,0.0,1.0,2.1333333333333333,15
pad,pad_only,15,0.1,M2,False,0.926829268292683,0.0,1.0,3.1951219512195124,164
pad,pad_only,15,0.1,M3,False,0.9705882352941176,0.0,1.0,3.1176470588235294,68
pad,pad_only,15,0.1,B,False,0.95,,0.85,2.85,20
pad,primary,15,0.1,M1,False,0.8666666666666667,0.0,1.0,2.933333333333333,15
pad,primary,15,0.1,M2,False,0.9085365853658537,0.0,1.0,3.1463414634146343,164
pad,primary,15,0.1,M3,False,0.7941176470588235,0.0,1.0,2.661764705882353,68
pad,primary,15,0.1,B,False,0.75,,0.95,2.5,20
pad,pad_only,15,0.15,M1,False,0.8666666666666667,0.0,1.0,2.0,15
pad,pad_only,15,0.15,M2,False,0.8597560975609756,0.0,1.0,2.725609756097561,164
pad,pad_only,15,0.15,M3,False,0.9264705882352942,0.0,1.0,2.6176470588235294,68
pad,pad_only,15,0.15,B,False,0.95,,0.65,2.45,20
pad,primary,15,0.15,M1,False,0.7333333333333333,0.0,1.0,2.4,15
pad,primary,15,0.15,M2,False,0.8597560975609756,0.0,1.0,2.7621951219512195,164
pad,primary,15,0.15,M3,False,0.7205882352941176,0.0,1.0,2.3970588235294117,68
pad,primary,15,0.15,B,False,0.75,,0.9,2.3,20
hiba,pad_only,15,0.05,M1,False,1.0,0.0,1.0,7.25,20
hiba,pad_only,15,0.05,M2,False,0.968503937007874,0.0,1.0,7.141732283464567,127
hiba,pad_only,15,0.05,M3,False,1.0,0.0,1.0,7.25,16
hiba,pad_only,15,0.05,B,False,0.9435483870967742,,1.0,7.040322580645161,124
hiba,primary,15,0.05,M1,False,1.0,0.0,1.0,6.65,20
hiba,primary,15,0.05,M2,False,0.968503937007874,0.0,1.0,6.425196850393701,127
hiba,primary,15,0.05,M3,False,1.0,0.0,1.0,6.5,16
hiba,primary,15,0.05,B,False,0.9758064516129032,,1.0,5.870967741935484,124
hiba,pad_only,15,0.1,M1,False,1.0,0.0,1.0,7.25,20
hiba,pad_only,15,0.1,M2,False,0.889763779527559,0.0,1.0,6.425196850393701,127
hiba,pad_only,15,0.1,M3,False,1.0,0.0,1.0,7.0,16
hiba,pad_only,15,0.1,B,False,0.9435483870967742,,1.0,6.104838709677419,124
hiba,primary,15,0.1,M1,False,0.9,0.0,1.0,4.1,20
hiba,primary,15,0.1,M2,False,0.937007874015748,0.023622047244094488,0.9763779527559056,4.692913385826771,127
hiba,primary,15,0.1,M3,False,1.0,0.0,1.0,4.75,16
hiba,primary,15,0.1,B,False,0.9435483870967742,,0.9838709677419355,3.774193548387097,124
hiba,pad_only,15,0.15,M1,False,0.9,0.0,1.0,4.85,20
hiba,pad_only,15,0.15,M2,False,0.8267716535433071,0.007874015748031496,0.9921259842519685,4.881889763779528,127
hiba,pad_only,15,0.15,M3,False,1.0,0.0,1.0,5.375,16
hiba,pad_only,15,0.15,B,False,0.8951612903225806,,1.0,4.491935483870968,124
hiba,primary,15,0.15,M1,False,0.75,0.0,1.0,3.2,20
hiba,primary,15,0.15,M2,False,0.8740157480314961,0.03937007874015748,0.9606299212598425,3.6929133858267718,127
hiba,primary,15,0.15,M3,False,1.0,0.0,1.0,4.375,16
hiba,primary,15,0.15,B,False,0.8790322580645161,,0.9032258064516129,2.9193548387096775,124
pad,pad_only,16,0.05,M1,False,1.0,0.0,1.0,7.2272727272727275,22
pad,pad_only,16,0.05,M2,False,0.9507042253521126,0.0,1.0,6.753521126760563,142
pad,pad_only,16,0.05,M3,False,1.0,0.0,1.0,6.737704918032787,61
pad,pad_only,16,0.05,B,True,1.0,,1.0,6.0,26
pad,primary,16,0.05,M1,False,1.0,0.0,1.0,7.545454545454546,22
pad,primary,16,0.05,M2,False,0.9295774647887324,0.0,1.0,6.852112676056338,142
pad,primary,16,0.05,M3,False,0.9836065573770492,0.0,1.0,7.147540983606557,61
pad,primary,16,0.05,B,True,1.0,,1.0,6.153846153846154,26
pad,pad_only,16,0.1,M1,False,1.0,0.0,1.0,4.909090909090909,22
pad,pad_only,16,0.1,M2,False,0.8943661971830986,0.02112676056338028,0.9788732394366197,4.401408450704225,142
pad,pad_only,16,0.1,M3,False,0.9344262295081968,0.0,1.0,4.721311475409836,61
pad,pad_only,16,0.1,B,False,0.9615384615384616,,1.0,3.769230769230769,26
pad,primary,16,0.1,M1,False,1.0,0.0,1.0,4.5,22
pad,primary,16,0.1,M2,False,0.8873239436619719,0.0,1.0,3.732394366197183,142
pad,primary,16,0.1,M3,False,0.9344262295081968,0.0,1.0,3.6885245901639343,61
pad,primary,16,0.1,B,False,0.9615384615384616,,1.0,3.6538461538461537,26
pad,pad_only,16,0.15,M1,False,1.0,0.0,1.0,2.8636363636363638,22
pad,pad_only,16,0.15,M2,False,0.7887323943661971,0.0,1.0,2.352112676056338,142
pad,pad_only,16,0.15,M3,False,0.8852459016393442,0.01639344262295082,0.9836065573770492,2.3934426229508197,61
pad,pad_only,16,0.15,B,False,0.7307692307692307,,0.8846153846153846,2.3461538461538463,26
pad,primary,16,0.15,M1,False,0.9545454545454546,0.0,1.0,3.4545454545454546,22
pad,primary,16,0.15,M2,False,0.8380281690140845,0.0,1.0,2.788732394366197,142
pad,primary,16,0.15,M3,False,0.9344262295081968,0.01639344262295082,0.9836065573770492,3.0,61
pad,primary,16,0.15,B,False,0.7307692307692307,,1.0,2.8076923076923075,26
hiba,pad_only,16,0.05,M1,False,1.0,0.0,1.0,7.5,22
hiba,pad_only,16,0.05,M2,False,0.9448818897637795,0.0,1.0,6.700787401574803,127
hiba,pad_only,16,0.05,M3,False,1.0,0.0,1.0,7.4,10
hiba,pad_only,16,0.05,B,False,0.9768518518518519,,1.0,6.689814814814815,216
hiba,primary,16,0.05,M1,False,1.0,0.0,1.0,6.2272727272727275,22
hiba,primary,16,0.05,M2,False,0.8503937007874016,0.0,1.0,5.881889763779528,127
hiba,primary,16,0.05,M3,False,1.0,0.0,1.0,6.5,10
hiba,primary,16,0.05,B,False,0.9722222222222222,,1.0,5.055555555555555,216
hiba,pad_only,16,0.1,M1,False,1.0,0.0,1.0,7.454545454545454,22
hiba,pad_only,16,0.1,M2,False,0.8976377952755905,0.0,1.0,6.299212598425197,127
hiba,pad_only,16,0.1,M3,False,1.0,0.0,1.0,7.1,10
hiba,pad_only,16,0.1,B,False,0.9768518518518519,,1.0,6.347222222222222,216
hiba,primary,16,0.1,M1,False,1.0,0.0,1.0,5.0,22
hiba,primary,16,0.1,M2,False,0.8267716535433071,0.007874015748031496,0.9921259842519685,4.275590551181103,127
hiba,primary,16,0.1,M3,False,1.0,0.0,1.0,5.0,10
hiba,primary,16,0.1,B,False,0.9398148148148148,,0.9212962962962963,3.2083333333333335,216
hiba,pad_only,16,0.15,M1,False,0.9545454545454546,0.0,1.0,5.045454545454546,22
hiba,pad_only,16,0.15,M2,False,0.8582677165354331,0.0,1.0,4.78740157480315,127
hiba,pad_only,16,0.15,M3,False,1.0,0.0,1.0,4.5,10
hiba,pad_only,16,0.15,B,False,0.9305555555555556,,0.9768518518518519,4.231481481481482,216
hiba,primary,16,0.15,M1,False,1.0,0.0,1.0,4.363636363636363,22
hiba,primary,16,0.15,M2,False,0.7322834645669292,0.031496062992125984,0.968503937007874,3.716535433070866,127
hiba,primary,16,0.15,M3,False,1.0,0.0,1.0,4.3,10
hiba,primary,16,0.15,B,False,0.9305555555555556,,0.8379629629629629,2.7037037037037037,216
pad,pad_only,17,0.05,M1,False,0.7857142857142857,0.03571428571428571,0.9642857142857143,4.392857142857143,28
pad,pad_only,17,0.05,M2,False,0.9803921568627451,0.0,1.0,4.973856209150327,153
pad,pad_only,17,0.05,M3,False,1.0,0.0,1.0,4.9411764705882355,68
pad,pad_only,17,0.05,B,False,0.9545454545454546,,1.0,4.409090909090909,22
pad,primary,17,0.05,M1,False,1.0,0.0,1.0,4.214285714285714,28
pad,primary,17,0.05,M2,False,0.9150326797385621,0.0,1.0,3.8758169934640523,153
pad,primary,17,0.05,M3,False,1.0,0.0,1.0,4.735294117647059,68
pad,primary,17,0.05,B,False,1.0,,1.0,4.590909090909091,22
pad,pad_only,17,0.1,M1,False,0.75,0.0,1.0,2.5714285714285716,28
pad,pad_only,17,0.1,M2,False,0.9477124183006536,0.0,1.0,2.9673202614379086,153
pad,pad_only,17,0.1,M3,False,1.0,0.0,1.0,3.088235294117647,68
pad,pad_only,17,0.1,B,False,0.9090909090909091,,0.8181818181818182,3.0454545454545454,22
pad,primary,17,0.1,M1,False,1.0,0.0,1.0,4.142857142857143,28
pad,primary,17,0.1,M2,False,0.8758169934640523,0.0,1.0,3.5163398692810457,153
pad,primary,17,0.1,M3,False,0.9852941176470589,0.0,1.0,3.985294117647059,68
pad,primary,17,0.1,B,False,1.0,,1.0,4.045454545454546,22
pad,pad_only,17,0.15,M1,False,0.7142857142857143,0.0,1.0,2.392857142857143,28
pad,pad_only,17,0.15,M2,False,0.8366013071895425,0.0,1.0,2.34640522875817,153
pad,pad_only,17,0.15,M3,False,0.9264705882352942,0.0,1.0,2.661764705882353,68
pad,pad_only,17,0.15,B,False,0.8181818181818182,,0.8181818181818182,2.727272727272727,22
pad,primary,17,0.15,M1,False,1.0,0.0,1.0,3.5714285714285716,28
pad,primary,17,0.15,M2,False,0.8366013071895425,0.0,1.0,2.633986928104575,153
pad,primary,17,0.15,M3,False,0.9705882352941176,0.0,1.0,3.161764705882353,68
pad,primary,17,0.15,B,False,0.8636363636363636,,0.9545454545454546,3.4545454545454546,22
hiba,pad_only,17,0.05,M1,False,0.9375,0.0,1.0,7.5,16
hiba,pad_only,17,0.05,M2,False,0.9469026548672567,0.0,1.0,7.336283185840708,113
hiba,pad_only,17,0.05,M3,False,1.0,0.0,1.0,7.75,12
hiba,pad_only,17,0.05,B,False,1.0,,1.0,7.218543046357616,302
hiba,primary,17,0.05,M1,False,1.0,0.0,1.0,6.625,16
hiba,primary,17,0.05,M2,False,0.9734513274336283,0.0,1.0,6.761061946902655,113
hiba,primary,17,0.05,M3,False,1.0,0.0,1.0,6.833333333333333,12
hiba,primary,17,0.05,B,False,0.9933774834437086,,1.0,5.625827814569536,302
hiba,pad_only,17,0.1,M1,False,0.875,0.0,1.0,5.25,16
hiba,pad_only,17,0.1,M2,False,0.9026548672566371,0.0,1.0,6.513274336283186,113
hiba,pad_only,17,0.1,M3,False,1.0,0.0,1.0,7.25,12
hiba,pad_only,17,0.1,B,False,0.9933774834437086,,1.0,6.354304635761589,302
hiba,primary,17,0.1,M1,False,0.875,0.0,1.0,5.125,16
hiba,primary,17,0.1,M2,False,0.9469026548672567,0.0,1.0,5.557522123893805,113
hiba,primary,17,0.1,M3,False,1.0,0.0,1.0,5.666666666666667,12
hiba,primary,17,0.1,B,False,0.9900662251655629,,0.9966887417218543,4.162251655629139,302
hiba,pad_only,17,0.15,M1,False,0.875,0.0,1.0,5.25,16
hiba,pad_only,17,0.15,M2,False,0.8407079646017699,0.0,1.0,5.991150442477876,113
hiba,pad_only,17,0.15,M3,False,1.0,0.0,1.0,7.083333333333333,12
hiba,pad_only,17,0.15,B,False,0.9933774834437086,,1.0,5.817880794701987,302
hiba,primary,17,0.15,M1,False,0.875,0.0,1.0,4.5625,16
hiba,primary,17,0.15,M2,False,0.9292035398230089,0.0,1.0,4.469026548672566,113
hiba,primary,17,0.15,M3,False,1.0,0.0,1.0,5.0,12
hiba,primary,17,0.15,B,False,0.9768211920529801,,0.9238410596026491,3.2086092715231787,302
pad,pad_only,18,0.05,M1,False,1.0,0.0,1.0,5.571428571428571,21
pad,pad_only,18,0.05,M2,False,0.9421965317919075,0.005780346820809248,0.9942196531791907,4.7398843930635834,173
pad,pad_only,18,0.05,M3,False,1.0,0.0,1.0,5.375,56
pad,pad_only,18,0.05,B,False,0.9444444444444444,,1.0,4.388888888888889,18
pad,primary,18,0.05,M1,False,1.0,0.0,1.0,4.380952380952381,21
pad,primary,18,0.05,M2,False,0.9364161849710982,0.0,1.0,3.9421965317919074,173
pad,primary,18,0.05,M3,False,0.9642857142857143,0.0,1.0,4.017857142857143,56
pad,primary,18,0.05,B,False,0.9444444444444444,,0.9444444444444444,3.5555555555555554,18
pad,pad_only,18,0.1,M1,False,1.0,0.0,1.0,3.142857142857143,21
pad,pad_only,18,0.1,M2,False,0.8670520231213873,0.0,1.0,2.5895953757225434,173
pad,pad_only,18,0.1,M3,False,0.9464285714285714,0.017857142857142856,0.9821428571428571,2.9464285714285716,56
pad,pad_only,18,0.1,B,False,0.7777777777777778,,0.7777777777777778,2.5,18
pad,primary,18,0.1,M1,False,1.0,0.0,1.0,3.7142857142857144,21
pad,primary,18,0.1,M2,False,0.8959537572254336,0.0,1.0,3.1271676300578033,173
pad,primary,18,0.1,M3,False,0.9285714285714286,0.0,1.0,3.0357142857142856,56
pad,primary,18,0.1,B,False,0.9444444444444444,,0.9444444444444444,3.2222222222222223,18
pad,pad_only,18,0.15,M1,False,0.9523809523809523,0.0,1.0,2.7142857142857144,21
pad,pad_only,18,0.15,M2,False,0.791907514450867,0.0,1.0,2.2658959537572256,173
pad,pad_only,18,0.15,M3,False,0.8928571428571429,0.017857142857142856,0.9821428571428571,2.5,56
pad,pad_only,18,0.15,B,False,0.7222222222222222,,0.8333333333333334,2.4444444444444446,18
pad,primary,18,0.15,M1,False,0.8571428571428571,0.0,1.0,2.6666666666666665,21
pad,primary,18,0.15,M2,False,0.8439306358381503,0.0,1.0,2.7514450867052025,173
pad,primary,18,0.15,M3,False,0.9107142857142857,0.0,1.0,2.857142857142857,56
pad,primary,18,0.15,B,False,0.8888888888888888,,0.9444444444444444,2.8333333333333335,18
hiba,pad_only,18,0.05,M1,False,1.0,0.0,1.0,7.5,22
hiba,pad_only,18,0.05,M2,False,0.96,0.0,1.0,7.072,125
hiba,pad_only,18,0.05,M3,False,1.0,0.0,1.0,7.454545454545454,11
hiba,pad_only,18,0.05,B,False,0.9947089947089947,,1.0,6.71957671957672,189
hiba,primary,18,0.05,M1,False,1.0,0.0,1.0,6.090909090909091,22
hiba,primary,18,0.05,M2,False,0.976,0.0,1.0,6.32,125
hiba,primary,18,0.05,M3,False,1.0,0.0,1.0,6.454545454545454,11
hiba,primary,18,0.05,B,False,0.9735449735449735,,1.0,5.349206349206349,189
hiba,pad_only,18,0.1,M1,False,1.0,0.0,1.0,7.454545454545454,22
hiba,pad_only,18,0.1,M2,False,0.912,0.0,1.0,6.504,125
hiba,pad_only,18,0.1,M3,False,1.0,0.0,1.0,7.2727272727272725,11
hiba,pad_only,18,0.1,B,False,0.9947089947089947,,1.0,6.158730158730159,189
hiba,primary,18,0.1,M1,False,0.9090909090909091,0.0,1.0,4.136363636363637,22
hiba,primary,18,0.1,M2,False,0.928,0.008,0.992,4.56,125
hiba,primary,18,0.1,M3,False,1.0,0.0,1.0,5.090909090909091,11
hiba,primary,18,0.1,B,False,0.9629629629629629,,0.9312169312169312,3.5555555555555554,189
hiba,pad_only,18,0.15,M1,False,0.9090909090909091,0.0,1.0,5.090909090909091,22
hiba,pad_only,18,0.15,M2,False,0.856,0.008,0.992,4.8,125
hiba,pad_only,18,0.15,M3,False,0.8181818181818182,0.0,1.0,4.636363636363637,11
hiba,pad_only,18,0.15,B,False,0.9259259259259259,,0.9894179894179894,4.126984126984127,189
hiba,primary,18,0.15,M1,False,0.8181818181818182,0.045454545454545456,0.9545454545454546,3.5,22
hiba,primary,18,0.15,M2,False,0.912,0.008,0.992,3.656,125
hiba,primary,18,0.15,M3,False,0.8181818181818182,0.0,1.0,3.8181818181818183,11
hiba,primary,18,0.15,B,False,0.8994708994708994,,0.7724867724867724,2.5978835978835977,189
pad,pad_only,19,0.05,M1,False,1.0,0.0,1.0,6.45,20
pad,pad_only,19,0.05,M2,False,0.9645390070921985,0.0,1.0,6.2695035460992905,141
pad,pad_only,19,0.05,M3,False,0.8765432098765432,0.0,1.0,6.08641975308642,81
pad,pad_only,19,0.05,B,False,1.0,,1.0,5.181818181818182,22
pad,primary,19,0.05,M1,False,1.0,0.0,1.0,4.6,20
pad,primary,19,0.05,M2,False,0.9432624113475178,0.0,1.0,4.042553191489362,141
pad,primary,19,0.05,M3,False,0.9629629629629629,0.0,1.0,3.9135802469135803,81
pad,primary,19,0.05,B,False,0.9545454545454546,,1.0,3.8181818181818183,22
pad,pad_only,19,0.1,M1,False,0.95,0.0,1.0,4.8,20
pad,pad_only,19,0.1,M2,False,0.8439716312056738,0.028368794326241134,0.9716312056737588,4.319148936170213,141
pad,pad_only,19,0.1,M3,False,0.8518518518518519,0.024691358024691357,0.9753086419753086,4.691358024691358,81
pad,pad_only,19,0.1,B,False,1.0,,1.0,3.1363636363636362,22
pad,primary,19,0.1,M1,False,0.95,0.0,1.0,3.75,20
pad,primary,19,0.1,M2,False,0.851063829787234,0.0,1.0,3.0425531914893615,141
pad,primary,19,0.1,M3,False,0.9135802469135802,0.0,1.0,3.197530864197531,81
pad,primary,19,0.1,B,False,0.9090909090909091,,0.9545454545454546,3.090909090909091,22
pad,pad_only,19,0.15,M1,False,0.95,0.0,1.0,2.8,20
pad,pad_only,19,0.15,M2,False,0.7801418439716312,0.0,1.0,2.3120567375886525,141
pad,pad_only,19,0.15,M3,False,0.8271604938271605,0.0,1.0,2.5925925925925926,81
pad,pad_only,19,0.15,B,False,0.9090909090909091,,0.5454545454545454,2.0,22
pad,primary,19,0.15,M1,False,0.95,0.0,1.0,3.55,20
pad,primary,19,0.15,M2,False,0.7730496453900709,0.0,1.0,2.6595744680851063,141
pad,primary,19,0.15,M3,False,0.8395061728395061,0.0,1.0,2.8518518518518516,81
pad,primary,19,0.15,B,False,0.9090909090909091,,0.8636363636363636,2.590909090909091,22
hiba,pad_only,19,0.05,M1,False,1.0,0.0,1.0,8.0,15
hiba,pad_only,19,0.05,M2,False,0.9652173913043478,0.0,1.0,7.4,115
hiba,pad_only,19,0.05,M3,False,1.0,0.0,1.0,8.0,8
hiba,pad_only,19,0.05,B,False,1.0,,1.0,6.764705882352941,136
hiba,primary,19,0.05,M1,False,0.8,0.0,1.0,5.2,15
hiba,primary,19,0.05,M2,False,0.9652173913043478,0.0,1.0,6.643478260869565,115
hiba,primary,19,0.05,M3,False,1.0,0.0,1.0,6.875,8
hiba,primary,19,0.05,B,False,0.9779411764705882,,1.0,5.5,136
hiba,pad_only,19,0.1,M1,False,0.7333333333333333,0.0,1.0,5.866666666666666,15
hiba,pad_only,19,0.1,M2,False,0.8956521739130435,0.0,1.0,6.217391304347826,115
hiba,pad_only,19,0.1,M3,False,1.0,0.0,1.0,7.125,8
hiba,pad_only,19,0.1,B,False,0.9852941176470589,,1.0,5.654411764705882,136
hiba,primary,19,0.1,M1,False,0.8,0.0,1.0,3.933333333333333,15
hiba,primary,19,0.1,M2,False,0.9130434782608695,0.008695652173913044,0.991304347826087,4.808695652173913,115
hiba,primary,19,0.1,M3,False,1.0,0.0,1.0,5.0,8
hiba,primary,19,0.1,B,False,0.9485294117647058,,0.9558823529411765,3.6470588235294117,136
hiba,pad_only,19,0.15,M1,False,0.6666666666666666,0.0,1.0,4.333333333333333,15
hiba,pad_only,19,0.15,M2,False,0.8260869565217391,0.0,1.0,4.747826086956522,115
hiba,pad_only,19,0.15,M3,False,1.0,0.0,1.0,5.375,8
hiba,pad_only,19,0.15,B,False,0.9044117647058824,,1.0,4.1911764705882355,136
hiba,primary,19,0.15,M1,False,0.8,0.0,1.0,3.533333333333333,15
hiba,primary,19,0.15,M2,False,0.8608695652173913,0.02608695652173913,0.9739130434782609,4.060869565217391,115
hiba,primary,19,0.15,M3,False,1.0,0.0,1.0,4.125,8
hiba,primary,19,0.15,B,False,0.9338235294117647,,0.8970588235294118,3.0294117647058822,136
pad,pad_only,20,0.05,M1,False,0.9285714285714286,0.0,1.0,5.785714285714286,28
pad,pad_only,20,0.05,M2,False,0.8765432098765432,0.0,1.0,5.888888888888889,162
pad,pad_only,20,0.05,M3,False,0.9464285714285714,0.0,1.0,6.160714285714286,56
pad,pad_only,20,0.05,B,False,1.0,,1.0,4.882352941176471,17
pad,primary,20,0.05,M1,False,0.9642857142857143,0.0,1.0,4.214285714285714,28
pad,primary,20,0.05,M2,False,0.9444444444444444,0.0,1.0,3.8271604938271606,162
pad,primary,20,0.05,M3,False,1.0,0.0,1.0,4.375,56
pad,primary,20,0.05,B,False,0.9411764705882353,,1.0,3.588235294117647,17
pad,pad_only,20,0.1,M1,False,0.8928571428571429,0.0,1.0,4.178571428571429,28
pad,pad_only,20,0.1,M2,False,0.8024691358024691,0.030864197530864196,0.9691358024691358,4.302469135802469,162
pad,pad_only,20,0.1,M3,False,0.875,0.03571428571428571,0.9642857142857143,4.589285714285714,56
pad,pad_only,20,0.1,B,False,1.0,,1.0,4.0,17
pad,primary,20,0.1,M1,False,0.8571428571428571,0.0,1.0,3.142857142857143,28
pad,primary,20,0.1,M2,False,0.9444444444444444,0.0,1.0,3.2098765432098766,162
pad,primary,20,0.1,M3,False,0.9821428571428571,0.0,1.0,3.4107142857142856,56
pad,primary,20,0.1,B,False,0.8823529411764706,,1.0,3.176470588235294,17
pad,pad_only,20,0.15,M1,False,0.8928571428571429,0.0,1.0,2.392857142857143,28
pad,pad_only,20,0.15,M2,False,0.7901234567901234,0.0,1.0,2.197530864197531,162
pad,pad_only,20,0.15,M3,False,0.7857142857142857,0.0,1.0,2.3035714285714284,56
pad,pad_only,20,0.15,B,False,0.6470588235294118,,0.5882352941176471,1.411764705882353,17
pad,primary,20,0.15,M1,False,0.8571428571428571,0.0,1.0,2.8214285714285716,28
pad,primary,20,0.15,M2,False,0.8888888888888888,0.0,1.0,2.814814814814815,162
pad,primary,20,0.15,M3,False,0.9642857142857143,0.0,1.0,3.142857142857143,56
pad,primary,20,0.15,B,False,0.8235294117647058,,1.0,2.588235294117647,17
hiba,pad_only,20,0.05,M1,False,1.0,0.0,1.0,6.375,8
hiba,pad_only,20,0.05,M2,False,0.96,0.0,1.0,6.92,125
hiba,pad_only,20,0.05,M3,False,1.0,0.0,1.0,7.0,9
hiba,pad_only,20,0.05,B,False,0.984375,,1.0,6.588541666666667,192
hiba,primary,20,0.05,M1,False,1.0,0.0,1.0,6.75,8
hiba,primary,20,0.05,M2,False,0.984,0.0,1.0,6.84,125
hiba,primary,20,0.05,M3,False,1.0,0.0,1.0,6.777777777777778,9
hiba,primary,20,0.05,B,False,0.984375,,1.0,6.192708333333333,192
hiba,pad_only,20,0.1,M1,False,1.0,0.0,1.0,5.0,8
hiba,pad_only,20,0.1,M2,False,0.928,0.0,1.0,6.68,125
hiba,pad_only,20,0.1,M3,False,1.0,0.0,1.0,6.777777777777778,9
hiba,pad_only,20,0.1,B,False,0.984375,,1.0,6.09375,192
hiba,primary,20,0.1,M1,False,0.75,0.0,1.0,5.0,8
hiba,primary,20,0.1,M2,False,0.944,0.008,0.992,5.256,125
hiba,primary,20,0.1,M3,False,1.0,0.0,1.0,5.333333333333333,9
hiba,primary,20,0.1,B,False,0.9635416666666666,,0.9947916666666666,4.182291666666667,192
hiba,pad_only,20,0.15,M1,False,1.0,0.0,1.0,4.625,8
hiba,pad_only,20,0.15,M2,False,0.896,0.008,0.992,5.216,125
hiba,pad_only,20,0.15,M3,False,1.0,0.0,1.0,5.666666666666667,9
hiba,pad_only,20,0.15,B,False,0.9479166666666666,,1.0,4.729166666666667,192
hiba,primary,20,0.15,M1,False,0.75,0.0,1.0,4.375,8
hiba,primary,20,0.15,M2,False,0.904,0.016,0.984,4.08,125
hiba,primary,20,0.15,M3,False,1.0,0.0,1.0,4.222222222222222,9
hiba,primary,20,0.15,B,False,0.9114583333333334,,0.9010416666666666,2.9947916666666665,192
pad,pad_only,21,0.05,M1,False,0.9666666666666667,0.0,1.0,6.0,30
pad,pad_only,21,0.05,M2,False,0.9635036496350365,0.0,1.0,6.175182481751825,137
pad,pad_only,21,0.05,M3,False,0.8767123287671232,0.0,1.0,6.027397260273973,73
pad,pad_only,21,0.05,B,False,1.0,,1.0,5.529411764705882,17
pad,primary,21,0.05,M1,False,0.9666666666666667,0.0,1.0,4.2,30
pad,primary,21,0.05,M2,False,0.9124087591240876,0.0,1.0,4.0510948905109485,137
pad,primary,21,0.05,M3,False,0.9178082191780822,0.0,1.0,3.493150684931507,73
pad,primary,21,0.05,B,False,1.0,,0.9411764705882353,4.0588235294117645,17
pad,pad_only,21,0.1,M1,False,0.9333333333333333,0.0,1.0,4.4,30
pad,pad_only,21,0.1,M2,False,0.9197080291970803,0.014598540145985401,0.9854014598540146,4.759124087591241,137
pad,pad_only,21,0.1,M3,False,0.8493150684931506,0.0273972602739726,0.9726027397260274,4.36986301369863,73
pad,pad_only,21,0.1,B,False,1.0,,1.0,3.4705882352941178,17
pad,primary,21,0.1,M1,False,0.9666666666666667,0.0,1.0,4.1,30
pad,primary,21,0.1,M2,False,0.8832116788321168,0.0,1.0,3.72992700729927,137
pad,primary,21,0.1,M3,False,0.9041095890410958,0.0,1.0,3.26027397260274,73
pad,primary,21,0.1,B,False,1.0,,0.9411764705882353,3.6470588235294117,17
pad,pad_only,21,0.15,M1,False,0.7666666666666667,0.0,1.0,2.533333333333333,30
pad,pad_only,21,0.15,M2,False,0.8905109489051095,0.0,1.0,2.7153284671532845,137
pad,pad_only,21,0.15,M3,False,0.7945205479452054,0.0273972602739726,0.9726027397260274,2.3972602739726026,73
pad,pad_only,21,0.15,B,False,0.9411764705882353,,0.7647058823529411,2.5294117647058822,17
pad,primary,21,0.15,M1,False,0.9333333333333333,0.0,1.0,3.466666666666667,30
pad,primary,21,0.15,M2,False,0.8613138686131386,0.0,1.0,2.948905109489051,137
pad,primary,21,0.15,M3,False,0.8356164383561644,0.0,1.0,2.547945205479452,73
pad,primary,21,0.15,B,False,1.0,,0.9411764705882353,3.3529411764705883,17
hiba,pad_only,21,0.05,M1,False,0.9375,0.0,1.0,7.25,16
hiba,pad_only,21,0.05,M2,False,0.9663865546218487,0.0,1.0,6.890756302521009,119
hiba,pad_only,21,0.05,M3,False,1.0,0.0,1.0,7.333333333333333,18
hiba,pad_only,21,0.05,B,False,0.9666666666666667,,1.0,7.058333333333334,120
hiba,primary,21,0.05,M1,False,1.0,0.0,1.0,5.8125,16
hiba,primary,21,0.05,M2,False,0.9747899159663865,0.0,1.0,6.53781512605042,119
hiba,primary,21,0.05,M3,False,1.0,0.0,1.0,6.388888888888889,18
hiba,primary,21,0.05,B,False,0.95,,1.0,5.666666666666667,120
hiba,pad_only,21,0.1,M1,False,0.75,0.0,1.0,5.875,16
hiba,pad_only,21,0.1,M2,False,0.9495798319327731,0.0,1.0,6.554621848739496,119
hiba,pad_only,21,0.1,M3,False,1.0,0.0,1.0,7.111111111111111,18
hiba,pad_only,21,0.1,B,False,0.9666666666666667,,1.0,6.125,120
hiba,primary,21,0.1,M1,False,0.875,0.0,1.0,4.375,16
hiba,primary,21,0.1,M2,False,0.9411764705882353,0.01680672268907563,0.9831932773109243,4.638655462184874,119
hiba,primary,21,0.1,M3,False,1.0,0.0,1.0,4.611111111111111,18
hiba,primary,21,0.1,B,False,0.875,,0.925,3.5833333333333335,120
hiba,pad_only,21,0.15,M1,False,0.75,0.0625,0.9375,4.6875,16
hiba,pad_only,21,0.15,M2,False,0.9159663865546218,0.0,1.0,5.092436974789916,119
hiba,pad_only,21,0.15,M3,False,0.8333333333333334,0.0,1.0,4.944444444444445,18
hiba,pad_only,21,0.15,B,False,0.9,,0.9916666666666667,4.525,120
hiba,primary,21,0.15,M1,False,0.75,0.0,1.0,3.6875,16
hiba,primary,21,0.15,M2,False,0.8487394957983193,0.025210084033613446,0.9747899159663865,3.722689075630252,119
hiba,primary,21,0.15,M3,False,0.9444444444444444,0.0,1.0,3.8333333333333335,18
hiba,primary,21,0.15,B,False,0.85,,0.825,2.841666666666667,120
pad,pad_only,22,0.05,M1,False,1.0,0.0,1.0,6.684210526315789,38
pad,pad_only,22,0.05,M2,False,0.9300699300699301,0.0,1.0,5.804195804195804,143
pad,pad_only,22,0.05,M3,False,0.935064935064935,0.0,1.0,6.142857142857143,77
pad,pad_only,22,0.05,B,False,1.0,,1.0,4.882352941176471,17
pad,primary,22,0.05,M1,False,1.0,0.0,1.0,3.710526315789474,38
pad,primary,22,0.05,M2,False,0.958041958041958,0.0,1.0,3.3286713286713288,143
pad,primary,22,0.05,M3,False,0.922077922077922,0.0,1.0,3.168831168831169,77
pad,primary,22,0.05,B,False,0.7647058823529411,,1.0,3.235294117647059,17
pad,pad_only,22,0.1,M1,False,0.9473684210526315,0.0,1.0,3.289473684210526,38
pad,pad_only,22,0.1,M2,False,0.8671328671328671,0.0,1.0,2.6713286713286712,143
pad,pad_only,22,0.1,M3,False,0.8831168831168831,0.012987012987012988,0.987012987012987,2.948051948051948,77
pad,pad_only,22,0.1,B,False,0.9411764705882353,,0.7647058823529411,2.764705882352941,17
pad,primary,22,0.1,M1,False,1.0,0.0,1.0,3.6315789473684212,38
pad,primary,22,0.1,M2,False,0.9020979020979021,0.0,1.0,2.937062937062937,143
pad,primary,22,0.1,M3,False,0.8441558441558441,0.0,1.0,2.7142857142857144,77
pad,primary,22,0.1,B,False,0.7647058823529411,,0.9411764705882353,3.0588235294117645,17
pad,pad_only,22,0.15,M1,False,0.868421052631579,0.0,1.0,2.8684210526315788,38
pad,pad_only,22,0.15,M2,False,0.7762237762237763,0.0,1.0,2.076923076923077,143
pad,pad_only,22,0.15,M3,False,0.8701298701298701,0.012987012987012988,0.987012987012987,2.5974025974025974,77
pad,pad_only,22,0.15,B,False,0.7058823529411765,,0.9411764705882353,2.235294117647059,17
pad,primary,22,0.15,M1,False,1.0,0.0,1.0,3.5789473684210527,38
pad,primary,22,0.15,M2,False,0.8041958041958042,0.0,1.0,2.5174825174825175,143
pad,primary,22,0.15,M3,False,0.8311688311688312,0.0,1.0,2.6103896103896105,77
pad,primary,22,0.15,B,False,0.7647058823529411,,0.9411764705882353,2.764705882352941,17
hiba,pad_only,22,0.05,M1,False,1.0,0.0,1.0,7.05,20
hiba,pad_only,22,0.05,M2,False,0.9646017699115044,0.0,1.0,6.8584070796460175,113
hiba,pad_only,22,0.05,M3,False,1.0,0.0,1.0,7.833333333333333,18
hiba,pad_only,22,0.05,B,False,0.9782608695652174,,1.0,6.521739130434782,184
hiba,primary,22,0.05,M1,False,1.0,0.0,1.0,6.35,20
hiba,primary,22,0.05,M2,False,0.9380530973451328,0.0,1.0,6.672566371681416,113
hiba,primary,22,0.05,M3,False,1.0,0.0,1.0,6.777777777777778,18
hiba,primary,22,0.05,B,False,0.9945652173913043,,1.0,5.913043478260869,184
hiba,pad_only,22,0.1,M1,False,1.0,0.0,1.0,6.8,20
hiba,pad_only,22,0.1,M2,False,0.911504424778761,0.0,1.0,6.424778761061947,113
hiba,pad_only,22,0.1,M3,False,1.0,0.0,1.0,7.722222222222222,18
hiba,pad_only,22,0.1,B,False,0.9782608695652174,,1.0,6.043478260869565,184
hiba,primary,22,0.1,M1,False,0.8,0.0,1.0,4.85,20
hiba,primary,22,0.1,M2,False,0.9026548672566371,0.0,1.0,5.3097345132743365,113
hiba,primary,22,0.1,M3,False,1.0,0.0,1.0,5.277777777777778,18
hiba,primary,22,0.1,B,False,0.9619565217391305,,0.9891304347826086,4.2771739130434785,184
hiba,pad_only,22,0.15,M1,False,1.0,0.0,1.0,5.4,20
hiba,pad_only,22,0.15,M2,False,0.8672566371681416,0.0,1.0,4.964601769911504,113
hiba,pad_only,22,0.15,M3,False,0.9444444444444444,0.0,1.0,5.333333333333333,18
hiba,pad_only,22,0.15,B,False,0.9239130434782609,,1.0,4.413043478260869,184
hiba,primary,22,0.15,M1,False,0.8,0.0,1.0,4.35,20
hiba,primary,22,0.15,M2,False,0.8938053097345132,0.008849557522123894,0.9911504424778761,4.353982300884955,113
hiba,primary,22,0.15,M3,False,1.0,0.0,1.0,4.555555555555555,18
hiba,primary,22,0.15,B,False,0.9565217391304348,,0.9239130434782609,3.2989130434782608,184
pad,pad_only,23,0.05,M1,False,1.0,0.0,1.0,6.615384615384615,26
pad,pad_only,23,0.05,M2,False,0.9731543624161074,0.0,1.0,6.295302013422819,149
pad,pad_only,23,0.05,M3,False,0.9538461538461539,0.0,1.0,6.415384615384616,65
pad,pad_only,23,0.05,B,False,1.0,,1.0,6.071428571428571,14
pad,primary,23,0.05,M1,False,1.0,0.0,1.0,4.461538461538462,26
pad,primary,23,0.05,M2,False,0.959731543624161,0.0,1.0,4.154362416107382,149
pad,primary,23,0.05,M3,False,0.9846153846153847,0.0,1.0,4.338461538461538,65
pad,primary,23,0.05,B,False,1.0,,1.0,4.5,14
pad,pad_only,23,0.1,M1,False,0.9230769230769231,0.0,1.0,3.0384615384615383,26
pad,pad_only,23,0.1,M2,False,0.8926174496644296,0.0,1.0,2.966442953020134,149
pad,pad_only,23,0.1,M3,False,0.9538461538461539,0.0,1.0,3.169230769230769,65
pad,pad_only,23,0.1,B,False,0.9285714285714286,,0.9285714285714286,3.2857142857142856,14
pad,primary,23,0.1,M1,False,1.0,0.0,1.0,3.6538461538461537,26
pad,primary,23,0.1,M2,False,0.9328859060402684,0.0,1.0,3.2818791946308723,149
pad,primary,23,0.1,M3,False,0.9538461538461539,0.0,1.0,3.1538461538461537,65
pad,primary,23,0.1,B,False,0.9285714285714286,,1.0,3.5714285714285716,14
pad,pad_only,23,0.15,M1,False,0.9230769230769231,0.0,1.0,2.923076923076923,26
pad,pad_only,23,0.15,M2,False,0.8322147651006712,0.0,1.0,2.530201342281879,149
pad,pad_only,23,0.15,M3,False,0.9230769230769231,0.0,1.0,2.876923076923077,65
pad,pad_only,23,0.15,B,False,0.9285714285714286,,0.7857142857142857,2.857142857142857,14
pad,primary,23,0.15,M1,False,0.9615384615384616,0.0,1.0,3.0384615384615383,26
pad,primary,23,0.15,M2,False,0.8859060402684564,0.0,1.0,2.865771812080537,149
pad,primary,23,0.15,M3,False,0.9076923076923077,0.0,1.0,2.876923076923077,65
pad,primary,23,0.15,B,False,0.8571428571428571,,1.0,3.142857142857143,14
hiba,pad_only,23,0.05,M1,False,1.0,0.0,1.0,7.842105263157895,19
hiba,pad_only,23,0.05,M2,False,0.9732142857142857,0.0,1.0,7.535714285714286,112
hiba,pad_only,23,0.05,M3,False,1.0,0.0,1.0,7.75,8
hiba,pad_only,23,0.05,B,False,1.0,,1.0,7.306569343065694,137
hiba,primary,23,0.05,M1,False,1.0,0.0,1.0,7.473684210526316,19
hiba,primary,23,0.05,M2,False,0.9375,0.0,1.0,6.973214285714286,112
hiba,primary,23,0.05,M3,False,1.0,0.0,1.0,6.875,8
hiba,primary,23,0.05,B,False,1.0,,1.0,6.211678832116788,137
hiba,pad_only,23,0.1,M1,False,1.0,0.0,1.0,7.368421052631579,19
hiba,pad_only,23,0.1,M2,False,0.9017857142857143,0.0,1.0,6.544642857142857,112
hiba,pad_only,23,0.1,M3,False,1.0,0.0,1.0,6.625,8
hiba,pad_only,23,0.1,B,False,0.9927007299270073,,1.0,6.094890510948905,137
hiba,primary,23,0.1,M1,False,1.0,0.0,1.0,5.7894736842105265,19
hiba,primary,23,0.1,M2,False,0.9196428571428571,0.0,1.0,5.098214285714286,112
hiba,primary,23,0.1,M3,False,1.0,0.0,1.0,5.125,8
hiba,primary,23,0.1,B,False,0.948905109489051,,0.9854014598540146,4.226277372262774,137
hiba,pad_only,23,0.15,M1,False,1.0,0.0,1.0,6.7894736842105265,19
hiba,pad_only,23,0.15,M2,False,0.875,0.0,1.0,6.232142857142857,112
hiba,pad_only,23,0.15,M3,False,1.0,0.0,1.0,5.375,8
hiba,pad_only,23,0.15,B,False,0.9927007299270073,,1.0,5.510948905109489,137
hiba,primary,23,0.15,M1,False,1.0,0.0,1.0,4.526315789473684,19
hiba,primary,23,0.15,M2,False,0.8928571428571429,0.008928571428571428,0.9910714285714286,4.125,112
hiba,primary,23,0.15,M3,False,1.0,0.0,1.0,4.25,8
hiba,primary,23,0.15,B,False,0.9124087591240876,,0.927007299270073,3.197080291970803,137
pad,pad_only,24,0.05,M1,False,1.0,0.0,1.0,4.962962962962963,27
pad,pad_only,24,0.05,M2,False,0.9448275862068966,0.0,1.0,4.86896551724138,145
pad,pad_only,24,0.05,M3,False,0.9878048780487805,0.012195121951219513,0.9878048780487805,5.134146341463414,82
pad,pad_only,24,0.05,B,False,0.9545454545454546,,1.0,4.136363636363637,22
pad,primary,24,0.05,M1,False,1.0,0.0,1.0,4.111111111111111,27
pad,primary,24,0.05,M2,False,0.9862068965517241,0.0,1.0,4.055172413793104,145
pad,primary,24,0.05,M3,False,0.9878048780487805,0.0,1.0,4.280487804878049,82
pad,primary,24,0.05,B,False,1.0,,1.0,3.909090909090909,22
pad,pad_only,24,0.1,M1,False,0.9629629629629629,0.0,1.0,2.8518518518518516,27
pad,pad_only,24,0.1,M2,False,0.903448275862069,0.0,1.0,2.8275862068965516,145
pad,pad_only,24,0.1,M3,False,0.8780487804878049,0.012195121951219513,0.9878048780487805,2.6097560975609757,82
pad,pad_only,24,0.1,B,False,0.9090909090909091,,0.8181818181818182,2.409090909090909,22
pad,primary,24,0.1,M1,False,1.0,0.0,1.0,3.925925925925926,27
pad,primary,24,0.1,M2,False,0.9310344827586207,0.0,1.0,3.6,145
pad,primary,24,0.1,M3,False,0.9512195121951219,0.0,1.0,3.6097560975609757,82
pad,primary,24,0.1,B,False,1.0,,0.9545454545454546,3.4545454545454546,22
pad,pad_only,24,0.15,M1,False,0.9629629629629629,0.0,1.0,2.740740740740741,27
pad,pad_only,24,0.15,M2,False,0.8827586206896552,0.0,1.0,2.593103448275862,145
pad,pad_only,24,0.15,M3,False,0.8780487804878049,0.012195121951219513,0.9878048780487805,2.475609756097561,82
pad,pad_only,24,0.15,B,False,0.9090909090909091,,0.8181818181818182,2.3636363636363638,22
pad,primary,24,0.15,M1,False,1.0,0.0,1.0,3.3333333333333335,27
pad,primary,24,0.15,M2,False,0.8896551724137931,0.0,1.0,2.9034482758620688,145
pad,primary,24,0.15,M3,False,0.8414634146341463,0.0,1.0,2.8536585365853657,82
pad,primary,24,0.15,B,False,1.0,,0.9545454545454546,3.272727272727273,22
hiba,pad_only,24,0.05,M1,False,1.0,0.0,1.0,7.25,12
hiba,pad_only,24,0.05,M2,False,0.9375,0.0,1.0,6.785714285714286,112
hiba,pad_only,24,0.05,M3,False,1.0,0.0,1.0,7.181818181818182,11
hiba,pad_only,24,0.05,B,False,0.9761904761904762,,1.0,6.4523809523809526,168
hiba,primary,24,0.05,M1,False,0.9166666666666666,0.0,1.0,5.416666666666667,12
hiba,primary,24,0.05,M2,False,0.9107142857142857,0.0,1.0,5.892857142857143,112
hiba,primary,24,0.05,M3,False,0.9090909090909091,0.0,1.0,5.090909090909091,11
hiba,primary,24,0.05,B,False,0.9523809523809523,,1.0,4.660714285714286,168
hiba,pad_only,24,0.1,M1,False,0.9166666666666666,0.0,1.0,6.5,12
hiba,pad_only,24,0.1,M2,False,0.9017857142857143,0.0,1.0,6.383928571428571,112
hiba,pad_only,24,0.1,M3,False,0.7272727272727273,0.0,1.0,5.454545454545454,11
hiba,pad_only,24,0.1,B,False,0.9761904761904762,,0.9940476190476191,5.410714285714286,168
hiba,primary,24,0.1,M1,False,0.9166666666666666,0.0,1.0,4.083333333333333,12
hiba,primary,24,0.1,M2,False,0.8303571428571429,0.026785714285714284,0.9732142857142857,4.392857142857143,112
hiba,primary,24,0.1,M3,False,0.8181818181818182,0.0,1.0,4.0,11
hiba,primary,24,0.1,B,False,0.9047619047619048,,0.9285714285714286,3.2142857142857144,168
hiba,pad_only,24,0.15,M1,False,0.9166666666666666,0.0,1.0,4.916666666666667,12
hiba,pad_only,24,0.15,M2,False,0.8571428571428571,0.0,1.0,4.705357142857143,112
hiba,pad_only,24,0.15,M3,False,0.7272727272727273,0.09090909090909091,0.9090909090909091,4.090909090909091,11
hiba,pad_only,24,0.15,B,False,0.9166666666666666,,0.9940476190476191,4.071428571428571,168
hiba,primary,24,0.15,M1,False,0.9166666666666666,0.0,1.0,3.6666666666666665,12
hiba,primary,24,0.15,M2,False,0.8035714285714286,0.05357142857142857,0.9464285714285714,3.75,112
hiba,primary,24,0.15,M3,False,0.8181818181818182,0.0,1.0,3.727272727272727,11
hiba,primary,24,0.15,B,False,0.8809523809523809,,0.875,2.8095238095238093,168
pad,pad_only,25,0.05,M1,False,1.0,0.0,1.0,6.642857142857143,28
pad,pad_only,25,0.05,M2,False,0.9675324675324676,0.0,1.0,6.253246753246753,154
pad,pad_only,25,0.05,M3,False,0.8970588235294118,0.0,1.0,5.9411764705882355,68
pad,pad_only,25,0.05,B,False,1.0,,1.0,5.1875,16
pad,primary,25,0.05,M1,False,1.0,0.0,1.0,4.285714285714286,28
pad,primary,25,0.05,M2,False,0.948051948051948,0.0,1.0,4.01948051948052,154
pad,primary,25,0.05,M3,False,0.9558823529411765,0.0,1.0,3.926470588235294,68
pad,primary,25,0.05,B,False,1.0,,0.9375,3.5,16
pad,pad_only,25,0.1,M1,False,0.9642857142857143,0.0,1.0,2.7857142857142856,28
pad,pad_only,25,0.1,M2,False,0.9545454545454546,0.0,1.0,3.227272727272727,154
pad,pad_only,25,0.1,M3,False,0.8676470588235294,0.014705882352941176,0.9852941176470589,2.911764705882353,68
pad,pad_only,25,0.1,B,False,0.9375,,0.6875,2.25,16
pad,primary,25,0.1,M1,False,1.0,0.0,1.0,3.7857142857142856,28
pad,primary,25,0.1,M2,False,0.8181818181818182,0.0,1.0,2.935064935064935,154
pad,primary,25,0.1,M3,False,0.9264705882352942,0.0,1.0,2.985294117647059,68
pad,primary,25,0.1,B,False,0.9375,,0.9375,2.8125,16
pad,pad_only,25,0.15,M1,False,0.7857142857142857,0.0,1.0,2.0,28
pad,pad_only,25,0.15,M2,False,0.935064935064935,0.0,1.0,2.7337662337662336,154
pad,pad_only,25,0.15,M3,False,0.8529411764705882,0.014705882352941176,0.9852941176470589,2.588235294117647,68
pad,pad_only,25,0.15,B,False,0.9375,,0.625,2.1875,16
pad,primary,25,0.15,M1,False,0.9285714285714286,0.0,1.0,3.25,28
pad,primary,25,0.15,M2,False,0.7727272727272727,0.0,1.0,2.6103896103896105,154
pad,primary,25,0.15,M3,False,0.8823529411764706,0.0,1.0,2.7058823529411766,68
pad,primary,25,0.15,B,False,0.8125,,0.8125,2.5,16
hiba,pad_only,25,0.05,M1,False,1.0,0.0,1.0,7.285714285714286,14
hiba,pad_only,25,0.05,M2,False,0.9818181818181818,0.0,1.0,7.154545454545454,110
hiba,pad_only,25,0.05,M3,False,1.0,0.0,1.0,7.666666666666667,9
hiba,pad_only,25,0.05,B,False,0.9841269841269841,,1.0,7.037037037037037,189
hiba,primary,25,0.05,M1,False,1.0,0.0,1.0,5.785714285714286,14
hiba,primary,25,0.05,M2,False,0.9727272727272728,0.0,1.0,6.445454545454545,110
hiba,primary,25,0.05,M3,False,0.8888888888888888,0.0,1.0,5.666666666666667,9
hiba,primary,25,0.05,B,False,0.9788359788359788,,1.0,5.582010582010582,189
hiba,pad_only,25,0.1,M1,False,1.0,0.0,1.0,7.142857142857143,14
hiba,pad_only,25,0.1,M2,False,0.9363636363636364,0.0,1.0,6.536363636363636,110
hiba,pad_only,25,0.1,M3,False,0.7777777777777778,0.0,1.0,6.111111111111111,9
hiba,pad_only,25,0.1,B,False,0.9841269841269841,,1.0,5.804232804232805,189
hiba,primary,25,0.1,M1,False,1.0,0.0,1.0,5.0,14
hiba,primary,25,0.1,M2,False,0.9,0.00909090909090909,0.990909090909091,4.836363636363636,110
hiba,primary,25,0.1,M3,False,0.6666666666666666,0.0,1.0,3.6666666666666665,9
hiba,primary,25,0.1,B,False,0.9682539682539683,,0.9894179894179894,3.9682539682539684,189
hiba,pad_only,25,0.15,M1,False,1.0,0.0,1.0,5.071428571428571,14
hiba,pad_only,25,0.15,M2,False,0.8272727272727273,0.00909090909090909,0.990909090909091,4.627272727272727,110
hiba,pad_only,25,0.15,M3,False,0.7777777777777778,0.0,1.0,4.111111111111111,9
hiba,pad_only,25,0.15,B,False,0.9576719576719577,,1.0,4.28042328042328,189
hiba,primary,25,0.15,M1,False,1.0,0.0,1.0,4.214285714285714,14
hiba,primary,25,0.15,M2,False,0.8,0.03636363636363636,0.9636363636363636,3.8181818181818183,110
hiba,primary,25,0.15,M3,False,0.6666666666666666,0.0,1.0,3.111111111111111,9
hiba,primary,25,0.15,B,False,0.9470899470899471,,0.8941798941798942,2.984126984126984,189
pad,pad_only,26,0.05,M1,False,0.9615384615384616,0.0,1.0,4.653846153846154,26
pad,pad_only,26,0.05,M2,False,0.9320987654320988,0.006172839506172839,0.9938271604938271,4.672839506172839,162
pad,pad_only,26,0.05,M3,False,0.9459459459459459,0.013513513513513514,0.9864864864864865,5.04054054054054,74
pad,pad_only,26,0.05,B,False,0.9375,,1.0,3.5625,16
pad,primary,26,0.05,M1,False,1.0,0.0,1.0,4.269230769230769,26
pad,primary,26,0.05,M2,False,0.9753086419753086,0.0,1.0,4.074074074074074,162
pad,primary,26,0.05,M3,False,0.972972972972973,0.0,1.0,4.054054054054054,74
pad,primary,26,0.05,B,False,1.0,,1.0,3.75,16
pad,pad_only,26,0.1,M1,False,0.9230769230769231,0.0,1.0,2.8076923076923075,26
pad,pad_only,26,0.1,M2,False,0.8703703703703703,0.0,1.0,2.734567901234568,162
pad,pad_only,26,0.1,M3,False,0.8918918918918919,0.0,1.0,2.864864864864865,74
pad,pad_only,26,0.1,B,False,0.875,,0.5,2.1875,16
pad,primary,26,0.1,M1,False,1.0,0.0,1.0,4.1923076923076925,26
pad,primary,26,0.1,M2,False,0.9506172839506173,0.0,1.0,3.8395061728395063,162
pad,primary,26,0.1,M3,False,0.9324324324324325,0.0,1.0,3.608108108108108,74
pad,primary,26,0.1,B,False,1.0,,0.9375,3.25,16
pad,pad_only,26,0.15,M1,False,0.9230769230769231,0.0,1.0,2.6923076923076925,26
pad,pad_only,26,0.15,M2,False,0.845679012345679,0.0,1.0,2.4876543209876543,162
pad,pad_only,26,0.15,M3,False,0.8648648648648649,0.0,1.0,2.6486486486486487,74
pad,pad_only,26,0.15,B,False,0.8125,,0.5625,2.125,16
pad,primary,26,0.15,M1,False,0.9615384615384616,0.0,1.0,3.423076923076923,26
pad,primary,26,0.15,M2,False,0.8641975308641975,0.0,1.0,2.9135802469135803,162
pad,primary,26,0.15,M3,False,0.918918918918919,0.0,1.0,3.0135135135135136,74
pad,primary,26,0.15,B,False,1.0,,0.9375,2.9375,16
hiba,pad_only,26,0.05,M1,False,1.0,0.0,1.0,7.176470588235294,17
hiba,pad_only,26,0.05,M2,False,0.9844961240310077,0.0,1.0,6.961240310077519,129
hiba,pad_only,26,0.05,M3,False,1.0,0.0,1.0,7.454545454545454,11
hiba,pad_only,26,0.05,B,False,0.967741935483871,,1.0,7.133064516129032,248
hiba,primary,26,0.05,M1,False,1.0,0.0,1.0,6.0,17
hiba,primary,26,0.05,M2,False,0.9457364341085271,0.0,1.0,5.961240310077519,129
hiba,primary,26,0.05,M3,False,1.0,0.0,1.0,6.0,11
hiba,primary,26,0.05,B,False,0.967741935483871,,1.0,5.217741935483871,248
hiba,pad_only,26,0.1,M1,False,1.0,0.0,1.0,7.117647058823529,17
hiba,pad_only,26,0.1,M2,False,0.9612403100775194,0.0,1.0,6.37984496124031,129
hiba,pad_only,26,0.1,M3,False,1.0,0.0,1.0,7.2727272727272725,11
hiba,pad_only,26,0.1,B,False,0.967741935483871,,1.0,6.44758064516129,248
hiba,primary,26,0.1,M1,False,1.0,0.0,1.0,5.176470588235294,17
hiba,primary,26,0.1,M2,False,0.9147286821705426,0.023255813953488372,0.9767441860465116,4.883720930232558,129
hiba,primary,26,0.1,M3,False,1.0,0.0,1.0,4.7272727272727275,11
hiba,primary,26,0.1,B,False,0.9516129032258065,,0.9717741935483871,3.806451612903226,248
hiba,pad_only,26,0.15,M1,False,1.0,0.0,1.0,5.764705882352941,17
hiba,pad_only,26,0.15,M2,False,0.9302325581395349,0.0,1.0,4.922480620155039,129
hiba,pad_only,26,0.15,M3,False,0.7272727272727273,0.09090909090909091,0.9090909090909091,4.363636363636363,11
hiba,pad_only,26,0.15,B,False,0.9354838709677419,,0.9556451612903226,4.298387096774194,248
hiba,primary,26,0.15,M1,False,0.8823529411764706,0.0,1.0,4.0,17
hiba,primary,26,0.15,M2,False,0.875968992248062,0.023255813953488372,0.9767441860465116,3.9767441860465116,129
hiba,primary,26,0.15,M3,False,0.7272727272727273,0.0,1.0,3.0,11
hiba,primary,26,0.15,B,False,0.8991935483870968,,0.8145161290322581,2.721774193548387,248
pad,pad_only,27,0.05,M1,False,1.0,0.0,1.0,5.0476190476190474,21
pad,pad_only,27,0.05,M2,False,0.9551282051282052,0.01282051282051282,0.9871794871794872,4.608974358974359,156
pad,pad_only,27,0.05,M3,False,1.0,0.0,1.0,5.209677419354839,62
pad,pad_only,27,0.05,B,False,0.9473684210526315,,1.0,4.473684210526316,19
pad,primary,27,0.05,M1,False,0.9523809523809523,0.0,1.0,3.761904761904762,21
pad,primary,27,0.05,M2,False,0.9102564102564102,0.0,1.0,3.91025641025641,156
pad,primary,27,0.05,M3,False,1.0,0.0,1.0,4.370967741935484,62
pad,primary,27,0.05,B,False,0.9473684210526315,,1.0,4.052631578947368,19
pad,pad_only,27,0.1,M1,False,1.0,0.0,1.0,3.0952380952380953,21
pad,pad_only,27,0.1,M2,False,0.8910256410256411,0.0,1.0,2.5448717948717947,156
pad,pad_only,27,0.1,M3,False,0.9516129032258065,0.0,1.0,2.870967741935484,62
pad,pad_only,27,0.1,B,False,0.7894736842105263,,0.6842105263157895,2.473684210526316,19
pad,primary,27,0.1,M1,False,0.8571428571428571,0.0,1.0,3.142857142857143,21
pad,primary,27,0.1,M2,False,0.8717948717948718,0.0,1.0,3.0,156
pad,primary,27,0.1,M3,False,0.967741935483871,0.0,1.0,3.032258064516129,62
pad,primary,27,0.1,B,False,0.9473684210526315,,1.0,3.263157894736842,19
pad,pad_only,27,0.15,M1,False,1.0,0.0,1.0,2.9523809523809526,21
pad,pad_only,27,0.15,M2,False,0.8397435897435898,0.0,1.0,2.326923076923077,156
pad,pad_only,27,0.15,M3,False,0.9354838709677419,0.0,1.0,2.5806451612903225,62
pad,pad_only,27,0.15,B,False,0.7368421052631579,,0.7368421052631579,2.4210526315789473,19
pad,primary,27,0.15,M1,False,0.7619047619047619,0.0,1.0,2.5238095238095237,21
pad,primary,27,0.15,M2,False,0.8525641025641025,0.0,1.0,2.673076923076923,156
pad,primary,27,0.15,M3,False,0.9354838709677419,0.0,1.0,2.7419354838709675,62
pad,primary,27,0.15,B,False,0.8421052631578947,,1.0,2.9473684210526314,19
hiba,pad_only,27,0.05,M1,False,1.0,0.0,1.0,7.5,16
hiba,pad_only,27,0.05,M2,False,0.9416666666666667,0.0,1.0,6.8,120
hiba,pad_only,27,0.05,M3,False,1.0,0.0,1.0,7.4,10
hiba,pad_only,27,0.05,B,False,0.9802371541501976,,1.0,6.679841897233201,253
hiba,primary,27,0.05,M1,False,1.0,0.0,1.0,6.75,16
hiba,primary,27,0.05,M2,False,0.8666666666666667,0.0,1.0,6.375,120
hiba,primary,27,0.05,M3,False,1.0,0.0,1.0,6.6,10
hiba,primary,27,0.05,B,False,0.9881422924901185,,1.0,5.375494071146245,253
hiba,pad_only,27,0.1,M1,False,1.0,0.0,1.0,7.4375,16
hiba,pad_only,27,0.1,M2,False,0.9,0.0,1.0,6.475,120
hiba,pad_only,27,0.1,M3,False,1.0,0.0,1.0,7.4,10
hiba,pad_only,27,0.1,B,False,0.9802371541501976,,1.0,6.41106719367589,253
hiba,primary,27,0.1,M1,False,0.875,0.0,1.0,3.8125,16
hiba,primary,27,0.1,M2,False,0.8333333333333334,0.016666666666666666,0.9833333333333333,4.425,120
hiba,primary,27,0.1,M3,False,1.0,0.0,1.0,4.9,10
hiba,primary,27,0.1,B,False,0.9525691699604744,,0.9367588932806324,3.411067193675889,253
hiba,pad_only,27,0.15,M1,False,1.0,0.0,1.0,5.3125,16
hiba,pad_only,27,0.15,M2,False,0.85,0.008333333333333333,0.9916666666666667,4.725,120
hiba,pad_only,27,0.15,M3,False,1.0,0.0,1.0,4.7,10
hiba,pad_only,27,0.15,B,False,0.9367588932806324,,0.9802371541501976,4.2687747035573125,253
hiba,primary,27,0.15,M1,False,0.875,0.0625,0.9375,3.3125,16
hiba,primary,27,0.15,M2,False,0.7916666666666666,0.025,0.975,3.816666666666667,120
hiba,primary,27,0.15,M3,False,0.9,0.0,1.0,3.7,10
hiba,primary,27,0.15,B,False,0.9288537549407114,,0.8063241106719368,2.616600790513834,253
pad,pad_only,28,0.05,M1,False,0.9428571428571428,0.0,1.0,6.085714285714285,35
pad,pad_only,28,0.05,M2,False,0.9748427672955975,0.0,1.0,6.339622641509434,159
pad,pad_only,28,0.05,M3,False,0.9864864864864865,0.0,1.0,6.162162162162162,74
pad,pad_only,28,0.05,B,False,1.0,,1.0,6.176470588235294,17
pad,primary,28,0.05,M1,False,1.0,0.0,1.0,4.0285714285714285,35
pad,primary,28,0.05,M2,False,0.9874213836477987,0.0,1.0,4.069182389937107,159
pad,primary,28,0.05,M3,False,0.9324324324324325,0.0,1.0,3.27027027027027,74
pad,primary,28,0.05,B,False,0.8823529411764706,,1.0,4.0,17
pad,pad_only,28,0.1,M1,False,0.9142857142857143,0.0,1.0,3.0285714285714285,35
pad,pad_only,28,0.1,M2,False,0.9371069182389937,0.0,1.0,3.150943396226415,159
pad,pad_only,28,0.1,M3,False,0.9594594594594594,0.0,1.0,3.0135135135135136,74
pad,pad_only,28,0.1,B,False,0.9411764705882353,,0.9411764705882353,3.6470588235294117,17
pad,primary,28,0.1,M1,False,1.0,0.0,1.0,4.0,35
pad,primary,28,0.1,M2,False,0.9182389937106918,0.0,1.0,3.2830188679245285,159
pad,primary,28,0.1,M3,False,0.8918918918918919,0.0,1.0,2.9594594594594597,74
pad,primary,28,0.1,B,False,0.8823529411764706,,0.9411764705882353,3.6470588235294117,17
pad,pad_only,28,0.15,M1,False,0.9142857142857143,0.0,1.0,2.8857142857142857,35
pad,pad_only,28,0.15,M2,False,0.9056603773584906,0.0,1.0,2.641509433962264,159
pad,pad_only,28,0.15,M3,False,0.8783783783783784,0.0,1.0,2.5,74
pad,pad_only,28,0.15,B,False,0.8823529411764706,,0.8235294117647058,3.2941176470588234,17
pad,primary,28,0.15,M1,False,1.0,0.0,1.0,3.8,35
pad,primary,28,0.15,M2,False,0.8364779874213837,0.0,1.0,2.8238993710691824,159
pad,primary,28,0.15,M3,False,0.8378378378378378,0.0,1.0,2.527027027027027,74
pad,primary,28,0.15,B,False,0.8235294117647058,,0.9411764705882353,3.411764705882353,17
hiba,pad_only,28,0.05,M1,False,0.9583333333333334,0.0,1.0,7.833333333333333,24
hiba,pad_only,28,0.05,M2,False,1.0,0.0,1.0,7.8861788617886175,123
hiba,pad_only,28,0.05,M3,False,1.0,0.0,1.0,7.9375,16
hiba,pad_only,28,0.05,B,False,1.0,,1.0,7.8133333333333335,150
hiba,primary,28,0.05,M1,False,1.0,0.0,1.0,6.333333333333333,24
hiba,primary,28,0.05,M2,False,0.967479674796748,0.0,1.0,6.739837398373984,123
hiba,primary,28,0.05,M3,False,1.0,0.0,1.0,6.5625,16
hiba,primary,28,0.05,B,False,0.98,,1.0,6.08,150
hiba,pad_only,28,0.1,M1,False,0.9583333333333334,0.0,1.0,6.583333333333333,24
hiba,pad_only,28,0.1,M2,False,0.9512195121951219,0.0,1.0,6.634146341463414,123
hiba,pad_only,28,0.1,M3,False,1.0,0.0,1.0,7.25,16
hiba,pad_only,28,0.1,B,False,0.9733333333333334,,1.0,6.473333333333334,150
hiba,primary,28,0.1,M1,False,0.9166666666666666,0.0,1.0,4.583333333333333,24
hiba,primary,28,0.1,M2,False,0.9186991869918699,0.0,1.0,5.317073170731708,123
hiba,primary,28,0.1,M3,False,1.0,0.0,1.0,4.75,16
hiba,primary,28,0.1,B,False,0.9733333333333334,,0.9933333333333333,4.46,150
hiba,pad_only,28,0.15,M1,False,0.9166666666666666,0.0,1.0,6.208333333333333,24
hiba,pad_only,28,0.15,M2,False,0.926829268292683,0.0,1.0,6.235772357723577,123
hiba,pad_only,28,0.15,M3,False,0.6875,0.0,1.0,5.4375,16
hiba,pad_only,28,0.15,B,False,0.9733333333333334,,1.0,5.72,150
hiba,primary,28,0.15,M1,False,0.7916666666666666,0.0,1.0,3.625,24
hiba,primary,28,0.15,M2,False,0.8699186991869918,0.032520325203252036,0.967479674796748,4.040650406504065,123
hiba,primary,28,0.15,M3,False,0.6875,0.0,1.0,3.1875,16
hiba,primary,28,0.15,B,False,0.94,,0.8866666666666667,3.3933333333333335,150
pad,pad_only,29,0.05,M1,False,1.0,0.0,1.0,6.7727272727272725,22
pad,pad_only,29,0.05,M2,False,0.9530201342281879,0.0,1.0,6.181208053691275,149
pad,pad_only,29,0.05,M3,False,0.9882352941176471,0.0,1.0,6.435294117647059,85
pad,pad_only,29,0.05,B,False,1.0,,1.0,4.833333333333333,24
pad,primary,29,0.05,M1,False,1.0,0.0,1.0,4.181818181818182,22
pad,primary,29,0.05,M2,False,0.9530201342281879,0.0,1.0,4.10738255033557,149
pad,primary,29,0.05,M3,False,0.9882352941176471,0.0,1.0,4.235294117647059,85
pad,primary,29,0.05,B,False,0.9583333333333334,,1.0,3.5416666666666665,24
pad,pad_only,29,0.1,M1,False,1.0,0.0,1.0,4.318181818181818,22
pad,pad_only,29,0.1,M2,False,0.8926174496644296,0.013422818791946308,0.9865771812080537,4.523489932885906,149
pad,pad_only,29,0.1,M3,False,0.9411764705882353,0.011764705882352941,0.9882352941176471,4.8,85
pad,pad_only,29,0.1,B,False,1.0,,1.0,3.3333333333333335,24
pad,primary,29,0.1,M1,False,1.0,0.0,1.0,3.3636363636363638,22
pad,primary,29,0.1,M2,False,0.912751677852349,0.0,1.0,3.053691275167785,149
pad,primary,29,0.1,M3,False,0.8941176470588236,0.0,1.0,2.6470588235294117,85
pad,primary,29,0.1,B,False,0.5416666666666666,,0.9583333333333334,2.2083333333333335,24
pad,pad_only,29,0.15,M1,False,0.6818181818181818,0.0,1.0,2.0,22
pad,pad_only,29,0.15,M2,False,0.8389261744966443,0.0,1.0,2.4496644295302015,149
pad,pad_only,29,0.15,M3,False,0.9058823529411765,0.0,1.0,2.7058823529411766,85
pad,pad_only,29,0.15,B,False,0.9166666666666666,,0.5,2.0833333333333335,24
pad,primary,29,0.15,M1,False,0.9090909090909091,0.0,1.0,2.5454545454545454,22
pad,primary,29,0.15,M2,False,0.87248322147651,0.0,1.0,2.778523489932886,149
pad,primary,29,0.15,M3,False,0.8823529411764706,0.011764705882352941,0.9882352941176471,2.4941176470588236,85
pad,primary,29,0.15,B,False,0.5416666666666666,,0.9166666666666666,2.0416666666666665,24
hiba,pad_only,29,0.05,M1,False,0.9333333333333333,0.0,1.0,7.4,15
hiba,pad_only,29,0.05,M2,False,0.963302752293578,0.0,1.0,6.6880733944954125,109
hiba,pad_only,29,0.05,M3,False,1.0,0.0,1.0,7.5,18
hiba,pad_only,29,0.05,B,False,0.9590163934426229,,1.0,6.737704918032787,244
hiba,primary,29,0.05,M1,False,1.0,0.0,1.0,6.133333333333334,15
hiba,primary,29,0.05,M2,False,0.926605504587156,0.0,1.0,6.440366972477064,109
hiba,primary,29,0.05,M3,False,1.0,0.0,1.0,6.388888888888889,18
hiba,primary,29,0.05,B,False,0.9795081967213115,,1.0,5.635245901639344,244
hiba,pad_only,29,0.1,M1,False,0.9333333333333333,0.0,1.0,6.333333333333333,15
hiba,pad_only,29,0.1,M2,False,0.944954128440367,0.0,1.0,6.394495412844036,109
hiba,pad_only,29,0.1,M3,False,1.0,0.0,1.0,7.277777777777778,18
hiba,pad_only,29,0.1,B,False,0.9590163934426229,,1.0,6.35655737704918,244
hiba,primary,29,0.1,M1,False,0.8666666666666667,0.0,1.0,4.133333333333334,15
hiba,primary,29,0.1,M2,False,0.8899082568807339,0.0,1.0,4.743119266055046,109
hiba,primary,29,0.1,M3,False,1.0,0.0,1.0,4.944444444444445,18
hiba,primary,29,0.1,B,False,0.9467213114754098,,0.9713114754098361,3.7540983606557377,244
hiba,pad_only,29,0.15,M1,False,0.8666666666666667,0.0,1.0,5.2,15
hiba,pad_only,29,0.15,M2,False,0.8899082568807339,0.009174311926605505,0.9908256880733946,4.825688073394495,109
hiba,pad_only,29,0.15,M3,False,0.7222222222222222,0.05555555555555555,0.9444444444444444,4.111111111111111,18
hiba,pad_only,29,0.15,B,False,0.9180327868852459,,0.9590163934426229,4.147540983606557,244
hiba,primary,29,0.15,M1,False,0.8666666666666667,0.0,1.0,3.8666666666666667,15
hiba,primary,29,0.15,M2,False,0.8073394495412844,0.009174311926605505,0.9908256880733946,3.889908256880734,109
hiba,primary,29,0.15,M3,False,0.8333333333333334,0.0,1.0,3.9444444444444446,18
hiba,primary,29,0.15,B,False,0.9221311475409836,,0.8483606557377049,2.877049180327869,244
pad,pad_only,30,0.05,M1,False,1.0,0.0,1.0,6.645161290322581,31
pad,pad_only,30,0.05,M2,False,0.9819277108433735,0.0,1.0,6.295180722891566,166
pad,pad_only,30,0.05,M3,False,0.9726027397260274,0.0,1.0,6.287671232876712,73
pad,pad_only,30,0.05,B,False,1.0,,1.0,5.1,20
pad,primary,30,0.05,M1,False,1.0,0.0,1.0,4.32258064516129,31
pad,primary,30,0.05,M2,False,0.9819277108433735,0.0,1.0,4.078313253012048,166
pad,primary,30,0.05,M3,False,0.9178082191780822,0.0,1.0,3.73972602739726,73
pad,primary,30,0.05,B,False,1.0,,1.0,3.85,20
pad,pad_only,30,0.1,M1,False,0.9354838709677419,0.0,1.0,4.290322580645161,31
pad,pad_only,30,0.1,M2,False,0.891566265060241,0.018072289156626505,0.9819277108433735,4.367469879518072,166
pad,pad_only,30,0.1,M3,False,0.9315068493150684,0.0,1.0,4.726027397260274,73
pad,pad_only,30,0.1,B,False,1.0,,1.0,2.95,20
pad,primary,30,0.1,M1,False,0.9032258064516129,0.0,1.0,3.7419354838709675,31
pad,primary,30,0.1,M2,False,0.9036144578313253,0.006024096385542169,0.9939759036144579,3.5481927710843375,166
pad,primary,30,0.1,M3,False,0.8493150684931506,0.0,1.0,3.328767123287671,73
pad,primary,30,0.1,B,False,1.0,,0.95,3.15,20
pad,pad_only,30,0.15,M1,False,0.9354838709677419,0.0,1.0,2.6774193548387095,31
pad,pad_only,30,0.15,M2,False,0.8493975903614458,0.0,1.0,2.5240963855421685,166
pad,pad_only,30,0.15,M3,False,0.8904109589041096,0.0136986301369863,0.9863013698630136,2.6301369863013697,73
pad,pad_only,30,0.15,B,False,0.95,,0.5,1.8,20
pad,primary,30,0.15,M1,False,0.9032258064516129,0.0,1.0,3.161290322580645,31
pad,primary,30,0.15,M2,False,0.8554216867469879,0.0,1.0,2.8373493975903616,166
pad,primary,30,0.15,M3,False,0.8493150684931506,0.0,1.0,2.808219178082192,73
pad,primary,30,0.15,B,False,1.0,,0.85,2.75,20
hiba,pad_only,30,0.05,M1,False,1.0,0.0,1.0,7.857142857142857,21
hiba,pad_only,30,0.05,M2,False,0.9583333333333334,0.0,1.0,7.466666666666667,120
hiba,pad_only,30,0.05,M3,False,0.9285714285714286,0.0,1.0,7.714285714285714,14
hiba,pad_only,30,0.05,B,False,1.0,,1.0,7.25,216
hiba,primary,30,0.05,M1,False,1.0,0.0,1.0,6.428571428571429,21
hiba,primary,30,0.05,M2,False,0.975,0.0,1.0,6.316666666666666,120
hiba,primary,30,0.05,M3,False,1.0,0.0,1.0,6.071428571428571,14
hiba,primary,30,0.05,B,False,0.9722222222222222,,1.0,5.768518518518518,216
hiba,pad_only,30,0.1,M1,False,1.0,0.0,1.0,7.0,21
hiba,pad_only,30,0.1,M2,False,0.8833333333333333,0.0,1.0,6.375,120
hiba,pad_only,30,0.1,M3,False,0.9285714285714286,0.0,1.0,7.071428571428571,14
hiba,pad_only,30,0.1,B,False,0.9861111111111112,,1.0,6.263888888888889,216
hiba,primary,30,0.1,M1,False,1.0,0.0,1.0,4.476190476190476,21
hiba,primary,30,0.1,M2,False,0.8666666666666667,0.025,0.975,4.6,120
hiba,primary,30,0.1,M3,False,0.9285714285714286,0.0,1.0,4.714285714285714,14
hiba,primary,30,0.1,B,False,0.9537037037037037,,0.9629629629629629,3.888888888888889,216
hiba,pad_only,30,0.15,M1,False,1.0,0.0,1.0,5.666666666666667,21
hiba,pad_only,30,0.15,M2,False,0.825,0.008333333333333333,0.9916666666666667,4.725,120
hiba,pad_only,30,0.15,M3,False,0.9285714285714286,0.0,1.0,5.285714285714286,14
hiba,pad_only,30,0.15,B,False,0.9537037037037037,,1.0,4.902777777777778,216
hiba,primary,30,0.15,M1,False,1.0,0.0,1.0,4.0,21
hiba,primary,30,0.15,M2,False,0.8,0.05,0.95,3.55,120
hiba,primary,30,0.15,M3,False,0.8571428571428571,0.0,1.0,3.7142857142857144,14
hiba,primary,30,0.15,B,False,0.9120370370370371,,0.8333333333333334,2.9444444444444446,216
pad,pad_only,31,0.05,M1,False,0.9444444444444444,0.0,1.0,6.222222222222222,18
pad,pad_only,31,0.05,M2,False,0.9271523178807947,0.0,1.0,6.125827814569536,151
pad,pad_only,31,0.05,M3,False,0.9222222222222223,0.0,1.0,5.9222222222222225,90
pad,pad_only,31,0.05,B,False,1.0,,1.0,5.333333333333333,24
pad,primary,31,0.05,M1,False,0.9444444444444444,0.0,1.0,4.444444444444445,18
pad,primary,31,0.05,M2,False,0.9006622516556292,0.0,1.0,3.966887417218543,151
pad,primary,31,0.05,M3,False,0.9777777777777777,0.0,1.0,4.144444444444445,90
pad,primary,31,0.05,B,False,1.0,,0.9583333333333334,4.041666666666667,24
pad,pad_only,31,0.1,M1,False,0.9444444444444444,0.0,1.0,4.388888888888889,18
pad,pad_only,31,0.1,M2,False,0.8675496688741722,0.019867549668874173,0.9801324503311258,4.437086092715232,151
pad,pad_only,31,0.1,M3,False,0.9,0.022222222222222223,0.9777777777777777,4.466666666666667,90
pad,pad_only,31,0.1,B,False,1.0,,1.0,3.4583333333333335,24
pad,primary,31,0.1,M1,False,0.8888888888888888,0.0,1.0,4.333333333333333,18
pad,primary,31,0.1,M2,False,0.8675496688741722,0.0,1.0,3.576158940397351,151
pad,primary,31,0.1,M3,False,0.9444444444444444,0.0,1.0,3.488888888888889,90
pad,primary,31,0.1,B,False,1.0,,0.9583333333333334,3.5416666666666665,24
pad,pad_only,31,0.15,M1,False,0.9444444444444444,0.0,1.0,2.7222222222222223,18
pad,pad_only,31,0.15,M2,False,0.8344370860927153,0.0,1.0,2.5496688741721854,151
pad,pad_only,31,0.15,M3,False,0.8666666666666667,0.011111111111111112,0.9888888888888889,2.6333333333333333,90
pad,pad_only,31,0.15,B,False,0.9583333333333334,,0.5416666666666666,2.375,24
pad,primary,31,0.15,M1,False,0.8888888888888888,0.0,1.0,3.1666666666666665,18
pad,primary,31,0.15,M2,False,0.7880794701986755,0.0,1.0,2.7086092715231787,151
pad,primary,31,0.15,M3,False,0.9444444444444444,0.0,1.0,3.0,90
pad,primary,31,0.15,B,False,1.0,,0.875,3.0,24
hiba,pad_only,31,0.05,M1,False,1.0,0.0,1.0,7.066666666666666,15
hiba,pad_only,31,0.05,M2,False,0.968503937007874,0.0,1.0,7.0,127
hiba,pad_only,31,0.05,M3,False,1.0,0.0,1.0,6.5,8
hiba,pad_only,31,0.05,B,False,0.9828571428571429,,1.0,6.8,175
hiba,primary,31,0.05,M1,False,1.0,0.0,1.0,5.866666666666666,15
hiba,primary,31,0.05,M2,False,0.968503937007874,0.0,1.0,6.291338582677166,127
hiba,primary,31,0.05,M3,False,1.0,0.0,1.0,6.375,8
hiba,primary,31,0.05,B,False,0.9657142857142857,,1.0,5.811428571428571,175
hiba,pad_only,31,0.1,M1,False,1.0,0.0,1.0,6.066666666666666,15
hiba,pad_only,31,0.1,M2,False,0.9606299212598425,0.0,1.0,5.503937007874016,127
hiba,pad_only,31,0.1,M3,False,1.0,0.0,1.0,5.375,8
hiba,pad_only,31,0.1,B,False,0.92,,1.0,5.405714285714286,175
hiba,primary,31,0.1,M1,False,0.7333333333333333,0.0,1.0,4.066666666666666,15
hiba,primary,31,0.1,M2,False,0.937007874015748,0.0,1.0,4.78740157480315,127
hiba,primary,31,0.1,M3,False,1.0,0.0,1.0,5.0,8
hiba,primary,31,0.1,B,False,0.9314285714285714,,0.96,4.177142857142857,175
hiba,pad_only,31,0.15,M1,False,0.8666666666666667,0.0,1.0,4.533333333333333,15
hiba,pad_only,31,0.15,M2,False,0.9212598425196851,0.0,1.0,5.181102362204724,127
hiba,pad_only,31,0.15,M3,False,0.875,0.0,1.0,4.25,8
hiba,pad_only,31,0.15,B,False,0.92,,1.0,4.702857142857143,175
hiba,primary,31,0.15,M1,False,0.7333333333333333,0.0,1.0,3.7333333333333334,15
hiba,primary,31,0.15,M2,False,0.889763779527559,0.0,1.0,4.070866141732283,127
hiba,primary,31,0.15,M3,False,1.0,0.0,1.0,4.125,8
hiba,primary,31,0.15,B,False,0.9142857142857143,,0.9028571428571428,3.36,175
pad,pad_only,32,0.05,M1,False,1.0,0.0,1.0,6.37037037037037,27
pad,pad_only,32,0.05,M2,False,0.9012345679012346,0.0,1.0,5.87037037037037,162
pad,pad_only,32,0.05,M3,False,0.9850746268656716,0.0,1.0,6.268656716417911,67
pad,pad_only,32,0.05,B,False,1.0,,1.0,5.555555555555555,18
pad,primary,32,0.05,M1,False,0.9629629629629629,0.0,1.0,3.6666666666666665,27
pad,primary,32,0.05,M2,False,0.9382716049382716,0.0,1.0,3.5308641975308643,162
pad,primary,32,0.05,M3,False,0.9850746268656716,0.0,1.0,3.9402985074626864,67
pad,primary,32,0.05,B,False,0.8888888888888888,,1.0,3.7222222222222223,18
pad,pad_only,32,0.1,M1,False,0.9629629629629629,0.0,1.0,3.259259259259259,27
pad,pad_only,32,0.1,M2,False,0.8518518518518519,0.0,1.0,2.771604938271605,162
pad,pad_only,32,0.1,M3,False,0.9104477611940298,0.0,1.0,2.8955223880597014,67
pad,pad_only,32,0.1,B,False,0.9444444444444444,,0.7222222222222222,2.6666666666666665,18
pad,primary,32,0.1,M1,False,0.8888888888888888,0.0,1.0,3.4074074074074074,27
pad,primary,32,0.1,M2,False,0.8641975308641975,0.0,1.0,3.0987654320987654,162
pad,primary,32,0.1,M3,False,0.9104477611940298,0.0,1.0,3.1194029850746268,67
pad,primary,32,0.1,B,False,0.8888888888888888,,1.0,3.3333333333333335,18
pad,pad_only,32,0.15,M1,False,0.9629629629629629,0.0,1.0,3.037037037037037,27
pad,pad_only,32,0.15,M2,False,0.808641975308642,0.0,1.0,2.3580246913580245,162
pad,pad_only,32,0.15,M3,False,0.8656716417910447,0.0,1.0,2.656716417910448,67
pad,pad_only,32,0.15,B,False,0.8888888888888888,,0.5555555555555556,2.2777777777777777,18
pad,primary,32,0.15,M1,False,0.8148148148148148,0.0,1.0,2.740740740740741,27
pad,primary,32,0.15,M2,False,0.808641975308642,0.0,1.0,2.697530864197531,162
pad,primary,32,0.15,M3,False,0.8208955223880597,0.0,1.0,2.671641791044776,67
pad,primary,32,0.15,B,False,0.7777777777777778,,0.8888888888888888,2.7777777777777777,18
hiba,pad_only,32,0.05,M1,False,0.95,0.0,1.0,6.95,20
hiba,pad_only,32,0.05,M2,False,0.9924812030075187,0.0,1.0,7.142857142857143,133
hiba,pad_only,32,0.05,M3,False,1.0,0.0,1.0,7.454545454545454,11
hiba,pad_only,32,0.05,B,False,0.9548872180451128,,1.0,7.345864661654136,133
hiba,primary,32,0.05,M1,False,1.0,0.0,1.0,6.3,20
hiba,primary,32,0.05,M2,False,0.9323308270676691,0.0,1.0,6.714285714285714,133
hiba,primary,32,0.05,M3,False,1.0,0.0,1.0,6.545454545454546,11
hiba,primary,32,0.05,B,False,0.9849624060150376,,1.0,5.7894736842105265,133
hiba,pad_only,32,0.1,M1,False,0.9,0.0,1.0,5.65,20
hiba,pad_only,32,0.1,M2,False,0.924812030075188,0.0,1.0,6.421052631578948,133
hiba,pad_only,32,0.1,M3,False,1.0,0.0,1.0,7.454545454545454,11
hiba,pad_only,32,0.1,B,False,0.9548872180451128,,1.0,5.796992481203008,133
hiba,primary,32,0.1,M1,False,0.9,0.0,1.0,4.25,20
hiba,primary,32,0.1,M2,False,0.924812030075188,0.0,1.0,5.112781954887218,133
hiba,primary,32,0.1,M3,False,1.0,0.0,1.0,4.545454545454546,11
hiba,primary,32,0.1,B,False,0.9097744360902256,,0.9699248120300752,3.7142857142857144,133
hiba,pad_only,32,0.15,M1,False,0.9,0.0,1.0,4.95,20
hiba,pad_only,32,0.15,M2,False,0.9022556390977443,0.0,1.0,5.082706766917293,133
hiba,pad_only,32,0.15,M3,False,0.9090909090909091,0.0,1.0,5.545454545454546,11
hiba,pad_only,32,0.15,B,False,0.9022556390977443,,0.9924812030075187,4.2556390977443606,133
hiba,primary,32,0.15,M1,False,0.9,0.0,1.0,4.05,20
hiba,primary,32,0.15,M2,False,0.8947368421052632,0.0,1.0,4.353383458646617,133
hiba,primary,32,0.15,M3,False,0.9090909090909091,0.0,1.0,3.1818181818181817,11
hiba,primary,32,0.15,B,False,0.8947368421052632,,0.8872180451127819,3.0225563909774436,133
pad,pad_only,33,0.05,M1,True,1.0,0.0,1.0,4.475,40
pad,pad_only,33,0.05,M2,False,0.9626865671641791,0.0,1.0,3.373134328358209,134
pad,pad_only,33,0.05,M3,False,1.0,0.0,1.0,3.4545454545454546,77
pad,pad_only,33,0.05,B,False,0.9090909090909091,,0.8636363636363636,3.6818181818181817,22
pad,primary,33,0.05,M1,True,1.0,0.0,1.0,4.325,40
pad,primary,33,0.05,M2,False,0.9701492537313433,0.0,1.0,3.6194029850746268,134
pad,primary,33,0.05,M3,False,0.948051948051948,0.0,1.0,3.311688311688312,77
pad,primary,33,0.05,B,False,0.9090909090909091,,1.0,3.909090909090909,22
pad,pad_only,33,0.1,M1,False,0.975,0.0,1.0,3.275,40
pad,pad_only,33,0.1,M2,False,0.8955223880597015,0.0,1.0,2.6641791044776117,134
pad,pad_only,33,0.1,M3,False,0.974025974025974,0.012987012987012988,0.987012987012987,2.8701298701298703,77
pad,pad_only,33,0.1,B,False,0.8181818181818182,,0.8636363636363636,2.727272727272727,22
pad,primary,33,0.1,M1,False,0.975,0.0,1.0,3.575,40
pad,primary,33,0.1,M2,False,0.9253731343283582,0.0,1.0,3.253731343283582,134
pad,primary,33,0.1,M3,False,0.948051948051948,0.0,1.0,3.064935064935065,77
pad,primary,33,0.1,B,False,0.9090909090909091,,0.9545454545454546,3.5454545454545454,22
pad,pad_only,33,0.15,M1,False,0.95,0.0,1.0,2.875,40
pad,pad_only,33,0.15,M2,False,0.835820895522388,0.0,1.0,2.328358208955224,134
pad,pad_only,33,0.15,M3,False,0.922077922077922,0.012987012987012988,0.987012987012987,2.5324675324675323,77
pad,pad_only,33,0.15,B,False,0.7727272727272727,,0.8181818181818182,2.409090909090909,22
pad,primary,33,0.15,M1,False,0.7,0.0,1.0,2.15,40
pad,primary,33,0.15,M2,False,0.8059701492537313,0.0,1.0,2.6865671641791047,134
pad,primary,33,0.15,M3,False,0.8961038961038961,0.0,1.0,2.688311688311688,77
pad,primary,33,0.15,B,False,0.8636363636363636,,0.8636363636363636,2.909090909090909,22
hiba,pad_only,33,0.05,M1,False,1.0,0.0,1.0,8.0,16
hiba,pad_only,33,0.05,M2,False,0.976,0.0,1.0,7.624,125
hiba,pad_only,33,0.05,M3,False,1.0,0.0,1.0,8.0,5
hiba,pad_only,33,0.05,B,False,1.0,,1.0,7.633962264150943,265
hiba,primary,33,0.05,M1,False,1.0,0.0,1.0,6.8125,16
hiba,primary,33,0.05,M2,False,0.952,0.0,1.0,6.52,125
hiba,primary,33,0.05,M3,False,1.0,0.0,1.0,6.6,5
hiba,primary,33,0.05,B,False,0.9849056603773585,,1.0,5.8830188679245285,265
hiba,pad_only,33,0.1,M1,False,1.0,0.0,1.0,6.875,16
hiba,pad_only,33,0.1,M2,False,0.88,0.0,1.0,6.216,125
hiba,pad_only,33,0.1,M3,False,0.6,0.0,1.0,5.8,5
hiba,pad_only,33,0.1,B,False,0.9924528301886792,,1.0,5.7018867924528305,265
hiba,primary,33,0.1,M1,False,0.875,0.0,1.0,4.5,16
hiba,primary,33,0.1,M2,False,0.904,0.008,0.992,4.672,125
hiba,primary,33,0.1,M3,False,0.8,0.0,1.0,5.0,5
hiba,primary,33,0.1,B,False,0.9622641509433962,,0.9547169811320755,3.8037735849056604,265
hiba,pad_only,33,0.15,M1,False,1.0,0.0,1.0,5.1875,16
hiba,pad_only,33,0.15,M2,False,0.84,0.016,0.984,4.472,125
hiba,pad_only,33,0.15,M3,False,0.6,0.0,1.0,4.2,5
hiba,pad_only,33,0.15,B,False,0.9584905660377359,,0.9735849056603774,4.4,265
hiba,primary,33,0.15,M1,False,0.8125,0.0,1.0,3.875,16
hiba,primary,33,0.15,M2,False,0.856,0.032,0.968,3.84,125
hiba,primary,33,0.15,M3,False,0.8,0.0,1.0,3.4,5
hiba,primary,33,0.15,B,False,0.9433962264150944,,0.8528301886792453,3.0,265
pad,pad_only,34,0.05,M1,False,1.0,0.0,1.0,3.875,32
pad,pad_only,34,0.05,M2,False,0.9491525423728814,0.0,1.0,3.1242937853107344,177
pad,pad_only,34,0.05,M3,False,0.9565217391304348,0.0,1.0,3.1594202898550723,69
pad,pad_only,34,0.05,B,False,0.8125,,0.75,3.75,16
pad,primary,34,0.05,M1,False,0.96875,0.0,1.0,3.875,32
pad,primary,34,0.05,M2,False,0.9548022598870056,0.0,1.0,4.096045197740113,177
pad,primary,34,0.05,M3,False,0.9710144927536232,0.0,1.0,3.8115942028985508,69
pad,primary,34,0.05,B,False,1.0,,1.0,4.625,16
pad,pad_only,34,0.1,M1,False,1.0,0.0,1.0,3.125,32
pad,pad_only,34,0.1,M2,False,0.847457627118644,0.0,1.0,2.4745762711864407,177
pad,pad_only,34,0.1,M3,False,0.8985507246376812,0.0,1.0,2.652173913043478,69
pad,pad_only,34,0.1,B,False,0.75,,0.625,2.375,16
pad,primary,34,0.1,M1,False,0.9375,0.0,1.0,3.40625,32
pad,primary,34,0.1,M2,False,0.9209039548022598,0.0,1.0,3.2994350282485874,177
pad,primary,34,0.1,M3,False,0.9130434782608695,0.0,1.0,2.8840579710144927,69
pad,primary,34,0.1,B,False,0.9375,,0.875,3.3125,16
pad,pad_only,34,0.15,M1,False,1.0,0.0,1.0,2.9375,32
pad,pad_only,34,0.15,M2,False,0.8192090395480226,0.0,1.0,2.2655367231638417,177
pad,pad_only,34,0.15,M3,False,0.8840579710144928,0.0,1.0,2.4782608695652173,69
pad,pad_only,34,0.15,B,False,0.75,,0.625,2.3125,16
pad,primary,34,0.15,M1,False,0.9375,0.0,1.0,3.21875,32
pad,primary,34,0.15,M2,False,0.8700564971751412,0.0,1.0,2.9096045197740112,177
pad,primary,34,0.15,M3,False,0.7681159420289855,0.0,1.0,2.5072463768115942,69
pad,primary,34,0.15,B,False,0.875,,0.875,3.25,16
hiba,pad_only,34,0.05,M1,False,0.8888888888888888,0.0,1.0,6.388888888888889,18
hiba,pad_only,34,0.05,M2,False,0.9180327868852459,0.0,1.0,6.631147540983607,122
hiba,pad_only,34,0.05,M3,False,1.0,0.0,1.0,7.0,6
hiba,pad_only,34,0.05,B,False,0.9692307692307692,,1.0,6.184615384615385,195
hiba,primary,34,0.05,M1,False,0.8333333333333334,0.0,1.0,5.166666666666667,18
hiba,primary,34,0.05,M2,False,0.9016393442622951,0.0,1.0,5.959016393442623,122
hiba,primary,34,0.05,M3,False,0.8333333333333334,0.0,1.0,5.666666666666667,6
hiba,primary,34,0.05,B,False,0.9538461538461539,,1.0,5.092307692307692,195
hiba,pad_only,34,0.1,M1,False,0.8888888888888888,0.0,1.0,6.111111111111111,18
hiba,pad_only,34,0.1,M2,False,0.8852459016393442,0.0,1.0,6.286885245901639,122
hiba,pad_only,34,0.1,M3,False,0.8333333333333334,0.0,1.0,6.166666666666667,6
hiba,pad_only,34,0.1,B,False,0.9692307692307692,,0.9948717948717949,5.512820512820513,195
hiba,primary,34,0.1,M1,False,0.8333333333333334,0.0,1.0,4.111111111111111,18
hiba,primary,34,0.1,M2,False,0.8360655737704918,0.02459016393442623,0.9754098360655737,4.245901639344262,122
hiba,primary,34,0.1,M3,False,0.8333333333333334,0.0,1.0,4.833333333333333,6
hiba,primary,34,0.1,B,False,0.9025641025641026,,0.9282051282051282,3.2512820512820513,195
hiba,pad_only,34,0.15,M1,False,0.8888888888888888,0.0,1.0,5.111111111111111,18
hiba,pad_only,34,0.15,M2,False,0.8688524590163934,0.0,1.0,4.844262295081967,122
hiba,pad_only,34,0.15,M3,False,0.8333333333333334,0.0,1.0,4.0,6
hiba,pad_only,34,0.15,B,False,0.8871794871794871,,0.9897435897435898,4.194871794871795,195
hiba,primary,34,0.15,M1,False,0.7777777777777778,0.05555555555555555,0.9444444444444444,3.7222222222222223,18
hiba,primary,34,0.15,M2,False,0.8032786885245902,0.02459016393442623,0.9754098360655737,3.540983606557377,122
hiba,primary,34,0.15,M3,False,0.8333333333333334,0.0,1.0,4.333333333333333,6
hiba,primary,34,0.15,B,False,0.8512820512820513,,0.8769230769230769,2.594871794871795,195
pad,pad_only,35,0.05,M1,False,1.0,0.0,1.0,7.419354838709677,31
pad,pad_only,35,0.05,M2,False,0.9294871794871795,0.0,1.0,6.551282051282051,156
pad,pad_only,35,0.05,M3,False,0.8970588235294118,0.0,1.0,6.397058823529412,68
pad,pad_only,35,0.05,B,True,1.0,,1.0,5.928571428571429,28
pad,primary,35,0.05,M1,False,1.0,0.0,1.0,7.32258064516129,31
pad,primary,35,0.05,M2,False,0.9487179487179487,0.0,1.0,6.955128205128205,156
pad,primary,35,0.05,M3,False,0.9558823529411765,0.0,1.0,6.882352941176471,68
pad,primary,35,0.05,B,True,1.0,,1.0,6.357142857142857,28
pad,pad_only,35,0.1,M1,False,0.7741935483870968,0.03225806451612903,0.967741935483871,5.290322580645161,31
pad,pad_only,35,0.1,M2,False,0.8717948717948718,0.0,1.0,5.608974358974359,156
pad,pad_only,35,0.1,M3,False,0.8088235294117647,0.0,1.0,5.676470588235294,68
pad,pad_only,35,0.1,B,False,1.0,,1.0,4.857142857142857,28
pad,primary,35,0.1,M1,False,1.0,0.0,1.0,3.806451612903226,31
pad,primary,35,0.1,M2,False,0.8782051282051282,0.0,1.0,3.0576923076923075,156
pad,primary,35,0.1,M3,False,0.9264705882352942,0.0,1.0,3.161764705882353,68
pad,primary,35,0.1,B,False,0.9285714285714286,,0.9642857142857143,3.392857142857143,28
pad,pad_only,35,0.15,M1,False,0.7741935483870968,0.0,1.0,2.7096774193548385,31
pad,pad_only,35,0.15,M2,False,0.7948717948717948,0.01282051282051282,0.9871794871794872,2.5384615384615383,156
pad,pad_only,35,0.15,M3,False,0.8088235294117647,0.014705882352941176,0.9852941176470589,2.588235294117647,68
pad,pad_only,35,0.15,B,False,0.9642857142857143,,0.8928571428571429,2.892857142857143,28
pad,primary,35,0.15,M1,False,0.967741935483871,0.0,1.0,3.7419354838709675,31
pad,primary,35,0.15,M2,False,0.8333333333333334,0.0,1.0,2.782051282051282,156
pad,primary,35,0.15,M3,False,0.8529411764705882,0.0,1.0,2.838235294117647,68
pad,primary,35,0.15,B,False,0.9285714285714286,,0.9642857142857143,3.2142857142857144,28
hiba,pad_only,35,0.05,M1,False,1.0,0.0,1.0,7.1875,16
hiba,pad_only,35,0.05,M2,False,0.9152542372881356,0.0,1.0,6.8474576271186445,118
hiba,pad_only,35,0.05,M3,False,1.0,0.0,1.0,7.357142857142857,14
hiba,pad_only,35,0.05,B,False,0.9629629629629629,,1.0,6.4867724867724865,189
hiba,primary,35,0.05,M1,False,0.9375,0.0,1.0,6.375,16
hiba,primary,35,0.05,M2,False,0.9576271186440678,0.0,1.0,6.627118644067797,118
hiba,primary,35,0.05,M3,False,0.9285714285714286,0.0,1.0,5.785714285714286,14
hiba,primary,35,0.05,B,False,0.9894179894179894,,1.0,5.492063492063492,189
hiba,pad_only,35,0.1,M1,False,0.9375,0.0,1.0,6.5625,16
hiba,pad_only,35,0.1,M2,False,0.8898305084745762,0.0,1.0,6.483050847457627,118
hiba,pad_only,35,0.1,M3,False,0.8571428571428571,0.0,1.0,6.928571428571429,14
hiba,pad_only,35,0.1,B,False,0.9629629629629629,,1.0,5.677248677248677,189
hiba,primary,35,0.1,M1,False,0.9375,0.0,1.0,5.5,16
hiba,primary,35,0.1,M2,False,0.8728813559322034,0.0,1.0,4.9491525423728815,118
hiba,primary,35,0.1,M3,False,0.9285714285714286,0.0,1.0,4.571428571428571,14
hiba,primary,35,0.1,B,False,0.9682539682539683,,0.9735449735449735,3.873015873015873,189
hiba,pad_only,35,0.15,M1,False,0.9375,0.0,1.0,6.5,16
hiba,pad_only,35,0.15,M2,False,0.8559322033898306,0.0,1.0,6.110169491525424,118
hiba,pad_only,35,0.15,M3,False,0.8571428571428571,0.0,1.0,6.357142857142857,14
hiba,pad_only,35,0.15,B,False,0.9629629629629629,,1.0,5.211640211640212,189
hiba,primary,35,0.15,M1,False,0.8125,0.0,1.0,4.25,16
hiba,primary,35,0.15,M2,False,0.7966101694915254,0.0423728813559322,0.9576271186440678,3.889830508474576,118
hiba,primary,35,0.15,M3,False,0.8571428571428571,0.0,1.0,3.357142857142857,14
hiba,primary,35,0.15,B,False,0.9470899470899471,,0.8412698412698413,2.7830687830687832,189
pad,pad_only,36,0.05,M1,False,0.9655172413793104,0.0,1.0,5.896551724137931,29
pad,pad_only,36,0.05,M2,False,0.935064935064935,0.0,1.0,6.097402597402597,154
pad,pad_only,36,0.05,M3,False,0.9104477611940298,0.0,1.0,5.940298507462686,67
pad,pad_only,36,0.05,B,False,1.0,,1.0,5.454545454545454,11
pad,primary,36,0.05,M1,False,1.0,0.0,1.0,4.310344827586207,29
pad,primary,36,0.05,M2,False,0.9545454545454546,0.0,1.0,4.038961038961039,154
pad,primary,36,0.05,M3,False,0.9850746268656716,0.0,1.0,4.3283582089552235,67
pad,primary,36,0.05,B,False,1.0,,1.0,4.363636363636363,11
pad,pad_only,36,0.1,M1,False,0.9655172413793104,0.0,1.0,2.8620689655172415,29
pad,pad_only,36,0.1,M2,False,0.8701298701298701,0.0,1.0,2.7987012987012987,154
pad,pad_only,36,0.1,M3,False,0.7910447761194029,0.0,1.0,2.611940298507463,67
pad,pad_only,36,0.1,B,False,0.9090909090909091,,0.7272727272727273,2.272727272727273,11
pad,primary,36,0.1,M1,False,1.0,0.0,1.0,3.6206896551724137,29
pad,primary,36,0.1,M2,False,0.8961038961038961,0.0,1.0,3.116883116883117,154
pad,primary,36,0.1,M3,False,0.9850746268656716,0.0,1.0,3.4776119402985075,67
pad,primary,36,0.1,B,False,1.0,,1.0,3.6363636363636362,11
pad,pad_only,36,0.15,M1,False,0.9655172413793104,0.0,1.0,2.7241379310344827,29
pad,pad_only,36,0.15,M2,False,0.8181818181818182,0.0,1.0,2.5194805194805197,154
pad,pad_only,36,0.15,M3,False,0.746268656716418,0.029850746268656716,0.9701492537313433,2.417910447761194,67
pad,pad_only,36,0.15,B,False,0.9090909090909091,,0.5454545454545454,2.0,11
pad,primary,36,0.15,M1,False,0.9655172413793104,0.0,1.0,3.4482758620689653,29
pad,primary,36,0.15,M2,False,0.8051948051948052,0.0,1.0,2.707792207792208,154
pad,primary,36,0.15,M3,False,0.9402985074626866,0.0,1.0,3.2238805970149254,67
pad,primary,36,0.15,B,False,1.0,,1.0,3.4545454545454546,11
hiba,pad_only,36,0.05,M1,False,0.9565217391304348,0.0,1.0,7.3478260869565215,23
hiba,pad_only,36,0.05,M2,False,0.9774436090225563,0.0,1.0,7.112781954887218,133
hiba,pad_only,36,0.05,M3,False,1.0,0.0,1.0,7.166666666666667,18
hiba,pad_only,36,0.05,B,False,0.9701492537313433,,1.0,7.17910447761194,134
hiba,primary,36,0.05,M1,False,1.0,0.0,1.0,6.521739130434782,23
hiba,primary,36,0.05,M2,False,0.9699248120300752,0.0,1.0,6.917293233082707,133
hiba,primary,36,0.05,M3,False,1.0,0.0,1.0,6.5,18
hiba,primary,36,0.05,B,False,0.9776119402985075,,1.0,6.3059701492537314,134
hiba,pad_only,36,0.1,M1,False,0.9565217391304348,0.0,1.0,6.782608695652174,23
hiba,pad_only,36,0.1,M2,False,0.9548872180451128,0.0,1.0,6.578947368421052,133
hiba,pad_only,36,0.1,M3,False,1.0,0.0,1.0,6.944444444444445,18
hiba,pad_only,36,0.1,B,False,0.9701492537313433,,1.0,6.067164179104478,134
hiba,primary,36,0.1,M1,False,1.0,0.0,1.0,4.913043478260869,23
hiba,primary,36,0.1,M2,False,0.9624060150375939,0.0,1.0,5.12781954887218,133
hiba,primary,36,0.1,M3,False,1.0,0.0,1.0,5.055555555555555,18
hiba,primary,36,0.1,B,False,0.9328358208955224,,0.9925373134328358,4.388059701492537,134
hiba,pad_only,36,0.15,M1,False,0.9130434782608695,0.0,1.0,6.260869565217392,23
hiba,pad_only,36,0.15,M2,False,0.8947368421052632,0.0,1.0,6.067669172932331,133
hiba,pad_only,36,0.15,M3,False,0.8888888888888888,0.0,1.0,5.888888888888889,18
hiba,pad_only,36,0.15,B,False,0.9701492537313433,,1.0,5.544776119402985,134
hiba,primary,36,0.15,M1,False,0.9130434782608695,0.0,1.0,4.043478260869565,23
hiba,primary,36,0.15,M2,False,0.8947368421052632,0.007518796992481203,0.9924812030075187,4.195488721804511,133
hiba,primary,36,0.15,M3,False,0.9444444444444444,0.0,1.0,4.444444444444445,18
hiba,primary,36,0.15,B,False,0.9029850746268657,,0.9477611940298507,3.3805970149253732,134
pad,pad_only,37,0.05,M1,False,1.0,0.0,1.0,6.708333333333333,24
pad,pad_only,37,0.05,M2,False,0.9333333333333333,0.0,1.0,6.103703703703704,135
pad,pad_only,37,0.05,M3,False,0.9759036144578314,0.0,1.0,6.36144578313253,83
pad,pad_only,37,0.05,B,False,1.0,,1.0,4.842105263157895,19
pad,primary,37,0.05,M1,False,0.9583333333333334,0.0,1.0,4.291666666666667,24
pad,primary,37,0.05,M2,False,0.9259259259259259,0.0,1.0,4.148148148148148,135
pad,primary,37,0.05,M3,False,0.9397590361445783,0.0,1.0,3.891566265060241,83
pad,primary,37,0.05,B,False,1.0,,0.9473684210526315,3.526315789473684,19
pad,pad_only,37,0.1,M1,False,0.9583333333333334,0.0,1.0,4.958333333333333,24
pad,pad_only,37,0.1,M2,False,0.9037037037037037,0.007407407407407408,0.9925925925925926,4.42962962962963,135
pad,pad_only,37,0.1,M3,False,0.9036144578313253,0.012048192771084338,0.9879518072289156,4.518072289156627,83
pad,pad_only,37,0.1,B,False,1.0,,1.0,3.3157894736842106,19
pad,primary,37,0.1,M1,False,0.9583333333333334,0.0,1.0,4.25,24
pad,primary,37,0.1,M2,False,0.8888888888888888,0.0,1.0,3.762962962962963,135
pad,primary,37,0.1,M3,False,0.9397590361445783,0.0,1.0,3.5542168674698793,83
pad,primary,37,0.1,B,False,1.0,,0.9473684210526315,3.263157894736842,19
pad,pad_only,37,0.15,M1,False,0.9583333333333334,0.0,1.0,2.875,24
pad,pad_only,37,0.15,M2,False,0.8148148148148148,0.007407407407407408,0.9925925925925926,2.5555555555555554,135
pad,pad_only,37,0.15,M3,False,0.8554216867469879,0.0,1.0,2.855421686746988,83
pad,pad_only,37,0.15,B,False,1.0,,0.631578947368421,2.1052631578947367,19
pad,primary,37,0.15,M1,False,0.9166666666666666,0.0,1.0,3.5,24
pad,primary,37,0.15,M2,False,0.8740740740740741,0.0,1.0,3.0592592592592593,135
pad,primary,37,0.15,M3,False,0.9036144578313253,0.0,1.0,3.0,83
pad,primary,37,0.15,B,False,1.0,,0.9473684210526315,2.789473684210526,19
hiba,pad_only,37,0.05,M1,False,1.0,0.0,1.0,8.0,18
hiba,pad_only,37,0.05,M2,False,0.9210526315789473,0.0,1.0,7.201754385964913,114
hiba,pad_only,37,0.05,M3,False,1.0,0.0,1.0,8.0,17
hiba,pad_only,37,0.05,B,False,1.0,,1.0,7.055865921787709,179
hiba,primary,37,0.05,M1,False,1.0,0.0,1.0,6.333333333333333,18
hiba,primary,37,0.05,M2,False,0.956140350877193,0.0,1.0,6.631578947368421,114
hiba,primary,37,0.05,M3,False,1.0,0.0,1.0,6.588235294117647,17
hiba,primary,37,0.05,B,False,0.9832402234636871,,1.0,6.022346368715084,179
hiba,pad_only,37,0.1,M1,False,1.0,0.0,1.0,7.0,18
hiba,pad_only,37,0.1,M2,False,0.8947368421052632,0.0,1.0,6.2894736842105265,114
hiba,pad_only,37,0.1,M3,False,1.0,0.0,1.0,7.529411764705882,17
hiba,pad_only,37,0.1,B,False,0.994413407821229,,1.0,6.418994413407821,179
hiba,primary,37,0.1,M1,False,0.5,0.0,1.0,3.7777777777777777,18
hiba,primary,37,0.1,M2,False,0.9298245614035088,0.0,1.0,4.9035087719298245,114
hiba,primary,37,0.1,M3,False,1.0,0.0,1.0,4.823529411764706,17
hiba,primary,37,0.1,B,False,0.9608938547486033,,0.9720670391061452,4.067039106145251,179
hiba,pad_only,37,0.15,M1,False,0.8333333333333334,0.0,1.0,5.722222222222222,18
hiba,pad_only,37,0.15,M2,False,0.8070175438596491,0.0,1.0,5.815789473684211,114
hiba,pad_only,37,0.15,M3,False,0.8235294117647058,0.0,1.0,6.529411764705882,17
hiba,pad_only,37,0.15,B,False,0.994413407821229,,1.0,5.597765363128492,179
hiba,primary,37,0.15,M1,False,0.5,0.1111111111111111,0.8888888888888888,3.2222222222222223,18
hiba,primary,37,0.15,M2,False,0.8947368421052632,0.0,1.0,4.228070175438597,114
hiba,primary,37,0.15,M3,False,0.9411764705882353,0.0,1.0,4.117647058823529,17
hiba,primary,37,0.15,B,False,0.9441340782122905,,0.8994413407821229,3.4804469273743015,179
pad,pad_only,38,0.05,M1,False,1.0,0.0,1.0,6.851851851851852,27
pad,pad_only,38,0.05,M2,False,0.9580838323353293,0.0,1.0,6.203592814371257,167
pad,pad_only,38,0.05,M3,False,0.975609756097561,0.0,1.0,6.402439024390244,82
pad,pad_only,38,0.05,B,False,1.0,,1.0,5.2,15
pad,primary,38,0.05,M1,False,0.9629629629629629,0.0,1.0,4.074074074074074,27
pad,primary,38,0.05,M2,False,0.9461077844311377,0.0,1.0,4.053892215568863,167
pad,primary,38,0.05,M3,False,0.9146341463414634,0.0,1.0,3.731707317073171,82
pad,primary,38,0.05,B,False,1.0,,1.0,4.266666666666667,15
pad,pad_only,38,0.1,M1,False,1.0,0.0,1.0,4.481481481481482,27
pad,pad_only,38,0.1,M2,False,0.9221556886227545,0.011976047904191617,0.9880239520958084,4.479041916167665,167
pad,pad_only,38,0.1,M3,False,0.9634146341463414,0.0,1.0,5.097560975609756,82
pad,pad_only,38,0.1,B,False,1.0,,1.0,3.533333333333333,15
pad,primary,38,0.1,M1,False,0.9259259259259259,0.0,1.0,3.888888888888889,27
pad,primary,38,0.1,M2,False,0.8802395209580839,0.0,1.0,3.5269461077844313,167
pad,primary,38,0.1,M3,False,0.9146341463414634,0.0,1.0,3.548780487804878,82
pad,primary,38,0.1,B,False,1.0,,0.9333333333333333,3.8666666666666667,15
pad,pad_only,38,0.15,M1,False,0.9629629629629629,0.0,1.0,2.814814814814815,27
pad,pad_only,38,0.15,M2,False,0.8862275449101796,0.0,1.0,2.808383233532934,167
pad,pad_only,38,0.15,M3,False,0.9390243902439024,0.0,1.0,3.1707317073170733,82
pad,pad_only,38,0.15,B,False,1.0,,0.6666666666666666,2.8,15
pad,primary,38,0.15,M1,False,0.7777777777777778,0.0,1.0,2.5185185185185186,27
pad,primary,38,0.15,M2,False,0.8562874251497006,0.0,1.0,2.7664670658682633,167
pad,primary,38,0.15,M3,False,0.8902439024390244,0.0,1.0,2.8658536585365852,82
pad,primary,38,0.15,B,False,0.8,,0.8666666666666667,2.7333333333333334,15
hiba,pad_only,38,0.05,M1,False,1.0,0.0,1.0,7.529411764705882,17
hiba,pad_only,38,0.05,M2,False,0.9787234042553191,0.0,1.0,6.879432624113475,141
hiba,pad_only,38,0.05,M3,False,1.0,0.0,1.0,7.4,10
hiba,pad_only,38,0.05,B,False,0.9806763285024155,,1.0,7.285024154589372,207
hiba,primary,38,0.05,M1,False,1.0,0.0,1.0,6.235294117647059,17
hiba,primary,38,0.05,M2,False,0.9290780141843972,0.0,1.0,6.460992907801418,141
hiba,primary,38,0.05,M3,False,1.0,0.0,1.0,6.9,10
hiba,primary,38,0.05,B,False,0.9903381642512077,,1.0,5.816425120772947,207
hiba,pad_only,38,0.1,M1,False,1.0,0.0,1.0,7.470588235294118,17
hiba,pad_only,38,0.1,M2,False,0.9645390070921985,0.0,1.0,6.397163120567376,141
hiba,pad_only,38,0.1,M3,False,1.0,0.0,1.0,7.1,10
hiba,pad_only,38,0.1,B,False,0.9806763285024155,,1.0,6.613526570048309,207
hiba,primary,38,0.1,M1,False,0.8823529411764706,0.0,1.0,4.294117647058823,17
hiba,primary,38,0.1,M2,False,0.9219858156028369,0.0,1.0,5.049645390070922,141
hiba,primary,38,0.1,M3,False,1.0,0.0,1.0,5.4,10
hiba,primary,38,0.1,B,False,0.961352657004831,,0.9951690821256038,4.236714975845411,207
hiba,pad_only,38,0.15,M1,False,0.8235294117647058,0.058823529411764705,0.9411764705882353,4.470588235294118,17
hiba,pad_only,38,0.15,M2,False,0.9078014184397163,0.0,1.0,4.808510638297872,141
hiba,pad_only,38,0.15,M3,False,0.9,0.0,1.0,4.6,10
hiba,pad_only,38,0.15,B,False,0.9130434782608695,,0.9806763285024155,4.42512077294686,207
hiba,primary,38,0.15,M1,False,0.8235294117647058,0.0,1.0,3.764705882352941,17
hiba,primary,38,0.15,M2,False,0.8581560283687943,0.0070921985815602835,0.9929078014184397,3.9432624113475176,141
hiba,primary,38,0.15,M3,False,0.9,0.0,1.0,4.6,10
hiba,primary,38,0.15,B,False,0.9468599033816425,,0.8840579710144928,3.241545893719807,207
pad,pad_only,39,0.05,M1,False,0.9032258064516129,0.0,1.0,2.838709677419355,31
pad,pad_only,39,0.05,M2,False,0.9817073170731707,0.0,1.0,3.3902439024390243,164
pad,pad_only,39,0.05,M3,False,0.974025974025974,0.0,1.0,3.2987012987012987,77
pad,pad_only,39,0.05,B,False,0.875,,1.0,4.0,16
pad,primary,39,0.05,M1,False,1.0,0.0,1.0,3.774193548387097,31
pad,primary,39,0.05,M2,False,0.9634146341463414,0.0,1.0,3.5060975609756095,164
pad,primary,39,0.05,M3,False,0.974025974025974,0.0,1.0,3.675324675324675,77
pad,primary,39,0.05,B,False,0.875,,1.0,3.875,16
pad,pad_only,39,0.1,M1,False,0.8709677419354839,0.0,1.0,2.6129032258064515,31
pad,pad_only,39,0.1,M2,False,0.8963414634146342,0.0,1.0,2.75,164
pad,pad_only,39,0.1,M3,False,0.961038961038961,0.0,1.0,2.935064935064935,77
pad,pad_only,39,0.1,B,False,0.8125,,1.0,3.625,16
pad,primary,39,0.1,M1,False,0.8387096774193549,0.0,1.0,2.870967741935484,31
pad,primary,39,0.1,M2,False,0.8902439024390244,0.0,1.0,3.073170731707317,164
pad,primary,39,0.1,M3,False,0.961038961038961,0.0,1.0,3.064935064935065,77
pad,primary,39,0.1,B,False,0.875,,1.0,3.75,16
pad,pad_only,39,0.15,M1,False,0.8064516129032258,0.0,1.0,2.4516129032258065,31
pad,pad_only,39,0.15,M2,False,0.8475609756097561,0.0,1.0,2.4390243902439024,164
pad,pad_only,39,0.15,M3,False,0.935064935064935,0.0,1.0,2.6623376623376624,77
pad,pad_only,39,0.15,B,False,0.8125,,0.875,3.0,16
pad,primary,39,0.15,M1,False,0.8387096774193549,0.0,1.0,2.4838709677419355,31
pad,primary,39,0.15,M2,False,0.8292682926829268,0.0,1.0,2.6890243902439024,164
pad,primary,39,0.15,M3,False,0.8571428571428571,0.0,1.0,2.5974025974025974,77
pad,primary,39,0.15,B,False,0.8125,,1.0,3.125,16
hiba,pad_only,39,0.05,M1,False,0.9090909090909091,0.0,1.0,7.7272727272727275,11
hiba,pad_only,39,0.05,M2,False,0.9739130434782609,0.0,1.0,7.6521739130434785,115
hiba,pad_only,39,0.05,M3,False,1.0,0.0,1.0,7.9411764705882355,17
hiba,pad_only,39,0.05,B,False,1.0,,1.0,7.59375,224
hiba,primary,39,0.05,M1,False,1.0,0.0,1.0,7.0,11
hiba,primary,39,0.05,M2,False,0.9304347826086956,0.0,1.0,7.095652173913043,115
hiba,primary,39,0.05,M3,False,0.9411764705882353,0.0,1.0,6.411764705882353,17
hiba,primary,39,0.05,B,False,1.0,,1.0,5.616071428571429,224
hiba,pad_only,39,0.1,M1,False,0.7272727272727273,0.0,1.0,5.7272727272727275,11
hiba,pad_only,39,0.1,M2,False,0.9565217391304348,0.0,1.0,6.6869565217391305,115
hiba,pad_only,39,0.1,M3,False,0.8823529411764706,0.0,1.0,6.294117647058823,17
hiba,pad_only,39,0.1,B,False,0.9910714285714286,,1.0,5.446428571428571,224
hiba,primary,39,0.1,M1,False,1.0,0.0,1.0,5.545454545454546,11
hiba,primary,39,0.1,M2,False,0.782608695652174,0.0,1.0,4.913043478260869,115
hiba,primary,39,0.1,M3,False,0.8823529411764706,0.0,1.0,4.176470588235294,17
hiba,primary,39,0.1,B,False,0.9866071428571429,,0.9955357142857143,3.4955357142857144,224
hiba,pad_only,39,0.15,M1,False,0.7272727272727273,0.0,1.0,5.545454545454546,11
hiba,pad_only,39,0.15,M2,False,0.9391304347826087,0.0,1.0,6.452173913043478,115
hiba,pad_only,39,0.15,M3,False,0.8823529411764706,0.0,1.0,6.294117647058823,17
hiba,pad_only,39,0.15,B,False,0.9910714285714286,,1.0,5.205357142857143,224
hiba,primary,39,0.15,M1,False,1.0,0.0,1.0,4.2727272727272725,11
hiba,primary,39,0.15,M2,False,0.7391304347826086,0.017391304347826087,0.9826086956521739,3.8347826086956522,115
hiba,primary,39,0.15,M3,False,0.8823529411764706,0.0,1.0,3.4705882352941178,17
hiba,primary,39,0.15,B,False,0.9330357142857143,,0.8169642857142857,2.575892857142857,224
pad,pad_only,40,0.05,M1,False,1.0,0.0,1.0,6.4,30
pad,pad_only,40,0.05,M2,False,0.9276315789473685,0.0,1.0,6.072368421052632,152
pad,pad_only,40,0.05,M3,False,0.9577464788732394,0.0,1.0,6.140845070422535,71
pad,pad_only,40,0.05,B,False,1.0,,1.0,5.933333333333334,15
pad,primary,40,0.05,M1,False,1.0,0.0,1.0,3.8,30
pad,primary,40,0.05,M2,False,0.9802631578947368,0.0,1.0,3.7302631578947367,152
pad,primary,40,0.05,M3,False,0.9859154929577465,0.0,1.0,3.563380281690141,71
pad,primary,40,0.05,B,False,0.7333333333333333,,1.0,3.6666666666666665,15
pad,pad_only,40,0.1,M1,False,0.9666666666666667,0.0,1.0,3.3,30
pad,pad_only,40,0.1,M2,False,0.9078947368421053,0.0,1.0,3.1184210526315788,152
pad,pad_only,40,0.1,M3,False,0.9436619718309859,0.0,1.0,2.9577464788732395,71
pad,pad_only,40,0.1,B,False,0.9333333333333333,,0.7333333333333333,2.8666666666666667,15
pad,primary,40,0.1,M1,False,1.0,0.0,1.0,3.7333333333333334,30
pad,primary,40,0.1,M2,False,0.9407894736842105,0.0,1.0,3.2434210526315788,152
pad,primary,40,0.1,M3,False,0.971830985915493,0.0,1.0,2.732394366197183,71
pad,primary,40,0.1,B,False,0.6,,1.0,3.1333333333333333,15
pad,pad_only,40,0.15,M1,False,0.7666666666666667,0.0,1.0,2.6,30
pad,pad_only,40,0.15,M2,False,0.868421052631579,0.0,1.0,2.6315789473684212,152
pad,pad_only,40,0.15,M3,False,0.9014084507042254,0.0,1.0,2.4507042253521125,71
pad,pad_only,40,0.15,B,False,0.8666666666666667,,0.7333333333333333,2.7333333333333334,15
pad,primary,40,0.15,M1,False,0.9666666666666667,0.0,1.0,3.566666666666667,30
pad,primary,40,0.15,M2,False,0.8618421052631579,0.0,1.0,2.789473684210526,152
pad,primary,40,0.15,M3,False,0.9014084507042254,0.0,1.0,2.5211267605633805,71
pad,primary,40,0.15,B,False,0.6,,1.0,2.8666666666666667,15
hiba,pad_only,40,0.05,M1,False,1.0,0.0,1.0,7.857142857142857,21
hiba,pad_only,40,0.05,M2,False,0.9396551724137931,0.0,1.0,7.370689655172414,116
hiba,pad_only,40,0.05,M3,False,0.9166666666666666,0.0,1.0,7.5,12
hiba,pad_only,40,0.05,B,False,1.0,,1.0,6.967889908256881,218
hiba,primary,40,0.05,M1,False,1.0,0.0,1.0,6.571428571428571,21
hiba,primary,40,0.05,M2,False,0.9655172413793104,0.0,1.0,6.758620689655173,116
hiba,primary,40,0.05,M3,False,1.0,0.0,1.0,6.416666666666667,12
hiba,primary,40,0.05,B,False,0.9908256880733946,,1.0,6.151376146788991,218
hiba,pad_only,40,0.1,M1,False,1.0,0.0,1.0,7.285714285714286,21
hiba,pad_only,40,0.1,M2,False,0.9310344827586207,0.0,1.0,6.620689655172414,116
hiba,pad_only,40,0.1,M3,False,0.9166666666666666,0.0,1.0,6.416666666666667,12
hiba,pad_only,40,0.1,B,False,0.9954128440366973,,1.0,6.247706422018348,218
hiba,primary,40,0.1,M1,False,1.0,0.0,1.0,5.380952380952381,21
hiba,primary,40,0.1,M2,False,0.9396551724137931,0.0,1.0,5.353448275862069,116
hiba,primary,40,0.1,M3,False,0.9166666666666666,0.0,1.0,5.0,12
hiba,primary,40,0.1,B,False,0.9724770642201835,,0.9908256880733946,4.555045871559633,218
hiba,pad_only,40,0.15,M1,False,1.0,0.0,1.0,6.809523809523809,21
hiba,pad_only,40,0.15,M2,False,0.8275862068965517,0.0,1.0,6.008620689655173,116
hiba,pad_only,40,0.15,M3,False,0.9166666666666666,0.0,1.0,5.833333333333333,12
hiba,pad_only,40,0.15,B,False,0.9954128440366973,,1.0,5.60091743119266,218
hiba,primary,40,0.15,M1,False,0.8571428571428571,0.0,1.0,4.190476190476191,21
hiba,primary,40,0.15,M2,False,0.896551724137931,0.0,1.0,4.267241379310345,116
hiba,primary,40,0.15,M3,False,0.8333333333333334,0.0,1.0,4.083333333333333,12
hiba,primary,40,0.15,B,False,0.963302752293578,,0.9311926605504587,3.5045871559633026,218
pad,pad_only,41,0.05,M1,False,1.0,0.0,1.0,7.5,26
pad,pad_only,41,0.05,M2,False,0.9006622516556292,0.0,1.0,6.470198675496689,151
pad,pad_only,41,0.05,M3,False,0.925,0.0,1.0,6.575,80
pad,pad_only,41,0.05,B,True,1.0,,1.0,5.826086956521739,23
pad,primary,41,0.05,M1,False,0.9230769230769231,0.0,1.0,7.076923076923077,26
pad,primary,41,0.05,M2,False,0.9602649006622517,0.0,1.0,6.966887417218543,151
pad,primary,41,0.05,M3,False,0.925,0.0,1.0,6.7125,80
pad,primary,41,0.05,B,True,1.0,,1.0,6.434782608695652,23
pad,pad_only,41,0.1,M1,False,1.0,0.0,1.0,4.730769230769231,26
pad,pad_only,41,0.1,M2,False,0.8807947019867549,0.026490066225165563,0.9735099337748344,4.423841059602649,151
pad,pad_only,41,0.1,M3,False,0.9125,0.0,1.0,4.8875,80
pad,pad_only,41,0.1,B,False,0.9565217391304348,,1.0,3.4347826086956523,23
pad,primary,41,0.1,M1,False,0.8076923076923077,0.0,1.0,3.0,26
pad,primary,41,0.1,M2,False,0.9403973509933775,0.0,1.0,3.80794701986755,151
pad,primary,41,0.1,M3,False,0.9,0.0,1.0,3.525,80
pad,primary,41,0.1,B,False,0.9565217391304348,,1.0,3.6956521739130435,23
pad,pad_only,41,0.15,M1,False,0.9615384615384616,0.0,1.0,3.0,26
pad,pad_only,41,0.15,M2,False,0.8278145695364238,0.0,1.0,2.403973509933775,151
pad,pad_only,41,0.15,M3,False,0.875,0.0,1.0,2.7375,80
pad,pad_only,41,0.15,B,False,0.8695652173913043,,0.6086956521739131,2.4347826086956523,23
pad,primary,41,0.15,M1,False,0.8076923076923077,0.0,1.0,2.4615384615384617,26
pad,primary,41,0.15,M2,False,0.8741721854304636,0.0,1.0,2.947019867549669,151
pad,primary,41,0.15,M3,False,0.875,0.0,1.0,2.8625,80
pad,primary,41,0.15,B,False,0.9565217391304348,,0.9565217391304348,3.217391304347826,23
hiba,pad_only,41,0.05,M1,False,1.0,0.0,1.0,7.333333333333333,18
hiba,pad_only,41,0.05,M2,False,0.9553571428571429,0.0,1.0,6.848214285714286,112
hiba,pad_only,41,0.05,M3,False,1.0,0.0,1.0,7.647058823529412,17
hiba,pad_only,41,0.05,B,False,0.9907407407407407,,1.0,6.847222222222222,216
hiba,primary,41,0.05,M1,False,0.8888888888888888,0.0,1.0,6.166666666666667,18
hiba,primary,41,0.05,M2,False,0.9642857142857143,0.0,1.0,6.6875,112
hiba,primary,41,0.05,M3,False,0.9411764705882353,0.0,1.0,6.176470588235294,17
hiba,primary,41,0.05,B,False,0.9907407407407407,,1.0,5.041666666666667,216
hiba,pad_only,41,0.1,M1,False,0.9444444444444444,0.0,1.0,6.388888888888889,18
hiba,pad_only,41,0.1,M2,False,0.8928571428571429,0.0,1.0,6.348214285714286,112
hiba,pad_only,41,0.1,M3,False,0.8823529411764706,0.0,1.0,6.823529411764706,17
hiba,pad_only,41,0.1,B,False,0.9907407407407407,,0.9953703703703703,5.143518518518518,216
hiba,primary,41,0.1,M1,False,0.8333333333333334,0.0,1.0,4.777777777777778,18
hiba,primary,41,0.1,M2,False,0.9464285714285714,0.0,1.0,4.973214285714286,112
hiba,primary,41,0.1,M3,False,0.8823529411764706,0.0,1.0,4.117647058823529,17
hiba,primary,41,0.1,B,False,0.9629629629629629,,0.9398148148148148,3.3472222222222223,216
hiba,pad_only,41,0.15,M1,False,0.9444444444444444,0.0,1.0,5.277777777777778,18
hiba,pad_only,41,0.15,M2,False,0.8303571428571429,0.008928571428571428,0.9910714285714286,4.732142857142857,112
hiba,pad_only,41,0.15,M3,False,0.8235294117647058,0.058823529411764705,0.9411764705882353,4.882352941176471,17
hiba,pad_only,41,0.15,B,False,0.9398148148148148,,0.9583333333333334,3.9027777777777777,216
hiba,primary,41,0.15,M1,False,0.7222222222222222,0.0,1.0,4.277777777777778,18
hiba,primary,41,0.15,M2,False,0.9017857142857143,0.0,1.0,4.214285714285714,112
hiba,primary,41,0.15,M3,False,0.8823529411764706,0.0,1.0,4.0,17
hiba,primary,41,0.15,B,False,0.9305555555555556,,0.8148148148148148,2.7037037037037037,216
pad,pad_only,42,0.05,M1,False,1.0,0.0,1.0,6.758620689655173,29
pad,pad_only,42,0.05,M2,False,0.9683544303797469,0.0,1.0,6.2215189873417724,158
pad,pad_only,42,0.05,M3,False,0.9367088607594937,0.0,1.0,6.0,79
pad,pad_only,42,0.05,B,False,1.0,,1.0,4.9,20
pad,primary,42,0.05,M1,False,0.9655172413793104,0.0,1.0,4.0344827586206895,29
pad,primary,42,0.05,M2,False,0.9240506329113924,0.0,1.0,3.892405063291139,158
pad,primary,42,0.05,M3,False,0.9367088607594937,0.0,1.0,3.607594936708861,79
pad,primary,42,0.05,B,False,0.95,,0.95,3.3,20
pad,pad_only,42,0.1,M1,False,1.0,0.0,1.0,4.206896551724138,29
pad,pad_only,42,0.1,M2,False,0.9430379746835443,0.006329113924050633,0.9936708860759493,4.715189873417722,158
pad,pad_only,42,0.1,M3,False,0.7721518987341772,0.0379746835443038,0.9620253164556962,4.265822784810126,79
pad,pad_only,42,0.1,B,False,1.0,,1.0,3.5,20
pad,primary,42,0.1,M1,False,0.9310344827586207,0.0,1.0,3.3448275862068964,29
pad,primary,42,0.1,M2,False,0.8734177215189873,0.0,1.0,3.151898734177215,158
pad,primary,42,0.1,M3,False,0.810126582278481,0.0,1.0,2.670886075949367,79
pad,primary,42,0.1,B,False,0.95,,0.8,2.75,20
pad,pad_only,42,0.15,M1,False,1.0,0.0,1.0,3.0689655172413794,29
pad,pad_only,42,0.15,M2,False,0.8354430379746836,0.012658227848101266,0.9873417721518988,2.7341772151898733,158
pad,pad_only,42,0.15,M3,False,0.7341772151898734,0.05063291139240506,0.9493670886075949,2.2025316455696204,79
pad,pad_only,42,0.15,B,False,1.0,,0.8,2.45,20
pad,primary,42,0.15,M1,False,0.8620689655172413,0.0,1.0,2.9655172413793105,29
pad,primary,42,0.15,M2,False,0.810126582278481,0.0,1.0,2.8037974683544302,158
pad,primary,42,0.15,M3,False,0.759493670886076,0.0,1.0,2.481012658227848,79
pad,primary,42,0.15,B,False,0.95,,0.8,2.6,20
hiba,pad_only,42,0.05,M1,True,1.0,0.0,1.0,7.25,32
hiba,pad_only,42,0.05,M2,False,0.9622641509433962,0.0,1.0,6.867924528301887,106
hiba,pad_only,42,0.05,M3,False,1.0,0.0,1.0,7.454545454545454,11
hiba,pad_only,42,0.05,B,False,0.9487179487179487,,1.0,6.205128205128205,156
hiba,primary,42,0.05,M1,True,1.0,0.0,1.0,6.875,32
hiba,primary,42,0.05,M2,False,0.9622641509433962,0.0,1.0,6.19811320754717,106
hiba,primary,42,0.05,M3,False,1.0,0.0,1.0,6.363636363636363,11
hiba,primary,42,0.05,B,False,0.967948717948718,,1.0,5.423076923076923,156
hiba,pad_only,42,0.1,M1,False,0.96875,0.0,1.0,7.0625,32
hiba,pad_only,42,0.1,M2,False,0.9339622641509434,0.0,1.0,6.443396226415095,106
hiba,pad_only,42,0.1,M3,False,1.0,0.0,1.0,7.2727272727272725,11
hiba,pad_only,42,0.1,B,False,0.9487179487179487,,1.0,5.762820512820513,156
hiba,primary,42,0.1,M1,False,1.0,0.0,1.0,5.03125,32
hiba,primary,42,0.1,M2,False,0.9150943396226415,0.0,1.0,4.783018867924528,106
hiba,primary,42,0.1,M3,False,1.0,0.0,1.0,4.636363636363637,11
hiba,primary,42,0.1,B,False,0.9102564102564102,,0.9294871794871795,3.6025641025641026,156
hiba,pad_only,42,0.15,M1,False,0.96875,0.0,1.0,5.4375,32
hiba,pad_only,42,0.15,M2,False,0.8301886792452831,0.0,1.0,4.754716981132075,106
hiba,pad_only,42,0.15,M3,False,0.9090909090909091,0.0,1.0,4.636363636363637,11
hiba,pad_only,42,0.15,B,False,0.9038461538461539,,1.0,4.006410256410256,156
hiba,primary,42,0.15,M1,False,0.84375,0.03125,0.96875,3.28125,32
hiba,primary,42,0.15,M2,False,0.8867924528301887,0.009433962264150943,0.9905660377358491,3.792452830188679,106
hiba,primary,42,0.15,M3,False,0.7272727272727273,0.0,1.0,2.909090909090909,11
hiba,primary,42,0.15,B,False,0.8782051282051282,,0.7628205128205128,2.6666666666666665,156
pad,pad_only,43,0.05,M1,False,1.0,0.0,1.0,6.375,24
pad,pad_only,43,0.05,M2,False,0.9588235294117647,0.0,1.0,6.194117647058824,170
pad,pad_only,43,0.05,M3,False,0.8505747126436781,0.011494252873563218,0.9885057471264368,5.827586206896552,87
pad,pad_only,43,0.05,B,False,1.0,,1.0,5.0,18
pad,primary,43,0.05,M1,False,1.0,0.0,1.0,4.125,24
pad,primary,43,0.05,M2,False,0.9294117647058824,0.0,1.0,4.0,170
pad,primary,43,0.05,M3,False,0.8850574712643678,0.0,1.0,3.5057471264367814,87
pad,primary,43,0.05,B,False,1.0,,1.0,4.055555555555555,18
pad,pad_only,43,0.1,M1,False,0.9583333333333334,0.0,1.0,4.916666666666667,24
pad,pad_only,43,0.1,M2,False,0.8941176470588236,0.011764705882352941,0.9882352941176471,4.341176470588235,170
pad,pad_only,43,0.1,M3,False,0.8390804597701149,0.034482758620689655,0.9655172413793104,4.471264367816092,87
pad,pad_only,43,0.1,B,False,1.0,,1.0,3.1666666666666665,18
pad,primary,43,0.1,M1,False,1.0,0.0,1.0,4.125,24
pad,primary,43,0.1,M2,False,0.8705882352941177,0.0,1.0,3.6411764705882352,170
pad,primary,43,0.1,M3,False,0.8620689655172413,0.0,1.0,3.2873563218390807,87
pad,primary,43,0.1,B,False,1.0,,1.0,3.611111111111111,18
pad,pad_only,43,0.15,M1,False,0.8333333333333334,0.0,1.0,3.0,24
pad,pad_only,43,0.15,M2,False,0.8058823529411765,0.011764705882352941,0.9882352941176471,2.5588235294117645,170
pad,pad_only,43,0.15,M3,False,0.7931034482758621,0.05747126436781609,0.9425287356321839,2.5517241379310347,87
pad,pad_only,43,0.15,B,False,1.0,,0.7777777777777778,2.2777777777777777,18
pad,primary,43,0.15,M1,False,0.9166666666666666,0.0,1.0,3.3333333333333335,24
pad,primary,43,0.15,M2,False,0.8352941176470589,0.0,1.0,2.9647058823529413,170
pad,primary,43,0.15,M3,False,0.7816091954022989,0.0,1.0,2.632183908045977,87
pad,primary,43,0.15,B,False,1.0,,1.0,3.3333333333333335,18
hiba,pad_only,43,0.05,M1,False,1.0,0.0,1.0,7.5,20
hiba,pad_only,43,0.05,M2,False,0.9459459459459459,0.0,1.0,6.891891891891892,111
hiba,pad_only,43,0.05,M3,False,1.0,0.0,1.0,7.181818181818182,11
hiba,pad_only,43,0.05,B,False,0.9770114942528736,,1.0,6.132183908045977,174
hiba,primary,43,0.05,M1,False,1.0,0.0,1.0,5.9,20
hiba,primary,43,0.05,M2,False,0.9819819819819819,0.0,1.0,5.8558558558558556,111
hiba,primary,43,0.05,M3,False,1.0,0.0,1.0,6.545454545454546,11
hiba,primary,43,0.05,B,False,0.9482758620689655,,0.9942528735632183,5.005747126436781,174
hiba,pad_only,43,0.1,M1,False,1.0,0.0,1.0,7.25,20
hiba,pad_only,43,0.1,M2,False,0.9099099099099099,0.0,1.0,6.54054054054054,111
hiba,pad_only,43,0.1,M3,False,1.0,0.0,1.0,6.909090909090909,11
hiba,pad_only,43,0.1,B,False,0.9770114942528736,,1.0,5.7988505747126435,174
hiba,primary,43,0.1,M1,False,1.0,0.0,1.0,4.35,20
hiba,primary,43,0.1,M2,False,0.9369369369369369,0.036036036036036036,0.963963963963964,4.5675675675675675,111
hiba,primary,43,0.1,M3,False,1.0,0.0,1.0,5.090909090909091,11
hiba,primary,43,0.1,B,False,0.896551724137931,,0.896551724137931,3.4195402298850577,174
hiba,pad_only,43,0.15,M1,False,1.0,0.0,1.0,5.7,20
hiba,pad_only,43,0.15,M2,False,0.8648648648648649,0.0,1.0,4.936936936936937,111
hiba,pad_only,43,0.15,M3,False,1.0,0.0,1.0,5.2727272727272725,11
hiba,pad_only,43,0.15,B,False,0.9195402298850575,,1.0,4.344827586206897,174
hiba,primary,43,0.15,M1,False,1.0,0.0,1.0,3.95,20
hiba,primary,43,0.15,M2,False,0.8468468468468469,0.04504504504504504,0.954954954954955,3.6576576576576576,111
hiba,primary,43,0.15,M3,False,1.0,0.0,1.0,4.7272727272727275,11
hiba,primary,43,0.15,B,False,0.8850574712643678,,0.8218390804597702,2.7528735632183907,174
pad,pad_only,44,0.05,M1,False,1.0,0.0,1.0,6.5,26
pad,pad_only,44,0.05,M2,False,0.9662162162162162,0.0,1.0,6.155405405405405,148
pad,pad_only,44,0.05,M3,False,0.9428571428571428,0.0,1.0,6.142857142857143,70
pad,pad_only,44,0.05,B,False,1.0,,1.0,5.45,20
pad,primary,44,0.05,M1,False,0.9230769230769231,0.0,1.0,4.0,26
pad,primary,44,0.05,M2,False,0.9594594594594594,0.0,1.0,3.939189189189189,148
pad,primary,44,0.05,M3,False,0.9857142857142858,0.0,1.0,4.185714285714286,70
pad,primary,44,0.05,B,False,0.95,,1.0,4.15,20
pad,pad_only,44,0.1,M1,False,0.9615384615384616,0.0,1.0,4.423076923076923,26
pad,pad_only,44,0.1,M2,False,0.9121621621621622,0.006756756756756757,0.9932432432432432,4.385135135135135,148
pad,pad_only,44,0.1,M3,False,0.8571428571428571,0.014285714285714285,0.9857142857142858,4.557142857142857,70
pad,pad_only,44,0.1,B,False,1.0,,1.0,3.6,20
pad,primary,44,0.1,M1,False,0.8846153846153846,0.0,1.0,3.230769230769231,26
pad,primary,44,0.1,M2,False,0.9054054054054054,0.0,1.0,3.0675675675675675,148
pad,primary,44,0.1,M3,False,0.9428571428571428,0.0,1.0,3.1142857142857143,70
pad,primary,44,0.1,B,False,0.95,,1.0,3.65,20
pad,pad_only,44,0.15,M1,False,0.9230769230769231,0.0,1.0,2.5,26
pad,pad_only,44,0.15,M2,False,0.8513513513513513,0.0,1.0,2.574324324324324,148
pad,pad_only,44,0.15,M3,False,0.8142857142857143,0.04285714285714286,0.9571428571428572,2.414285714285714,70
pad,pad_only,44,0.15,B,False,1.0,,0.8,2.55,20
pad,primary,44,0.15,M1,False,0.8846153846153846,0.0,1.0,3.1923076923076925,26
pad,primary,44,0.15,M2,False,0.8378378378378378,0.0,1.0,2.7364864864864864,148
pad,primary,44,0.15,M3,False,0.9285714285714286,0.0,1.0,2.942857142857143,70
pad,primary,44,0.15,B,False,0.95,,1.0,3.4,20
hiba,pad_only,44,0.05,M1,False,1.0,0.0,1.0,7.4,15
hiba,pad_only,44,0.05,M2,False,0.975,0.0,1.0,7.158333333333333,120
hiba,pad_only,44,0.05,M3,False,0.8461538461538461,0.0,1.0,6.846153846153846,13
hiba,pad_only,44,0.05,B,False,0.9691629955947136,,1.0,6.541850220264317,227
hiba,primary,44,0.05,M1,False,1.0,0.0,1.0,5.8,15
hiba,primary,44,0.05,M2,False,0.9916666666666667,0.0,1.0,6.216666666666667,120
hiba,primary,44,0.05,M3,False,0.8461538461538461,0.0,1.0,5.461538461538462,13
hiba,primary,44,0.05,B,False,0.960352422907489,,0.9955947136563876,4.850220264317181,227
hiba,pad_only,44,0.1,M1,False,1.0,0.0,1.0,7.4,15
hiba,pad_only,44,0.1,M2,False,0.9666666666666667,0.0,1.0,6.683333333333334,120
hiba,pad_only,44,0.1,M3,False,0.8461538461538461,0.0,1.0,6.538461538461538,13
hiba,pad_only,44,0.1,B,False,0.9691629955947136,,1.0,5.4801762114537445,227
hiba,primary,44,0.1,M1,False,1.0,0.0,1.0,4.733333333333333,15
hiba,primary,44,0.1,M2,False,0.9583333333333334,0.0,1.0,5.033333333333333,120
hiba,primary,44,0.1,M3,False,0.8461538461538461,0.0,1.0,5.153846153846154,13
hiba,primary,44,0.1,B,False,0.9559471365638766,,0.933920704845815,3.7048458149779737,227
hiba,pad_only,44,0.15,M1,False,0.9333333333333333,0.0,1.0,5.466666666666667,15
hiba,pad_only,44,0.15,M2,False,0.9083333333333333,0.0,1.0,5.183333333333334,120
hiba,pad_only,44,0.15,M3,False,0.8461538461538461,0.0,1.0,5.6923076923076925,13
hiba,pad_only,44,0.15,B,False,0.9251101321585903,,0.9823788546255506,4.409691629955947,227
hiba,primary,44,0.15,M1,False,0.6666666666666666,0.06666666666666667,0.9333333333333333,3.3333333333333335,15
hiba,primary,44,0.15,M2,False,0.9333333333333333,0.016666666666666666,0.9833333333333333,4.25,120
hiba,primary,44,0.15,M3,False,0.7692307692307693,0.0,1.0,4.461538461538462,13
hiba,primary,44,0.15,B,False,0.933920704845815,,0.788546255506608,2.947136563876652,227
pad,pad_only,45,0.05,M1,False,1.0,0.0,1.0,6.666666666666667,30
pad,pad_only,45,0.05,M2,False,0.9539473684210527,0.0,1.0,6.230263157894737,152
pad,pad_only,45,0.05,M3,False,0.9545454545454546,0.0,1.0,6.4393939393939394,66
pad,pad_only,45,0.05,B,False,1.0,,1.0,5.0,23
pad,primary,45,0.05,M1,False,1.0,0.0,1.0,4.333333333333333,30
pad,primary,45,0.05,M2,False,0.9473684210526315,0.0,1.0,3.9802631578947367,152
pad,primary,45,0.05,M3,False,1.0,0.0,1.0,4.181818181818182,66
pad,primary,45,0.05,B,False,1.0,,1.0,4.043478260869565,23
pad,pad_only,45,0.1,M1,False,0.9666666666666667,0.0,1.0,4.966666666666667,30
pad,pad_only,45,0.1,M2,False,0.881578947368421,0.006578947368421052,0.993421052631579,4.2631578947368425,152
pad,pad_only,45,0.1,M3,False,0.8939393939393939,0.015151515151515152,0.9848484848484849,4.7272727272727275,66
pad,pad_only,45,0.1,B,False,1.0,,1.0,3.3043478260869565,23
pad,primary,45,0.1,M1,False,1.0,0.0,1.0,4.233333333333333,30
pad,primary,45,0.1,M2,False,0.9078947368421053,0.0,1.0,3.651315789473684,152
pad,primary,45,0.1,M3,False,0.9545454545454546,0.0,1.0,3.5,66
pad,primary,45,0.1,B,False,1.0,,1.0,3.5217391304347827,23
pad,pad_only,45,0.15,M1,False,0.9666666666666667,0.0,1.0,3.0,30
pad,pad_only,45,0.15,M2,False,0.8355263157894737,0.006578947368421052,0.993421052631579,2.5592105263157894,152
pad,pad_only,45,0.15,M3,False,0.803030303030303,0.0,1.0,2.6666666666666665,66
pad,pad_only,45,0.15,B,False,1.0,,0.6521739130434783,2.1739130434782608,23
pad,primary,45,0.15,M1,False,1.0,0.0,1.0,3.7,30
pad,primary,45,0.15,M2,False,0.8223684210526315,0.0,1.0,2.6315789473684212,152
pad,primary,45,0.15,M3,False,0.9393939393939394,0.0,1.0,2.984848484848485,66
pad,primary,45,0.15,B,False,1.0,,0.9565217391304348,3.130434782608696,23
hiba,pad_only,45,0.05,M1,False,1.0,0.0,1.0,6.769230769230769,13
hiba,pad_only,45,0.05,M2,False,0.9402985074626866,0.0,1.0,6.7835820895522385,134
hiba,pad_only,45,0.05,M3,False,1.0,0.0,1.0,6.8,5
hiba,pad_only,45,0.05,B,False,0.9663865546218487,,1.0,6.285714285714286,119
hiba,primary,45,0.05,M1,False,1.0,0.0,1.0,6.615384615384615,13
hiba,primary,45,0.05,M2,False,0.9626865671641791,0.0,1.0,6.67910447761194,134
hiba,primary,45,0.05,M3,False,1.0,0.0,1.0,6.6,5
hiba,primary,45,0.05,B,False,0.9915966386554622,,1.0,5.705882352941177,119
hiba,pad_only,45,0.1,M1,False,1.0,0.0,1.0,6.384615384615385,13
hiba,pad_only,45,0.1,M2,False,0.9104477611940298,0.0,1.0,6.567164179104478,134
hiba,pad_only,45,0.1,M3,False,1.0,0.0,1.0,5.0,5
hiba,pad_only,45,0.1,B,False,0.9663865546218487,,1.0,6.008403361344538,119
hiba,primary,45,0.1,M1,False,0.8461538461538461,0.0,1.0,4.923076923076923,13
hiba,primary,45,0.1,M2,False,0.9104477611940298,0.0,1.0,4.82089552238806,134
hiba,primary,45,0.1,M3,False,0.8,0.0,1.0,3.4,5
hiba,primary,45,0.1,B,False,0.957983193277311,,0.9243697478991597,3.7563025210084033,119
hiba,pad_only,45,0.15,M1,False,1.0,0.0,1.0,4.384615384615385,13
hiba,pad_only,45,0.15,M2,False,0.8582089552238806,0.0,1.0,4.895522388059701,134
hiba,pad_only,45,0.15,M3,False,0.8,0.2,0.8,3.4,5
hiba,pad_only,45,0.15,B,False,0.8907563025210085,,1.0,4.361344537815126,119
hiba,primary,45,0.15,M1,False,0.7692307692307693,0.0,1.0,3.769230769230769,13
hiba,primary,45,0.15,M2,False,0.8656716417910447,0.014925373134328358,0.9850746268656716,3.8582089552238807,134
hiba,primary,45,0.15,M3,False,0.8,0.0,1.0,3.0,5
hiba,primary,45,0.15,B,False,0.8991596638655462,,0.8571428571428571,2.957983193277311,119
pad,pad_only,46,0.05,M1,False,1.0,0.0,1.0,5.172413793103448,29
pad,pad_only,46,0.05,M2,False,0.9602649006622517,0.0,1.0,4.894039735099338,151
pad,pad_only,46,0.05,M3,False,0.9714285714285714,0.0,1.0,5.1,70
pad,pad_only,46,0.05,B,False,0.9375,,1.0,3.5625,16
pad,primary,46,0.05,M1,False,0.9655172413793104,0.0,1.0,4.0,29
pad,primary,46,0.05,M2,False,0.9801324503311258,0.0,1.0,4.086092715231788,151
pad,primary,46,0.05,M3,False,1.0,0.0,1.0,4.285714285714286,70
pad,primary,46,0.05,B,False,1.0,,1.0,3.3125,16
pad,pad_only,46,0.1,M1,False,1.0,0.0,1.0,3.2758620689655173,29
pad,pad_only,46,0.1,M2,False,0.8940397350993378,0.0,1.0,2.947019867549669,151
pad,pad_only,46,0.1,M3,False,0.9,0.014285714285714285,0.9857142857142858,2.8857142857142857,70
pad,pad_only,46,0.1,B,False,0.9375,,0.6875,2.5625,16
pad,primary,46,0.1,M1,False,0.9655172413793104,0.0,1.0,3.896551724137931,29
pad,primary,46,0.1,M2,False,0.9470198675496688,0.0,1.0,3.801324503311258,151
pad,primary,46,0.1,M3,False,0.9428571428571428,0.0,1.0,3.585714285714286,70
pad,primary,46,0.1,B,False,1.0,,0.9375,3.125,16
pad,pad_only,46,0.15,M1,False,0.9655172413793104,0.0,1.0,3.0,29
pad,pad_only,46,0.15,M2,False,0.8344370860927153,0.0,1.0,2.4768211920529803,151
pad,pad_only,46,0.15,M3,False,0.8,0.04285714285714286,0.9571428571428572,2.3857142857142857,70
pad,pad_only,46,0.15,B,False,0.9375,,0.625,2.4375,16
pad,primary,46,0.15,M1,False,0.9310344827586207,0.0,1.0,3.1724137931034484,29
pad,primary,46,0.15,M2,False,0.8741721854304636,0.0,1.0,2.7880794701986753,151
pad,primary,46,0.15,M3,False,0.8714285714285714,0.0,1.0,2.8285714285714287,70
pad,primary,46,0.15,B,False,0.875,,0.8125,2.5625,16
hiba,pad_only,46,0.05,M1,False,1.0,0.0,1.0,7.6875,16
hiba,pad_only,46,0.05,M2,False,0.925,0.0,1.0,6.658333333333333,120
hiba,pad_only,46,0.05,M3,False,0.9230769230769231,0.0,1.0,6.923076923076923,13
hiba,pad_only,46,0.05,B,False,0.9898477157360406,,1.0,6.253807106598985,197
hiba,primary,46,0.05,M1,False,1.0,0.0,1.0,6.625,16
hiba,primary,46,0.05,M2,False,0.9083333333333333,0.0,1.0,6.683333333333334,120
hiba,primary,46,0.05,M3,False,1.0,0.0,1.0,6.769230769230769,13
hiba,primary,46,0.05,B,False,0.9847715736040609,,1.0,5.659898477157361,197
hiba,pad_only,46,0.1,M1,False,1.0,0.0,1.0,7.625,16
hiba,pad_only,46,0.1,M2,False,0.875,0.0,1.0,6.308333333333334,120
hiba,pad_only,46,0.1,M3,False,0.9230769230769231,0.0,1.0,6.6923076923076925,13
hiba,pad_only,46,0.1,B,False,0.9898477157360406,,1.0,5.619289340101523,197
hiba,primary,46,0.1,M1,False,1.0,0.0,1.0,5.0,16
hiba,primary,46,0.1,M2,False,0.85,0.0,1.0,4.858333333333333,120
hiba,primary,46,0.1,M3,False,0.9230769230769231,0.0,1.0,5.538461538461538,13
hiba,primary,46,0.1,B,False,0.9543147208121827,,0.9898477157360406,3.8883248730964466,197
hiba,pad_only,46,0.15,M1,False,1.0,0.0,1.0,5.625,16
hiba,pad_only,46,0.15,M2,False,0.8416666666666667,0.0,1.0,4.816666666666666,120
hiba,pad_only,46,0.15,M3,False,0.8461538461538461,0.0,1.0,4.846153846153846,13
hiba,pad_only,46,0.15,B,False,0.934010152284264,,0.9898477157360406,3.9086294416243654,197
hiba,primary,46,0.15,M1,False,0.875,0.0,1.0,3.875,16
hiba,primary,46,0.15,M2,False,0.7833333333333333,0.0,1.0,3.75,120
hiba,primary,46,0.15,M3,False,0.9230769230769231,0.0,1.0,4.615384615384615,13
hiba,primary,46,0.15,B,False,0.9187817258883249,,0.8527918781725888,2.8934010152284264,197
pad,pad_only,47,0.05,M1,False,0.8148148148148148,0.037037037037037035,0.9629629629629629,5.518518518518518,27
pad,pad_only,47,0.05,M2,False,0.954248366013072,0.0,1.0,6.352941176470588,153
pad,pad_only,47,0.05,M3,False,0.9264705882352942,0.0,1.0,6.205882352941177,68
pad,pad_only,47,0.05,B,False,1.0,,1.0,5.388888888888889,18
pad,primary,47,0.05,M1,False,1.0,0.0,1.0,4.703703703703703,27
pad,primary,47,0.05,M2,False,0.9673202614379085,0.0,1.0,4.0,153
pad,primary,47,0.05,M3,False,0.9264705882352942,0.0,1.0,3.764705882352941,68
pad,primary,47,0.05,B,False,0.9444444444444444,,1.0,4.055555555555555,18
pad,pad_only,47,0.1,M1,False,0.8148148148148148,0.037037037037037035,0.9629629629629629,4.185185185185185,27
pad,pad_only,47,0.1,M2,False,0.8888888888888888,0.0196078431372549,0.9803921568627451,4.620915032679738,153
pad,pad_only,47,0.1,M3,False,0.8970588235294118,0.014705882352941176,0.9852941176470589,4.602941176470588,68
pad,pad_only,47,0.1,B,False,1.0,,1.0,3.9444444444444446,18
pad,primary,47,0.1,M1,False,0.9629629629629629,0.0,1.0,3.8518518518518516,27
pad,primary,47,0.1,M2,False,0.934640522875817,0.0,1.0,3.2745098039215685,153
pad,primary,47,0.1,M3,False,0.8529411764705882,0.0,1.0,2.8676470588235294,68
pad,primary,47,0.1,B,False,0.8888888888888888,,1.0,3.388888888888889,18
pad,pad_only,47,0.15,M1,False,0.8148148148148148,0.0,1.0,2.259259259259259,27
pad,pad_only,47,0.15,M2,False,0.8366013071895425,0.006535947712418301,0.9934640522875817,2.738562091503268,153
pad,pad_only,47,0.15,M3,False,0.8970588235294118,0.0,1.0,2.9411764705882355,68
pad,pad_only,47,0.15,B,False,1.0,,0.7777777777777778,2.888888888888889,18
pad,primary,47,0.15,M1,False,0.8888888888888888,0.0,1.0,3.4444444444444446,27
pad,primary,47,0.15,M2,False,0.8562091503267973,0.0,1.0,2.8366013071895426,153
pad,primary,47,0.15,M3,False,0.8235294117647058,0.0,1.0,2.661764705882353,68
pad,primary,47,0.15,B,False,0.8333333333333334,,1.0,3.111111111111111,18
hiba,pad_only,47,0.05,M1,False,1.0,0.0,1.0,7.166666666666667,18
hiba,pad_only,47,0.05,M2,False,0.9913793103448276,0.0,1.0,7.129310344827586,116
hiba,pad_only,47,0.05,M3,False,1.0,0.0,1.0,7.625,8
hiba,pad_only,47,0.05,B,False,0.9685534591194969,,1.0,7.188679245283019,159
hiba,primary,47,0.05,M1,False,0.8888888888888888,0.0,1.0,5.388888888888889,18
hiba,primary,47,0.05,M2,False,0.9051724137931034,0.008620689655172414,0.9913793103448276,5.327586206896552,116
hiba,primary,47,0.05,M3,False,1.0,0.0,1.0,6.0,8
hiba,primary,47,0.05,B,False,0.9622641509433962,,1.0,4.773584905660377,159
hiba,pad_only,47,0.1,M1,False,0.9444444444444444,0.0,1.0,6.277777777777778,18
hiba,pad_only,47,0.1,M2,False,0.896551724137931,0.0,1.0,6.422413793103448,116
hiba,pad_only,47,0.1,M3,False,1.0,0.0,1.0,7.375,8
hiba,pad_only,47,0.1,B,False,0.9685534591194969,,1.0,6.10062893081761,159
hiba,primary,47,0.1,M1,False,0.8333333333333334,0.0,1.0,4.333333333333333,18
hiba,primary,47,0.1,M2,False,0.8275862068965517,0.034482758620689655,0.9655172413793104,4.068965517241379,116
hiba,primary,47,0.1,M3,False,1.0,0.0,1.0,5.375,8
hiba,primary,47,0.1,B,False,0.9371069182389937,,0.9119496855345912,3.3333333333333335,159
hiba,pad_only,47,0.15,M1,False,0.9444444444444444,0.0,1.0,4.944444444444445,18
hiba,pad_only,47,0.15,M2,False,0.8620689655172413,0.017241379310344827,0.9827586206896551,4.827586206896552,116
hiba,pad_only,47,0.15,M3,False,1.0,0.0,1.0,5.125,8
hiba,pad_only,47,0.15,B,False,0.9308176100628931,,0.9937106918238994,4.2578616352201255,159
hiba,primary,47,0.15,M1,False,0.8333333333333334,0.0,1.0,4.166666666666667,18
hiba,primary,47,0.15,M2,False,0.8103448275862069,0.05172413793103448,0.9482758620689655,3.706896551724138,116
hiba,primary,47,0.15,M3,False,1.0,0.0,1.0,4.75,8
hiba,primary,47,0.15,B,False,0.9245283018867925,,0.8553459119496856,2.9245283018867925,159
pad,pad_only,48,0.05,M1,False,1.0,0.0,1.0,6.620689655172414,29
pad,pad_only,48,0.05,M2,False,0.9444444444444444,0.0,1.0,6.2407407407407405,162
pad,pad_only,48,0.05,M3,False,0.9523809523809523,0.0,1.0,6.333333333333333,63
pad,pad_only,48,0.05,B,False,1.0,,1.0,5.214285714285714,14
pad,primary,48,0.05,M1,False,0.9655172413793104,0.0,1.0,4.206896551724138,29
pad,primary,48,0.05,M2,False,0.9691358024691358,0.0,1.0,4.018518518518518,162
pad,primary,48,0.05,M3,False,1.0,0.0,1.0,4.365079365079365,63
pad,primary,48,0.05,B,False,0.9285714285714286,,1.0,4.0,14
pad,pad_only,48,0.1,M1,False,1.0,0.0,1.0,4.793103448275862,29
pad,pad_only,48,0.1,M2,False,0.9074074074074074,0.012345679012345678,0.9876543209876543,4.425925925925926,162
pad,pad_only,48,0.1,M3,False,0.8571428571428571,0.015873015873015872,0.9841269841269841,4.825396825396825,63
pad,pad_only,48,0.1,B,False,1.0,,1.0,3.9285714285714284,14
pad,primary,48,0.1,M1,False,0.9655172413793104,0.0,1.0,3.793103448275862,29
pad,primary,48,0.1,M2,False,0.9382716049382716,0.0,1.0,3.246913580246914,162
pad,primary,48,0.1,M3,False,0.9047619047619048,0.0,1.0,3.2063492063492065,63
pad,primary,48,0.1,B,False,0.9285714285714286,,1.0,3.142857142857143,14
pad,pad_only,48,0.15,M1,False,0.9655172413793104,0.0,1.0,3.0689655172413794,29
pad,pad_only,48,0.15,M2,False,0.8888888888888888,0.0,1.0,2.6604938271604937,162
pad,pad_only,48,0.15,M3,False,0.7936507936507936,0.047619047619047616,0.9523809523809523,2.634920634920635,63
pad,pad_only,48,0.15,B,False,0.9285714285714286,,0.8571428571428571,2.5714285714285716,14
pad,primary,48,0.15,M1,False,0.896551724137931,0.0,1.0,2.896551724137931,29
pad,primary,48,0.15,M2,False,0.8580246913580247,0.0,1.0,2.808641975308642,162
pad,primary,48,0.15,M3,False,0.8888888888888888,0.0,1.0,2.9206349206349205,63
pad,primary,48,0.15,B,False,0.8571428571428571,,1.0,2.857142857142857,14
hiba,pad_only,48,0.05,M1,False,1.0,0.0,1.0,7.5,14
hiba,pad_only,48,0.05,M2,False,0.9603174603174603,0.0,1.0,7.031746031746032,126
hiba,pad_only,48,0.05,M3,False,1.0,0.0,1.0,7.785714285714286,14
hiba,pad_only,48,0.05,B,False,0.9747899159663865,,1.0,6.781512605042017,119
hiba,primary,48,0.05,M1,False,0.7857142857142857,0.0,1.0,5.714285714285714,14
hiba,primary,48,0.05,M2,False,0.9603174603174603,0.0,1.0,6.507936507936508,126
hiba,primary,48,0.05,M3,False,0.9285714285714286,0.0,1.0,6.071428571428571,14
hiba,primary,48,0.05,B,False,1.0,,1.0,5.689075630252101,119
hiba,pad_only,48,0.1,M1,False,0.9285714285714286,0.0,1.0,6.5,14
hiba,pad_only,48,0.1,M2,False,0.8650793650793651,0.0,1.0,6.365079365079365,126
hiba,pad_only,48,0.1,M3,False,0.5,0.0,1.0,5.714285714285714,14
hiba,pad_only,48,0.1,B,False,0.9747899159663865,,1.0,5.80672268907563,119
hiba,primary,48,0.1,M1,False,0.7857142857142857,0.0,1.0,5.0,14
hiba,primary,48,0.1,M2,False,0.8571428571428571,0.015873015873015872,0.9841269841269841,4.992063492063492,126
hiba,primary,48,0.1,M3,False,0.8571428571428571,0.0,1.0,5.428571428571429,14
hiba,primary,48,0.1,B,False,1.0,,1.0,4.294117647058823,119
hiba,pad_only,48,0.15,M1,False,0.7142857142857143,0.0,1.0,4.714285714285714,14
hiba,pad_only,48,0.15,M2,False,0.8174603174603174,0.007936507936507936,0.9920634920634921,4.690476190476191,126
hiba,pad_only,48,0.15,M3,False,0.5,0.07142857142857142,0.9285714285714286,4.142857142857143,14
hiba,pad_only,48,0.15,B,False,0.907563025210084,,1.0,4.579831932773109,119
hiba,primary,48,0.15,M1,False,0.7857142857142857,0.0,1.0,4.0,14
hiba,primary,48,0.15,M2,False,0.8095238095238095,0.031746031746031744,0.9682539682539683,3.8968253968253967,126
hiba,primary,48,0.15,M3,False,0.7857142857142857,0.0,1.0,3.9285714285714284,14
hiba,primary,48,0.15,B,False,0.957983193277311,,0.865546218487395,3.369747899159664,119
pad,pad_only,49,0.05,M1,False,0.9,0.0,1.0,5.866666666666666,30
pad,pad_only,49,0.05,M2,False,0.9741935483870968,0.0,1.0,6.27741935483871,155
pad,pad_only,49,0.05,M3,False,1.0,0.0,1.0,6.25,60
pad,pad_only,49,0.05,B,False,1.0,,1.0,5.333333333333333,15
pad,primary,49,0.05,M1,False,1.0,0.0,1.0,4.3,30
pad,primary,49,0.05,M2,False,0.9741935483870968,0.0,1.0,4.148387096774194,155
pad,primary,49,0.05,M3,False,0.9833333333333333,0.0,1.0,4.15,60
pad,primary,49,0.05,B,False,1.0,,1.0,4.2,15
pad,pad_only,49,0.1,M1,False,0.7333333333333333,0.0,1.0,2.3666666666666667,30
pad,pad_only,49,0.1,M2,False,0.9290322580645162,0.0,1.0,3.1032258064516127,155
pad,pad_only,49,0.1,M3,False,0.9833333333333333,0.016666666666666666,0.9833333333333333,3.15,60
pad,pad_only,49,0.1,B,False,0.8666666666666667,,0.8,3.1333333333333333,15
pad,primary,49,0.1,M1,False,0.9666666666666667,0.0,1.0,3.6,30
pad,primary,49,0.1,M2,False,0.9354838709677419,0.0,1.0,3.2,155
pad,primary,49,0.1,M3,False,0.9666666666666667,0.0,1.0,3.0833333333333335,60
pad,primary,49,0.1,B,False,0.9333333333333333,,1.0,3.6666666666666665,15
pad,pad_only,49,0.15,M1,False,0.7333333333333333,0.0,1.0,2.1,30
pad,pad_only,49,0.15,M2,False,0.8709677419354839,0.0,1.0,2.6451612903225805,155
pad,pad_only,49,0.15,M3,False,0.9333333333333333,0.016666666666666666,0.9833333333333333,2.6333333333333333,60
pad,pad_only,49,0.15,B,False,0.8,,0.7333333333333333,2.4,15
pad,primary,49,0.15,M1,False,0.9333333333333333,0.0,1.0,3.3666666666666667,30
pad,primary,49,0.15,M2,False,0.8903225806451613,0.0,1.0,2.8838709677419354,155
pad,primary,49,0.15,M3,False,0.95,0.0,1.0,2.9,60
pad,primary,49,0.15,B,False,0.9333333333333333,,1.0,3.1333333333333333,15
hiba,pad_only,49,0.05,M1,False,1.0,0.0,1.0,7.842105263157895,19
hiba,pad_only,49,0.05,M2,False,0.9310344827586207,0.0,1.0,7.198275862068965,116
hiba,pad_only,49,0.05,M3,False,1.0,0.0,1.0,7.9375,16
hiba,pad_only,49,0.05,B,False,1.0,,1.0,7.096256684491979,187
hiba,primary,49,0.05,M1,False,0.8421052631578947,0.0,1.0,5.0,19
hiba,primary,49,0.05,M2,False,0.9224137931034483,0.0,1.0,6.232758620689655,116
hiba,primary,49,0.05,M3,False,0.9375,0.0,1.0,5.875,16
hiba,primary,49,0.05,B,False,0.9732620320855615,,1.0,5.737967914438503,187
hiba,pad_only,49,0.1,M1,False,0.9473684210526315,0.0,1.0,6.315789473684211,19
hiba,pad_only,49,0.1,M2,False,0.853448275862069,0.0,1.0,6.163793103448276,116
hiba,pad_only,49,0.1,M3,False,0.875,0.0,1.0,6.9375,16
hiba,pad_only,49,0.1,B,False,1.0,,1.0,6.245989304812834,187
hiba,primary,49,0.1,M1,False,0.8421052631578947,0.0,1.0,4.368421052631579,19
hiba,primary,49,0.1,M2,False,0.8793103448275862,0.008620689655172414,0.9913793103448276,4.939655172413793,116
hiba,primary,49,0.1,M3,False,0.9375,0.0,1.0,4.8125,16
hiba,primary,49,0.1,B,False,0.9572192513368984,,0.9946524064171123,4.470588235294118,187
hiba,pad_only,49,0.15,M1,False,0.8947368421052632,0.0,1.0,4.7894736842105265,19
hiba,pad_only,49,0.15,M2,False,0.75,0.02586206896551724,0.9741379310344828,4.5344827586206895,116
hiba,pad_only,49,0.15,M3,False,0.875,0.0,1.0,5.25,16
hiba,pad_only,49,0.15,B,False,0.9411764705882353,,1.0,4.716577540106952,187
hiba,primary,49,0.15,M1,False,0.7894736842105263,0.0,1.0,3.6315789473684212,19
hiba,primary,49,0.15,M2,False,0.8275862068965517,0.02586206896551724,0.9741379310344828,3.663793103448276,116
hiba,primary,49,0.15,M3,False,0.9375,0.0,1.0,4.1875,16
hiba,primary,49,0.15,B,False,0.8983957219251337,,0.9732620320855615,3.3957219251336896,187
pad,pad_only,50,0.05,M1,True,1.0,0.0,1.0,7.228571428571429,35
pad,pad_only,50,0.05,M2,False,0.9241379310344827,0.0,1.0,6.027586206896552,145
pad,pad_only,50,0.05,M3,False,0.9433962264150944,0.0,1.0,6.377358490566038,53
pad,pad_only,50,0.05,B,False,1.0,,1.0,4.875,16
pad,primary,50,0.05,M1,True,1.0,0.0,1.0,4.942857142857143,35
pad,primary,50,0.05,M2,False,0.9724137931034482,0.0,1.0,4.117241379310345,145
pad,primary,50,0.05,M3,False,0.9622641509433962,0.0,1.0,3.9245283018867925,53
pad,primary,50,0.05,B,False,1.0,,1.0,4.0,16
pad,pad_only,50,0.1,M1,False,0.9714285714285714,0.0,1.0,4.6,35
pad,pad_only,50,0.1,M2,False,0.8689655172413793,0.027586206896551724,0.9724137931034482,4.3517241379310345,145
pad,pad_only,50,0.1,M3,False,0.9245283018867925,0.0,1.0,5.037735849056604,53
pad,pad_only,50,0.1,B,False,1.0,,1.0,3.1875,16
pad,primary,50,0.1,M1,False,0.9714285714285714,0.0,1.0,4.085714285714285,35
pad,primary,50,0.1,M2,False,0.9310344827586207,0.0,1.0,3.8,145
pad,primary,50,0.1,M3,False,0.9056603773584906,0.0,1.0,3.358490566037736,53
pad,primary,50,0.1,B,False,1.0,,1.0,3.6875,16
pad,pad_only,50,0.15,M1,False,0.8857142857142857,0.0,1.0,2.657142857142857,35
pad,pad_only,50,0.15,M2,False,0.8482758620689655,0.0,1.0,2.5724137931034483,145
pad,pad_only,50,0.15,M3,False,0.9245283018867925,0.0,1.0,2.8867924528301887,53
pad,pad_only,50,0.15,B,False,1.0,,0.625,2.375,16
pad,primary,50,0.15,M1,False,0.9714285714285714,0.0,1.0,3.4571428571428573,35
pad,primary,50,0.15,M2,False,0.8896551724137931,0.0,1.0,2.9931034482758623,145
pad,primary,50,0.15,M3,False,0.9056603773584906,0.0,1.0,2.849056603773585,53
pad,primary,50,0.15,B,False,1.0,,0.8125,3.25,16
hiba,pad_only,50,0.05,M1,False,1.0,0.0,1.0,7.384615384615385,13
hiba,pad_only,50,0.05,M2,False,0.9781021897810219,0.0,1.0,7.029197080291971,137
hiba,pad_only,50,0.05,M3,False,1.0,0.0,1.0,7.294117647058823,17
hiba,pad_only,50,0.05,B,False,0.9708333333333333,,1.0,7.120833333333334,240
hiba,primary,50,0.05,M1,False,1.0,0.0,1.0,6.6923076923076925,13
hiba,primary,50,0.05,M2,False,0.9927007299270073,0.0,1.0,7.007299270072993,137
hiba,primary,50,0.05,M3,False,1.0,0.0,1.0,6.470588235294118,17
hiba,primary,50,0.05,B,False,0.9958333333333333,,1.0,5.883333333333334,240
hiba,pad_only,50,0.1,M1,False,1.0,0.0,1.0,7.3076923076923075,13
hiba,pad_only,50,0.1,M2,False,0.9416058394160584,0.0,1.0,6.423357664233577,137
hiba,pad_only,50,0.1,M3,False,1.0,0.0,1.0,7.117647058823529,17
hiba,pad_only,50,0.1,B,False,0.9708333333333333,,1.0,6.566666666666666,240
hiba,primary,50,0.1,M1,False,1.0,0.0,1.0,4.923076923076923,13
hiba,primary,50,0.1,M2,False,0.9343065693430657,0.021897810218978103,0.9781021897810219,4.868613138686132,137
hiba,primary,50,0.1,M3,False,1.0,0.0,1.0,4.529411764705882,17
hiba,primary,50,0.1,B,False,0.9833333333333333,,0.9541666666666667,3.7416666666666667,240
hiba,pad_only,50,0.15,M1,False,0.9230769230769231,0.0,1.0,5.384615384615385,13
hiba,pad_only,50,0.15,M2,False,0.927007299270073,0.0,1.0,5.0510948905109485,137
hiba,pad_only,50,0.15,M3,False,0.9411764705882353,0.0,1.0,5.0,17
hiba,pad_only,50,0.15,B,False,0.9291666666666667,,0.975,4.05,240
hiba,primary,50,0.15,M1,False,1.0,0.0,1.0,4.153846153846154,13
hiba,primary,50,0.15,M2,False,0.927007299270073,0.021897810218978103,0.9781021897810219,4.313868613138686,137
hiba,primary,50,0.15,M3,False,0.9411764705882353,0.0,1.0,3.764705882352941,17
hiba,primary,50,0.15,B,False,0.9625,,0.8125,2.7666666666666666,240
pad,pad_only,51,0.05,M1,False,0.9375,0.0,1.0,5.71875,32
pad,pad_only,51,0.05,M2,False,0.9426751592356688,0.0,1.0,6.32484076433121,157
pad,pad_only,51,0.05,M3,False,1.0,0.0,1.0,6.818181818181818,77
pad,pad_only,51,0.05,B,False,1.0,,1.0,5.368421052631579,19
pad,primary,51,0.05,M1,False,0.875,0.0,1.0,3.625,32
pad,primary,51,0.05,M2,False,0.9044585987261147,0.0,1.0,3.662420382165605,157
pad,primary,51,0.05,M3,False,0.974025974025974,0.0,1.0,4.064935064935065,77
pad,primary,51,0.05,B,False,0.9473684210526315,,0.9473684210526315,4.2105263157894735,19
pad,pad_only,51,0.1,M1,False,0.8125,0.03125,0.96875,4.34375,32
pad,pad_only,51,0.1,M2,False,0.8726114649681529,0.01910828025477707,0.9808917197452229,4.261146496815287,157
pad,pad_only,51,0.1,M3,False,0.948051948051948,0.0,1.0,5.064935064935065,77
pad,pad_only,51,0.1,B,False,1.0,,1.0,3.6315789473684212,19
pad,primary,51,0.1,M1,False,0.71875,0.0,1.0,2.25,32
pad,primary,51,0.1,M2,False,0.8152866242038217,0.0,1.0,2.7770700636942673,157
pad,primary,51,0.1,M3,False,0.935064935064935,0.0,1.0,3.207792207792208,77
pad,primary,51,0.1,B,False,0.9473684210526315,,0.9473684210526315,3.0526315789473686,19
pad,pad_only,51,0.15,M1,False,0.8125,0.0,1.0,2.46875,32
pad,pad_only,51,0.15,M2,False,0.8407643312101911,0.006369426751592357,0.9936305732484076,2.624203821656051,157
pad,pad_only,51,0.15,M3,False,0.8701298701298701,0.0,1.0,2.8181818181818183,77
pad,pad_only,51,0.15,B,False,1.0,,0.7368421052631579,2.736842105263158,19
pad,primary,51,0.15,M1,False,0.6875,0.0,1.0,1.9375,32
pad,primary,51,0.15,M2,False,0.7579617834394905,0.0,1.0,2.5605095541401273,157
pad,primary,51,0.15,M3,False,0.8831168831168831,0.0,1.0,2.9220779220779223,77
pad,primary,51,0.15,B,False,0.9473684210526315,,0.8947368421052632,2.6842105263157894,19
hiba,pad_only,51,0.05,M1,False,0.6666666666666666,0.0,1.0,7.333333333333333,3
hiba,pad_only,51,0.05,M2,False,0.950354609929078,0.0,1.0,7.23404255319149,141
hiba,pad_only,51,0.05,M3,False,1.0,0.0,1.0,7.875,8
hiba,pad_only,51,0.05,B,False,1.0,,1.0,7.049689440993789,161
hiba,primary,51,0.05,M1,False,1.0,0.0,1.0,5.333333333333333,3
hiba,primary,51,0.05,M2,False,0.9716312056737588,0.0,1.0,6.6453900709219855,141
hiba,primary,51,0.05,M3,False,1.0,0.0,1.0,6.75,8
hiba,primary,51,0.05,B,False,0.9875776397515528,,1.0,5.788819875776397,161
hiba,pad_only,51,0.1,M1,False,0.6666666666666666,0.0,1.0,5.333333333333333,3
hiba,pad_only,51,0.1,M2,False,0.9078014184397163,0.0,1.0,6.375886524822695,141
hiba,pad_only,51,0.1,M3,False,1.0,0.0,1.0,7.0,8
hiba,pad_only,51,0.1,B,False,0.9813664596273292,,1.0,6.037267080745342,161
hiba,primary,51,0.1,M1,False,1.0,0.0,1.0,4.666666666666667,3
hiba,primary,51,0.1,M2,False,0.9361702127659575,0.0,1.0,5.212765957446808,141
hiba,primary,51,0.1,M3,False,1.0,0.0,1.0,5.125,8
hiba,primary,51,0.1,B,False,0.968944099378882,,0.9813664596273292,4.130434782608695,161
hiba,pad_only,51,0.15,M1,False,0.6666666666666666,0.0,1.0,4.666666666666667,3
hiba,pad_only,51,0.15,M2,False,0.8794326241134752,0.0070921985815602835,0.9929078014184397,4.886524822695035,141
hiba,pad_only,51,0.15,M3,False,0.875,0.0,1.0,4.625,8
hiba,pad_only,51,0.15,B,False,0.9316770186335404,,0.9875776397515528,3.9440993788819876,161
hiba,primary,51,0.15,M1,False,1.0,0.0,1.0,4.333333333333333,3
hiba,primary,51,0.15,M2,False,0.9148936170212766,0.0070921985815602835,0.9929078014184397,4.3120567375886525,141
hiba,primary,51,0.15,M3,False,1.0,0.0,1.0,3.875,8
hiba,primary,51,0.15,B,False,0.9503105590062112,,0.8571428571428571,3.1614906832298137,161
pad,pad_only,52,0.05,M1,False,1.0,0.0,1.0,7.481481481481482,27
pad,pad_only,52,0.05,M2,False,0.9302325581395349,0.0,1.0,6.598837209302325,172
pad,pad_only,52,0.05,M3,False,0.9384615384615385,0.0,1.0,6.476923076923077,65
pad,pad_only,52,0.05,B,True,1.0,,1.0,6.375,24
pad,primary,52,0.05,M1,False,1.0,0.0,1.0,7.592592592592593,27
pad,primary,52,0.05,M2,False,0.9418604651162791,0.0,1.0,6.97093023255814,172
pad,primary,52,0.05,M3,False,0.9846153846153847,0.0,1.0,7.184615384615385,65
pad,primary,52,0.05,B,True,1.0,,1.0,6.666666666666667,24
pad,pad_only,52,0.1,M1,False,1.0,0.0,1.0,5.0,27
pad,pad_only,52,0.1,M2,False,0.872093023255814,0.011627906976744186,0.9883720930232558,4.383720930232558,172
pad,pad_only,52,0.1,M3,False,0.9230769230769231,0.015384615384615385,0.9846153846153847,4.8307692307692305,65
pad,pad_only,52,0.1,B,False,0.9583333333333334,,1.0,3.7083333333333335,24
pad,primary,52,0.1,M1,False,1.0,0.0,1.0,4.444444444444445,27
pad,primary,52,0.1,M2,False,0.877906976744186,0.0,1.0,3.5988372093023258,172
pad,primary,52,0.1,M3,False,0.9230769230769231,0.0,1.0,3.4461538461538463,65
pad,primary,52,0.1,B,False,1.0,,1.0,3.8333333333333335,24
pad,pad_only,52,0.15,M1,False,1.0,0.0,1.0,3.3703703703703702,27
pad,pad_only,52,0.15,M2,False,0.7848837209302325,0.0,1.0,2.4651162790697674,172
pad,pad_only,52,0.15,M3,False,0.9076923076923077,0.015384615384615385,0.9846153846153847,2.8153846153846156,65
pad,pad_only,52,0.15,B,False,0.9166666666666666,,0.7916666666666666,2.7916666666666665,24
pad,primary,52,0.15,M1,False,1.0,0.0,1.0,4.333333333333333,27
pad,primary,52,0.15,M2,False,0.7848837209302325,0.023255813953488372,0.9767441860465116,3.1627906976744184,172
pad,primary,52,0.15,M3,False,0.7692307692307693,0.0,1.0,3.0307692307692307,65
pad,primary,52,0.15,B,False,1.0,,1.0,3.75,24
hiba,pad_only,52,0.05,M1,False,0.9333333333333333,0.0,1.0,7.2,15
hiba,pad_only,52,0.05,M2,False,0.9586776859504132,0.0,1.0,6.958677685950414,121
hiba,pad_only,52,0.05,M3,False,0.7777777777777778,0.0,1.0,6.388888888888889,18
hiba,pad_only,52,0.05,B,False,0.944,,1.0,6.128,125
hiba,primary,52,0.05,M1,False,1.0,0.0,1.0,6.333333333333333,15
hiba,primary,52,0.05,M2,False,0.9669421487603306,0.0,1.0,6.8347107438016526,121
hiba,primary,52,0.05,M3,False,0.7777777777777778,0.0,1.0,4.944444444444445,18
hiba,primary,52,0.05,B,False,0.984,,1.0,5.528,125
hiba,pad_only,52,0.1,M1,False,0.8666666666666667,0.0,1.0,5.866666666666666,15
hiba,pad_only,52,0.1,M2,False,0.9421487603305785,0.0,1.0,6.636363636363637,121
hiba,pad_only,52,0.1,M3,False,0.7777777777777778,0.0,1.0,6.388888888888889,18
hiba,pad_only,52,0.1,B,False,0.944,,1.0,5.56,125
hiba,primary,52,0.1,M1,False,1.0,0.0,1.0,4.466666666666667,15
hiba,primary,52,0.1,M2,False,0.9504132231404959,0.0,1.0,4.9421487603305785,121
hiba,primary,52,0.1,M3,False,0.7222222222222222,0.0,1.0,3.5555555555555554,18
hiba,primary,52,0.1,B,False,0.928,,0.928,3.664,125
hiba,pad_only,52,0.15,M1,False,0.8666666666666667,0.0,1.0,4.866666666666666,15
hiba,pad_only,52,0.15,M2,False,0.9256198347107438,0.0,1.0,5.256198347107438,121
hiba,pad_only,52,0.15,M3,False,0.7777777777777778,0.0,1.0,4.555555555555555,18
hiba,pad_only,52,0.15,B,False,0.872,,1.0,4.432,125
hiba,primary,52,0.15,M1,False,1.0,0.0,1.0,3.6,15
hiba,primary,52,0.15,M2,False,0.8842975206611571,0.0,1.0,3.6942148760330578,121
hiba,primary,52,0.15,M3,False,0.6666666666666666,0.0,1.0,3.0555555555555554,18
hiba,primary,52,0.15,B,False,0.832,,0.8,2.768,125
pad,pad_only,53,0.05,M1,False,1.0,0.0,1.0,5.32,25
pad,pad_only,53,0.05,M2,False,0.9591836734693877,0.006802721088435374,0.9931972789115646,4.938775510204081,147
pad,pad_only,53,0.05,M3,False,0.9696969696969697,0.0,1.0,5.0,66
pad,pad_only,53,0.05,B,False,0.9411764705882353,,1.0,4.588235294117647,17
pad,primary,53,0.05,M1,False,1.0,0.0,1.0,4.08,25
pad,primary,53,0.05,M2,False,0.9591836734693877,0.0,1.0,4.061224489795919,147
pad,primary,53,0.05,M3,False,0.9848484848484849,0.0,1.0,4.46969696969697,66
pad,primary,53,0.05,B,False,0.9411764705882353,,1.0,4.0,17
pad,pad_only,53,0.1,M1,False,0.84,0.0,1.0,2.64,25
pad,pad_only,53,0.1,M2,False,0.9115646258503401,0.0,1.0,3.074829931972789,147
pad,pad_only,53,0.1,M3,False,0.9696969696969697,0.0,1.0,3.409090909090909,66
pad,pad_only,53,0.1,B,False,0.9411764705882353,,0.7058823529411765,3.176470588235294,17
pad,primary,53,0.1,M1,False,0.88,0.0,1.0,2.84,25
pad,primary,53,0.1,M2,False,0.8843537414965986,0.0,1.0,3.197278911564626,147
pad,primary,53,0.1,M3,False,0.9393939393939394,0.0,1.0,3.1666666666666665,66
pad,primary,53,0.1,B,False,0.8823529411764706,,1.0,3.6470588235294117,17
pad,pad_only,53,0.15,M1,False,0.84,0.0,1.0,2.08,25
pad,pad_only,53,0.15,M2,False,0.8775510204081632,0.0,1.0,2.619047619047619,147
pad,pad_only,53,0.15,M3,False,0.8636363636363636,0.0,1.0,2.5303030303030303,66
pad,pad_only,53,0.15,B,False,0.6470588235294118,,0.8235294117647058,2.2941176470588234,17
pad,primary,53,0.15,M1,False,0.88,0.0,1.0,2.56,25
pad,primary,53,0.15,M2,False,0.8299319727891157,0.0,1.0,2.802721088435374,147
pad,primary,53,0.15,M3,False,0.8484848484848485,0.0,1.0,2.696969696969697,66
pad,primary,53,0.15,B,False,0.8823529411764706,,0.8823529411764706,2.8823529411764706,17
hiba,pad_only,53,0.05,M1,False,1.0,0.0,1.0,7.473684210526316,19
hiba,pad_only,53,0.05,M2,False,0.9416666666666667,0.0,1.0,6.791666666666667,120
hiba,pad_only,53,0.05,M3,False,1.0,0.0,1.0,7.454545454545454,11
hiba,pad_only,53,0.05,B,False,0.9766081871345029,,1.0,6.643274853801169,171
hiba,primary,53,0.05,M1,False,0.9473684210526315,0.0,1.0,6.052631578947368,19
hiba,primary,53,0.05,M2,False,0.9583333333333334,0.0,1.0,6.558333333333334,120
hiba,primary,53,0.05,M3,False,0.9090909090909091,0.0,1.0,5.363636363636363,11
hiba,primary,53,0.05,B,False,1.0,,1.0,5.883040935672515,171
hiba,pad_only,53,0.1,M1,False,0.9473684210526315,0.0,1.0,7.0,19
hiba,pad_only,53,0.1,M2,False,0.8666666666666667,0.0,1.0,6.316666666666666,120
hiba,pad_only,53,0.1,M3,False,0.7272727272727273,0.0,1.0,5.181818181818182,11
hiba,pad_only,53,0.1,B,False,0.9766081871345029,,1.0,5.9298245614035086,171
hiba,primary,53,0.1,M1,False,0.7368421052631579,0.0,1.0,4.631578947368421,19
hiba,primary,53,0.1,M2,False,0.9416666666666667,0.0,1.0,5.2,120
hiba,primary,53,0.1,M3,False,0.9090909090909091,0.0,1.0,4.545454545454546,11
hiba,primary,53,0.1,B,False,0.9824561403508771,,0.9883040935672515,4.538011695906433,171
hiba,pad_only,53,0.15,M1,False,0.8947368421052632,0.05263157894736842,0.9473684210526315,5.368421052631579,19
hiba,pad_only,53,0.15,M2,False,0.7833333333333333,0.008333333333333333,0.9916666666666667,4.6,120
hiba,pad_only,53,0.15,M3,False,0.7272727272727273,0.09090909090909091,0.9090909090909091,4.181818181818182,11
hiba,pad_only,53,0.15,B,False,0.9181286549707602,,1.0,4.578947368421052,171
hiba,primary,53,0.15,M1,False,0.7368421052631579,0.0,1.0,3.6315789473684212,19
hiba,primary,53,0.15,M2,False,0.875,0.016666666666666666,0.9833333333333333,4.008333333333334,120
hiba,primary,53,0.15,M3,False,0.9090909090909091,0.0,1.0,3.5454545454545454,11
hiba,primary,53,0.15,B,False,0.9473684210526315,,0.9298245614035088,3.56140350877193,171
pad,pad_only,54,0.05,M1,False,1.0,0.0,1.0,5.333333333333333,33
pad,pad_only,54,0.05,M2,False,0.9440559440559441,0.013986013986013986,0.986013986013986,4.804195804195804,143
pad,pad_only,54,0.05,M3,False,0.9523809523809523,0.0,1.0,5.035714285714286,84
pad,pad_only,54,0.05,B,False,0.9285714285714286,,1.0,3.857142857142857,14
pad,primary,54,0.05,M1,False,0.9696969696969697,0.0,1.0,4.03030303030303,33
pad,primary,54,0.05,M2,False,0.9300699300699301,0.0,1.0,3.7552447552447554,143
pad,primary,54,0.05,M3,False,0.9642857142857143,0.0,1.0,3.9047619047619047,84
pad,primary,54,0.05,B,False,0.9285714285714286,,0.9285714285714286,3.5,14
pad,pad_only,54,0.1,M1,False,0.9696969696969697,0.0,1.0,2.9393939393939394,33
pad,pad_only,54,0.1,M2,False,0.8601398601398601,0.0,1.0,2.7132867132867133,143
pad,pad_only,54,0.1,M3,False,0.9285714285714286,0.011904761904761904,0.9880952380952381,2.988095238095238,84
pad,pad_only,54,0.1,B,False,0.9285714285714286,,0.7142857142857143,2.357142857142857,14
pad,primary,54,0.1,M1,False,0.9696969696969697,0.0,1.0,3.393939393939394,33
pad,primary,54,0.1,M2,False,0.8461538461538461,0.0,1.0,2.7552447552447554,143
pad,primary,54,0.1,M3,False,0.9523809523809523,0.0,1.0,3.1904761904761907,84
pad,primary,54,0.1,B,False,0.8571428571428571,,0.8571428571428571,2.5714285714285716,14
pad,pad_only,54,0.15,M1,False,0.9696969696969697,0.0,1.0,2.787878787878788,33
pad,pad_only,54,0.15,M2,False,0.8251748251748252,0.0,1.0,2.3146853146853146,143
pad,pad_only,54,0.15,M3,False,0.8928571428571429,0.011904761904761904,0.9880952380952381,2.619047619047619,84
pad,pad_only,54,0.15,B,False,0.7857142857142857,,0.7142857142857143,2.0714285714285716,14
pad,primary,54,0.15,M1,False,0.9696969696969697,0.0,1.0,3.3636363636363638,33
pad,primary,54,0.15,M2,False,0.7622377622377622,0.0,1.0,2.2447552447552446,143
pad,primary,54,0.15,M3,False,0.9166666666666666,0.0,1.0,2.857142857142857,84
pad,primary,54,0.15,B,False,0.8571428571428571,,0.8571428571428571,2.357142857142857,14
hiba,pad_only,54,0.05,M1,False,1.0,0.0,1.0,7.416666666666667,12
hiba,pad_only,54,0.05,M2,False,0.9523809523809523,0.0,1.0,6.785714285714286,126
hiba,pad_only,54,0.05,M3,False,1.0,0.0,1.0,7.3076923076923075,13
hiba,pad_only,54,0.05,B,False,0.9885496183206107,,1.0,6.851145038167939,262
hiba,primary,54,0.05,M1,False,0.9166666666666666,0.0,1.0,6.25,12
hiba,primary,54,0.05,M2,False,0.9444444444444444,0.0,1.0,6.571428571428571,126
hiba,primary,54,0.05,M3,False,1.0,0.0,1.0,6.3076923076923075,13
hiba,primary,54,0.05,B,False,0.9885496183206107,,1.0,5.732824427480916,262
hiba,pad_only,54,0.1,M1,False,0.9166666666666666,0.0,1.0,6.75,12
hiba,pad_only,54,0.1,M2,False,0.9285714285714286,0.0,1.0,6.531746031746032,126
hiba,pad_only,54,0.1,M3,False,1.0,0.0,1.0,7.0,13
hiba,pad_only,54,0.1,B,False,0.9885496183206107,,1.0,6.5458015267175576,262
hiba,primary,54,0.1,M1,False,0.9166666666666666,0.0,1.0,4.916666666666667,12
hiba,primary,54,0.1,M2,False,0.8809523809523809,0.0,1.0,5.031746031746032,126
hiba,primary,54,0.1,M3,False,1.0,0.0,1.0,5.076923076923077,13
hiba,primary,54,0.1,B,False,0.9656488549618321,,0.9923664122137404,4.152671755725191,262
hiba,pad_only,54,0.15,M1,False,0.9166666666666666,0.0,1.0,6.416666666666667,12
hiba,pad_only,54,0.15,M2,False,0.8809523809523809,0.0,1.0,6.007936507936508,126
hiba,pad_only,54,0.15,M3,False,0.9230769230769231,0.0,1.0,5.846153846153846,13
hiba,pad_only,54,0.15,B,False,0.9885496183206107,,0.9961832061068703,5.061068702290076,262
hiba,primary,54,0.15,M1,False,0.8333333333333334,0.0,1.0,4.083333333333333,12
hiba,primary,54,0.15,M2,False,0.8174603174603174,0.015873015873015872,0.9841269841269841,3.857142857142857,126
hiba,primary,54,0.15,M3,False,0.9230769230769231,0.0,1.0,4.230769230769231,13
hiba,primary,54,0.15,B,False,0.9541984732824428,,0.8625954198473282,3.1297709923664123,262
pad,pad_only,55,0.05,M1,False,1.0,0.0,1.0,6.473684210526316,19
pad,pad_only,55,0.05,M2,False,0.9343065693430657,0.0,1.0,6.109489051094891,137
pad,pad_only,55,0.05,M3,False,1.0,0.0,1.0,6.338235294117647,68
pad,pad_only,55,0.05,B,False,1.0,,1.0,4.9411764705882355,17
pad,primary,55,0.05,M1,False,1.0,0.0,1.0,4.157894736842105,19
pad,primary,55,0.05,M2,False,0.9854014598540146,0.0,1.0,4.124087591240876,137
pad,primary,55,0.05,M3,False,1.0,0.0,1.0,4.529411764705882,68
pad,primary,55,0.05,B,False,1.0,,1.0,3.823529411764706,17
pad,pad_only,55,0.1,M1,False,0.8947368421052632,0.0,1.0,3.0,19
pad,pad_only,55,0.1,M2,False,0.8832116788321168,0.0,1.0,2.883211678832117,137
pad,pad_only,55,0.1,M3,False,0.9705882352941176,0.014705882352941176,0.9852941176470589,3.1323529411764706,68
pad,pad_only,55,0.1,B,False,0.9411764705882353,,0.8235294117647058,2.9411764705882355,17
pad,primary,55,0.1,M1,False,1.0,0.0,1.0,3.526315789473684,19
pad,primary,55,0.1,M2,False,0.9562043795620438,0.0,1.0,3.291970802919708,137
pad,primary,55,0.1,M3,False,1.0,0.0,1.0,3.426470588235294,68
pad,primary,55,0.1,B,False,0.9411764705882353,,1.0,3.411764705882353,17
pad,pad_only,55,0.15,M1,False,0.8947368421052632,0.0,1.0,2.4210526315789473,19
pad,pad_only,55,0.15,M2,False,0.8394160583941606,0.0,1.0,2.562043795620438,137
pad,pad_only,55,0.15,M3,False,0.8676470588235294,0.029411764705882353,0.9705882352941176,2.573529411764706,68
pad,pad_only,55,0.15,B,False,0.9411764705882353,,0.7058823529411765,2.411764705882353,17
pad,primary,55,0.15,M1,False,0.8947368421052632,0.0,1.0,3.0,19
pad,primary,55,0.15,M2,False,0.8759124087591241,0.0,1.0,2.9635036496350367,137
pad,primary,55,0.15,M3,False,0.9705882352941176,0.0,1.0,3.2058823529411766,68
pad,primary,55,0.15,B,False,0.9411764705882353,,1.0,3.2941176470588234,17
hiba,pad_only,55,0.05,M1,False,0.95,0.0,1.0,7.4,20
hiba,pad_only,55,0.05,M2,False,0.9504132231404959,0.0,1.0,6.801652892561983,121
hiba,pad_only,55,0.05,M3,False,1.0,0.0,1.0,7.333333333333333,18
hiba,pad_only,55,0.05,B,False,0.9863636363636363,,1.0,6.8136363636363635,220
hiba,primary,55,0.05,M1,False,1.0,0.0,1.0,5.85,20
hiba,primary,55,0.05,M2,False,0.9173553719008265,0.0,1.0,5.892561983471074,121
hiba,primary,55,0.05,M3,False,0.9444444444444444,0.0,1.0,5.5,18
hiba,primary,55,0.05,B,False,0.9727272727272728,,1.0,4.840909090909091,220
hiba,pad_only,55,0.1,M1,False,0.95,0.0,1.0,6.5,20
hiba,pad_only,55,0.1,M2,False,0.9090909090909091,0.0,1.0,6.355371900826446,121
hiba,pad_only,55,0.1,M3,False,0.8333333333333334,0.0,1.0,6.333333333333333,18
hiba,pad_only,55,0.1,B,False,0.9863636363636363,,1.0,5.4772727272727275,220
hiba,primary,55,0.1,M1,False,0.9,0.0,1.0,4.15,20
hiba,primary,55,0.1,M2,False,0.8181818181818182,0.03305785123966942,0.9669421487603306,4.041322314049586,121
hiba,primary,55,0.1,M3,False,0.9444444444444444,0.0,1.0,4.666666666666667,18
hiba,primary,55,0.1,B,False,0.9454545454545454,,0.9227272727272727,3.440909090909091,220
hiba,pad_only,55,0.15,M1,False,0.7,0.05,0.95,3.95,20
hiba,pad_only,55,0.15,M2,False,0.8677685950413223,0.0,1.0,4.909090909090909,121
hiba,pad_only,55,0.15,M3,False,0.8333333333333334,0.0,1.0,4.833333333333333,18
hiba,pad_only,55,0.15,B,False,0.9409090909090909,,0.9727272727272728,4.25,220
hiba,primary,55,0.15,M1,False,0.9,0.05,0.95,3.45,20
hiba,primary,55,0.15,M2,False,0.7768595041322314,0.03305785123966942,0.9669421487603306,3.347107438016529,121
hiba,primary,55,0.15,M3,False,0.9444444444444444,0.0,1.0,3.888888888888889,18
hiba,primary,55,0.15,B,False,0.8863636363636364,,0.6954545454545454,2.5727272727272728,220
pad,pad_only,56,0.05,M1,False,0.96,0.0,1.0,5.8,25
pad,pad_only,56,0.05,M2,False,0.9567901234567902,0.0,1.0,6.216049382716049,162
pad,pad_only,56,0.05,M3,False,0.9868421052631579,0.0,1.0,6.276315789473684,76
pad,pad_only,56,0.05,B,False,1.0,,1.0,4.526315789473684,19
pad,primary,56,0.05,M1,False,0.84,0.0,1.0,3.92,25
pad,primary,56,0.05,M2,False,0.9753086419753086,0.0,1.0,4.12962962962963,162
pad,primary,56,0.05,M3,False,0.9736842105263158,0.0,1.0,4.171052631578948,76
pad,primary,56,0.05,B,False,1.0,,1.0,3.4210526315789473,19
pad,pad_only,56,0.1,M1,False,0.96,0.0,1.0,3.16,25
pad,pad_only,56,0.1,M2,False,0.9012345679012346,0.0,1.0,2.950617283950617,162
pad,pad_only,56,0.1,M3,False,0.9868421052631579,0.0,1.0,3.1710526315789473,76
pad,pad_only,56,0.1,B,False,0.9473684210526315,,0.631578947368421,2.5789473684210527,19
pad,primary,56,0.1,M1,False,0.84,0.0,1.0,2.88,25
pad,primary,56,0.1,M2,False,0.8580246913580247,0.0,1.0,2.8395061728395063,162
pad,primary,56,0.1,M3,False,0.9605263157894737,0.0,1.0,2.9210526315789473,76
pad,primary,56,0.1,B,False,0.7368421052631579,,0.9473684210526315,2.6315789473684212,19
pad,pad_only,56,0.15,M1,False,0.88,0.0,1.0,2.8,25
pad,pad_only,56,0.15,M2,False,0.8703703703703703,0.0,1.0,2.6296296296296298,162
pad,pad_only,56,0.15,M3,False,0.9736842105263158,0.0,1.0,2.9473684210526314,76
pad,pad_only,56,0.15,B,False,0.9473684210526315,,0.47368421052631576,2.3684210526315788,19
pad,primary,56,0.15,M1,False,0.84,0.0,1.0,2.76,25
pad,primary,56,0.15,M2,False,0.808641975308642,0.0,1.0,2.5,162
pad,primary,56,0.15,M3,False,0.9078947368421053,0.0,1.0,2.6578947368421053,76
pad,primary,56,0.15,B,False,0.7368421052631579,,0.8947368421052632,2.4210526315789473,19
hiba,pad_only,56,0.05,M1,False,1.0,0.0,1.0,7.44,25
hiba,pad_only,56,0.05,M2,False,0.9732142857142857,0.0,1.0,6.946428571428571,112
hiba,pad_only,56,0.05,M3,False,1.0,0.0,1.0,8.0,10
hiba,pad_only,56,0.05,B,False,0.9767441860465116,,1.0,6.930232558139535,172
hiba,primary,56,0.05,M1,False,0.96,0.0,1.0,6.48,25
hiba,primary,56,0.05,M2,False,0.9821428571428571,0.0,1.0,6.6875,112
hiba,primary,56,0.05,M3,False,1.0,0.0,1.0,6.3,10
hiba,primary,56,0.05,B,False,0.9825581395348837,,1.0,6.22093023255814,172
hiba,pad_only,56,0.1,M1,False,0.96,0.0,1.0,6.92,25
hiba,pad_only,56,0.1,M2,False,0.9375,0.0,1.0,6.535714285714286,112
hiba,pad_only,56,0.1,M3,False,1.0,0.0,1.0,7.7,10
hiba,pad_only,56,0.1,B,False,0.9767441860465116,,1.0,6.255813953488372,172
hiba,primary,56,0.1,M1,False,0.8,0.0,1.0,4.4,25
hiba,primary,56,0.1,M2,False,0.9375,0.008928571428571428,0.9910714285714286,4.794642857142857,112
hiba,primary,56,0.1,M3,False,1.0,0.0,1.0,4.8,10
hiba,primary,56,0.1,B,False,0.9476744186046512,,0.9534883720930233,4.122093023255814,172
hiba,pad_only,56,0.15,M1,False,0.96,0.0,1.0,5.6,25
hiba,pad_only,56,0.15,M2,False,0.8928571428571429,0.0,1.0,5.071428571428571,112
hiba,pad_only,56,0.15,M3,False,0.7,0.1,0.9,4.4,10
hiba,pad_only,56,0.15,B,False,0.936046511627907,,0.9941860465116279,4.563953488372093,172
hiba,primary,56,0.15,M1,False,0.8,0.0,1.0,4.04,25
hiba,primary,56,0.15,M2,False,0.9107142857142857,0.008928571428571428,0.9910714285714286,4.035714285714286,112
hiba,primary,56,0.15,M3,False,0.9,0.0,1.0,4.1,10
hiba,primary,56,0.15,B,False,0.936046511627907,,0.9069767441860465,3.4709302325581395,172
pad,pad_only,57,0.05,M1,False,0.8888888888888888,0.0,1.0,2.8333333333333335,18
pad,pad_only,57,0.05,M2,False,0.9741935483870968,0.0,1.0,3.2193548387096773,155
pad,pad_only,57,0.05,M3,False,0.9841269841269841,0.0,1.0,3.3492063492063493,63
pad,pad_only,57,0.05,B,False,0.7777777777777778,,0.7777777777777778,3.0,18
pad,primary,57,0.05,M1,False,1.0,0.0,1.0,4.055555555555555,18
pad,primary,57,0.05,M2,False,0.9612903225806452,0.0,1.0,3.4,155
pad,primary,57,0.05,M3,False,1.0,0.0,1.0,3.6825396825396823,63
pad,primary,57,0.05,B,False,0.8333333333333334,,1.0,3.388888888888889,18
pad,pad_only,57,0.1,M1,False,0.8888888888888888,0.0,1.0,2.5,18
pad,pad_only,57,0.1,M2,False,0.9354838709677419,0.0,1.0,2.8,155
pad,pad_only,57,0.1,M3,False,0.9047619047619048,0.015873015873015872,0.9841269841269841,2.7142857142857144,63
pad,pad_only,57,0.1,B,False,0.6666666666666666,,0.7222222222222222,2.1666666666666665,18
pad,primary,57,0.1,M1,False,1.0,0.0,1.0,3.888888888888889,18
pad,primary,57,0.1,M2,False,0.9032258064516129,0.0,1.0,2.9290322580645163,155
pad,primary,57,0.1,M3,False,0.9523809523809523,0.0,1.0,2.9523809523809526,63
pad,primary,57,0.1,B,False,0.8333333333333334,,1.0,3.0555555555555554,18
pad,pad_only,57,0.15,M1,False,0.8888888888888888,0.0,1.0,2.4444444444444446,18
pad,pad_only,57,0.15,M2,False,0.8903225806451613,0.0,1.0,2.5161290322580645,155
pad,pad_only,57,0.15,M3,False,0.8412698412698413,0.015873015873015872,0.9841269841269841,2.4603174603174605,63
pad,pad_only,57,0.15,B,False,0.6666666666666666,,0.7222222222222222,2.1666666666666665,18
pad,primary,57,0.15,M1,False,0.9444444444444444,0.0,1.0,3.6666666666666665,18
pad,primary,57,0.15,M2,False,0.8903225806451613,0.0,1.0,2.7483870967741937,155
pad,primary,57,0.15,M3,False,0.9523809523809523,0.0,1.0,2.857142857142857,63
pad,primary,57,0.15,B,False,0.8333333333333334,,1.0,2.9444444444444446,18
hiba,pad_only,57,0.05,M1,False,1.0,0.0,1.0,8.0,11
hiba,pad_only,57,0.05,M2,False,0.9765625,0.0,1.0,7.65625,128
hiba,pad_only,57,0.05,M3,False,1.0,0.0,1.0,7.923076923076923,13
hiba,pad_only,57,0.05,B,False,1.0,,1.0,7.692015209125476,263
hiba,primary,57,0.05,M1,False,0.9090909090909091,0.0,1.0,6.090909090909091,11
hiba,primary,57,0.05,M2,False,0.9453125,0.0,1.0,6.6171875,128
hiba,primary,57,0.05,M3,False,0.9230769230769231,0.0,1.0,6.0,13
hiba,primary,57,0.05,B,False,0.9923954372623575,,1.0,5.380228136882129,263
hiba,pad_only,57,0.1,M1,False,0.9090909090909091,0.0,1.0,6.909090909090909,11
hiba,pad_only,57,0.1,M2,False,0.921875,0.0,1.0,6.359375,128
hiba,pad_only,57,0.1,M3,False,0.9230769230769231,0.0,1.0,6.846153846153846,13
hiba,pad_only,57,0.1,B,False,0.9923954372623575,,0.9961977186311787,6.0494296577946765,263
hiba,primary,57,0.1,M1,False,0.9090909090909091,0.0,1.0,5.090909090909091,11
hiba,primary,57,0.1,M2,False,0.8984375,0.015625,0.984375,5.203125,128
hiba,primary,57,0.1,M3,False,0.9230769230769231,0.0,1.0,5.230769230769231,13
hiba,primary,57,0.1,B,False,0.973384030418251,,0.9961977186311787,4.254752851711027,263
hiba,pad_only,57,0.15,M1,False,0.8181818181818182,0.0,1.0,6.2727272727272725,11
hiba,pad_only,57,0.15,M2,False,0.859375,0.0,1.0,5.8203125,128
hiba,pad_only,57,0.15,M3,False,0.7692307692307693,0.0,1.0,5.769230769230769,13
hiba,pad_only,57,0.15,B,False,0.9923954372623575,,0.9923954372623575,5.083650190114068,263
hiba,primary,57,0.15,M1,False,0.8181818181818182,0.0,1.0,4.090909090909091,11
hiba,primary,57,0.15,M2,False,0.84375,0.03125,0.96875,4.0546875,128
hiba,primary,57,0.15,M3,False,0.8461538461538461,0.0,1.0,4.538461538461538,13
hiba,primary,57,0.15,B,False,0.9581749049429658,,0.844106463878327,3.011406844106464,263
pad,pad_only,58,0.05,M1,False,0.88,0.0,1.0,6.4,25
pad,pad_only,58,0.05,M2,False,0.9423076923076923,0.0,1.0,6.634615384615385,156
pad,pad_only,58,0.05,M3,False,0.9649122807017544,0.0,1.0,6.5964912280701755,57
pad,pad_only,58,0.05,B,True,1.0,,1.0,5.633333333333334,30
pad,primary,58,0.05,M1,False,0.92,0.0,1.0,7.32,25
pad,primary,58,0.05,M2,False,0.9166666666666666,0.0,1.0,6.833333333333333,156
pad,primary,58,0.05,M3,False,0.9649122807017544,0.0,1.0,7.087719298245614,57
pad,primary,58,0.05,B,True,1.0,,1.0,6.133333333333334,30
pad,pad_only,58,0.1,M1,False,0.88,0.0,1.0,5.68,25
pad,pad_only,58,0.1,M2,False,0.8846153846153846,0.0,1.0,5.730769230769231,156
pad,pad_only,58,0.1,M3,False,0.9122807017543859,0.0,1.0,5.842105263157895,57
pad,pad_only,58,0.1,B,False,1.0,,1.0,4.9,30
pad,primary,58,0.1,M1,False,0.88,0.0,1.0,3.28,25
pad,primary,58,0.1,M2,False,0.8846153846153846,0.0,1.0,3.0833333333333335,156
pad,primary,58,0.1,M3,False,0.8947368421052632,0.0,1.0,2.9649122807017543,57
pad,primary,58,0.1,B,False,0.8666666666666667,,0.9666666666666667,3.1,30
pad,pad_only,58,0.15,M1,False,0.8,0.0,1.0,2.28,25
pad,pad_only,58,0.15,M2,False,0.782051282051282,0.01282051282051282,0.9871794871794872,2.5833333333333335,156
pad,pad_only,58,0.15,M3,False,0.7543859649122807,0.05263157894736842,0.9473684210526315,2.508771929824561,57
pad,pad_only,58,0.15,B,False,0.9666666666666667,,0.7333333333333333,2.4,30
pad,primary,58,0.15,M1,False,0.8,0.0,1.0,2.88,25
pad,primary,58,0.15,M2,False,0.7884615384615384,0.0,1.0,2.5705128205128207,156
pad,primary,58,0.15,M3,False,0.8245614035087719,0.0,1.0,2.6666666666666665,57
pad,primary,58,0.15,B,False,0.8,,0.8666666666666667,2.433333333333333,30
hiba,pad_only,58,0.05,M1,False,1.0,0.0,1.0,8.0,15
hiba,pad_only,58,0.05,M2,False,0.9375,0.0,1.0,7.294642857142857,112
hiba,pad_only,58,0.05,M3,False,1.0,0.0,1.0,7.833333333333333,12
hiba,pad_only,58,0.05,B,False,1.0,,1.0,7.161434977578475,223
hiba,primary,58,0.05,M1,False,0.9333333333333333,0.0,1.0,5.533333333333333,15
hiba,primary,58,0.05,M2,False,0.9375,0.0,1.0,6.276785714285714,112
hiba,primary,58,0.05,M3,False,1.0,0.0,1.0,6.666666666666667,12
hiba,primary,58,0.05,B,False,0.9775784753363229,,1.0,5.358744394618834,223
hiba,pad_only,58,0.1,M1,False,0.9333333333333333,0.0,1.0,6.6,15
hiba,pad_only,58,0.1,M2,False,0.9196428571428571,0.0,1.0,6.571428571428571,112
hiba,pad_only,58,0.1,M3,False,1.0,0.0,1.0,6.75,12
hiba,pad_only,58,0.1,B,False,0.9955156950672646,,1.0,6.430493273542601,223
hiba,primary,58,0.1,M1,False,0.9333333333333333,0.0,1.0,4.2,15
hiba,primary,58,0.1,M2,False,0.9285714285714286,0.0,1.0,4.892857142857143,112
hiba,primary,58,0.1,M3,False,1.0,0.0,1.0,5.166666666666667,12
hiba,primary,58,0.1,B,False,0.9730941704035875,,0.9641255605381166,3.6995515695067263,223
hiba,pad_only,58,0.15,M1,False,0.9333333333333333,0.0,1.0,5.6,15
hiba,pad_only,58,0.15,M2,False,0.8660714285714286,0.0,1.0,5.017857142857143,112
hiba,pad_only,58,0.15,M3,False,1.0,0.0,1.0,5.666666666666667,12
hiba,pad_only,58,0.15,B,False,0.9417040358744395,,1.0,4.959641255605381,223
hiba,primary,58,0.15,M1,False,0.9333333333333333,0.0,1.0,3.933333333333333,15
hiba,primary,58,0.15,M2,False,0.8928571428571429,0.0,1.0,4.285714285714286,112
hiba,primary,58,0.15,M3,False,1.0,0.0,1.0,5.083333333333333,12
hiba,primary,58,0.15,B,False,0.9596412556053812,,0.874439461883408,3.071748878923767,223
pad,pad_only,59,0.05,M1,False,1.0,0.0,1.0,5.411764705882353,17
pad,pad_only,59,0.05,M2,False,0.9517241379310345,0.006896551724137931,0.993103448275862,5.006896551724138,145
pad,pad_only,59,0.05,M3,False,0.9855072463768116,0.0,1.0,5.217391304347826,69
pad,pad_only,59,0.05,B,False,0.9444444444444444,,1.0,4.333333333333333,18
pad,primary,59,0.05,M1,False,1.0,0.0,1.0,4.0588235294117645,17
pad,primary,59,0.05,M2,False,0.9655172413793104,0.0,1.0,4.13103448275862,145
pad,primary,59,0.05,M3,False,1.0,0.0,1.0,4.101449275362318,69
pad,primary,59,0.05,B,False,0.9444444444444444,,1.0,3.7222222222222223,18
pad,pad_only,59,0.1,M1,False,0.9411764705882353,0.0,1.0,3.0,17
pad,pad_only,59,0.1,M2,False,0.9241379310344827,0.0,1.0,2.910344827586207,145
pad,pad_only,59,0.1,M3,False,0.9420289855072463,0.014492753623188406,0.9855072463768116,3.072463768115942,69
pad,pad_only,59,0.1,B,False,0.8333333333333334,,0.7777777777777778,3.111111111111111,18
pad,primary,59,0.1,M1,False,0.8823529411764706,0.0,1.0,3.1176470588235294,17
pad,primary,59,0.1,M2,False,0.9517241379310345,0.0,1.0,3.317241379310345,145
pad,primary,59,0.1,M3,False,1.0,0.0,1.0,3.217391304347826,69
pad,primary,59,0.1,B,False,0.9444444444444444,,0.9444444444444444,3.388888888888889,18
pad,pad_only,59,0.15,M1,False,0.9411764705882353,0.0,1.0,2.9411764705882355,17
pad,pad_only,59,0.15,M2,False,0.8896551724137931,0.0,1.0,2.606896551724138,145
pad,pad_only,59,0.15,M3,False,0.927536231884058,0.014492753623188406,0.9855072463768116,2.7971014492753623,69
pad,pad_only,59,0.15,B,False,0.8333333333333334,,0.7222222222222222,2.611111111111111,18
pad,primary,59,0.15,M1,False,0.8823529411764706,0.0,1.0,3.0588235294117645,17
pad,primary,59,0.15,M2,False,0.8551724137931035,0.0,1.0,2.8620689655172415,145
pad,primary,59,0.15,M3,False,0.9420289855072463,0.0,1.0,2.8840579710144927,69
pad,primary,59,0.15,B,False,0.9444444444444444,,0.9444444444444444,3.0555555555555554,18
hiba,pad_only,59,0.05,M1,False,0.9473684210526315,0.0,1.0,7.052631578947368,19
hiba,pad_only,59,0.05,M2,False,0.9626865671641791,0.0,1.0,6.917910447761194,134
hiba,pad_only,59,0.05,M3,False,1.0,0.0,1.0,7.333333333333333,9
hiba,pad_only,59,0.05,B,False,0.9880239520958084,,1.0,6.850299401197605,167
hiba,primary,59,0.05,M1,False,1.0,0.0,1.0,6.157894736842105,19
hiba,primary,59,0.05,M2,False,0.9701492537313433,0.0,1.0,6.574626865671642,134
hiba,primary,59,0.05,M3,False,0.8888888888888888,0.0,1.0,6.111111111111111,9
hiba,primary,59,0.05,B,False,0.9940119760479041,,1.0,5.251497005988024,167
hiba,pad_only,59,0.1,M1,False,0.9473684210526315,0.0,1.0,6.473684210526316,19
hiba,pad_only,59,0.1,M2,False,0.8805970149253731,0.0,1.0,6.350746268656716,134
hiba,pad_only,59,0.1,M3,False,0.8888888888888888,0.0,1.0,6.555555555555555,9
hiba,pad_only,59,0.1,B,False,0.9880239520958084,,0.9940119760479041,5.754491017964072,167
hiba,primary,59,0.1,M1,False,0.7368421052631579,0.0,1.0,4.368421052631579,19
hiba,primary,59,0.1,M2,False,0.9253731343283582,0.007462686567164179,0.9925373134328358,5.08955223880597,134
hiba,primary,59,0.1,M3,False,0.8888888888888888,0.0,1.0,5.111111111111111,9
hiba,primary,59,0.1,B,False,0.9760479041916168,,1.0,3.8802395209580838,167
hiba,pad_only,59,0.15,M1,False,0.8947368421052632,0.0,1.0,4.684210526315789,19
hiba,pad_only,59,0.15,M2,False,0.835820895522388,0.007462686567164179,0.9925373134328358,4.880597014925373,134
hiba,pad_only,59,0.15,M3,False,0.8888888888888888,0.0,1.0,4.888888888888889,9
hiba,pad_only,59,0.15,B,False,0.9461077844311377,,0.9700598802395209,4.023952095808383,167
hiba,primary,59,0.15,M1,False,0.7368421052631579,0.0,1.0,3.6842105263157894,19
hiba,primary,59,0.15,M2,False,0.8432835820895522,0.029850746268656716,0.9701492537313433,3.8582089552238807,134
hiba,primary,59,0.15,M3,False,0.7777777777777778,0.0,1.0,3.5555555555555554,9
hiba,primary,59,0.15,B,False,0.9401197604790419,,0.7964071856287425,2.5988023952095807,167
pad,pad_only,60,0.05,M1,False,1.0,0.0,1.0,6.086956521739131,23
pad,pad_only,60,0.05,M2,False,0.9416058394160584,0.0,1.0,6.007299270072993,137
pad,pad_only,60,0.05,M3,False,0.9714285714285714,0.0,1.0,6.1571428571428575,70
pad,pad_only,60,0.05,B,False,1.0,,1.0,5.3076923076923075,13
pad,primary,60,0.05,M1,False,0.9565217391304348,0.0,1.0,4.130434782608695,23
pad,primary,60,0.05,M2,False,0.9854014598540146,0.0,1.0,4.145985401459854,137
pad,primary,60,0.05,M3,False,0.9142857142857143,0.0,1.0,3.6285714285714286,70
pad,primary,60,0.05,B,False,0.9230769230769231,,1.0,3.5384615384615383,13
pad,pad_only,60,0.1,M1,False,0.9130434782608695,0.0,1.0,4.260869565217392,23
pad,pad_only,60,0.1,M2,False,0.9343065693430657,0.0072992700729927005,0.9927007299270073,4.569343065693431,137
pad,pad_only,60,0.1,M3,False,0.9428571428571428,0.0,1.0,4.671428571428572,70
pad,pad_only,60,0.1,B,False,1.0,,1.0,3.8461538461538463,13
pad,primary,60,0.1,M1,False,0.9565217391304348,0.0,1.0,3.608695652173913,23
pad,primary,60,0.1,M2,False,0.9416058394160584,0.0,1.0,3.2773722627737225,137
pad,primary,60,0.1,M3,False,0.8714285714285714,0.0,1.0,2.857142857142857,70
pad,primary,60,0.1,B,False,0.8461538461538461,,0.9230769230769231,2.8461538461538463,13
pad,pad_only,60,0.15,M1,False,0.9130434782608695,0.0,1.0,2.782608695652174,23
pad,pad_only,60,0.15,M2,False,0.8905109489051095,0.0,1.0,2.627737226277372,137
pad,pad_only,60,0.15,M3,False,0.9285714285714286,0.0,1.0,2.5,70
pad,pad_only,60,0.15,B,False,0.7692307692307693,,0.8461538461538461,2.4615384615384617,13
pad,primary,60,0.15,M1,False,0.782608695652174,0.0,1.0,2.5217391304347827,23
pad,primary,60,0.15,M2,False,0.8978102189781022,0.0,1.0,2.8613138686131387,137
pad,primary,60,0.15,M3,False,0.8714285714285714,0.0,1.0,2.7142857142857144,70
pad,primary,60,0.15,B,False,0.8461538461538461,,0.9230769230769231,2.6153846153846154,13
hiba,pad_only,60,0.05,M1,False,1.0,0.0,1.0,7.75,8
hiba,pad_only,60,0.05,M2,False,0.9333333333333333,0.0,1.0,6.658333333333333,120
hiba,pad_only,60,0.05,M3,False,1.0,0.0,1.0,7.333333333333333,9
hiba,pad_only,60,0.05,B,False,0.9811320754716981,,1.0,6.955974842767295,159
hiba,primary,60,0.05,M1,False,1.0,0.0,1.0,6.375,8
hiba,primary,60,0.05,M2,False,0.975,0.0,1.0,6.333333333333333,120
hiba,primary,60,0.05,M3,False,1.0,0.0,1.0,6.666666666666667,9
hiba,primary,60,0.05,B,False,0.9685534591194969,,1.0,5.622641509433962,159
hiba,pad_only,60,0.1,M1,False,1.0,0.0,1.0,7.625,8
hiba,pad_only,60,0.1,M2,False,0.8833333333333333,0.0,1.0,6.3,120
hiba,pad_only,60,0.1,M3,False,1.0,0.0,1.0,7.222222222222222,9
hiba,pad_only,60,0.1,B,False,0.9811320754716981,,1.0,6.654088050314465,159
hiba,primary,60,0.1,M1,False,1.0,0.0,1.0,4.375,8
hiba,primary,60,0.1,M2,False,0.9416666666666667,0.008333333333333333,0.9916666666666667,4.666666666666667,120
hiba,primary,60,0.1,M3,False,1.0,0.0,1.0,5.444444444444445,9
hiba,primary,60,0.1,B,False,0.949685534591195,,0.9559748427672956,3.779874213836478,159
hiba,pad_only,60,0.15,M1,False,0.875,0.0,1.0,4.75,8
hiba,pad_only,60,0.15,M2,False,0.8,0.008333333333333333,0.9916666666666667,4.891666666666667,120
hiba,pad_only,60,0.15,M3,False,1.0,0.0,1.0,5.555555555555555,9
hiba,pad_only,60,0.15,B,False,0.9308176100628931,,0.9748427672955975,4.270440251572327,159
hiba,primary,60,0.15,M1,False,1.0,0.0,1.0,3.5,8
hiba,primary,60,0.15,M2,False,0.8916666666666667,0.016666666666666666,0.9833333333333333,3.8833333333333333,120
hiba,primary,60,0.15,M3,False,1.0,0.0,1.0,5.0,9
hiba,primary,60,0.15,B,False,0.9245283018867925,,0.8805031446540881,2.9056603773584904,159
pad,pad_only,61,0.05,M1,False,1.0,0.0,1.0,6.535714285714286,28
pad,pad_only,61,0.05,M2,False,0.9733333333333334,0.0,1.0,6.173333333333333,150
pad,pad_only,61,0.05,M3,False,0.9855072463768116,0.0,1.0,6.565217391304348,69
pad,pad_only,61,0.05,B,False,1.0,,1.0,5.285714285714286,21
pad,primary,61,0.05,M1,False,1.0,0.0,1.0,4.285714285714286,28
pad,primary,61,0.05,M2,False,0.98,0.0,1.0,4.026666666666666,150
pad,primary,61,0.05,M3,False,0.9710144927536232,0.0,1.0,4.304347826086956,69
pad,primary,61,0.05,B,False,0.9523809523809523,,1.0,3.8095238095238093,21
pad,pad_only,61,0.1,M1,False,0.9642857142857143,0.0,1.0,4.464285714285714,28
pad,pad_only,61,0.1,M2,False,0.9466666666666667,0.006666666666666667,0.9933333333333333,4.62,150
pad,pad_only,61,0.1,M3,False,0.927536231884058,0.0,1.0,4.884057971014493,69
pad,pad_only,61,0.1,B,False,1.0,,1.0,3.4761904761904763,21
pad,primary,61,0.1,M1,False,0.8928571428571429,0.0,1.0,3.1785714285714284,28
pad,primary,61,0.1,M2,False,0.9533333333333334,0.0,1.0,3.32,150
pad,primary,61,0.1,M3,False,0.8840579710144928,0.0,1.0,2.9855072463768115,69
pad,primary,61,0.1,B,False,0.9523809523809523,,0.9523809523809523,3.3333333333333335,21
pad,pad_only,61,0.15,M1,False,0.8571428571428571,0.0,1.0,2.4285714285714284,28
pad,pad_only,61,0.15,M2,False,0.8866666666666667,0.0,1.0,2.7933333333333334,150
pad,pad_only,61,0.15,M3,False,0.8840579710144928,0.014492753623188406,0.9855072463768116,2.8405797101449277,69
pad,pad_only,61,0.15,B,False,1.0,,0.7619047619047619,2.5714285714285716,21
pad,primary,61,0.15,M1,False,0.8928571428571429,0.0,1.0,3.0,28
pad,primary,61,0.15,M2,False,0.9133333333333333,0.0,1.0,3.006666666666667,150
pad,primary,61,0.15,M3,False,0.7971014492753623,0.0,1.0,2.536231884057971,69
pad,primary,61,0.15,B,False,0.9523809523809523,,0.8571428571428571,3.0476190476190474,21
hiba,pad_only,61,0.05,M1,False,0.875,0.0,1.0,6.8125,16
hiba,pad_only,61,0.05,M2,False,0.9910714285714286,0.0,1.0,7.125,112
hiba,pad_only,61,0.05,M3,False,0.9090909090909091,0.0,1.0,7.090909090909091,11
hiba,pad_only,61,0.05,B,False,0.949685534591195,,1.0,7.0062893081761,159
hiba,primary,61,0.05,M1,False,0.625,0.0,1.0,5.5625,16
hiba,primary,61,0.05,M2,False,0.9821428571428571,0.0,1.0,6.785714285714286,112
hiba,primary,61,0.05,M3,False,1.0,0.0,1.0,6.818181818181818,11
hiba,primary,61,0.05,B,False,0.9748427672955975,,1.0,5.735849056603773,159
hiba,pad_only,61,0.1,M1,False,0.8125,0.0,1.0,6.5,16
hiba,pad_only,61,0.1,M2,False,0.9375,0.0,1.0,6.535714285714286,112
hiba,pad_only,61,0.1,M3,False,0.8181818181818182,0.0,1.0,5.909090909090909,11
hiba,pad_only,61,0.1,B,False,0.949685534591195,,1.0,5.8427672955974845,159
hiba,primary,61,0.1,M1,False,0.625,0.0,1.0,4.625,16
hiba,primary,61,0.1,M2,False,0.9107142857142857,0.0,1.0,5.080357142857143,112
hiba,primary,61,0.1,M3,False,0.8181818181818182,0.0,1.0,4.818181818181818,11
hiba,primary,61,0.1,B,False,0.9433962264150944,,0.9937106918238994,4.0,159
hiba,pad_only,61,0.15,M1,False,0.8125,0.0,1.0,5.1875,16
hiba,pad_only,61,0.15,M2,False,0.8660714285714286,0.008928571428571428,0.9910714285714286,4.866071428571429,112
hiba,pad_only,61,0.15,M3,False,0.8181818181818182,0.0,1.0,4.090909090909091,11
hiba,pad_only,61,0.15,B,False,0.8930817610062893,,1.0,4.528301886792453,159
hiba,primary,61,0.15,M1,False,0.625,0.0625,0.9375,3.875,16
hiba,primary,61,0.15,M2,False,0.8571428571428571,0.017857142857142856,0.9821428571428571,3.794642857142857,112
hiba,primary,61,0.15,M3,False,0.8181818181818182,0.0,1.0,3.272727272727273,11
hiba,primary,61,0.15,B,False,0.8867924528301887,,0.9245283018867925,2.949685534591195,159
pad,pad_only,62,0.05,M1,False,0.9696969696969697,0.0,1.0,4.393939393939394,33
pad,pad_only,62,0.05,M2,False,0.888235294117647,0.011764705882352941,0.9882352941176471,4.58235294117647,170
pad,pad_only,62,0.05,M3,False,0.948051948051948,0.0,1.0,4.909090909090909,77
pad,pad_only,62,0.05,B,False,0.9333333333333333,,1.0,3.6666666666666665,15
pad,primary,62,0.05,M1,False,1.0,0.0,1.0,4.303030303030303,33
pad,primary,62,0.05,M2,False,0.9705882352941176,0.0,1.0,4.323529411764706,170
pad,primary,62,0.05,M3,False,0.974025974025974,0.0,1.0,4.2727272727272725,77
pad,primary,62,0.05,B,False,1.0,,1.0,4.4,15
pad,pad_only,62,0.1,M1,False,0.9393939393939394,0.0,1.0,2.515151515151515,33
pad,pad_only,62,0.1,M2,False,0.8588235294117647,0.0,1.0,2.7058823529411766,170
pad,pad_only,62,0.1,M3,False,0.922077922077922,0.0,1.0,2.8181818181818183,77
pad,pad_only,62,0.1,B,False,0.8666666666666667,,0.7333333333333333,2.533333333333333,15
pad,primary,62,0.1,M1,False,0.9696969696969697,0.0,1.0,4.090909090909091,33
pad,primary,62,0.1,M2,False,0.9294117647058824,0.0,1.0,3.864705882352941,170
pad,primary,62,0.1,M3,False,0.935064935064935,0.0,1.0,3.4935064935064934,77
pad,primary,62,0.1,B,False,1.0,,0.9333333333333333,3.8666666666666667,15
pad,pad_only,62,0.15,M1,False,0.9393939393939394,0.0,1.0,2.393939393939394,33
pad,pad_only,62,0.15,M2,False,0.8058823529411765,0.0,1.0,2.429411764705882,170
pad,pad_only,62,0.15,M3,False,0.8571428571428571,0.0,1.0,2.5194805194805197,77
pad,pad_only,62,0.15,B,False,0.8,,0.6666666666666666,2.2666666666666666,15
pad,primary,62,0.15,M1,False,0.9696969696969697,0.0,1.0,3.484848484848485,33
pad,primary,62,0.15,M2,False,0.8823529411764706,0.0,1.0,3.0764705882352943,170
pad,primary,62,0.15,M3,False,0.9090909090909091,0.0,1.0,2.8701298701298703,77
pad,primary,62,0.15,B,False,1.0,,0.9333333333333333,3.3333333333333335,15
hiba,pad_only,62,0.05,M1,False,0.8823529411764706,0.0,1.0,6.117647058823529,17
hiba,pad_only,62,0.05,M2,False,0.9534883720930233,0.0,1.0,6.674418604651163,129
hiba,pad_only,62,0.05,M3,False,1.0,0.0,1.0,7.25,16
hiba,pad_only,62,0.05,B,False,0.9629629629629629,,1.0,6.493827160493828,162
hiba,primary,62,0.05,M1,False,0.8823529411764706,0.0,1.0,5.470588235294118,17
hiba,primary,62,0.05,M2,False,0.8992248062015504,0.0,1.0,6.023255813953488,129
hiba,primary,62,0.05,M3,False,0.9375,0.0,1.0,5.8125,16
hiba,primary,62,0.05,B,False,0.9567901234567902,,1.0,4.901234567901234,162
hiba,pad_only,62,0.1,M1,False,0.8823529411764706,0.0,1.0,6.0,17
hiba,pad_only,62,0.1,M2,False,0.8914728682170543,0.0,1.0,6.294573643410852,129
hiba,pad_only,62,0.1,M3,False,0.875,0.0,1.0,6.875,16
hiba,pad_only,62,0.1,B,False,0.9629629629629629,,1.0,5.753086419753086,162
hiba,primary,62,0.1,M1,False,0.7647058823529411,0.0,1.0,4.352941176470588,17
hiba,primary,62,0.1,M2,False,0.8294573643410853,0.007751937984496124,0.9922480620155039,4.51937984496124,129
hiba,primary,62,0.1,M3,False,0.9375,0.0,1.0,4.875,16
hiba,primary,62,0.1,B,False,0.9259259259259259,,0.9444444444444444,3.537037037037037,162
hiba,pad_only,62,0.15,M1,False,0.8235294117647058,0.058823529411764705,0.9411764705882353,4.823529411764706,17
hiba,pad_only,62,0.15,M2,False,0.8372093023255814,0.0,1.0,4.852713178294573,129
hiba,pad_only,62,0.15,M3,False,0.875,0.0,1.0,5.5,16
hiba,pad_only,62,0.15,B,False,0.9135802469135802,,1.0,4.308641975308642,162
hiba,primary,62,0.15,M1,False,0.7058823529411765,0.058823529411764705,0.9411764705882353,3.823529411764706,17
hiba,primary,62,0.15,M2,False,0.751937984496124,0.015503875968992248,0.9844961240310077,3.875968992248062,129
hiba,primary,62,0.15,M3,False,0.9375,0.0,1.0,4.375,16
hiba,primary,62,0.15,B,False,0.9012345679012346,,0.8765432098765432,2.9012345679012346,162
pad,pad_only,63,0.05,M1,False,0.8888888888888888,0.0,1.0,4.472222222222222,36
pad,pad_only,63,0.05,M2,False,0.9290322580645162,0.0064516129032258064,0.9935483870967742,4.625806451612903,155
pad,pad_only,63,0.05,M3,False,0.9726027397260274,0.0,1.0,5.260273972602739,73
pad,pad_only,63,0.05,B,False,0.9444444444444444,,1.0,3.8333333333333335,18
pad,primary,63,0.05,M1,False,1.0,0.0,1.0,4.333333333333333,36
pad,primary,63,0.05,M2,False,0.9612903225806452,0.0,1.0,4.051612903225807,155
pad,primary,63,0.05,M3,False,1.0,0.0,1.0,4.506849315068493,73
pad,primary,63,0.05,B,False,0.9444444444444444,,1.0,3.6666666666666665,18
pad,pad_only,63,0.1,M1,False,0.75,0.0,1.0,2.3055555555555554,36
pad,pad_only,63,0.1,M2,False,0.8580645161290322,0.0,1.0,2.4838709677419355,155
pad,pad_only,63,0.1,M3,False,0.958904109589041,0.0,1.0,3.0273972602739727,73
pad,pad_only,63,0.1,B,False,0.7777777777777778,,0.5555555555555556,2.0555555555555554,18
pad,primary,63,0.1,M1,False,1.0,0.0,1.0,3.75,36
pad,primary,63,0.1,M2,False,0.9419354838709677,0.0,1.0,3.2838709677419353,155
pad,primary,63,0.1,M3,False,0.9315068493150684,0.0,1.0,3.410958904109589,73
pad,primary,63,0.1,B,False,0.9444444444444444,,0.8888888888888888,3.0,18
pad,pad_only,63,0.15,M1,False,0.75,0.0,1.0,2.111111111111111,36
pad,pad_only,63,0.15,M2,False,0.8193548387096774,0.0,1.0,2.232258064516129,155
pad,pad_only,63,0.15,M3,False,0.9041095890410958,0.0,1.0,2.6986301369863015,73
pad,pad_only,63,0.15,B,False,0.7222222222222222,,0.6111111111111112,2.0,18
pad,primary,63,0.15,M1,False,1.0,0.0,1.0,3.6944444444444446,36
pad,primary,63,0.15,M2,False,0.8774193548387097,0.0,1.0,2.9548387096774196,155
pad,primary,63,0.15,M3,False,0.9041095890410958,0.0,1.0,3.191780821917808,73
pad,primary,63,0.15,B,False,0.9444444444444444,,0.8888888888888888,2.7777777777777777,18
hiba,pad_only,63,0.05,M1,False,1.0,0.0,1.0,7.176470588235294,17
hiba,pad_only,63,0.05,M2,False,0.944,0.0,1.0,6.744,125
hiba,pad_only,63,0.05,M3,False,1.0,0.0,1.0,7.6,15
hiba,pad_only,63,0.05,B,False,0.9853658536585366,,1.0,6.634146341463414,205
hiba,primary,63,0.05,M1,False,1.0,0.0,1.0,6.823529411764706,17
hiba,primary,63,0.05,M2,False,0.952,0.0,1.0,6.472,125
hiba,primary,63,0.05,M3,False,1.0,0.0,1.0,6.666666666666667,15
hiba,primary,63,0.05,B,False,0.9853658536585366,,1.0,5.882926829268293,205
hiba,pad_only,63,0.1,M1,False,1.0,0.0,1.0,6.9411764705882355,17
hiba,pad_only,63,0.1,M2,False,0.88,0.0,1.0,6.304,125
hiba,pad_only,63,0.1,M3,False,1.0,0.0,1.0,7.466666666666667,15
hiba,pad_only,63,0.1,B,False,0.9853658536585366,,1.0,6.321951219512195,205
hiba,primary,63,0.1,M1,False,0.9411764705882353,0.0,1.0,4.9411764705882355,17
hiba,primary,63,0.1,M2,False,0.92,0.008,0.992,4.64,125
hiba,primary,63,0.1,M3,False,1.0,0.0,1.0,5.133333333333334,15
hiba,primary,63,0.1,B,False,0.9609756097560975,,0.9658536585365853,4.078048780487805,205
hiba,pad_only,63,0.15,M1,False,1.0,0.0,1.0,5.764705882352941,17
hiba,pad_only,63,0.15,M2,False,0.824,0.008,0.992,4.688,125
hiba,pad_only,63,0.15,M3,False,0.9333333333333333,0.0,1.0,4.733333333333333,15
hiba,pad_only,63,0.15,B,False,0.9463414634146341,,1.0,4.458536585365854,205
hiba,primary,63,0.15,M1,False,0.8823529411764706,0.0,1.0,3.9411764705882355,17
hiba,primary,63,0.15,M2,False,0.872,0.016,0.984,3.648,125
hiba,primary,63,0.15,M3,False,0.7333333333333333,0.0,1.0,3.6,15
hiba,primary,63,0.15,B,False,0.9024390243902439,,0.8195121951219512,2.9560975609756097,205
pad,pad_only,64,0.05,M1,True,1.0,0.0,1.0,4.525,40
pad,pad_only,64,0.05,M2,False,0.9482758620689655,0.0,1.0,3.2988505747126435,174
pad,pad_only,64,0.05,M3,False,0.96875,0.0,1.0,3.265625,64
pad,pad_only,64,0.05,B,False,0.8823529411764706,,0.8235294117647058,3.6470588235294117,17
pad,primary,64,0.05,M1,True,1.0,0.0,1.0,4.325,40
pad,primary,64,0.05,M2,False,0.9482758620689655,0.0,1.0,3.4310344827586206,174
pad,primary,64,0.05,M3,False,0.96875,0.0,1.0,3.8125,64
pad,primary,64,0.05,B,False,0.8823529411764706,,0.9411764705882353,3.823529411764706,17
pad,pad_only,64,0.1,M1,False,1.0,0.0,1.0,3.7,40
pad,pad_only,64,0.1,M2,False,0.8850574712643678,0.0,1.0,2.7528735632183907,174
pad,pad_only,64,0.1,M3,False,0.90625,0.0,1.0,2.65625,64
pad,pad_only,64,0.1,B,False,0.7647058823529411,,0.7647058823529411,2.9411764705882355,17
pad,primary,64,0.1,M1,False,0.975,0.0,1.0,3.425,40
pad,primary,64,0.1,M2,False,0.8793103448275862,0.0,1.0,2.9597701149425286,174
pad,primary,64,0.1,M3,False,0.90625,0.0,1.0,3.015625,64
pad,primary,64,0.1,B,False,0.8235294117647058,,0.9411764705882353,3.3529411764705883,17
pad,pad_only,64,0.15,M1,False,0.925,0.0,1.0,2.675,40
pad,pad_only,64,0.15,M2,False,0.8333333333333334,0.0,1.0,2.4195402298850577,174
pad,pad_only,64,0.15,M3,False,0.796875,0.0,1.0,2.265625,64
pad,pad_only,64,0.15,B,False,0.7647058823529411,,0.6470588235294118,2.3529411764705883,17
pad,primary,64,0.15,M1,False,0.975,0.0,1.0,3.375,40
pad,primary,64,0.15,M2,False,0.8333333333333334,0.0,1.0,2.735632183908046,174
pad,primary,64,0.15,M3,False,0.828125,0.0,1.0,2.71875,64
pad,primary,64,0.15,B,False,0.7647058823529411,,0.9411764705882353,3.0588235294117645,17
hiba,pad_only,64,0.05,M1,False,0.8333333333333334,0.0,1.0,6.5,6
hiba,pad_only,64,0.05,M2,False,0.9692307692307692,0.0,1.0,6.9,130
hiba,pad_only,64,0.05,M3,False,0.7857142857142857,0.0,1.0,6.214285714285714,14
hiba,pad_only,64,0.05,B,False,0.928,,1.0,6.272,125
hiba,primary,64,0.05,M1,False,1.0,0.0,1.0,5.833333333333333,6
hiba,primary,64,0.05,M2,False,0.9538461538461539,0.0,1.0,6.061538461538461,130
hiba,primary,64,0.05,M3,False,0.5,0.0,1.0,4.214285714285714,14
hiba,primary,64,0.05,B,False,0.96,,1.0,5.432,125
hiba,pad_only,64,0.1,M1,False,0.8333333333333334,0.0,1.0,5.833333333333333,6
hiba,pad_only,64,0.1,M2,False,0.9230769230769231,0.0,1.0,5.2615384615384615,130
hiba,pad_only,64,0.1,M3,False,0.5714285714285714,0.07142857142857142,0.9285714285714286,3.857142857142857,14
hiba,pad_only,64,0.1,B,False,0.824,,1.0,4.656,125
hiba,primary,64,0.1,M1,False,1.0,0.0,1.0,4.333333333333333,6
hiba,primary,64,0.1,M2,False,0.8615384615384616,0.023076923076923078,0.9769230769230769,4.384615384615385,130
hiba,primary,64,0.1,M3,False,0.42857142857142855,0.0,1.0,3.2142857142857144,14
hiba,primary,64,0.1,B,False,0.92,,0.976,3.568,125
hiba,pad_only,64,0.15,M1,False,0.8333333333333334,0.0,1.0,4.833333333333333,6
hiba,pad_only,64,0.15,M2,False,0.8615384615384616,0.023076923076923078,0.9769230769230769,4.107692307692307,130
hiba,pad_only,64,0.15,M3,False,0.5714285714285714,0.07142857142857142,0.9285714285714286,3.5714285714285716,14
hiba,pad_only,64,0.15,B,False,0.768,,1.0,3.712,125
hiba,primary,64,0.15,M1,False,1.0,0.0,1.0,3.6666666666666665,6
hiba,primary,64,0.15,M2,False,0.7923076923076923,0.038461538461538464,0.9615384615384616,3.5923076923076924,130
hiba,primary,64,0.15,M3,False,0.42857142857142855,0.07142857142857142,0.9285714285714286,2.7857142857142856,14
hiba,primary,64,0.15,B,False,0.88,,0.864,2.96,125
pad,pad_only,65,0.05,M1,False,1.0,0.0,1.0,6.916666666666667,24
pad,pad_only,65,0.05,M2,False,0.9617834394904459,0.0,1.0,6.197452229299363,157
pad,pad_only,65,0.05,M3,False,0.9545454545454546,0.0,1.0,6.151515151515151,66
pad,pad_only,65,0.05,B,False,1.0,,1.0,5.9411764705882355,17
pad,primary,65,0.05,M1,False,1.0,0.0,1.0,4.083333333333333,24
pad,primary,65,0.05,M2,False,0.9808917197452229,0.0,1.0,4.050955414012739,157
pad,primary,65,0.05,M3,False,0.9696969696969697,0.0,1.0,3.9393939393939394,66
pad,primary,65,0.05,B,False,1.0,,1.0,4.411764705882353,17
pad,pad_only,65,0.1,M1,False,1.0,0.0,1.0,3.25,24
pad,pad_only,65,0.1,M2,False,0.9044585987261147,0.0,1.0,2.8089171974522293,157
pad,pad_only,65,0.1,M3,False,0.8636363636363636,0.0,1.0,2.727272727272727,66
pad,pad_only,65,0.1,B,False,0.9411764705882353,,0.9411764705882353,3.823529411764706,17
pad,primary,65,0.1,M1,False,0.9583333333333334,0.0,1.0,3.25,24
pad,primary,65,0.1,M2,False,0.9681528662420382,0.0,1.0,3.305732484076433,157
pad,primary,65,0.1,M3,False,0.9242424242424242,0.0,1.0,2.9545454545454546,66
pad,primary,65,0.1,B,False,0.8823529411764706,,1.0,4.0,17
pad,pad_only,65,0.15,M1,False,1.0,0.0,1.0,3.0416666666666665,24
pad,pad_only,65,0.15,M2,False,0.8853503184713376,0.0,1.0,2.56687898089172,157
pad,pad_only,65,0.15,M3,False,0.7727272727272727,0.015151515151515152,0.9848484848484849,2.287878787878788,66
pad,pad_only,65,0.15,B,False,0.9411764705882353,,0.8235294117647058,3.0,17
pad,primary,65,0.15,M1,False,0.9166666666666666,0.0,1.0,2.875,24
pad,primary,65,0.15,M2,False,0.8535031847133758,0.0,1.0,2.656050955414013,157
pad,primary,65,0.15,M3,False,0.8636363636363636,0.0,1.0,2.515151515151515,66
pad,primary,65,0.15,B,False,0.8235294117647058,,1.0,3.1176470588235294,17
hiba,pad_only,65,0.05,M1,False,1.0,0.0,1.0,7.733333333333333,15
hiba,pad_only,65,0.05,M2,False,0.9210526315789473,0.0,1.0,6.5701754385964914,114
hiba,pad_only,65,0.05,M3,False,1.0,0.0,1.0,7.357142857142857,14
hiba,pad_only,65,0.05,B,False,0.9950738916256158,,1.0,6.586206896551724,203
hiba,primary,65,0.05,M1,False,0.9333333333333333,0.0,1.0,6.066666666666666,15
hiba,primary,65,0.05,M2,False,0.9824561403508771,0.0,1.0,6.754385964912281,114
hiba,primary,65,0.05,M3,False,1.0,0.0,1.0,6.357142857142857,14
hiba,primary,65,0.05,B,False,0.9950738916256158,,1.0,5.921182266009852,203
hiba,pad_only,65,0.1,M1,False,0.9333333333333333,0.0,1.0,6.866666666666666,15
hiba,pad_only,65,0.1,M2,False,0.8245614035087719,0.0,1.0,6.052631578947368,114
hiba,pad_only,65,0.1,M3,False,1.0,0.0,1.0,7.142857142857143,14
hiba,pad_only,65,0.1,B,False,0.9950738916256158,,1.0,6.108374384236453,203
hiba,primary,65,0.1,M1,False,0.9333333333333333,0.0,1.0,4.733333333333333,15
hiba,primary,65,0.1,M2,False,0.9473684210526315,0.0,1.0,5.2105263157894735,114
hiba,primary,65,0.1,M3,False,1.0,0.0,1.0,5.0,14
hiba,primary,65,0.1,B,False,0.9655172413793104,,0.9852216748768473,4.113300492610837,203
hiba,pad_only,65,0.15,M1,False,0.9333333333333333,0.0,1.0,5.933333333333334,15
hiba,pad_only,65,0.15,M2,False,0.7807017543859649,0.008771929824561403,0.9912280701754386,4.684210526315789,114
hiba,pad_only,65,0.15,M3,False,1.0,0.0,1.0,5.714285714285714,14
hiba,pad_only,65,0.15,B,False,0.9655172413793104,,0.9950738916256158,4.596059113300493,203
hiba,primary,65,0.15,M1,False,0.9333333333333333,0.0,1.0,4.0,15
hiba,primary,65,0.15,M2,False,0.9385964912280702,0.008771929824561403,0.9912280701754386,4.271929824561403,114
hiba,primary,65,0.15,M3,False,1.0,0.0,1.0,4.714285714285714,14
hiba,primary,65,0.15,B,False,0.9556650246305419,,0.8768472906403941,3.2955665024630543,203
pad,pad_only,66,0.05,M1,False,0.9285714285714286,0.0,1.0,5.964285714285714,28
pad,pad_only,66,0.05,M2,False,0.949685534591195,0.0,1.0,6.314465408805032,159
pad,pad_only,66,0.05,M3,False,0.9836065573770492,0.0,1.0,6.229508196721311,61
pad,pad_only,66,0.05,B,False,1.0,,1.0,5.928571428571429,14
pad,primary,66,0.05,M1,False,0.8571428571428571,0.0,1.0,3.2857142857142856,28
pad,primary,66,0.05,M2,False,0.9433962264150944,0.0,1.0,3.5345911949685536,159
pad,primary,66,0.05,M3,False,0.9672131147540983,0.0,1.0,3.4754098360655736,61
pad,primary,66,0.05,B,False,0.7857142857142857,,0.9285714285714286,3.5714285714285716,14
pad,pad_only,66,0.1,M1,False,0.9285714285714286,0.0,1.0,3.0714285714285716,28
pad,pad_only,66,0.1,M2,False,0.9056603773584906,0.0,1.0,2.830188679245283,159
pad,pad_only,66,0.1,M3,False,0.8524590163934426,0.0,1.0,2.6557377049180326,61
pad,pad_only,66,0.1,B,False,0.7857142857142857,,0.7142857142857143,2.7142857142857144,14
pad,primary,66,0.1,M1,False,0.7857142857142857,0.0,1.0,2.6785714285714284,28
pad,primary,66,0.1,M2,False,0.9308176100628931,0.0,1.0,3.2767295597484276,159
pad,primary,66,0.1,M3,False,0.8688524590163934,0.0,1.0,2.737704918032787,61
pad,primary,66,0.1,B,False,0.7857142857142857,,0.9285714285714286,3.142857142857143,14
pad,pad_only,66,0.15,M1,False,0.9285714285714286,0.0,1.0,2.9285714285714284,28
pad,pad_only,66,0.15,M2,False,0.8867924528301887,0.0,1.0,2.5534591194968552,159
pad,pad_only,66,0.15,M3,False,0.8360655737704918,0.0,1.0,2.278688524590164,61
pad,pad_only,66,0.15,B,False,0.7142857142857143,,0.7857142857142857,2.4285714285714284,14
pad,primary,66,0.15,M1,False,0.7857142857142857,0.0,1.0,2.5,28
pad,primary,66,0.15,M2,False,0.8490566037735849,0.0,1.0,2.79874213836478,159
pad,primary,66,0.15,M3,False,0.819672131147541,0.0,1.0,2.5245901639344264,61
pad,primary,66,0.15,B,False,0.6428571428571429,,0.9285714285714286,2.857142857142857,14
hiba,pad_only,66,0.05,M1,False,1.0,0.0,1.0,8.0,6
hiba,pad_only,66,0.05,M2,False,0.9779411764705882,0.0,1.0,7.735294117647059,136
hiba,pad_only,66,0.05,M3,False,0.8,0.0,1.0,7.4,10
hiba,pad_only,66,0.05,B,False,1.0,,1.0,7.231578947368421,190
hiba,primary,66,0.05,M1,False,1.0,0.0,1.0,5.666666666666667,6
hiba,primary,66,0.05,M2,False,0.9558823529411765,0.0,1.0,6.573529411764706,136
hiba,primary,66,0.05,M3,False,0.8,0.0,1.0,5.8,10
hiba,primary,66,0.05,B,False,0.9894736842105263,,1.0,5.221052631578948,190
hiba,pad_only,66,0.1,M1,False,1.0,0.0,1.0,6.5,6
hiba,pad_only,66,0.1,M2,False,0.9191176470588235,0.0,1.0,6.404411764705882,136
hiba,pad_only,66,0.1,M3,False,0.8,0.0,1.0,5.9,10
hiba,pad_only,66,0.1,B,False,0.9789473684210527,,0.9947368421052631,5.315789473684211,190
hiba,primary,66,0.1,M1,False,1.0,0.0,1.0,4.0,6
hiba,primary,66,0.1,M2,False,0.9485294117647058,0.0,1.0,4.897058823529412,136
hiba,primary,66,0.1,M3,False,0.7,0.0,1.0,3.7,10
hiba,primary,66,0.1,B,False,0.9315789473684211,,0.9421052631578948,3.4842105263157896,190
hiba,pad_only,66,0.15,M1,False,1.0,0.0,1.0,5.0,6
hiba,pad_only,66,0.15,M2,False,0.9044117647058824,0.0,1.0,5.147058823529412,136
hiba,pad_only,66,0.15,M3,False,0.8,0.0,1.0,4.8,10
hiba,pad_only,66,0.15,B,False,0.9263157894736842,,0.968421052631579,4.205263157894737,190
hiba,primary,66,0.15,M1,False,1.0,0.0,1.0,3.0,6
hiba,primary,66,0.15,M2,False,0.9044117647058824,0.007352941176470588,0.9926470588235294,3.9191176470588234,136
hiba,primary,66,0.15,M3,False,0.7,0.0,1.0,3.6,10
hiba,primary,66,0.15,B,False,0.9,,0.7789473684210526,2.6736842105263157,190
pad,pad_only,67,0.05,M1,False,0.8275862068965517,0.0,1.0,6.103448275862069,29
pad,pad_only,67,0.05,M2,False,0.9423076923076923,0.0,1.0,6.666666666666667,156
pad,pad_only,67,0.05,M3,False,0.9846153846153847,0.0,1.0,6.723076923076923,65
pad,pad_only,67,0.05,B,True,1.0,,1.0,5.464285714285714,28
pad,primary,67,0.05,M1,False,1.0,0.0,1.0,7.310344827586207,29
pad,primary,67,0.05,M2,False,0.9551282051282052,0.0,1.0,7.038461538461538,156
pad,primary,67,0.05,M3,False,1.0,0.0,1.0,7.3076923076923075,65
pad,primary,67,0.05,B,True,1.0,,1.0,6.178571428571429,28
pad,pad_only,67,0.1,M1,False,0.8275862068965517,0.034482758620689655,0.9655172413793104,5.379310344827586,29
pad,pad_only,67,0.1,M2,False,0.8910256410256411,0.0,1.0,5.814102564102564,156
pad,pad_only,67,0.1,M3,False,0.9538461538461539,0.0,1.0,5.861538461538461,65
pad,pad_only,67,0.1,B,False,1.0,,1.0,4.785714285714286,28
pad,primary,67,0.1,M1,False,0.9655172413793104,0.0,1.0,4.068965517241379,29
pad,primary,67,0.1,M2,False,0.8525641025641025,0.0,1.0,3.6538461538461537,156
pad,primary,67,0.1,M3,False,0.9538461538461539,0.0,1.0,3.769230769230769,65
pad,primary,67,0.1,B,False,1.0,,1.0,3.642857142857143,28
pad,pad_only,67,0.15,M1,False,0.7586206896551724,0.034482758620689655,0.9655172413793104,3.6206896551724137,29
pad,pad_only,67,0.15,M2,False,0.8333333333333334,0.019230769230769232,0.9807692307692307,4.25,156
pad,pad_only,67,0.15,M3,False,0.9384615384615385,0.0,1.0,4.415384615384616,65
pad,pad_only,67,0.15,B,False,1.0,,1.0,3.25,28
pad,primary,67,0.15,M1,False,0.9655172413793104,0.0,1.0,4.068965517241379,29
pad,primary,67,0.15,M2,False,0.8333333333333334,0.00641025641025641,0.9935897435897436,3.3525641025641026,156
pad,primary,67,0.15,M3,False,0.9230769230769231,0.0,1.0,3.476923076923077,65
pad,primary,67,0.15,B,False,1.0,,1.0,3.2857142857142856,28
hiba,pad_only,67,0.05,M1,False,1.0,0.0,1.0,7.214285714285714,28
hiba,pad_only,67,0.05,M2,False,0.967741935483871,0.0,1.0,6.935483870967742,124
hiba,pad_only,67,0.05,M3,False,0.9333333333333333,0.0,1.0,7.466666666666667,15
hiba,pad_only,67,0.05,B,False,0.9702970297029703,,1.0,6.475247524752476,101
hiba,primary,67,0.05,M1,False,1.0,0.0,1.0,5.892857142857143,28
hiba,primary,67,0.05,M2,False,0.9758064516129032,0.0,1.0,6.17741935483871,124
hiba,primary,67,0.05,M3,False,1.0,0.0,1.0,6.333333333333333,15
hiba,primary,67,0.05,B,False,0.9504950495049505,,1.0,5.405940594059406,101
hiba,pad_only,67,0.1,M1,False,1.0,0.0,1.0,7.035714285714286,28
hiba,pad_only,67,0.1,M2,False,0.9516129032258065,0.0,1.0,6.620967741935484,124
hiba,pad_only,67,0.1,M3,False,0.8666666666666667,0.0,1.0,6.4,15
hiba,pad_only,67,0.1,B,False,0.9702970297029703,,1.0,5.99009900990099,101
hiba,primary,67,0.1,M1,False,0.8928571428571429,0.0,1.0,4.214285714285714,28
hiba,primary,67,0.1,M2,False,0.9193548387096774,0.024193548387096774,0.9758064516129032,4.758064516129032,124
hiba,primary,67,0.1,M3,False,0.7333333333333333,0.0,1.0,3.8,15
hiba,primary,67,0.1,B,False,0.8910891089108911,,0.9702970297029703,3.6930693069306932,101
hiba,pad_only,67,0.15,M1,False,0.9285714285714286,0.03571428571428571,0.9642857142857143,4.821428571428571,28
hiba,pad_only,67,0.15,M2,False,0.9354838709677419,0.0,1.0,5.080645161290323,124
hiba,pad_only,67,0.15,M3,False,0.6666666666666666,0.06666666666666667,0.9333333333333333,3.933333333333333,15
hiba,pad_only,67,0.15,B,False,0.8712871287128713,,1.0,4.574257425742574,101
hiba,primary,67,0.15,M1,False,0.8928571428571429,0.0,1.0,3.5,28
hiba,primary,67,0.15,M2,False,0.8629032258064516,0.024193548387096774,0.9758064516129032,3.5403225806451615,124
hiba,primary,67,0.15,M3,False,0.7333333333333333,0.0,1.0,3.0,15
hiba,primary,67,0.15,B,False,0.8217821782178217,,0.9108910891089109,2.900990099009901,101
pad,pad_only,68,0.05,M1,False,1.0,0.0,1.0,3.814814814814815,27
pad,pad_only,68,0.05,M2,False,0.934640522875817,0.0,1.0,3.150326797385621,153
pad,pad_only,68,0.05,M3,False,0.9523809523809523,0.0,1.0,3.357142857142857,84
pad,pad_only,68,0.05,B,False,0.8571428571428571,,0.9285714285714286,4.142857142857143,14
pad,primary,68,0.05,M1,False,1.0,0.0,1.0,4.037037037037037,27
pad,primary,68,0.05,M2,False,0.9673202614379085,0.0,1.0,4.163398692810458,153
pad,primary,68,0.05,M3,False,1.0,0.0,1.0,4.476190476190476,84
pad,primary,68,0.05,B,False,1.0,,1.0,4.5,14
pad,pad_only,68,0.1,M1,False,0.8518518518518519,0.0,1.0,2.4814814814814814,27
pad,pad_only,68,0.1,M2,False,0.869281045751634,0.0,1.0,2.522875816993464,153
pad,pad_only,68,0.1,M3,False,0.8928571428571429,0.0,1.0,2.8214285714285716,84
pad,pad_only,68,0.1,B,False,0.8571428571428571,,0.8571428571428571,3.142857142857143,14
pad,primary,68,0.1,M1,False,0.9259259259259259,0.0,1.0,3.111111111111111,27
pad,primary,68,0.1,M2,False,0.9215686274509803,0.0,1.0,3.241830065359477,153
pad,primary,68,0.1,M3,False,0.9761904761904762,0.0,1.0,3.4166666666666665,84
pad,primary,68,0.1,B,False,0.8571428571428571,,1.0,3.7142857142857144,14
pad,pad_only,68,0.15,M1,False,0.8518518518518519,0.0,1.0,2.4444444444444446,27
pad,pad_only,68,0.15,M2,False,0.7973856209150327,0.0,1.0,2.1437908496732025,153
pad,pad_only,68,0.15,M3,False,0.8452380952380952,0.0,1.0,2.511904761904762,84
pad,pad_only,68,0.15,B,False,0.7142857142857143,,0.9285714285714286,2.7857142857142856,14
pad,primary,68,0.15,M1,False,0.8888888888888888,0.0,1.0,2.7777777777777777,27
pad,primary,68,0.15,M2,False,0.8823529411764706,0.0,1.0,2.8823529411764706,153
pad,primary,68,0.15,M3,False,0.8452380952380952,0.0,1.0,2.7142857142857144,84
pad,primary,68,0.15,B,False,0.7857142857142857,,1.0,3.357142857142857,14
hiba,pad_only,68,0.05,M1,False,1.0,0.0,1.0,7.2105263157894735,19
hiba,pad_only,68,0.05,M2,False,0.9612403100775194,0.0,1.0,6.984496124031008,129
hiba,pad_only,68,0.05,M3,False,1.0,0.0,1.0,7.5,18
hiba,pad_only,68,0.05,B,False,0.9625,,1.0,6.7625,160
hiba,primary,68,0.05,M1,False,0.9473684210526315,0.0,1.0,5.947368421052632,19
hiba,primary,68,0.05,M2,False,0.9612403100775194,0.0,1.0,6.496124031007752,129
hiba,primary,68,0.05,M3,False,1.0,0.0,1.0,6.555555555555555,18
hiba,primary,68,0.05,B,False,0.96875,,1.0,5.78125,160
hiba,pad_only,68,0.1,M1,False,0.9473684210526315,0.0,1.0,6.526315789473684,19
hiba,pad_only,68,0.1,M2,False,0.9302325581395349,0.0,1.0,6.674418604651163,129
hiba,pad_only,68,0.1,M3,False,1.0,0.0,1.0,7.333333333333333,18
hiba,pad_only,68,0.1,B,False,0.9625,,1.0,6.33125,160
hiba,primary,68,0.1,M1,False,0.9473684210526315,0.0,1.0,4.631578947368421,19
hiba,primary,68,0.1,M2,False,0.9302325581395349,0.0,1.0,4.937984496124031,129
hiba,primary,68,0.1,M3,False,1.0,0.0,1.0,5.055555555555555,18
hiba,primary,68,0.1,B,False,0.95625,,0.95,4.08125,160
hiba,pad_only,68,0.15,M1,False,0.9473684210526315,0.0,1.0,5.368421052631579,19
hiba,pad_only,68,0.15,M2,False,0.875968992248062,0.007751937984496124,0.9922480620155039,4.945736434108527,129
hiba,pad_only,68,0.15,M3,False,0.8888888888888888,0.0,1.0,5.111111111111111,18
hiba,pad_only,68,0.15,B,False,0.93125,,1.0,4.56875,160
hiba,primary,68,0.15,M1,False,0.9473684210526315,0.0,1.0,4.315789473684211,19
hiba,primary,68,0.15,M2,False,0.8604651162790697,0.007751937984496124,0.9922480620155039,3.9844961240310077,129
hiba,primary,68,0.15,M3,False,0.9444444444444444,0.0,1.0,4.333333333333333,18
hiba,primary,68,0.15,B,False,0.925,,0.8875,3.36875,160
pad,pad_only,69,0.05,M1,False,0.9545454545454546,0.0,1.0,6.045454545454546,22
pad,pad_only,69,0.05,M2,False,0.958904109589041,0.0,1.0,6.205479452054795,146
pad,pad_only,69,0.05,M3,False,0.9285714285714286,0.0,1.0,6.1,70
pad,pad_only,69,0.05,B,False,1.0,,1.0,5.454545454545454,22
pad,primary,69,0.05,M1,False,0.9545454545454546,0.0,1.0,4.318181818181818,22
pad,primary,69,0.05,M2,False,0.9726027397260274,0.0,1.0,4.239726027397261,146
pad,primary,69,0.05,M3,False,0.9714285714285714,0.0,1.0,4.042857142857143,70
pad,primary,69,0.05,B,False,0.9545454545454546,,1.0,4.090909090909091,22
pad,pad_only,69,0.1,M1,False,0.7727272727272727,0.045454545454545456,0.9545454545454546,4.2272727272727275,22
pad,pad_only,69,0.1,M2,False,0.8972602739726028,0.0410958904109589,0.958904109589041,4.424657534246576,146
pad,pad_only,69,0.1,M3,False,0.8714285714285714,0.04285714285714286,0.9571428571428572,4.414285714285715,70
pad,pad_only,69,0.1,B,False,1.0,,1.0,3.6818181818181817,22
pad,primary,69,0.1,M1,False,0.9545454545454546,0.0,1.0,3.4545454545454546,22
pad,primary,69,0.1,M2,False,0.9452054794520548,0.0,1.0,3.4383561643835616,146
pad,primary,69,0.1,M3,False,0.8857142857142857,0.0,1.0,2.9714285714285715,70
pad,primary,69,0.1,B,False,0.9545454545454546,,1.0,3.227272727272727,22
pad,pad_only,69,0.15,M1,False,0.7272727272727273,0.0,1.0,2.3636363636363638,22
pad,pad_only,69,0.15,M2,False,0.8493150684931506,0.0,1.0,2.5205479452054793,146
pad,pad_only,69,0.15,M3,False,0.7714285714285715,0.02857142857142857,0.9714285714285714,2.3,70
pad,pad_only,69,0.15,B,False,0.9090909090909091,,0.5909090909090909,2.3181818181818183,22
pad,primary,69,0.15,M1,False,0.8636363636363636,0.0,1.0,3.090909090909091,22
pad,primary,69,0.15,M2,False,0.9178082191780822,0.0,1.0,3.0821917808219177,146
pad,primary,69,0.15,M3,False,0.8428571428571429,0.0,1.0,2.642857142857143,70
pad,primary,69,0.15,B,False,0.8636363636363636,,0.9090909090909091,2.8636363636363638,22
hiba,pad_only,69,0.05,M1,False,1.0,0.0,1.0,7.444444444444445,27
hiba,pad_only,69,0.05,M2,False,0.9482758620689655,0.0,1.0,6.887931034482759,116
hiba,pad_only,69,0.05,M3,False,1.0,0.0,1.0,7.2,15
hiba,pad_only,69,0.05,B,False,0.9909502262443439,,1.0,6.828054298642534,221
hiba,primary,69,0.05,M1,False,1.0,0.0,1.0,6.703703703703703,27
hiba,primary,69,0.05,M2,False,0.9396551724137931,0.0,1.0,6.586206896551724,116
hiba,primary,69,0.05,M3,False,1.0,0.0,1.0,6.533333333333333,15
hiba,primary,69,0.05,B,False,0.9864253393665159,,1.0,5.751131221719457,221
hiba,pad_only,69,0.1,M1,False,1.0,0.0,1.0,7.333333333333333,27
hiba,pad_only,69,0.1,M2,False,0.8793103448275862,0.0,1.0,6.370689655172414,116
hiba,pad_only,69,0.1,M3,False,1.0,0.0,1.0,7.0,15
hiba,pad_only,69,0.1,B,False,0.9909502262443439,,1.0,6.4343891402714934,221
hiba,primary,69,0.1,M1,False,1.0,0.0,1.0,5.185185185185185,27
hiba,primary,69,0.1,M2,False,0.896551724137931,0.017241379310344827,0.9827586206896551,4.870689655172414,116
hiba,primary,69,0.1,M3,False,1.0,0.0,1.0,4.6,15
hiba,primary,69,0.1,B,False,0.9819004524886877,,0.995475113122172,4.067873303167421,221
hiba,pad_only,69,0.15,M1,False,1.0,0.0,1.0,6.666666666666667,27
hiba,pad_only,69,0.15,M2,False,0.8103448275862069,0.0,1.0,5.931034482758621,116
hiba,pad_only,69,0.15,M3,False,0.9333333333333333,0.0,1.0,6.6,15
hiba,pad_only,69,0.15,B,False,0.9909502262443439,,0.995475113122172,5.493212669683258,221
hiba,primary,69,0.15,M1,False,1.0,0.0,1.0,4.074074074074074,27
hiba,primary,69,0.15,M2,False,0.853448275862069,0.034482758620689655,0.9655172413793104,3.7672413793103448,116
hiba,primary,69,0.15,M3,False,1.0,0.0,1.0,4.333333333333333,15
hiba,primary,69,0.15,B,False,0.9592760180995475,,0.8868778280542986,3.0361990950226243,221
pad,pad_only,70,0.05,M1,False,1.0,0.0,1.0,6.703703703703703,27
pad,pad_only,70,0.05,M2,False,0.976878612716763,0.0,1.0,6.242774566473988,173
pad,pad_only,70,0.05,M3,False,0.9833333333333333,0.0,1.0,6.4,60
pad,pad_only,70,0.05,B,False,1.0,,1.0,5.45,20
pad,primary,70,0.05,M1,False,1.0,0.0,1.0,4.185185185185185,27
pad,primary,70,0.05,M2,False,0.9132947976878613,0.0,1.0,3.6820809248554913,173
pad,primary,70,0.05,M3,False,1.0,0.0,1.0,4.55,60
pad,primary,70,0.05,B,False,0.95,,1.0,4.2,20
pad,pad_only,70,0.1,M1,False,1.0,0.0,1.0,4.555555555555555,27
pad,pad_only,70,0.1,M2,False,0.9364161849710982,0.011560693641618497,0.9884393063583815,4.618497109826589,173
pad,pad_only,70,0.1,M3,False,0.9166666666666666,0.016666666666666666,0.9833333333333333,4.766666666666667,60
pad,pad_only,70,0.1,B,False,1.0,,1.0,3.5,20
pad,primary,70,0.1,M1,False,1.0,0.0,1.0,3.740740740740741,27
pad,primary,70,0.1,M2,False,0.8728323699421965,0.0,1.0,2.8959537572254335,173
pad,primary,70,0.1,M3,False,0.9333333333333333,0.0,1.0,3.4,60
pad,primary,70,0.1,B,False,0.95,,0.95,3.6,20
pad,pad_only,70,0.15,M1,False,0.9629629629629629,0.0,1.0,3.0,27
pad,pad_only,70,0.15,M2,False,0.8439306358381503,0.011560693641618497,0.9884393063583815,2.653179190751445,173
pad,pad_only,70,0.15,M3,False,0.9166666666666666,0.0,1.0,2.9833333333333334,60
pad,pad_only,70,0.15,B,False,1.0,,0.8,2.8,20
pad,primary,70,0.15,M1,False,0.9629629629629629,0.0,1.0,3.074074074074074,27
pad,primary,70,0.15,M2,False,0.8323699421965318,0.0,1.0,2.6184971098265897,173
pad,primary,70,0.15,M3,False,0.8833333333333333,0.0,1.0,2.9,60
pad,primary,70,0.15,B,False,0.8,,0.95,3.25,20
hiba,pad_only,70,0.05,M1,False,1.0,0.0,1.0,7.333333333333333,21
hiba,pad_only,70,0.05,M2,False,0.9779411764705882,0.0,1.0,7.205882352941177,136
hiba,pad_only,70,0.05,M3,False,1.0,0.0,1.0,6.928571428571429,14
hiba,pad_only,70,0.05,B,False,0.9820627802690582,,1.0,7.1524663677130045,223
hiba,primary,70,0.05,M1,False,1.0,0.0,1.0,6.285714285714286,21
hiba,primary,70,0.05,M2,False,0.9191176470588235,0.0,1.0,6.4338235294117645,136
hiba,primary,70,0.05,M3,False,0.9285714285714286,0.0,1.0,5.857142857142857,14
hiba,primary,70,0.05,B,False,0.9865470852017937,,1.0,5.130044843049327,223
hiba,pad_only,70,0.1,M1,False,1.0,0.0,1.0,7.285714285714286,21
hiba,pad_only,70,0.1,M2,False,0.8529411764705882,0.0,1.0,6.272058823529412,136
hiba,pad_only,70,0.1,M3,False,0.8571428571428571,0.0,1.0,6.428571428571429,14
hiba,pad_only,70,0.1,B,False,0.9820627802690582,,1.0,5.739910313901345,223
hiba,primary,70,0.1,M1,False,1.0,0.0,1.0,4.809523809523809,21
hiba,primary,70,0.1,M2,False,0.8529411764705882,0.007352941176470588,0.9926470588235294,4.492647058823529,136
hiba,primary,70,0.1,M3,False,0.9285714285714286,0.0,1.0,4.5,14
hiba,primary,70,0.1,B,False,0.9596412556053812,,0.9282511210762332,3.4798206278026904,223
hiba,pad_only,70,0.15,M1,False,1.0,0.0,1.0,5.476190476190476,21
hiba,pad_only,70,0.15,M2,False,0.8235294117647058,0.007352941176470588,0.9926470588235294,4.654411764705882,136
hiba,pad_only,70,0.15,M3,False,0.8571428571428571,0.0,1.0,4.928571428571429,14
hiba,pad_only,70,0.15,B,False,0.9551569506726457,,0.9820627802690582,4.031390134529148,223
hiba,primary,70,0.15,M1,False,1.0,0.0,1.0,3.9047619047619047,21
hiba,primary,70,0.15,M2,False,0.8088235294117647,0.014705882352941176,0.9852941176470589,3.838235294117647,136
hiba,primary,70,0.15,M3,False,0.9285714285714286,0.0,1.0,4.071428571428571,14
hiba,primary,70,0.15,B,False,0.9282511210762332,,0.7713004484304933,2.6053811659192827,223
pad,pad_only,71,0.05,M1,False,0.9615384615384616,0.0,1.0,2.8076923076923075,26
pad,pad_only,71,0.05,M2,False,0.9652777777777778,0.0,1.0,3.25,144
pad,pad_only,71,0.05,M3,False,0.9710144927536232,0.0,1.0,3.3768115942028984,69
pad,pad_only,71,0.05,B,False,0.8571428571428571,,0.6666666666666666,3.1904761904761907,21
pad,primary,71,0.05,M1,False,1.0,0.0,1.0,4.461538461538462,26
pad,primary,71,0.05,M2,False,1.0,0.0,1.0,4.722222222222222,144
pad,primary,71,0.05,M3,False,0.9710144927536232,0.0,1.0,4.188405797101449,69
pad,primary,71,0.05,B,False,1.0,,1.0,4.142857142857143,21
pad,pad_only,71,0.1,M1,False,0.9230769230769231,0.0,1.0,2.5384615384615383,26
pad,pad_only,71,0.1,M2,False,0.9375,0.0,1.0,2.9652777777777777,144
pad,pad_only,71,0.1,M3,False,0.9565217391304348,0.0,1.0,3.0,69
pad,pad_only,71,0.1,B,False,0.8571428571428571,,0.6190476190476191,2.5714285714285716,21
pad,primary,71,0.1,M1,False,1.0,0.0,1.0,3.576923076923077,26
pad,primary,71,0.1,M2,False,0.9861111111111112,0.0,1.0,3.513888888888889,144
pad,primary,71,0.1,M3,False,0.9130434782608695,0.0,1.0,3.0434782608695654,69
pad,primary,71,0.1,B,False,0.9523809523809523,,1.0,3.0952380952380953,21
pad,pad_only,71,0.15,M1,False,0.8846153846153846,0.0,1.0,2.3076923076923075,26
pad,pad_only,71,0.15,M2,False,0.875,0.0,1.0,2.6180555555555554,144
pad,pad_only,71,0.15,M3,False,0.927536231884058,0.0,1.0,2.63768115942029,69
pad,pad_only,71,0.15,B,False,0.8571428571428571,,0.5714285714285714,2.380952380952381,21
pad,primary,71,0.15,M1,False,1.0,0.0,1.0,3.5,26
pad,primary,71,0.15,M2,False,0.8958333333333334,0.0,1.0,3.0625,144
pad,primary,71,0.15,M3,False,0.8840579710144928,0.0,1.0,2.9855072463768115,69
pad,primary,71,0.15,B,False,0.9523809523809523,,1.0,3.0476190476190474,21
hiba,pad_only,71,0.05,M1,False,1.0,0.0,1.0,7.0,12
hiba,pad_only,71,0.05,M2,False,0.959349593495935,0.0,1.0,6.829268292682927,123
hiba,pad_only,71,0.05,M3,False,1.0,0.0,1.0,7.294117647058823,17
hiba,pad_only,71,0.05,B,False,0.9875518672199171,,1.0,6.730290456431535,241
hiba,primary,71,0.05,M1,False,1.0,0.0,1.0,6.583333333333333,12
hiba,primary,71,0.05,M2,False,0.943089430894309,0.0,1.0,6.520325203252033,123
hiba,primary,71,0.05,M3,False,0.9411764705882353,0.0,1.0,6.117647058823529,17
hiba,primary,71,0.05,B,False,0.991701244813278,,1.0,5.224066390041494,241
hiba,pad_only,71,0.1,M1,False,1.0,0.0,1.0,6.75,12
hiba,pad_only,71,0.1,M2,False,0.9105691056910569,0.0,1.0,6.544715447154472,123
hiba,pad_only,71,0.1,M3,False,0.9411764705882353,0.0,1.0,6.176470588235294,17
hiba,pad_only,71,0.1,B,False,0.9875518672199171,,0.995850622406639,5.352697095435684,241
hiba,primary,71,0.1,M1,False,0.9166666666666666,0.0,1.0,5.333333333333333,12
hiba,primary,71,0.1,M2,False,0.9105691056910569,0.0,1.0,5.276422764227642,123
hiba,primary,71,0.1,M3,False,0.8823529411764706,0.0,1.0,4.9411764705882355,17
hiba,primary,71,0.1,B,False,0.991701244813278,,1.0,3.896265560165975,241
hiba,pad_only,71,0.15,M1,False,1.0,0.0,1.0,5.0,12
hiba,pad_only,71,0.15,M2,False,0.8699186991869918,0.008130081300813009,0.991869918699187,4.747967479674797,123
hiba,pad_only,71,0.15,M3,False,0.9411764705882353,0.0,1.0,4.9411764705882355,17
hiba,pad_only,71,0.15,B,False,0.9585062240663901,,0.979253112033195,4.24896265560166,241
hiba,primary,71,0.15,M1,False,0.8333333333333334,0.0,1.0,4.083333333333333,12
hiba,primary,71,0.15,M2,False,0.8536585365853658,0.016260162601626018,0.983739837398374,4.056910569105691,123
hiba,primary,71,0.15,M3,False,0.8823529411764706,0.0,1.0,4.117647058823529,17
hiba,primary,71,0.15,B,False,0.983402489626556,,0.8340248962655602,2.8423236514522823,241
pad,pad_only,72,0.05,M1,False,1.0,0.0,1.0,5.545454545454546,22
pad,pad_only,72,0.05,M2,False,0.972972972972973,0.006756756756756757,0.9932432432432432,4.6824324324324325,148
pad,pad_only,72,0.05,M3,False,0.9213483146067416,0.011235955056179775,0.9887640449438202,4.943820224719101,89
pad,pad_only,72,0.05,B,False,0.9473684210526315,,1.0,4.315789473684211,19
pad,primary,72,0.05,M1,False,0.9090909090909091,0.0,1.0,3.909090909090909,22
pad,primary,72,0.05,M2,False,0.9594594594594594,0.0,1.0,4.135135135135135,148
pad,primary,72,0.05,M3,False,0.9662921348314607,0.0,1.0,3.943820224719101,89
pad,primary,72,0.05,B,False,1.0,,1.0,4.0,19
pad,pad_only,72,0.1,M1,False,1.0,0.0,1.0,3.272727272727273,22
pad,pad_only,72,0.1,M2,False,0.9391891891891891,0.0,1.0,3.027027027027027,148
pad,pad_only,72,0.1,M3,False,0.8539325842696629,0.011235955056179775,0.9887640449438202,2.808988764044944,89
pad,pad_only,72,0.1,B,False,0.9473684210526315,,0.8421052631578947,2.789473684210526,19
pad,primary,72,0.1,M1,False,0.9090909090909091,0.0,1.0,3.8181818181818183,22
pad,primary,72,0.1,M2,False,0.918918918918919,0.0,1.0,3.7837837837837838,148
pad,primary,72,0.1,M3,False,0.8876404494382022,0.0,1.0,3.393258426966292,89
pad,primary,72,0.1,B,False,1.0,,0.9473684210526315,3.736842105263158,19
pad,pad_only,72,0.15,M1,False,1.0,0.0,1.0,3.090909090909091,22
pad,pad_only,72,0.15,M2,False,0.8648648648648649,0.0,1.0,2.472972972972973,148
pad,pad_only,72,0.15,M3,False,0.8314606741573034,0.02247191011235955,0.9775280898876404,2.539325842696629,89
pad,pad_only,72,0.15,B,False,0.9473684210526315,,0.8421052631578947,2.6842105263157894,19
pad,primary,72,0.15,M1,False,0.8636363636363636,0.0,1.0,2.8636363636363638,22
pad,primary,72,0.15,M2,False,0.8986486486486487,0.0,1.0,3.0405405405405403,148
pad,primary,72,0.15,M3,False,0.7865168539325843,0.0,1.0,2.6741573033707864,89
pad,primary,72,0.15,B,False,1.0,,0.9473684210526315,3.3684210526315788,19
hiba,pad_only,72,0.05,M1,False,1.0,0.0,1.0,7.4,10
hiba,pad_only,72,0.05,M2,False,0.9671052631578947,0.0,1.0,6.953947368421052,152
hiba,pad_only,72,0.05,M3,False,1.0,0.0,1.0,7.294117647058823,17
hiba,pad_only,72,0.05,B,False,0.9871794871794872,,1.0,6.923076923076923,156
hiba,primary,72,0.05,M1,False,1.0,0.0,1.0,6.2,10
hiba,primary,72,0.05,M2,False,0.9539473684210527,0.0,1.0,6.644736842105263,152
hiba,primary,72,0.05,M3,False,1.0,0.0,1.0,6.647058823529412,17
hiba,primary,72,0.05,B,False,0.9935897435897436,,1.0,5.621794871794871,156
hiba,pad_only,72,0.1,M1,False,1.0,0.0,1.0,7.1,10
hiba,pad_only,72,0.1,M2,False,0.9144736842105263,0.0,1.0,6.447368421052632,152
hiba,pad_only,72,0.1,M3,False,1.0,0.0,1.0,7.117647058823529,17
hiba,pad_only,72,0.1,B,False,0.9871794871794872,,1.0,6.403846153846154,156
hiba,primary,72,0.1,M1,False,1.0,0.0,1.0,5.3,10
hiba,primary,72,0.1,M2,False,0.8947368421052632,0.013157894736842105,0.9868421052631579,5.0394736842105265,152
hiba,primary,72,0.1,M3,False,1.0,0.0,1.0,5.352941176470588,17
hiba,primary,72,0.1,B,False,0.9871794871794872,,0.9935897435897436,3.891025641025641,156
hiba,pad_only,72,0.15,M1,False,0.9,0.0,1.0,4.9,10
hiba,pad_only,72,0.15,M2,False,0.8881578947368421,0.0,1.0,4.940789473684211,152
hiba,pad_only,72,0.15,M3,False,0.9411764705882353,0.0,1.0,5.411764705882353,17
hiba,pad_only,72,0.15,B,False,0.9551282051282052,,0.9935897435897436,4.698717948717949,156
hiba,primary,72,0.15,M1,False,1.0,0.0,1.0,4.1,10
hiba,primary,72,0.15,M2,False,0.8223684210526315,0.046052631578947366,0.9539473684210527,3.8092105263157894,152
hiba,primary,72,0.15,M3,False,1.0,0.0,1.0,4.588235294117647,17
hiba,primary,72,0.15,B,False,0.9615384615384616,,0.8205128205128205,2.8974358974358974,156
pad,pad_only,73,0.05,M1,False,1.0,0.0,1.0,3.6538461538461537,26
pad,pad_only,73,0.05,M2,False,0.9457831325301205,0.0,1.0,3.36144578313253,166
pad,pad_only,73,0.05,M3,False,0.927710843373494,0.0,1.0,3.108433734939759,83
pad,pad_only,73,0.05,B,False,0.9130434782608695,,0.9130434782608695,3.652173913043478,23
pad,primary,73,0.05,M1,False,0.9615384615384616,0.0,1.0,4.0,26
pad,primary,73,0.05,M2,False,0.9698795180722891,0.0,1.0,3.9819277108433737,166
pad,primary,73,0.05,M3,False,0.9759036144578314,0.0,1.0,4.024096385542169,83
pad,primary,73,0.05,B,False,1.0,,1.0,4.304347826086956,23
pad,pad_only,73,0.1,M1,False,0.8846153846153846,0.0,1.0,2.6538461538461537,26
pad,pad_only,73,0.1,M2,False,0.9036144578313253,0.0,1.0,2.9036144578313254,166
pad,pad_only,73,0.1,M3,False,0.891566265060241,0.0,1.0,2.710843373493976,83
pad,pad_only,73,0.1,B,False,0.9130434782608695,,0.8260869565217391,2.8260869565217392,23
pad,primary,73,0.1,M1,False,0.9230769230769231,0.0,1.0,3.230769230769231,26
pad,primary,73,0.1,M2,False,0.9156626506024096,0.0,1.0,2.9939759036144578,166
pad,primary,73,0.1,M3,False,0.9036144578313253,0.0,1.0,2.7590361445783134,83
pad,primary,73,0.1,B,False,0.8695652173913043,,1.0,3.347826086956522,23
pad,pad_only,73,0.15,M1,False,0.8846153846153846,0.0,1.0,2.5,26
pad,pad_only,73,0.15,M2,False,0.8373493975903614,0.0,1.0,2.4096385542168677,166
pad,pad_only,73,0.15,M3,False,0.8313253012048193,0.0,1.0,2.2409638554216866,83
pad,pad_only,73,0.15,B,False,0.6956521739130435,,0.8695652173913043,2.391304347826087,23
pad,primary,73,0.15,M1,False,0.6923076923076923,0.0,1.0,1.7307692307692308,26
pad,primary,73,0.15,M2,False,0.8614457831325302,0.0,1.0,2.7349397590361444,166
pad,primary,73,0.15,M3,False,0.8674698795180723,0.0,1.0,2.5783132530120483,83
pad,primary,73,0.15,B,False,0.8695652173913043,,0.9565217391304348,2.9565217391304346,23
hiba,pad_only,73,0.05,M1,False,1.0,0.0,1.0,8.0,13
hiba,pad_only,73,0.05,M2,False,0.952,0.0,1.0,7.52,125
hiba,pad_only,73,0.05,M3,False,0.9444444444444444,0.0,1.0,7.722222222222222,18
hiba,pad_only,73,0.05,B,False,1.0,,1.0,7.319148936170213,188
hiba,primary,73,0.05,M1,False,1.0,0.0,1.0,6.923076923076923,13
hiba,primary,73,0.05,M2,False,0.952,0.0,1.0,6.632,125
hiba,primary,73,0.05,M3,False,1.0,0.0,1.0,6.944444444444445,18
hiba,primary,73,0.05,B,False,1.0,,1.0,5.691489361702128,188
hiba,pad_only,73,0.1,M1,False,1.0,0.0,1.0,6.615384615384615,13
hiba,pad_only,73,0.1,M2,False,0.912,0.0,1.0,6.4,125
hiba,pad_only,73,0.1,M3,False,0.8888888888888888,0.0,1.0,6.944444444444445,18
hiba,pad_only,73,0.1,B,False,0.9893617021276596,,1.0,5.973404255319149,188
hiba,primary,73,0.1,M1,False,0.9230769230769231,0.0,1.0,6.076923076923077,13
hiba,primary,73,0.1,M2,False,0.912,0.0,1.0,5.136,125
hiba,primary,73,0.1,M3,False,0.9444444444444444,0.0,1.0,5.111111111111111,18
hiba,primary,73,0.1,B,False,0.973404255319149,,0.9946808510638298,3.978723404255319,188
hiba,pad_only,73,0.15,M1,False,1.0,0.0,1.0,5.0,13
hiba,pad_only,73,0.15,M2,False,0.856,0.008,0.992,4.888,125
hiba,pad_only,73,0.15,M3,False,0.8888888888888888,0.0,1.0,5.222222222222222,18
hiba,pad_only,73,0.15,B,False,0.9361702127659575,,0.9787234042553191,4.175531914893617,188
hiba,primary,73,0.15,M1,False,0.8461538461538461,0.0,1.0,4.461538461538462,13
hiba,primary,73,0.15,M2,False,0.816,0.024,0.976,3.88,125
hiba,primary,73,0.15,M3,False,0.9444444444444444,0.0,1.0,4.611111111111111,18
hiba,primary,73,0.15,B,False,0.9521276595744681,,0.8670212765957447,2.856382978723404,188
pad,pad_only,74,0.05,M1,False,0.8666666666666667,0.0,1.0,5.9,30
pad,pad_only,74,0.05,M2,False,0.9248554913294798,0.0,1.0,6.017341040462428,173
pad,pad_only,74,0.05,M3,False,0.9393939393939394,0.0,1.0,6.318181818181818,66
pad,pad_only,74,0.05,B,False,1.0,,1.0,5.05,20
pad,primary,74,0.05,M1,False,1.0,0.0,1.0,4.466666666666667,30
pad,primary,74,0.05,M2,False,0.9826589595375722,0.0,1.0,4.375722543352601,173
pad,primary,74,0.05,M3,False,1.0,0.0,1.0,4.136363636363637,66
pad,primary,74,0.05,B,False,1.0,,1.0,4.35,20
pad,pad_only,74,0.1,M1,False,0.7333333333333333,0.03333333333333333,0.9666666666666667,3.8666666666666667,30
pad,pad_only,74,0.1,M2,False,0.9075144508670521,0.005780346820809248,0.9942196531791907,4.531791907514451,173
pad,pad_only,74,0.1,M3,False,0.9090909090909091,0.015151515151515152,0.9848484848484849,4.712121212121212,66
pad,pad_only,74,0.1,B,False,1.0,,1.0,3.55,20
pad,primary,74,0.1,M1,False,1.0,0.0,1.0,4.3,30
pad,primary,74,0.1,M2,False,0.976878612716763,0.0,1.0,4.034682080924855,173
pad,primary,74,0.1,M3,False,0.9393939393939394,0.0,1.0,3.484848484848485,66
pad,primary,74,0.1,B,False,1.0,,1.0,4.05,20
pad,pad_only,74,0.15,M1,False,0.7333333333333333,0.0,1.0,2.033333333333333,30
pad,pad_only,74,0.15,M2,False,0.8265895953757225,0.011560693641618497,0.9884393063583815,2.566473988439306,173
pad,pad_only,74,0.15,M3,False,0.8787878787878788,0.015151515151515152,0.9848484848484849,2.787878787878788,66
pad,pad_only,74,0.15,B,False,1.0,,0.85,2.65,20
pad,primary,74,0.15,M1,False,1.0,0.0,1.0,3.533333333333333,30
pad,primary,74,0.15,M2,False,0.930635838150289,0.0,1.0,3.2023121387283235,173
pad,primary,74,0.15,M3,False,0.8636363636363636,0.0,1.0,2.6666666666666665,66
pad,primary,74,0.15,B,False,1.0,,1.0,3.7,20
hiba,pad_only,74,0.05,M1,False,0.9285714285714286,0.0,1.0,6.928571428571429,14
hiba,pad_only,74,0.05,M2,False,0.927007299270073,0.0,1.0,6.642335766423358,137
hiba,pad_only,74,0.05,M3,False,1.0,0.0,1.0,7.0625,16
hiba,pad_only,74,0.05,B,False,0.9617486338797814,,1.0,6.60655737704918,183
hiba,primary,74,0.05,M1,False,1.0,0.0,1.0,6.571428571428571,14
hiba,primary,74,0.05,M2,False,0.9708029197080292,0.0,1.0,6.781021897810219,137
hiba,primary,74,0.05,M3,False,1.0,0.0,1.0,6.5625,16
hiba,primary,74,0.05,B,False,0.9890710382513661,,1.0,5.863387978142076,183
hiba,pad_only,74,0.1,M1,False,0.9285714285714286,0.0,1.0,5.928571428571429,14
hiba,pad_only,74,0.1,M2,False,0.8540145985401459,0.0,1.0,6.255474452554744,137
hiba,pad_only,74,0.1,M3,False,1.0,0.0,1.0,7.0,16
hiba,pad_only,74,0.1,B,False,0.9617486338797814,,1.0,6.180327868852459,183
hiba,primary,74,0.1,M1,False,0.9285714285714286,0.0,1.0,5.357142857142857,14
hiba,primary,74,0.1,M2,False,0.8394160583941606,0.014598540145985401,0.9854014598540146,4.8321167883211675,137
hiba,primary,74,0.1,M3,False,1.0,0.0,1.0,4.875,16
hiba,primary,74,0.1,B,False,0.9836065573770492,,0.9836065573770492,3.879781420765027,183
hiba,pad_only,74,0.15,M1,False,0.9285714285714286,0.0,1.0,5.0,14
hiba,pad_only,74,0.15,M2,False,0.8321167883211679,0.0,1.0,4.905109489051095,137
hiba,pad_only,74,0.15,M3,False,0.875,0.0,1.0,4.8125,16
hiba,pad_only,74,0.15,B,False,0.9180327868852459,,0.994535519125683,4.245901639344262,183
hiba,primary,74,0.15,M1,False,0.8571428571428571,0.0,1.0,4.428571428571429,14
hiba,primary,74,0.15,M2,False,0.7956204379562044,0.0364963503649635,0.9635036496350365,3.854014598540146,137
hiba,primary,74,0.15,M3,False,1.0,0.0,1.0,3.9375,16
hiba,primary,74,0.15,B,False,0.9453551912568307,,0.8633879781420765,2.8743169398907105,183
pad,pad_only,75,0.05,M1,False,0.9285714285714286,0.0,1.0,5.75,28
pad,pad_only,75,0.05,M2,False,0.8881578947368421,0.0,1.0,5.967105263157895,152
pad,pad_only,75,0.05,M3,False,0.9714285714285714,0.0,1.0,6.314285714285714,70
pad,pad_only,75,0.05,B,False,1.0,,1.0,5.041666666666667,24
pad,primary,75,0.05,M1,False,0.9642857142857143,0.0,1.0,4.392857142857143,28
pad,primary,75,0.05,M2,False,0.8947368421052632,0.0,1.0,4.0131578947368425,152
pad,primary,75,0.05,M3,False,0.9714285714285714,0.0,1.0,4.042857142857143,70
pad,primary,75,0.05,B,False,1.0,,1.0,3.8333333333333335,24
pad,pad_only,75,0.1,M1,False,0.9285714285714286,0.0,1.0,3.0,28
pad,pad_only,75,0.1,M2,False,0.8289473684210527,0.0,1.0,2.6973684210526314,152
pad,pad_only,75,0.1,M3,False,0.8571428571428571,0.014285714285714285,0.9857142857142858,2.7285714285714286,70
pad,pad_only,75,0.1,B,False,0.9583333333333334,,0.7916666666666666,2.6666666666666665,24
pad,primary,75,0.1,M1,False,0.9642857142857143,0.0,1.0,3.8214285714285716,28
pad,primary,75,0.1,M2,False,0.8618421052631579,0.0,1.0,3.0921052631578947,152
pad,primary,75,0.1,M3,False,0.9571428571428572,0.0,1.0,3.0142857142857142,70
pad,primary,75,0.1,B,False,0.9583333333333334,,0.9583333333333334,3.25,24
pad,pad_only,75,0.15,M1,False,0.7857142857142857,0.0,1.0,2.4642857142857144,28
pad,pad_only,75,0.15,M2,False,0.743421052631579,0.0,1.0,2.25,152
pad,pad_only,75,0.15,M3,False,0.8428571428571429,0.014285714285714285,0.9857142857142858,2.5142857142857142,70
pad,pad_only,75,0.15,B,False,0.9583333333333334,,0.6666666666666666,2.4583333333333335,24
pad,primary,75,0.15,M1,False,0.6785714285714286,0.0,1.0,2.357142857142857,28
pad,primary,75,0.15,M2,False,0.8355263157894737,0.0,1.0,2.861842105263158,152
pad,primary,75,0.15,M3,False,0.9428571428571428,0.0,1.0,2.8857142857142857,70
pad,primary,75,0.15,B,False,0.9583333333333334,,0.9166666666666666,2.9166666666666665,24
hiba,pad_only,75,0.05,M1,False,1.0,0.0,1.0,7.8,10
hiba,pad_only,75,0.05,M2,False,0.990909090909091,0.0,1.0,7.036363636363636,110
hiba,pad_only,75,0.05,M3,False,1.0,0.0,1.0,7.4375,16
hiba,pad_only,75,0.05,B,False,0.9759036144578314,,1.0,7.168674698795181,166
hiba,primary,75,0.05,M1,False,1.0,0.0,1.0,7.0,10
hiba,primary,75,0.05,M2,False,0.9636363636363636,0.0,1.0,6.627272727272727,110
hiba,primary,75,0.05,M3,False,1.0,0.0,1.0,6.5625,16
hiba,primary,75,0.05,B,False,0.9819277108433735,,1.0,5.789156626506024,166
hiba,pad_only,75,0.1,M1,False,1.0,0.0,1.0,7.5,10
hiba,pad_only,75,0.1,M2,False,0.9636363636363636,0.0,1.0,6.4818181818181815,110
hiba,pad_only,75,0.1,M3,False,1.0,0.0,1.0,7.125,16
hiba,pad_only,75,0.1,B,False,0.9759036144578314,,1.0,6.120481927710843,166
hiba,primary,75,0.1,M1,False,1.0,0.0,1.0,4.5,10
hiba,primary,75,0.1,M2,False,0.8727272727272727,0.01818181818181818,0.9818181818181818,4.5,110
hiba,primary,75,0.1,M3,False,1.0,0.0,1.0,4.8125,16
hiba,primary,75,0.1,B,False,0.9216867469879518,,0.9457831325301205,3.602409638554217,166
hiba,pad_only,75,0.15,M1,False,1.0,0.0,1.0,5.9,10
hiba,pad_only,75,0.15,M2,False,0.9363636363636364,0.0,1.0,5.0,110
hiba,pad_only,75,0.15,M3,False,0.6875,0.0625,0.9375,3.8125,16
hiba,pad_only,75,0.15,B,False,0.927710843373494,,0.9879518072289156,4.030120481927711,166
hiba,primary,75,0.15,M1,False,1.0,0.0,1.0,4.1,10
hiba,primary,75,0.15,M2,False,0.8181818181818182,0.02727272727272727,0.9727272727272728,3.727272727272727,110
hiba,primary,75,0.15,M3,False,0.9375,0.0,1.0,4.0,16
hiba,primary,75,0.15,B,False,0.8795180722891566,,0.8253012048192772,2.855421686746988,166
pad,pad_only,76,0.05,M1,False,1.0,0.0,1.0,5.315789473684211,19
pad,pad_only,76,0.05,M2,False,0.9640718562874252,0.005988023952095809,0.9940119760479041,4.92814371257485,167
pad,pad_only,76,0.05,M3,False,1.0,0.0,1.0,5.301587301587301,63
pad,pad_only,76,0.05,B,False,0.9444444444444444,,1.0,3.8333333333333335,18
pad,primary,76,0.05,M1,False,1.0,0.0,1.0,4.315789473684211,19
pad,primary,76,0.05,M2,False,0.9161676646706587,0.0,1.0,3.8622754491017965,167
pad,primary,76,0.05,M3,False,0.9365079365079365,0.0,1.0,3.7142857142857144,63
pad,primary,76,0.05,B,False,0.9444444444444444,,0.9444444444444444,3.611111111111111,18
pad,pad_only,76,0.1,M1,False,0.9473684210526315,0.0,1.0,2.8421052631578947,19
pad,pad_only,76,0.1,M2,False,0.874251497005988,0.0,1.0,2.820359281437126,167
pad,pad_only,76,0.1,M3,False,0.8888888888888888,0.015873015873015872,0.9841269841269841,2.8412698412698414,63
pad,pad_only,76,0.1,B,False,0.9444444444444444,,0.8333333333333334,2.9444444444444446,18
pad,primary,76,0.1,M1,False,1.0,0.0,1.0,3.6842105263157894,19
pad,primary,76,0.1,M2,False,0.844311377245509,0.0,1.0,2.940119760479042,167
pad,primary,76,0.1,M3,False,0.9206349206349206,0.0,1.0,3.0476190476190474,63
pad,primary,76,0.1,B,False,0.9444444444444444,,0.9444444444444444,3.1666666666666665,18
pad,pad_only,76,0.15,M1,False,0.8947368421052632,0.0,1.0,2.5789473684210527,19
pad,pad_only,76,0.15,M2,False,0.8203592814371258,0.0,1.0,2.3892215568862274,167
pad,pad_only,76,0.15,M3,False,0.8888888888888888,0.015873015873015872,0.9841269841269841,2.6507936507936507,63
pad,pad_only,76,0.15,B,False,0.8888888888888888,,0.6666666666666666,2.5555555555555554,18
pad,primary,76,0.15,M1,False,1.0,0.0,1.0,3.6842105263157894,19
pad,primary,76,0.15,M2,False,0.7904191616766467,0.0,1.0,2.658682634730539,167
pad,primary,76,0.15,M3,False,0.9047619047619048,0.0,1.0,2.9682539682539684,63
pad,primary,76,0.15,B,False,0.9444444444444444,,0.9444444444444444,2.888888888888889,18
hiba,pad_only,76,0.05,M1,False,1.0,0.0,1.0,7.388888888888889,18
hiba,pad_only,76,0.05,M2,False,0.9327731092436975,0.0,1.0,6.705882352941177,119
hiba,pad_only,76,0.05,M3,False,1.0,0.0,1.0,7.217391304347826,23
hiba,pad_only,76,0.05,B,False,0.9806451612903225,,1.0,6.470967741935484,155
hiba,primary,76,0.05,M1,False,0.9444444444444444,0.0,1.0,6.055555555555555,18
hiba,primary,76,0.05,M2,False,0.9663865546218487,0.0,1.0,7.218487394957983,119
hiba,primary,76,0.05,M3,False,1.0,0.0,1.0,7.260869565217392,23
hiba,primary,76,0.05,B,False,1.0,,1.0,6.180645161290323,155
hiba,pad_only,76,0.1,M1,False,0.7777777777777778,0.0,1.0,5.611111111111111,18
hiba,pad_only,76,0.1,M2,False,0.8739495798319328,0.0,1.0,6.336134453781512,119
hiba,pad_only,76,0.1,M3,False,1.0,0.0,1.0,7.130434782608695,23
hiba,pad_only,76,0.1,B,False,0.9806451612903225,,1.0,5.838709677419355,155
hiba,primary,76,0.1,M1,False,0.7222222222222222,0.0,1.0,4.111111111111111,18
hiba,primary,76,0.1,M2,False,0.9159663865546218,0.008403361344537815,0.9915966386554622,5.176470588235294,119
hiba,primary,76,0.1,M3,False,1.0,0.0,1.0,5.173913043478261,23
hiba,primary,76,0.1,B,False,0.9741935483870968,,0.9806451612903225,3.935483870967742,155
hiba,pad_only,76,0.15,M1,False,0.7222222222222222,0.05555555555555555,0.9444444444444444,4.222222222222222,18
hiba,pad_only,76,0.15,M2,False,0.8319327731092437,0.0,1.0,4.815126050420168,119
hiba,pad_only,76,0.15,M3,False,0.9565217391304348,0.0,1.0,5.521739130434782,23
hiba,pad_only,76,0.15,B,False,0.9290322580645162,,0.9935483870967742,4.316129032258065,155
hiba,primary,76,0.15,M1,False,0.6666666666666666,0.05555555555555555,0.9444444444444444,3.1666666666666665,18
hiba,primary,76,0.15,M2,False,0.8571428571428571,0.03361344537815126,0.9663865546218487,4.033613445378151,119
hiba,primary,76,0.15,M3,False,1.0,0.0,1.0,4.695652173913044,23
hiba,primary,76,0.15,B,False,0.9612903225806452,,0.832258064516129,2.9870967741935486,155
pad,pad_only,77,0.05,M1,False,1.0,0.0,1.0,7.321428571428571,28
pad,pad_only,77,0.05,M2,False,0.9605263157894737,0.0,1.0,6.684210526315789,152
pad,pad_only,77,0.05,M3,False,0.9253731343283582,0.0,1.0,6.567164179104478,67
pad,pad_only,77,0.05,B,True,1.0,,1.0,5.428571428571429,28
pad,primary,77,0.05,M1,False,1.0,0.0,1.0,7.357142857142857,28
pad,primary,77,0.05,M2,False,0.9605263157894737,0.0,1.0,6.875,152
pad,primary,77,0.05,M3,False,0.9701492537313433,0.0,1.0,7.104477611940299,67
pad,primary,77,0.05,B,True,1.0,,1.0,6.178571428571429,28
pad,pad_only,77,0.1,M1,False,0.9642857142857143,0.0,1.0,4.5,28
pad,pad_only,77,0.1,M2,False,0.9078947368421053,0.013157894736842105,0.9868421052631579,4.506578947368421,152
pad,pad_only,77,0.1,M3,False,0.8955223880597015,0.029850746268656716,0.9701492537313433,4.701492537313433,67
pad,pad_only,77,0.1,B,False,0.9642857142857143,,1.0,3.4285714285714284,28
pad,primary,77,0.1,M1,False,1.0,0.0,1.0,4.214285714285714,28
pad,primary,77,0.1,M2,False,0.9276315789473685,0.0,1.0,3.6907894736842106,152
pad,primary,77,0.1,M3,False,0.9104477611940298,0.0,1.0,3.3582089552238807,67
pad,primary,77,0.1,B,False,0.9642857142857143,,0.9642857142857143,3.4285714285714284,28
pad,pad_only,77,0.15,M1,False,0.9642857142857143,0.0,1.0,2.857142857142857,28
pad,pad_only,77,0.15,M2,False,0.8881578947368421,0.006578947368421052,0.993421052631579,2.8684210526315788,152
pad,pad_only,77,0.15,M3,False,0.8955223880597015,0.0,1.0,2.791044776119403,67
pad,pad_only,77,0.15,B,False,0.9642857142857143,,0.6785714285714286,2.5714285714285716,28
pad,primary,77,0.15,M1,False,0.9642857142857143,0.0,1.0,3.5714285714285716,28
pad,primary,77,0.15,M2,False,0.881578947368421,0.0,1.0,2.9802631578947367,152
pad,primary,77,0.15,M3,False,0.8805970149253731,0.0,1.0,2.6865671641791047,67
pad,primary,77,0.15,B,False,0.9285714285714286,,0.9285714285714286,3.0357142857142856,28
hiba,pad_only,77,0.05,M1,False,0.75,0.0,1.0,7.0,8
hiba,pad_only,77,0.05,M2,False,0.9537037037037037,0.0,1.0,7.305555555555555,108
hiba,pad_only,77,0.05,M3,False,1.0,0.0,1.0,7.846153846153846,13
hiba,pad_only,77,0.05,B,False,1.0,,1.0,6.935643564356436,202
hiba,primary,77,0.05,M1,False,0.875,0.0,1.0,6.625,8
hiba,primary,77,0.05,M2,False,0.9722222222222222,0.0,1.0,6.537037037037037,108
hiba,primary,77,0.05,M3,False,1.0,0.0,1.0,6.6923076923076925,13
hiba,primary,77,0.05,B,False,0.9900990099009901,,1.0,5.678217821782178,202
hiba,pad_only,77,0.1,M1,False,0.5,0.0,1.0,5.25,8
hiba,pad_only,77,0.1,M2,False,0.8888888888888888,0.0,1.0,6.324074074074074,108
hiba,pad_only,77,0.1,M3,False,1.0,0.0,1.0,6.923076923076923,13
hiba,pad_only,77,0.1,B,False,0.9851485148514851,,1.0,6.103960396039604,202
hiba,primary,77,0.1,M1,False,0.875,0.0,1.0,5.25,8
hiba,primary,77,0.1,M2,False,0.8796296296296297,0.027777777777777776,0.9722222222222222,4.537037037037037,108
hiba,primary,77,0.1,M3,False,1.0,0.0,1.0,5.0,13
hiba,primary,77,0.1,B,False,0.9455445544554455,,0.9257425742574258,3.5544554455445545,202
hiba,pad_only,77,0.15,M1,False,0.5,0.125,0.875,3.875,8
hiba,pad_only,77,0.15,M2,False,0.8425925925925926,0.0,1.0,4.814814814814815,108
hiba,pad_only,77,0.15,M3,False,1.0,0.0,1.0,5.3076923076923075,13
hiba,pad_only,77,0.15,B,False,0.9356435643564357,,1.0,4.737623762376238,202
hiba,primary,77,0.15,M1,False,0.875,0.0,1.0,4.875,8
hiba,primary,77,0.15,M2,False,0.8333333333333334,0.037037037037037035,0.9629629629629629,3.8055555555555554,108
hiba,primary,77,0.15,M3,False,1.0,0.0,1.0,4.0,13
hiba,primary,77,0.15,B,False,0.8960396039603961,,0.8514851485148515,2.7475247524752477,202
pad,pad_only,78,0.05,M1,False,1.0,0.0,1.0,6.625,24
pad,pad_only,78,0.05,M2,False,0.9763313609467456,0.0,1.0,6.266272189349112,169
pad,pad_only,78,0.05,M3,False,0.9294117647058824,0.0,1.0,6.105882352941176,85
pad,pad_only,78,0.05,B,False,1.0,,1.0,5.444444444444445,9
pad,primary,78,0.05,M1,False,1.0,0.0,1.0,4.083333333333333,24
pad,primary,78,0.05,M2,False,0.9704142011834319,0.0,1.0,3.8579881656804735,169
pad,primary,78,0.05,M3,False,0.9764705882352941,0.0,1.0,3.847058823529412,85
pad,primary,78,0.05,B,False,0.8888888888888888,,1.0,4.555555555555555,9
pad,pad_only,78,0.1,M1,False,1.0,0.0,1.0,2.7916666666666665,24
pad,pad_only,78,0.1,M2,False,0.9289940828402367,0.0,1.0,2.964497041420118,169
pad,pad_only,78,0.1,M3,False,0.8941176470588236,0.0,1.0,2.7529411764705882,85
pad,pad_only,78,0.1,B,False,0.7777777777777778,,0.7777777777777778,2.2222222222222223,9
pad,primary,78,0.1,M1,False,1.0,0.0,1.0,3.375,24
pad,primary,78,0.1,M2,False,0.9349112426035503,0.0,1.0,3.100591715976331,169
pad,primary,78,0.1,M3,False,0.9176470588235294,0.0,1.0,3.1411764705882352,85
pad,primary,78,0.1,B,False,0.8888888888888888,,0.8888888888888888,3.111111111111111,9
pad,pad_only,78,0.15,M1,False,0.875,0.0,1.0,2.375,24
pad,pad_only,78,0.15,M2,False,0.8757396449704142,0.0,1.0,2.6272189349112427,169
pad,pad_only,78,0.15,M3,False,0.8588235294117647,0.0,1.0,2.5176470588235293,85
pad,pad_only,78,0.15,B,False,0.7777777777777778,,0.5555555555555556,2.0,9
pad,primary,78,0.15,M1,False,1.0,0.0,1.0,3.1666666666666665,24
pad,primary,78,0.15,M2,False,0.9112426035502958,0.0,1.0,2.8224852071005917,169
pad,primary,78,0.15,M3,False,0.8588235294117647,0.0,1.0,2.7176470588235295,85
pad,primary,78,0.15,B,False,0.8888888888888888,,0.8888888888888888,2.7777777777777777,9
hiba,pad_only,78,0.05,M1,False,1.0,0.0,1.0,7.4,15
hiba,pad_only,78,0.05,M2,False,0.9646017699115044,0.0,1.0,6.84070796460177,113
hiba,pad_only,78,0.05,M3,False,0.9473684210526315,0.0,1.0,7.0,19
hiba,pad_only,78,0.05,B,False,0.9826086956521739,,1.0,6.908695652173913,230
hiba,primary,78,0.05,M1,False,1.0,0.0,1.0,6.2,15
hiba,primary,78,0.05,M2,False,0.9911504424778761,0.0,1.0,7.079646017699115,113
hiba,primary,78,0.05,M3,False,1.0,0.0,1.0,6.578947368421052,19
hiba,primary,78,0.05,B,False,0.9869565217391304,,1.0,5.995652173913044,230
hiba,pad_only,78,0.1,M1,False,1.0,0.0,1.0,7.2,15
hiba,pad_only,78,0.1,M2,False,0.911504424778761,0.0,1.0,6.398230088495575,113
hiba,pad_only,78,0.1,M3,False,0.8947368421052632,0.0,1.0,6.157894736842105,19
hiba,pad_only,78,0.1,B,False,0.9826086956521739,,0.9956521739130435,5.395652173913043,230
hiba,primary,78,0.1,M1,False,1.0,0.0,1.0,5.0,15
hiba,primary,78,0.1,M2,False,0.9469026548672567,0.0,1.0,4.823008849557522,113
hiba,primary,78,0.1,M3,False,0.8421052631578947,0.0,1.0,3.9473684210526314,19
hiba,primary,78,0.1,B,False,0.9652173913043478,,0.9434782608695652,3.4478260869565216,230
hiba,pad_only,78,0.15,M1,False,0.8666666666666667,0.0,1.0,4.8,15
hiba,pad_only,78,0.15,M2,False,0.8495575221238938,0.0,1.0,4.867256637168142,113
hiba,pad_only,78,0.15,M3,False,0.8947368421052632,0.0,1.0,5.105263157894737,19
hiba,pad_only,78,0.15,B,False,0.9478260869565217,,0.9782608695652174,4.191304347826087,230
hiba,primary,78,0.15,M1,False,1.0,0.0,1.0,4.4,15
hiba,primary,78,0.15,M2,False,0.9203539823008849,0.0,1.0,4.15929203539823,113
hiba,primary,78,0.15,M3,False,0.7368421052631579,0.0,1.0,3.5789473684210527,19
hiba,primary,78,0.15,B,False,0.9565217391304348,,0.8347826086956521,2.8956521739130436,230
pad,pad_only,79,0.05,M1,False,0.9629629629629629,0.0,1.0,6.2592592592592595,27
pad,pad_only,79,0.05,M2,False,0.9700598802395209,0.0,1.0,6.293413173652695,167
pad,pad_only,79,0.05,M3,False,0.890625,0.0,1.0,6.0625,64
pad,pad_only,79,0.05,B,False,1.0,,1.0,4.333333333333333,15
pad,primary,79,0.05,M1,False,0.6666666666666666,0.0,1.0,2.962962962962963,27
pad,primary,79,0.05,M2,False,0.9161676646706587,0.0,1.0,3.9221556886227544,167
pad,primary,79,0.05,M3,False,1.0,0.0,1.0,4.203125,64
pad,primary,79,0.05,B,False,0.9333333333333333,,0.9333333333333333,3.1333333333333333,15
pad,pad_only,79,0.1,M1,False,0.8888888888888888,0.0,1.0,4.037037037037037,27
pad,pad_only,79,0.1,M2,False,0.8982035928143712,0.005988023952095809,0.9940119760479041,4.383233532934132,167
pad,pad_only,79,0.1,M3,False,0.859375,0.015625,0.984375,4.6875,64
pad,pad_only,79,0.1,B,False,1.0,,1.0,3.066666666666667,15
pad,primary,79,0.1,M1,False,0.5925925925925926,0.0,1.0,2.185185185185185,27
pad,primary,79,0.1,M2,False,0.8562874251497006,0.0,1.0,3.029940119760479,167
pad,primary,79,0.1,M3,False,0.921875,0.0,1.0,3.125,64
pad,primary,79,0.1,B,False,0.8666666666666667,,0.8666666666666667,2.533333333333333,15
pad,pad_only,79,0.15,M1,False,0.8518518518518519,0.0,1.0,2.185185185185185,27
pad,pad_only,79,0.15,M2,False,0.8802395209580839,0.0,1.0,2.4550898203592815,167
pad,pad_only,79,0.15,M3,False,0.859375,0.015625,0.984375,2.671875,64
pad,pad_only,79,0.15,B,False,0.8,,0.7333333333333333,1.6666666666666667,15
pad,primary,79,0.15,M1,False,0.5925925925925926,0.0,1.0,2.074074074074074,27
pad,primary,79,0.15,M2,False,0.8203592814371258,0.0,1.0,2.718562874251497,167
pad,primary,79,0.15,M3,False,0.8125,0.0,1.0,2.703125,64
pad,primary,79,0.15,B,False,0.8666666666666667,,0.8666666666666667,2.2666666666666666,15
hiba,pad_only,79,0.05,M1,False,0.9090909090909091,0.0,1.0,7.181818181818182,11
hiba,pad_only,79,0.05,M2,False,0.9606299212598425,0.0,1.0,6.850393700787402,127
hiba,pad_only,79,0.05,M3,False,0.6363636363636364,0.0,1.0,5.636363636363637,11
hiba,pad_only,79,0.05,B,False,0.9800995024875622,,1.0,5.855721393034826,201
hiba,primary,79,0.05,M1,False,1.0,0.0,1.0,6.181818181818182,11
hiba,primary,79,0.05,M2,False,0.968503937007874,0.0,1.0,6.094488188976378,127
hiba,primary,79,0.05,M3,False,0.7272727272727273,0.0,1.0,5.181818181818182,11
hiba,primary,79,0.05,B,False,0.9601990049751243,,1.0,4.880597014925373,201
hiba,pad_only,79,0.1,M1,False,0.9090909090909091,0.0,1.0,6.7272727272727275,11
hiba,pad_only,79,0.1,M2,False,0.9291338582677166,0.0,1.0,6.480314960629921,127
hiba,pad_only,79,0.1,M3,False,0.6363636363636364,0.0,1.0,5.2727272727272725,11
hiba,pad_only,79,0.1,B,False,0.9800995024875622,,1.0,5.432835820895522,201
hiba,primary,79,0.1,M1,False,1.0,0.0,1.0,4.909090909090909,11
hiba,primary,79,0.1,M2,False,0.9291338582677166,0.015748031496062992,0.984251968503937,4.748031496062992,127
hiba,primary,79,0.1,M3,False,0.7272727272727273,0.0,1.0,4.0,11
hiba,primary,79,0.1,B,False,0.9203980099502488,,0.9402985074626866,3.4228855721393034,201
hiba,pad_only,79,0.15,M1,False,0.7272727272727273,0.09090909090909091,0.9090909090909091,4.636363636363637,11
hiba,pad_only,79,0.15,M2,False,0.889763779527559,0.0,1.0,4.724409448818897,127
hiba,pad_only,79,0.15,M3,False,0.6363636363636364,0.0,1.0,4.0,11
hiba,pad_only,79,0.15,B,False,0.9203980099502488,,0.9502487562189055,4.079601990049751,201
hiba,primary,79,0.15,M1,False,1.0,0.0,1.0,4.2727272727272725,11
hiba,primary,79,0.15,M2,False,0.889763779527559,0.023622047244094488,0.9763779527559056,3.8346456692913384,127
hiba,primary,79,0.15,M3,False,0.7272727272727273,0.0,1.0,3.6363636363636362,11
hiba,primary,79,0.15,B,False,0.8955223880597015,,0.835820895522388,2.810945273631841,201
pad,pad_only,80,0.05,M1,False,0.9615384615384616,0.0,1.0,3.0,26
pad,pad_only,80,0.05,M2,False,0.9882352941176471,0.0,1.0,3.411764705882353,170
pad,pad_only,80,0.05,M3,False,0.9459459459459459,0.0,1.0,3.27027027027027,74
pad,pad_only,80,0.05,B,False,0.8421052631578947,,0.7894736842105263,3.1578947368421053,19
pad,primary,80,0.05,M1,False,1.0,0.0,1.0,4.6923076923076925,26
pad,primary,80,0.05,M2,False,0.9588235294117647,0.0,1.0,4.1647058823529415,170
pad,primary,80,0.05,M3,False,0.8783783783783784,0.0,1.0,3.5945945945945947,74
pad,primary,80,0.05,B,False,1.0,,1.0,3.9473684210526314,19
pad,pad_only,80,0.1,M1,False,0.9615384615384616,0.0,1.0,2.923076923076923,26
pad,pad_only,80,0.1,M2,False,0.9411764705882353,0.0,1.0,3.011764705882353,170
pad,pad_only,80,0.1,M3,False,0.9054054054054054,0.0,1.0,3.027027027027027,74
pad,pad_only,80,0.1,B,False,0.8421052631578947,,0.7368421052631579,2.6842105263157894,19
pad,primary,80,0.1,M1,False,1.0,0.0,1.0,4.115384615384615,26
pad,primary,80,0.1,M2,False,0.8764705882352941,0.0,1.0,3.123529411764706,170
pad,primary,80,0.1,M3,False,0.7972972972972973,0.0,1.0,2.72972972972973,74
pad,primary,80,0.1,B,False,0.9473684210526315,,0.8947368421052632,3.1578947368421053,19
pad,pad_only,80,0.15,M1,False,0.9615384615384616,0.0,1.0,2.8076923076923075,26
pad,pad_only,80,0.15,M2,False,0.9117647058823529,0.0,1.0,2.7941176470588234,170
pad,pad_only,80,0.15,M3,False,0.8783783783783784,0.0,1.0,2.77027027027027,74
pad,pad_only,80,0.15,B,False,0.8421052631578947,,0.6842105263157895,2.473684210526316,19
pad,primary,80,0.15,M1,False,1.0,0.0,1.0,4.115384615384615,26
pad,primary,80,0.15,M2,False,0.8352941176470589,0.0,1.0,2.911764705882353,170
pad,primary,80,0.15,M3,False,0.7702702702702703,0.0,1.0,2.6621621621621623,74
pad,primary,80,0.15,B,False,0.9473684210526315,,0.8947368421052632,2.9473684210526314,19
hiba,pad_only,80,0.05,M1,False,1.0,0.0,1.0,7.25,12
hiba,pad_only,80,0.05,M2,False,0.9459459459459459,0.0,1.0,6.81981981981982,111
hiba,pad_only,80,0.05,M3,False,1.0,0.0,1.0,7.4,10
hiba,pad_only,80,0.05,B,False,0.9878048780487805,,1.0,6.90650406504065,246
hiba,primary,80,0.05,M1,False,1.0,0.0,1.0,6.166666666666667,12
hiba,primary,80,0.05,M2,False,0.963963963963964,0.0,1.0,6.225225225225225,111
hiba,primary,80,0.05,M3,False,1.0,0.0,1.0,6.4,10
hiba,primary,80,0.05,B,False,0.975609756097561,,1.0,5.772357723577236,246
hiba,pad_only,80,0.1,M1,False,1.0,0.0,1.0,7.0,12
hiba,pad_only,80,0.1,M2,False,0.8918918918918919,0.0,1.0,6.387387387387387,111
hiba,pad_only,80,0.1,M3,False,1.0,0.0,1.0,7.2,10
hiba,pad_only,80,0.1,B,False,0.9878048780487805,,1.0,6.459349593495935,246
hiba,primary,80,0.1,M1,False,0.8333333333333334,0.0,1.0,5.0,12
hiba,primary,80,0.1,M2,False,0.918918918918919,0.009009009009009009,0.990990990990991,4.693693693693693,111
hiba,primary,80,0.1,M3,False,1.0,0.0,1.0,5.1,10
hiba,primary,80,0.1,B,False,0.9634146341463414,,0.975609756097561,3.983739837398374,246
hiba,pad_only,80,0.15,M1,False,0.9166666666666666,0.0,1.0,4.583333333333333,12
hiba,pad_only,80,0.15,M2,False,0.8288288288288288,0.009009009009009009,0.990990990990991,4.828828828828829,111
hiba,pad_only,80,0.15,M3,False,0.9,0.0,1.0,5.2,10
hiba,pad_only,80,0.15,B,False,0.9512195121951219,,0.9878048780487805,4.382113821138211,246
hiba,primary,80,0.15,M1,False,0.5833333333333334,0.0,1.0,4.083333333333333,12
hiba,primary,80,0.15,M2,False,0.9009009009009009,0.009009009009009009,0.990990990990991,4.072072072072072,111
hiba,primary,80,0.15,M3,False,0.9,0.0,1.0,4.3,10
hiba,primary,80,0.15,B,False,0.943089430894309,,0.8943089430894309,3.341463414634146,246
pad,pad_only,81,0.05,M1,False,0.9230769230769231,0.0,1.0,6.038461538461538,26
pad,pad_only,81,0.05,M2,False,0.9559748427672956,0.0,1.0,6.333333333333333,159
pad,pad_only,81,0.05,M3,False,0.9333333333333333,0.0,1.0,6.2,90
pad,pad_only,81,0.05,B,False,1.0,,1.0,4.611111111111111,18
pad,primary,81,0.05,M1,False,1.0,0.0,1.0,4.423076923076923,26
pad,primary,81,0.05,M2,False,0.9559748427672956,0.0,1.0,3.943396226415094,159
pad,primary,81,0.05,M3,False,0.9333333333333333,0.0,1.0,3.611111111111111,90
pad,primary,81,0.05,B,False,0.9444444444444444,,1.0,3.3333333333333335,18
pad,pad_only,81,0.1,M1,False,0.9230769230769231,0.0,1.0,4.538461538461538,26
pad,pad_only,81,0.1,M2,False,0.8930817610062893,0.012578616352201259,0.9874213836477987,4.459119496855346,159
pad,pad_only,81,0.1,M3,False,0.8666666666666667,0.03333333333333333,0.9666666666666667,4.344444444444444,90
pad,pad_only,81,0.1,B,False,1.0,,1.0,3.4444444444444446,18
pad,primary,81,0.1,M1,False,0.9615384615384616,0.0,1.0,3.6153846153846154,26
pad,primary,81,0.1,M2,False,0.8742138364779874,0.0,1.0,3.069182389937107,159
pad,primary,81,0.1,M3,False,0.9111111111111111,0.0,1.0,2.977777777777778,90
pad,primary,81,0.1,B,False,0.9444444444444444,,1.0,2.9444444444444446,18
pad,pad_only,81,0.15,M1,False,0.9230769230769231,0.0,1.0,2.3846153846153846,26
pad,pad_only,81,0.15,M2,False,0.8553459119496856,0.0,1.0,2.5220125786163523,159
pad,pad_only,81,0.15,M3,False,0.8111111111111111,0.022222222222222223,0.9777777777777777,2.433333333333333,90
pad,pad_only,81,0.15,B,False,0.9444444444444444,,0.5555555555555556,2.0,18
pad,primary,81,0.15,M1,False,0.9230769230769231,0.0,1.0,3.1923076923076925,26
pad,primary,81,0.15,M2,False,0.8490566037735849,0.0,1.0,2.792452830188679,159
pad,primary,81,0.15,M3,False,0.8666666666666667,0.0,1.0,2.6555555555555554,90
pad,primary,81,0.15,B,False,0.9444444444444444,,0.8888888888888888,2.5555555555555554,18
hiba,pad_only,81,0.05,M1,False,1.0,0.0,1.0,7.384615384615385,13
hiba,pad_only,81,0.05,M2,False,0.9166666666666666,0.0,1.0,6.616666666666666,120
hiba,pad_only,81,0.05,M3,False,1.0,0.0,1.0,7.571428571428571,7
hiba,pad_only,81,0.05,B,False,0.9736842105263158,,1.0,6.640350877192983,228
hiba,primary,81,0.05,M1,False,1.0,0.0,1.0,5.615384615384615,13
hiba,primary,81,0.05,M2,False,0.9416666666666667,0.0,1.0,5.625,120
hiba,primary,81,0.05,M3,False,1.0,0.0,1.0,6.0,7
hiba,primary,81,0.05,B,False,0.956140350877193,,1.0,5.18859649122807,228
hiba,pad_only,81,0.1,M1,False,1.0,0.0,1.0,7.076923076923077,13
hiba,pad_only,81,0.1,M2,False,0.825,0.0,1.0,6.133333333333334,120
hiba,pad_only,81,0.1,M3,False,1.0,0.0,1.0,7.571428571428571,7
hiba,pad_only,81,0.1,B,False,0.9736842105263158,,1.0,6.2631578947368425,228
hiba,primary,81,0.1,M1,False,1.0,0.0,1.0,4.384615384615385,13
hiba,primary,81,0.1,M2,False,0.8583333333333333,0.016666666666666666,0.9833333333333333,4.308333333333334,120
hiba,primary,81,0.1,M3,False,1.0,0.0,1.0,4.857142857142857,7
hiba,primary,81,0.1,B,False,0.9254385964912281,,0.9429824561403509,3.5833333333333335,228
hiba,pad_only,81,0.15,M1,False,1.0,0.0,1.0,5.769230769230769,13
hiba,pad_only,81,0.15,M2,False,0.7833333333333333,0.0,1.0,4.741666666666666,120
hiba,pad_only,81,0.15,M3,False,0.7142857142857143,0.14285714285714285,0.8571428571428571,4.0,7
hiba,pad_only,81,0.15,B,False,0.9342105263157895,,0.9736842105263158,4.197368421052632,228
hiba,primary,81,0.15,M1,False,0.8461538461538461,0.0,1.0,3.076923076923077,13
hiba,primary,81,0.15,M2,False,0.825,0.025,0.975,3.5166666666666666,120
hiba,primary,81,0.15,M3,False,0.8571428571428571,0.0,1.0,3.7142857142857144,7
hiba,primary,81,0.15,B,False,0.9035087719298246,,0.7675438596491229,2.789473684210526,228
pad,pad_only,82,0.05,M1,False,0.9545454545454546,0.0,1.0,4.954545454545454,22
pad,pad_only,82,0.05,M2,False,0.9668508287292817,0.0,1.0,4.94475138121547,181
pad,pad_only,82,0.05,M3,False,1.0,0.0,1.0,5.67948717948718,78
pad,pad_only,82,0.05,B,False,0.95,,1.0,4.0,20
pad,primary,82,0.05,M1,False,0.9545454545454546,0.0,1.0,4.181818181818182,22
pad,primary,82,0.05,M2,False,0.9779005524861878,0.0,1.0,4.165745856353591,181
pad,primary,82,0.05,M3,False,0.9230769230769231,0.0,1.0,3.6923076923076925,78
pad,primary,82,0.05,B,False,1.0,,1.0,3.8,20
pad,pad_only,82,0.1,M1,False,0.9090909090909091,0.0,1.0,3.1363636363636362,22
pad,pad_only,82,0.1,M2,False,0.856353591160221,0.0,1.0,2.773480662983425,181
pad,pad_only,82,0.1,M3,False,0.9743589743589743,0.01282051282051282,0.9871794871794872,3.269230769230769,78
pad,pad_only,82,0.1,B,False,0.95,,0.85,2.9,20
pad,primary,82,0.1,M1,False,0.9545454545454546,0.0,1.0,4.045454545454546,22
pad,primary,82,0.1,M2,False,0.9060773480662984,0.0,1.0,3.613259668508287,181
pad,primary,82,0.1,M3,False,0.9230769230769231,0.0,1.0,3.4615384615384617,78
pad,primary,82,0.1,B,False,1.0,,1.0,3.45,20
pad,pad_only,82,0.15,M1,False,0.7727272727272727,0.0,1.0,2.4545454545454546,22
pad,pad_only,82,0.15,M2,False,0.8176795580110497,0.0,1.0,2.5359116022099446,181
pad,pad_only,82,0.15,M3,False,0.9230769230769231,0.01282051282051282,0.9871794871794872,2.7564102564102564,78
pad,pad_only,82,0.15,B,False,0.95,,0.65,2.55,20
pad,primary,82,0.15,M1,False,0.9545454545454546,0.0,1.0,3.5,22
pad,primary,82,0.15,M2,False,0.7955801104972375,0.0,1.0,2.723756906077348,181
pad,primary,82,0.15,M3,False,0.8461538461538461,0.0,1.0,2.6794871794871793,78
pad,primary,82,0.15,B,False,1.0,,0.85,2.85,20
hiba,pad_only,82,0.05,M1,False,0.9333333333333333,0.0,1.0,7.4,15
hiba,pad_only,82,0.05,M2,False,0.954954954954955,0.0,1.0,6.747747747747748,111
hiba,pad_only,82,0.05,M3,False,1.0,0.0,1.0,7.4,20
hiba,pad_only,82,0.05,B,False,0.9770114942528736,,1.0,6.758620689655173,174
hiba,primary,82,0.05,M1,False,1.0,0.0,1.0,6.0,15
hiba,primary,82,0.05,M2,False,0.9369369369369369,0.0,1.0,6.5225225225225225,111
hiba,primary,82,0.05,M3,False,0.95,0.0,1.0,5.7,20
hiba,primary,82,0.05,B,False,0.9770114942528736,,1.0,5.477011494252873,174
hiba,pad_only,82,0.1,M1,False,0.9333333333333333,0.0,1.0,6.6,15
hiba,pad_only,82,0.1,M2,False,0.8918918918918919,0.0,1.0,6.2792792792792795,111
hiba,pad_only,82,0.1,M3,False,0.9,0.0,1.0,6.8,20
hiba,pad_only,82,0.1,B,False,0.9770114942528736,,0.9942528735632183,5.885057471264368,174
hiba,primary,82,0.1,M1,False,0.8,0.0,1.0,3.6666666666666665,15
hiba,primary,82,0.1,M2,False,0.8918918918918919,0.009009009009009009,0.990990990990991,4.72972972972973,111
hiba,primary,82,0.1,M3,False,0.95,0.0,1.0,4.4,20
hiba,primary,82,0.1,B,False,0.9482758620689655,,0.9540229885057471,3.6551724137931036,174
hiba,pad_only,82,0.15,M1,False,0.8666666666666667,0.0,1.0,5.4,15
hiba,pad_only,82,0.15,M2,False,0.8468468468468469,0.009009009009009009,0.990990990990991,4.5675675675675675,111
hiba,pad_only,82,0.15,M3,False,0.9,0.0,1.0,5.05,20
hiba,pad_only,82,0.15,B,False,0.9310344827586207,,0.9942528735632183,4.367816091954023,174
hiba,primary,82,0.15,M1,False,0.8,0.06666666666666667,0.9333333333333333,3.2,15
hiba,primary,82,0.15,M2,False,0.8378378378378378,0.036036036036036036,0.963963963963964,3.936936936936937,111
hiba,primary,82,0.15,M3,False,0.95,0.0,1.0,3.8,20
hiba,primary,82,0.15,B,False,0.9252873563218391,,0.8735632183908046,2.9885057471264367,174
pad,pad_only,83,0.05,M1,False,1.0,0.0,1.0,6.666666666666667,30
pad,pad_only,83,0.05,M2,False,0.9675324675324676,0.0,1.0,6.324675324675325,154
pad,pad_only,83,0.05,M3,False,0.8867924528301887,0.0,1.0,6.150943396226415,53
pad,pad_only,83,0.05,B,False,1.0,,1.0,5.190476190476191,21
pad,primary,83,0.05,M1,False,0.9666666666666667,0.0,1.0,3.6666666666666665,30
pad,primary,83,0.05,M2,False,0.9155844155844156,0.0,1.0,3.357142857142857,154
pad,primary,83,0.05,M3,False,0.9433962264150944,0.0,1.0,3.3773584905660377,53
pad,primary,83,0.05,B,False,0.8571428571428571,,0.9523809523809523,3.1904761904761907,21
pad,pad_only,83,0.1,M1,False,0.9333333333333333,0.0,1.0,2.7333333333333334,30
pad,pad_only,83,0.1,M2,False,0.922077922077922,0.0,1.0,3.090909090909091,154
pad,pad_only,83,0.1,M3,False,0.8490566037735849,0.018867924528301886,0.9811320754716981,2.9056603773584904,53
pad,pad_only,83,0.1,B,False,0.9523809523809523,,0.7142857142857143,2.5714285714285716,21
pad,primary,83,0.1,M1,False,0.9666666666666667,0.0,1.0,3.5,30
pad,primary,83,0.1,M2,False,0.9025974025974026,0.0,1.0,3.012987012987013,154
pad,primary,83,0.1,M3,False,0.8867924528301887,0.0,1.0,2.7735849056603774,53
pad,primary,83,0.1,B,False,0.7142857142857143,,0.9523809523809523,2.7142857142857144,21
pad,pad_only,83,0.15,M1,False,0.8666666666666667,0.0,1.0,2.3666666666666667,30
pad,pad_only,83,0.15,M2,False,0.8571428571428571,0.0,1.0,2.512987012987013,154
pad,pad_only,83,0.15,M3,False,0.7924528301886793,0.018867924528301886,0.9811320754716981,2.3773584905660377,53
pad,pad_only,83,0.15,B,False,0.7619047619047619,,0.8571428571428571,2.1904761904761907,21
pad,primary,83,0.15,M1,False,0.9666666666666667,0.0,1.0,3.433333333333333,30
pad,primary,83,0.15,M2,False,0.8636363636363636,0.0,1.0,2.792207792207792,154
pad,primary,83,0.15,M3,False,0.8867924528301887,0.018867924528301886,0.9811320754716981,2.6226415094339623,53
pad,primary,83,0.15,B,False,0.7142857142857143,,0.9523809523809523,2.619047619047619,21
hiba,pad_only,83,0.05,M1,False,0.92,0.0,1.0,7.0,25
hiba,pad_only,83,0.05,M2,False,0.9333333333333333,0.0,1.0,6.65,120
hiba,pad_only,83,0.05,M3,False,0.8888888888888888,0.0,1.0,6.666666666666667,9
hiba,pad_only,83,0.05,B,False,0.9802631578947368,,1.0,6.2105263157894735,152
hiba,primary,83,0.05,M1,False,0.96,0.0,1.0,6.48,25
hiba,primary,83,0.05,M2,False,0.9666666666666667,0.0,1.0,6.616666666666666,120
hiba,primary,83,0.05,M3,False,1.0,0.0,1.0,6.555555555555555,9
hiba,primary,83,0.05,B,False,0.993421052631579,,1.0,5.848684210526316,152
hiba,pad_only,83,0.1,M1,False,0.88,0.0,1.0,6.48,25
hiba,pad_only,83,0.1,M2,False,0.8666666666666667,0.0,1.0,6.166666666666667,120
hiba,pad_only,83,0.1,M3,False,0.7777777777777778,0.0,1.0,5.666666666666667,9
hiba,pad_only,83,0.1,B,False,0.9802631578947368,,1.0,5.605263157894737,152
hiba,primary,83,0.1,M1,False,0.92,0.0,1.0,4.68,25
hiba,primary,83,0.1,M2,False,0.9166666666666666,0.025,0.975,4.716666666666667,120
hiba,primary,83,0.1,M3,False,0.8888888888888888,0.0,1.0,4.555555555555555,9
hiba,primary,83,0.1,B,False,0.9605263157894737,,0.9539473684210527,3.9276315789473686,152
hiba,pad_only,83,0.15,M1,False,0.84,0.0,1.0,5.4,25
hiba,pad_only,83,0.15,M2,False,0.85,0.008333333333333333,0.9916666666666667,4.783333333333333,120
hiba,pad_only,83,0.15,M3,False,0.6666666666666666,0.0,1.0,4.0,9
hiba,pad_only,83,0.15,B,False,0.9078947368421053,,0.993421052631579,4.342105263157895,152
hiba,primary,83,0.15,M1,False,0.92,0.0,1.0,4.4,25
hiba,primary,83,0.15,M2,False,0.9083333333333333,0.025,0.975,4.0,120
hiba,primary,83,0.15,M3,False,0.7777777777777778,0.0,1.0,3.6666666666666665,9
hiba,primary,83,0.15,B,False,0.9276315789473685,,0.881578947368421,3.3289473684210527,152
pad,pad_only,84,0.05,M1,False,0.9230769230769231,0.0,1.0,2.730769230769231,26
pad,pad_only,84,0.05,M2,False,0.9758064516129032,0.0,1.0,3.1774193548387095,124
pad,pad_only,84,0.05,M3,False,0.8170731707317073,0.012195121951219513,0.9878048780487805,2.7560975609756095,82
pad,pad_only,84,0.05,B,False,0.85,,0.75,2.75,20
pad,primary,84,0.05,M1,False,1.0,0.0,1.0,4.269230769230769,26
pad,primary,84,0.05,M2,False,0.9838709677419355,0.0,1.0,4.233870967741935,124
pad,primary,84,0.05,M3,False,0.9146341463414634,0.0,1.0,3.7560975609756095,82
pad,primary,84,0.05,B,False,1.0,,1.0,3.75,20
pad,pad_only,84,0.1,M1,False,0.9230769230769231,0.0,1.0,2.5384615384615383,26
pad,pad_only,84,0.1,M2,False,0.9274193548387096,0.0,1.0,2.7338709677419355,124
pad,pad_only,84,0.1,M3,False,0.7195121951219512,0.024390243902439025,0.975609756097561,2.268292682926829,82
pad,pad_only,84,0.1,B,False,0.8,,0.75,2.5,20
pad,primary,84,0.1,M1,False,1.0,0.0,1.0,3.6538461538461537,26
pad,primary,84,0.1,M2,False,0.967741935483871,0.0,1.0,3.411290322580645,124
pad,primary,84,0.1,M3,False,0.8780487804878049,0.0,1.0,3.073170731707317,82
pad,primary,84,0.1,B,False,0.95,,0.95,3.4,20
pad,pad_only,84,0.15,M1,False,0.8461538461538461,0.0,1.0,2.1923076923076925,26
pad,pad_only,84,0.15,M2,False,0.8629032258064516,0.0,1.0,2.411290322580645,124
pad,pad_only,84,0.15,M3,False,0.6829268292682927,0.012195121951219513,0.9878048780487805,1.9878048780487805,82
pad,pad_only,84,0.15,B,False,0.7,,0.7,1.85,20
pad,primary,84,0.15,M1,False,1.0,0.0,1.0,3.6538461538461537,26
pad,primary,84,0.15,M2,False,0.9193548387096774,0.0,1.0,3.024193548387097,124
pad,primary,84,0.15,M3,False,0.7804878048780488,0.0,1.0,2.8048780487804876,82
pad,primary,84,0.15,B,False,0.95,,0.95,3.05,20
hiba,pad_only,84,0.05,M1,False,1.0,0.0,1.0,7.4375,16
hiba,pad_only,84,0.05,M2,False,0.926605504587156,0.0,1.0,6.651376146788991,109
hiba,pad_only,84,0.05,M3,False,0.875,0.0,1.0,6.5625,16
hiba,pad_only,84,0.05,B,False,0.9842931937172775,,1.0,6.036649214659686,191
hiba,primary,84,0.05,M1,False,1.0,0.0,1.0,6.4375,16
hiba,primary,84,0.05,M2,False,0.8899082568807339,0.0,1.0,5.889908256880734,109
hiba,primary,84,0.05,M3,False,0.875,0.0,1.0,5.875,16
hiba,primary,84,0.05,B,False,0.9633507853403142,,1.0,5.036649214659686,191
hiba,pad_only,84,0.1,M1,False,1.0,0.0,1.0,7.25,16
hiba,pad_only,84,0.1,M2,False,0.8899082568807339,0.0,1.0,6.330275229357798,109
hiba,pad_only,84,0.1,M3,False,0.875,0.0,1.0,6.0,16
hiba,pad_only,84,0.1,B,False,0.9842931937172775,,0.9947643979057592,5.50261780104712,191
hiba,primary,84,0.1,M1,False,0.875,0.0,1.0,4.25,16
hiba,primary,84,0.1,M2,False,0.8532110091743119,0.0,1.0,4.4036697247706424,109
hiba,primary,84,0.1,M3,False,0.875,0.0,1.0,4.75,16
hiba,primary,84,0.1,B,False,0.9109947643979057,,0.9319371727748691,3.6387434554973823,191
hiba,pad_only,84,0.15,M1,False,1.0,0.0,1.0,5.4375,16
hiba,pad_only,84,0.15,M2,False,0.8623853211009175,0.0,1.0,4.844036697247707,109
hiba,pad_only,84,0.15,M3,False,0.875,0.0,1.0,4.5625,16
hiba,pad_only,84,0.15,B,False,0.9057591623036649,,0.9895287958115183,4.178010471204188,191
hiba,primary,84,0.15,M1,False,0.875,0.0,1.0,3.75,16
hiba,primary,84,0.15,M2,False,0.8073394495412844,0.009174311926605505,0.9908256880733946,3.6788990825688073,109
hiba,primary,84,0.15,M3,False,0.875,0.0,1.0,4.0,16
hiba,primary,84,0.15,B,False,0.8638743455497382,,0.8481675392670157,2.8795811518324608,191
pad,pad_only,85,0.05,M1,False,1.0,0.0,1.0,6.774193548387097,31
pad,pad_only,85,0.05,M2,False,0.9865771812080537,0.0,1.0,6.154362416107382,149
pad,pad_only,85,0.05,M3,False,1.0,0.0,1.0,6.485294117647059,68
pad,pad_only,85,0.05,B,False,1.0,,1.0,4.842105263157895,19
pad,primary,85,0.05,M1,False,1.0,0.0,1.0,4.290322580645161,31
pad,primary,85,0.05,M2,False,0.9664429530201343,0.0,1.0,4.221476510067114,149
pad,primary,85,0.05,M3,False,0.9852941176470589,0.0,1.0,3.8970588235294117,68
pad,primary,85,0.05,B,False,1.0,,1.0,3.8421052631578947,19
pad,pad_only,85,0.1,M1,False,1.0,0.0,1.0,4.483870967741935,31
pad,pad_only,85,0.1,M2,False,0.9463087248322147,0.006711409395973154,0.9932885906040269,4.577181208053691,149
pad,pad_only,85,0.1,M3,False,0.9852941176470589,0.0,1.0,4.75,68
pad,pad_only,85,0.1,B,False,1.0,,1.0,3.526315789473684,19
pad,primary,85,0.1,M1,False,1.0,0.0,1.0,4.161290322580645,31
pad,primary,85,0.1,M2,False,0.9060402684563759,0.0,1.0,3.6778523489932886,149
pad,primary,85,0.1,M3,False,0.9411764705882353,0.0,1.0,3.3823529411764706,68
pad,primary,85,0.1,B,False,1.0,,0.9473684210526315,3.5789473684210527,19
pad,pad_only,85,0.15,M1,False,1.0,0.0,1.0,2.967741935483871,31
pad,pad_only,85,0.15,M2,False,0.8657718120805369,0.013422818791946308,0.9865771812080537,2.6442953020134228,149
pad,pad_only,85,0.15,M3,False,0.9117647058823529,0.0,1.0,2.588235294117647,68
pad,pad_only,85,0.15,B,False,1.0,,0.5789473684210527,2.1578947368421053,19
pad,primary,85,0.15,M1,False,0.967741935483871,0.0,1.0,3.4516129032258065,31
pad,primary,85,0.15,M2,False,0.8791946308724832,0.0,1.0,2.7986577181208054,149
pad,primary,85,0.15,M3,False,0.9117647058823529,0.0,1.0,2.838235294117647,68
pad,primary,85,0.15,B,False,0.8947368421052632,,0.8947368421052632,2.8947368421052633,19
hiba,pad_only,85,0.05,M1,False,1.0,0.0,1.0,7.416666666666667,24
hiba,pad_only,85,0.05,M2,False,0.9504132231404959,0.0,1.0,6.900826446280992,121
hiba,pad_only,85,0.05,M3,False,0.9230769230769231,0.0,1.0,7.076923076923077,13
hiba,pad_only,85,0.05,B,False,0.9872611464968153,,1.0,6.471337579617835,157
hiba,primary,85,0.05,M1,False,1.0,0.0,1.0,6.458333333333333,24
hiba,primary,85,0.05,M2,False,0.9586776859504132,0.0,1.0,6.776859504132231,121
hiba,primary,85,0.05,M3,False,1.0,0.0,1.0,6.769230769230769,13
hiba,primary,85,0.05,B,False,1.0,,1.0,5.67515923566879,157
hiba,pad_only,85,0.1,M1,False,1.0,0.0,1.0,7.25,24
hiba,pad_only,85,0.1,M2,False,0.9173553719008265,0.0,1.0,6.528925619834711,121
hiba,pad_only,85,0.1,M3,False,0.9230769230769231,0.0,1.0,6.846153846153846,13
hiba,pad_only,85,0.1,B,False,0.9872611464968153,,0.9936305732484076,5.745222929936306,157
hiba,primary,85,0.1,M1,False,0.7916666666666666,0.0,1.0,4.541666666666667,24
hiba,primary,85,0.1,M2,False,0.8842975206611571,0.0,1.0,4.644628099173554,121
hiba,primary,85,0.1,M3,False,0.9230769230769231,0.0,1.0,5.153846153846154,13
hiba,primary,85,0.1,B,False,0.9617834394904459,,0.9044585987261147,3.3184713375796178,157
hiba,pad_only,85,0.15,M1,False,1.0,0.0,1.0,5.541666666666667,24
hiba,pad_only,85,0.15,M2,False,0.8512396694214877,0.008264462809917356,0.9917355371900827,4.933884297520661,121
hiba,pad_only,85,0.15,M3,False,0.8461538461538461,0.0,1.0,4.769230769230769,13
hiba,pad_only,85,0.15,B,False,0.9490445859872612,,0.9936305732484076,3.968152866242038,157
hiba,primary,85,0.15,M1,False,0.7083333333333334,0.0,1.0,3.75,24
hiba,primary,85,0.15,M2,False,0.8512396694214877,0.008264462809917356,0.9917355371900827,3.9173553719008263,121
hiba,primary,85,0.15,M3,False,0.9230769230769231,0.0,1.0,4.846153846153846,13
hiba,primary,85,0.15,B,False,0.9299363057324841,,0.7834394904458599,2.6369426751592355,157
pad,pad_only,86,0.05,M1,False,1.0,0.0,1.0,6.666666666666667,30
pad,pad_only,86,0.05,M2,False,0.9659863945578231,0.0,1.0,6.272108843537415,147
pad,pad_only,86,0.05,M3,False,0.984375,0.0,1.0,6.203125,64
pad,pad_only,86,0.05,B,False,1.0,,1.0,5.681818181818182,22
pad,primary,86,0.05,M1,False,1.0,0.0,1.0,3.7333333333333334,30
pad,primary,86,0.05,M2,False,0.9523809523809523,0.0,1.0,3.496598639455782,147
pad,primary,86,0.05,M3,False,0.9375,0.0,1.0,3.234375,64
pad,primary,86,0.05,B,False,0.7727272727272727,,1.0,3.909090909090909,22
pad,pad_only,86,0.1,M1,False,0.9666666666666667,0.0,1.0,3.2,30
pad,pad_only,86,0.1,M2,False,0.9251700680272109,0.0,1.0,3.0136054421768708,147
pad,pad_only,86,0.1,M3,False,0.921875,0.0,1.0,2.953125,64
pad,pad_only,86,0.1,B,False,0.9545454545454546,,0.8181818181818182,3.1363636363636362,22
pad,primary,86,0.1,M1,False,1.0,0.0,1.0,3.6,30
pad,primary,86,0.1,M2,False,0.9047619047619048,0.0,1.0,3.0340136054421767,147
pad,primary,86,0.1,M3,False,0.875,0.015625,0.984375,2.546875,64
pad,primary,86,0.1,B,False,0.5,,1.0,3.1363636363636362,22
pad,pad_only,86,0.15,M1,False,0.9666666666666667,0.0,1.0,2.966666666666667,30
pad,pad_only,86,0.15,M2,False,0.8571428571428571,0.0,1.0,2.4489795918367347,147
pad,pad_only,86,0.15,M3,False,0.84375,0.0,1.0,2.328125,64
pad,pad_only,86,0.15,B,False,0.8181818181818182,,0.8181818181818182,2.590909090909091,22
pad,primary,86,0.15,M1,False,0.9666666666666667,0.0,1.0,3.3666666666666667,30
pad,primary,86,0.15,M2,False,0.8639455782312925,0.0,1.0,2.7823129251700682,147
pad,primary,86,0.15,M3,False,0.8125,0.015625,0.984375,2.359375,64
pad,primary,86,0.15,B,False,0.45454545454545453,,1.0,3.0,22
hiba,pad_only,86,0.05,M1,False,1.0,0.0,1.0,7.6923076923076925,13
hiba,pad_only,86,0.05,M2,False,0.8880597014925373,0.0,1.0,6.634328358208955,134
hiba,pad_only,86,0.05,M3,False,1.0,0.0,1.0,7.571428571428571,14
hiba,pad_only,86,0.05,B,False,0.9961832061068703,,1.0,6.885496183206107,262
hiba,primary,86,0.05,M1,False,1.0,0.0,1.0,5.615384615384615,13
hiba,primary,86,0.05,M2,False,0.917910447761194,0.0,1.0,5.865671641791045,134
hiba,primary,86,0.05,M3,False,1.0,0.0,1.0,6.142857142857143,14
hiba,primary,86,0.05,B,False,0.9770992366412213,,1.0,5.286259541984733,262
hiba,pad_only,86,0.1,M1,False,1.0,0.0,1.0,6.230769230769231,13
hiba,pad_only,86,0.1,M2,False,0.835820895522388,0.0,1.0,4.962686567164179,134
hiba,pad_only,86,0.1,M3,False,1.0,0.0,1.0,6.285714285714286,14
hiba,pad_only,86,0.1,B,False,0.9541984732824428,,1.0,5.702290076335878,262
hiba,primary,86,0.1,M1,False,1.0,0.0,1.0,4.0,13
hiba,primary,86,0.1,M2,False,0.8805970149253731,0.014925373134328358,0.9850746268656716,4.470149253731344,134
hiba,primary,86,0.1,M3,False,1.0,0.0,1.0,4.785714285714286,14
hiba,primary,86,0.1,B,False,0.9618320610687023,,0.9427480916030534,3.6755725190839694,262
hiba,pad_only,86,0.15,M1,False,1.0,0.0,1.0,5.538461538461538,13
hiba,pad_only,86,0.15,M2,False,0.8283582089552238,0.0,1.0,4.708955223880597,134
hiba,pad_only,86,0.15,M3,False,0.8571428571428571,0.07142857142857142,0.9285714285714286,4.928571428571429,14
hiba,pad_only,86,0.15,B,False,0.9541984732824428,,0.9656488549618321,4.141221374045801,262
hiba,primary,86,0.15,M1,False,0.7692307692307693,0.07692307692307693,0.9230769230769231,3.230769230769231,13
hiba,primary,86,0.15,M2,False,0.8432835820895522,0.022388059701492536,0.9776119402985075,3.6194029850746268,134
hiba,primary,86,0.15,M3,False,1.0,0.0,1.0,3.7857142857142856,14
hiba,primary,86,0.15,B,False,0.9389312977099237,,0.7480916030534351,2.7404580152671754,262
pad,pad_only,87,0.05,M1,False,0.9411764705882353,0.0,1.0,5.882352941176471,17
pad,pad_only,87,0.05,M2,False,0.9864864864864865,0.0,1.0,6.141891891891892,148
pad,pad_only,87,0.05,M3,False,0.987012987012987,0.0,1.0,6.402597402597403,77
pad,pad_only,87,0.05,B,False,1.0,,1.0,4.705882352941177,17
pad,primary,87,0.05,M1,False,1.0,0.0,1.0,4.294117647058823,17
pad,primary,87,0.05,M2,False,0.9527027027027027,0.0,1.0,3.9864864864864864,148
pad,primary,87,0.05,M3,False,0.974025974025974,0.0,1.0,3.935064935064935,77
pad,primary,87,0.05,B,False,0.9411764705882353,,1.0,3.4705882352941178,17
pad,pad_only,87,0.1,M1,False,0.9411764705882353,0.0,1.0,4.411764705882353,17
pad,pad_only,87,0.1,M2,False,0.8513513513513513,0.05405405405405406,0.9459459459459459,4.087837837837838,148
pad,pad_only,87,0.1,M3,False,0.8571428571428571,0.025974025974025976,0.974025974025974,4.35064935064935,77
pad,pad_only,87,0.1,B,False,1.0,,1.0,3.3529411764705883,17
pad,primary,87,0.1,M1,False,1.0,0.0,1.0,3.6470588235294117,17
pad,primary,87,0.1,M2,False,0.9121621621621622,0.0,1.0,3.1554054054054053,148
pad,primary,87,0.1,M3,False,0.935064935064935,0.0,1.0,3.1298701298701297,77
pad,primary,87,0.1,B,False,0.9411764705882353,,0.8823529411764706,2.7058823529411766,17
pad,pad_only,87,0.15,M1,False,0.8823529411764706,0.0,1.0,3.0,17
pad,pad_only,87,0.15,M2,False,0.831081081081081,0.0,1.0,2.445945945945946,148
pad,pad_only,87,0.15,M3,False,0.7792207792207793,0.025974025974025976,0.974025974025974,2.4545454545454546,77
pad,pad_only,87,0.15,B,False,1.0,,0.6470588235294118,2.176470588235294,17
pad,primary,87,0.15,M1,False,0.9411764705882353,0.0,1.0,3.5294117647058822,17
pad,primary,87,0.15,M2,False,0.8108108108108109,0.0,1.0,2.7364864864864864,148
pad,primary,87,0.15,M3,False,0.8181818181818182,0.0,1.0,2.675324675324675,77
pad,primary,87,0.15,B,False,0.9411764705882353,,0.7058823529411765,2.2941176470588234,17
hiba,pad_only,87,0.05,M1,False,1.0,0.0,1.0,7.266666666666667,15
hiba,pad_only,87,0.05,M2,False,0.9769230769230769,0.0,1.0,7.176923076923077,130
hiba,pad_only,87,0.05,M3,False,0.9444444444444444,0.0,1.0,7.277777777777778,18
hiba,pad_only,87,0.05,B,False,0.9483870967741935,,1.0,6.909677419354839,155
hiba,primary,87,0.05,M1,False,1.0,0.0,1.0,6.533333333333333,15
hiba,primary,87,0.05,M2,False,0.9461538461538461,0.0,1.0,6.661538461538462,130
hiba,primary,87,0.05,M3,False,1.0,0.0,1.0,6.5,18
hiba,primary,87,0.05,B,False,0.9806451612903225,,1.0,5.941935483870968,155
hiba,pad_only,87,0.1,M1,False,1.0,0.0,1.0,7.2,15
hiba,pad_only,87,0.1,M2,False,0.9,0.0,1.0,6.4,130
hiba,pad_only,87,0.1,M3,False,0.8333333333333334,0.0,1.0,6.222222222222222,18
hiba,pad_only,87,0.1,B,False,0.9483870967741935,,0.9935483870967742,5.554838709677419,155
hiba,primary,87,0.1,M1,False,1.0,0.0,1.0,5.0,15
hiba,primary,87,0.1,M2,False,0.9384615384615385,0.0,1.0,4.969230769230769,130
hiba,primary,87,0.1,M3,False,0.8888888888888888,0.0,1.0,4.222222222222222,18
hiba,primary,87,0.1,B,False,0.9225806451612903,,0.9806451612903225,4.025806451612903,155
hiba,pad_only,87,0.15,M1,False,1.0,0.0,1.0,5.066666666666666,15
hiba,pad_only,87,0.15,M2,False,0.8769230769230769,0.0,1.0,4.953846153846154,130
hiba,pad_only,87,0.15,M3,False,0.8333333333333334,0.0,1.0,5.111111111111111,18
hiba,pad_only,87,0.15,B,False,0.8903225806451613,,0.9870967741935484,4.361290322580645,155
hiba,primary,87,0.15,M1,False,1.0,0.0,1.0,3.8666666666666667,15
hiba,primary,87,0.15,M2,False,0.9153846153846154,0.0,1.0,4.084615384615384,130
hiba,primary,87,0.15,M3,False,0.8888888888888888,0.0,1.0,3.0,18
hiba,primary,87,0.15,B,False,0.864516129032258,,0.9032258064516129,3.167741935483871,155
pad,pad_only,88,0.05,M1,False,0.96,0.0,1.0,4.8,25
pad,pad_only,88,0.05,M2,False,0.9485714285714286,0.005714285714285714,0.9942857142857143,4.942857142857143,175
pad,pad_only,88,0.05,M3,False,0.9552238805970149,0.014925373134328358,0.9850746268656716,4.91044776119403,67
pad,pad_only,88,0.05,B,False,0.9375,,1.0,4.375,16
pad,primary,88,0.05,M1,False,1.0,0.0,1.0,4.4,25
pad,primary,88,0.05,M2,False,0.9828571428571429,0.0,1.0,4.428571428571429,175
pad,primary,88,0.05,M3,False,1.0,0.0,1.0,4.164179104477612,67
pad,primary,88,0.05,B,False,0.9375,,1.0,4.5,16
pad,pad_only,88,0.1,M1,False,0.96,0.0,1.0,3.08,25
pad,pad_only,88,0.1,M2,False,0.9028571428571428,0.0,1.0,3.005714285714286,175
pad,pad_only,88,0.1,M3,False,0.9402985074626866,0.0,1.0,3.014925373134328,67
pad,pad_only,88,0.1,B,False,0.9375,,0.8125,2.8125,16
pad,primary,88,0.1,M1,False,0.96,0.0,1.0,3.72,25
pad,primary,88,0.1,M2,False,0.8742857142857143,0.0,1.0,3.1085714285714285,175
pad,primary,88,0.1,M3,False,0.9402985074626866,0.0,1.0,3.0,67
pad,primary,88,0.1,B,False,0.875,,0.9375,3.1875,16
pad,pad_only,88,0.15,M1,False,0.92,0.0,1.0,2.88,25
pad,pad_only,88,0.15,M2,False,0.84,0.0,1.0,2.4571428571428573,175
pad,pad_only,88,0.15,M3,False,0.8059701492537313,0.029850746268656716,0.9701492537313433,2.3582089552238807,67
pad,pad_only,88,0.15,B,False,0.875,,0.6875,2.5,16
pad,primary,88,0.15,M1,False,0.92,0.0,1.0,3.08,25
pad,primary,88,0.15,M2,False,0.84,0.0,1.0,2.817142857142857,175
pad,primary,88,0.15,M3,False,0.9104477611940298,0.0,1.0,2.7611940298507465,67
pad,primary,88,0.15,B,False,0.8125,,0.9375,2.9375,16
hiba,pad_only,88,0.05,M1,False,1.0,0.0,1.0,7.470588235294118,17
hiba,pad_only,88,0.05,M2,False,0.9363636363636364,0.0,1.0,6.718181818181818,110
hiba,pad_only,88,0.05,M3,False,0.9285714285714286,0.0,1.0,7.357142857142857,14
hiba,pad_only,88,0.05,B,False,0.9757575757575757,,1.0,6.3090909090909095,165
hiba,primary,88,0.05,M1,False,1.0,0.0,1.0,6.235294117647059,17
hiba,primary,88,0.05,M2,False,0.9636363636363636,0.0,1.0,6.345454545454546,110
hiba,primary,88,0.05,M3,False,1.0,0.0,1.0,6.428571428571429,14
hiba,primary,88,0.05,B,False,0.9696969696969697,,1.0,5.624242424242424,165
hiba,pad_only,88,0.1,M1,False,1.0,0.0,1.0,7.294117647058823,17
hiba,pad_only,88,0.1,M2,False,0.8363636363636363,0.0,1.0,6.209090909090909,110
hiba,pad_only,88,0.1,M3,False,0.7857142857142857,0.0,1.0,6.285714285714286,14
hiba,pad_only,88,0.1,B,False,0.9757575757575757,,0.9939393939393939,5.466666666666667,165
hiba,primary,88,0.1,M1,False,1.0,0.0,1.0,4.588235294117647,17
hiba,primary,88,0.1,M2,False,0.8818181818181818,0.00909090909090909,0.990909090909091,4.554545454545455,110
hiba,primary,88,0.1,M3,False,0.9285714285714286,0.0,1.0,4.142857142857143,14
hiba,primary,88,0.1,B,False,0.9333333333333333,,0.9272727272727272,3.4909090909090907,165
hiba,pad_only,88,0.15,M1,False,0.8823529411764706,0.058823529411764705,0.9411764705882353,4.764705882352941,17
hiba,pad_only,88,0.15,M2,False,0.7636363636363637,0.00909090909090909,0.990909090909091,4.672727272727273,110
hiba,pad_only,88,0.15,M3,False,0.7142857142857143,0.0,1.0,4.785714285714286,14
hiba,pad_only,88,0.15,B,False,0.896969696969697,,0.9818181818181818,3.993939393939394,165
hiba,primary,88,0.15,M1,False,0.9411764705882353,0.058823529411764705,0.9411764705882353,3.8823529411764706,17
hiba,primary,88,0.15,M2,False,0.8545454545454545,0.01818181818181818,0.9818181818181818,3.8636363636363638,110
hiba,primary,88,0.15,M3,False,0.8571428571428571,0.0,1.0,3.4285714285714284,14
hiba,primary,88,0.15,B,False,0.9030303030303031,,0.8666666666666667,2.83030303030303,165
pad,pad_only,89,0.05,M1,False,1.0,0.0,1.0,6.777777777777778,18
pad,pad_only,89,0.05,M2,False,0.9212121212121213,0.0,1.0,6.006060606060606,165
pad,pad_only,89,0.05,M3,False,0.9855072463768116,0.0,1.0,6.6231884057971016,69
pad,pad_only,89,0.05,B,False,1.0,,1.0,5.0,17
pad,primary,89,0.05,M1,False,1.0,0.0,1.0,3.5,18
pad,primary,89,0.05,M2,False,0.9333333333333333,0.0,1.0,3.3212121212121213,165
pad,primary,89,0.05,M3,False,0.927536231884058,0.0,1.0,3.0869565217391304,69
pad,primary,89,0.05,B,False,0.7647058823529411,,0.9411764705882353,3.3529411764705883,17
pad,pad_only,89,0.1,M1,False,0.7777777777777778,0.0,1.0,2.5,18
pad,pad_only,89,0.1,M2,False,0.8545454545454545,0.0,1.0,2.7696969696969695,165
pad,pad_only,89,0.1,M3,False,0.8840579710144928,0.0,1.0,2.7681159420289854,69
pad,pad_only,89,0.1,B,False,0.9411764705882353,,0.8235294117647058,2.823529411764706,17
pad,primary,89,0.1,M1,False,0.8888888888888888,0.0,1.0,2.4444444444444446,18
pad,primary,89,0.1,M2,False,0.9030303030303031,0.0,1.0,3.0606060606060606,165
pad,primary,89,0.1,M3,False,0.8840579710144928,0.0,1.0,2.7246376811594204,69
pad,primary,89,0.1,B,False,0.7647058823529411,,0.9411764705882353,3.0588235294117645,17
pad,pad_only,89,0.15,M1,False,0.7777777777777778,0.0,1.0,2.1666666666666665,18
pad,pad_only,89,0.15,M2,False,0.8,0.0,1.0,2.315151515151515,165
pad,pad_only,89,0.15,M3,False,0.8115942028985508,0.014492753623188406,0.9855072463768116,2.3768115942028984,69
pad,pad_only,89,0.15,B,False,0.8823529411764706,,0.7058823529411765,2.4705882352941178,17
pad,primary,89,0.15,M1,False,0.7777777777777778,0.0,1.0,1.8888888888888888,18
pad,primary,89,0.15,M2,False,0.8424242424242424,0.0,1.0,2.757575757575758,165
pad,primary,89,0.15,M3,False,0.855072463768116,0.0,1.0,2.5652173913043477,69
pad,primary,89,0.15,B,False,0.7647058823529411,,0.9411764705882353,2.764705882352941,17
hiba,pad_only,89,0.05,M1,False,1.0,0.0,1.0,7.142857142857143,7
hiba,pad_only,89,0.05,M2,False,0.9692307692307692,0.0,1.0,7.030769230769231,130
hiba,pad_only,89,0.05,M3,False,0.9090909090909091,0.0,1.0,6.909090909090909,11
hiba,pad_only,89,0.05,B,False,0.9722222222222222,,1.0,6.9,180
hiba,primary,89,0.05,M1,False,0.8571428571428571,0.0,1.0,4.857142857142857,7
hiba,primary,89,0.05,M2,False,0.9923076923076923,0.0,1.0,6.230769230769231,130
hiba,primary,89,0.05,M3,False,1.0,0.0,1.0,5.909090909090909,11
hiba,primary,89,0.05,B,False,0.9444444444444444,,1.0,5.55,180
hiba,pad_only,89,0.1,M1,False,0.7142857142857143,0.0,1.0,5.571428571428571,7
hiba,pad_only,89,0.1,M2,False,0.9230769230769231,0.0,1.0,6.407692307692308,130
hiba,pad_only,89,0.1,M3,False,0.9090909090909091,0.0,1.0,6.363636363636363,11
hiba,pad_only,89,0.1,B,False,0.9722222222222222,,0.9944444444444445,5.772222222222222,180
hiba,primary,89,0.1,M1,False,0.8571428571428571,0.0,1.0,4.0,7
hiba,primary,89,0.1,M2,False,0.9692307692307692,0.0,1.0,4.846153846153846,130
hiba,primary,89,0.1,M3,False,0.9090909090909091,0.0,1.0,4.363636363636363,11
hiba,primary,89,0.1,B,False,0.9055555555555556,,0.9166666666666666,3.716666666666667,180
hiba,pad_only,89,0.15,M1,False,0.7142857142857143,0.0,1.0,5.0,7
hiba,pad_only,89,0.15,M2,False,0.8692307692307693,0.015384615384615385,0.9846153846153847,4.723076923076923,130
hiba,pad_only,89,0.15,M3,False,0.9090909090909091,0.0,1.0,4.181818181818182,11
hiba,pad_only,89,0.15,B,False,0.9277777777777778,,0.9944444444444445,4.344444444444444,180
hiba,primary,89,0.15,M1,False,0.8571428571428571,0.0,1.0,3.5714285714285716,7
hiba,primary,89,0.15,M2,False,0.9307692307692308,0.015384615384615385,0.9846153846153847,4.161538461538462,130
hiba,primary,89,0.15,M3,False,0.9090909090909091,0.0,1.0,4.0,11
hiba,primary,89,0.15,B,False,0.8777777777777778,,0.8388888888888889,2.9444444444444446,180
pad,pad_only,90,0.05,M1,False,0.9354838709677419,0.0,1.0,2.5483870967741935,31
pad,pad_only,90,0.05,M2,False,0.9605263157894737,0.0,1.0,3.25,152
pad,pad_only,90,0.05,M3,False,0.9552238805970149,0.0,1.0,3.328358208955224,67
pad,pad_only,90,0.05,B,False,0.8695652173913043,,0.7391304347826086,3.3043478260869565,23
pad,primary,90,0.05,M1,False,0.9354838709677419,0.0,1.0,3.935483870967742,31
pad,primary,90,0.05,M2,False,0.9671052631578947,0.0,1.0,4.0394736842105265,152
pad,primary,90,0.05,M3,False,0.9552238805970149,0.0,1.0,3.8507462686567164,67
pad,primary,90,0.05,B,False,1.0,,1.0,4.086956521739131,23
pad,pad_only,90,0.1,M1,False,0.7741935483870968,0.0,1.0,1.8387096774193548,31
pad,pad_only,90,0.1,M2,False,0.9013157894736842,0.0,1.0,2.736842105263158,152
pad,pad_only,90,0.1,M3,False,0.8656716417910447,0.0,1.0,2.7761194029850746,67
pad,pad_only,90,0.1,B,False,0.8695652173913043,,0.6956521739130435,2.5217391304347827,23
pad,primary,90,0.1,M1,False,0.9354838709677419,0.0,1.0,3.129032258064516,31
pad,primary,90,0.1,M2,False,0.9539473684210527,0.0,1.0,3.2565789473684212,152
pad,primary,90,0.1,M3,False,0.8955223880597015,0.0,1.0,2.91044776119403,67
pad,primary,90,0.1,B,False,0.9565217391304348,,0.9565217391304348,3.5217391304347827,23
pad,pad_only,90,0.15,M1,False,0.7096774193548387,0.0,1.0,1.6774193548387097,31
pad,pad_only,90,0.15,M2,False,0.875,0.0,1.0,2.585526315789474,152
pad,pad_only,90,0.15,M3,False,0.8507462686567164,0.014925373134328358,0.9850746268656716,2.4925373134328357,67
pad,pad_only,90,0.15,B,False,0.8695652173913043,,0.5652173913043478,2.347826086956522,23
pad,primary,90,0.15,M1,False,0.9354838709677419,0.0,1.0,2.838709677419355,31
pad,primary,90,0.15,M2,False,0.875,0.0,1.0,2.8223684210526314,152
pad,primary,90,0.15,M3,False,0.835820895522388,0.0,1.0,2.701492537313433,67
pad,primary,90,0.15,B,False,0.9565217391304348,,0.8695652173913043,3.1739130434782608,23
hiba,pad_only,90,0.05,M1,False,1.0,0.0,1.0,8.0,11
hiba,pad_only,90,0.05,M2,False,0.952,0.0,1.0,7.36,125
hiba,pad_only,90,0.05,M3,False,0.8235294117647058,0.0,1.0,6.647058823529412,17
hiba,pad_only,90,0.05,B,False,1.0,,1.0,6.605405405405405,185
hiba,primary,90,0.05,M1,False,1.0,0.0,1.0,6.818181818181818,11
hiba,primary,90,0.05,M2,False,0.928,0.0,1.0,6.496,125
hiba,primary,90,0.05,M3,False,0.8823529411764706,0.0,1.0,5.529411764705882,17
hiba,primary,90,0.05,B,False,0.9891891891891892,,1.0,5.52972972972973,185
hiba,pad_only,90,0.1,M1,False,1.0,0.0,1.0,7.454545454545454,11
hiba,pad_only,90,0.1,M2,False,0.944,0.0,1.0,6.584,125
hiba,pad_only,90,0.1,M3,False,0.7647058823529411,0.0,1.0,5.764705882352941,17
hiba,pad_only,90,0.1,B,False,0.972972972972973,,0.9945945945945946,5.821621621621621,185
hiba,primary,90,0.1,M1,False,1.0,0.0,1.0,4.909090909090909,11
hiba,primary,90,0.1,M2,False,0.92,0.0,1.0,4.776,125
hiba,primary,90,0.1,M3,False,0.8823529411764706,0.0,1.0,3.764705882352941,17
hiba,primary,90,0.1,B,False,0.9621621621621622,,0.9783783783783784,3.9351351351351354,185
hiba,pad_only,90,0.15,M1,False,0.9090909090909091,0.0,1.0,4.909090909090909,11
hiba,pad_only,90,0.15,M2,False,0.904,0.008,0.992,5.096,125
hiba,pad_only,90,0.15,M3,False,0.7647058823529411,0.058823529411764705,0.9411764705882353,4.294117647058823,17
hiba,pad_only,90,0.15,B,False,0.9135135135135135,,0.9891891891891892,4.416216216216216,185
hiba,primary,90,0.15,M1,False,1.0,0.0,1.0,4.363636363636363,11
hiba,primary,90,0.15,M2,False,0.888,0.0,1.0,4.048,125
hiba,primary,90,0.15,M3,False,0.8235294117647058,0.0,1.0,3.411764705882353,17
hiba,primary,90,0.15,B,False,0.9243243243243243,,0.9405405405405406,3.3513513513513513,185
pad,pad_only,91,0.05,M1,False,1.0,0.0,1.0,6.68,25
pad,pad_only,91,0.05,M2,False,0.9263803680981595,0.0,1.0,6.1656441717791415,163
pad,pad_only,91,0.05,M3,False,1.0,0.0,1.0,6.897435897435898,78
pad,pad_only,91,0.05,B,False,1.0,,1.0,5.086956521739131,23
pad,primary,91,0.05,M1,False,0.92,0.0,1.0,3.84,25
pad,primary,91,0.05,M2,False,0.9447852760736196,0.0,1.0,4.042944785276074,163
pad,primary,91,0.05,M3,False,0.9743589743589743,0.0,1.0,4.038461538461538,78
pad,primary,91,0.05,B,False,1.0,,1.0,3.9130434782608696,23
pad,pad_only,91,0.1,M1,False,0.96,0.0,1.0,4.44,25
pad,pad_only,91,0.1,M2,False,0.8834355828220859,0.024539877300613498,0.9754601226993865,4.515337423312883,163
pad,pad_only,91,0.1,M3,False,1.0,0.0,1.0,4.910256410256411,78
pad,pad_only,91,0.1,B,False,1.0,,1.0,3.1739130434782608,23
pad,primary,91,0.1,M1,False,0.92,0.0,1.0,3.76,25
pad,primary,91,0.1,M2,False,0.8834355828220859,0.0,1.0,3.5705521472392636,163
pad,primary,91,0.1,M3,False,0.9615384615384616,0.0,1.0,3.641025641025641,78
pad,primary,91,0.1,B,False,1.0,,0.9565217391304348,3.347826086956522,23
pad,pad_only,91,0.15,M1,False,0.92,0.0,1.0,2.2,25
pad,pad_only,91,0.15,M2,False,0.8466257668711656,0.0,1.0,2.8098159509202456,163
pad,pad_only,91,0.15,M3,False,0.9102564102564102,0.0,1.0,2.8205128205128207,78
pad,pad_only,91,0.15,B,False,1.0,,0.6521739130434783,2.130434782608696,23
pad,primary,91,0.15,M1,False,0.84,0.0,1.0,2.76,25
pad,primary,91,0.15,M2,False,0.8466257668711656,0.0,1.0,2.8834355828220857,163
pad,primary,91,0.15,M3,False,0.9230769230769231,0.0,1.0,3.076923076923077,78
pad,primary,91,0.15,B,False,0.9565217391304348,,0.9565217391304348,2.9130434782608696,23
hiba,pad_only,91,0.05,M1,False,1.0,0.0,1.0,7.5,10
hiba,pad_only,91,0.05,M2,False,0.943089430894309,0.0,1.0,6.796747967479675,123
hiba,pad_only,91,0.05,M3,False,1.0,0.0,1.0,7.357142857142857,14
hiba,pad_only,91,0.05,B,False,0.9863013698630136,,1.0,6.579908675799087,219
hiba,primary,91,0.05,M1,False,0.9,0.0,1.0,5.7,10
hiba,primary,91,0.05,M2,False,0.943089430894309,0.0,1.0,6.666666666666667,123
hiba,primary,91,0.05,M3,False,1.0,0.0,1.0,6.714285714285714,14
hiba,primary,91,0.05,B,False,0.9863013698630136,,1.0,5.744292237442922,219
hiba,pad_only,91,0.1,M1,False,0.7,0.0,1.0,6.0,10
hiba,pad_only,91,0.1,M2,False,0.8780487804878049,0.0,1.0,6.3983739837398375,123
hiba,pad_only,91,0.1,M3,False,1.0,0.0,1.0,7.285714285714286,14
hiba,pad_only,91,0.1,B,False,0.9863013698630136,,1.0,6.073059360730594,219
hiba,primary,91,0.1,M1,False,0.9,0.0,1.0,4.3,10
hiba,primary,91,0.1,M2,False,0.8943089430894309,0.024390243902439025,0.975609756097561,4.658536585365853,123
hiba,primary,91,0.1,M3,False,1.0,0.0,1.0,5.142857142857143,14
hiba,primary,91,0.1,B,False,0.954337899543379,,0.9634703196347032,3.730593607305936,219
hiba,pad_only,91,0.15,M1,False,0.7,0.1,0.9,3.9,10
hiba,pad_only,91,0.15,M2,False,0.8211382113821138,0.0,1.0,4.796747967479675,123
hiba,pad_only,91,0.15,M3,False,1.0,0.0,1.0,5.857142857142857,14
hiba,pad_only,91,0.15,B,False,0.9452054794520548,,1.0,4.671232876712328,219
hiba,primary,91,0.15,M1,False,0.9,0.0,1.0,3.9,10
hiba,primary,91,0.15,M2,False,0.8455284552845529,0.032520325203252036,0.967479674796748,3.861788617886179,123
hiba,primary,91,0.15,M3,False,0.8571428571428571,0.0,1.0,4.0,14
hiba,primary,91,0.15,B,False,0.9269406392694064,,0.8721461187214612,2.8858447488584473,219
pad,pad_only,92,0.05,M1,False,1.0,0.0,1.0,5.24,25
pad,pad_only,92,0.05,M2,False,0.9298245614035088,0.011695906432748537,0.9883040935672515,4.695906432748538,171
pad,pad_only,92,0.05,M3,False,0.9866666666666667,0.0,1.0,4.8533333333333335,75
pad,pad_only,92,0.05,B,False,0.9565217391304348,,1.0,3.9565217391304346,23
pad,primary,92,0.05,M1,False,0.96,0.0,1.0,4.4,25
pad,primary,92,0.05,M2,False,0.9707602339181286,0.0,1.0,4.12280701754386,171
pad,primary,92,0.05,M3,False,0.9866666666666667,0.0,1.0,4.4,75
pad,primary,92,0.05,B,False,1.0,,1.0,3.869565217391304,23
pad,pad_only,92,0.1,M1,False,0.96,0.0,1.0,2.92,25
pad,pad_only,92,0.1,M2,False,0.8830409356725146,0.0,1.0,2.7251461988304095,171
pad,pad_only,92,0.1,M3,False,0.9066666666666666,0.0,1.0,2.7466666666666666,75
pad,pad_only,92,0.1,B,False,0.9130434782608695,,0.5652173913043478,2.3043478260869565,23
pad,primary,92,0.1,M1,False,0.96,0.0,1.0,4.2,25
pad,primary,92,0.1,M2,False,0.935672514619883,0.0,1.0,3.783625730994152,171
pad,primary,92,0.1,M3,False,0.9333333333333333,0.0,1.0,3.493333333333333,75
pad,primary,92,0.1,B,False,1.0,,1.0,3.4782608695652173,23
pad,pad_only,92,0.15,M1,False,0.96,0.0,1.0,2.76,25
pad,pad_only,92,0.15,M2,False,0.8304093567251462,0.0,1.0,2.309941520467836,171
pad,pad_only,92,0.15,M3,False,0.88,0.013333333333333334,0.9866666666666667,2.3466666666666667,75
pad,pad_only,92,0.15,B,False,0.6086956521739131,,0.6956521739130435,1.826086956521739,23
pad,primary,92,0.15,M1,False,0.96,0.0,1.0,3.04,25
pad,primary,92,0.15,M2,False,0.847953216374269,0.0,1.0,2.654970760233918,171
pad,primary,92,0.15,M3,False,0.88,0.0,1.0,2.7466666666666666,75
pad,primary,92,0.15,B,False,0.9130434782608695,,0.8695652173913043,2.6956521739130435,23
hiba,pad_only,92,0.05,M1,False,0.9375,0.0,1.0,7.25,16
hiba,pad_only,92,0.05,M2,False,1.0,0.0,1.0,7.372093023255814,129
hiba,pad_only,92,0.05,M3,False,1.0,0.0,1.0,7.0,9
hiba,pad_only,92,0.05,B,False,0.9873949579831933,,1.0,7.432773109243698,238
hiba,primary,92,0.05,M1,False,1.0,0.0,1.0,6.5625,16
hiba,primary,92,0.05,M2,False,0.9922480620155039,0.0,1.0,6.953488372093023,129
hiba,primary,92,0.05,M3,False,1.0,0.0,1.0,6.888888888888889,9
hiba,primary,92,0.05,B,False,0.9915966386554622,,1.0,6.054621848739496,238
hiba,pad_only,92,0.1,M1,False,0.875,0.0,1.0,6.4375,16
hiba,pad_only,92,0.1,M2,False,1.0,0.0,1.0,6.689922480620155,129
hiba,pad_only,92,0.1,M3,False,1.0,0.0,1.0,6.888888888888889,9
hiba,pad_only,92,0.1,B,False,0.9873949579831933,,1.0,6.504201680672269,238
hiba,primary,92,0.1,M1,False,1.0,0.0,1.0,5.1875,16
hiba,primary,92,0.1,M2,False,0.9302325581395349,0.007751937984496124,0.9922480620155039,5.1937984496124034,129
hiba,primary,92,0.1,M3,False,1.0,0.0,1.0,5.555555555555555,9
hiba,primary,92,0.1,B,False,0.9789915966386554,,0.9957983193277311,4.142857142857143,238
hiba,pad_only,92,0.15,M1,False,0.875,0.0,1.0,5.8125,16
hiba,pad_only,92,0.15,M2,False,0.9147286821705426,0.0,1.0,5.038759689922481,129
hiba,pad_only,92,0.15,M3,False,1.0,0.0,1.0,5.222222222222222,9
hiba,pad_only,92,0.15,B,False,0.9621848739495799,,0.9915966386554622,4.815126050420168,238
hiba,primary,92,0.15,M1,False,1.0,0.0,1.0,4.75,16
hiba,primary,92,0.15,M2,False,0.9224806201550387,0.015503875968992248,0.9844961240310077,4.410852713178294,129
hiba,primary,92,0.15,M3,False,1.0,0.0,1.0,5.333333333333333,9
hiba,primary,92,0.15,B,False,0.9747899159663865,,0.9285714285714286,3.361344537815126,238
pad,pad_only,93,0.05,M1,False,1.0,0.0,1.0,7.375,32
pad,pad_only,93,0.05,M2,False,0.9577464788732394,0.0,1.0,6.859154929577465,142
pad,pad_only,93,0.05,M3,False,0.9295774647887324,0.0,1.0,6.366197183098592,71
pad,pad_only,93,0.05,B,True,1.0,,1.0,5.423076923076923,26
pad,primary,93,0.05,M1,False,1.0,0.0,1.0,7.40625,32
pad,primary,93,0.05,M2,False,0.9366197183098591,0.0,1.0,6.992957746478873,142
pad,primary,93,0.05,M3,False,1.0,0.0,1.0,7.225352112676056,71
pad,primary,93,0.05,B,True,1.0,,1.0,6.230769230769231,26
pad,pad_only,93,0.1,M1,False,1.0,0.0,1.0,6.125,32
pad,pad_only,93,0.1,M2,False,0.9225352112676056,0.0,1.0,6.042253521126761,142
pad,pad_only,93,0.1,M3,False,0.9154929577464789,0.0,1.0,5.985915492957746,71
pad,pad_only,93,0.1,B,False,1.0,,1.0,4.846153846153846,26
pad,primary,93,0.1,M1,False,1.0,0.0,1.0,4.125,32
pad,primary,93,0.1,M2,False,0.8380281690140845,0.014084507042253521,0.9859154929577465,3.4859154929577465,142
pad,primary,93,0.1,M3,False,0.9436619718309859,0.0,1.0,3.591549295774648,71
pad,primary,93,0.1,B,False,0.9615384615384616,,0.9615384615384616,3.423076923076923,26
pad,pad_only,93,0.15,M1,False,1.0,0.0,1.0,4.40625,32
pad,pad_only,93,0.15,M2,False,0.8873239436619719,0.014084507042253521,0.9859154929577465,4.570422535211268,142
pad,pad_only,93,0.15,M3,False,0.9154929577464789,0.014084507042253521,0.9859154929577465,4.690140845070423,71
pad,pad_only,93,0.15,B,False,1.0,,1.0,3.1538461538461537,26
pad,primary,93,0.15,M1,False,1.0,0.0,1.0,3.59375,32
pad,primary,93,0.15,M2,False,0.8028169014084507,0.0,1.0,2.7183098591549295,142
pad,primary,93,0.15,M3,False,0.8873239436619719,0.0,1.0,2.943661971830986,71
pad,primary,93,0.15,B,False,0.9615384615384616,,0.8846153846153846,2.576923076923077,26
hiba,pad_only,93,0.05,M1,False,1.0,0.0,1.0,7.0,10
hiba,pad_only,93,0.05,M2,False,0.9322033898305084,0.0,1.0,6.61864406779661,118
hiba,pad_only,93,0.05,M3,False,1.0,0.0,1.0,7.470588235294118,17
hiba,pad_only,93,0.05,B,False,0.9787234042553191,,1.0,6.601063829787234,188
hiba,primary,93,0.05,M1,False,1.0,0.0,1.0,6.1,10
hiba,primary,93,0.05,M2,False,0.940677966101695,0.0,1.0,6.101694915254237,118
hiba,primary,93,0.05,M3,False,1.0,0.0,1.0,6.470588235294118,17
hiba,primary,93,0.05,B,False,0.973404255319149,,1.0,5.542553191489362,188
hiba,pad_only,93,0.1,M1,False,1.0,0.0,1.0,6.8,10
hiba,pad_only,93,0.1,M2,False,0.8813559322033898,0.0,1.0,6.228813559322034,118
hiba,pad_only,93,0.1,M3,False,1.0,0.0,1.0,7.294117647058823,17
hiba,pad_only,93,0.1,B,False,0.9787234042553191,,1.0,6.196808510638298,188
hiba,primary,93,0.1,M1,False,1.0,0.0,1.0,4.7,10
hiba,primary,93,0.1,M2,False,0.8559322033898306,0.025423728813559324,0.9745762711864406,4.466101694915254,118
hiba,primary,93,0.1,M3,False,1.0,0.0,1.0,4.705882352941177,17
hiba,primary,93,0.1,B,False,0.9521276595744681,,0.9574468085106383,3.7925531914893615,188
hiba,pad_only,93,0.15,M1,False,1.0,0.0,1.0,4.3,10
hiba,pad_only,93,0.15,M2,False,0.847457627118644,0.0,1.0,4.8474576271186445,118
hiba,pad_only,93,0.15,M3,False,0.9411764705882353,0.0,1.0,5.470588235294118,17
hiba,pad_only,93,0.15,B,False,0.9521276595744681,,1.0,4.7287234042553195,188
hiba,primary,93,0.15,M1,False,1.0,0.0,1.0,3.8,10
hiba,primary,93,0.15,M2,False,0.8389830508474576,0.025423728813559324,0.9745762711864406,3.6440677966101696,118
hiba,primary,93,0.15,M3,False,1.0,0.0,1.0,4.294117647058823,17
hiba,primary,93,0.15,B,False,0.9095744680851063,,0.8617021276595744,3.0372340425531914,188
pad,pad_only,94,0.05,M1,False,1.0,0.0,1.0,7.0625,16
pad,pad_only,94,0.05,M2,False,0.9461077844311377,0.0,1.0,6.3053892215568865,167
pad,pad_only,94,0.05,M3,False,0.9558823529411765,0.0,1.0,6.338235294117647,68
pad,pad_only,94,0.05,B,False,1.0,,1.0,5.666666666666667,18
pad,primary,94,0.05,M1,False,1.0,0.0,1.0,3.875,16
pad,primary,94,0.05,M2,False,0.9161676646706587,0.0,1.0,3.2754491017964074,167
pad,primary,94,0.05,M3,False,0.8970588235294118,0.0,1.0,3.264705882352941,68
pad,primary,94,0.05,B,False,0.7222222222222222,,1.0,3.611111111111111,18
pad,pad_only,94,0.1,M1,False,1.0,0.0,1.0,3.625,16
pad,pad_only,94,0.1,M2,False,0.8802395209580839,0.0,1.0,3.0179640718562872,167
pad,pad_only,94,0.1,M3,False,0.8529411764705882,0.0,1.0,2.7794117647058822,68
pad,pad_only,94,0.1,B,False,0.9444444444444444,,0.8888888888888888,3.0555555555555554,18
pad,primary,94,0.1,M1,False,1.0,0.0,1.0,3.6875,16
pad,primary,94,0.1,M2,False,0.8982035928143712,0.0,1.0,3.0179640718562872,167
pad,primary,94,0.1,M3,False,0.8529411764705882,0.0,1.0,2.9705882352941178,68
pad,primary,94,0.1,B,False,0.7222222222222222,,1.0,3.3333333333333335,18
pad,pad_only,94,0.15,M1,False,1.0,0.0,1.0,3.4375,16
pad,pad_only,94,0.15,M2,False,0.8502994011976048,0.0,1.0,2.6766467065868262,167
pad,pad_only,94,0.15,M3,False,0.8088235294117647,0.0,1.0,2.4558823529411766,68
pad,pad_only,94,0.15,B,False,0.8888888888888888,,0.7777777777777778,2.7777777777777777,18
pad,primary,94,0.15,M1,False,0.9375,0.0,1.0,3.125,16
pad,primary,94,0.15,M2,False,0.8143712574850299,0.0,1.0,2.6107784431137726,167
pad,primary,94,0.15,M3,False,0.8529411764705882,0.014705882352941176,0.9852941176470589,2.676470588235294,68
pad,primary,94,0.15,B,False,0.7222222222222222,,1.0,2.9444444444444446,18
hiba,pad_only,94,0.05,M1,False,1.0,0.0,1.0,8.0,10
hiba,pad_only,94,0.05,M2,False,0.952755905511811,0.0,1.0,6.834645669291339,127
hiba,pad_only,94,0.05,M3,False,1.0,0.0,1.0,7.666666666666667,9
hiba,pad_only,94,0.05,B,False,0.9470588235294117,,1.0,6.4411764705882355,170
hiba,primary,94,0.05,M1,False,0.9,0.0,1.0,4.9,10
hiba,primary,94,0.05,M2,False,0.952755905511811,0.0,1.0,6.244094488188976,127
hiba,primary,94,0.05,M3,False,1.0,0.0,1.0,6.888888888888889,9
hiba,primary,94,0.05,B,False,0.9647058823529412,,1.0,5.435294117647059,170
hiba,pad_only,94,0.1,M1,False,0.8,0.0,1.0,6.6,10
hiba,pad_only,94,0.1,M2,False,0.889763779527559,0.0,1.0,6.456692913385827,127
hiba,pad_only,94,0.1,M3,False,1.0,0.0,1.0,7.444444444444445,9
hiba,pad_only,94,0.1,B,False,0.9470588235294117,,1.0,5.911764705882353,170
hiba,primary,94,0.1,M1,False,0.7,0.0,1.0,4.3,10
hiba,primary,94,0.1,M2,False,0.937007874015748,0.0,1.0,4.834645669291339,127
hiba,primary,94,0.1,M3,False,1.0,0.0,1.0,5.222222222222222,9
hiba,primary,94,0.1,B,False,0.9352941176470588,,0.9352941176470588,3.764705882352941,170
hiba,pad_only,94,0.15,M1,False,0.7,0.0,1.0,4.9,10
hiba,pad_only,94,0.15,M2,False,0.84251968503937,0.0,1.0,4.6299212598425195,127
hiba,pad_only,94,0.15,M3,False,1.0,0.0,1.0,5.444444444444445,9
hiba,pad_only,94,0.15,B,False,0.9176470588235294,,1.0,4.464705882352941,170
hiba,primary,94,0.15,M1,False,0.5,0.1,0.9,3.1,10
hiba,primary,94,0.15,M2,False,0.8110236220472441,0.023622047244094488,0.9763779527559056,3.622047244094488,127
hiba,primary,94,0.15,M3,False,1.0,0.0,1.0,4.444444444444445,9
hiba,primary,94,0.15,B,False,0.9117647058823529,,0.8588235294117647,2.735294117647059,170
pad,pad_only,95,0.05,M1,False,1.0,0.0,1.0,5.285714285714286,21
pad,pad_only,95,0.05,M2,False,0.9567901234567902,0.0,1.0,4.8765432098765435,162
pad,pad_only,95,0.05,M3,False,0.9696969696969697,0.0,1.0,5.212121212121212,66
pad,pad_only,95,0.05,B,False,0.9285714285714286,,1.0,4.071428571428571,14
pad,primary,95,0.05,M1,False,1.0,0.0,1.0,4.380952380952381,21
pad,primary,95,0.05,M2,False,0.9691358024691358,0.0,1.0,4.12962962962963,162
pad,primary,95,0.05,M3,False,0.9848484848484849,0.0,1.0,4.181818181818182,66
pad,primary,95,0.05,B,False,1.0,,1.0,3.7857142857142856,14
pad,pad_only,95,0.1,M1,False,0.9047619047619048,0.0,1.0,2.9047619047619047,21
pad,pad_only,95,0.1,M2,False,0.8950617283950617,0.0,1.0,2.771604938271605,162
pad,pad_only,95,0.1,M3,False,0.9393939393939394,0.0,1.0,3.106060606060606,66
pad,pad_only,95,0.1,B,False,0.9285714285714286,,0.7857142857142857,2.7857142857142856,14
pad,primary,95,0.1,M1,False,1.0,0.0,1.0,4.333333333333333,21
pad,primary,95,0.1,M2,False,0.9197530864197531,0.0,1.0,3.6049382716049383,162
pad,primary,95,0.1,M3,False,0.9242424242424242,0.0,1.0,3.393939393939394,66
pad,primary,95,0.1,B,False,1.0,,0.9285714285714286,3.4285714285714284,14
pad,pad_only,95,0.15,M1,False,0.8571428571428571,0.0,1.0,2.5238095238095237,21
pad,pad_only,95,0.15,M2,False,0.8271604938271605,0.0,1.0,2.3271604938271606,162
pad,pad_only,95,0.15,M3,False,0.9090909090909091,0.0,1.0,2.621212121212121,66
pad,pad_only,95,0.15,B,False,0.9285714285714286,,0.6428571428571429,2.4285714285714284,14
pad,primary,95,0.15,M1,False,1.0,0.0,1.0,3.6666666666666665,21
pad,primary,95,0.15,M2,False,0.8950617283950617,0.0,1.0,2.8703703703703702,162
pad,primary,95,0.15,M3,False,0.8333333333333334,0.0,1.0,2.6818181818181817,66
pad,primary,95,0.15,B,False,0.9285714285714286,,0.9285714285714286,3.0714285714285716,14
hiba,pad_only,95,0.05,M1,False,0.9545454545454546,0.0,1.0,6.909090909090909,22
hiba,pad_only,95,0.05,M2,False,0.9827586206896551,0.0,1.0,7.0,116
hiba,pad_only,95,0.05,M3,True,1.0,0.0,1.0,7.6875,16
hiba,pad_only,95,0.05,B,False,0.9635036496350365,,1.0,6.897810218978102,137
hiba,primary,95,0.05,M1,False,1.0,0.0,1.0,5.7727272727272725,22
hiba,primary,95,0.05,M2,False,0.9396551724137931,0.0,1.0,6.232758620689655,116
hiba,primary,95,0.05,M3,True,1.0,0.0,1.0,7.0,16
hiba,primary,95,0.05,B,False,0.9562043795620438,,1.0,5.605839416058394,137
hiba,pad_only,95,0.1,M1,False,0.9545454545454546,0.0,1.0,6.136363636363637,22
hiba,pad_only,95,0.1,M2,False,0.9482758620689655,0.0,1.0,6.491379310344827,116
hiba,pad_only,95,0.1,M3,False,0.875,0.0,1.0,7.0,16
hiba,pad_only,95,0.1,B,False,0.9635036496350365,,1.0,5.693430656934306,137
hiba,primary,95,0.1,M1,False,0.9090909090909091,0.0,1.0,4.2272727272727275,22
hiba,primary,95,0.1,M2,False,0.9224137931034483,0.0,1.0,4.827586206896552,116
hiba,primary,95,0.1,M3,False,0.875,0.0,1.0,4.875,16
hiba,primary,95,0.1,B,False,0.9124087591240876,,0.9562043795620438,3.7664233576642334,137
hiba,pad_only,95,0.15,M1,False,0.8181818181818182,0.045454545454545456,0.9545454545454546,4.545454545454546,22
hiba,pad_only,95,0.15,M2,False,0.896551724137931,0.0,1.0,4.9655172413793105,116
hiba,pad_only,95,0.15,M3,False,0.6875,0.0625,0.9375,4.5625,16
hiba,pad_only,95,0.15,B,False,0.8905109489051095,,1.0,4.240875912408759,137
hiba,primary,95,0.15,M1,False,0.8636363636363636,0.0,1.0,3.909090909090909,22
hiba,primary,95,0.15,M2,False,0.8017241379310345,0.0,1.0,3.793103448275862,116
hiba,primary,95,0.15,M3,False,0.875,0.0,1.0,4.6875,16
hiba,primary,95,0.15,B,False,0.8905109489051095,,0.9051094890510949,2.978102189781022,137
pad,pad_only,96,0.05,M1,False,1.0,0.0,1.0,5.125,24
pad,pad_only,96,0.05,M2,False,0.91875,0.00625,0.99375,4.7875,160
pad,pad_only,96,0.05,M3,False,1.0,0.0,1.0,5.434210526315789,76
pad,pad_only,96,0.05,B,False,0.9565217391304348,,1.0,3.608695652173913,23
pad,primary,96,0.05,M1,False,1.0,0.0,1.0,4.166666666666667,24
pad,primary,96,0.05,M2,False,0.94375,0.0,1.0,4.1125,160
pad,primary,96,0.05,M3,False,1.0,0.0,1.0,4.526315789473684,76
pad,primary,96,0.05,B,False,1.0,,1.0,3.739130434782609,23
pad,pad_only,96,0.1,M1,False,0.9166666666666666,0.0,1.0,2.5416666666666665,24
pad,pad_only,96,0.1,M2,False,0.8875,0.0,1.0,2.89375,160
pad,pad_only,96,0.1,M3,False,0.9868421052631579,0.013157894736842105,0.9868421052631579,3.1184210526315788,76
pad,pad_only,96,0.1,B,False,0.9130434782608695,,0.6521739130434783,2.347826086956522,23
pad,primary,96,0.1,M1,False,1.0,0.0,1.0,4.041666666666667,24
pad,primary,96,0.1,M2,False,0.9,0.0,1.0,3.70625,160
pad,primary,96,0.1,M3,False,0.9868421052631579,0.0,1.0,3.9078947368421053,76
pad,primary,96,0.1,B,False,1.0,,1.0,3.3043478260869565,23
pad,pad_only,96,0.15,M1,False,0.875,0.0,1.0,2.4583333333333335,24
pad,pad_only,96,0.15,M2,False,0.875,0.0,1.0,2.68125,160
pad,pad_only,96,0.15,M3,False,0.9736842105263158,0.013157894736842105,0.9868421052631579,2.8815789473684212,76
pad,pad_only,96,0.15,B,False,0.9130434782608695,,0.6086956521739131,2.260869565217391,23
pad,primary,96,0.15,M1,False,0.875,0.0,1.0,1.9166666666666667,24
pad,primary,96,0.15,M2,False,0.8625,0.0,1.0,2.875,160
pad,primary,96,0.15,M3,False,0.8947368421052632,0.0,1.0,2.9210526315789473,76
pad,primary,96,0.15,B,False,0.9130434782608695,,0.9565217391304348,2.782608695652174,23
hiba,pad_only,96,0.05,M1,False,0.8823529411764706,0.0,1.0,6.470588235294118,17
hiba,pad_only,96,0.05,M2,False,0.9745762711864406,0.0,1.0,7.02542372881356,118
hiba,pad_only,96,0.05,M3,False,1.0,0.0,1.0,7.333333333333333,18
hiba,pad_only,96,0.05,B,False,0.954248366013072,,1.0,6.980392156862745,153
hiba,primary,96,0.05,M1,False,0.9411764705882353,0.0,1.0,6.529411764705882,17
hiba,primary,96,0.05,M2,False,0.923728813559322,0.0,1.0,6.4576271186440675,118
hiba,primary,96,0.05,M3,False,0.9444444444444444,0.0,1.0,6.0,18
hiba,primary,96,0.05,B,False,0.9934640522875817,,1.0,5.34640522875817,153
hiba,pad_only,96,0.1,M1,False,0.8235294117647058,0.0,1.0,5.882352941176471,17
hiba,pad_only,96,0.1,M2,False,0.8898305084745762,0.0,1.0,6.169491525423729,118
hiba,pad_only,96,0.1,M3,False,0.8888888888888888,0.0,1.0,5.944444444444445,18
hiba,pad_only,96,0.1,B,False,0.954248366013072,,1.0,5.633986928104576,153
hiba,primary,96,0.1,M1,False,0.9411764705882353,0.0,1.0,5.470588235294118,17
hiba,primary,96,0.1,M2,False,0.8813559322033898,0.0,1.0,4.9491525423728815,118
hiba,primary,96,0.1,M3,False,0.8888888888888888,0.0,1.0,4.888888888888889,18
hiba,primary,96,0.1,B,False,0.9411764705882353,,1.0,3.934640522875817,153
hiba,pad_only,96,0.15,M1,False,0.8235294117647058,0.058823529411764705,0.9411764705882353,4.9411764705882355,17
hiba,pad_only,96,0.15,M2,False,0.8559322033898306,0.00847457627118644,0.9915254237288136,4.720338983050848,118
hiba,pad_only,96,0.15,M3,False,0.8333333333333334,0.05555555555555555,0.9444444444444444,4.277777777777778,18
hiba,pad_only,96,0.15,B,False,0.8888888888888888,,1.0,4.3202614379084965,153
hiba,primary,96,0.15,M1,False,0.8823529411764706,0.0,1.0,4.411764705882353,17
hiba,primary,96,0.15,M2,False,0.8135593220338984,0.025423728813559324,0.9745762711864406,3.889830508474576,118
hiba,primary,96,0.15,M3,False,0.8888888888888888,0.0,1.0,4.166666666666667,18
hiba,primary,96,0.15,B,False,0.8888888888888888,,0.9215686274509803,2.947712418300654,153
pad,pad_only,97,0.05,M1,False,1.0,0.0,1.0,3.757575757575758,33
pad,pad_only,97,0.05,M2,False,0.9607843137254902,0.0,1.0,3.4640522875816995,153
pad,pad_only,97,0.05,M3,False,0.9512195121951219,0.0,1.0,3.268292682926829,82
pad,pad_only,97,0.05,B,False,0.8333333333333334,,0.8333333333333334,3.1666666666666665,12
pad,primary,97,0.05,M1,False,0.9393939393939394,0.0,1.0,3.727272727272727,33
pad,primary,97,0.05,M2,False,0.9738562091503268,0.0,1.0,3.542483660130719,153
pad,primary,97,0.05,M3,False,0.9878048780487805,0.0,1.0,3.658536585365854,82
pad,primary,97,0.05,B,False,0.8333333333333334,,1.0,3.5,12
pad,pad_only,97,0.1,M1,False,0.9393939393939394,0.0,1.0,2.909090909090909,33
pad,pad_only,97,0.1,M2,False,0.9215686274509803,0.0,1.0,2.9019607843137254,153
pad,pad_only,97,0.1,M3,False,0.8902439024390244,0.0,1.0,2.707317073170732,82
pad,pad_only,97,0.1,B,False,0.6666666666666666,,0.8333333333333334,2.75,12
pad,primary,97,0.1,M1,False,0.7575757575757576,0.0,1.0,2.5454545454545454,33
pad,primary,97,0.1,M2,False,0.934640522875817,0.0,1.0,3.281045751633987,153
pad,primary,97,0.1,M3,False,0.8780487804878049,0.0,1.0,2.792682926829268,82
pad,primary,97,0.1,B,False,0.8333333333333334,,0.9166666666666666,3.0833333333333335,12
pad,pad_only,97,0.15,M1,False,0.9090909090909091,0.0,1.0,2.696969696969697,33
pad,pad_only,97,0.15,M2,False,0.8627450980392157,0.0,1.0,2.4444444444444446,153
pad,pad_only,97,0.15,M3,False,0.8780487804878049,0.0,1.0,2.5853658536585367,82
pad,pad_only,97,0.15,B,False,0.6666666666666666,,0.8333333333333334,2.5,12
pad,primary,97,0.15,M1,False,0.696969696969697,0.0,1.0,2.0303030303030303,33
pad,primary,97,0.15,M2,False,0.8888888888888888,0.0,1.0,2.888888888888889,153
pad,primary,97,0.15,M3,False,0.8048780487804879,0.012195121951219513,0.9878048780487805,2.3902439024390243,82
pad,primary,97,0.15,B,False,0.6666666666666666,,0.8333333333333334,2.1666666666666665,12
hiba,pad_only,97,0.05,M1,False,0.9565217391304348,0.0,1.0,7.217391304347826,23
hiba,pad_only,97,0.05,M2,False,0.9827586206896551,0.0,1.0,7.189655172413793,116
hiba,pad_only,97,0.05,M3,False,1.0,0.0,1.0,7.25,8
hiba,pad_only,97,0.05,B,False,0.9747474747474747,,1.0,7.196969696969697,198
hiba,primary,97,0.05,M1,False,1.0,0.0,1.0,5.739130434782608,23
hiba,primary,97,0.05,M2,False,0.9396551724137931,0.0,1.0,5.663793103448276,116
hiba,primary,97,0.05,M3,False,1.0,0.0,1.0,5.75,8
hiba,primary,97,0.05,B,False,0.9292929292929293,,0.9949494949494949,4.732323232323233,198
hiba,pad_only,97,0.1,M1,False,0.9130434782608695,0.0,1.0,5.217391304347826,23
hiba,pad_only,97,0.1,M2,False,0.9051724137931034,0.0,1.0,5.525862068965517,116
hiba,pad_only,97,0.1,M3,False,1.0,0.0,1.0,6.125,8
hiba,pad_only,97,0.1,B,False,0.9191919191919192,,1.0,5.565656565656566,198
hiba,primary,97,0.1,M1,False,0.9130434782608695,0.0,1.0,4.130434782608695,23
hiba,primary,97,0.1,M2,False,0.8793103448275862,0.008620689655172414,0.9913793103448276,4.482758620689655,116
hiba,primary,97,0.1,M3,False,1.0,0.0,1.0,4.625,8
hiba,primary,97,0.1,B,False,0.9141414141414141,,0.8939393939393939,3.1363636363636362,198
hiba,pad_only,97,0.15,M1,False,0.9130434782608695,0.043478260869565216,0.9565217391304348,4.173913043478261,23
hiba,pad_only,97,0.15,M2,False,0.8448275862068966,0.017241379310344827,0.9827586206896551,4.224137931034483,116
hiba,pad_only,97,0.15,M3,False,0.875,0.125,0.875,3.875,8
hiba,pad_only,97,0.15,B,False,0.8484848484848485,,0.9646464646464646,3.5454545454545454,198
hiba,primary,97,0.15,M1,False,0.7391304347826086,0.043478260869565216,0.9565217391304348,3.260869565217391,23
hiba,primary,97,0.15,M2,False,0.8103448275862069,0.008620689655172414,0.9913793103448276,3.603448275862069,116
hiba,primary,97,0.15,M3,False,1.0,0.0,1.0,3.5,8
hiba,primary,97,0.15,B,False,0.8838383838383839,,0.696969696969697,2.3434343434343434,198
pad,pad_only,98,0.05,M1,False,1.0,0.0,1.0,6.375,32
pad,pad_only,98,0.05,M2,False,0.9401197604790419,0.0,1.0,5.982035928143713,167
pad,pad_only,98,0.05,M3,False,0.9420289855072463,0.0,1.0,6.159420289855072,69
pad,pad_only,98,0.05,B,False,1.0,,1.0,4.8125,16
pad,primary,98,0.05,M1,False,1.0,0.0,1.0,4.46875,32
pad,primary,98,0.05,M2,False,0.9520958083832335,0.0,1.0,3.9880239520958085,167
pad,primary,98,0.05,M3,False,0.9710144927536232,0.0,1.0,3.8550724637681157,69
pad,primary,98,0.05,B,False,1.0,,1.0,3.6875,16
pad,pad_only,98,0.1,M1,False,1.0,0.0,1.0,4.46875,32
pad,pad_only,98,0.1,M2,False,0.9041916167664671,0.011976047904191617,0.9880239520958084,4.407185628742515,167
pad,pad_only,98,0.1,M3,False,0.927536231884058,0.014492753623188406,0.9855072463768116,4.768115942028985,69
pad,pad_only,98,0.1,B,False,1.0,,1.0,3.3125,16
pad,primary,98,0.1,M1,False,1.0,0.0,1.0,4.375,32
pad,primary,98,0.1,M2,False,0.9341317365269461,0.0,1.0,3.754491017964072,167
pad,primary,98,0.1,M3,False,0.8840579710144928,0.0,1.0,3.289855072463768,69
pad,primary,98,0.1,B,False,1.0,,1.0,3.375,16
pad,pad_only,98,0.15,M1,False,1.0,0.0,1.0,2.96875,32
pad,pad_only,98,0.15,M2,False,0.8383233532934131,0.0,1.0,2.5269461077844313,167
pad,pad_only,98,0.15,M3,False,0.8840579710144928,0.014492753623188406,0.9855072463768116,2.6666666666666665,69
pad,pad_only,98,0.15,B,False,1.0,,0.75,2.375,16
pad,primary,98,0.15,M1,False,1.0,0.0,1.0,3.59375,32
pad,primary,98,0.15,M2,False,0.8922155688622755,0.0,1.0,2.910179640718563,167
pad,primary,98,0.15,M3,False,0.8260869565217391,0.0,1.0,2.5942028985507246,69
pad,primary,98,0.15,B,False,0.9375,,1.0,2.9375,16
hiba,pad_only,98,0.05,M1,False,1.0,0.0,1.0,7.8,10
hiba,pad_only,98,0.05,M2,False,0.936,0.0,1.0,6.608,125
hiba,pad_only,98,0.05,M3,False,1.0,0.0,1.0,7.076923076923077,13
hiba,pad_only,98,0.05,B,False,0.9808612440191388,,1.0,6.755980861244019,209
hiba,primary,98,0.05,M1,False,0.9,0.0,1.0,5.5,10
hiba,primary,98,0.05,M2,False,0.984,0.0,1.0,5.744,125
hiba,primary,98,0.05,M3,False,1.0,0.0,1.0,6.153846153846154,13
hiba,primary,98,0.05,B,False,0.937799043062201,,1.0,5.239234449760765,209
hiba,pad_only,98,0.1,M1,False,0.9,0.0,1.0,7.2,10
hiba,pad_only,98,0.1,M2,False,0.912,0.0,1.0,6.368,125
hiba,pad_only,98,0.1,M3,False,1.0,0.0,1.0,6.769230769230769,13
hiba,pad_only,98,0.1,B,False,0.9808612440191388,,1.0,6.435406698564593,209
hiba,primary,98,0.1,M1,False,0.9,0.0,1.0,4.7,10
hiba,primary,98,0.1,M2,False,0.936,0.0,1.0,4.712,125
hiba,primary,98,0.1,M3,False,1.0,0.0,1.0,5.153846153846154,13
hiba,primary,98,0.1,B,False,0.9234449760765551,,0.9617224880382775,3.8660287081339715,209
hiba,pad_only,98,0.15,M1,False,0.9,0.0,1.0,5.4,10
hiba,pad_only,98,0.15,M2,False,0.88,0.008,0.992,4.984,125
hiba,pad_only,98,0.15,M3,False,1.0,0.0,1.0,4.538461538461538,13
hiba,pad_only,98,0.15,B,False,0.9425837320574163,,0.9808612440191388,4.502392344497608,209
hiba,primary,98,0.15,M1,False,0.9,0.0,1.0,4.2,10
hiba,primary,98,0.15,M2,False,0.92,0.008,0.992,3.944,125
hiba,primary,98,0.15,M3,False,1.0,0.0,1.0,4.538461538461538,13
hiba,primary,98,0.15,B,False,0.9138755980861244,,0.84688995215311,3.1626794258373208,209
pad,pad_only,99,0.05,M1,True,1.0,0.0,1.0,7.2682926829268295,41
pad,pad_only,99,0.05,M2,False,0.9305555555555556,0.0,1.0,6.069444444444445,144
pad,pad_only,99,0.05,M3,False,0.9722222222222222,0.0,1.0,6.152777777777778,72
pad,pad_only,99,0.05,B,False,1.0,,1.0,5.285714285714286,14
pad,primary,99,0.05,M1,True,1.0,0.0,1.0,4.951219512195122,41
pad,primary,99,0.05,M2,False,0.9513888888888888,0.0,1.0,3.9722222222222223,144
pad,primary,99,0.05,M3,False,0.9305555555555556,0.0,1.0,3.9583333333333335,72
pad,primary,99,0.05,B,False,1.0,,1.0,4.0,14
pad,pad_only,99,0.1,M1,False,0.926829268292683,0.0,1.0,4.7073170731707314,41
pad,pad_only,99,0.1,M2,False,0.8541666666666666,0.020833333333333332,0.9791666666666666,4.229166666666667,144
pad,pad_only,99,0.1,M3,False,0.9444444444444444,0.0,1.0,4.75,72
pad,pad_only,99,0.1,B,False,1.0,,1.0,3.357142857142857,14
pad,primary,99,0.1,M1,False,0.975609756097561,0.0,1.0,4.2926829268292686,41
pad,primary,99,0.1,M2,False,0.9027777777777778,0.0,1.0,3.5694444444444446,144
pad,primary,99,0.1,M3,False,0.9305555555555556,0.0,1.0,3.5833333333333335,72
pad,primary,99,0.1,B,False,1.0,,1.0,3.5,14
pad,pad_only,99,0.15,M1,False,0.926829268292683,0.0,1.0,2.8048780487804876,41
pad,pad_only,99,0.15,M2,False,0.8194444444444444,0.0,1.0,2.3541666666666665,144
pad,pad_only,99,0.15,M3,False,0.875,0.013888888888888888,0.9861111111111112,2.513888888888889,72
pad,pad_only,99,0.15,B,False,0.8571428571428571,,0.7142857142857143,1.9285714285714286,14
pad,primary,99,0.15,M1,False,0.975609756097561,0.0,1.0,3.7560975609756095,41
pad,primary,99,0.15,M2,False,0.8611111111111112,0.0,1.0,2.8958333333333335,144
pad,primary,99,0.15,M3,False,0.8472222222222222,0.0,1.0,2.9027777777777777,72
pad,primary,99,0.15,B,False,1.0,,1.0,3.142857142857143,14
hiba,pad_only,99,0.05,M1,False,0.85,0.0,1.0,6.5,20
hiba,pad_only,99,0.05,M2,False,0.9457364341085271,0.0,1.0,6.775193798449612,129
hiba,pad_only,99,0.05,M3,False,1.0,0.0,1.0,7.166666666666667,18
hiba,pad_only,99,0.05,B,False,0.9831932773109243,,1.0,6.781512605042017,238
hiba,primary,99,0.05,M1,False,0.95,0.0,1.0,6.75,20
hiba,primary,99,0.05,M2,False,0.9302325581395349,0.0,1.0,6.612403100775194,129
hiba,primary,99,0.05,M3,False,1.0,0.0,1.0,6.388888888888889,18
hiba,primary,99,0.05,B,False,0.9831932773109243,,1.0,5.722689075630252,238
hiba,pad_only,99,0.1,M1,False,0.85,0.0,1.0,6.45,20
hiba,pad_only,99,0.1,M2,False,0.8992248062015504,0.0,1.0,6.4186046511627906,129
hiba,pad_only,99,0.1,M3,False,1.0,0.0,1.0,7.111111111111111,18
hiba,pad_only,99,0.1,B,False,0.9831932773109243,,1.0,6.436974789915967,238
hiba,primary,99,0.1,M1,False,0.95,0.0,1.0,4.3,20
hiba,primary,99,0.1,M2,False,0.8992248062015504,0.007751937984496124,0.9922480620155039,4.604651162790698,129
hiba,primary,99,0.1,M3,False,1.0,0.0,1.0,4.5,18
hiba,primary,99,0.1,B,False,0.957983193277311,,0.9705882352941176,3.6092436974789917,238
hiba,pad_only,99,0.15,M1,False,0.75,0.0,1.0,4.95,20
hiba,pad_only,99,0.15,M2,False,0.8217054263565892,0.015503875968992248,0.9844961240310077,4.75968992248062,129
hiba,pad_only,99,0.15,M3,False,0.9444444444444444,0.0,1.0,5.388888888888889,18
hiba,pad_only,99,0.15,B,False,0.9495798319327731,,0.9957983193277311,4.739495798319328,238
hiba,primary,99,0.15,M1,False,0.95,0.0,1.0,3.85,20
hiba,primary,99,0.15,M2,False,0.8372093023255814,0.007751937984496124,0.9922480620155039,3.689922480620155,129
hiba,primary,99,0.15,M3,False,1.0,0.0,1.0,4.111111111111111,18
hiba,primary,99,0.15,B,False,0.9285714285714286,,0.8823529411764706,2.823529411764706,238
