cohort,draw,alpha,stratum,coverage,n_test,referral
hiba,0,0.05,cov-MEL,0.9787234042553191,47,
hiba,0,0.05,sens-MEL,,47,1.0
hiba,0,0.05,cov-NV,1.0,248,
hiba,0,0.05,cov-BCC,0.9864864864864865,74,
hiba,0,0.05,sens-BCC,,74,1.0
hiba,0,0.05,cov-AK,1.0,11,
hiba,0,0.05,sens-AK,,11,1.0
hiba,0,0.05,cov-BKL,1.0,13,
hiba,0,0.05,cov-DF,0.8,10,
hiba,0,0.05,cov-VASC,1.0,10,
hiba,0,0.05,cov-SCC,0.8181818181818182,22,
hiba,0,0.05,sens-SCC,,22,1.0
hiba,0,0.1,cov-MEL,0.8936170212765957,47,
hiba,0,0.1,sens-MEL,,47,0.9574468085106383
hiba,0,0.1,cov-NV,0.9959677419354839,248,
hiba,0,0.1,cov-BCC,0.972972972972973,74,
hiba,0,0.1,sens-BCC,,74,1.0
hiba,0,0.1,cov-AK,0.9090909090909091,11,
hiba,0,0.1,sens-AK,,11,1.0
hiba,0,0.1,cov-BKL,1.0,13,
hiba,0,0.1,cov-DF,0.7,10,
hiba,0,0.1,cov-VASC,0.8,10,
hiba,0,0.1,cov-SCC,0.7727272727272727,22,
hiba,0,0.1,sens-SCC,,22,1.0
hiba,0,0.15,cov-MEL,0.8936170212765957,47,
hiba,0,0.15,sens-MEL,,47,0.9574468085106383
hiba,0,0.15,cov-NV,0.9798387096774194,248,
hiba,0,0.15,cov-BCC,0.9324324324324325,74,
hiba,0,0.15,sens-BCC,,74,1.0
hiba,0,0.15,cov-AK,0.9090909090909091,11,
hiba,0,0.15,sens-AK,,11,1.0
hiba,0,0.15,cov-BKL,1.0,13,
hiba,0,0.15,cov-DF,0.5,10,
hiba,0,0.15,cov-VASC,0.4,10,
hiba,0,0.15,cov-SCC,0.5909090909090909,22,
hiba,0,0.15,sens-SCC,,22,1.0
pad,0,0.05,cov-MEL,1.0,12,
pad,0,0.05,sens-MEL,,12,1.0
pad,0,0.05,cov-NV,1.0,13,
pad,0,0.05,cov-BCC,0.9871794871794872,156,
pad,0,0.05,sens-BCC,,156,1.0
pad,0,0.05,cov-AK,0.9583333333333334,72,
pad,0,0.05,sens-AK,,72,1.0
pad,0,0.05,cov-BKL,1.0,8,
pad,0,0.05,cov-SCC,0.8571428571428571,35,
pad,0,0.05,sens-SCC,,35,1.0
pad,0,0.1,cov-MEL,1.0,12,
pad,0,0.1,sens-MEL,,12,1.0
pad,0,0.1,cov-NV,1.0,13,
pad,0,0.1,cov-BCC,0.9166666666666666,156,
pad,0,0.1,sens-BCC,,156,1.0
pad,0,0.1,cov-AK,0.9444444444444444,72,
pad,0,0.1,sens-AK,,72,1.0
pad,0,0.1,cov-BKL,1.0,8,
pad,0,0.1,cov-SCC,0.7142857142857143,35,
pad,0,0.1,sens-SCC,,35,1.0
pad,0,0.15,cov-MEL,0.9166666666666666,12,
pad,0,0.15,sens-MEL,,12,1.0
pad,0,0.15,cov-NV,1.0,13,
pad,0,0.15,cov-BCC,0.8525641025641025,156,
pad,0,0.15,sens-BCC,,156,1.0
pad,0,0.15,cov-AK,0.8611111111111112,72,
pad,0,0.15,sens-AK,,72,1.0
pad,0,0.15,cov-BKL,1.0,8,
pad,0,0.15,cov-SCC,0.6,35,
pad,0,0.15,sens-SCC,,35,1.0
hiba,1,0.05,cov-MEL,0.9795918367346939,49,
hiba,1,0.05,sens-MEL,,49,1.0
hiba,1,0.05,cov-NV,1.0,168,
hiba,1,0.05,cov-BCC,1.0,52,
hiba,1,0.05,sens-BCC,,52,1.0
hiba,1,0.05,cov-AK,1.0,9,
hiba,1,0.05,sens-AK,,9,1.0
hiba,1,0.05,cov-BKL,1.0,18,
hiba,1,0.05,cov-DF,0.8333333333333334,12,
hiba,1,0.05,cov-VASC,0.9333333333333333,15,
hiba,1,0.05,cov-SCC,0.9615384615384616,26,
hiba,1,0.05,sens-SCC,,26,1.0
hiba,1,0.1,cov-MEL,0.9591836734693877,49,
hiba,1,0.1,sens-MEL,,49,1.0
hiba,1,0.1,cov-NV,0.9940476190476191,168,
hiba,1,0.1,cov-BCC,0.9807692307692307,52,
hiba,1,0.1,sens-BCC,,52,1.0
hiba,1,0.1,cov-AK,1.0,9,
hiba,1,0.1,sens-AK,,9,1.0
hiba,1,0.1,cov-BKL,1.0,18,
hiba,1,0.1,cov-DF,0.6666666666666666,12,
hiba,1,0.1,cov-VASC,0.8666666666666667,15,
hiba,1,0.1,cov-SCC,0.8076923076923077,26,
hiba,1,0.1,sens-SCC,,26,1.0
hiba,1,0.15,cov-MEL,0.8775510204081632,49,
hiba,1,0.15,sens-MEL,,49,0.9795918367346939
hiba,1,0.15,cov-NV,0.9821428571428571,168,
hiba,1,0.15,cov-BCC,0.8461538461538461,52,
hiba,1,0.15,sens-BCC,,52,0.9615384615384616
hiba,1,0.15,cov-AK,1.0,9,
hiba,1,0.15,sens-AK,,9,1.0
hiba,1,0.15,cov-BKL,0.9444444444444444,18,
hiba,1,0.15,cov-DF,0.5833333333333334,12,
hiba,1,0.15,cov-VASC,0.8666666666666667,15,
hiba,1,0.15,cov-SCC,0.6923076923076923,26,
hiba,1,0.15,sens-SCC,,26,1.0
pad,1,0.05,cov-MEL,1.0,11,
pad,1,0.05,sens-MEL,,11,1.0
pad,1,0.05,cov-NV,1.0,7,
pad,1,0.05,cov-BCC,0.9940119760479041,167,
pad,1,0.05,sens-BCC,,167,1.0
pad,1,0.05,cov-AK,0.9852941176470589,68,
pad,1,0.05,sens-AK,,68,1.0
pad,1,0.05,cov-BKL,1.0,8,
pad,1,0.05,cov-SCC,0.9696969696969697,33,
pad,1,0.05,sens-SCC,,33,1.0
pad,1,0.1,cov-MEL,1.0,11,
pad,1,0.1,sens-MEL,,11,1.0
pad,1,0.1,cov-NV,1.0,7,
pad,1,0.1,cov-BCC,0.9820359281437125,167,
pad,1,0.1,sens-BCC,,167,1.0
pad,1,0.1,cov-AK,0.9411764705882353,68,
pad,1,0.1,sens-AK,,68,1.0
pad,1,0.1,cov-BKL,1.0,8,
pad,1,0.1,cov-SCC,0.9090909090909091,33,
pad,1,0.1,sens-SCC,,33,1.0
pad,1,0.15,cov-MEL,1.0,11,
pad,1,0.15,sens-MEL,,11,1.0
pad,1,0.15,cov-NV,0.8571428571428571,7,
pad,1,0.15,cov-BCC,0.8982035928143712,167,
pad,1,0.15,sens-BCC,,167,0.9940119760479041
pad,1,0.15,cov-AK,0.8676470588235294,68,
pad,1,0.15,sens-AK,,68,1.0
pad,1,0.15,cov-BKL,1.0,8,
pad,1,0.15,cov-SCC,0.8181818181818182,33,
pad,1,0.15,sens-SCC,,33,0.9696969696969697
hiba,2,0.05,cov-MEL,0.9777777777777777,45,
hiba,2,0.05,sens-MEL,,45,1.0
hiba,2,0.05,cov-NV,1.0,128,
hiba,2,0.05,cov-BCC,0.984375,64,
hiba,2,0.05,sens-BCC,,64,1.0
hiba,2,0.05,cov-AK,0.9166666666666666,12,
hiba,2,0.05,sens-AK,,12,1.0
hiba,2,0.05,cov-BKL,1.0,17,
hiba,2,0.05,cov-DF,1.0,10,
hiba,2,0.05,cov-VASC,1.0,9,
hiba,2,0.05,cov-SCC,0.7666666666666667,30,
hiba,2,0.05,sens-SCC,,30,1.0
hiba,2,0.1,cov-MEL,0.9333333333333333,45,
hiba,2,0.1,sens-MEL,,45,1.0
hiba,2,0.1,cov-NV,1.0,128,
hiba,2,0.1,cov-BCC,0.953125,64,
hiba,2,0.1,sens-BCC,,64,1.0
hiba,2,0.1,cov-AK,0.9166666666666666,12,
hiba,2,0.1,sens-AK,,12,1.0
hiba,2,0.1,cov-BKL,1.0,17,
hiba,2,0.1,cov-DF,0.8,10,
hiba,2,0.1,cov-VASC,0.8888888888888888,9,
hiba,2,0.1,cov-SCC,0.7666666666666667,30,
hiba,2,0.1,sens-SCC,,30,1.0
hiba,2,0.15,cov-MEL,0.9111111111111111,45,
hiba,2,0.15,sens-MEL,,45,0.9777777777777777
hiba,2,0.15,cov-NV,1.0,128,
hiba,2,0.15,cov-BCC,0.9375,64,
hiba,2,0.15,sens-BCC,,64,1.0
hiba,2,0.15,cov-AK,0.9166666666666666,12,
hiba,2,0.15,sens-AK,,12,1.0
hiba,2,0.15,cov-BKL,1.0,17,
hiba,2,0.15,cov-DF,0.5,10,
hiba,2,0.15,cov-VASC,0.7777777777777778,9,
hiba,2,0.15,cov-SCC,0.7,30,
hiba,2,0.15,sens-SCC,,30,0.9666666666666667
pad,2,0.05,cov-MEL,0.9,10,
pad,2,0.05,sens-MEL,,10,1.0
pad,2,0.05,cov-NV,0.8888888888888888,9,
pad,2,0.05,cov-BCC,0.988950276243094,181,
pad,2,0.05,sens-BCC,,181,1.0
pad,2,0.05,cov-AK,0.9166666666666666,60,
pad,2,0.05,sens-AK,,60,1.0
pad,2,0.05,cov-BKL,1.0,7,
pad,2,0.05,cov-SCC,0.8648648648648649,37,
pad,2,0.05,sens-SCC,,37,1.0
pad,2,0.1,cov-MEL,0.7,10,
pad,2,0.1,sens-MEL,,10,1.0
pad,2,0.1,cov-NV,0.8888888888888888,9,
pad,2,0.1,cov-BCC,0.9447513812154696,181,
pad,2,0.1,sens-BCC,,181,1.0
pad,2,0.1,cov-AK,0.8833333333333333,60,
pad,2,0.1,sens-AK,,60,1.0
pad,2,0.1,cov-BKL,1.0,7,
pad,2,0.1,cov-SCC,0.8108108108108109,37,
pad,2,0.1,sens-SCC,,37,1.0
pad,2,0.15,cov-MEL,0.7,10,
pad,2,0.15,sens-MEL,,10,1.0
pad,2,0.15,cov-NV,0.8888888888888888,9,
pad,2,0.15,cov-BCC,0.9116022099447514,181,
pad,2,0.15,sens-BCC,,181,1.0
pad,2,0.15,cov-AK,0.8833333333333333,60,
pad,2,0.15,sens-AK,,60,1.0
pad,2,0.15,cov-BKL,1.0,7,
pad,2,0.15,cov-SCC,0.7297297297297297,37,
pad,2,0.15,sens-SCC,,37,1.0
hiba,3,0.05,cov-MEL,1.0,49,
hiba,3,0.05,sens-MEL,,49,1.0
hiba,3,0.05,cov-NV,0.9848484848484849,132,
hiba,3,0.05,cov-BCC,0.9841269841269841,63,
hiba,3,0.05,sens-BCC,,63,1.0
hiba,3,0.05,cov-AK,0.7142857142857143,14,
hiba,3,0.05,sens-AK,,14,1.0
hiba,3,0.05,cov-BKL,0.9333333333333333,15,
hiba,3,0.05,cov-DF,0.4375,16,
hiba,3,0.05,cov-VASC,0.7058823529411765,17,
hiba,3,0.05,cov-SCC,0.8333333333333334,24,
hiba,3,0.05,sens-SCC,,24,1.0
hiba,3,0.1,cov-MEL,1.0,49,
hiba,3,0.1,sens-MEL,,49,1.0
hiba,3,0.1,cov-NV,0.9621212121212122,132,
hiba,3,0.1,cov-BCC,0.9682539682539683,63,
hiba,3,0.1,sens-BCC,,63,1.0
hiba,3,0.1,cov-AK,0.6428571428571429,14,
hiba,3,0.1,sens-AK,,14,1.0
hiba,3,0.1,cov-BKL,0.9333333333333333,15,
hiba,3,0.1,cov-DF,0.25,16,
hiba,3,0.1,cov-VASC,0.6470588235294118,17,
hiba,3,0.1,cov-SCC,0.8333333333333334,24,
hiba,3,0.1,sens-SCC,,24,1.0
hiba,3,0.15,cov-MEL,0.9795918367346939,49,
hiba,3,0.15,sens-MEL,,49,0.9795918367346939
hiba,3,0.15,cov-NV,0.9318181818181818,132,
hiba,3,0.15,cov-BCC,0.873015873015873,63,
hiba,3,0.15,sens-BCC,,63,0.9841269841269841
hiba,3,0.15,cov-AK,0.6428571428571429,14,
hiba,3,0.15,sens-AK,,14,1.0
hiba,3,0.15,cov-BKL,0.8,15,
hiba,3,0.15,cov-DF,0.25,16,
hiba,3,0.15,cov-VASC,0.6470588235294118,17,
hiba,3,0.15,cov-SCC,0.6666666666666666,24,
hiba,3,0.15,sens-SCC,,24,1.0
pad,3,0.05,cov-MEL,1.0,10,
pad,3,0.05,sens-MEL,,10,1.0
pad,3,0.05,cov-NV,1.0,14,
pad,3,0.05,cov-BCC,0.9615384615384616,156,
pad,3,0.05,sens-BCC,,156,1.0
pad,3,0.05,cov-AK,0.9574468085106383,47,
pad,3,0.05,sens-AK,,47,1.0
pad,3,0.05,cov-BKL,1.0,10,
pad,3,0.05,cov-SCC,0.8333333333333334,36,
pad,3,0.05,sens-SCC,,36,1.0
pad,3,0.1,cov-MEL,1.0,10,
pad,3,0.1,sens-MEL,,10,1.0
pad,3,0.1,cov-NV,1.0,14,
pad,3,0.1,cov-BCC,0.9358974358974359,156,
pad,3,0.1,sens-BCC,,156,1.0
pad,3,0.1,cov-AK,0.9574468085106383,47,
pad,3,0.1,sens-AK,,47,1.0
pad,3,0.1,cov-BKL,0.9,10,
pad,3,0.1,cov-SCC,0.7777777777777778,36,
pad,3,0.1,sens-SCC,,36,1.0
pad,3,0.15,cov-MEL,0.9,10,
pad,3,0.15,sens-MEL,,10,1.0
pad,3,0.15,cov-NV,1.0,14,
pad,3,0.15,cov-BCC,0.8910256410256411,156,
pad,3,0.15,sens-BCC,,156,1.0
pad,3,0.15,cov-AK,0.9361702127659575,47,
pad,3,0.15,sens-AK,,47,1.0
pad,3,0.15,cov-BKL,0.9,10,
pad,3,0.15,cov-SCC,0.7222222222222222,36,
pad,3,0.15,sens-SCC,,36,1.0
hiba,4,0.05,cov-MEL,1.0,38,
hiba,4,0.05,sens-MEL,,38,1.0
hiba,4,0.05,cov-NV,1.0,165,
hiba,4,0.05,cov-BCC,0.9864864864864865,74,
hiba,4,0.05,sens-BCC,,74,1.0
hiba,4,0.05,cov-AK,0.8,15,
hiba,4,0.05,sens-AK,,15,1.0
hiba,4,0.05,cov-BKL,1.0,16,
hiba,4,0.05,cov-DF,0.8181818181818182,11,
hiba,4,0.05,cov-VASC,0.8125,16,
hiba,4,0.05,cov-SCC,0.9310344827586207,29,
hiba,4,0.05,sens-SCC,,29,1.0
hiba,4,0.1,cov-MEL,1.0,38,
hiba,4,0.1,sens-MEL,,38,1.0
hiba,4,0.1,cov-NV,0.9878787878787879,165,
hiba,4,0.1,cov-BCC,0.9594594594594594,74,
hiba,4,0.1,sens-BCC,,74,1.0
hiba,4,0.1,cov-AK,0.8,15,
hiba,4,0.1,sens-AK,,15,1.0
hiba,4,0.1,cov-BKL,1.0,16,
hiba,4,0.1,cov-DF,0.6363636363636364,11,
hiba,4,0.1,cov-VASC,0.6875,16,
hiba,4,0.1,cov-SCC,0.8275862068965517,29,
hiba,4,0.1,sens-SCC,,29,1.0
hiba,4,0.15,cov-MEL,0.9736842105263158,38,
hiba,4,0.15,sens-MEL,,38,1.0
hiba,4,0.15,cov-NV,0.9878787878787879,165,
hiba,4,0.15,cov-BCC,0.8918918918918919,74,
hiba,4,0.15,sens-BCC,,74,1.0
hiba,4,0.15,cov-AK,0.7333333333333333,15,
hiba,4,0.15,sens-AK,,15,1.0
hiba,4,0.15,cov-BKL,1.0,16,
hiba,4,0.15,cov-DF,0.36363636363636365,11,
hiba,4,0.15,cov-VASC,0.625,16,
hiba,4,0.15,cov-SCC,0.7586206896551724,29,
hiba,4,0.15,sens-SCC,,29,0.9655172413793104
pad,4,0.05,cov-MEL,1.0,7,
pad,4,0.05,sens-MEL,,7,1.0
pad,4,0.05,cov-NV,1.0,15,
pad,4,0.05,cov-BCC,0.9940828402366864,169,
pad,4,0.05,sens-BCC,,169,1.0
pad,4,0.05,cov-AK,0.9824561403508771,57,
pad,4,0.05,sens-AK,,57,1.0
pad,4,0.05,cov-BKL,1.0,10,
pad,4,0.05,cov-SCC,0.9393939393939394,33,
pad,4,0.05,sens-SCC,,33,1.0
pad,4,0.1,cov-MEL,1.0,7,
pad,4,0.1,sens-MEL,,7,1.0
pad,4,0.1,cov-NV,1.0,15,
pad,4,0.1,cov-BCC,0.9704142011834319,169,
pad,4,0.1,sens-BCC,,169,1.0
pad,4,0.1,cov-AK,0.9649122807017544,57,
pad,4,0.1,sens-AK,,57,1.0
pad,4,0.1,cov-BKL,1.0,10,
pad,4,0.1,cov-SCC,0.7878787878787878,33,
pad,4,0.1,sens-SCC,,33,1.0
pad,4,0.15,cov-MEL,0.8571428571428571,7,
pad,4,0.15,sens-MEL,,7,1.0
pad,4,0.15,cov-NV,1.0,15,
pad,4,0.15,cov-BCC,0.9230769230769231,169,
pad,4,0.15,sens-BCC,,169,1.0
pad,4,0.15,cov-AK,0.9473684210526315,57,
pad,4,0.15,sens-AK,,57,1.0
pad,4,0.15,cov-BKL,0.9,10,
pad,4,0.15,cov-SCC,0.696969696969697,33,
pad,4,0.15,sens-SCC,,33,1.0
hiba,5,0.05,cov-MEL,1.0,55,
hiba,5,0.05,sens-MEL,,55,1.0
hiba,5,0.05,cov-NV,1.0,109,
hiba,5,0.05,cov-BCC,1.0,69,
hiba,5,0.05,sens-BCC,,69,1.0
hiba,5,0.05,cov-AK,1.0,14,
hiba,5,0.05,sens-AK,,14,1.0
hiba,5,0.05,cov-BKL,1.0,23,
hiba,5,0.05,cov-DF,1.0,6,
hiba,5,0.05,cov-VASC,0.9090909090909091,11,
hiba,5,0.05,cov-SCC,0.9583333333333334,24,
hiba,5,0.05,sens-SCC,,24,1.0
hiba,5,0.1,cov-MEL,0.9636363636363636,55,
hiba,5,0.1,sens-MEL,,55,0.9818181818181818
hiba,5,0.1,cov-NV,0.9908256880733946,109,
hiba,5,0.1,cov-BCC,0.9420289855072463,69,
hiba,5,0.1,sens-BCC,,69,1.0
hiba,5,0.1,cov-AK,1.0,14,
hiba,5,0.1,sens-AK,,14,1.0
hiba,5,0.1,cov-BKL,1.0,23,
hiba,5,0.1,cov-DF,0.6666666666666666,6,
hiba,5,0.1,cov-VASC,0.7272727272727273,11,
hiba,5,0.1,cov-SCC,0.9166666666666666,24,
hiba,5,0.1,sens-SCC,,24,1.0
hiba,5,0.15,cov-MEL,0.9454545454545454,55,
hiba,5,0.15,sens-MEL,,55,0.9636363636363636
hiba,5,0.15,cov-NV,0.981651376146789,109,
hiba,5,0.15,cov-BCC,0.927536231884058,69,
hiba,5,0.15,sens-BCC,,69,1.0
hiba,5,0.15,cov-AK,1.0,14,
hiba,5,0.15,sens-AK,,14,1.0
hiba,5,0.15,cov-BKL,0.9565217391304348,23,
hiba,5,0.15,cov-DF,0.5,6,
hiba,5,0.15,cov-VASC,0.7272727272727273,11,
hiba,5,0.15,cov-SCC,0.9166666666666666,24,
hiba,5,0.15,sens-SCC,,24,1.0
pad,5,0.05,cov-MEL,0.875,8,
pad,5,0.05,sens-MEL,,8,1.0
pad,5,0.05,cov-NV,1.0,9,
pad,5,0.05,cov-BCC,0.9887640449438202,178,
pad,5,0.05,sens-BCC,,178,1.0
pad,5,0.05,cov-AK,0.9245283018867925,53,
pad,5,0.05,sens-AK,,53,1.0
pad,5,0.05,cov-BKL,1.0,5,
pad,5,0.05,cov-SCC,0.875,24,
pad,5,0.05,sens-SCC,,24,1.0
pad,5,0.1,cov-MEL,0.875,8,
pad,5,0.1,sens-MEL,,8,1.0
pad,5,0.1,cov-NV,1.0,9,
pad,5,0.1,cov-BCC,0.949438202247191,178,
pad,5,0.1,sens-BCC,,178,1.0
pad,5,0.1,cov-AK,0.9056603773584906,53,
pad,5,0.1,sens-AK,,53,1.0
pad,5,0.1,cov-BKL,1.0,5,
pad,5,0.1,cov-SCC,0.75,24,
pad,5,0.1,sens-SCC,,24,1.0
pad,5,0.15,cov-MEL,0.75,8,
pad,5,0.15,sens-MEL,,8,1.0
pad,5,0.15,cov-NV,1.0,9,
pad,5,0.15,cov-BCC,0.8876404494382022,178,
pad,5,0.15,sens-BCC,,178,1.0
pad,5,0.15,cov-AK,0.8490566037735849,53,
pad,5,0.15,sens-AK,,53,1.0
pad,5,0.15,cov-BKL,1.0,5,
pad,5,0.15,cov-SCC,0.7083333333333334,24,
pad,5,0.15,sens-SCC,,24,1.0
hiba,6,0.05,cov-MEL,0.9555555555555556,45,
hiba,6,0.05,sens-MEL,,45,1.0
hiba,6,0.05,cov-NV,1.0,90,
hiba,6,0.05,cov-BCC,1.0,64,
hiba,6,0.05,sens-BCC,,64,1.0
hiba,6,0.05,cov-AK,1.0,8,
hiba,6,0.05,sens-AK,,8,1.0
hiba,6,0.05,cov-BKL,1.0,17,
hiba,6,0.05,cov-DF,0.9285714285714286,14,
hiba,6,0.05,cov-VASC,1.0,10,
hiba,6,0.05,cov-SCC,0.84,25,
hiba,6,0.05,sens-SCC,,25,1.0
hiba,6,0.1,cov-MEL,0.9111111111111111,45,
hiba,6,0.1,sens-MEL,,45,1.0
hiba,6,0.1,cov-NV,1.0,90,
hiba,6,0.1,cov-BCC,0.984375,64,
hiba,6,0.1,sens-BCC,,64,1.0
hiba,6,0.1,cov-AK,0.875,8,
hiba,6,0.1,sens-AK,,8,1.0
hiba,6,0.1,cov-BKL,1.0,17,
hiba,6,0.1,cov-DF,0.5,14,
hiba,6,0.1,cov-VASC,0.7,10,
hiba,6,0.1,cov-SCC,0.84,25,
hiba,6,0.1,sens-SCC,,25,1.0
hiba,6,0.15,cov-MEL,0.8666666666666667,45,
hiba,6,0.15,sens-MEL,,45,0.9777777777777777
hiba,6,0.15,cov-NV,0.9666666666666667,90,
hiba,6,0.15,cov-BCC,0.921875,64,
hiba,6,0.15,sens-BCC,,64,0.984375
hiba,6,0.15,cov-AK,0.75,8,
hiba,6,0.15,sens-AK,,8,1.0
hiba,6,0.15,cov-BKL,1.0,17,
hiba,6,0.15,cov-DF,0.35714285714285715,14,
hiba,6,0.15,cov-VASC,0.5,10,
hiba,6,0.15,cov-SCC,0.72,25,
hiba,6,0.15,sens-SCC,,25,0.96
pad,6,0.05,cov-MEL,0.9090909090909091,11,
pad,6,0.05,sens-MEL,,11,1.0
pad,6,0.05,cov-NV,0.9090909090909091,11,
pad,6,0.05,cov-BCC,0.9821428571428571,168,
pad,6,0.05,sens-BCC,,168,1.0
pad,6,0.05,cov-AK,0.9692307692307692,65,
pad,6,0.05,sens-AK,,65,1.0
pad,6,0.05,cov-BKL,1.0,8,
pad,6,0.05,cov-SCC,0.9393939393939394,33,
pad,6,0.05,sens-SCC,,33,1.0
pad,6,0.1,cov-MEL,0.9090909090909091,11,
pad,6,0.1,sens-MEL,,11,1.0
pad,6,0.1,cov-NV,0.8181818181818182,11,
pad,6,0.1,cov-BCC,0.9345238095238095,168,
pad,6,0.1,sens-BCC,,168,1.0
pad,6,0.1,cov-AK,0.9230769230769231,65,
pad,6,0.1,sens-AK,,65,1.0
pad,6,0.1,cov-BKL,1.0,8,
pad,6,0.1,cov-SCC,0.7878787878787878,33,
pad,6,0.1,sens-SCC,,33,1.0
pad,6,0.15,cov-MEL,0.9090909090909091,11,
pad,6,0.15,sens-MEL,,11,1.0
pad,6,0.15,cov-NV,0.8181818181818182,11,
pad,6,0.15,cov-BCC,0.8809523809523809,168,
pad,6,0.15,sens-BCC,,168,1.0
pad,6,0.15,cov-AK,0.8769230769230769,65,
pad,6,0.15,sens-AK,,65,1.0
pad,6,0.15,cov-BKL,1.0,8,
pad,6,0.15,cov-SCC,0.696969696969697,33,
pad,6,0.15,sens-SCC,,33,1.0
hiba,7,0.05,cov-MEL,1.0,48,
hiba,7,0.05,sens-MEL,,48,1.0
hiba,7,0.05,cov-NV,1.0,200,
hiba,7,0.05,cov-BCC,0.9818181818181818,55,
hiba,7,0.05,sens-BCC,,55,1.0
hiba,7,0.05,cov-AK,1.0,10,
hiba,7,0.05,sens-AK,,10,1.0
hiba,7,0.05,cov-BKL,1.0,18,
hiba,7,0.05,cov-DF,0.7647058823529411,17,
hiba,7,0.05,cov-VASC,1.0,13,
hiba,7,0.05,cov-SCC,0.9130434782608695,23,
hiba,7,0.05,sens-SCC,,23,1.0
hiba,7,0.1,cov-MEL,0.8958333333333334,48,
hiba,7,0.1,sens-MEL,,48,0.9791666666666666
hiba,7,0.1,cov-NV,0.995,200,
hiba,7,0.1,cov-BCC,0.9454545454545454,55,
hiba,7,0.1,sens-BCC,,55,1.0
hiba,7,0.1,cov-AK,0.8,10,
hiba,7,0.1,sens-AK,,10,1.0
hiba,7,0.1,cov-BKL,1.0,18,
hiba,7,0.1,cov-DF,0.5882352941176471,17,
hiba,7,0.1,cov-VASC,0.7692307692307693,13,
hiba,7,0.1,cov-SCC,0.8260869565217391,23,
hiba,7,0.1,sens-SCC,,23,1.0
hiba,7,0.15,cov-MEL,0.875,48,
hiba,7,0.15,sens-MEL,,48,0.9583333333333334
hiba,7,0.15,cov-NV,0.99,200,
hiba,7,0.15,cov-BCC,0.9090909090909091,55,
hiba,7,0.15,sens-BCC,,55,1.0
hiba,7,0.15,cov-AK,0.7,10,
hiba,7,0.15,sens-AK,,10,1.0
hiba,7,0.15,cov-BKL,1.0,18,
hiba,7,0.15,cov-DF,0.47058823529411764,17,
hiba,7,0.15,cov-VASC,0.6153846153846154,13,
hiba,7,0.15,cov-SCC,0.6956521739130435,23,
hiba,7,0.15,sens-SCC,,23,0.9565217391304348
pad,7,0.05,cov-MEL,0.9,10,
pad,7,0.05,sens-MEL,,10,1.0
pad,7,0.05,cov-NV,0.9285714285714286,14,
pad,7,0.05,cov-BCC,0.9620253164556962,158,
pad,7,0.05,sens-BCC,,158,1.0
pad,7,0.05,cov-AK,0.9166666666666666,48,
pad,7,0.05,sens-AK,,48,1.0
pad,7,0.05,cov-BKL,1.0,3,
pad,7,0.05,cov-SCC,0.9090909090909091,33,
pad,7,0.05,sens-SCC,,33,1.0
pad,7,0.1,cov-MEL,0.8,10,
pad,7,0.1,sens-MEL,,10,1.0
pad,7,0.1,cov-NV,0.8571428571428571,14,
pad,7,0.1,cov-BCC,0.9050632911392406,158,
pad,7,0.1,sens-BCC,,158,1.0
pad,7,0.1,cov-AK,0.875,48,
pad,7,0.1,sens-AK,,48,1.0
pad,7,0.1,cov-BKL,1.0,3,
pad,7,0.1,cov-SCC,0.8484848484848485,33,
pad,7,0.1,sens-SCC,,33,1.0
pad,7,0.15,cov-MEL,0.8,10,
pad,7,0.15,sens-MEL,,10,1.0
pad,7,0.15,cov-NV,0.8571428571428571,14,
pad,7,0.15,cov-BCC,0.8860759493670886,158,
pad,7,0.15,sens-BCC,,158,1.0
pad,7,0.15,cov-AK,0.8541666666666666,48,
pad,7,0.15,sens-AK,,48,1.0
pad,7,0.15,cov-BKL,1.0,3,
pad,7,0.15,cov-SCC,0.7575757575757576,33,
pad,7,0.15,sens-SCC,,33,1.0
hiba,8,0.05,cov-MEL,0.9636363636363636,55,
hiba,8,0.05,sens-MEL,,55,1.0
hiba,8,0.05,cov-NV,1.0,183,
hiba,8,0.05,cov-BCC,0.9830508474576272,59,
hiba,8,0.05,sens-BCC,,59,1.0
hiba,8,0.05,cov-AK,0.9411764705882353,17,
hiba,8,0.05,sens-AK,,17,1.0
hiba,8,0.05,cov-BKL,1.0,15,
hiba,8,0.05,cov-DF,0.6666666666666666,6,
hiba,8,0.05,cov-VASC,0.8571428571428571,7,
hiba,8,0.05,cov-SCC,0.9090909090909091,22,
hiba,8,0.05,sens-SCC,,22,1.0
hiba,8,0.1,cov-MEL,0.9272727272727272,55,
hiba,8,0.1,sens-MEL,,55,0.9636363636363636
hiba,8,0.1,cov-NV,0.994535519125683,183,
hiba,8,0.1,cov-BCC,0.9830508474576272,59,
hiba,8,0.1,sens-BCC,,59,1.0
hiba,8,0.1,cov-AK,0.9411764705882353,17,
hiba,8,0.1,sens-AK,,17,1.0
hiba,8,0.1,cov-BKL,1.0,15,
hiba,8,0.1,cov-DF,0.5,6,
hiba,8,0.1,cov-VASC,0.42857142857142855,7,
hiba,8,0.1,cov-SCC,0.9090909090909091,22,
hiba,8,0.1,sens-SCC,,22,1.0
hiba,8,0.15,cov-MEL,0.9090909090909091,55,
hiba,8,0.15,sens-MEL,,55,0.9636363636363636
hiba,8,0.15,cov-NV,0.9781420765027322,183,
hiba,8,0.15,cov-BCC,0.9152542372881356,59,
hiba,8,0.15,sens-BCC,,59,0.9661016949152542
hiba,8,0.15,cov-AK,0.8823529411764706,17,
hiba,8,0.15,sens-AK,,17,1.0
hiba,8,0.15,cov-BKL,0.9333333333333333,15,
hiba,8,0.15,cov-DF,0.5,6,
hiba,8,0.15,cov-VASC,0.2857142857142857,7,
hiba,8,0.15,cov-SCC,0.8181818181818182,22,
hiba,8,0.15,sens-SCC,,22,1.0
pad,8,0.05,cov-MEL,1.0,7,
pad,8,0.05,sens-MEL,,7,1.0
pad,8,0.05,cov-NV,0.8571428571428571,7,
pad,8,0.05,cov-BCC,0.9881656804733728,169,
pad,8,0.05,sens-BCC,,169,1.0
pad,8,0.05,cov-AK,0.9827586206896551,58,
pad,8,0.05,sens-AK,,58,1.0
pad,8,0.05,cov-BKL,0.8571428571428571,7,
pad,8,0.05,cov-SCC,0.9534883720930233,43,
pad,8,0.05,sens-SCC,,43,1.0
pad,8,0.1,cov-MEL,1.0,7,
pad,8,0.1,sens-MEL,,7,1.0
pad,8,0.1,cov-NV,0.7142857142857143,7,
pad,8,0.1,cov-BCC,0.9585798816568047,169,
pad,8,0.1,sens-BCC,,169,1.0
pad,8,0.1,cov-AK,0.9655172413793104,58,
pad,8,0.1,sens-AK,,58,1.0
pad,8,0.1,cov-BKL,0.8571428571428571,7,
pad,8,0.1,cov-SCC,0.8604651162790697,43,
pad,8,0.1,sens-SCC,,43,1.0
pad,8,0.15,cov-MEL,1.0,7,
pad,8,0.15,sens-MEL,,7,1.0
pad,8,0.15,cov-NV,0.5714285714285714,7,
pad,8,0.15,cov-BCC,0.9289940828402367,169,
pad,8,0.15,sens-BCC,,169,1.0
pad,8,0.15,cov-AK,0.9137931034482759,58,
pad,8,0.15,sens-AK,,58,1.0
pad,8,0.15,cov-BKL,0.8571428571428571,7,
pad,8,0.15,cov-SCC,0.7209302325581395,43,
pad,8,0.15,sens-SCC,,43,1.0
hiba,9,0.05,cov-MEL,0.9565217391304348,46,
hiba,9,0.05,sens-MEL,,46,1.0
hiba,9,0.05,cov-NV,1.0,160,
hiba,9,0.05,cov-BCC,0.9838709677419355,62,
hiba,9,0.05,sens-BCC,,62,1.0
hiba,9,0.05,cov-AK,0.7333333333333333,15,
hiba,9,0.05,sens-AK,,15,1.0
hiba,9,0.05,cov-BKL,1.0,18,
hiba,9,0.05,cov-DF,0.8571428571428571,14,
hiba,9,0.05,cov-VASC,1.0,11,
hiba,9,0.05,cov-SCC,0.8260869565217391,23,
hiba,9,0.05,sens-SCC,,23,1.0
hiba,9,0.1,cov-MEL,0.9565217391304348,46,
hiba,9,0.1,sens-MEL,,46,1.0
hiba,9,0.1,cov-NV,1.0,160,
hiba,9,0.1,cov-BCC,0.9354838709677419,62,
hiba,9,0.1,sens-BCC,,62,1.0
hiba,9,0.1,cov-AK,0.6666666666666666,15,
hiba,9,0.1,sens-AK,,15,1.0
hiba,9,0.1,cov-BKL,1.0,18,
hiba,9,0.1,cov-DF,0.42857142857142855,14,
hiba,9,0.1,cov-VASC,0.6363636363636364,11,
hiba,9,0.1,cov-SCC,0.8260869565217391,23,
hiba,9,0.1,sens-SCC,,23,1.0
hiba,9,0.15,cov-MEL,0.9565217391304348,46,
hiba,9,0.15,sens-MEL,,46,1.0
hiba,9,0.15,cov-NV,0.99375,160,
hiba,9,0.15,cov-BCC,0.9032258064516129,62,
hiba,9,0.15,sens-BCC,,62,1.0
hiba,9,0.15,cov-AK,0.6666666666666666,15,
hiba,9,0.15,sens-AK,,15,1.0
hiba,9,0.15,cov-BKL,0.8888888888888888,18,
hiba,9,0.15,cov-DF,0.2857142857142857,14,
hiba,9,0.15,cov-VASC,0.36363636363636365,11,
hiba,9,0.15,cov-SCC,0.7391304347826086,23,
hiba,9,0.15,sens-SCC,,23,0.9565217391304348
pad,9,0.05,cov-MEL,1.0,9,
pad,9,0.05,sens-MEL,,9,1.0
pad,9,0.05,cov-NV,0.9285714285714286,14,
pad,9,0.05,cov-BCC,0.9696969696969697,165,
pad,9,0.05,sens-BCC,,165,1.0
pad,9,0.05,cov-AK,0.9552238805970149,67,
pad,9,0.05,sens-AK,,67,1.0
pad,9,0.05,cov-BKL,0.9,10,
pad,9,0.05,cov-SCC,0.8918918918918919,37,
pad,9,0.05,sens-SCC,,37,1.0
pad,9,0.1,cov-MEL,0.7777777777777778,9,
pad,9,0.1,sens-MEL,,9,1.0
pad,9,0.1,cov-NV,0.9285714285714286,14,
pad,9,0.1,cov-BCC,0.9454545454545454,165,
pad,9,0.1,sens-BCC,,165,1.0
pad,9,0.1,cov-AK,0.9253731343283582,67,
pad,9,0.1,sens-AK,,67,1.0
pad,9,0.1,cov-BKL,0.9,10,
pad,9,0.1,cov-SCC,0.7027027027027027,37,
pad,9,0.1,sens-SCC,,37,1.0
pad,9,0.15,cov-MEL,0.7777777777777778,9,
pad,9,0.15,sens-MEL,,9,1.0
pad,9,0.15,cov-NV,0.9285714285714286,14,
pad,9,0.15,cov-BCC,0.9333333333333333,165,
pad,9,0.15,sens-BCC,,165,1.0
pad,9,0.15,cov-AK,0.8955223880597015,67,
pad,9,0.15,sens-AK,,67,1.0
pad,9,0.15,cov-BKL,0.8,10,
pad,9,0.15,cov-SCC,0.6756756756756757,37,
pad,9,0.15,sens-SCC,,37,1.0
hiba,10,0.05,cov-MEL,0.9767441860465116,43,
hiba,10,0.05,sens-MEL,,43,1.0
hiba,10,0.05,cov-NV,0.9903846153846154,104,
hiba,10,0.05,cov-BCC,1.0,62,
hiba,10,0.05,sens-BCC,,62,1.0
hiba,10,0.05,cov-AK,0.7857142857142857,14,
hiba,10,0.05,sens-AK,,14,1.0
hiba,10,0.05,cov-BKL,1.0,18,
hiba,10,0.05,cov-DF,0.5333333333333333,15,
hiba,10,0.05,cov-VASC,0.4666666666666667,15,
hiba,10,0.05,cov-SCC,0.8518518518518519,27,
hiba,10,0.05,sens-SCC,,27,1.0
hiba,10,0.1,cov-MEL,0.9534883720930233,43,
hiba,10,0.1,sens-MEL,,43,1.0
hiba,10,0.1,cov-NV,0.9711538461538461,104,
hiba,10,0.1,cov-BCC,0.9516129032258065,62,
hiba,10,0.1,sens-BCC,,62,1.0
hiba,10,0.1,cov-AK,0.7857142857142857,14,
hiba,10,0.1,sens-AK,,14,1.0
hiba,10,0.1,cov-BKL,0.9444444444444444,18,
hiba,10,0.1,cov-DF,0.4666666666666667,15,
hiba,10,0.1,cov-VASC,0.4666666666666667,15,
hiba,10,0.1,cov-SCC,0.8148148148148148,27,
hiba,10,0.1,sens-SCC,,27,1.0
hiba,10,0.15,cov-MEL,0.9302325581395349,43,
hiba,10,0.15,sens-MEL,,43,1.0
hiba,10,0.15,cov-NV,0.9423076923076923,104,
hiba,10,0.15,cov-BCC,0.9354838709677419,62,
hiba,10,0.15,sens-BCC,,62,1.0
hiba,10,0.15,cov-AK,0.7857142857142857,14,
hiba,10,0.15,sens-AK,,14,1.0
hiba,10,0.15,cov-BKL,0.8888888888888888,18,
hiba,10,0.15,cov-DF,0.3333333333333333,15,
hiba,10,0.15,cov-VASC,0.3333333333333333,15,
hiba,10,0.15,cov-SCC,0.7407407407407407,27,
hiba,10,0.15,sens-SCC,,27,1.0
pad,10,0.05,cov-MEL,1.0,13,
pad,10,0.05,sens-MEL,,13,1.0
pad,10,0.05,cov-NV,0.9,10,
pad,10,0.05,cov-BCC,0.9738562091503268,153,
pad,10,0.05,sens-BCC,,153,1.0
pad,10,0.05,cov-AK,0.9682539682539683,63,
pad,10,0.05,sens-AK,,63,1.0
pad,10,0.05,cov-BKL,1.0,6,
pad,10,0.05,cov-SCC,0.8333333333333334,36,
pad,10,0.05,sens-SCC,,36,1.0
pad,10,0.1,cov-MEL,0.8461538461538461,13,
pad,10,0.1,sens-MEL,,13,1.0
pad,10,0.1,cov-NV,0.9,10,
pad,10,0.1,cov-BCC,0.9411764705882353,153,
pad,10,0.1,sens-BCC,,153,1.0
pad,10,0.1,cov-AK,0.9365079365079365,63,
pad,10,0.1,sens-AK,,63,1.0
pad,10,0.1,cov-BKL,1.0,6,
pad,10,0.1,cov-SCC,0.8333333333333334,36,
pad,10,0.1,sens-SCC,,36,1.0
pad,10,0.15,cov-MEL,0.8461538461538461,13,
pad,10,0.15,sens-MEL,,13,1.0
pad,10,0.15,cov-NV,0.9,10,
pad,10,0.15,cov-BCC,0.8627450980392157,153,
pad,10,0.15,sens-BCC,,153,1.0
pad,10,0.15,cov-AK,0.8888888888888888,63,
pad,10,0.15,sens-AK,,63,1.0
pad,10,0.15,cov-BKL,1.0,6,
pad,10,0.15,cov-SCC,0.7222222222222222,36,
pad,10,0.15,sens-SCC,,36,1.0
hiba,11,0.05,cov-MEL,0.9791666666666666,48,
hiba,11,0.05,sens-MEL,,48,1.0
hiba,11,0.05,cov-NV,1.0,127,
hiba,11,0.05,cov-BCC,0.972972972972973,74,
hiba,11,0.05,sens-BCC,,74,1.0
hiba,11,0.05,cov-AK,0.9090909090909091,11,
hiba,11,0.05,sens-AK,,11,1.0
hiba,11,0.05,cov-BKL,1.0,11,
hiba,11,0.05,cov-DF,0.75,16,
hiba,11,0.05,cov-VASC,1.0,8,
hiba,11,0.05,cov-SCC,0.92,25,
hiba,11,0.05,sens-SCC,,25,1.0
hiba,11,0.1,cov-MEL,0.9166666666666666,48,
hiba,11,0.1,sens-MEL,,48,1.0
hiba,11,0.1,cov-NV,0.9921259842519685,127,
hiba,11,0.1,cov-BCC,0.9054054054054054,74,
hiba,11,0.1,sens-BCC,,74,1.0
hiba,11,0.1,cov-AK,0.9090909090909091,11,
hiba,11,0.1,sens-AK,,11,1.0
hiba,11,0.1,cov-BKL,1.0,11,
hiba,11,0.1,cov-DF,0.625,16,
hiba,11,0.1,cov-VASC,0.875,8,
hiba,11,0.1,cov-SCC,0.8,25,
hiba,11,0.1,sens-SCC,,25,1.0
hiba,11,0.15,cov-MEL,0.8958333333333334,48,
hiba,11,0.15,sens-MEL,,48,1.0
hiba,11,0.15,cov-NV,0.984251968503937,127,
hiba,11,0.15,cov-BCC,0.8918918918918919,74,
hiba,11,0.15,sens-BCC,,74,0.9864864864864865
hiba,11,0.15,cov-AK,0.8181818181818182,11,
hiba,11,0.15,sens-AK,,11,1.0
hiba,11,0.15,cov-BKL,0.8181818181818182,11,
hiba,11,0.15,cov-DF,0.4375,16,
hiba,11,0.15,cov-VASC,0.75,8,
hiba,11,0.15,cov-SCC,0.72,25,
hiba,11,0.15,sens-SCC,,25,0.96
pad,11,0.05,cov-MEL,1.0,7,
pad,11,0.05,sens-MEL,,7,1.0
pad,11,0.05,cov-NV,0.9230769230769231,13,
pad,11,0.05,cov-BCC,0.9565217391304348,161,
pad,11,0.05,sens-BCC,,161,1.0
pad,11,0.05,cov-AK,0.9565217391304348,46,
pad,11,0.05,sens-AK,,46,1.0
pad,11,0.05,cov-BKL,0.8333333333333334,6,
pad,11,0.05,cov-SCC,0.9310344827586207,29,
pad,11,0.05,sens-SCC,,29,1.0
pad,11,0.1,cov-MEL,1.0,7,
pad,11,0.1,sens-MEL,,7,1.0
pad,11,0.1,cov-NV,0.8461538461538461,13,
pad,11,0.1,cov-BCC,0.9130434782608695,161,
pad,11,0.1,sens-BCC,,161,1.0
pad,11,0.1,cov-AK,0.9130434782608695,46,
pad,11,0.1,sens-AK,,46,1.0
pad,11,0.1,cov-BKL,0.8333333333333334,6,
pad,11,0.1,cov-SCC,0.896551724137931,29,
pad,11,0.1,sens-SCC,,29,1.0
pad,11,0.15,cov-MEL,1.0,7,
pad,11,0.15,sens-MEL,,7,1.0
pad,11,0.15,cov-NV,0.6923076923076923,13,
pad,11,0.15,cov-BCC,0.84472049689441,161,
pad,11,0.15,sens-BCC,,161,1.0
pad,11,0.15,cov-AK,0.8695652173913043,46,
pad,11,0.15,sens-AK,,46,0.9782608695652174
pad,11,0.15,cov-BKL,0.6666666666666666,6,
pad,11,0.15,cov-SCC,0.6551724137931034,29,
pad,11,0.15,sens-SCC,,29,1.0
hiba,12,0.05,cov-MEL,1.0,46,
hiba,12,0.05,sens-MEL,,46,1.0
hiba,12,0.05,cov-NV,1.0,171,
hiba,12,0.05,cov-BCC,0.9782608695652174,46,
hiba,12,0.05,sens-BCC,,46,1.0
hiba,12,0.05,cov-AK,0.8333333333333334,18,
hiba,12,0.05,sens-AK,,18,1.0
hiba,12,0.05,cov-BKL,1.0,20,
hiba,12,0.05,cov-DF,0.75,12,
hiba,12,0.05,cov-VASC,1.0,15,
hiba,12,0.05,cov-SCC,1.0,22,
hiba,12,0.05,sens-SCC,,22,1.0
hiba,12,0.1,cov-MEL,0.9347826086956522,46,
hiba,12,0.1,sens-MEL,,46,0.9782608695652174
hiba,12,0.1,cov-NV,1.0,171,
hiba,12,0.1,cov-BCC,0.9782608695652174,46,
hiba,12,0.1,sens-BCC,,46,1.0
hiba,12,0.1,cov-AK,0.8333333333333334,18,
hiba,12,0.1,sens-AK,,18,1.0
hiba,12,0.1,cov-BKL,1.0,20,
hiba,12,0.1,cov-DF,0.5833333333333334,12,
hiba,12,0.1,cov-VASC,0.8666666666666667,15,
hiba,12,0.1,cov-SCC,0.9090909090909091,22,
hiba,12,0.1,sens-SCC,,22,1.0
hiba,12,0.15,cov-MEL,0.9347826086956522,46,
hiba,12,0.15,sens-MEL,,46,0.9565217391304348
hiba,12,0.15,cov-NV,0.9941520467836257,171,
hiba,12,0.15,cov-BCC,0.9347826086956522,46,
hiba,12,0.15,sens-BCC,,46,1.0
hiba,12,0.15,cov-AK,0.8333333333333334,18,
hiba,12,0.15,sens-AK,,18,1.0
hiba,12,0.15,cov-BKL,0.9,20,
hiba,12,0.15,cov-DF,0.5,12,
hiba,12,0.15,cov-VASC,0.8,15,
hiba,12,0.15,cov-SCC,0.8181818181818182,22,
hiba,12,0.15,sens-SCC,,22,1.0
pad,12,0.05,cov-MEL,0.8571428571428571,7,
pad,12,0.05,sens-MEL,,7,1.0
pad,12,0.05,cov-NV,0.875,8,
pad,12,0.05,cov-BCC,0.9828571428571429,175,
pad,12,0.05,sens-BCC,,175,1.0
pad,12,0.05,cov-AK,0.9545454545454546,44,
pad,12,0.05,sens-AK,,44,1.0
pad,12,0.05,cov-BKL,1.0,5,
pad,12,0.05,cov-SCC,0.8620689655172413,29,
pad,12,0.05,sens-SCC,,29,1.0
pad,12,0.1,cov-MEL,0.8571428571428571,7,
pad,12,0.1,sens-MEL,,7,1.0
pad,12,0.1,cov-NV,0.625,8,
pad,12,0.1,cov-BCC,0.9542857142857143,175,
pad,12,0.1,sens-BCC,,175,1.0
pad,12,0.1,cov-AK,0.9090909090909091,44,
pad,12,0.1,sens-AK,,44,1.0
pad,12,0.1,cov-BKL,1.0,5,
pad,12,0.1,cov-SCC,0.8275862068965517,29,
pad,12,0.1,sens-SCC,,29,1.0
pad,12,0.15,cov-MEL,0.8571428571428571,7,
pad,12,0.15,sens-MEL,,7,1.0
pad,12,0.15,cov-NV,0.625,8,
pad,12,0.15,cov-BCC,0.9257142857142857,175,
pad,12,0.15,sens-BCC,,175,1.0
pad,12,0.15,cov-AK,0.8409090909090909,44,
pad,12,0.15,sens-AK,,44,1.0
pad,12,0.15,cov-BKL,1.0,5,
pad,12,0.15,cov-SCC,0.7586206896551724,29,
pad,12,0.15,sens-SCC,,29,1.0
hiba,13,0.05,cov-MEL,0.9743589743589743,39,
hiba,13,0.05,sens-MEL,,39,1.0
hiba,13,0.05,cov-NV,1.0,64,
hiba,13,0.05,cov-BCC,1.0,68,
hiba,13,0.05,sens-BCC,,68,1.0
hiba,13,0.05,cov-AK,1.0,11,
hiba,13,0.05,sens-AK,,11,1.0
hiba,13,0.05,cov-BKL,1.0,17,
hiba,13,0.05,cov-DF,0.9090909090909091,11,
hiba,13,0.05,cov-VASC,1.0,10,
hiba,13,0.05,cov-SCC,0.8518518518518519,27,
hiba,13,0.05,sens-SCC,,27,1.0
hiba,13,0.1,cov-MEL,0.9230769230769231,39,
hiba,13,0.1,sens-MEL,,39,1.0
hiba,13,0.1,cov-NV,0.984375,64,
hiba,13,0.1,cov-BCC,0.9264705882352942,68,
hiba,13,0.1,sens-BCC,,68,1.0
hiba,13,0.1,cov-AK,1.0,11,
hiba,13,0.1,sens-AK,,11,1.0
hiba,13,0.1,cov-BKL,0.9411764705882353,17,
hiba,13,0.1,cov-DF,0.5454545454545454,11,
hiba,13,0.1,cov-VASC,0.7,10,
hiba,13,0.1,cov-SCC,0.7407407407407407,27,
hiba,13,0.1,sens-SCC,,27,1.0
hiba,13,0.15,cov-MEL,0.8974358974358975,39,
hiba,13,0.15,sens-MEL,,39,1.0
hiba,13,0.15,cov-NV,0.953125,64,
hiba,13,0.15,cov-BCC,0.8970588235294118,68,
hiba,13,0.15,sens-BCC,,68,1.0
hiba,13,0.15,cov-AK,1.0,11,
hiba,13,0.15,sens-AK,,11,1.0
hiba,13,0.15,cov-BKL,0.8235294117647058,17,
hiba,13,0.15,cov-DF,0.36363636363636365,11,
hiba,13,0.15,cov-VASC,0.5,10,
hiba,13,0.15,cov-SCC,0.7037037037037037,27,
hiba,13,0.15,sens-SCC,,27,0.9259259259259259
pad,13,0.05,cov-MEL,0.9090909090909091,11,
pad,13,0.05,sens-MEL,,11,1.0
pad,13,0.05,cov-NV,0.9230769230769231,13,
pad,13,0.05,cov-BCC,0.9929577464788732,142,
pad,13,0.05,sens-BCC,,142,1.0
pad,13,0.05,cov-AK,0.9672131147540983,61,
pad,13,0.05,sens-AK,,61,1.0
pad,13,0.05,cov-BKL,1.0,7,
pad,13,0.05,cov-SCC,0.9285714285714286,28,
pad,13,0.05,sens-SCC,,28,1.0
pad,13,0.1,cov-MEL,0.9090909090909091,11,
pad,13,0.1,sens-MEL,,11,1.0
pad,13,0.1,cov-NV,0.8461538461538461,13,
pad,13,0.1,cov-BCC,0.9577464788732394,142,
pad,13,0.1,sens-BCC,,142,1.0
pad,13,0.1,cov-AK,0.9672131147540983,61,
pad,13,0.1,sens-AK,,61,1.0
pad,13,0.1,cov-BKL,1.0,7,
pad,13,0.1,cov-SCC,0.8571428571428571,28,
pad,13,0.1,sens-SCC,,28,1.0
pad,13,0.15,cov-MEL,0.8181818181818182,11,
pad,13,0.15,sens-MEL,,11,1.0
pad,13,0.15,cov-NV,0.7692307692307693,13,
pad,13,0.15,cov-BCC,0.9084507042253521,142,
pad,13,0.15,sens-BCC,,142,1.0
pad,13,0.15,cov-AK,0.9016393442622951,61,
pad,13,0.15,sens-AK,,61,1.0
pad,13,0.15,cov-BKL,0.8571428571428571,7,
pad,13,0.15,cov-SCC,0.7142857142857143,28,
pad,13,0.15,sens-SCC,,28,1.0
hiba,14,0.05,cov-MEL,0.9818181818181818,55,
hiba,14,0.05,sens-MEL,,55,1.0
hiba,14,0.05,cov-NV,0.9934640522875817,153,
hiba,14,0.05,cov-BCC,0.9855072463768116,69,
hiba,14,0.05,sens-BCC,,69,1.0
hiba,14,0.05,cov-AK,1.0,10,
hiba,14,0.05,sens-AK,,10,1.0
hiba,14,0.05,cov-BKL,1.0,16,
hiba,14,0.05,cov-DF,0.42857142857142855,14,
hiba,14,0.05,cov-VASC,0.9230769230769231,13,
hiba,14,0.05,cov-SCC,0.7916666666666666,24,
hiba,14,0.05,sens-SCC,,24,1.0
hiba,14,0.1,cov-MEL,0.8727272727272727,55,
hiba,14,0.1,sens-MEL,,55,0.9636363636363636
hiba,14,0.1,cov-NV,0.9934640522875817,153,
hiba,14,0.1,cov-BCC,0.8695652173913043,69,
hiba,14,0.1,sens-BCC,,69,1.0
hiba,14,0.1,cov-AK,1.0,10,
hiba,14,0.1,sens-AK,,10,1.0
hiba,14,0.1,cov-BKL,0.875,16,
hiba,14,0.1,cov-DF,0.35714285714285715,14,
hiba,14,0.1,cov-VASC,0.9230769230769231,13,
hiba,14,0.1,cov-SCC,0.75,24,
hiba,14,0.1,sens-SCC,,24,1.0
hiba,14,0.15,cov-MEL,0.8727272727272727,55,
hiba,14,0.15,sens-MEL,,55,0.9090909090909091
hiba,14,0.15,cov-NV,0.9869281045751634,153,
hiba,14,0.15,cov-BCC,0.8405797101449275,69,
hiba,14,0.15,sens-BCC,,69,1.0
hiba,14,0.15,cov-AK,0.9,10,
hiba,14,0.15,sens-AK,,10,1.0
hiba,14,0.15,cov-BKL,0.8125,16,
hiba,14,0.15,cov-DF,0.21428571428571427,14,
hiba,14,0.15,cov-VASC,0.7692307692307693,13,
hiba,14,0.15,cov-SCC,0.7083333333333334,24,
hiba,14,0.15,sens-SCC,,24,0.9583333333333334
pad,14,0.05,cov-MEL,1.0,5,
pad,14,0.05,sens-MEL,,5,1.0
pad,14,0.05,cov-NV,1.0,6,
pad,14,0.05,cov-BCC,0.9764705882352941,170,
pad,14,0.05,sens-BCC,,170,1.0
pad,14,0.05,cov-AK,0.9193548387096774,62,
pad,14,0.05,sens-AK,,62,1.0
pad,14,0.05,cov-BKL,1.0,8,
pad,14,0.05,cov-SCC,0.8292682926829268,41,
pad,14,0.05,sens-SCC,,41,1.0
pad,14,0.1,cov-MEL,0.8,5,
pad,14,0.1,sens-MEL,,5,1.0
pad,14,0.1,cov-NV,1.0,6,
pad,14,0.1,cov-BCC,0.9,170,
pad,14,0.1,sens-BCC,,170,1.0
pad,14,0.1,cov-AK,0.8548387096774194,62,
pad,14,0.1,sens-AK,,62,0.9838709677419355
pad,14,0.1,cov-BKL,1.0,8,
pad,14,0.1,cov-SCC,0.7317073170731707,41,
pad,14,0.1,sens-SCC,,41,1.0
pad,14,0.15,cov-MEL,0.8,5,
pad,14,0.15,sens-MEL,,5,1.0
pad,14,0.15,cov-NV,1.0,6,
pad,14,0.15,cov-BCC,0.8647058823529412,170,
pad,14,0.15,sens-BCC,,170,1.0
pad,14,0.15,cov-AK,0.8064516129032258,62,
pad,14,0.15,sens-AK,,62,1.0
pad,14,0.15,cov-BKL,1.0,8,
pad,14,0.15,cov-SCC,0.6585365853658537,41,
pad,14,0.15,sens-SCC,,41,1.0
hiba,15,0.05,cov-MEL,1.0,63,
hiba,15,0.05,sens-MEL,,63,1.0
hiba,15,0.05,cov-NV,1.0,93,
hiba,15,0.05,cov-BCC,0.9846153846153847,65,
hiba,15,0.05,sens-BCC,,65,1.0
hiba,15,0.05,cov-AK,0.9285714285714286,14,
hiba,15,0.05,sens-AK,,14,1.0
hiba,15,0.05,cov-BKL,1.0,12,
hiba,15,0.05,cov-DF,0.7,10,
hiba,15,0.05,cov-VASC,1.0,9,
hiba,15,0.05,cov-SCC,0.9047619047619048,21,
hiba,15,0.05,sens-SCC,,21,1.0
hiba,15,0.1,cov-MEL,0.9365079365079365,63,
hiba,15,0.1,sens-MEL,,63,0.9682539682539683
hiba,15,0.1,cov-NV,1.0,93,
hiba,15,0.1,cov-BCC,0.9692307692307692,65,
hiba,15,0.1,sens-BCC,,65,1.0
hiba,15,0.1,cov-AK,0.9285714285714286,14,
hiba,15,0.1,sens-AK,,14,1.0
hiba,15,0.1,cov-BKL,1.0,12,
hiba,15,0.1,cov-DF,0.6,10,
hiba,15,0.1,cov-VASC,0.7777777777777778,9,
hiba,15,0.1,cov-SCC,0.8571428571428571,21,
hiba,15,0.1,sens-SCC,,21,1.0
hiba,15,0.15,cov-MEL,0.9047619047619048,63,
hiba,15,0.15,sens-MEL,,63,0.9523809523809523
hiba,15,0.15,cov-NV,0.978494623655914,93,
hiba,15,0.15,cov-BCC,0.9230769230769231,65,
hiba,15,0.15,sens-BCC,,65,0.9846153846153847
hiba,15,0.15,cov-AK,0.8571428571428571,14,
hiba,15,0.15,sens-AK,,14,1.0
hiba,15,0.15,cov-BKL,0.8333333333333334,12,
hiba,15,0.15,cov-DF,0.4,10,
hiba,15,0.15,cov-VASC,0.4444444444444444,9,
hiba,15,0.15,cov-SCC,0.7142857142857143,21,
hiba,15,0.15,sens-SCC,,21,0.9523809523809523
pad,15,0.05,cov-MEL,1.0,10,
pad,15,0.05,sens-MEL,,10,1.0
pad,15,0.05,cov-NV,1.0,15,
pad,15,0.05,cov-BCC,0.9878048780487805,164,
pad,15,0.05,sens-BCC,,164,1.0
pad,15,0.05,cov-AK,0.9393939393939394,66,
pad,15,0.05,sens-AK,,66,1.0
pad,15,0.05,cov-BKL,1.0,9,
pad,15,0.05,cov-SCC,0.925,40,
pad,15,0.05,sens-SCC,,40,1.0
pad,15,0.1,cov-MEL,1.0,10,
pad,15,0.1,sens-MEL,,10,1.0
pad,15,0.1,cov-NV,1.0,15,
pad,15,0.1,cov-BCC,0.9573170731707317,164,
pad,15,0.1,sens-BCC,,164,1.0
pad,15,0.1,cov-AK,0.9242424242424242,66,
pad,15,0.1,sens-AK,,66,1.0
pad,15,0.1,cov-BKL,1.0,9,
pad,15,0.1,cov-SCC,0.825,40,
pad,15,0.1,sens-SCC,,40,1.0
pad,15,0.15,cov-MEL,0.9,10,
pad,15,0.15,sens-MEL,,10,1.0
pad,15,0.15,cov-NV,0.9333333333333333,15,
pad,15,0.15,cov-BCC,0.9146341463414634,164,
pad,15,0.15,sens-BCC,,164,1.0
pad,15,0.15,cov-AK,0.8484848484848485,66,
pad,15,0.15,sens-AK,,66,1.0
pad,15,0.15,cov-BKL,1.0,9,
pad,15,0.15,cov-SCC,0.65,40,
pad,15,0.15,sens-SCC,,40,1.0
hiba,16,0.05,cov-MEL,0.9024390243902439,41,
hiba,16,0.05,sens-MEL,,41,1.0
hiba,16,0.05,cov-NV,1.0,183,
hiba,16,0.05,cov-BCC,0.9571428571428572,70,
hiba,16,0.05,sens-BCC,,70,1.0
hiba,16,0.05,cov-AK,0.7857142857142857,14,
hiba,16,0.05,sens-AK,,14,1.0
hiba,16,0.05,cov-BKL,1.0,13,
hiba,16,0.05,cov-DF,0.5,10,
hiba,16,0.05,cov-VASC,0.9,10,
hiba,16,0.05,cov-SCC,0.7647058823529411,34,
hiba,16,0.05,sens-SCC,,34,1.0
hiba,16,0.1,cov-MEL,0.8780487804878049,41,
hiba,16,0.1,sens-MEL,,41,0.975609756097561
hiba,16,0.1,cov-NV,0.994535519125683,183,
hiba,16,0.1,cov-BCC,0.9428571428571428,70,
hiba,16,0.1,sens-BCC,,70,1.0
hiba,16,0.1,cov-AK,0.7857142857142857,14,
hiba,16,0.1,sens-AK,,14,1.0
hiba,16,0.1,cov-BKL,1.0,13,
hiba,16,0.1,cov-DF,0.4,10,
hiba,16,0.1,cov-VASC,0.7,10,
hiba,16,0.1,cov-SCC,0.7647058823529411,34,
hiba,16,0.1,sens-SCC,,34,1.0
hiba,16,0.15,cov-MEL,0.8292682926829268,41,
hiba,16,0.15,sens-MEL,,41,0.9512195121951219
hiba,16,0.15,cov-NV,0.9672131147540983,183,
hiba,16,0.15,cov-BCC,0.8714285714285714,70,
hiba,16,0.15,sens-BCC,,70,0.9857142857142858
hiba,16,0.15,cov-AK,0.6428571428571429,14,
hiba,16,0.15,sens-AK,,14,1.0
hiba,16,0.15,cov-BKL,0.8461538461538461,13,
hiba,16,0.15,cov-DF,0.3,10,
hiba,16,0.15,cov-VASC,0.4,10,
hiba,16,0.15,cov-SCC,0.6470588235294118,34,
hiba,16,0.15,sens-SCC,,34,0.9705882352941176
pad,16,0.05,cov-MEL,1.0,10,
pad,16,0.05,sens-MEL,,10,1.0
pad,16,0.05,cov-NV,0.8181818181818182,11,
pad,16,0.05,cov-BCC,0.9940828402366864,169,
pad,16,0.05,sens-BCC,,169,1.0
pad,16,0.05,cov-AK,1.0,60,
pad,16,0.05,sens-AK,,60,1.0
pad,16,0.05,cov-BKL,0.9090909090909091,11,
pad,16,0.05,cov-SCC,0.9473684210526315,38,
pad,16,0.05,sens-SCC,,38,1.0
pad,16,0.1,cov-MEL,1.0,10,
pad,16,0.1,sens-MEL,,10,1.0
pad,16,0.1,cov-NV,0.8181818181818182,11,
pad,16,0.1,cov-BCC,0.9644970414201184,169,
pad,16,0.1,sens-BCC,,169,1.0
pad,16,0.1,cov-AK,0.9833333333333333,60,
pad,16,0.1,sens-AK,,60,1.0
pad,16,0.1,cov-BKL,0.8181818181818182,11,
pad,16,0.1,cov-SCC,0.868421052631579,38,
pad,16,0.1,sens-SCC,,38,1.0
pad,16,0.15,cov-MEL,0.7,10,
pad,16,0.15,sens-MEL,,10,1.0
pad,16,0.15,cov-NV,0.7272727272727273,11,
pad,16,0.15,cov-BCC,0.9112426035502958,169,
pad,16,0.15,sens-BCC,,169,1.0
pad,16,0.15,cov-AK,0.8666666666666667,60,
pad,16,0.15,sens-AK,,60,1.0
pad,16,0.15,cov-BKL,0.7272727272727273,11,
pad,16,0.15,cov-SCC,0.6578947368421053,38,
pad,16,0.15,sens-SCC,,38,1.0
hiba,17,0.05,cov-MEL,1.0,48,
hiba,17,0.05,sens-MEL,,48,1.0
hiba,17,0.05,cov-NV,1.0,274,
hiba,17,0.05,cov-BCC,1.0,57,
hiba,17,0.05,sens-BCC,,57,1.0
hiba,17,0.05,cov-AK,1.0,13,
hiba,17,0.05,sens-AK,,13,1.0
hiba,17,0.05,cov-BKL,1.0,16,
hiba,17,0.05,cov-DF,0.875,8,
hiba,17,0.05,cov-VASC,1.0,4,
hiba,17,0.05,cov-SCC,0.8695652173913043,23,
hiba,17,0.05,sens-SCC,,23,1.0
hiba,17,0.1,cov-MEL,0.9791666666666666,48,
hiba,17,0.1,sens-MEL,,48,1.0
hiba,17,0.1,cov-NV,1.0,274,
hiba,17,0.1,cov-BCC,0.9824561403508771,57,
hiba,17,0.1,sens-BCC,,57,1.0
hiba,17,0.1,cov-AK,0.9230769230769231,13,
hiba,17,0.1,sens-AK,,13,1.0
hiba,17,0.1,cov-BKL,1.0,16,
hiba,17,0.1,cov-DF,0.75,8,
hiba,17,0.1,cov-VASC,0.75,4,
hiba,17,0.1,cov-SCC,0.8260869565217391,23,
hiba,17,0.1,sens-SCC,,23,1.0
hiba,17,0.15,cov-MEL,0.9791666666666666,48,
hiba,17,0.15,sens-MEL,,48,1.0
hiba,17,0.15,cov-NV,0.9963503649635036,274,
hiba,17,0.15,cov-BCC,0.9473684210526315,57,
hiba,17,0.15,sens-BCC,,57,1.0
hiba,17,0.15,cov-AK,0.9230769230769231,13,
hiba,17,0.15,sens-AK,,13,1.0
hiba,17,0.15,cov-BKL,1.0,16,
hiba,17,0.15,cov-DF,0.5,8,
hiba,17,0.15,cov-VASC,0.5,4,
hiba,17,0.15,cov-SCC,0.7391304347826086,23,
hiba,17,0.15,sens-SCC,,23,1.0
pad,17,0.05,cov-MEL,0.8571428571428571,7,
pad,17,0.05,sens-MEL,,7,1.0
pad,17,0.05,cov-NV,0.875,8,
pad,17,0.05,cov-BCC,0.9719101123595506,178,
pad,17,0.05,sens-BCC,,178,1.0
pad,17,0.05,cov-AK,0.9827586206896551,58,
pad,17,0.05,sens-AK,,58,1.0
pad,17,0.05,cov-BKL,1.0,8,
pad,17,0.05,cov-SCC,0.7878787878787878,33,
pad,17,0.05,sens-SCC,,33,1.0
pad,17,0.1,cov-MEL,0.7142857142857143,7,
pad,17,0.1,sens-MEL,,7,1.0
pad,17,0.1,cov-NV,0.875,8,
pad,17,0.1,cov-BCC,0.9157303370786517,178,
pad,17,0.1,sens-BCC,,178,1.0
pad,17,0.1,cov-AK,0.896551724137931,58,
pad,17,0.1,sens-AK,,58,1.0
pad,17,0.1,cov-BKL,1.0,8,
pad,17,0.1,cov-SCC,0.6666666666666666,33,
pad,17,0.1,sens-SCC,,33,1.0
pad,17,0.15,cov-MEL,0.7142857142857143,7,
pad,17,0.15,sens-MEL,,7,1.0
pad,17,0.15,cov-NV,0.875,8,
pad,17,0.15,cov-BCC,0.8764044943820225,178,
pad,17,0.15,sens-BCC,,178,1.0
pad,17,0.15,cov-AK,0.8448275862068966,58,
pad,17,0.15,sens-AK,,58,1.0
pad,17,0.15,cov-BKL,1.0,8,
pad,17,0.15,cov-SCC,0.5757575757575758,33,
pad,17,0.15,sens-SCC,,33,1.0
hiba,18,0.05,cov-MEL,0.9672131147540983,61,
hiba,18,0.05,sens-MEL,,61,1.0
hiba,18,0.05,cov-NV,1.0,144,
hiba,18,0.05,cov-BCC,1.0,63,
hiba,18,0.05,sens-BCC,,63,1.0
hiba,18,0.05,cov-AK,1.0,10,
hiba,18,0.05,sens-AK,,10,1.0
hiba,18,0.05,cov-BKL,1.0,20,
hiba,18,0.05,cov-DF,0.7333333333333333,15,
hiba,18,0.05,cov-VASC,0.9,10,
hiba,18,0.05,cov-SCC,0.9583333333333334,24,
hiba,18,0.05,sens-SCC,,24,1.0
hiba,18,0.1,cov-MEL,0.9344262295081968,61,
hiba,18,0.1,sens-MEL,,61,0.9836065573770492
hiba,18,0.1,cov-NV,1.0,144,
hiba,18,0.1,cov-BCC,0.9841269841269841,63,
hiba,18,0.1,sens-BCC,,63,1.0
hiba,18,0.1,cov-AK,0.8,10,
hiba,18,0.1,sens-AK,,10,1.0
hiba,18,0.1,cov-BKL,1.0,20,
hiba,18,0.1,cov-DF,0.6,15,
hiba,18,0.1,cov-VASC,0.9,10,
hiba,18,0.1,cov-SCC,0.9166666666666666,24,
hiba,18,0.1,sens-SCC,,24,1.0
hiba,18,0.15,cov-MEL,0.8688524590163934,61,
hiba,18,0.15,sens-MEL,,61,0.9836065573770492
hiba,18,0.15,cov-NV,0.9652777777777778,144,
hiba,18,0.15,cov-BCC,0.9047619047619048,63,
hiba,18,0.15,sens-BCC,,63,1.0
hiba,18,0.15,cov-AK,0.8,10,
hiba,18,0.15,sens-AK,,10,1.0
hiba,18,0.15,cov-BKL,1.0,20,
hiba,18,0.15,cov-DF,0.4,15,
hiba,18,0.15,cov-VASC,0.8,10,
hiba,18,0.15,cov-SCC,0.75,24,
hiba,18,0.15,sens-SCC,,24,1.0
pad,18,0.05,cov-MEL,0.9090909090909091,11,
pad,18,0.05,sens-MEL,,11,1.0
pad,18,0.05,cov-NV,0.9090909090909091,11,
pad,18,0.05,cov-BCC,0.9874213836477987,159,
pad,18,0.05,sens-BCC,,159,1.0
pad,18,0.05,cov-AK,0.9402985074626866,67,
pad,18,0.05,sens-AK,,67,1.0
pad,18,0.05,cov-BKL,1.0,7,
pad,18,0.05,cov-SCC,0.8918918918918919,37,
pad,18,0.05,sens-SCC,,37,1.0
pad,18,0.1,cov-MEL,0.9090909090909091,11,
pad,18,0.1,sens-MEL,,11,1.0
pad,18,0.1,cov-NV,0.9090909090909091,11,
pad,18,0.1,cov-BCC,0.9685534591194969,159,
pad,18,0.1,sens-BCC,,159,1.0
pad,18,0.1,cov-AK,0.9253731343283582,67,
pad,18,0.1,sens-AK,,67,1.0
pad,18,0.1,cov-BKL,1.0,7,
pad,18,0.1,cov-SCC,0.8378378378378378,37,
pad,18,0.1,sens-SCC,,37,1.0
pad,18,0.15,cov-MEL,0.9090909090909091,11,
pad,18,0.15,sens-MEL,,11,1.0
pad,18,0.15,cov-NV,0.8181818181818182,11,
pad,18,0.15,cov-BCC,0.9371069182389937,159,
pad,18,0.15,sens-BCC,,159,1.0
pad,18,0.15,cov-AK,0.9104477611940298,67,
pad,18,0.15,sens-AK,,67,1.0
pad,18,0.15,cov-BKL,0.8571428571428571,7,
pad,18,0.15,cov-SCC,0.6756756756756757,37,
pad,18,0.15,sens-SCC,,37,1.0
hiba,19,0.05,cov-MEL,1.0,46,
hiba,19,0.05,sens-MEL,,46,1.0
hiba,19,0.05,cov-NV,1.0,105,
hiba,19,0.05,cov-BCC,0.9666666666666667,60,
hiba,19,0.05,sens-BCC,,60,1.0
hiba,19,0.05,cov-AK,1.0,9,
hiba,19,0.05,sens-AK,,9,1.0
hiba,19,0.05,cov-BKL,1.0,14,
hiba,19,0.05,cov-DF,0.7272727272727273,11,
hiba,19,0.05,cov-VASC,1.0,6,
hiba,19,0.05,cov-SCC,0.8695652173913043,23,
hiba,19,0.05,sens-SCC,,23,1.0
hiba,19,0.1,cov-MEL,0.9130434782608695,46,
hiba,19,0.1,sens-MEL,,46,1.0
hiba,19,0.1,cov-NV,0.9904761904761905,105,
hiba,19,0.1,cov-BCC,0.9333333333333333,60,
hiba,19,0.1,sens-BCC,,60,1.0
hiba,19,0.1,cov-AK,0.8888888888888888,9,
hiba,19,0.1,sens-AK,,9,1.0
hiba,19,0.1,cov-BKL,1.0,14,
hiba,19,0.1,cov-DF,0.7272727272727273,11,
hiba,19,0.1,cov-VASC,0.6666666666666666,6,
hiba,19,0.1,cov-SCC,0.8260869565217391,23,
hiba,19,0.1,sens-SCC,,23,1.0
hiba,19,0.15,cov-MEL,0.8913043478260869,46,
hiba,19,0.15,sens-MEL,,46,0.9782608695652174
hiba,19,0.15,cov-NV,0.9904761904761905,105,
hiba,19,0.15,cov-BCC,0.9,60,
hiba,19,0.15,sens-BCC,,60,1.0
hiba,19,0.15,cov-AK,0.8888888888888888,9,
hiba,19,0.15,sens-AK,,9,1.0
hiba,19,0.15,cov-BKL,0.9285714285714286,14,
hiba,19,0.15,cov-DF,0.6363636363636364,11,
hiba,19,0.15,cov-VASC,0.6666666666666666,6,
hiba,19,0.15,cov-SCC,0.6956521739130435,23,
hiba,19,0.15,sens-SCC,,23,0.9130434782608695
pad,19,0.05,cov-MEL,1.0,6,
pad,19,0.05,sens-MEL,,6,1.0
pad,19,0.05,cov-NV,1.0,13,
pad,19,0.05,cov-BCC,0.9607843137254902,153,
pad,19,0.05,sens-BCC,,153,1.0
pad,19,0.05,cov-AK,0.9444444444444444,54,
pad,19,0.05,sens-AK,,54,1.0
pad,19,0.05,cov-BKL,1.0,9,
pad,19,0.05,cov-SCC,0.8648648648648649,37,
pad,19,0.05,sens-SCC,,37,1.0
pad,19,0.1,cov-MEL,0.8333333333333334,6,
pad,19,0.1,sens-MEL,,6,1.0
pad,19,0.1,cov-NV,1.0,13,
pad,19,0.1,cov-BCC,0.9215686274509803,153,
pad,19,0.1,sens-BCC,,153,1.0
pad,19,0.1,cov-AK,0.9259259259259259,54,
pad,19,0.1,sens-AK,,54,1.0
pad,19,0.1,cov-BKL,0.8888888888888888,9,
pad,19,0.1,cov-SCC,0.7837837837837838,37,
pad,19,0.1,sens-SCC,,37,1.0
pad,19,0.15,cov-MEL,0.8333333333333334,6,
pad,19,0.15,sens-MEL,,6,1.0
pad,19,0.15,cov-NV,1.0,13,
pad,19,0.15,cov-BCC,0.869281045751634,153,
pad,19,0.15,sens-BCC,,153,1.0
pad,19,0.15,cov-AK,0.8703703703703703,54,
pad,19,0.15,sens-AK,,54,1.0
pad,19,0.15,cov-BKL,0.8888888888888888,9,
pad,19,0.15,cov-SCC,0.7297297297297297,37,
pad,19,0.15,sens-SCC,,37,1.0
hiba,20,0.05,cov-MEL,1.0,49,
hiba,20,0.05,sens-MEL,,49,1.0
hiba,20,0.05,cov-NV,1.0,161,
hiba,20,0.05,cov-BCC,1.0,58,
hiba,20,0.05,sens-BCC,,58,1.0
hiba,20,0.05,cov-AK,1.0,12,
hiba,20,0.05,sens-AK,,12,1.0
hiba,20,0.05,cov-BKL,1.0,17,
hiba,20,0.05,cov-DF,0.625,8,
hiba,20,0.05,cov-VASC,0.8333333333333334,6,
hiba,20,0.05,cov-SCC,0.9130434782608695,23,
hiba,20,0.05,sens-SCC,,23,1.0
hiba,20,0.1,cov-MEL,0.9387755102040817,49,
hiba,20,0.1,sens-MEL,,49,0.9591836734693877
hiba,20,0.1,cov-NV,0.9813664596273292,161,
hiba,20,0.1,cov-BCC,0.9655172413793104,58,
hiba,20,0.1,sens-BCC,,58,1.0
hiba,20,0.1,cov-AK,1.0,12,
hiba,20,0.1,sens-AK,,12,1.0
hiba,20,0.1,cov-BKL,0.8823529411764706,17,
hiba,20,0.1,cov-DF,0.25,8,
hiba,20,0.1,cov-VASC,0.5,6,
hiba,20,0.1,cov-SCC,0.8260869565217391,23,
hiba,20,0.1,sens-SCC,,23,1.0
hiba,20,0.15,cov-MEL,0.9183673469387755,49,
hiba,20,0.15,sens-MEL,,49,0.9591836734693877
hiba,20,0.15,cov-NV,0.9627329192546584,161,
hiba,20,0.15,cov-BCC,0.9482758620689655,58,
hiba,20,0.15,sens-BCC,,58,0.9827586206896551
hiba,20,0.15,cov-AK,0.9166666666666666,12,
hiba,20,0.15,sens-AK,,12,1.0
hiba,20,0.15,cov-BKL,0.8823529411764706,17,
hiba,20,0.15,cov-DF,0.25,8,
hiba,20,0.15,cov-VASC,0.3333333333333333,6,
hiba,20,0.15,cov-SCC,0.6521739130434783,23,
hiba,20,0.15,sens-SCC,,23,1.0
pad,20,0.05,cov-MEL,0.9090909090909091,11,
pad,20,0.05,sens-MEL,,11,1.0
pad,20,0.05,cov-NV,1.0,13,
pad,20,0.05,cov-BCC,0.9671052631578947,152,
pad,20,0.05,sens-BCC,,152,1.0
pad,20,0.05,cov-AK,0.9411764705882353,51,
pad,20,0.05,sens-AK,,51,1.0
pad,20,0.05,cov-BKL,1.0,5,
pad,20,0.05,cov-SCC,0.8,35,
pad,20,0.05,sens-SCC,,35,1.0
pad,20,0.1,cov-MEL,0.9090909090909091,11,
pad,20,0.1,sens-MEL,,11,1.0
pad,20,0.1,cov-NV,1.0,13,
pad,20,0.1,cov-BCC,0.9013157894736842,152,
pad,20,0.1,sens-BCC,,152,1.0
pad,20,0.1,cov-AK,0.8823529411764706,51,
pad,20,0.1,sens-AK,,51,1.0
pad,20,0.1,cov-BKL,1.0,5,
pad,20,0.1,cov-SCC,0.7428571428571429,35,
pad,20,0.1,sens-SCC,,35,1.0
pad,20,0.15,cov-MEL,0.9090909090909091,11,
pad,20,0.15,sens-MEL,,11,1.0
pad,20,0.15,cov-NV,1.0,13,
pad,20,0.15,cov-BCC,0.8618421052631579,152,
pad,20,0.15,sens-BCC,,152,1.0
pad,20,0.15,cov-AK,0.8431372549019608,51,
pad,20,0.15,sens-AK,,51,1.0
pad,20,0.15,cov-BKL,1.0,5,
pad,20,0.15,cov-SCC,0.6857142857142857,35,
pad,20,0.15,sens-SCC,,35,1.0
hiba,21,0.05,cov-MEL,1.0,55,
hiba,21,0.05,sens-MEL,,55,1.0
hiba,21,0.05,cov-NV,1.0,85,
hiba,21,0.05,cov-BCC,1.0,65,
hiba,21,0.05,sens-BCC,,65,1.0
hiba,21,0.05,cov-AK,1.0,13,
hiba,21,0.05,sens-AK,,13,1.0
hiba,21,0.05,cov-BKL,1.0,15,
hiba,21,0.05,cov-DF,0.6923076923076923,13,
hiba,21,0.05,cov-VASC,0.7142857142857143,7,
hiba,21,0.05,cov-SCC,0.85,20,
hiba,21,0.05,sens-SCC,,20,1.0
hiba,21,0.1,cov-MEL,0.9272727272727272,55,
hiba,21,0.1,sens-MEL,,55,0.9636363636363636
hiba,21,0.1,cov-NV,0.9764705882352941,85,
hiba,21,0.1,cov-BCC,0.9846153846153847,65,
hiba,21,0.1,sens-BCC,,65,1.0
hiba,21,0.1,cov-AK,1.0,13,
hiba,21,0.1,sens-AK,,13,1.0
hiba,21,0.1,cov-BKL,0.8666666666666667,15,
hiba,21,0.1,cov-DF,0.46153846153846156,13,
hiba,21,0.1,cov-VASC,0.42857142857142855,7,
hiba,21,0.1,cov-SCC,0.8,20,
hiba,21,0.1,sens-SCC,,20,1.0
hiba,21,0.15,cov-MEL,0.8363636363636363,55,
hiba,21,0.15,sens-MEL,,55,0.9636363636363636
hiba,21,0.15,cov-NV,0.9647058823529412,85,
hiba,21,0.15,cov-BCC,0.8769230769230769,65,
hiba,21,0.15,sens-BCC,,65,1.0
hiba,21,0.15,cov-AK,0.9230769230769231,13,
hiba,21,0.15,sens-AK,,13,1.0
hiba,21,0.15,cov-BKL,0.8,15,
hiba,21,0.15,cov-DF,0.38461538461538464,13,
hiba,21,0.15,cov-VASC,0.2857142857142857,7,
hiba,21,0.15,cov-SCC,0.6,20,
hiba,21,0.15,sens-SCC,,20,0.95
pad,21,0.05,cov-MEL,0.9230769230769231,13,
pad,21,0.05,sens-MEL,,13,1.0
pad,21,0.05,cov-NV,1.0,13,
pad,21,0.05,cov-BCC,0.9556962025316456,158,
pad,21,0.05,sens-BCC,,158,1.0
pad,21,0.05,cov-AK,0.95,60,
pad,21,0.05,sens-AK,,60,1.0
pad,21,0.05,cov-BKL,1.0,7,
pad,21,0.05,cov-SCC,0.896551724137931,29,
pad,21,0.05,sens-SCC,,29,1.0
pad,21,0.1,cov-MEL,0.9230769230769231,13,
pad,21,0.1,sens-MEL,,13,1.0
pad,21,0.1,cov-NV,1.0,13,
pad,21,0.1,cov-BCC,0.9050632911392406,158,
pad,21,0.1,sens-BCC,,158,1.0
pad,21,0.1,cov-AK,0.9,60,
pad,21,0.1,sens-AK,,60,0.9833333333333333
pad,21,0.1,cov-BKL,1.0,7,
pad,21,0.1,cov-SCC,0.8275862068965517,29,
pad,21,0.1,sens-SCC,,29,1.0
pad,21,0.15,cov-MEL,0.8461538461538461,13,
pad,21,0.15,sens-MEL,,13,1.0
pad,21,0.15,cov-NV,0.9230769230769231,13,
pad,21,0.15,cov-BCC,0.8670886075949367,158,
pad,21,0.15,sens-BCC,,158,1.0
pad,21,0.15,cov-AK,0.85,60,
pad,21,0.15,sens-AK,,60,1.0
pad,21,0.15,cov-BKL,1.0,7,
pad,21,0.15,cov-SCC,0.6896551724137931,29,
pad,21,0.15,sens-SCC,,29,1.0
hiba,22,0.05,cov-MEL,0.9795918367346939,49,
hiba,22,0.05,sens-MEL,,49,1.0
hiba,22,0.05,cov-NV,1.0,153,
hiba,22,0.05,cov-BCC,1.0,69,
hiba,22,0.05,sens-BCC,,69,1.0
hiba,22,0.05,cov-AK,0.8333333333333334,18,
hiba,22,0.05,sens-AK,,18,1.0
hiba,22,0.05,cov-BKL,1.0,11,
hiba,22,0.05,cov-DF,0.8333333333333334,6,
hiba,22,0.05,cov-VASC,0.9285714285714286,14,
hiba,22,0.05,cov-SCC,0.8,15,
hiba,22,0.05,sens-SCC,,15,1.0
hiba,22,0.1,cov-MEL,0.9387755102040817,49,
hiba,22,0.1,sens-MEL,,49,0.9795918367346939
hiba,22,0.1,cov-NV,0.9934640522875817,153,
hiba,22,0.1,cov-BCC,0.9420289855072463,69,
hiba,22,0.1,sens-BCC,,69,1.0
hiba,22,0.1,cov-AK,0.7777777777777778,18,
hiba,22,0.1,sens-AK,,18,1.0
hiba,22,0.1,cov-BKL,1.0,11,
hiba,22,0.1,cov-DF,0.6666666666666666,6,
hiba,22,0.1,cov-VASC,0.6428571428571429,14,
hiba,22,0.1,cov-SCC,0.7333333333333333,15,
hiba,22,0.1,sens-SCC,,15,1.0
hiba,22,0.15,cov-MEL,0.9387755102040817,49,
hiba,22,0.15,sens-MEL,,49,0.9795918367346939
hiba,22,0.15,cov-NV,0.9869281045751634,153,
hiba,22,0.15,cov-BCC,0.9130434782608695,69,
hiba,22,0.15,sens-BCC,,69,1.0
hiba,22,0.15,cov-AK,0.7777777777777778,18,
hiba,22,0.15,sens-AK,,18,1.0
hiba,22,0.15,cov-BKL,1.0,11,
hiba,22,0.15,cov-DF,0.5,6,
hiba,22,0.15,cov-VASC,0.6428571428571429,14,
hiba,22,0.15,cov-SCC,0.7333333333333333,15,
hiba,22,0.15,sens-SCC,,15,1.0
pad,22,0.05,cov-MEL,1.0,9,
pad,22,0.05,sens-MEL,,9,1.0
pad,22,0.05,cov-NV,1.0,12,
pad,22,0.05,cov-BCC,0.9939759036144579,166,
pad,22,0.05,sens-BCC,,166,1.0
pad,22,0.05,cov-AK,0.9183673469387755,49,
pad,22,0.05,sens-AK,,49,1.0
pad,22,0.05,cov-BKL,1.0,6,
pad,22,0.05,cov-SCC,0.8461538461538461,39,
pad,22,0.05,sens-SCC,,39,1.0
pad,22,0.1,cov-MEL,1.0,9,
pad,22,0.1,sens-MEL,,9,1.0
pad,22,0.1,cov-NV,1.0,12,
pad,22,0.1,cov-BCC,0.963855421686747,166,
pad,22,0.1,sens-BCC,,166,1.0
pad,22,0.1,cov-AK,0.9183673469387755,49,
pad,22,0.1,sens-AK,,49,1.0
pad,22,0.1,cov-BKL,1.0,6,
pad,22,0.1,cov-SCC,0.8205128205128205,39,
pad,22,0.1,sens-SCC,,39,1.0
pad,22,0.15,cov-MEL,0.8888888888888888,9,
pad,22,0.15,sens-MEL,,9,1.0
pad,22,0.15,cov-NV,1.0,12,
pad,22,0.15,cov-BCC,0.9397590361445783,166,
pad,22,0.15,sens-BCC,,166,1.0
pad,22,0.15,cov-AK,0.8979591836734694,49,
pad,22,0.15,sens-AK,,49,1.0
pad,22,0.15,cov-BKL,1.0,6,
pad,22,0.15,cov-SCC,0.717948717948718,39,
pad,22,0.15,sens-SCC,,39,1.0
hiba,23,0.05,cov-MEL,0.9782608695652174,46,
hiba,23,0.05,sens-MEL,,46,1.0
hiba,23,0.05,cov-NV,1.0,102,
hiba,23,0.05,cov-BCC,1.0,56,
hiba,23,0.05,sens-BCC,,56,1.0
hiba,23,0.05,cov-AK,0.9333333333333333,15,
hiba,23,0.05,sens-AK,,15,1.0
hiba,23,0.05,cov-BKL,1.0,21,
hiba,23,0.05,cov-DF,0.8888888888888888,9,
hiba,23,0.05,cov-VASC,0.8,5,
hiba,23,0.05,cov-SCC,0.8181818181818182,22,
hiba,23,0.05,sens-SCC,,22,1.0
hiba,23,0.1,cov-MEL,0.9565217391304348,46,
hiba,23,0.1,sens-MEL,,46,1.0
hiba,23,0.1,cov-NV,0.9901960784313726,102,
hiba,23,0.1,cov-BCC,1.0,56,
hiba,23,0.1,sens-BCC,,56,1.0
hiba,23,0.1,cov-AK,0.8666666666666667,15,
hiba,23,0.1,sens-AK,,15,1.0
hiba,23,0.1,cov-BKL,1.0,21,
hiba,23,0.1,cov-DF,0.7777777777777778,9,
hiba,23,0.1,cov-VASC,0.8,5,
hiba,23,0.1,cov-SCC,0.7727272727272727,22,
hiba,23,0.1,sens-SCC,,22,1.0
hiba,23,0.15,cov-MEL,0.9565217391304348,46,
hiba,23,0.15,sens-MEL,,46,1.0
hiba,23,0.15,cov-NV,0.9803921568627451,102,
hiba,23,0.15,cov-BCC,0.9642857142857143,56,
hiba,23,0.15,sens-BCC,,56,0.9821428571428571
hiba,23,0.15,cov-AK,0.8,15,
hiba,23,0.15,sens-AK,,15,1.0
hiba,23,0.15,cov-BKL,1.0,21,
hiba,23,0.15,cov-DF,0.1111111111111111,9,
hiba,23,0.15,cov-VASC,0.6,5,
hiba,23,0.15,cov-SCC,0.5909090909090909,22,
hiba,23,0.15,sens-SCC,,22,0.9545454545454546
pad,23,0.05,cov-MEL,1.0,11,
pad,23,0.05,sens-MEL,,11,1.0
pad,23,0.05,cov-NV,1.0,8,
pad,23,0.05,cov-BCC,0.9761904761904762,168,
pad,23,0.05,sens-BCC,,168,1.0
pad,23,0.05,cov-AK,0.9259259259259259,54,
pad,23,0.05,sens-AK,,54,1.0
pad,23,0.05,cov-BKL,1.0,5,
pad,23,0.05,cov-SCC,0.8,35,
pad,23,0.05,sens-SCC,,35,1.0
pad,23,0.1,cov-MEL,1.0,11,
pad,23,0.1,sens-MEL,,11,1.0
pad,23,0.1,cov-NV,1.0,8,
pad,23,0.1,cov-BCC,0.9583333333333334,168,
pad,23,0.1,sens-BCC,,168,1.0
pad,23,0.1,cov-AK,0.9259259259259259,54,
pad,23,0.1,sens-AK,,54,1.0
pad,23,0.1,cov-BKL,0.8,5,
pad,23,0.1,cov-SCC,0.7428571428571429,35,
pad,23,0.1,sens-SCC,,35,1.0
pad,23,0.15,cov-MEL,1.0,11,
pad,23,0.15,sens-MEL,,11,1.0
pad,23,0.15,cov-NV,1.0,8,
pad,23,0.15,cov-BCC,0.9047619047619048,168,
pad,23,0.15,sens-BCC,,168,1.0
pad,23,0.15,cov-AK,0.9259259259259259,54,
pad,23,0.15,sens-AK,,54,1.0
pad,23,0.15,cov-BKL,0.8,5,
pad,23,0.15,cov-SCC,0.6285714285714286,35,
pad,23,0.15,sens-SCC,,35,1.0
hiba,24,0.05,cov-MEL,1.0,39,
hiba,24,0.05,sens-MEL,,39,1.0
hiba,24,0.05,cov-NV,1.0,134,
hiba,24,0.05,cov-BCC,0.9629629629629629,54,
hiba,24,0.05,sens-BCC,,54,1.0
hiba,24,0.05,cov-AK,0.7692307692307693,13,
hiba,24,0.05,sens-AK,,13,1.0
hiba,24,0.05,cov-BKL,1.0,13,
hiba,24,0.05,cov-DF,0.4444444444444444,9,
hiba,24,0.05,cov-VASC,0.75,12,
hiba,24,0.05,cov-SCC,0.8275862068965517,29,
hiba,24,0.05,sens-SCC,,29,1.0
hiba,24,0.1,cov-MEL,0.8717948717948718,39,
hiba,24,0.1,sens-MEL,,39,0.9230769230769231
hiba,24,0.1,cov-NV,0.9850746268656716,134,
hiba,24,0.1,cov-BCC,0.9259259259259259,54,
hiba,24,0.1,sens-BCC,,54,1.0
hiba,24,0.1,cov-AK,0.6153846153846154,13,
hiba,24,0.1,sens-AK,,13,1.0
hiba,24,0.1,cov-BKL,0.8461538461538461,13,
hiba,24,0.1,cov-DF,0.1111111111111111,9,
hiba,24,0.1,cov-VASC,0.6666666666666666,12,
hiba,24,0.1,cov-SCC,0.7241379310344828,29,
hiba,24,0.1,sens-SCC,,29,1.0
hiba,24,0.15,cov-MEL,0.8717948717948718,39,
hiba,24,0.15,sens-MEL,,39,0.8974358974358975
hiba,24,0.15,cov-NV,0.9701492537313433,134,
hiba,24,0.15,cov-BCC,0.8888888888888888,54,
hiba,24,0.15,sens-BCC,,54,0.9814814814814815
hiba,24,0.15,cov-AK,0.6153846153846154,13,
hiba,24,0.15,sens-AK,,13,1.0
hiba,24,0.15,cov-BKL,0.7692307692307693,13,
hiba,24,0.15,cov-DF,0.1111111111111111,9,
hiba,24,0.15,cov-VASC,0.4166666666666667,12,
hiba,24,0.15,cov-SCC,0.7241379310344828,29,
hiba,24,0.15,sens-SCC,,29,0.9655172413793104
pad,24,0.05,cov-MEL,1.0,10,
pad,24,0.05,sens-MEL,,10,1.0
pad,24,0.05,cov-NV,0.8888888888888888,9,
pad,24,0.05,cov-BCC,0.9822485207100592,169,
pad,24,0.05,sens-BCC,,169,1.0
pad,24,0.05,cov-AK,0.9552238805970149,67,
pad,24,0.05,sens-AK,,67,1.0
pad,24,0.05,cov-BKL,1.0,3,
pad,24,0.05,cov-SCC,0.8888888888888888,36,
pad,24,0.05,sens-SCC,,36,1.0
pad,24,0.1,cov-MEL,0.9,10,
pad,24,0.1,sens-MEL,,10,1.0
pad,24,0.1,cov-NV,0.8888888888888888,9,
pad,24,0.1,cov-BCC,0.9349112426035503,169,
pad,24,0.1,sens-BCC,,169,1.0
pad,24,0.1,cov-AK,0.9402985074626866,67,
pad,24,0.1,sens-AK,,67,1.0
pad,24,0.1,cov-BKL,1.0,3,
pad,24,0.1,cov-SCC,0.7777777777777778,36,
pad,24,0.1,sens-SCC,,36,1.0
pad,24,0.15,cov-MEL,0.9,10,
pad,24,0.15,sens-MEL,,10,1.0
pad,24,0.15,cov-NV,0.6666666666666666,9,
pad,24,0.15,cov-BCC,0.893491124260355,169,
pad,24,0.15,sens-BCC,,169,1.0
pad,24,0.15,cov-AK,0.9104477611940298,67,
pad,24,0.15,sens-AK,,67,0.9850746268656716
pad,24,0.15,cov-BKL,0.6666666666666666,3,
pad,24,0.15,cov-SCC,0.7222222222222222,36,
pad,24,0.15,sens-SCC,,36,1.0
hiba,25,0.05,cov-MEL,0.9782608695652174,46,
hiba,25,0.05,sens-MEL,,46,1.0
hiba,25,0.05,cov-NV,1.0,144,
hiba,25,0.05,cov-BCC,0.9827586206896551,58,
hiba,25,0.05,sens-BCC,,58,1.0
hiba,25,0.05,cov-AK,0.8571428571428571,7,
hiba,25,0.05,sens-AK,,7,1.0
hiba,25,0.05,cov-BKL,1.0,28,
hiba,25,0.05,cov-DF,0.625,8,
hiba,25,0.05,cov-VASC,1.0,9,
hiba,25,0.05,cov-SCC,0.9545454545454546,22,
hiba,25,0.05,sens-SCC,,22,1.0
hiba,25,0.1,cov-MEL,0.8695652173913043,46,
hiba,25,0.1,sens-MEL,,46,0.9782608695652174
hiba,25,0.1,cov-NV,1.0,144,
hiba,25,0.1,cov-BCC,0.9655172413793104,58,
hiba,25,0.1,sens-BCC,,58,1.0
hiba,25,0.1,cov-AK,0.5714285714285714,7,
hiba,25,0.1,sens-AK,,7,1.0
hiba,25,0.1,cov-BKL,1.0,28,
hiba,25,0.1,cov-DF,0.625,8,
hiba,25,0.1,cov-VASC,0.6666666666666666,9,
hiba,25,0.1,cov-SCC,0.9090909090909091,22,
hiba,25,0.1,sens-SCC,,22,1.0
hiba,25,0.15,cov-MEL,0.8478260869565217,46,
hiba,25,0.15,sens-MEL,,46,0.9565217391304348
hiba,25,0.15,cov-NV,0.9930555555555556,144,
hiba,25,0.15,cov-BCC,0.8275862068965517,58,
hiba,25,0.15,sens-BCC,,58,0.9655172413793104
hiba,25,0.15,cov-AK,0.42857142857142855,7,
hiba,25,0.15,sens-AK,,7,1.0
hiba,25,0.15,cov-BKL,0.8928571428571429,28,
hiba,25,0.15,cov-DF,0.625,8,
hiba,25,0.15,cov-VASC,0.6666666666666666,9,
hiba,25,0.15,cov-SCC,0.8181818181818182,22,
hiba,25,0.15,sens-SCC,,22,1.0
pad,25,0.05,cov-MEL,1.0,8,
pad,25,0.05,sens-MEL,,8,1.0
pad,25,0.05,cov-NV,1.0,7,
pad,25,0.05,cov-BCC,1.0,154,
pad,25,0.05,sens-BCC,,154,1.0
pad,25,0.05,cov-AK,0.9791666666666666,48,
pad,25,0.05,sens-AK,,48,1.0
pad,25,0.05,cov-BKL,1.0,6,
pad,25,0.05,cov-SCC,0.9534883720930233,43,
pad,25,0.05,sens-SCC,,43,1.0
pad,25,0.1,cov-MEL,1.0,8,
pad,25,0.1,sens-MEL,,8,1.0
pad,25,0.1,cov-NV,1.0,7,
pad,25,0.1,cov-BCC,0.974025974025974,154,
pad,25,0.1,sens-BCC,,154,1.0
pad,25,0.1,cov-AK,0.9583333333333334,48,
pad,25,0.1,sens-AK,,48,1.0
pad,25,0.1,cov-BKL,1.0,6,
pad,25,0.1,cov-SCC,0.813953488372093,43,
pad,25,0.1,sens-SCC,,43,1.0
pad,25,0.15,cov-MEL,1.0,8,
pad,25,0.15,sens-MEL,,8,1.0
pad,25,0.15,cov-NV,0.8571428571428571,7,
pad,25,0.15,cov-BCC,0.9155844155844156,154,
pad,25,0.15,sens-BCC,,154,1.0
pad,25,0.15,cov-AK,0.8958333333333334,48,
pad,25,0.15,sens-AK,,48,1.0
pad,25,0.15,cov-BKL,0.8333333333333334,6,
pad,25,0.15,cov-SCC,0.7674418604651163,43,
pad,25,0.15,sens-SCC,,43,1.0
hiba,26,0.05,cov-MEL,0.9795918367346939,49,
hiba,26,0.05,sens-MEL,,49,1.0
hiba,26,0.05,cov-NV,1.0,195,
hiba,26,0.05,cov-BCC,1.0,68,
hiba,26,0.05,sens-BCC,,68,1.0
hiba,26,0.05,cov-AK,0.6923076923076923,13,
hiba,26,0.05,sens-AK,,13,1.0
hiba,26,0.05,cov-BKL,1.0,24,
hiba,26,0.05,cov-DF,0.6875,16,
hiba,26,0.05,cov-VASC,0.8461538461538461,13,
hiba,26,0.05,cov-SCC,0.9259259259259259,27,
hiba,26,0.05,sens-SCC,,27,1.0
hiba,26,0.1,cov-MEL,0.8775510204081632,49,
hiba,26,0.1,sens-MEL,,49,0.9387755102040817
hiba,26,0.1,cov-NV,0.9948717948717949,195,
hiba,26,0.1,cov-BCC,0.9852941176470589,68,
hiba,26,0.1,sens-BCC,,68,1.0
hiba,26,0.1,cov-AK,0.6923076923076923,13,
hiba,26,0.1,sens-AK,,13,1.0
hiba,26,0.1,cov-BKL,0.9583333333333334,24,
hiba,26,0.1,cov-DF,0.625,16,
hiba,26,0.1,cov-VASC,0.6923076923076923,13,
hiba,26,0.1,cov-SCC,0.9259259259259259,27,
hiba,26,0.1,sens-SCC,,27,1.0
hiba,26,0.15,cov-MEL,0.8163265306122449,49,
hiba,26,0.15,sens-MEL,,49,0.9183673469387755
hiba,26,0.15,cov-NV,0.9743589743589743,195,
hiba,26,0.15,cov-BCC,0.9411764705882353,68,
hiba,26,0.15,sens-BCC,,68,1.0
hiba,26,0.15,cov-AK,0.6923076923076923,13,
hiba,26,0.15,sens-AK,,13,1.0
hiba,26,0.15,cov-BKL,0.7916666666666666,24,
hiba,26,0.15,cov-DF,0.375,16,
hiba,26,0.15,cov-VASC,0.38461538461538464,13,
hiba,26,0.15,cov-SCC,0.8518518518518519,27,
hiba,26,0.15,sens-SCC,,27,1.0
pad,26,0.05,cov-MEL,1.0,7,
pad,26,0.05,sens-MEL,,7,1.0
pad,26,0.05,cov-NV,1.0,8,
pad,26,0.05,cov-BCC,0.9776536312849162,179,
pad,26,0.05,sens-BCC,,179,1.0
pad,26,0.05,cov-AK,0.94,50,
pad,26,0.05,sens-AK,,50,1.0
pad,26,0.05,cov-BKL,1.0,6,
pad,26,0.05,cov-SCC,0.8205128205128205,39,
pad,26,0.05,sens-SCC,,39,1.0
pad,26,0.1,cov-MEL,1.0,7,
pad,26,0.1,sens-MEL,,7,1.0
pad,26,0.1,cov-NV,1.0,8,
pad,26,0.1,cov-BCC,0.9050279329608939,179,
pad,26,0.1,sens-BCC,,179,1.0
pad,26,0.1,cov-AK,0.88,50,
pad,26,0.1,sens-AK,,50,1.0
pad,26,0.1,cov-BKL,1.0,6,
pad,26,0.1,cov-SCC,0.7435897435897436,39,
pad,26,0.1,sens-SCC,,39,1.0
pad,26,0.15,cov-MEL,1.0,7,
pad,26,0.15,sens-MEL,,7,1.0
pad,26,0.15,cov-NV,0.875,8,
pad,26,0.15,cov-BCC,0.8938547486033519,179,
pad,26,0.15,sens-BCC,,179,1.0
pad,26,0.15,cov-AK,0.84,50,
pad,26,0.15,sens-AK,,50,1.0
pad,26,0.15,cov-BKL,1.0,6,
pad,26,0.15,cov-SCC,0.717948717948718,39,
pad,26,0.15,sens-SCC,,39,1.0
hiba,27,0.05,cov-MEL,0.9130434782608695,46,
hiba,27,0.05,sens-MEL,,46,1.0
hiba,27,0.05,cov-NV,1.0,209,
hiba,27,0.05,cov-BCC,1.0,52,
hiba,27,0.05,sens-BCC,,52,1.0
hiba,27,0.05,cov-AK,0.7142857142857143,14,
hiba,27,0.05,sens-AK,,14,1.0
hiba,27,0.05,cov-BKL,1.0,17,
hiba,27,0.05,cov-DF,0.6666666666666666,9,
hiba,27,0.05,cov-VASC,0.9444444444444444,18,
hiba,27,0.05,cov-SCC,0.7647058823529411,34,
hiba,27,0.05,sens-SCC,,34,1.0
hiba,27,0.1,cov-MEL,0.8913043478260869,46,
hiba,27,0.1,sens-MEL,,46,0.9565217391304348
hiba,27,0.1,cov-NV,0.9952153110047847,209,
hiba,27,0.1,cov-BCC,1.0,52,
hiba,27,0.1,sens-BCC,,52,1.0
hiba,27,0.1,cov-AK,0.6428571428571429,14,
hiba,27,0.1,sens-AK,,14,1.0
hiba,27,0.1,cov-BKL,0.8823529411764706,17,
hiba,27,0.1,cov-DF,0.3333333333333333,9,
hiba,27,0.1,cov-VASC,0.8333333333333334,18,
hiba,27,0.1,cov-SCC,0.7058823529411765,34,
hiba,27,0.1,sens-SCC,,34,1.0
hiba,27,0.15,cov-MEL,0.8695652173913043,46,
hiba,27,0.15,sens-MEL,,46,0.9565217391304348
hiba,27,0.15,cov-NV,0.9856459330143541,209,
hiba,27,0.15,cov-BCC,0.9615384615384616,52,
hiba,27,0.15,sens-BCC,,52,0.9807692307692307
hiba,27,0.15,cov-AK,0.5714285714285714,14,
hiba,27,0.15,sens-AK,,14,1.0
hiba,27,0.15,cov-BKL,0.8235294117647058,17,
hiba,27,0.15,cov-DF,0.2222222222222222,9,
hiba,27,0.15,cov-VASC,0.7222222222222222,18,
hiba,27,0.15,cov-SCC,0.5882352941176471,34,
hiba,27,0.15,sens-SCC,,34,0.9705882352941176
pad,27,0.05,cov-MEL,0.9333333333333333,15,
pad,27,0.05,sens-MEL,,15,1.0
pad,27,0.05,cov-NV,1.0,15,
pad,27,0.05,cov-BCC,0.9807692307692307,156,
pad,27,0.05,sens-BCC,,156,1.0
pad,27,0.05,cov-AK,0.9333333333333333,60,
pad,27,0.05,sens-AK,,60,1.0
pad,27,0.05,cov-BKL,1.0,7,
pad,27,0.05,cov-SCC,0.8666666666666667,30,
pad,27,0.05,sens-SCC,,30,1.0
pad,27,0.1,cov-MEL,0.8666666666666667,15,
pad,27,0.1,sens-MEL,,15,1.0
pad,27,0.1,cov-NV,0.8666666666666667,15,
pad,27,0.1,cov-BCC,0.9294871794871795,156,
pad,27,0.1,sens-BCC,,156,1.0
pad,27,0.1,cov-AK,0.8666666666666667,60,
pad,27,0.1,sens-AK,,60,1.0
pad,27,0.1,cov-BKL,0.8571428571428571,7,
pad,27,0.1,cov-SCC,0.7666666666666667,30,
pad,27,0.1,sens-SCC,,30,1.0
pad,27,0.15,cov-MEL,0.8,15,
pad,27,0.15,sens-MEL,,15,1.0
pad,27,0.15,cov-NV,0.8,15,
pad,27,0.15,cov-BCC,0.8717948717948718,156,
pad,27,0.15,sens-BCC,,156,1.0
pad,27,0.15,cov-AK,0.85,60,
pad,27,0.15,sens-AK,,60,1.0
pad,27,0.15,cov-BKL,0.8571428571428571,7,
pad,27,0.15,cov-SCC,0.6,30,
pad,27,0.15,sens-SCC,,30,1.0
hiba,28,0.05,cov-MEL,0.9615384615384616,52,
hiba,28,0.05,sens-MEL,,52,1.0
hiba,28,0.05,cov-NV,1.0,116,
hiba,28,0.05,cov-BCC,1.0,71,
hiba,28,0.05,sens-BCC,,71,1.0
hiba,28,0.05,cov-AK,1.0,12,
hiba,28,0.05,sens-AK,,12,1.0
hiba,28,0.05,cov-BKL,1.0,15,
hiba,28,0.05,cov-DF,0.7272727272727273,11,
hiba,28,0.05,cov-VASC,1.0,8,
hiba,28,0.05,cov-SCC,0.8928571428571429,28,
hiba,28,0.05,sens-SCC,,28,1.0
hiba,28,0.1,cov-MEL,0.9423076923076923,52,
hiba,28,0.1,sens-MEL,,52,1.0
hiba,28,0.1,cov-NV,1.0,116,
hiba,28,0.1,cov-BCC,0.971830985915493,71,
hiba,28,0.1,sens-BCC,,71,1.0
hiba,28,0.1,cov-AK,0.9166666666666666,12,
hiba,28,0.1,sens-AK,,12,1.0
hiba,28,0.1,cov-BKL,1.0,15,
hiba,28,0.1,cov-DF,0.7272727272727273,11,
hiba,28,0.1,cov-VASC,1.0,8,
hiba,28,0.1,cov-SCC,0.8214285714285714,28,
hiba,28,0.1,sens-SCC,,28,1.0
hiba,28,0.15,cov-MEL,0.8269230769230769,52,
hiba,28,0.15,sens-MEL,,52,1.0
hiba,28,0.15,cov-NV,1.0,116,
hiba,28,0.15,cov-BCC,0.8873239436619719,71,
hiba,28,0.15,sens-BCC,,71,0.9859154929577465
hiba,28,0.15,cov-AK,0.8333333333333334,12,
hiba,28,0.15,sens-AK,,12,1.0
hiba,28,0.15,cov-BKL,1.0,15,
hiba,28,0.15,cov-DF,0.5454545454545454,11,
hiba,28,0.15,cov-VASC,1.0,8,
hiba,28,0.15,cov-SCC,0.7142857142857143,28,
hiba,28,0.15,sens-SCC,,28,1.0
pad,28,0.05,cov-MEL,1.0,13,
pad,28,0.05,sens-MEL,,13,1.0
pad,28,0.05,cov-NV,1.0,14,
pad,28,0.05,cov-BCC,0.9880239520958084,167,
pad,28,0.05,sens-BCC,,167,1.0
pad,28,0.05,cov-AK,0.9538461538461539,65,
pad,28,0.05,sens-AK,,65,1.0
pad,28,0.05,cov-BKL,1.0,8,
pad,28,0.05,cov-SCC,0.875,40,
pad,28,0.05,sens-SCC,,40,1.0
pad,28,0.1,cov-MEL,0.8461538461538461,13,
pad,28,0.1,sens-MEL,,13,1.0
pad,28,0.1,cov-NV,1.0,14,
pad,28,0.1,cov-BCC,0.9161676646706587,167,
pad,28,0.1,sens-BCC,,167,1.0
pad,28,0.1,cov-AK,0.8923076923076924,65,
pad,28,0.1,sens-AK,,65,0.9692307692307692
pad,28,0.1,cov-BKL,1.0,8,
pad,28,0.1,cov-SCC,0.625,40,
pad,28,0.1,sens-SCC,,40,1.0
pad,28,0.15,cov-MEL,0.8461538461538461,13,
pad,28,0.15,sens-MEL,,13,1.0
pad,28,0.15,cov-NV,1.0,14,
pad,28,0.15,cov-BCC,0.8682634730538922,167,
pad,28,0.15,sens-BCC,,167,1.0
pad,28,0.15,cov-AK,0.8769230769230769,65,
pad,28,0.15,sens-AK,,65,1.0
pad,28,0.15,cov-BKL,1.0,8,
pad,28,0.15,cov-SCC,0.55,40,
pad,28,0.15,sens-SCC,,40,1.0
hiba,29,0.05,cov-MEL,0.9795918367346939,49,
hiba,29,0.05,sens-MEL,,49,1.0
hiba,29,0.05,cov-NV,1.0,187,
hiba,29,0.05,cov-BCC,1.0,55,
hiba,29,0.05,sens-BCC,,55,1.0
hiba,29,0.05,cov-AK,0.7,10,
hiba,29,0.05,sens-AK,,10,1.0
hiba,29,0.05,cov-BKL,1.0,23,
hiba,29,0.05,cov-DF,0.75,16,
hiba,29,0.05,cov-VASC,0.9444444444444444,18,
hiba,29,0.05,cov-SCC,0.8571428571428571,28,
hiba,29,0.05,sens-SCC,,28,1.0
hiba,29,0.1,cov-MEL,0.9387755102040817,49,
hiba,29,0.1,sens-MEL,,49,1.0
hiba,29,0.1,cov-NV,1.0,187,
hiba,29,0.1,cov-BCC,0.9818181818181818,55,
hiba,29,0.1,sens-BCC,,55,1.0
hiba,29,0.1,cov-AK,0.6,10,
hiba,29,0.1,sens-AK,,10,1.0
hiba,29,0.1,cov-BKL,1.0,23,
hiba,29,0.1,cov-DF,0.5625,16,
hiba,29,0.1,cov-VASC,0.7222222222222222,18,
hiba,29,0.1,cov-SCC,0.8571428571428571,28,
hiba,29,0.1,sens-SCC,,28,1.0
hiba,29,0.15,cov-MEL,0.8571428571428571,49,
hiba,29,0.15,sens-MEL,,49,0.9795918367346939
hiba,29,0.15,cov-NV,1.0,187,
hiba,29,0.15,cov-BCC,0.8909090909090909,55,
hiba,29,0.15,sens-BCC,,55,0.9818181818181818
hiba,29,0.15,cov-AK,0.6,10,
hiba,29,0.15,sens-AK,,10,1.0
hiba,29,0.15,cov-BKL,0.9130434782608695,23,
hiba,29,0.15,cov-DF,0.375,16,
hiba,29,0.15,cov-VASC,0.6666666666666666,18,
hiba,29,0.15,cov-SCC,0.7142857142857143,28,
hiba,29,0.15,sens-SCC,,28,1.0
pad,29,0.05,cov-MEL,0.9,10,
pad,29,0.05,sens-MEL,,10,1.0
pad,29,0.05,cov-NV,1.0,9,
pad,29,0.05,cov-BCC,0.9634146341463414,164,
pad,29,0.05,sens-BCC,,164,1.0
pad,29,0.05,cov-AK,0.9230769230769231,65,
pad,29,0.05,sens-AK,,65,1.0
pad,29,0.05,cov-BKL,1.0,9,
pad,29,0.05,cov-SCC,0.8947368421052632,38,
pad,29,0.05,sens-SCC,,38,1.0
pad,29,0.1,cov-MEL,0.8,10,
pad,29,0.1,sens-MEL,,10,1.0
pad,29,0.1,cov-NV,1.0,9,
pad,29,0.1,cov-BCC,0.8841463414634146,164,
pad,29,0.1,sens-BCC,,164,1.0
pad,29,0.1,cov-AK,0.8307692307692308,65,
pad,29,0.1,sens-AK,,65,1.0
pad,29,0.1,cov-BKL,0.8888888888888888,9,
pad,29,0.1,cov-SCC,0.6842105263157895,38,
pad,29,0.1,sens-SCC,,38,1.0
pad,29,0.15,cov-MEL,0.8,10,
pad,29,0.15,sens-MEL,,10,1.0
pad,29,0.15,cov-NV,1.0,9,
pad,29,0.15,cov-BCC,0.8780487804878049,164,
pad,29,0.15,sens-BCC,,164,1.0
pad,29,0.15,cov-AK,0.7846153846153846,65,
pad,29,0.15,sens-AK,,65,1.0
pad,29,0.15,cov-BKL,0.8888888888888888,9,
pad,29,0.15,cov-SCC,0.5789473684210527,38,
pad,29,0.15,sens-SCC,,38,1.0
hiba,30,0.05,cov-MEL,1.0,52,
hiba,30,0.05,sens-MEL,,52,1.0
hiba,30,0.05,cov-NV,1.0,182,
hiba,30,0.05,cov-BCC,1.0,58,
hiba,30,0.05,sens-BCC,,58,1.0
hiba,30,0.05,cov-AK,1.0,12,
hiba,30,0.05,sens-AK,,12,1.0
hiba,30,0.05,cov-BKL,1.0,15,
hiba,30,0.05,cov-DF,0.6153846153846154,13,
hiba,30,0.05,cov-VASC,0.5,6,
hiba,30,0.05,cov-SCC,0.9393939393939394,33,
hiba,30,0.05,sens-SCC,,33,1.0
hiba,30,0.1,cov-MEL,0.8653846153846154,52,
hiba,30,0.1,sens-MEL,,52,0.9423076923076923
hiba,30,0.1,cov-NV,0.9945054945054945,182,
hiba,30,0.1,cov-BCC,0.9655172413793104,58,
hiba,30,0.1,sens-BCC,,58,1.0
hiba,30,0.1,cov-AK,0.9166666666666666,12,
hiba,30,0.1,sens-AK,,12,1.0
hiba,30,0.1,cov-BKL,1.0,15,
hiba,30,0.1,cov-DF,0.38461538461538464,13,
hiba,30,0.1,cov-VASC,0.5,6,
hiba,30,0.1,cov-SCC,0.8181818181818182,33,
hiba,30,0.1,sens-SCC,,33,1.0
hiba,30,0.15,cov-MEL,0.8653846153846154,52,
hiba,30,0.15,sens-MEL,,52,0.9230769230769231
hiba,30,0.15,cov-NV,0.9725274725274725,182,
hiba,30,0.15,cov-BCC,0.9137931034482759,58,
hiba,30,0.15,sens-BCC,,58,0.9827586206896551
hiba,30,0.15,cov-AK,0.8333333333333334,12,
hiba,30,0.15,sens-AK,,12,1.0
hiba,30,0.15,cov-BKL,1.0,15,
hiba,30,0.15,cov-DF,0.23076923076923078,13,
hiba,30,0.15,cov-VASC,0.5,6,
hiba,30,0.15,cov-SCC,0.7272727272727273,33,
hiba,30,0.15,sens-SCC,,33,0.9696969696969697
pad,30,0.05,cov-MEL,1.0,12,
pad,30,0.05,sens-MEL,,12,1.0
pad,30,0.05,cov-NV,1.0,4,
pad,30,0.05,cov-BCC,0.9833333333333333,180,
pad,30,0.05,sens-BCC,,180,1.0
pad,30,0.05,cov-AK,0.9253731343283582,67,
pad,30,0.05,sens-AK,,67,1.0
pad,30,0.05,cov-BKL,1.0,7,
pad,30,0.05,cov-SCC,1.0,29,
pad,30,0.05,sens-SCC,,29,1.0
pad,30,0.1,cov-MEL,1.0,12,
pad,30,0.1,sens-MEL,,12,1.0
pad,30,0.1,cov-NV,1.0,4,
pad,30,0.1,cov-BCC,0.9166666666666666,180,
pad,30,0.1,sens-BCC,,180,1.0
pad,30,0.1,cov-AK,0.8507462686567164,67,
pad,30,0.1,sens-AK,,67,0.9850746268656716
pad,30,0.1,cov-BKL,1.0,7,
pad,30,0.1,cov-SCC,0.8620689655172413,29,
pad,30,0.1,sens-SCC,,29,1.0
pad,30,0.15,cov-MEL,1.0,12,
pad,30,0.15,sens-MEL,,12,1.0
pad,30,0.15,cov-NV,1.0,4,
pad,30,0.15,cov-BCC,0.8888888888888888,180,
pad,30,0.15,sens-BCC,,180,1.0
pad,30,0.15,cov-AK,0.8507462686567164,67,
pad,30,0.15,sens-AK,,67,1.0
pad,30,0.15,cov-BKL,1.0,7,
pad,30,0.15,cov-SCC,0.8620689655172413,29,
pad,30,0.15,sens-SCC,,29,1.0
hiba,31,0.05,cov-MEL,1.0,45,
hiba,31,0.05,sens-MEL,,45,1.0
hiba,31,0.05,cov-NV,1.0,135,
hiba,31,0.05,cov-BCC,1.0,69,
hiba,31,0.05,sens-BCC,,69,1.0
hiba,31,0.05,cov-AK,0.8,15,
hiba,31,0.05,sens-AK,,15,1.0
hiba,31,0.05,cov-BKL,1.0,16,
hiba,31,0.05,cov-DF,0.6666666666666666,12,
hiba,31,0.05,cov-VASC,0.8333333333333334,12,
hiba,31,0.05,cov-SCC,0.9523809523809523,21,
hiba,31,0.05,sens-SCC,,21,1.0
hiba,31,0.1,cov-MEL,0.9777777777777777,45,
hiba,31,0.1,sens-MEL,,45,1.0
hiba,31,0.1,cov-NV,0.9925925925925926,135,
hiba,31,0.1,cov-BCC,0.9420289855072463,69,
hiba,31,0.1,sens-BCC,,69,1.0
hiba,31,0.1,cov-AK,0.7333333333333333,15,
hiba,31,0.1,sens-AK,,15,1.0
hiba,31,0.1,cov-BKL,0.875,16,
hiba,31,0.1,cov-DF,0.4166666666666667,12,
hiba,31,0.1,cov-VASC,0.6666666666666666,12,
hiba,31,0.1,cov-SCC,0.8571428571428571,21,
hiba,31,0.1,sens-SCC,,21,1.0
hiba,31,0.15,cov-MEL,0.9555555555555556,45,
hiba,31,0.15,sens-MEL,,45,1.0
hiba,31,0.15,cov-NV,0.9925925925925926,135,
hiba,31,0.15,cov-BCC,0.927536231884058,69,
hiba,31,0.15,sens-BCC,,69,1.0
hiba,31,0.15,cov-AK,0.6666666666666666,15,
hiba,31,0.15,sens-AK,,15,1.0
hiba,31,0.15,cov-BKL,0.875,16,
hiba,31,0.15,cov-DF,0.4166666666666667,12,
hiba,31,0.15,cov-VASC,0.5,12,
hiba,31,0.15,cov-SCC,0.7142857142857143,21,
hiba,31,0.15,sens-SCC,,21,1.0
pad,31,0.05,cov-MEL,0.9230769230769231,13,
pad,31,0.05,sens-MEL,,13,1.0
pad,31,0.05,cov-NV,1.0,9,
pad,31,0.05,cov-BCC,0.9797297297297297,148,
pad,31,0.05,sens-BCC,,148,1.0
pad,31,0.05,cov-AK,0.9642857142857143,56,
pad,31,0.05,sens-AK,,56,1.0
pad,31,0.05,cov-BKL,1.0,3,
pad,31,0.05,cov-SCC,0.84375,32,
pad,31,0.05,sens-SCC,,32,1.0
pad,31,0.1,cov-MEL,0.9230769230769231,13,
pad,31,0.1,sens-MEL,,13,1.0
pad,31,0.1,cov-NV,0.7777777777777778,9,
pad,31,0.1,cov-BCC,0.9527027027027027,148,
pad,31,0.1,sens-BCC,,148,1.0
pad,31,0.1,cov-AK,0.9642857142857143,56,
pad,31,0.1,sens-AK,,56,1.0
pad,31,0.1,cov-BKL,0.6666666666666666,3,
pad,31,0.1,cov-SCC,0.84375,32,
pad,31,0.1,sens-SCC,,32,1.0
pad,31,0.15,cov-MEL,0.8461538461538461,13,
pad,31,0.15,sens-MEL,,13,1.0
pad,31,0.15,cov-NV,0.6666666666666666,9,
pad,31,0.15,cov-BCC,0.8986486486486487,148,
pad,31,0.15,sens-BCC,,148,1.0
pad,31,0.15,cov-AK,0.8928571428571429,56,
pad,31,0.15,sens-AK,,56,1.0
pad,31,0.15,cov-BKL,0.6666666666666666,3,
pad,31,0.15,cov-SCC,0.71875,32,
pad,31,0.15,sens-SCC,,32,1.0
hiba,32,0.05,cov-MEL,0.9782608695652174,46,
hiba,32,0.05,sens-MEL,,46,1.0
hiba,32,0.05,cov-NV,1.0,91,
hiba,32,0.05,cov-BCC,0.9875,80,
hiba,32,0.05,sens-BCC,,80,1.0
hiba,32,0.05,cov-AK,0.8,15,
hiba,32,0.05,sens-AK,,15,1.0
hiba,32,0.05,cov-BKL,1.0,19,
hiba,32,0.05,cov-DF,0.9166666666666666,12,
hiba,32,0.05,cov-VASC,1.0,11,
hiba,32,0.05,cov-SCC,0.8260869565217391,23,
hiba,32,0.05,sens-SCC,,23,1.0
hiba,32,0.1,cov-MEL,0.9782608695652174,46,
hiba,32,0.1,sens-MEL,,46,1.0
hiba,32,0.1,cov-NV,1.0,91,
hiba,32,0.1,cov-BCC,0.9625,80,
hiba,32,0.1,sens-BCC,,80,1.0
hiba,32,0.1,cov-AK,0.7333333333333333,15,
hiba,32,0.1,sens-AK,,15,1.0
hiba,32,0.1,cov-BKL,0.9473684210526315,19,
hiba,32,0.1,cov-DF,0.5,12,
hiba,32,0.1,cov-VASC,0.5454545454545454,11,
hiba,32,0.1,cov-SCC,0.8260869565217391,23,
hiba,32,0.1,sens-SCC,,23,1.0
hiba,32,0.15,cov-MEL,0.9347826086956522,46,
hiba,32,0.15,sens-MEL,,46,1.0
hiba,32,0.15,cov-NV,1.0,91,
hiba,32,0.15,cov-BCC,0.9,80,
hiba,32,0.15,sens-BCC,,80,1.0
hiba,32,0.15,cov-AK,0.7333333333333333,15,
hiba,32,0.15,sens-AK,,15,1.0
hiba,32,0.15,cov-BKL,0.8947368421052632,19,
hiba,32,0.15,cov-DF,0.4166666666666667,12,
hiba,32,0.15,cov-VASC,0.5454545454545454,11,
hiba,32,0.15,cov-SCC,0.782608695652174,23,
hiba,32,0.15,sens-SCC,,23,0.9565217391304348
pad,32,0.05,cov-MEL,0.875,8,
pad,32,0.05,sens-MEL,,8,1.0
pad,32,0.05,cov-NV,0.9230769230769231,13,
pad,32,0.05,cov-BCC,0.9885057471264368,174,
pad,32,0.05,sens-BCC,,174,1.0
pad,32,0.05,cov-AK,0.9655172413793104,58,
pad,32,0.05,sens-AK,,58,1.0
pad,32,0.05,cov-BKL,1.0,8,
pad,32,0.05,cov-SCC,0.9230769230769231,26,
pad,32,0.05,sens-SCC,,26,1.0
pad,32,0.1,cov-MEL,0.875,8,
pad,32,0.1,sens-MEL,,8,1.0
pad,32,0.1,cov-NV,0.9230769230769231,13,
pad,32,0.1,cov-BCC,0.9540229885057471,174,
pad,32,0.1,sens-BCC,,174,1.0
pad,32,0.1,cov-AK,0.9482758620689655,58,
pad,32,0.1,sens-AK,,58,1.0
pad,32,0.1,cov-BKL,1.0,8,
pad,32,0.1,cov-SCC,0.8846153846153846,26,
pad,32,0.1,sens-SCC,,26,1.0
pad,32,0.15,cov-MEL,0.75,8,
pad,32,0.15,sens-MEL,,8,1.0
pad,32,0.15,cov-NV,0.9230769230769231,13,
pad,32,0.15,cov-BCC,0.9137931034482759,174,
pad,32,0.15,sens-BCC,,174,1.0
pad,32,0.15,cov-AK,0.896551724137931,58,
pad,32,0.15,sens-AK,,58,1.0
pad,32,0.15,cov-BKL,1.0,8,
pad,32,0.15,cov-SCC,0.8076923076923077,26,
pad,32,0.15,sens-SCC,,26,1.0
hiba,33,0.05,cov-MEL,0.9818181818181818,55,
hiba,33,0.05,sens-MEL,,55,1.0
hiba,33,0.05,cov-NV,1.0,238,
hiba,33,0.05,cov-BCC,1.0,52,
hiba,33,0.05,sens-BCC,,52,1.0
hiba,33,0.05,cov-AK,1.0,11,
hiba,33,0.05,sens-AK,,11,1.0
hiba,33,0.05,cov-BKL,1.0,9,
hiba,33,0.05,cov-DF,0.6,10,
hiba,33,0.05,cov-VASC,1.0,8,
hiba,33,0.05,cov-SCC,0.8214285714285714,28,
hiba,33,0.05,sens-SCC,,28,1.0
hiba,33,0.1,cov-MEL,0.9272727272727272,55,
hiba,33,0.1,sens-MEL,,55,0.9818181818181818
hiba,33,0.1,cov-NV,0.9957983193277311,238,
hiba,33,0.1,cov-BCC,0.9423076923076923,52,
hiba,33,0.1,sens-BCC,,52,1.0
hiba,33,0.1,cov-AK,0.9090909090909091,11,
hiba,33,0.1,sens-AK,,11,1.0
hiba,33,0.1,cov-BKL,1.0,9,
hiba,33,0.1,cov-DF,0.4,10,
hiba,33,0.1,cov-VASC,0.625,8,
hiba,33,0.1,cov-SCC,0.75,28,
hiba,33,0.1,sens-SCC,,28,1.0
hiba,33,0.15,cov-MEL,0.8909090909090909,55,
hiba,33,0.15,sens-MEL,,55,0.9636363636363636
hiba,33,0.15,cov-NV,0.9915966386554622,238,
hiba,33,0.15,cov-BCC,0.9038461538461539,52,
hiba,33,0.15,sens-BCC,,52,1.0
hiba,33,0.15,cov-AK,0.8181818181818182,11,
hiba,33,0.15,sens-AK,,11,1.0
hiba,33,0.15,cov-BKL,1.0,9,
hiba,33,0.15,cov-DF,0.2,10,
hiba,33,0.15,cov-VASC,0.375,8,
hiba,33,0.15,cov-SCC,0.6785714285714286,28,
hiba,33,0.15,sens-SCC,,28,0.9285714285714286
pad,33,0.05,cov-MEL,1.0,7,
pad,33,0.05,sens-MEL,,7,1.0
pad,33,0.05,cov-NV,0.7142857142857143,7,
pad,33,0.05,cov-BCC,0.9802631578947368,152,
pad,33,0.05,sens-BCC,,152,1.0
pad,33,0.05,cov-AK,0.9302325581395349,43,
pad,33,0.05,sens-AK,,43,1.0
pad,33,0.05,cov-BKL,0.8333333333333334,6,
pad,33,0.05,cov-SCC,0.8620689655172413,29,
pad,33,0.05,sens-SCC,,29,1.0
pad,33,0.1,cov-MEL,1.0,7,
pad,33,0.1,sens-MEL,,7,1.0
pad,33,0.1,cov-NV,0.7142857142857143,7,
pad,33,0.1,cov-BCC,0.9210526315789473,152,
pad,33,0.1,sens-BCC,,152,1.0
pad,33,0.1,cov-AK,0.9069767441860465,43,
pad,33,0.1,sens-AK,,43,1.0
pad,33,0.1,cov-BKL,0.8333333333333334,6,
pad,33,0.1,cov-SCC,0.8275862068965517,29,
pad,33,0.1,sens-SCC,,29,1.0
pad,33,0.15,cov-MEL,1.0,7,
pad,33,0.15,sens-MEL,,7,1.0
pad,33,0.15,cov-NV,0.5714285714285714,7,
pad,33,0.15,cov-BCC,0.8552631578947368,152,
pad,33,0.15,sens-BCC,,152,1.0
pad,33,0.15,cov-AK,0.9069767441860465,43,
pad,33,0.15,sens-AK,,43,0.9767441860465116
pad,33,0.15,cov-BKL,0.8333333333333334,6,
pad,33,0.15,cov-SCC,0.6896551724137931,29,
pad,33,0.15,sens-SCC,,29,1.0
hiba,34,0.05,cov-MEL,0.9782608695652174,46,
hiba,34,0.05,sens-MEL,,46,1.0
hiba,34,0.05,cov-NV,1.0,142,
hiba,34,0.05,cov-BCC,0.9482758620689655,58,
hiba,34,0.05,sens-BCC,,58,1.0
hiba,34,0.05,cov-AK,0.75,16,
hiba,34,0.05,sens-AK,,16,1.0
hiba,34,0.05,cov-BKL,1.0,20,
hiba,34,0.05,cov-DF,0.5882352941176471,17,
hiba,34,0.05,cov-VASC,0.6875,16,
hiba,34,0.05,cov-SCC,0.7692307692307693,26,
hiba,34,0.05,sens-SCC,,26,1.0
hiba,34,0.1,cov-MEL,0.8913043478260869,46,
hiba,34,0.1,sens-MEL,,46,0.9347826086956522
hiba,34,0.1,cov-NV,0.9929577464788732,142,
hiba,34,0.1,cov-BCC,0.9482758620689655,58,
hiba,34,0.1,sens-BCC,,58,1.0
hiba,34,0.1,cov-AK,0.6875,16,
hiba,34,0.1,sens-AK,,16,1.0
hiba,34,0.1,cov-BKL,0.95,20,
hiba,34,0.1,cov-DF,0.35294117647058826,17,
hiba,34,0.1,cov-VASC,0.625,16,
hiba,34,0.1,cov-SCC,0.6923076923076923,26,
hiba,34,0.1,sens-SCC,,26,1.0
hiba,34,0.15,cov-MEL,0.8913043478260869,46,
hiba,34,0.15,sens-MEL,,46,0.9347826086956522
hiba,34,0.15,cov-NV,0.9647887323943662,142,
hiba,34,0.15,cov-BCC,0.896551724137931,58,
hiba,34,0.15,sens-BCC,,58,1.0
hiba,34,0.15,cov-AK,0.6875,16,
hiba,34,0.15,sens-AK,,16,1.0
hiba,34,0.15,cov-BKL,0.8,20,
hiba,34,0.15,cov-DF,0.23529411764705882,17,
hiba,34,0.15,cov-VASC,0.5625,16,
hiba,34,0.15,cov-SCC,0.6153846153846154,26,
hiba,34,0.15,sens-SCC,,26,1.0
pad,34,0.05,cov-MEL,0.9,10,
pad,34,0.05,sens-MEL,,10,1.0
pad,34,0.05,cov-NV,1.0,16,
pad,34,0.05,cov-BCC,0.9875,160,
pad,34,0.05,sens-BCC,,160,1.0
pad,34,0.05,cov-AK,0.9454545454545454,55,
pad,34,0.05,sens-AK,,55,1.0
pad,34,0.05,cov-BKL,1.0,10,
pad,34,0.05,cov-SCC,0.9318181818181818,44,
pad,34,0.05,sens-SCC,,44,1.0
pad,34,0.1,cov-MEL,0.8,10,
pad,34,0.1,sens-MEL,,10,1.0
pad,34,0.1,cov-NV,1.0,16,
pad,34,0.1,cov-BCC,0.95,160,
pad,34,0.1,sens-BCC,,160,1.0
pad,34,0.1,cov-AK,0.9090909090909091,55,
pad,34,0.1,sens-AK,,55,1.0
pad,34,0.1,cov-BKL,1.0,10,
pad,34,0.1,cov-SCC,0.8181818181818182,44,
pad,34,0.1,sens-SCC,,44,1.0
pad,34,0.15,cov-MEL,0.8,10,
pad,34,0.15,sens-MEL,,10,1.0
pad,34,0.15,cov-NV,1.0,16,
pad,34,0.15,cov-BCC,0.91875,160,
pad,34,0.15,sens-BCC,,160,1.0
pad,34,0.15,cov-AK,0.8909090909090909,55,
pad,34,0.15,sens-AK,,55,1.0
pad,34,0.15,cov-BKL,0.9,10,
pad,34,0.15,cov-SCC,0.7045454545454546,44,
pad,34,0.15,sens-SCC,,44,1.0
hiba,35,0.05,cov-MEL,0.9767441860465116,43,
hiba,35,0.05,sens-MEL,,43,1.0
hiba,35,0.05,cov-NV,1.0,143,
hiba,35,0.05,cov-BCC,0.9759036144578314,83,
hiba,35,0.05,sens-BCC,,83,1.0
hiba,35,0.05,cov-AK,1.0,7,
hiba,35,0.05,sens-AK,,7,1.0
hiba,35,0.05,cov-BKL,1.0,18,
hiba,35,0.05,cov-DF,0.9285714285714286,14,
hiba,35,0.05,cov-VASC,1.0,14,
hiba,35,0.05,cov-SCC,0.7333333333333333,15,
hiba,35,0.05,sens-SCC,,15,1.0
hiba,35,0.1,cov-MEL,0.8837209302325582,43,
hiba,35,0.1,sens-MEL,,43,0.9767441860465116
hiba,35,0.1,cov-NV,1.0,143,
hiba,35,0.1,cov-BCC,0.9156626506024096,83,
hiba,35,0.1,sens-BCC,,83,1.0
hiba,35,0.1,cov-AK,1.0,7,
hiba,35,0.1,sens-AK,,7,1.0
hiba,35,0.1,cov-BKL,1.0,18,
hiba,35,0.1,cov-DF,0.5714285714285714,14,
hiba,35,0.1,cov-VASC,0.9285714285714286,14,
hiba,35,0.1,cov-SCC,0.6,15,
hiba,35,0.1,sens-SCC,,15,1.0
hiba,35,0.15,cov-MEL,0.8372093023255814,43,
hiba,35,0.15,sens-MEL,,43,0.9534883720930233
hiba,35,0.15,cov-NV,0.9790209790209791,143,
hiba,35,0.15,cov-BCC,0.8433734939759037,83,
hiba,35,0.15,sens-BCC,,83,0.9759036144578314
hiba,35,0.15,cov-AK,0.8571428571428571,7,
hiba,35,0.15,sens-AK,,7,1.0
hiba,35,0.15,cov-BKL,1.0,18,
hiba,35,0.15,cov-DF,0.42857142857142855,14,
hiba,35,0.15,cov-VASC,0.8571428571428571,14,
hiba,35,0.15,cov-SCC,0.4666666666666667,15,
hiba,35,0.15,sens-SCC,,15,0.9333333333333333
pad,35,0.05,cov-MEL,1.0,10,
pad,35,0.05,sens-MEL,,10,1.0
pad,35,0.05,cov-NV,1.0,8,
pad,35,0.05,cov-BCC,0.9931506849315068,146,
pad,35,0.05,sens-BCC,,146,1.0
pad,35,0.05,cov-AK,0.9344262295081968,61,
pad,35,0.05,sens-AK,,61,1.0
pad,35,0.05,cov-BKL,1.0,9,
pad,35,0.05,cov-SCC,0.9111111111111111,45,
pad,35,0.05,sens-SCC,,45,1.0
pad,35,0.1,cov-MEL,1.0,10,
pad,35,0.1,sens-MEL,,10,1.0
pad,35,0.1,cov-NV,1.0,8,
pad,35,0.1,cov-BCC,0.958904109589041,146,
pad,35,0.1,sens-BCC,,146,1.0
pad,35,0.1,cov-AK,0.9344262295081968,61,
pad,35,0.1,sens-AK,,61,1.0
pad,35,0.1,cov-BKL,0.8888888888888888,9,
pad,35,0.1,cov-SCC,0.7777777777777778,45,
pad,35,0.1,sens-SCC,,45,1.0
pad,35,0.15,cov-MEL,0.9,10,
pad,35,0.15,sens-MEL,,10,1.0
pad,35,0.15,cov-NV,0.875,8,
pad,35,0.15,cov-BCC,0.9246575342465754,146,
pad,35,0.15,sens-BCC,,146,1.0
pad,35,0.15,cov-AK,0.8688524590163934,61,
pad,35,0.15,sens-AK,,61,1.0
pad,35,0.15,cov-BKL,0.8888888888888888,9,
pad,35,0.15,cov-SCC,0.6888888888888889,45,
pad,35,0.15,sens-SCC,,45,1.0
hiba,36,0.05,cov-MEL,1.0,63,
hiba,36,0.05,sens-MEL,,63,1.0
hiba,36,0.05,cov-NV,1.0,91,
hiba,36,0.05,cov-BCC,1.0,68,
hiba,36,0.05,sens-BCC,,68,1.0
hiba,36,0.05,cov-AK,0.8421052631578947,19,
hiba,36,0.05,sens-AK,,19,1.0
hiba,36,0.05,cov-BKL,1.0,22,
hiba,36,0.05,cov-DF,0.7272727272727273,11,
hiba,36,0.05,cov-VASC,0.8,10,
hiba,36,0.05,cov-SCC,0.9583333333333334,24,
hiba,36,0.05,sens-SCC,,24,1.0
hiba,36,0.1,cov-MEL,0.9682539682539683,63,
hiba,36,0.1,sens-MEL,,63,0.9841269841269841
hiba,36,0.1,cov-NV,1.0,91,
hiba,36,0.1,cov-BCC,1.0,68,
hiba,36,0.1,sens-BCC,,68,1.0
hiba,36,0.1,cov-AK,0.7894736842105263,19,
hiba,36,0.1,sens-AK,,19,1.0
hiba,36,0.1,cov-BKL,1.0,22,
hiba,36,0.1,cov-DF,0.5454545454545454,11,
hiba,36,0.1,cov-VASC,0.6,10,
hiba,36,0.1,cov-SCC,0.9166666666666666,24,
hiba,36,0.1,sens-SCC,,24,1.0
hiba,36,0.15,cov-MEL,0.9206349206349206,63,
hiba,36,0.15,sens-MEL,,63,0.9841269841269841
hiba,36,0.15,cov-NV,1.0,91,
hiba,36,0.15,cov-BCC,0.9411764705882353,68,
hiba,36,0.15,sens-BCC,,68,1.0
hiba,36,0.15,cov-AK,0.7894736842105263,19,
hiba,36,0.15,sens-AK,,19,1.0
hiba,36,0.15,cov-BKL,0.9090909090909091,22,
hiba,36,0.15,cov-DF,0.36363636363636365,11,
hiba,36,0.15,cov-VASC,0.6,10,
hiba,36,0.15,cov-SCC,0.8333333333333334,24,
hiba,36,0.15,sens-SCC,,24,1.0
pad,36,0.05,cov-MEL,1.0,7,
pad,36,0.05,sens-MEL,,7,1.0
pad,36,0.05,cov-NV,1.0,9,
pad,36,0.05,cov-BCC,1.0,174,
pad,36,0.05,sens-BCC,,174,1.0
pad,36,0.05,cov-AK,0.9622641509433962,53,
pad,36,0.05,sens-AK,,53,1.0
pad,36,0.05,cov-BKL,1.0,7,
pad,36,0.05,cov-SCC,1.0,28,
pad,36,0.05,sens-SCC,,28,1.0
pad,36,0.1,cov-MEL,1.0,7,
pad,36,0.1,sens-MEL,,7,1.0
pad,36,0.1,cov-NV,1.0,9,
pad,36,0.1,cov-BCC,0.9367816091954023,174,
pad,36,0.1,sens-BCC,,174,1.0
pad,36,0.1,cov-AK,0.9245283018867925,53,
pad,36,0.1,sens-AK,,53,1.0
pad,36,0.1,cov-BKL,1.0,7,
pad,36,0.1,cov-SCC,0.8571428571428571,28,
pad,36,0.1,sens-SCC,,28,1.0
pad,36,0.15,cov-MEL,0.8571428571428571,7,
pad,36,0.15,sens-MEL,,7,1.0
pad,36,0.15,cov-NV,0.8888888888888888,9,
pad,36,0.15,cov-BCC,0.896551724137931,174,
pad,36,0.15,sens-BCC,,174,1.0
pad,36,0.15,cov-AK,0.8301886792452831,53,
pad,36,0.15,sens-AK,,53,1.0
pad,36,0.15,cov-BKL,1.0,7,
pad,36,0.15,cov-SCC,0.6428571428571429,28,
pad,36,0.15,sens-SCC,,28,1.0
hiba,37,0.05,cov-MEL,1.0,49,
hiba,37,0.05,sens-MEL,,49,1.0
hiba,37,0.05,cov-NV,1.0,139,
hiba,37,0.05,cov-BCC,1.0,60,
hiba,37,0.05,sens-BCC,,60,1.0
hiba,37,0.05,cov-AK,1.0,8,
hiba,37,0.05,sens-AK,,8,1.0
hiba,37,0.05,cov-BKL,1.0,24,
hiba,37,0.05,cov-DF,0.6,10,
hiba,37,0.05,cov-VASC,0.8333333333333334,6,
hiba,37,0.05,cov-SCC,0.84375,32,
hiba,37,0.05,sens-SCC,,32,1.0
hiba,37,0.1,cov-MEL,0.9795918367346939,49,
hiba,37,0.1,sens-MEL,,49,1.0
hiba,37,0.1,cov-NV,1.0,139,
hiba,37,0.1,cov-BCC,0.9333333333333333,60,
hiba,37,0.1,sens-BCC,,60,1.0
hiba,37,0.1,cov-AK,0.75,8,
hiba,37,0.1,sens-AK,,8,1.0
hiba,37,0.1,cov-BKL,1.0,24,
hiba,37,0.1,cov-DF,0.4,10,
hiba,37,0.1,cov-VASC,0.8333333333333334,6,
hiba,37,0.1,cov-SCC,0.84375,32,
hiba,37,0.1,sens-SCC,,32,1.0
hiba,37,0.15,cov-MEL,0.8775510204081632,49,
hiba,37,0.15,sens-MEL,,49,0.9795918367346939
hiba,37,0.15,cov-NV,1.0,139,
hiba,37,0.15,cov-BCC,0.8666666666666667,60,
hiba,37,0.15,sens-BCC,,60,0.9833333333333333
hiba,37,0.15,cov-AK,0.75,8,
hiba,37,0.15,sens-AK,,8,1.0
hiba,37,0.15,cov-BKL,1.0,24,
hiba,37,0.15,cov-DF,0.4,10,
hiba,37,0.15,cov-VASC,0.6666666666666666,6,
hiba,37,0.15,cov-SCC,0.8125,32,
hiba,37,0.15,sens-SCC,,32,1.0
pad,37,0.05,cov-MEL,1.0,8,
pad,37,0.05,sens-MEL,,8,1.0
pad,37,0.05,cov-NV,1.0,15,
pad,37,0.05,cov-BCC,0.9826589595375722,173,
pad,37,0.05,sens-BCC,,173,1.0
pad,37,0.05,cov-AK,0.8936170212765957,47,
pad,37,0.05,sens-AK,,47,1.0
pad,37,0.05,cov-BKL,1.0,11,
pad,37,0.05,cov-SCC,0.8846153846153846,26,
pad,37,0.05,sens-SCC,,26,1.0
pad,37,0.1,cov-MEL,0.875,8,
pad,37,0.1,sens-MEL,,8,1.0
pad,37,0.1,cov-NV,1.0,15,
pad,37,0.1,cov-BCC,0.8959537572254336,173,
pad,37,0.1,sens-BCC,,173,1.0
pad,37,0.1,cov-AK,0.8297872340425532,47,
pad,37,0.1,sens-AK,,47,1.0
pad,37,0.1,cov-BKL,1.0,11,
pad,37,0.1,cov-SCC,0.7307692307692307,26,
pad,37,0.1,sens-SCC,,26,1.0
pad,37,0.15,cov-MEL,0.875,8,
pad,37,0.15,sens-MEL,,8,1.0
pad,37,0.15,cov-NV,1.0,15,
pad,37,0.15,cov-BCC,0.861271676300578,173,
pad,37,0.15,sens-BCC,,173,1.0
pad,37,0.15,cov-AK,0.7872340425531915,47,
pad,37,0.15,sens-AK,,47,0.9787234042553191
pad,37,0.15,cov-BKL,1.0,11,
pad,37,0.15,cov-SCC,0.6153846153846154,26,
pad,37,0.15,sens-SCC,,26,1.0
hiba,38,0.05,cov-MEL,0.9795918367346939,49,
hiba,38,0.05,sens-MEL,,49,1.0
hiba,38,0.05,cov-NV,1.0,168,
hiba,38,0.05,cov-BCC,0.9871794871794872,78,
hiba,38,0.05,sens-BCC,,78,1.0
hiba,38,0.05,cov-AK,0.7333333333333333,15,
hiba,38,0.05,sens-AK,,15,1.0
hiba,38,0.05,cov-BKL,1.0,16,
hiba,38,0.05,cov-DF,0.7777777777777778,9,
hiba,38,0.05,cov-VASC,0.9285714285714286,14,
hiba,38,0.05,cov-SCC,0.9230769230769231,26,
hiba,38,0.05,sens-SCC,,26,1.0
hiba,38,0.1,cov-MEL,0.9591836734693877,49,
hiba,38,0.1,sens-MEL,,49,1.0
hiba,38,0.1,cov-NV,1.0,168,
hiba,38,0.1,cov-BCC,0.9615384615384616,78,
hiba,38,0.1,sens-BCC,,78,1.0
hiba,38,0.1,cov-AK,0.7333333333333333,15,
hiba,38,0.1,sens-AK,,15,1.0
hiba,38,0.1,cov-BKL,1.0,16,
hiba,38,0.1,cov-DF,0.7777777777777778,9,
hiba,38,0.1,cov-VASC,0.5714285714285714,14,
hiba,38,0.1,cov-SCC,0.8461538461538461,26,
hiba,38,0.1,sens-SCC,,26,1.0
hiba,38,0.15,cov-MEL,0.9183673469387755,49,
hiba,38,0.15,sens-MEL,,49,1.0
hiba,38,0.15,cov-NV,0.9940476190476191,168,
hiba,38,0.15,cov-BCC,0.8846153846153846,78,
hiba,38,0.15,sens-BCC,,78,0.9871794871794872
hiba,38,0.15,cov-AK,0.7333333333333333,15,
hiba,38,0.15,sens-AK,,15,1.0
hiba,38,0.15,cov-BKL,0.9375,16,
hiba,38,0.15,cov-DF,0.6666666666666666,9,
hiba,38,0.15,cov-VASC,0.5714285714285714,14,
hiba,38,0.15,cov-SCC,0.7692307692307693,26,
hiba,38,0.15,sens-SCC,,26,1.0
pad,38,0.05,cov-MEL,1.0,12,
pad,38,0.05,sens-MEL,,12,1.0
pad,38,0.05,cov-NV,1.0,9,
pad,38,0.05,cov-BCC,0.9870967741935484,155,
pad,38,0.05,sens-BCC,,155,1.0
pad,38,0.05,cov-AK,0.9322033898305084,59,
pad,38,0.05,sens-AK,,59,1.0
pad,38,0.05,cov-BKL,1.0,6,
pad,38,0.05,cov-SCC,0.9310344827586207,29,
pad,38,0.05,sens-SCC,,29,1.0
pad,38,0.1,cov-MEL,1.0,12,
pad,38,0.1,sens-MEL,,12,1.0
pad,38,0.1,cov-NV,1.0,9,
pad,38,0.1,cov-BCC,0.9354838709677419,155,
pad,38,0.1,sens-BCC,,155,1.0
pad,38,0.1,cov-AK,0.9152542372881356,59,
pad,38,0.1,sens-AK,,59,1.0
pad,38,0.1,cov-BKL,0.8333333333333334,6,
pad,38,0.1,cov-SCC,0.8620689655172413,29,
pad,38,0.1,sens-SCC,,29,1.0
pad,38,0.15,cov-MEL,1.0,12,
pad,38,0.15,sens-MEL,,12,1.0
pad,38,0.15,cov-NV,1.0,9,
pad,38,0.15,cov-BCC,0.896774193548387,155,
pad,38,0.15,sens-BCC,,155,1.0
pad,38,0.15,cov-AK,0.864406779661017,59,
pad,38,0.15,sens-AK,,59,1.0
pad,38,0.15,cov-BKL,0.8333333333333334,6,
pad,38,0.15,cov-SCC,0.8275862068965517,29,
pad,38,0.15,sens-SCC,,29,1.0
hiba,39,0.05,cov-MEL,0.975609756097561,41,
hiba,39,0.05,sens-MEL,,41,1.0
hiba,39,0.05,cov-NV,1.0,204,
hiba,39,0.05,cov-BCC,0.9830508474576272,59,
hiba,39,0.05,sens-BCC,,59,1.0
hiba,39,0.05,cov-AK,1.0,9,
hiba,39,0.05,sens-AK,,9,1.0
hiba,39,0.05,cov-BKL,1.0,6,
hiba,39,0.05,cov-DF,0.8888888888888888,9,
hiba,39,0.05,cov-VASC,1.0,5,
hiba,39,0.05,cov-SCC,0.7941176470588235,34,
hiba,39,0.05,sens-SCC,,34,1.0
hiba,39,0.1,cov-MEL,0.926829268292683,41,
hiba,39,0.1,sens-MEL,,41,1.0
hiba,39,0.1,cov-NV,1.0,204,
hiba,39,0.1,cov-BCC,0.8813559322033898,59,
hiba,39,0.1,sens-BCC,,59,1.0
hiba,39,0.1,cov-AK,0.8888888888888888,9,
hiba,39,0.1,sens-AK,,9,1.0
hiba,39,0.1,cov-BKL,1.0,6,
hiba,39,0.1,cov-DF,0.8888888888888888,9,
hiba,39,0.1,cov-VASC,0.6,5,
hiba,39,0.1,cov-SCC,0.6176470588235294,34,
hiba,39,0.1,sens-SCC,,34,1.0
hiba,39,0.15,cov-MEL,0.8780487804878049,41,
hiba,39,0.15,sens-MEL,,41,1.0
hiba,39,0.15,cov-NV,0.9754901960784313,204,
hiba,39,0.15,cov-BCC,0.8305084745762712,59,
hiba,39,0.15,sens-BCC,,59,0.9830508474576272
hiba,39,0.15,cov-AK,0.8888888888888888,9,
hiba,39,0.15,sens-AK,,9,1.0
hiba,39,0.15,cov-BKL,1.0,6,
hiba,39,0.15,cov-DF,0.2222222222222222,9,
hiba,39,0.15,cov-VASC,0.4,5,
hiba,39,0.15,cov-SCC,0.5294117647058824,34,
hiba,39,0.15,sens-SCC,,34,0.9705882352941176
pad,39,0.05,cov-MEL,1.0,10,
pad,39,0.05,sens-MEL,,10,1.0
pad,39,0.05,cov-NV,0.8461538461538461,13,
pad,39,0.05,cov-BCC,0.9870967741935484,155,
pad,39,0.05,sens-BCC,,155,1.0
pad,39,0.05,cov-AK,0.9565217391304348,46,
pad,39,0.05,sens-AK,,46,1.0
pad,39,0.05,cov-BKL,0.8,5,
pad,39,0.05,cov-SCC,0.7948717948717948,39,
pad,39,0.05,sens-SCC,,39,1.0
pad,39,0.1,cov-MEL,1.0,10,
pad,39,0.1,sens-MEL,,10,1.0
pad,39,0.1,cov-NV,0.7692307692307693,13,
pad,39,0.1,cov-BCC,0.9483870967741935,155,
pad,39,0.1,sens-BCC,,155,1.0
pad,39,0.1,cov-AK,0.9565217391304348,46,
pad,39,0.1,sens-AK,,46,1.0
pad,39,0.1,cov-BKL,0.6,5,
pad,39,0.1,cov-SCC,0.7948717948717948,39,
pad,39,0.1,sens-SCC,,39,1.0
pad,39,0.15,cov-MEL,1.0,10,
pad,39,0.15,sens-MEL,,10,1.0
pad,39,0.15,cov-NV,0.7692307692307693,13,
pad,39,0.15,cov-BCC,0.896774193548387,155,
pad,39,0.15,sens-BCC,,155,1.0
pad,39,0.15,cov-AK,0.9347826086956522,46,
pad,39,0.15,sens-AK,,46,1.0
pad,39,0.15,cov-BKL,0.6,5,
pad,39,0.15,cov-SCC,0.6666666666666666,39,
pad,39,0.15,sens-SCC,,39,1.0
hiba,40,0.05,cov-MEL,1.0,45,
hiba,40,0.05,sens-MEL,,45,1.0
hiba,40,0.05,cov-NV,1.0,179,
hiba,40,0.05,cov-BCC,1.0,58,
hiba,40,0.05,sens-BCC,,58,1.0
hiba,40,0.05,cov-AK,1.0,14,
hiba,40,0.05,sens-AK,,14,1.0
hiba,40,0.05,cov-BKL,1.0,21,
hiba,40,0.05,cov-DF,0.875,8,
hiba,40,0.05,cov-VASC,1.0,10,
hiba,40,0.05,cov-SCC,0.875,32,
hiba,40,0.05,sens-SCC,,32,1.0
hiba,40,0.1,cov-MEL,1.0,45,
hiba,40,0.1,sens-MEL,,45,1.0
hiba,40,0.1,cov-NV,0.994413407821229,179,
hiba,40,0.1,cov-BCC,0.9655172413793104,58,
hiba,40,0.1,sens-BCC,,58,1.0
hiba,40,0.1,cov-AK,0.9285714285714286,14,
hiba,40,0.1,sens-AK,,14,1.0
hiba,40,0.1,cov-BKL,1.0,21,
hiba,40,0.1,cov-DF,0.75,8,
hiba,40,0.1,cov-VASC,0.7,10,
hiba,40,0.1,cov-SCC,0.8125,32,
hiba,40,0.1,sens-SCC,,32,1.0
hiba,40,0.15,cov-MEL,0.9555555555555556,45,
hiba,40,0.15,sens-MEL,,45,1.0
hiba,40,0.15,cov-NV,0.9888268156424581,179,
hiba,40,0.15,cov-BCC,0.9655172413793104,58,
hiba,40,0.15,sens-BCC,,58,1.0
hiba,40,0.15,cov-AK,0.9285714285714286,14,
hiba,40,0.15,sens-AK,,14,1.0
hiba,40,0.15,cov-BKL,0.9047619047619048,21,
hiba,40,0.15,cov-DF,0.625,8,
hiba,40,0.15,cov-VASC,0.7,10,
hiba,40,0.15,cov-SCC,0.71875,32,
hiba,40,0.15,sens-SCC,,32,1.0
pad,40,0.05,cov-MEL,0.9,10,
pad,40,0.05,sens-MEL,,10,1.0
pad,40,0.05,cov-NV,1.0,9,
pad,40,0.05,cov-BCC,0.9871794871794872,156,
pad,40,0.05,sens-BCC,,156,1.0
pad,40,0.05,cov-AK,0.9714285714285714,70,
pad,40,0.05,sens-AK,,70,1.0
pad,40,0.05,cov-BKL,1.0,9,
pad,40,0.05,cov-SCC,0.8857142857142857,35,
pad,40,0.05,sens-SCC,,35,1.0
pad,40,0.1,cov-MEL,0.9,10,
pad,40,0.1,sens-MEL,,10,1.0
pad,40,0.1,cov-NV,1.0,9,
pad,40,0.1,cov-BCC,0.967948717948718,156,
pad,40,0.1,sens-BCC,,156,1.0
pad,40,0.1,cov-AK,0.9428571428571428,70,
pad,40,0.1,sens-AK,,70,1.0
pad,40,0.1,cov-BKL,0.8888888888888888,9,
pad,40,0.1,cov-SCC,0.8,35,
pad,40,0.1,sens-SCC,,35,1.0
pad,40,0.15,cov-MEL,0.9,10,
pad,40,0.15,sens-MEL,,10,1.0
pad,40,0.15,cov-NV,1.0,9,
pad,40,0.15,cov-BCC,0.9230769230769231,156,
pad,40,0.15,sens-BCC,,156,1.0
pad,40,0.15,cov-AK,0.9142857142857143,70,
pad,40,0.15,sens-AK,,70,1.0
pad,40,0.15,cov-BKL,0.8888888888888888,9,
pad,40,0.15,cov-SCC,0.7142857142857143,35,
pad,40,0.15,sens-SCC,,35,1.0
hiba,41,0.05,cov-MEL,0.9722222222222222,36,
hiba,41,0.05,sens-MEL,,36,1.0
hiba,41,0.05,cov-NV,1.0,172,
hiba,41,0.05,cov-BCC,0.961038961038961,77,
hiba,41,0.05,sens-BCC,,77,1.0
hiba,41,0.05,cov-AK,0.8888888888888888,9,
hiba,41,0.05,sens-AK,,9,1.0
hiba,41,0.05,cov-BKL,1.0,19,
hiba,41,0.05,cov-DF,0.8823529411764706,17,
hiba,41,0.05,cov-VASC,1.0,8,
hiba,41,0.05,cov-SCC,0.92,25,
hiba,41,0.05,sens-SCC,,25,1.0
hiba,41,0.1,cov-MEL,0.9722222222222222,36,
hiba,41,0.1,sens-MEL,,36,1.0
hiba,41,0.1,cov-NV,0.9941860465116279,172,
hiba,41,0.1,cov-BCC,0.9090909090909091,77,
hiba,41,0.1,sens-BCC,,77,1.0
hiba,41,0.1,cov-AK,0.8888888888888888,9,
hiba,41,0.1,sens-AK,,9,1.0
hiba,41,0.1,cov-BKL,1.0,19,
hiba,41,0.1,cov-DF,0.5882352941176471,17,
hiba,41,0.1,cov-VASC,0.875,8,
hiba,41,0.1,cov-SCC,0.88,25,
hiba,41,0.1,sens-SCC,,25,1.0
hiba,41,0.15,cov-MEL,0.9444444444444444,36,
hiba,41,0.15,sens-MEL,,36,1.0
hiba,41,0.15,cov-NV,0.9941860465116279,172,
hiba,41,0.15,cov-BCC,0.8961038961038961,77,
hiba,41,0.15,sens-BCC,,77,1.0
hiba,41,0.15,cov-AK,0.8888888888888888,9,
hiba,41,0.15,sens-AK,,9,1.0
hiba,41,0.15,cov-BKL,0.8947368421052632,19,
hiba,41,0.15,cov-DF,0.35294117647058826,17,
hiba,41,0.15,cov-VASC,0.625,8,
hiba,41,0.15,cov-SCC,0.84,25,
hiba,41,0.15,sens-SCC,,25,1.0
pad,41,0.05,cov-MEL,0.8888888888888888,9,
pad,41,0.05,sens-MEL,,9,1.0
pad,41,0.05,cov-NV,1.0,13,
pad,41,0.05,cov-BCC,0.9636363636363636,165,
pad,41,0.05,sens-BCC,,165,1.0
pad,41,0.05,cov-AK,0.9365079365079365,63,
pad,41,0.05,sens-AK,,63,1.0
pad,41,0.05,cov-BKL,1.0,10,
pad,41,0.05,cov-SCC,0.8571428571428571,35,
pad,41,0.05,sens-SCC,,35,1.0
pad,41,0.1,cov-MEL,0.8888888888888888,9,
pad,41,0.1,sens-MEL,,9,1.0
pad,41,0.1,cov-NV,1.0,13,
pad,41,0.1,cov-BCC,0.9333333333333333,165,
pad,41,0.1,sens-BCC,,165,1.0
pad,41,0.1,cov-AK,0.9206349206349206,63,
pad,41,0.1,sens-AK,,63,1.0
pad,41,0.1,cov-BKL,1.0,10,
pad,41,0.1,cov-SCC,0.8,35,
pad,41,0.1,sens-SCC,,35,1.0
pad,41,0.15,cov-MEL,0.7777777777777778,9,
pad,41,0.15,sens-MEL,,9,1.0
pad,41,0.15,cov-NV,1.0,13,
pad,41,0.15,cov-BCC,0.9030303030303031,165,
pad,41,0.15,sens-BCC,,165,1.0
pad,41,0.15,cov-AK,0.8412698412698413,63,
pad,41,0.15,sens-AK,,63,1.0
pad,41,0.15,cov-BKL,0.9,10,
pad,41,0.15,cov-SCC,0.7714285714285715,35,
pad,41,0.15,sens-SCC,,35,1.0
hiba,42,0.05,cov-MEL,1.0,53,
hiba,42,0.05,sens-MEL,,53,1.0
hiba,42,0.05,cov-NV,1.0,112,
hiba,42,0.05,cov-BCC,0.9838709677419355,62,
hiba,42,0.05,sens-BCC,,62,1.0
hiba,42,0.05,cov-AK,1.0,9,
hiba,42,0.05,sens-AK,,9,1.0
hiba,42,0.05,cov-BKL,1.0,20,
hiba,42,0.05,cov-DF,0.7894736842105263,19,
hiba,42,0.05,cov-VASC,1.0,5,
hiba,42,0.05,cov-SCC,0.88,25,
hiba,42,0.05,sens-SCC,,25,1.0
hiba,42,0.1,cov-MEL,0.9811320754716981,53,
hiba,42,0.1,sens-MEL,,53,1.0
hiba,42,0.1,cov-NV,1.0,112,
hiba,42,0.1,cov-BCC,0.9838709677419355,62,
hiba,42,0.1,sens-BCC,,62,1.0
hiba,42,0.1,cov-AK,1.0,9,
hiba,42,0.1,sens-AK,,9,1.0
hiba,42,0.1,cov-BKL,0.85,20,
hiba,42,0.1,cov-DF,0.47368421052631576,19,
hiba,42,0.1,cov-VASC,0.8,5,
hiba,42,0.1,cov-SCC,0.76,25,
hiba,42,0.1,sens-SCC,,25,1.0
hiba,42,0.15,cov-MEL,0.9056603773584906,53,
hiba,42,0.15,sens-MEL,,53,0.9622641509433962
hiba,42,0.15,cov-NV,0.9910714285714286,112,
hiba,42,0.15,cov-BCC,0.8548387096774194,62,
hiba,42,0.15,sens-BCC,,62,0.9838709677419355
hiba,42,0.15,cov-AK,0.8888888888888888,9,
hiba,42,0.15,sens-AK,,9,1.0
hiba,42,0.15,cov-BKL,0.8,20,
hiba,42,0.15,cov-DF,0.3157894736842105,19,
hiba,42,0.15,cov-VASC,0.8,5,
hiba,42,0.15,cov-SCC,0.64,25,
hiba,42,0.15,sens-SCC,,25,0.96
pad,42,0.05,cov-MEL,1.0,9,
pad,42,0.05,sens-MEL,,9,1.0
pad,42,0.05,cov-NV,1.0,16,
pad,42,0.05,cov-BCC,0.9935483870967742,155,
pad,42,0.05,sens-BCC,,155,1.0
pad,42,0.05,cov-AK,0.9814814814814815,54,
pad,42,0.05,sens-AK,,54,1.0
pad,42,0.05,cov-BKL,1.0,7,
pad,42,0.05,cov-SCC,0.9302325581395349,43,
pad,42,0.05,sens-SCC,,43,1.0
pad,42,0.1,cov-MEL,1.0,9,
pad,42,0.1,sens-MEL,,9,1.0
pad,42,0.1,cov-NV,0.9375,16,
pad,42,0.1,cov-BCC,0.9612903225806452,155,
pad,42,0.1,sens-BCC,,155,1.0
pad,42,0.1,cov-AK,0.9259259259259259,54,
pad,42,0.1,sens-AK,,54,1.0
pad,42,0.1,cov-BKL,1.0,7,
pad,42,0.1,cov-SCC,0.813953488372093,43,
pad,42,0.1,sens-SCC,,43,1.0
pad,42,0.15,cov-MEL,1.0,9,
pad,42,0.15,sens-MEL,,9,1.0
pad,42,0.15,cov-NV,0.9375,16,
pad,42,0.15,cov-BCC,0.9161290322580645,155,
pad,42,0.15,sens-BCC,,155,1.0
pad,42,0.15,cov-AK,0.8888888888888888,54,
pad,42,0.15,sens-AK,,54,1.0
pad,42,0.15,cov-BKL,1.0,7,
pad,42,0.15,cov-SCC,0.7674418604651163,43,
pad,42,0.15,sens-SCC,,43,1.0
hiba,43,0.05,cov-MEL,1.0,56,
hiba,43,0.05,sens-MEL,,56,1.0
hiba,43,0.05,cov-NV,1.0,131,
hiba,43,0.05,cov-BCC,1.0,55,
hiba,43,0.05,sens-BCC,,55,1.0
hiba,43,0.05,cov-AK,1.0,7,
hiba,43,0.05,sens-AK,,7,1.0
hiba,43,0.05,cov-BKL,1.0,21,
hiba,43,0.05,cov-DF,0.4,15,
hiba,43,0.05,cov-VASC,1.0,7,
hiba,43,0.05,cov-SCC,0.9166666666666666,24,
hiba,43,0.05,sens-SCC,,24,1.0
hiba,43,0.1,cov-MEL,0.9464285714285714,56,
hiba,43,0.1,sens-MEL,,56,0.9464285714285714
hiba,43,0.1,cov-NV,0.9923664122137404,131,
hiba,43,0.1,cov-BCC,1.0,55,
hiba,43,0.1,sens-BCC,,55,1.0
hiba,43,0.1,cov-AK,1.0,7,
hiba,43,0.1,sens-AK,,7,1.0
hiba,43,0.1,cov-BKL,0.8571428571428571,21,
hiba,43,0.1,cov-DF,0.26666666666666666,15,
hiba,43,0.1,cov-VASC,0.8571428571428571,7,
hiba,43,0.1,cov-SCC,0.875,24,
hiba,43,0.1,sens-SCC,,24,1.0
hiba,43,0.15,cov-MEL,0.8928571428571429,56,
hiba,43,0.15,sens-MEL,,56,0.9285714285714286
hiba,43,0.15,cov-NV,0.9923664122137404,131,
hiba,43,0.15,cov-BCC,0.9636363636363636,55,
hiba,43,0.15,sens-BCC,,55,1.0
hiba,43,0.15,cov-AK,1.0,7,
hiba,43,0.15,sens-AK,,7,1.0
hiba,43,0.15,cov-BKL,0.8095238095238095,21,
hiba,43,0.15,cov-DF,0.13333333333333333,15,
hiba,43,0.15,cov-VASC,0.7142857142857143,7,
hiba,43,0.15,cov-SCC,0.6666666666666666,24,
hiba,43,0.15,sens-SCC,,24,0.9583333333333334
pad,43,0.05,cov-MEL,1.0,13,
pad,43,0.05,sens-MEL,,13,1.0
pad,43,0.05,cov-NV,1.0,13,
pad,43,0.05,cov-BCC,0.9944444444444445,180,
pad,43,0.05,sens-BCC,,180,1.0
pad,43,0.05,cov-AK,0.9423076923076923,52,
pad,43,0.05,sens-AK,,52,1.0
pad,43,0.05,cov-BKL,1.0,6,
pad,43,0.05,cov-SCC,0.8529411764705882,34,
pad,43,0.05,sens-SCC,,34,1.0
pad,43,0.1,cov-MEL,1.0,13,
pad,43,0.1,sens-MEL,,13,1.0
pad,43,0.1,cov-NV,1.0,13,
pad,43,0.1,cov-BCC,0.9722222222222222,180,
pad,43,0.1,sens-BCC,,180,1.0
pad,43,0.1,cov-AK,0.9230769230769231,52,
pad,43,0.1,sens-AK,,52,1.0
pad,43,0.1,cov-BKL,0.8333333333333334,6,
pad,43,0.1,cov-SCC,0.7647058823529411,34,
pad,43,0.1,sens-SCC,,34,1.0
pad,43,0.15,cov-MEL,0.9230769230769231,13,
pad,43,0.15,sens-MEL,,13,1.0
pad,43,0.15,cov-NV,0.9230769230769231,13,
pad,43,0.15,cov-BCC,0.9333333333333333,180,
pad,43,0.15,sens-BCC,,180,1.0
pad,43,0.15,cov-AK,0.9038461538461539,52,
pad,43,0.15,sens-AK,,52,1.0
pad,43,0.15,cov-BKL,0.8333333333333334,6,
pad,43,0.15,cov-SCC,0.6470588235294118,34,
pad,43,0.15,sens-SCC,,34,1.0
hiba,44,0.05,cov-MEL,1.0,52,
hiba,44,0.05,sens-MEL,,52,1.0
hiba,44,0.05,cov-NV,1.0,184,
hiba,44,0.05,cov-BCC,0.9807692307692307,52,
hiba,44,0.05,sens-BCC,,52,1.0
hiba,44,0.05,cov-AK,1.0,13,
hiba,44,0.05,sens-AK,,13,1.0
hiba,44,0.05,cov-BKL,1.0,16,
hiba,44,0.05,cov-DF,0.45454545454545453,11,
hiba,44,0.05,cov-VASC,0.75,16,
hiba,44,0.05,cov-SCC,0.9354838709677419,31,
hiba,44,0.05,sens-SCC,,31,1.0
hiba,44,0.1,cov-MEL,0.9807692307692307,52,
hiba,44,0.1,sens-MEL,,52,0.9807692307692307
hiba,44,0.1,cov-NV,0.9945652173913043,184,
hiba,44,0.1,cov-BCC,0.9807692307692307,52,
hiba,44,0.1,sens-BCC,,52,1.0
hiba,44,0.1,cov-AK,0.9230769230769231,13,
hiba,44,0.1,sens-AK,,13,1.0
hiba,44,0.1,cov-BKL,1.0,16,
hiba,44,0.1,cov-DF,0.36363636363636365,11,
hiba,44,0.1,cov-VASC,0.6875,16,
hiba,44,0.1,cov-SCC,0.8387096774193549,31,
hiba,44,0.1,sens-SCC,,31,1.0
hiba,44,0.15,cov-MEL,0.9230769230769231,52,
hiba,44,0.15,sens-MEL,,52,0.9423076923076923
hiba,44,0.15,cov-NV,0.9891304347826086,184,
hiba,44,0.15,cov-BCC,0.9423076923076923,52,
hiba,44,0.15,sens-BCC,,52,1.0
hiba,44,0.15,cov-AK,0.8461538461538461,13,
hiba,44,0.15,sens-AK,,13,1.0
hiba,44,0.15,cov-BKL,0.9375,16,
hiba,44,0.15,cov-DF,0.36363636363636365,11,
hiba,44,0.15,cov-VASC,0.625,16,
hiba,44,0.15,cov-SCC,0.8387096774193549,31,
hiba,44,0.15,sens-SCC,,31,1.0
pad,44,0.05,cov-MEL,1.0,5,
pad,44,0.05,sens-MEL,,5,1.0
pad,44,0.05,cov-NV,1.0,11,
pad,44,0.05,cov-BCC,0.9878048780487805,164,
pad,44,0.05,sens-BCC,,164,1.0
pad,44,0.05,cov-AK,0.9811320754716981,53,
pad,44,0.05,sens-AK,,53,1.0
pad,44,0.05,cov-BKL,1.0,6,
pad,44,0.05,cov-SCC,0.8571428571428571,42,
pad,44,0.05,sens-SCC,,42,1.0
pad,44,0.1,cov-MEL,1.0,5,
pad,44,0.1,sens-MEL,,5,1.0
pad,44,0.1,cov-NV,0.8181818181818182,11,
pad,44,0.1,cov-BCC,0.9512195121951219,164,
pad,44,0.1,sens-BCC,,164,1.0
pad,44,0.1,cov-AK,0.9811320754716981,53,
pad,44,0.1,sens-AK,,53,1.0
pad,44,0.1,cov-BKL,0.8333333333333334,6,
pad,44,0.1,cov-SCC,0.8095238095238095,42,
pad,44,0.1,sens-SCC,,42,1.0
pad,44,0.15,cov-MEL,1.0,5,
pad,44,0.15,sens-MEL,,5,1.0
pad,44,0.15,cov-NV,0.8181818181818182,11,
pad,44,0.15,cov-BCC,0.9146341463414634,164,
pad,44,0.15,sens-BCC,,164,1.0
pad,44,0.15,cov-AK,0.9056603773584906,53,
pad,44,0.15,sens-AK,,53,1.0
pad,44,0.15,cov-BKL,0.8333333333333334,6,
pad,44,0.15,cov-SCC,0.6428571428571429,42,
pad,44,0.15,sens-SCC,,42,1.0
hiba,45,0.05,cov-MEL,1.0,40,
hiba,45,0.05,sens-MEL,,40,1.0
hiba,45,0.05,cov-NV,1.0,83,
hiba,45,0.05,cov-BCC,1.0,62,
hiba,45,0.05,sens-BCC,,62,1.0
hiba,45,0.05,cov-AK,0.9090909090909091,11,
hiba,45,0.05,sens-AK,,11,1.0
hiba,45,0.05,cov-BKL,1.0,15,
hiba,45,0.05,cov-DF,0.8571428571428571,14,
hiba,45,0.05,cov-VASC,1.0,7,
hiba,45,0.05,cov-SCC,0.8974358974358975,39,
hiba,45,0.05,sens-SCC,,39,1.0
hiba,45,0.1,cov-MEL,0.975,40,
hiba,45,0.1,sens-MEL,,40,1.0
hiba,45,0.1,cov-NV,1.0,83,
hiba,45,0.1,cov-BCC,0.967741935483871,62,
hiba,45,0.1,sens-BCC,,62,1.0
hiba,45,0.1,cov-AK,0.8181818181818182,11,
hiba,45,0.1,sens-AK,,11,1.0
hiba,45,0.1,cov-BKL,1.0,15,
hiba,45,0.1,cov-DF,0.6428571428571429,14,
hiba,45,0.1,cov-VASC,1.0,7,
hiba,45,0.1,cov-SCC,0.7692307692307693,39,
hiba,45,0.1,sens-SCC,,39,1.0
hiba,45,0.15,cov-MEL,0.95,40,
hiba,45,0.15,sens-MEL,,40,0.975
hiba,45,0.15,cov-NV,0.963855421686747,83,
hiba,45,0.15,cov-BCC,0.9193548387096774,62,
hiba,45,0.15,sens-BCC,,62,1.0
hiba,45,0.15,cov-AK,0.8181818181818182,11,
hiba,45,0.15,sens-AK,,11,1.0
hiba,45,0.15,cov-BKL,1.0,15,
hiba,45,0.15,cov-DF,0.42857142857142855,14,
hiba,45,0.15,cov-VASC,0.8571428571428571,7,
hiba,45,0.15,cov-SCC,0.6666666666666666,39,
hiba,45,0.15,sens-SCC,,39,0.9743589743589743
pad,45,0.05,cov-MEL,0.9166666666666666,12,
pad,45,0.05,sens-MEL,,12,1.0
pad,45,0.05,cov-NV,1.0,8,
pad,45,0.05,cov-BCC,0.9404761904761905,168,
pad,45,0.05,sens-BCC,,168,1.0
pad,45,0.05,cov-AK,0.9310344827586207,58,
pad,45,0.05,sens-AK,,58,1.0
pad,45,0.05,cov-BKL,1.0,7,
pad,45,0.05,cov-SCC,0.8064516129032258,31,
pad,45,0.05,sens-SCC,,31,1.0
pad,45,0.1,cov-MEL,0.8333333333333334,12,
pad,45,0.1,sens-MEL,,12,1.0
pad,45,0.1,cov-NV,1.0,8,
pad,45,0.1,cov-BCC,0.8988095238095238,168,
pad,45,0.1,sens-BCC,,168,1.0
pad,45,0.1,cov-AK,0.8448275862068966,58,
pad,45,0.1,sens-AK,,58,1.0
pad,45,0.1,cov-BKL,0.8571428571428571,7,
pad,45,0.1,cov-SCC,0.7419354838709677,31,
pad,45,0.1,sens-SCC,,31,1.0
pad,45,0.15,cov-MEL,0.8333333333333334,12,
pad,45,0.15,sens-MEL,,12,1.0
pad,45,0.15,cov-NV,1.0,8,
pad,45,0.15,cov-BCC,0.8869047619047619,168,
pad,45,0.15,sens-BCC,,168,1.0
pad,45,0.15,cov-AK,0.8448275862068966,58,
pad,45,0.15,sens-AK,,58,1.0
pad,45,0.15,cov-BKL,0.8571428571428571,7,
pad,45,0.15,cov-SCC,0.7419354838709677,31,
pad,45,0.15,sens-SCC,,31,1.0
hiba,46,0.05,cov-MEL,0.9565217391304348,46,
hiba,46,0.05,sens-MEL,,46,1.0
hiba,46,0.05,cov-NV,1.0,152,
hiba,46,0.05,cov-BCC,0.984375,64,
hiba,46,0.05,sens-BCC,,64,1.0
hiba,46,0.05,cov-AK,0.7222222222222222,18,
hiba,46,0.05,sens-AK,,18,1.0
hiba,46,0.05,cov-BKL,1.0,23,
hiba,46,0.05,cov-DF,0.8181818181818182,11,
hiba,46,0.05,cov-VASC,0.9090909090909091,11,
hiba,46,0.05,cov-SCC,0.8095238095238095,21,
hiba,46,0.05,sens-SCC,,21,1.0
hiba,46,0.1,cov-MEL,0.9130434782608695,46,
hiba,46,0.1,sens-MEL,,46,1.0
hiba,46,0.1,cov-NV,1.0,152,
hiba,46,0.1,cov-BCC,0.921875,64,
hiba,46,0.1,sens-BCC,,64,1.0
hiba,46,0.1,cov-AK,0.7222222222222222,18,
hiba,46,0.1,sens-AK,,18,1.0
hiba,46,0.1,cov-BKL,0.9565217391304348,23,
hiba,46,0.1,cov-DF,0.7272727272727273,11,
hiba,46,0.1,cov-VASC,0.45454545454545453,11,
hiba,46,0.1,cov-SCC,0.6666666666666666,21,
hiba,46,0.1,sens-SCC,,21,1.0
hiba,46,0.15,cov-MEL,0.9130434782608695,46,
hiba,46,0.15,sens-MEL,,46,1.0
hiba,46,0.15,cov-NV,0.993421052631579,152,
hiba,46,0.15,cov-BCC,0.859375,64,
hiba,46,0.15,sens-BCC,,64,1.0
hiba,46,0.15,cov-AK,0.7222222222222222,18,
hiba,46,0.15,sens-AK,,18,1.0
hiba,46,0.15,cov-BKL,0.8260869565217391,23,
hiba,46,0.15,cov-DF,0.6363636363636364,11,
hiba,46,0.15,cov-VASC,0.36363636363636365,11,
hiba,46,0.15,cov-SCC,0.5714285714285714,21,
hiba,46,0.15,sens-SCC,,21,1.0
pad,46,0.05,cov-MEL,0.9230769230769231,13,
pad,46,0.05,sens-MEL,,13,1.0
pad,46,0.05,cov-NV,1.0,11,
pad,46,0.05,cov-BCC,0.9811320754716981,159,
pad,46,0.05,sens-BCC,,159,1.0
pad,46,0.05,cov-AK,0.9811320754716981,53,
pad,46,0.05,sens-AK,,53,1.0
pad,46,0.05,cov-BKL,1.0,7,
pad,46,0.05,cov-SCC,0.8571428571428571,42,
pad,46,0.05,sens-SCC,,42,1.0
pad,46,0.1,cov-MEL,0.8461538461538461,13,
pad,46,0.1,sens-MEL,,13,1.0
pad,46,0.1,cov-NV,1.0,11,
pad,46,0.1,cov-BCC,0.9371069182389937,159,
pad,46,0.1,sens-BCC,,159,1.0
pad,46,0.1,cov-AK,0.9433962264150944,53,
pad,46,0.1,sens-AK,,53,1.0
pad,46,0.1,cov-BKL,1.0,7,
pad,46,0.1,cov-SCC,0.7380952380952381,42,
pad,46,0.1,sens-SCC,,42,1.0
pad,46,0.15,cov-MEL,0.8461538461538461,13,
pad,46,0.15,sens-MEL,,13,1.0
pad,46,0.15,cov-NV,1.0,11,
pad,46,0.15,cov-BCC,0.9245283018867925,159,
pad,46,0.15,sens-BCC,,159,1.0
pad,46,0.15,cov-AK,0.9056603773584906,53,
pad,46,0.15,sens-AK,,53,1.0
pad,46,0.15,cov-BKL,1.0,7,
pad,46,0.15,cov-SCC,0.6666666666666666,42,
pad,46,0.15,sens-SCC,,42,1.0
hiba,47,0.05,cov-MEL,0.9333333333333333,45,
hiba,47,0.05,sens-MEL,,45,1.0
hiba,47,0.05,cov-NV,1.0,123,
hiba,47,0.05,cov-BCC,0.9508196721311475,61,
hiba,47,0.05,sens-BCC,,61,1.0
hiba,47,0.05,cov-AK,0.9230769230769231,13,
hiba,47,0.05,sens-AK,,13,1.0
hiba,47,0.05,cov-BKL,1.0,18,
hiba,47,0.05,cov-DF,0.6153846153846154,13,
hiba,47,0.05,cov-VASC,0.8,5,
hiba,47,0.05,cov-SCC,0.6956521739130435,23,
hiba,47,0.05,sens-SCC,,23,1.0
hiba,47,0.1,cov-MEL,0.8222222222222222,45,
hiba,47,0.1,sens-MEL,,45,0.9111111111111111
hiba,47,0.1,cov-NV,0.991869918699187,123,
hiba,47,0.1,cov-BCC,0.9344262295081968,61,
hiba,47,0.1,sens-BCC,,61,1.0
hiba,47,0.1,cov-AK,0.8461538461538461,13,
hiba,47,0.1,sens-AK,,13,1.0
hiba,47,0.1,cov-BKL,1.0,18,
hiba,47,0.1,cov-DF,0.38461538461538464,13,
hiba,47,0.1,cov-VASC,0.8,5,
hiba,47,0.1,cov-SCC,0.6521739130434783,23,
hiba,47,0.1,sens-SCC,,23,1.0
hiba,47,0.15,cov-MEL,0.8,45,
hiba,47,0.15,sens-MEL,,45,0.8888888888888888
hiba,47,0.15,cov-NV,0.975609756097561,123,
hiba,47,0.15,cov-BCC,0.9180327868852459,61,
hiba,47,0.15,sens-BCC,,61,1.0
hiba,47,0.15,cov-AK,0.8461538461538461,13,
hiba,47,0.15,sens-AK,,13,1.0
hiba,47,0.15,cov-BKL,0.9444444444444444,18,
hiba,47,0.15,cov-DF,0.23076923076923078,13,
hiba,47,0.15,cov-VASC,0.8,5,
hiba,47,0.15,cov-SCC,0.6086956521739131,23,
hiba,47,0.15,sens-SCC,,23,0.9565217391304348
pad,47,0.05,cov-MEL,1.0,8,
pad,47,0.05,sens-MEL,,8,1.0
pad,47,0.05,cov-NV,0.9230769230769231,13,
pad,47,0.05,cov-BCC,0.9805194805194806,154,
pad,47,0.05,sens-BCC,,154,1.0
pad,47,0.05,cov-AK,0.9636363636363636,55,
pad,47,0.05,sens-AK,,55,1.0
pad,47,0.05,cov-BKL,0.9090909090909091,11,
pad,47,0.05,cov-SCC,0.9024390243902439,41,
pad,47,0.05,sens-SCC,,41,1.0
pad,47,0.1,cov-MEL,1.0,8,
pad,47,0.1,sens-MEL,,8,1.0
pad,47,0.1,cov-NV,0.8461538461538461,13,
pad,47,0.1,cov-BCC,0.9285714285714286,154,
pad,47,0.1,sens-BCC,,154,1.0
pad,47,0.1,cov-AK,0.9090909090909091,55,
pad,47,0.1,sens-AK,,55,1.0
pad,47,0.1,cov-BKL,0.9090909090909091,11,
pad,47,0.1,cov-SCC,0.8292682926829268,41,
pad,47,0.1,sens-SCC,,41,1.0
pad,47,0.15,cov-MEL,0.875,8,
pad,47,0.15,sens-MEL,,8,1.0
pad,47,0.15,cov-NV,0.8461538461538461,13,
pad,47,0.15,cov-BCC,0.8571428571428571,154,
pad,47,0.15,sens-BCC,,154,1.0
pad,47,0.15,cov-AK,0.8545454545454545,55,
pad,47,0.15,sens-AK,,55,1.0
pad,47,0.15,cov-BKL,0.9090909090909091,11,
pad,47,0.15,cov-SCC,0.6585365853658537,41,
pad,47,0.15,sens-SCC,,41,1.0
hiba,48,0.05,cov-MEL,0.9629629629629629,54,
hiba,48,0.05,sens-MEL,,54,1.0
hiba,48,0.05,cov-NV,1.0,86,
hiba,48,0.05,cov-BCC,0.9538461538461539,65,
hiba,48,0.05,sens-BCC,,65,1.0
hiba,48,0.05,cov-AK,1.0,7,
hiba,48,0.05,sens-AK,,7,1.0
hiba,48,0.05,cov-BKL,1.0,18,
hiba,48,0.05,cov-DF,1.0,8,
hiba,48,0.05,cov-VASC,1.0,7,
hiba,48,0.05,cov-SCC,0.8571428571428571,28,
hiba,48,0.05,sens-SCC,,28,1.0
hiba,48,0.1,cov-MEL,0.8703703703703703,54,
hiba,48,0.1,sens-MEL,,54,0.9629629629629629
hiba,48,0.1,cov-NV,1.0,86,
hiba,48,0.1,cov-BCC,0.8615384615384616,65,
hiba,48,0.1,sens-BCC,,65,1.0
hiba,48,0.1,cov-AK,0.8571428571428571,7,
hiba,48,0.1,sens-AK,,7,1.0
hiba,48,0.1,cov-BKL,1.0,18,
hiba,48,0.1,cov-DF,1.0,8,
hiba,48,0.1,cov-VASC,0.8571428571428571,7,
hiba,48,0.1,cov-SCC,0.7857142857142857,28,
hiba,48,0.1,sens-SCC,,28,1.0
hiba,48,0.15,cov-MEL,0.8333333333333334,54,
hiba,48,0.15,sens-MEL,,54,0.9259259259259259
hiba,48,0.15,cov-NV,1.0,86,
hiba,48,0.15,cov-BCC,0.8461538461538461,65,
hiba,48,0.15,sens-BCC,,65,1.0
hiba,48,0.15,cov-AK,0.8571428571428571,7,
hiba,48,0.15,sens-AK,,7,1.0
hiba,48,0.15,cov-BKL,0.8888888888888888,18,
hiba,48,0.15,cov-DF,0.75,8,
hiba,48,0.15,cov-VASC,0.8571428571428571,7,
hiba,48,0.15,cov-SCC,0.6428571428571429,28,
hiba,48,0.15,sens-SCC,,28,0.9642857142857143
pad,48,0.05,cov-MEL,1.0,9,
pad,48,0.05,sens-MEL,,9,1.0
pad,48,0.05,cov-NV,1.0,16,
pad,48,0.05,cov-BCC,1.0,160,
pad,48,0.05,sens-BCC,,160,1.0
pad,48,0.05,cov-AK,0.953125,64,
pad,48,0.05,sens-AK,,64,1.0
pad,48,0.05,cov-BKL,1.0,6,
pad,48,0.05,cov-SCC,0.8666666666666667,30,
pad,48,0.05,sens-SCC,,30,1.0
pad,48,0.1,cov-MEL,0.8888888888888888,9,
pad,48,0.1,sens-MEL,,9,1.0
pad,48,0.1,cov-NV,1.0,16,
pad,48,0.1,cov-BCC,0.9625,160,
pad,48,0.1,sens-BCC,,160,1.0
pad,48,0.1,cov-AK,0.9375,64,
pad,48,0.1,sens-AK,,64,1.0
pad,48,0.1,cov-BKL,0.8333333333333334,6,
pad,48,0.1,cov-SCC,0.7,30,
pad,48,0.1,sens-SCC,,30,1.0
pad,48,0.15,cov-MEL,0.8888888888888888,9,
pad,48,0.15,sens-MEL,,9,1.0
pad,48,0.15,cov-NV,1.0,16,
pad,48,0.15,cov-BCC,0.93125,160,
pad,48,0.15,sens-BCC,,160,1.0
pad,48,0.15,cov-AK,0.875,64,
pad,48,0.15,sens-AK,,64,1.0
pad,48,0.15,cov-BKL,0.8333333333333334,6,
pad,48,0.15,cov-SCC,0.6333333333333333,30,
pad,48,0.15,sens-SCC,,30,1.0
hiba,49,0.05,cov-MEL,0.96,50,
hiba,49,0.05,sens-MEL,,50,1.0
hiba,49,0.05,cov-NV,1.0,152,
hiba,49,0.05,cov-BCC,0.96875,64,
hiba,49,0.05,sens-BCC,,64,1.0
hiba,49,0.05,cov-AK,0.9,10,
hiba,49,0.05,sens-AK,,10,1.0
hiba,49,0.05,cov-BKL,1.0,14,
hiba,49,0.05,cov-DF,0.7272727272727273,11,
hiba,49,0.05,cov-VASC,1.0,10,
hiba,49,0.05,cov-SCC,0.7777777777777778,27,
hiba,49,0.05,sens-SCC,,27,1.0
hiba,49,0.1,cov-MEL,0.88,50,
hiba,49,0.1,sens-MEL,,50,0.96
hiba,49,0.1,cov-NV,0.9868421052631579,152,
hiba,49,0.1,cov-BCC,0.9375,64,
hiba,49,0.1,sens-BCC,,64,1.0
hiba,49,0.1,cov-AK,0.9,10,
hiba,49,0.1,sens-AK,,10,1.0
hiba,49,0.1,cov-BKL,1.0,14,
hiba,49,0.1,cov-DF,0.45454545454545453,11,
hiba,49,0.1,cov-VASC,0.9,10,
hiba,49,0.1,cov-SCC,0.7407407407407407,27,
hiba,49,0.1,sens-SCC,,27,1.0
hiba,49,0.15,cov-MEL,0.86,50,
hiba,49,0.15,sens-MEL,,50,0.94
hiba,49,0.15,cov-NV,0.9539473684210527,152,
hiba,49,0.15,cov-BCC,0.921875,64,
hiba,49,0.15,sens-BCC,,64,1.0
hiba,49,0.15,cov-AK,0.9,10,
hiba,49,0.15,sens-AK,,10,1.0
hiba,49,0.15,cov-BKL,1.0,14,
hiba,49,0.15,cov-DF,0.18181818181818182,11,
hiba,49,0.15,cov-VASC,0.5,10,
hiba,49,0.15,cov-SCC,0.5925925925925926,27,
hiba,49,0.15,sens-SCC,,27,0.9629629629629629
pad,49,0.05,cov-MEL,1.0,10,
pad,49,0.05,sens-MEL,,10,1.0
pad,49,0.05,cov-NV,1.0,7,
pad,49,0.05,cov-BCC,0.959731543624161,149,
pad,49,0.05,sens-BCC,,149,1.0
pad,49,0.05,cov-AK,0.9206349206349206,63,
pad,49,0.05,sens-AK,,63,1.0
pad,49,0.05,cov-BKL,1.0,6,
pad,49,0.05,cov-SCC,0.84375,32,
pad,49,0.05,sens-SCC,,32,1.0
pad,49,0.1,cov-MEL,1.0,10,
pad,49,0.1,sens-MEL,,10,1.0
pad,49,0.1,cov-NV,1.0,7,
pad,49,0.1,cov-BCC,0.8926174496644296,149,
pad,49,0.1,sens-BCC,,149,1.0
pad,49,0.1,cov-AK,0.8571428571428571,63,
pad,49,0.1,sens-AK,,63,1.0
pad,49,0.1,cov-BKL,0.8333333333333334,6,
pad,49,0.1,cov-SCC,0.75,32,
pad,49,0.1,sens-SCC,,32,1.0
pad,49,0.15,cov-MEL,0.9,10,
pad,49,0.15,sens-MEL,,10,1.0
pad,49,0.15,cov-NV,0.8571428571428571,7,
pad,49,0.15,cov-BCC,0.87248322147651,149,
pad,49,0.15,sens-BCC,,149,1.0
pad,49,0.15,cov-AK,0.8253968253968254,63,
pad,49,0.15,sens-AK,,63,1.0
pad,49,0.15,cov-BKL,0.6666666666666666,6,
pad,49,0.15,cov-SCC,0.59375,32,
pad,49,0.15,sens-SCC,,32,1.0
hiba,50,0.05,cov-MEL,1.0,44,
hiba,50,0.05,sens-MEL,,44,1.0
hiba,50,0.05,cov-NV,1.0,206,
hiba,50,0.05,cov-BCC,1.0,83,
hiba,50,0.05,sens-BCC,,83,1.0
hiba,50,0.05,cov-AK,1.0,8,
hiba,50,0.05,sens-AK,,8,1.0
hiba,50,0.05,cov-BKL,1.0,11,
hiba,50,0.05,cov-DF,0.9090909090909091,11,
hiba,50,0.05,cov-VASC,1.0,12,
hiba,50,0.05,cov-SCC,0.90625,32,
hiba,50,0.05,sens-SCC,,32,1.0
hiba,50,0.1,cov-MEL,0.9318181818181818,44,
hiba,50,0.1,sens-MEL,,44,0.9772727272727273
hiba,50,0.1,cov-NV,1.0,206,
hiba,50,0.1,cov-BCC,0.9759036144578314,83,
hiba,50,0.1,sens-BCC,,83,1.0
hiba,50,0.1,cov-AK,0.875,8,
hiba,50,0.1,sens-AK,,8,1.0
hiba,50,0.1,cov-BKL,1.0,11,
hiba,50,0.1,cov-DF,0.7272727272727273,11,
hiba,50,0.1,cov-VASC,1.0,12,
hiba,50,0.1,cov-SCC,0.90625,32,
hiba,50,0.1,sens-SCC,,32,1.0
hiba,50,0.15,cov-MEL,0.9318181818181818,44,
hiba,50,0.15,sens-MEL,,44,0.9318181818181818
hiba,50,0.15,cov-NV,1.0,206,
hiba,50,0.15,cov-BCC,0.9397590361445783,83,
hiba,50,0.15,sens-BCC,,83,0.9879518072289156
hiba,50,0.15,cov-AK,0.875,8,
hiba,50,0.15,sens-AK,,8,1.0
hiba,50,0.15,cov-BKL,1.0,11,
hiba,50,0.15,cov-DF,0.45454545454545453,11,
hiba,50,0.15,cov-VASC,1.0,12,
hiba,50,0.15,cov-SCC,0.78125,32,
hiba,50,0.15,sens-SCC,,32,0.96875
pad,50,0.05,cov-MEL,0.8888888888888888,9,
pad,50,0.05,sens-MEL,,9,1.0
pad,50,0.05,cov-NV,0.8125,16,
pad,50,0.05,cov-BCC,0.9815950920245399,163,
pad,50,0.05,sens-BCC,,163,1.0
pad,50,0.05,cov-AK,0.9444444444444444,54,
pad,50,0.05,sens-AK,,54,1.0
pad,50,0.05,cov-BKL,0.7777777777777778,9,
pad,50,0.05,cov-SCC,0.8620689655172413,29,
pad,50,0.05,sens-SCC,,29,1.0
pad,50,0.1,cov-MEL,0.7777777777777778,9,
pad,50,0.1,sens-MEL,,9,1.0
pad,50,0.1,cov-NV,0.8125,16,
pad,50,0.1,cov-BCC,0.9263803680981595,163,
pad,50,0.1,sens-BCC,,163,1.0
pad,50,0.1,cov-AK,0.8888888888888888,54,
pad,50,0.1,sens-AK,,54,1.0
pad,50,0.1,cov-BKL,0.7777777777777778,9,
pad,50,0.1,cov-SCC,0.7931034482758621,29,
pad,50,0.1,sens-SCC,,29,1.0
pad,50,0.15,cov-MEL,0.7777777777777778,9,
pad,50,0.15,sens-MEL,,9,1.0
pad,50,0.15,cov-NV,0.8125,16,
pad,50,0.15,cov-BCC,0.8711656441717791,163,
pad,50,0.15,sens-BCC,,163,1.0
pad,50,0.15,cov-AK,0.8518518518518519,54,
pad,50,0.15,sens-AK,,54,1.0
pad,50,0.15,cov-BKL,0.7777777777777778,9,
pad,50,0.15,cov-SCC,0.7586206896551724,29,
pad,50,0.15,sens-SCC,,29,1.0
hiba,51,0.05,cov-MEL,0.9767441860465116,43,
hiba,51,0.05,sens-MEL,,43,1.0
hiba,51,0.05,cov-NV,1.0,123,
hiba,51,0.05,cov-BCC,1.0,69,
hiba,51,0.05,sens-BCC,,69,1.0
hiba,51,0.05,cov-AK,1.0,10,
hiba,51,0.05,sens-AK,,10,1.0
hiba,51,0.05,cov-BKL,1.0,23,
hiba,51,0.05,cov-DF,0.8888888888888888,9,
hiba,51,0.05,cov-VASC,1.0,6,
hiba,51,0.05,cov-SCC,0.9,30,
hiba,51,0.05,sens-SCC,,30,1.0
hiba,51,0.1,cov-MEL,0.9302325581395349,43,
hiba,51,0.1,sens-MEL,,43,1.0
hiba,51,0.1,cov-NV,1.0,123,
hiba,51,0.1,cov-BCC,0.9565217391304348,69,
hiba,51,0.1,sens-BCC,,69,1.0
hiba,51,0.1,cov-AK,1.0,10,
hiba,51,0.1,sens-AK,,10,1.0
hiba,51,0.1,cov-BKL,1.0,23,
hiba,51,0.1,cov-DF,0.4444444444444444,9,
hiba,51,0.1,cov-VASC,1.0,6,
hiba,51,0.1,cov-SCC,0.8666666666666667,30,
hiba,51,0.1,sens-SCC,,30,1.0
hiba,51,0.15,cov-MEL,0.9069767441860465,43,
hiba,51,0.15,sens-MEL,,43,1.0
hiba,51,0.15,cov-NV,1.0,123,
hiba,51,0.15,cov-BCC,0.927536231884058,69,
hiba,51,0.15,sens-BCC,,69,0.9855072463768116
hiba,51,0.15,cov-AK,1.0,10,
hiba,51,0.15,sens-AK,,10,1.0
hiba,51,0.15,cov-BKL,0.9565217391304348,23,
hiba,51,0.15,cov-DF,0.2222222222222222,9,
hiba,51,0.15,cov-VASC,1.0,6,
hiba,51,0.15,cov-SCC,0.7333333333333333,30,
hiba,51,0.15,sens-SCC,,30,0.9666666666666667
pad,51,0.05,cov-MEL,1.0,12,
pad,51,0.05,sens-MEL,,12,1.0
pad,51,0.05,cov-NV,1.0,6,
pad,51,0.05,cov-BCC,0.9751552795031055,161,
pad,51,0.05,sens-BCC,,161,1.0
pad,51,0.05,cov-AK,0.9830508474576272,59,
pad,51,0.05,sens-AK,,59,1.0
pad,51,0.05,cov-BKL,1.0,7,
pad,51,0.05,cov-SCC,0.8461538461538461,39,
pad,51,0.05,sens-SCC,,39,1.0
pad,51,0.1,cov-MEL,0.9166666666666666,12,
pad,51,0.1,sens-MEL,,12,1.0
pad,51,0.1,cov-NV,1.0,6,
pad,51,0.1,cov-BCC,0.937888198757764,161,
pad,51,0.1,sens-BCC,,161,1.0
pad,51,0.1,cov-AK,0.9491525423728814,59,
pad,51,0.1,sens-AK,,59,1.0
pad,51,0.1,cov-BKL,0.8571428571428571,7,
pad,51,0.1,cov-SCC,0.7692307692307693,39,
pad,51,0.1,sens-SCC,,39,1.0
pad,51,0.15,cov-MEL,0.8333333333333334,12,
pad,51,0.15,sens-MEL,,12,1.0
pad,51,0.15,cov-NV,1.0,6,
pad,51,0.15,cov-BCC,0.9130434782608695,161,
pad,51,0.15,sens-BCC,,161,1.0
pad,51,0.15,cov-AK,0.8983050847457628,59,
pad,51,0.15,sens-AK,,59,1.0
pad,51,0.15,cov-BKL,0.7142857142857143,7,
pad,51,0.15,cov-SCC,0.717948717948718,39,
pad,51,0.15,sens-SCC,,39,1.0
hiba,52,0.05,cov-MEL,0.9545454545454546,44,
hiba,52,0.05,sens-MEL,,44,1.0
hiba,52,0.05,cov-NV,1.0,76,
hiba,52,0.05,cov-BCC,0.9875,80,
hiba,52,0.05,sens-BCC,,80,1.0
hiba,52,0.05,cov-AK,1.0,5,
hiba,52,0.05,sens-AK,,5,1.0
hiba,52,0.05,cov-BKL,1.0,22,
hiba,52,0.05,cov-DF,0.8823529411764706,17,
hiba,52,0.05,cov-VASC,1.0,10,
hiba,52,0.05,cov-SCC,0.8,25,
hiba,52,0.05,sens-SCC,,25,1.0
hiba,52,0.1,cov-MEL,0.9318181818181818,44,
hiba,52,0.1,sens-MEL,,44,1.0
hiba,52,0.1,cov-NV,1.0,76,
hiba,52,0.1,cov-BCC,0.975,80,
hiba,52,0.1,sens-BCC,,80,1.0
hiba,52,0.1,cov-AK,0.8,5,
hiba,52,0.1,sens-AK,,5,1.0
hiba,52,0.1,cov-BKL,1.0,22,
hiba,52,0.1,cov-DF,0.7647058823529411,17,
hiba,52,0.1,cov-VASC,0.8,10,
hiba,52,0.1,cov-SCC,0.8,25,
hiba,52,0.1,sens-SCC,,25,1.0
hiba,52,0.15,cov-MEL,0.9090909090909091,44,
hiba,52,0.15,sens-MEL,,44,1.0
hiba,52,0.15,cov-NV,0.9736842105263158,76,
hiba,52,0.15,cov-BCC,0.9375,80,
hiba,52,0.15,sens-BCC,,80,1.0
hiba,52,0.15,cov-AK,0.8,5,
hiba,52,0.15,sens-AK,,5,1.0
hiba,52,0.15,cov-BKL,0.9090909090909091,22,
hiba,52,0.15,cov-DF,0.47058823529411764,17,
hiba,52,0.15,cov-VASC,0.8,10,
hiba,52,0.15,cov-SCC,0.68,25,
hiba,52,0.15,sens-SCC,,25,1.0
pad,52,0.05,cov-MEL,1.0,9,
pad,52,0.05,sens-MEL,,9,1.0
pad,52,0.05,cov-NV,0.9230769230769231,13,
pad,52,0.05,cov-BCC,0.9814814814814815,162,
pad,52,0.05,sens-BCC,,162,1.0
pad,52,0.05,cov-AK,0.9444444444444444,54,
pad,52,0.05,sens-AK,,54,1.0
pad,52,0.05,cov-BKL,1.0,8,
pad,52,0.05,cov-SCC,0.8918918918918919,37,
pad,52,0.05,sens-SCC,,37,1.0
pad,52,0.1,cov-MEL,0.8888888888888888,9,
pad,52,0.1,sens-MEL,,9,1.0
pad,52,0.1,cov-NV,0.9230769230769231,13,
pad,52,0.1,cov-BCC,0.9629629629629629,162,
pad,52,0.1,sens-BCC,,162,1.0
pad,52,0.1,cov-AK,0.9444444444444444,54,
pad,52,0.1,sens-AK,,54,1.0
pad,52,0.1,cov-BKL,1.0,8,
pad,52,0.1,cov-SCC,0.8378378378378378,37,
pad,52,0.1,sens-SCC,,37,1.0
pad,52,0.15,cov-MEL,0.8888888888888888,9,
pad,52,0.15,sens-MEL,,9,1.0
pad,52,0.15,cov-NV,0.9230769230769231,13,
pad,52,0.15,cov-BCC,0.9259259259259259,162,
pad,52,0.15,sens-BCC,,162,1.0
pad,52,0.15,cov-AK,0.9259259259259259,54,
pad,52,0.15,sens-AK,,54,1.0
pad,52,0.15,cov-BKL,1.0,8,
pad,52,0.15,cov-SCC,0.6486486486486487,37,
pad,52,0.15,sens-SCC,,37,1.0
hiba,53,0.05,cov-MEL,0.9423076923076923,52,
hiba,53,0.05,sens-MEL,,52,1.0
hiba,53,0.05,cov-NV,1.0,125,
hiba,53,0.05,cov-BCC,0.9666666666666667,60,
hiba,53,0.05,sens-BCC,,60,1.0
hiba,53,0.05,cov-AK,1.0,9,
hiba,53,0.05,sens-AK,,9,1.0
hiba,53,0.05,cov-BKL,1.0,26,
hiba,53,0.05,cov-DF,1.0,8,
hiba,53,0.05,cov-VASC,0.9166666666666666,12,
hiba,53,0.05,cov-SCC,0.9310344827586207,29,
hiba,53,0.05,sens-SCC,,29,1.0
hiba,53,0.1,cov-MEL,0.9230769230769231,52,
hiba,53,0.1,sens-MEL,,52,1.0
hiba,53,0.1,cov-NV,0.992,125,
hiba,53,0.1,cov-BCC,0.9666666666666667,60,
hiba,53,0.1,sens-BCC,,60,1.0
hiba,53,0.1,cov-AK,0.8888888888888888,9,
hiba,53,0.1,sens-AK,,9,1.0
hiba,53,0.1,cov-BKL,1.0,26,
hiba,53,0.1,cov-DF,0.875,8,
hiba,53,0.1,cov-VASC,0.9166666666666666,12,
hiba,53,0.1,cov-SCC,0.9310344827586207,29,
hiba,53,0.1,sens-SCC,,29,1.0
hiba,53,0.15,cov-MEL,0.8846153846153846,52,
hiba,53,0.15,sens-MEL,,52,0.9807692307692307
hiba,53,0.15,cov-NV,0.984,125,
hiba,53,0.15,cov-BCC,0.8833333333333333,60,
hiba,53,0.15,sens-BCC,,60,0.9833333333333333
hiba,53,0.15,cov-AK,0.6666666666666666,9,
hiba,53,0.15,sens-AK,,9,1.0
hiba,53,0.15,cov-BKL,0.9615384615384616,26,
hiba,53,0.15,cov-DF,0.5,8,
hiba,53,0.15,cov-VASC,0.8333333333333334,12,
hiba,53,0.15,cov-SCC,0.7586206896551724,29,
hiba,53,0.15,sens-SCC,,29,1.0
pad,53,0.05,cov-MEL,1.0,11,
pad,53,0.05,sens-MEL,,11,1.0
pad,53,0.05,cov-NV,1.0,5,
pad,53,0.05,cov-BCC,0.9408284023668639,169,
pad,53,0.05,sens-BCC,,169,1.0
pad,53,0.05,cov-AK,0.9056603773584906,53,
pad,53,0.05,sens-AK,,53,1.0
pad,53,0.05,cov-BKL,1.0,7,
pad,53,0.05,cov-SCC,0.8461538461538461,39,
pad,53,0.05,sens-SCC,,39,1.0
pad,53,0.1,cov-MEL,0.9090909090909091,11,
pad,53,0.1,sens-MEL,,11,1.0
pad,53,0.1,cov-NV,0.8,5,
pad,53,0.1,cov-BCC,0.9112426035502958,169,
pad,53,0.1,sens-BCC,,169,1.0
pad,53,0.1,cov-AK,0.8867924528301887,53,
pad,53,0.1,sens-AK,,53,1.0
pad,53,0.1,cov-BKL,1.0,7,
pad,53,0.1,cov-SCC,0.7435897435897436,39,
pad,53,0.1,sens-SCC,,39,1.0
pad,53,0.15,cov-MEL,0.8181818181818182,11,
pad,53,0.15,sens-MEL,,11,1.0
pad,53,0.15,cov-NV,0.8,5,
pad,53,0.15,cov-BCC,0.8698224852071006,169,
pad,53,0.15,sens-BCC,,169,1.0
pad,53,0.15,cov-AK,0.8301886792452831,53,
pad,53,0.15,sens-AK,,53,1.0
pad,53,0.15,cov-BKL,1.0,7,
pad,53,0.15,cov-SCC,0.6410256410256411,39,
pad,53,0.15,sens-SCC,,39,1.0
hiba,54,0.05,cov-MEL,0.9555555555555556,45,
hiba,54,0.05,sens-MEL,,45,1.0
hiba,54,0.05,cov-NV,1.0,222,
hiba,54,0.05,cov-BCC,0.9855072463768116,69,
hiba,54,0.05,sens-BCC,,69,1.0
hiba,54,0.05,cov-AK,0.875,8,
hiba,54,0.05,sens-AK,,8,1.0
hiba,54,0.05,cov-BKL,1.0,15,
hiba,54,0.05,cov-DF,0.8888888888888888,18,
hiba,54,0.05,cov-VASC,1.0,7,
hiba,54,0.05,cov-SCC,0.8275862068965517,29,
hiba,54,0.05,sens-SCC,,29,1.0
hiba,54,0.1,cov-MEL,0.9111111111111111,45,
hiba,54,0.1,sens-MEL,,45,1.0
hiba,54,0.1,cov-NV,1.0,222,
hiba,54,0.1,cov-BCC,0.9420289855072463,69,
hiba,54,0.1,sens-BCC,,69,1.0
hiba,54,0.1,cov-AK,0.875,8,
hiba,54,0.1,sens-AK,,8,1.0
hiba,54,0.1,cov-BKL,1.0,15,
hiba,54,0.1,cov-DF,0.6111111111111112,18,
hiba,54,0.1,cov-VASC,0.7142857142857143,7,
hiba,54,0.1,cov-SCC,0.7241379310344828,29,
hiba,54,0.1,sens-SCC,,29,1.0
hiba,54,0.15,cov-MEL,0.8888888888888888,45,
hiba,54,0.15,sens-MEL,,45,0.9777777777777777
hiba,54,0.15,cov-NV,0.9954954954954955,222,
hiba,54,0.15,cov-BCC,0.8695652173913043,69,
hiba,54,0.15,sens-BCC,,69,0.9855072463768116
hiba,54,0.15,cov-AK,0.75,8,
hiba,54,0.15,sens-AK,,8,1.0
hiba,54,0.15,cov-BKL,0.9333333333333333,15,
hiba,54,0.15,cov-DF,0.5555555555555556,18,
hiba,54,0.15,cov-VASC,0.7142857142857143,7,
hiba,54,0.15,cov-SCC,0.6206896551724138,29,
hiba,54,0.15,sens-SCC,,29,0.9655172413793104
pad,54,0.05,cov-MEL,1.0,9,
pad,54,0.05,sens-MEL,,9,1.0
pad,54,0.05,cov-NV,1.0,7,
pad,54,0.05,cov-BCC,0.9640718562874252,167,
pad,54,0.05,sens-BCC,,167,1.0
pad,54,0.05,cov-AK,0.9615384615384616,52,
pad,54,0.05,sens-AK,,52,1.0
pad,54,0.05,cov-BKL,1.0,7,
pad,54,0.05,cov-SCC,0.9210526315789473,38,
pad,54,0.05,sens-SCC,,38,1.0
pad,54,0.1,cov-MEL,0.7777777777777778,9,
pad,54,0.1,sens-MEL,,9,1.0
pad,54,0.1,cov-NV,1.0,7,
pad,54,0.1,cov-BCC,0.9221556886227545,167,
pad,54,0.1,sens-BCC,,167,1.0
pad,54,0.1,cov-AK,0.9423076923076923,52,
pad,54,0.1,sens-AK,,52,1.0
pad,54,0.1,cov-BKL,0.8571428571428571,7,
pad,54,0.1,cov-SCC,0.7631578947368421,38,
pad,54,0.1,sens-SCC,,38,1.0
pad,54,0.15,cov-MEL,0.7777777777777778,9,
pad,54,0.15,sens-MEL,,9,1.0
pad,54,0.15,cov-NV,1.0,7,
pad,54,0.15,cov-BCC,0.874251497005988,167,
pad,54,0.15,sens-BCC,,167,1.0
pad,54,0.15,cov-AK,0.8846153846153846,52,
pad,54,0.15,sens-AK,,52,1.0
pad,54,0.15,cov-BKL,0.7142857142857143,7,
pad,54,0.15,cov-SCC,0.6842105263157895,38,
pad,54,0.15,sens-SCC,,38,1.0
hiba,55,0.05,cov-MEL,1.0,51,
hiba,55,0.05,sens-MEL,,51,1.0
hiba,55,0.05,cov-NV,1.0,178,
hiba,55,0.05,cov-BCC,0.9714285714285714,70,
hiba,55,0.05,sens-BCC,,70,1.0
hiba,55,0.05,cov-AK,0.9230769230769231,13,
hiba,55,0.05,sens-AK,,13,1.0
hiba,55,0.05,cov-BKL,1.0,21,
hiba,55,0.05,cov-DF,0.7692307692307693,13,
hiba,55,0.05,cov-VASC,0.625,8,
hiba,55,0.05,cov-SCC,0.68,25,
hiba,55,0.05,sens-SCC,,25,1.0
hiba,55,0.1,cov-MEL,0.9215686274509803,51,
hiba,55,0.1,sens-MEL,,51,0.9411764705882353
hiba,55,0.1,cov-NV,0.9943820224719101,178,
hiba,55,0.1,cov-BCC,0.9,70,
hiba,55,0.1,sens-BCC,,70,1.0
hiba,55,0.1,cov-AK,0.8461538461538461,13,
hiba,55,0.1,sens-AK,,13,1.0
hiba,55,0.1,cov-BKL,0.9523809523809523,21,
hiba,55,0.1,cov-DF,0.5384615384615384,13,
hiba,55,0.1,cov-VASC,0.5,8,
hiba,55,0.1,cov-SCC,0.52,25,
hiba,55,0.1,sens-SCC,,25,0.96
hiba,55,0.15,cov-MEL,0.9215686274509803,51,
hiba,55,0.15,sens-MEL,,51,0.9215686274509803
hiba,55,0.15,cov-NV,0.9662921348314607,178,
hiba,55,0.15,cov-BCC,0.8714285714285714,70,
hiba,55,0.15,sens-BCC,,70,1.0
hiba,55,0.15,cov-AK,0.7692307692307693,13,
hiba,55,0.15,sens-AK,,13,1.0
hiba,55,0.15,cov-BKL,0.7142857142857143,21,
hiba,55,0.15,cov-DF,0.23076923076923078,13,
hiba,55,0.15,cov-VASC,0.375,8,
hiba,55,0.15,cov-SCC,0.48,25,
hiba,55,0.15,sens-SCC,,25,1.0
pad,55,0.05,cov-MEL,1.0,10,
pad,55,0.05,sens-MEL,,10,1.0
pad,55,0.05,cov-NV,1.0,10,
pad,55,0.05,cov-BCC,0.9830508474576272,177,
pad,55,0.05,sens-BCC,,177,1.0
pad,55,0.05,cov-AK,0.9090909090909091,44,
pad,55,0.05,sens-AK,,44,1.0
pad,55,0.05,cov-BKL,1.0,9,
pad,55,0.05,cov-SCC,0.9024390243902439,41,
pad,55,0.05,sens-SCC,,41,1.0
pad,55,0.1,cov-MEL,1.0,10,
pad,55,0.1,sens-MEL,,10,1.0
pad,55,0.1,cov-NV,1.0,10,
pad,55,0.1,cov-BCC,0.9717514124293786,177,
pad,55,0.1,sens-BCC,,177,1.0
pad,55,0.1,cov-AK,0.8863636363636364,44,
pad,55,0.1,sens-AK,,44,1.0
pad,55,0.1,cov-BKL,1.0,9,
pad,55,0.1,cov-SCC,0.8048780487804879,41,
pad,55,0.1,sens-SCC,,41,1.0
pad,55,0.15,cov-MEL,0.9,10,
pad,55,0.15,sens-MEL,,10,1.0
pad,55,0.15,cov-NV,1.0,10,
pad,55,0.15,cov-BCC,0.9152542372881356,177,
pad,55,0.15,sens-BCC,,177,1.0
pad,55,0.15,cov-AK,0.8636363636363636,44,
pad,55,0.15,sens-AK,,44,1.0
pad,55,0.15,cov-BKL,1.0,9,
pad,55,0.15,cov-SCC,0.6829268292682927,41,
pad,55,0.15,sens-SCC,,41,1.0
hiba,56,0.05,cov-MEL,1.0,61,
hiba,56,0.05,sens-MEL,,61,1.0
hiba,56,0.05,cov-NV,1.0,132,
hiba,56,0.05,cov-BCC,0.9827586206896551,58,
hiba,56,0.05,sens-BCC,,58,1.0
hiba,56,0.05,cov-AK,1.0,11,
hiba,56,0.05,sens-AK,,11,1.0
hiba,56,0.05,cov-BKL,1.0,19,
hiba,56,0.05,cov-DF,0.7777777777777778,9,
hiba,56,0.05,cov-VASC,1.0,12,
hiba,56,0.05,cov-SCC,0.8823529411764706,17,
hiba,56,0.05,sens-SCC,,17,1.0
hiba,56,0.1,cov-MEL,0.9344262295081968,61,
hiba,56,0.1,sens-MEL,,61,0.9836065573770492
hiba,56,0.1,cov-NV,0.9848484848484849,132,
hiba,56,0.1,cov-BCC,0.9137931034482759,58,
hiba,56,0.1,sens-BCC,,58,1.0
hiba,56,0.1,cov-AK,0.9090909090909091,11,
hiba,56,0.1,sens-AK,,11,1.0
hiba,56,0.1,cov-BKL,0.9473684210526315,19,
hiba,56,0.1,cov-DF,0.4444444444444444,9,
hiba,56,0.1,cov-VASC,0.9166666666666666,12,
hiba,56,0.1,cov-SCC,0.8823529411764706,17,
hiba,56,0.1,sens-SCC,,17,1.0
hiba,56,0.15,cov-MEL,0.9016393442622951,61,
hiba,56,0.15,sens-MEL,,61,0.9836065573770492
hiba,56,0.15,cov-NV,0.9848484848484849,132,
hiba,56,0.15,cov-BCC,0.8793103448275862,58,
hiba,56,0.15,sens-BCC,,58,0.9827586206896551
hiba,56,0.15,cov-AK,0.9090909090909091,11,
hiba,56,0.15,sens-AK,,11,1.0
hiba,56,0.15,cov-BKL,0.9473684210526315,19,
hiba,56,0.15,cov-DF,0.2222222222222222,9,
hiba,56,0.15,cov-VASC,0.9166666666666666,12,
hiba,56,0.15,cov-SCC,0.8823529411764706,17,
hiba,56,0.15,sens-SCC,,17,1.0
pad,56,0.05,cov-MEL,1.0,9,
pad,56,0.05,sens-MEL,,9,1.0
pad,56,0.05,cov-NV,0.9285714285714286,14,
pad,56,0.05,cov-BCC,0.9869281045751634,153,
pad,56,0.05,sens-BCC,,153,1.0
pad,56,0.05,cov-AK,0.9148936170212766,47,
pad,56,0.05,sens-AK,,47,1.0
pad,56,0.05,cov-BKL,1.0,7,
pad,56,0.05,cov-SCC,0.8421052631578947,38,
pad,56,0.05,sens-SCC,,38,1.0
pad,56,0.1,cov-MEL,0.8888888888888888,9,
pad,56,0.1,sens-MEL,,9,1.0
pad,56,0.1,cov-NV,0.9285714285714286,14,
pad,56,0.1,cov-BCC,0.9607843137254902,153,
pad,56,0.1,sens-BCC,,153,1.0
pad,56,0.1,cov-AK,0.9148936170212766,47,
pad,56,0.1,sens-AK,,47,1.0
pad,56,0.1,cov-BKL,1.0,7,
pad,56,0.1,cov-SCC,0.7894736842105263,38,
pad,56,0.1,sens-SCC,,38,1.0
pad,56,0.15,cov-MEL,0.7777777777777778,9,
pad,56,0.15,sens-MEL,,9,1.0
pad,56,0.15,cov-NV,0.9285714285714286,14,
pad,56,0.15,cov-BCC,0.9215686274509803,153,
pad,56,0.15,sens-BCC,,153,1.0
pad,56,0.15,cov-AK,0.8936170212765957,47,
pad,56,0.15,sens-AK,,47,1.0
pad,56,0.15,cov-BKL,1.0,7,
pad,56,0.15,cov-SCC,0.631578947368421,38,
pad,56,0.15,sens-SCC,,38,1.0
hiba,57,0.05,cov-MEL,0.9767441860465116,43,
hiba,57,0.05,sens-MEL,,43,1.0
hiba,57,0.05,cov-NV,1.0,219,
hiba,57,0.05,cov-BCC,0.9726027397260274,73,
hiba,57,0.05,sens-BCC,,73,1.0
hiba,57,0.05,cov-AK,0.7857142857142857,14,
hiba,57,0.05,sens-AK,,14,1.0
hiba,57,0.05,cov-BKL,1.0,18,
hiba,57,0.05,cov-DF,1.0,12,
hiba,57,0.05,cov-VASC,1.0,14,
hiba,57,0.05,cov-SCC,0.8636363636363636,22,
hiba,57,0.05,sens-SCC,,22,1.0
hiba,57,0.1,cov-MEL,0.9069767441860465,43,
hiba,57,0.1,sens-MEL,,43,0.9534883720930233
hiba,57,0.1,cov-NV,1.0,219,
hiba,57,0.1,cov-BCC,0.958904109589041,73,
hiba,57,0.1,sens-BCC,,73,1.0
hiba,57,0.1,cov-AK,0.7142857142857143,14,
hiba,57,0.1,sens-AK,,14,1.0
hiba,57,0.1,cov-BKL,1.0,18,
hiba,57,0.1,cov-DF,0.5833333333333334,12,
hiba,57,0.1,cov-VASC,0.7857142857142857,14,
hiba,57,0.1,cov-SCC,0.7727272727272727,22,
hiba,57,0.1,sens-SCC,,22,1.0
hiba,57,0.15,cov-MEL,0.8604651162790697,43,
hiba,57,0.15,sens-MEL,,43,0.9302325581395349
hiba,57,0.15,cov-NV,0.9954337899543378,219,
hiba,57,0.15,cov-BCC,0.9178082191780822,73,
hiba,57,0.15,sens-BCC,,73,0.9863013698630136
hiba,57,0.15,cov-AK,0.7142857142857143,14,
hiba,57,0.15,sens-AK,,14,1.0
hiba,57,0.15,cov-BKL,1.0,18,
hiba,57,0.15,cov-DF,0.4166666666666667,12,
hiba,57,0.15,cov-VASC,0.7857142857142857,14,
hiba,57,0.15,cov-SCC,0.6363636363636364,22,
hiba,57,0.15,sens-SCC,,22,1.0
pad,57,0.05,cov-MEL,1.0,11,
pad,57,0.05,sens-MEL,,11,1.0
pad,57,0.05,cov-NV,0.9,10,
pad,57,0.05,cov-BCC,0.96875,160,
pad,57,0.05,sens-BCC,,160,1.0
pad,57,0.05,cov-AK,0.9365079365079365,63,
pad,57,0.05,sens-AK,,63,1.0
pad,57,0.05,cov-BKL,1.0,6,
pad,57,0.05,cov-SCC,0.8181818181818182,22,
pad,57,0.05,sens-SCC,,22,1.0
pad,57,0.1,cov-MEL,0.9090909090909091,11,
pad,57,0.1,sens-MEL,,11,1.0
pad,57,0.1,cov-NV,0.9,10,
pad,57,0.1,cov-BCC,0.94375,160,
pad,57,0.1,sens-BCC,,160,1.0
pad,57,0.1,cov-AK,0.9365079365079365,63,
pad,57,0.1,sens-AK,,63,1.0
pad,57,0.1,cov-BKL,1.0,6,
pad,57,0.1,cov-SCC,0.8181818181818182,22,
pad,57,0.1,sens-SCC,,22,1.0
pad,57,0.15,cov-MEL,0.9090909090909091,11,
pad,57,0.15,sens-MEL,,11,1.0
pad,57,0.15,cov-NV,0.9,10,
pad,57,0.15,cov-BCC,0.9,160,
pad,57,0.15,sens-BCC,,160,1.0
pad,57,0.15,cov-AK,0.9206349206349206,63,
pad,57,0.15,sens-AK,,63,1.0
pad,57,0.15,cov-BKL,1.0,6,
pad,57,0.15,cov-SCC,0.5909090909090909,22,
pad,57,0.15,sens-SCC,,22,1.0
hiba,58,0.05,cov-MEL,0.9565217391304348,46,
hiba,58,0.05,sens-MEL,,46,1.0
hiba,58,0.05,cov-NV,1.0,185,
hiba,58,0.05,cov-BCC,0.9827586206896551,58,
hiba,58,0.05,sens-BCC,,58,1.0
hiba,58,0.05,cov-AK,0.9230769230769231,13,
hiba,58,0.05,sens-AK,,13,1.0
hiba,58,0.05,cov-BKL,1.0,18,
hiba,58,0.05,cov-DF,0.6666666666666666,9,
hiba,58,0.05,cov-VASC,1.0,11,
hiba,58,0.05,cov-SCC,0.8181818181818182,22,
hiba,58,0.05,sens-SCC,,22,1.0
hiba,58,0.1,cov-MEL,0.9565217391304348,46,
hiba,58,0.1,sens-MEL,,46,1.0
hiba,58,0.1,cov-NV,1.0,185,
hiba,58,0.1,cov-BCC,0.9827586206896551,58,
hiba,58,0.1,sens-BCC,,58,1.0
hiba,58,0.1,cov-AK,0.8461538461538461,13,
hiba,58,0.1,sens-AK,,13,1.0
hiba,58,0.1,cov-BKL,1.0,18,
hiba,58,0.1,cov-DF,0.4444444444444444,9,
hiba,58,0.1,cov-VASC,0.9090909090909091,11,
hiba,58,0.1,cov-SCC,0.8181818181818182,22,
hiba,58,0.1,sens-SCC,,22,1.0
hiba,58,0.15,cov-MEL,0.9347826086956522,46,
hiba,58,0.15,sens-MEL,,46,1.0
hiba,58,0.15,cov-NV,1.0,185,
hiba,58,0.15,cov-BCC,0.9655172413793104,58,
hiba,58,0.15,sens-BCC,,58,1.0
hiba,58,0.15,cov-AK,0.8461538461538461,13,
hiba,58,0.15,sens-AK,,13,1.0
hiba,58,0.15,cov-BKL,1.0,18,
hiba,58,0.15,cov-DF,0.3333333333333333,9,
hiba,58,0.15,cov-VASC,0.9090909090909091,11,
hiba,58,0.15,cov-SCC,0.6818181818181818,22,
hiba,58,0.15,sens-SCC,,22,0.9545454545454546
pad,58,0.05,cov-MEL,1.0,12,
pad,58,0.05,sens-MEL,,12,1.0
pad,58,0.05,cov-NV,1.0,4,
pad,58,0.05,cov-BCC,1.0,176,
pad,58,0.05,sens-BCC,,176,1.0
pad,58,0.05,cov-AK,0.9607843137254902,51,
pad,58,0.05,sens-AK,,51,1.0
pad,58,0.05,cov-BKL,1.0,7,
pad,58,0.05,cov-SCC,0.9354838709677419,31,
pad,58,0.05,sens-SCC,,31,1.0
pad,58,0.1,cov-MEL,1.0,12,
pad,58,0.1,sens-MEL,,12,1.0
pad,58,0.1,cov-NV,1.0,4,
pad,58,0.1,cov-BCC,0.9488636363636364,176,
pad,58,0.1,sens-BCC,,176,1.0
pad,58,0.1,cov-AK,0.9215686274509803,51,
pad,58,0.1,sens-AK,,51,1.0
pad,58,0.1,cov-BKL,1.0,7,
pad,58,0.1,cov-SCC,0.8709677419354839,31,
pad,58,0.1,sens-SCC,,31,1.0
pad,58,0.15,cov-MEL,1.0,12,
pad,58,0.15,sens-MEL,,12,1.0
pad,58,0.15,cov-NV,1.0,4,
pad,58,0.15,cov-BCC,0.8977272727272727,176,
pad,58,0.15,sens-BCC,,176,1.0
pad,58,0.15,cov-AK,0.8823529411764706,51,
pad,58,0.15,sens-AK,,51,1.0
pad,58,0.15,cov-BKL,1.0,7,
pad,58,0.15,cov-SCC,0.7419354838709677,31,
pad,58,0.15,sens-SCC,,31,1.0
hiba,59,0.05,cov-MEL,1.0,58,
hiba,59,0.05,sens-MEL,,58,1.0
hiba,59,0.05,cov-NV,1.0,142,
hiba,59,0.05,cov-BCC,0.96875,64,
hiba,59,0.05,sens-BCC,,64,1.0
hiba,59,0.05,cov-AK,1.0,12,
hiba,59,0.05,sens-AK,,12,1.0
hiba,59,0.05,cov-BKL,1.0,11,
hiba,59,0.05,cov-DF,0.8571428571428571,7,
hiba,59,0.05,cov-VASC,1.0,7,
hiba,59,0.05,cov-SCC,1.0,28,
hiba,59,0.05,sens-SCC,,28,1.0
hiba,59,0.1,cov-MEL,0.8793103448275862,58,
hiba,59,0.1,sens-MEL,,58,0.9827586206896551
hiba,59,0.1,cov-NV,1.0,142,
hiba,59,0.1,cov-BCC,0.953125,64,
hiba,59,0.1,sens-BCC,,64,1.0
hiba,59,0.1,cov-AK,1.0,12,
hiba,59,0.1,sens-AK,,12,1.0
hiba,59,0.1,cov-BKL,1.0,11,
hiba,59,0.1,cov-DF,0.7142857142857143,7,
hiba,59,0.1,cov-VASC,1.0,7,
hiba,59,0.1,cov-SCC,0.8928571428571429,28,
hiba,59,0.1,sens-SCC,,28,1.0
hiba,59,0.15,cov-MEL,0.8275862068965517,58,
hiba,59,0.15,sens-MEL,,58,0.9655172413793104
hiba,59,0.15,cov-NV,0.9859154929577465,142,
hiba,59,0.15,cov-BCC,0.890625,64,
hiba,59,0.15,sens-BCC,,64,0.984375
hiba,59,0.15,cov-AK,1.0,12,
hiba,59,0.15,sens-AK,,12,1.0
hiba,59,0.15,cov-BKL,1.0,11,
hiba,59,0.15,cov-DF,0.14285714285714285,7,
hiba,59,0.15,cov-VASC,0.8571428571428571,7,
hiba,59,0.15,cov-SCC,0.7142857142857143,28,
hiba,59,0.15,sens-SCC,,28,0.9642857142857143
pad,59,0.05,cov-MEL,0.9090909090909091,11,
pad,59,0.05,sens-MEL,,11,1.0
pad,59,0.05,cov-NV,1.0,11,
pad,59,0.05,cov-BCC,0.9811320754716981,159,
pad,59,0.05,sens-BCC,,159,1.0
pad,59,0.05,cov-AK,0.9444444444444444,54,
pad,59,0.05,sens-AK,,54,1.0
pad,59,0.05,cov-BKL,1.0,5,
pad,59,0.05,cov-SCC,0.9090909090909091,33,
pad,59,0.05,sens-SCC,,33,1.0
pad,59,0.1,cov-MEL,0.9090909090909091,11,
pad,59,0.1,sens-MEL,,11,1.0
pad,59,0.1,cov-NV,1.0,11,
pad,59,0.1,cov-BCC,0.9182389937106918,159,
pad,59,0.1,sens-BCC,,159,1.0
pad,59,0.1,cov-AK,0.9259259259259259,54,
pad,59,0.1,sens-AK,,54,1.0
pad,59,0.1,cov-BKL,1.0,5,
pad,59,0.1,cov-SCC,0.8181818181818182,33,
pad,59,0.1,sens-SCC,,33,1.0
pad,59,0.15,cov-MEL,0.9090909090909091,11,
pad,59,0.15,sens-MEL,,11,1.0
pad,59,0.15,cov-NV,1.0,11,
pad,59,0.15,cov-BCC,0.8867924528301887,159,
pad,59,0.15,sens-BCC,,159,1.0
pad,59,0.15,cov-AK,0.8703703703703703,54,
pad,59,0.15,sens-AK,,54,1.0
pad,59,0.15,cov-BKL,1.0,5,
pad,59,0.15,cov-SCC,0.7575757575757576,33,
pad,59,0.15,sens-SCC,,33,1.0
hiba,60,0.05,cov-MEL,1.0,45,
hiba,60,0.05,sens-MEL,,45,1.0
hiba,60,0.05,cov-NV,1.0,123,
hiba,60,0.05,cov-BCC,1.0,60,
hiba,60,0.05,sens-BCC,,60,1.0
hiba,60,0.05,cov-AK,1.0,6,
hiba,60,0.05,sens-AK,,6,1.0
hiba,60,0.05,cov-BKL,1.0,15,
hiba,60,0.05,cov-DF,0.7142857142857143,14,
hiba,60,0.05,cov-VASC,1.0,7,
hiba,60,0.05,cov-SCC,0.8846153846153846,26,
hiba,60,0.05,sens-SCC,,26,1.0
hiba,60,0.1,cov-MEL,1.0,45,
hiba,60,0.1,sens-MEL,,45,1.0
hiba,60,0.1,cov-NV,1.0,123,
hiba,60,0.1,cov-BCC,0.9833333333333333,60,
hiba,60,0.1,sens-BCC,,60,1.0
hiba,60,0.1,cov-AK,1.0,6,
hiba,60,0.1,sens-AK,,6,1.0
hiba,60,0.1,cov-BKL,0.9333333333333333,15,
hiba,60,0.1,cov-DF,0.5,14,
hiba,60,0.1,cov-VASC,0.8571428571428571,7,
hiba,60,0.1,cov-SCC,0.8846153846153846,26,
hiba,60,0.1,sens-SCC,,26,1.0
hiba,60,0.15,cov-MEL,0.9555555555555556,45,
hiba,60,0.15,sens-MEL,,45,0.9555555555555556
hiba,60,0.15,cov-NV,1.0,123,
hiba,60,0.15,cov-BCC,0.95,60,
hiba,60,0.15,sens-BCC,,60,1.0
hiba,60,0.15,cov-AK,1.0,6,
hiba,60,0.15,sens-AK,,6,1.0
hiba,60,0.15,cov-BKL,0.8666666666666667,15,
hiba,60,0.15,cov-DF,0.35714285714285715,14,
hiba,60,0.15,cov-VASC,0.7142857142857143,7,
hiba,60,0.15,cov-SCC,0.7692307692307693,26,
hiba,60,0.15,sens-SCC,,26,1.0
pad,60,0.05,cov-MEL,0.9090909090909091,11,
pad,60,0.05,sens-MEL,,11,1.0
pad,60,0.05,cov-NV,1.0,10,
pad,60,0.05,cov-BCC,0.9861111111111112,144,
pad,60,0.05,sens-BCC,,144,1.0
pad,60,0.05,cov-AK,0.9523809523809523,63,
pad,60,0.05,sens-AK,,63,1.0
pad,60,0.05,cov-BKL,1.0,10,
pad,60,0.05,cov-SCC,0.925,40,
pad,60,0.05,sens-SCC,,40,1.0
pad,60,0.1,cov-MEL,0.8181818181818182,11,
pad,60,0.1,sens-MEL,,11,1.0
pad,60,0.1,cov-NV,1.0,10,
pad,60,0.1,cov-BCC,0.9513888888888888,144,
pad,60,0.1,sens-BCC,,144,1.0
pad,60,0.1,cov-AK,0.9365079365079365,63,
pad,60,0.1,sens-AK,,63,1.0
pad,60,0.1,cov-BKL,1.0,10,
pad,60,0.1,cov-SCC,0.85,40,
pad,60,0.1,sens-SCC,,40,1.0
pad,60,0.15,cov-MEL,0.7272727272727273,11,
pad,60,0.15,sens-MEL,,11,1.0
pad,60,0.15,cov-NV,1.0,10,
pad,60,0.15,cov-BCC,0.875,144,
pad,60,0.15,sens-BCC,,144,1.0
pad,60,0.15,cov-AK,0.8253968253968254,63,
pad,60,0.15,sens-AK,,63,1.0
pad,60,0.15,cov-BKL,1.0,10,
pad,60,0.15,cov-SCC,0.65,40,
pad,60,0.15,sens-SCC,,40,1.0
hiba,61,0.05,cov-MEL,0.9787234042553191,47,
hiba,61,0.05,sens-MEL,,47,1.0
hiba,61,0.05,cov-NV,1.0,110,
hiba,61,0.05,cov-BCC,0.9508196721311475,61,
hiba,61,0.05,sens-BCC,,61,1.0
hiba,61,0.05,cov-AK,1.0,10,
hiba,61,0.05,sens-AK,,10,1.0
hiba,61,0.05,cov-BKL,1.0,19,
hiba,61,0.05,cov-DF,0.6666666666666666,12,
hiba,61,0.05,cov-VASC,1.0,18,
hiba,61,0.05,cov-SCC,0.9523809523809523,21,
hiba,61,0.05,sens-SCC,,21,1.0
hiba,61,0.1,cov-MEL,0.8936170212765957,47,
hiba,61,0.1,sens-MEL,,47,1.0
hiba,61,0.1,cov-NV,1.0,110,
hiba,61,0.1,cov-BCC,0.8688524590163934,61,
hiba,61,0.1,sens-BCC,,61,1.0
hiba,61,0.1,cov-AK,0.9,10,
hiba,61,0.1,sens-AK,,10,1.0
hiba,61,0.1,cov-BKL,1.0,19,
hiba,61,0.1,cov-DF,0.5,12,
hiba,61,0.1,cov-VASC,0.7777777777777778,18,
hiba,61,0.1,cov-SCC,0.8095238095238095,21,
hiba,61,0.1,sens-SCC,,21,1.0
hiba,61,0.15,cov-MEL,0.8723404255319149,47,
hiba,61,0.15,sens-MEL,,47,0.9574468085106383
hiba,61,0.15,cov-NV,0.9727272727272728,110,
hiba,61,0.15,cov-BCC,0.819672131147541,61,
hiba,61,0.15,sens-BCC,,61,1.0
hiba,61,0.15,cov-AK,0.9,10,
hiba,61,0.15,sens-AK,,10,1.0
hiba,61,0.15,cov-BKL,0.9473684210526315,19,
hiba,61,0.15,cov-DF,0.3333333333333333,12,
hiba,61,0.15,cov-VASC,0.6666666666666666,18,
hiba,61,0.15,cov-SCC,0.7142857142857143,21,
hiba,61,0.15,sens-SCC,,21,0.9523809523809523
pad,61,0.05,cov-MEL,1.0,10,
pad,61,0.05,sens-MEL,,10,1.0
pad,61,0.05,cov-NV,0.75,12,
pad,61,0.05,cov-BCC,0.9871794871794872,156,
pad,61,0.05,sens-BCC,,156,1.0
pad,61,0.05,cov-AK,0.9565217391304348,46,
pad,61,0.05,sens-AK,,46,1.0
pad,61,0.05,cov-BKL,0.8333333333333334,6,
pad,61,0.05,cov-SCC,0.825,40,
pad,61,0.05,sens-SCC,,40,1.0
pad,61,0.1,cov-MEL,0.9,10,
pad,61,0.1,sens-MEL,,10,1.0
pad,61,0.1,cov-NV,0.75,12,
pad,61,0.1,cov-BCC,0.9230769230769231,156,
pad,61,0.1,sens-BCC,,156,1.0
pad,61,0.1,cov-AK,0.9565217391304348,46,
pad,61,0.1,sens-AK,,46,1.0
pad,61,0.1,cov-BKL,0.8333333333333334,6,
pad,61,0.1,cov-SCC,0.725,40,
pad,61,0.1,sens-SCC,,40,1.0
pad,61,0.15,cov-MEL,0.9,10,
pad,61,0.15,sens-MEL,,10,1.0
pad,61,0.15,cov-NV,0.75,12,
pad,61,0.15,cov-BCC,0.8525641025641025,156,
pad,61,0.15,sens-BCC,,156,1.0
pad,61,0.15,cov-AK,0.8478260869565217,46,
pad,61,0.15,sens-AK,,46,1.0
pad,61,0.15,cov-BKL,0.8333333333333334,6,
pad,61,0.15,cov-SCC,0.6,40,
pad,61,0.15,sens-SCC,,40,1.0
hiba,62,0.05,cov-MEL,0.96,50,
hiba,62,0.05,sens-MEL,,50,1.0
hiba,62,0.05,cov-NV,1.0,126,
hiba,62,0.05,cov-BCC,0.9428571428571428,70,
hiba,62,0.05,sens-BCC,,70,1.0
hiba,62,0.05,cov-AK,0.75,16,
hiba,62,0.05,sens-AK,,16,1.0
hiba,62,0.05,cov-BKL,1.0,14,
hiba,62,0.05,cov-DF,0.5833333333333334,12,
hiba,62,0.05,cov-VASC,0.8,10,
hiba,62,0.05,cov-SCC,0.7307692307692307,26,
hiba,62,0.05,sens-SCC,,26,1.0
hiba,62,0.1,cov-MEL,0.88,50,
hiba,62,0.1,sens-MEL,,50,0.98
hiba,62,0.1,cov-NV,1.0,126,
hiba,62,0.1,cov-BCC,0.8857142857142857,70,
hiba,62,0.1,sens-BCC,,70,1.0
hiba,62,0.1,cov-AK,0.75,16,
hiba,62,0.1,sens-AK,,16,1.0
hiba,62,0.1,cov-BKL,0.9285714285714286,14,
hiba,62,0.1,cov-DF,0.4166666666666667,12,
hiba,62,0.1,cov-VASC,0.6,10,
hiba,62,0.1,cov-SCC,0.6538461538461539,26,
hiba,62,0.1,sens-SCC,,26,1.0
hiba,62,0.15,cov-MEL,0.86,50,
hiba,62,0.15,sens-MEL,,50,0.96
hiba,62,0.15,cov-NV,0.9920634920634921,126,
hiba,62,0.15,cov-BCC,0.8142857142857143,70,
hiba,62,0.15,sens-BCC,,70,0.9857142857142858
hiba,62,0.15,cov-AK,0.625,16,
hiba,62,0.15,sens-AK,,16,1.0
hiba,62,0.15,cov-BKL,0.9285714285714286,14,
hiba,62,0.15,cov-DF,0.25,12,
hiba,62,0.15,cov-VASC,0.3,10,
hiba,62,0.15,cov-SCC,0.5,26,
hiba,62,0.15,sens-SCC,,26,0.9615384615384616
pad,62,0.05,cov-MEL,0.9230769230769231,13,
pad,62,0.05,sens-MEL,,13,1.0
pad,62,0.05,cov-NV,1.0,14,
pad,62,0.05,cov-BCC,1.0,156,
pad,62,0.05,sens-BCC,,156,1.0
pad,62,0.05,cov-AK,0.9821428571428571,56,
pad,62,0.05,sens-AK,,56,1.0
pad,62,0.05,cov-BKL,1.0,3,
pad,62,0.05,cov-SCC,0.90625,32,
pad,62,0.05,sens-SCC,,32,1.0
pad,62,0.1,cov-MEL,0.7692307692307693,13,
pad,62,0.1,sens-MEL,,13,1.0
pad,62,0.1,cov-NV,1.0,14,
pad,62,0.1,cov-BCC,0.9487179487179487,156,
pad,62,0.1,sens-BCC,,156,1.0
pad,62,0.1,cov-AK,0.9107142857142857,56,
pad,62,0.1,sens-AK,,56,1.0
pad,62,0.1,cov-BKL,1.0,3,
pad,62,0.1,cov-SCC,0.78125,32,
pad,62,0.1,sens-SCC,,32,1.0
pad,62,0.15,cov-MEL,0.7692307692307693,13,
pad,62,0.15,sens-MEL,,13,1.0
pad,62,0.15,cov-NV,1.0,14,
pad,62,0.15,cov-BCC,0.9102564102564102,156,
pad,62,0.15,sens-BCC,,156,1.0
pad,62,0.15,cov-AK,0.875,56,
pad,62,0.15,sens-AK,,56,1.0
pad,62,0.15,cov-BKL,1.0,3,
pad,62,0.15,cov-SCC,0.625,32,
pad,62,0.15,sens-SCC,,32,1.0
hiba,63,0.05,cov-MEL,0.9622641509433962,53,
hiba,63,0.05,sens-MEL,,53,1.0
hiba,63,0.05,cov-NV,1.0,169,
hiba,63,0.05,cov-BCC,0.9859154929577465,71,
hiba,63,0.05,sens-BCC,,71,1.0
hiba,63,0.05,cov-AK,1.0,8,
hiba,63,0.05,sens-AK,,8,1.0
hiba,63,0.05,cov-BKL,1.0,17,
hiba,63,0.05,cov-DF,1.0,13,
hiba,63,0.05,cov-VASC,1.0,6,
hiba,63,0.05,cov-SCC,0.88,25,
hiba,63,0.05,sens-SCC,,25,1.0
hiba,63,0.1,cov-MEL,0.9433962264150944,53,
hiba,63,0.1,sens-MEL,,53,0.9811320754716981
hiba,63,0.1,cov-NV,0.9881656804733728,169,
hiba,63,0.1,cov-BCC,0.9295774647887324,71,
hiba,63,0.1,sens-BCC,,71,1.0
hiba,63,0.1,cov-AK,1.0,8,
hiba,63,0.1,sens-AK,,8,1.0
hiba,63,0.1,cov-BKL,0.9411764705882353,17,
hiba,63,0.1,cov-DF,0.46153846153846156,13,
hiba,63,0.1,cov-VASC,0.6666666666666666,6,
hiba,63,0.1,cov-SCC,0.88,25,
hiba,63,0.1,sens-SCC,,25,1.0
hiba,63,0.15,cov-MEL,0.8679245283018868,53,
hiba,63,0.15,sens-MEL,,53,0.9811320754716981
hiba,63,0.15,cov-NV,0.9763313609467456,169,
hiba,63,0.15,cov-BCC,0.9014084507042254,71,
hiba,63,0.15,sens-BCC,,71,1.0
hiba,63,0.15,cov-AK,1.0,8,
hiba,63,0.15,sens-AK,,8,1.0
hiba,63,0.15,cov-BKL,0.8235294117647058,17,
hiba,63,0.15,cov-DF,0.38461538461538464,13,
hiba,63,0.15,cov-VASC,0.3333333333333333,6,
hiba,63,0.15,cov-SCC,0.68,25,
hiba,63,0.15,sens-SCC,,25,0.96
pad,63,0.05,cov-MEL,1.0,10,
pad,63,0.05,sens-MEL,,10,1.0
pad,63,0.05,cov-NV,1.0,12,
pad,63,0.05,cov-BCC,1.0,168,
pad,63,0.05,sens-BCC,,168,1.0
pad,63,0.05,cov-AK,0.9508196721311475,61,
pad,63,0.05,sens-AK,,61,1.0
pad,63,0.05,cov-BKL,1.0,6,
pad,63,0.05,cov-SCC,0.8717948717948718,39,
pad,63,0.05,sens-SCC,,39,1.0
pad,63,0.1,cov-MEL,1.0,10,
pad,63,0.1,sens-MEL,,10,1.0
pad,63,0.1,cov-NV,1.0,12,
pad,63,0.1,cov-BCC,0.9345238095238095,168,
pad,63,0.1,sens-BCC,,168,1.0
pad,63,0.1,cov-AK,0.9344262295081968,61,
pad,63,0.1,sens-AK,,61,1.0
pad,63,0.1,cov-BKL,1.0,6,
pad,63,0.1,cov-SCC,0.8205128205128205,39,
pad,63,0.1,sens-SCC,,39,1.0
pad,63,0.15,cov-MEL,0.9,10,
pad,63,0.15,sens-MEL,,10,1.0
pad,63,0.15,cov-NV,1.0,12,
pad,63,0.15,cov-BCC,0.8928571428571429,168,
pad,63,0.15,sens-BCC,,168,1.0
pad,63,0.15,cov-AK,0.8688524590163934,61,
pad,63,0.15,sens-AK,,61,1.0
pad,63,0.15,cov-BKL,1.0,6,
pad,63,0.15,cov-SCC,0.6666666666666666,39,
pad,63,0.15,sens-SCC,,39,1.0
hiba,64,0.05,cov-MEL,0.8947368421052632,57,
hiba,64,0.05,sens-MEL,,57,1.0
hiba,64,0.05,cov-NV,1.0,78,
hiba,64,0.05,cov-BCC,0.9838709677419355,62,
hiba,64,0.05,sens-BCC,,62,1.0
hiba,64,0.05,cov-AK,1.0,5,
hiba,64,0.05,sens-AK,,5,1.0
hiba,64,0.05,cov-BKL,1.0,20,
hiba,64,0.05,cov-DF,0.75,16,
hiba,64,0.05,cov-VASC,1.0,11,
hiba,64,0.05,cov-SCC,0.7307692307692307,26,
hiba,64,0.05,sens-SCC,,26,1.0
hiba,64,0.1,cov-MEL,0.7719298245614035,57,
hiba,64,0.1,sens-MEL,,57,0.9473684210526315
hiba,64,0.1,cov-NV,0.9871794871794872,78,
hiba,64,0.1,cov-BCC,0.9354838709677419,62,
hiba,64,0.1,sens-BCC,,62,1.0
hiba,64,0.1,cov-AK,0.8,5,
hiba,64,0.1,sens-AK,,5,1.0
hiba,64,0.1,cov-BKL,1.0,20,
hiba,64,0.1,cov-DF,0.5625,16,
hiba,64,0.1,cov-VASC,0.8181818181818182,11,
hiba,64,0.1,cov-SCC,0.6923076923076923,26,
hiba,64,0.1,sens-SCC,,26,1.0
hiba,64,0.15,cov-MEL,0.7543859649122807,57,
hiba,64,0.15,sens-MEL,,57,0.9122807017543859
hiba,64,0.15,cov-NV,0.9743589743589743,78,
hiba,64,0.15,cov-BCC,0.8870967741935484,62,
hiba,64,0.15,sens-BCC,,62,1.0
hiba,64,0.15,cov-AK,0.8,5,
hiba,64,0.15,sens-AK,,5,1.0
hiba,64,0.15,cov-BKL,0.95,20,
hiba,64,0.15,cov-DF,0.5,16,
hiba,64,0.15,cov-VASC,0.7272727272727273,11,
hiba,64,0.15,cov-SCC,0.5769230769230769,26,
hiba,64,0.15,sens-SCC,,26,0.9615384615384616
pad,64,0.05,cov-MEL,0.875,8,
pad,64,0.05,sens-MEL,,8,1.0
pad,64,0.05,cov-NV,1.0,9,
pad,64,0.05,cov-BCC,0.9824561403508771,171,
pad,64,0.05,sens-BCC,,171,1.0
pad,64,0.05,cov-AK,0.9464285714285714,56,
pad,64,0.05,sens-AK,,56,1.0
pad,64,0.05,cov-BKL,1.0,12,
pad,64,0.05,cov-SCC,0.8888888888888888,36,
pad,64,0.05,sens-SCC,,36,1.0
pad,64,0.1,cov-MEL,0.875,8,
pad,64,0.1,sens-MEL,,8,1.0
pad,64,0.1,cov-NV,1.0,9,
pad,64,0.1,cov-BCC,0.9707602339181286,171,
pad,64,0.1,sens-BCC,,171,1.0
pad,64,0.1,cov-AK,0.9107142857142857,56,
pad,64,0.1,sens-AK,,56,1.0
pad,64,0.1,cov-BKL,1.0,12,
pad,64,0.1,cov-SCC,0.8055555555555556,36,
pad,64,0.1,sens-SCC,,36,1.0
pad,64,0.15,cov-MEL,0.75,8,
pad,64,0.15,sens-MEL,,8,1.0
pad,64,0.15,cov-NV,0.7777777777777778,9,
pad,64,0.15,cov-BCC,0.9181286549707602,171,
pad,64,0.15,sens-BCC,,171,1.0
pad,64,0.15,cov-AK,0.8571428571428571,56,
pad,64,0.15,sens-AK,,56,1.0
pad,64,0.15,cov-BKL,0.9166666666666666,12,
pad,64,0.15,cov-SCC,0.6944444444444444,36,
pad,64,0.15,sens-SCC,,36,1.0
hiba,65,0.05,cov-MEL,0.9827586206896551,58,
hiba,65,0.05,sens-MEL,,58,1.0
hiba,65,0.05,cov-NV,1.0,171,
hiba,65,0.05,cov-BCC,0.9807692307692307,52,
hiba,65,0.05,sens-BCC,,52,1.0
hiba,65,0.05,cov-AK,1.0,9,
hiba,65,0.05,sens-AK,,9,1.0
hiba,65,0.05,cov-BKL,1.0,16,
hiba,65,0.05,cov-DF,0.5,4,
hiba,65,0.05,cov-VASC,1.0,12,
hiba,65,0.05,cov-SCC,0.9166666666666666,24,
hiba,65,0.05,sens-SCC,,24,1.0
hiba,65,0.1,cov-MEL,0.9655172413793104,58,
hiba,65,0.1,sens-MEL,,58,1.0
hiba,65,0.1,cov-NV,0.9941520467836257,171,
hiba,65,0.1,cov-BCC,0.9807692307692307,52,
hiba,65,0.1,sens-BCC,,52,1.0
hiba,65,0.1,cov-AK,0.8888888888888888,9,
hiba,65,0.1,sens-AK,,9,1.0
hiba,65,0.1,cov-BKL,1.0,16,
hiba,65,0.1,cov-DF,0.25,4,
hiba,65,0.1,cov-VASC,0.75,12,
hiba,65,0.1,cov-SCC,0.875,24,
hiba,65,0.1,sens-SCC,,24,1.0
hiba,65,0.15,cov-MEL,0.9655172413793104,58,
hiba,65,0.15,sens-MEL,,58,0.9827586206896551
hiba,65,0.15,cov-NV,0.9883040935672515,171,
hiba,65,0.15,cov-BCC,0.9423076923076923,52,
hiba,65,0.15,sens-BCC,,52,1.0
hiba,65,0.15,cov-AK,0.8888888888888888,9,
hiba,65,0.15,sens-AK,,9,1.0
hiba,65,0.15,cov-BKL,1.0,16,
hiba,65,0.15,cov-DF,0.0,4,
hiba,65,0.15,cov-VASC,0.75,12,
hiba,65,0.15,cov-SCC,0.7916666666666666,24,
hiba,65,0.15,sens-SCC,,24,1.0
pad,65,0.05,cov-MEL,1.0,12,
pad,65,0.05,sens-MEL,,12,1.0
pad,65,0.05,cov-NV,0.9090909090909091,11,
pad,65,0.05,cov-BCC,0.9806451612903225,155,
pad,65,0.05,sens-BCC,,155,1.0
pad,65,0.05,cov-AK,0.9714285714285714,70,
pad,65,0.05,sens-AK,,70,1.0
pad,65,0.05,cov-BKL,0.875,8,
pad,65,0.05,cov-SCC,0.8888888888888888,36,
pad,65,0.05,sens-SCC,,36,1.0
pad,65,0.1,cov-MEL,0.8333333333333334,12,
pad,65,0.1,sens-MEL,,12,1.0
pad,65,0.1,cov-NV,0.8181818181818182,11,
pad,65,0.1,cov-BCC,0.9032258064516129,155,
pad,65,0.1,sens-BCC,,155,1.0
pad,65,0.1,cov-AK,0.9,70,
pad,65,0.1,sens-AK,,70,1.0
pad,65,0.1,cov-BKL,0.875,8,
pad,65,0.1,cov-SCC,0.7222222222222222,36,
pad,65,0.1,sens-SCC,,36,1.0
pad,65,0.15,cov-MEL,0.75,12,
pad,65,0.15,sens-MEL,,12,1.0
pad,65,0.15,cov-NV,0.8181818181818182,11,
pad,65,0.15,cov-BCC,0.8709677419354839,155,
pad,65,0.15,sens-BCC,,155,1.0
pad,65,0.15,cov-AK,0.8285714285714286,70,
pad,65,0.15,sens-AK,,70,1.0
pad,65,0.15,cov-BKL,0.875,8,
pad,65,0.15,cov-SCC,0.5833333333333334,36,
pad,65,0.15,sens-SCC,,36,1.0
hiba,66,0.05,cov-MEL,0.9807692307692307,52,
hiba,66,0.05,sens-MEL,,52,1.0
hiba,66,0.05,cov-NV,1.0,155,
hiba,66,0.05,cov-BCC,0.9830508474576272,59,
hiba,66,0.05,sens-BCC,,59,1.0
hiba,66,0.05,cov-AK,0.7647058823529411,17,
hiba,66,0.05,sens-AK,,17,1.0
hiba,66,0.05,cov-BKL,1.0,14,
hiba,66,0.05,cov-DF,0.6666666666666666,9,
hiba,66,0.05,cov-VASC,0.9166666666666666,12,
hiba,66,0.05,cov-SCC,0.9166666666666666,24,
hiba,66,0.05,sens-SCC,,24,1.0
hiba,66,0.1,cov-MEL,0.9615384615384616,52,
hiba,66,0.1,sens-MEL,,52,0.9807692307692307
hiba,66,0.1,cov-NV,0.9870967741935484,155,
hiba,66,0.1,cov-BCC,0.9830508474576272,59,
hiba,66,0.1,sens-BCC,,59,1.0
hiba,66,0.1,cov-AK,0.7058823529411765,17,
hiba,66,0.1,sens-AK,,17,1.0
hiba,66,0.1,cov-BKL,0.9285714285714286,14,
hiba,66,0.1,cov-DF,0.4444444444444444,9,
hiba,66,0.1,cov-VASC,0.5833333333333334,12,
hiba,66,0.1,cov-SCC,0.9166666666666666,24,
hiba,66,0.1,sens-SCC,,24,1.0
hiba,66,0.15,cov-MEL,0.9423076923076923,52,
hiba,66,0.15,sens-MEL,,52,0.9807692307692307
hiba,66,0.15,cov-NV,0.9870967741935484,155,
hiba,66,0.15,cov-BCC,0.9322033898305084,59,
hiba,66,0.15,sens-BCC,,59,1.0
hiba,66,0.15,cov-AK,0.7058823529411765,17,
hiba,66,0.15,sens-AK,,17,1.0
hiba,66,0.15,cov-BKL,0.8571428571428571,14,
hiba,66,0.15,cov-DF,0.2222222222222222,9,
hiba,66,0.15,cov-VASC,0.3333333333333333,12,
hiba,66,0.15,cov-SCC,0.8333333333333334,24,
hiba,66,0.15,sens-SCC,,24,1.0
pad,66,0.05,cov-MEL,1.0,10,
pad,66,0.05,sens-MEL,,10,1.0
pad,66,0.05,cov-NV,1.0,10,
pad,66,0.05,cov-BCC,1.0,152,
pad,66,0.05,sens-BCC,,152,1.0
pad,66,0.05,cov-AK,0.9642857142857143,56,
pad,66,0.05,sens-AK,,56,1.0
pad,66,0.05,cov-BKL,1.0,5,
pad,66,0.05,cov-SCC,0.8536585365853658,41,
pad,66,0.05,sens-SCC,,41,1.0
pad,66,0.1,cov-MEL,0.9,10,
pad,66,0.1,sens-MEL,,10,1.0
pad,66,0.1,cov-NV,1.0,10,
pad,66,0.1,cov-BCC,0.9671052631578947,152,
pad,66,0.1,sens-BCC,,152,1.0
pad,66,0.1,cov-AK,0.9285714285714286,56,
pad,66,0.1,sens-AK,,56,1.0
pad,66,0.1,cov-BKL,0.8,5,
pad,66,0.1,cov-SCC,0.7560975609756098,41,
pad,66,0.1,sens-SCC,,41,1.0
pad,66,0.15,cov-MEL,0.9,10,
pad,66,0.15,sens-MEL,,10,1.0
pad,66,0.15,cov-NV,1.0,10,
pad,66,0.15,cov-BCC,0.9210526315789473,152,
pad,66,0.15,sens-BCC,,152,1.0
pad,66,0.15,cov-AK,0.9285714285714286,56,
pad,66,0.15,sens-AK,,56,1.0
pad,66,0.15,cov-BKL,0.8,5,
pad,66,0.15,cov-SCC,0.6341463414634146,41,
pad,66,0.15,sens-SCC,,41,1.0
hiba,67,0.05,cov-MEL,0.9807692307692307,52,
hiba,67,0.05,sens-MEL,,52,1.0
hiba,67,0.05,cov-NV,1.0,70,
hiba,67,0.05,cov-BCC,1.0,77,
hiba,67,0.05,sens-BCC,,77,1.0
hiba,67,0.05,cov-AK,1.0,7,
hiba,67,0.05,sens-AK,,7,1.0
hiba,67,0.05,cov-BKL,1.0,10,
hiba,67,0.05,cov-DF,0.6923076923076923,13,
hiba,67,0.05,cov-VASC,1.0,8,
hiba,67,0.05,cov-SCC,0.967741935483871,31,
hiba,67,0.05,sens-SCC,,31,1.0
hiba,67,0.1,cov-MEL,0.8461538461538461,52,
hiba,67,0.1,sens-MEL,,52,0.9423076923076923
hiba,67,0.1,cov-NV,0.9857142857142858,70,
hiba,67,0.1,cov-BCC,0.974025974025974,77,
hiba,67,0.1,sens-BCC,,77,1.0
hiba,67,0.1,cov-AK,1.0,7,
hiba,67,0.1,sens-AK,,7,1.0
hiba,67,0.1,cov-BKL,0.9,10,
hiba,67,0.1,cov-DF,0.3076923076923077,13,
hiba,67,0.1,cov-VASC,0.875,8,
hiba,67,0.1,cov-SCC,0.8387096774193549,31,
hiba,67,0.1,sens-SCC,,31,1.0
hiba,67,0.15,cov-MEL,0.8269230769230769,52,
hiba,67,0.15,sens-MEL,,52,0.9423076923076923
hiba,67,0.15,cov-NV,0.9714285714285714,70,
hiba,67,0.15,cov-BCC,0.922077922077922,77,
hiba,67,0.15,sens-BCC,,77,1.0
hiba,67,0.15,cov-AK,1.0,7,
hiba,67,0.15,sens-AK,,7,1.0
hiba,67,0.15,cov-BKL,0.8,10,
hiba,67,0.15,cov-DF,0.23076923076923078,13,
hiba,67,0.15,cov-VASC,0.5,8,
hiba,67,0.15,cov-SCC,0.7419354838709677,31,
hiba,67,0.15,sens-SCC,,31,1.0
pad,67,0.05,cov-MEL,1.0,4,
pad,67,0.05,sens-MEL,,4,1.0
pad,67,0.05,cov-NV,0.8571428571428571,7,
pad,67,0.05,cov-BCC,0.9818181818181818,165,
pad,67,0.05,sens-BCC,,165,1.0
pad,67,0.05,cov-AK,0.9264705882352942,68,
pad,67,0.05,sens-AK,,68,1.0
pad,67,0.05,cov-BKL,1.0,6,
pad,67,0.05,cov-SCC,0.8823529411764706,34,
pad,67,0.05,sens-SCC,,34,1.0
pad,67,0.1,cov-MEL,1.0,4,
pad,67,0.1,sens-MEL,,4,1.0
pad,67,0.1,cov-NV,0.8571428571428571,7,
pad,67,0.1,cov-BCC,0.9030303030303031,165,
pad,67,0.1,sens-BCC,,165,1.0
pad,67,0.1,cov-AK,0.8529411764705882,68,
pad,67,0.1,sens-AK,,68,1.0
pad,67,0.1,cov-BKL,1.0,6,
pad,67,0.1,cov-SCC,0.7941176470588235,34,
pad,67,0.1,sens-SCC,,34,1.0
pad,67,0.15,cov-MEL,1.0,4,
pad,67,0.15,sens-MEL,,4,1.0
pad,67,0.15,cov-NV,0.8571428571428571,7,
pad,67,0.15,cov-BCC,0.8606060606060606,165,
pad,67,0.15,sens-BCC,,165,1.0
pad,67,0.15,cov-AK,0.8235294117647058,68,
pad,67,0.15,sens-AK,,68,1.0
pad,67,0.15,cov-BKL,1.0,6,
pad,67,0.15,cov-SCC,0.7058823529411765,34,
pad,67,0.15,sens-SCC,,34,1.0
hiba,68,0.05,cov-MEL,1.0,45,
hiba,68,0.05,sens-MEL,,45,1.0
hiba,68,0.05,cov-NV,1.0,126,
hiba,68,0.05,cov-BCC,0.9866666666666667,75,
hiba,68,0.05,sens-BCC,,75,1.0
hiba,68,0.05,cov-AK,0.9166666666666666,12,
hiba,68,0.05,sens-AK,,12,1.0
hiba,68,0.05,cov-BKL,1.0,12,
hiba,68,0.05,cov-DF,0.7333333333333333,15,
hiba,68,0.05,cov-VASC,0.8571428571428571,7,
hiba,68,0.05,cov-SCC,0.8823529411764706,34,
hiba,68,0.05,sens-SCC,,34,1.0
hiba,68,0.1,cov-MEL,1.0,45,
hiba,68,0.1,sens-MEL,,45,1.0
hiba,68,0.1,cov-NV,1.0,126,
hiba,68,0.1,cov-BCC,0.9466666666666667,75,
hiba,68,0.1,sens-BCC,,75,1.0
hiba,68,0.1,cov-AK,0.9166666666666666,12,
hiba,68,0.1,sens-AK,,12,1.0
hiba,68,0.1,cov-BKL,1.0,12,
hiba,68,0.1,cov-DF,0.6,15,
hiba,68,0.1,cov-VASC,0.8571428571428571,7,
hiba,68,0.1,cov-SCC,0.8235294117647058,34,
hiba,68,0.1,sens-SCC,,34,1.0
hiba,68,0.15,cov-MEL,0.9555555555555556,45,
hiba,68,0.15,sens-MEL,,45,1.0
hiba,68,0.15,cov-NV,0.9841269841269841,126,
hiba,68,0.15,cov-BCC,0.92,75,
hiba,68,0.15,sens-BCC,,75,1.0
hiba,68,0.15,cov-AK,0.8333333333333334,12,
hiba,68,0.15,sens-AK,,12,1.0
hiba,68,0.15,cov-BKL,0.8333333333333334,12,
hiba,68,0.15,cov-DF,0.4666666666666667,15,
hiba,68,0.15,cov-VASC,0.8571428571428571,7,
hiba,68,0.15,cov-SCC,0.6764705882352942,34,
hiba,68,0.15,sens-SCC,,34,0.9705882352941176
pad,68,0.05,cov-MEL,1.0,13,
pad,68,0.05,sens-MEL,,13,1.0
pad,68,0.05,cov-NV,1.0,16,
pad,68,0.05,cov-BCC,0.9859154929577465,142,
pad,68,0.05,sens-BCC,,142,1.0
pad,68,0.05,cov-AK,0.958904109589041,73,
pad,68,0.05,sens-AK,,73,1.0
pad,68,0.05,cov-BKL,1.0,9,
pad,68,0.05,cov-SCC,0.9142857142857143,35,
pad,68,0.05,sens-SCC,,35,1.0
pad,68,0.1,cov-MEL,0.9230769230769231,13,
pad,68,0.1,sens-MEL,,13,1.0
pad,68,0.1,cov-NV,0.9375,16,
pad,68,0.1,cov-BCC,0.9295774647887324,142,
pad,68,0.1,sens-BCC,,142,1.0
pad,68,0.1,cov-AK,0.9178082191780822,73,
pad,68,0.1,sens-AK,,73,1.0
pad,68,0.1,cov-BKL,1.0,9,
pad,68,0.1,cov-SCC,0.7714285714285715,35,
pad,68,0.1,sens-SCC,,35,1.0
pad,68,0.15,cov-MEL,0.9230769230769231,13,
pad,68,0.15,sens-MEL,,13,1.0
pad,68,0.15,cov-NV,0.9375,16,
pad,68,0.15,cov-BCC,0.8450704225352113,142,
pad,68,0.15,sens-BCC,,142,1.0
pad,68,0.15,cov-AK,0.8904109589041096,73,
pad,68,0.15,sens-AK,,73,1.0
pad,68,0.15,cov-BKL,1.0,9,
pad,68,0.15,cov-SCC,0.6285714285714286,35,
pad,68,0.15,sens-SCC,,35,1.0
hiba,69,0.05,cov-MEL,0.9615384615384616,52,
hiba,69,0.05,sens-MEL,,52,1.0
hiba,69,0.05,cov-NV,1.0,189,
hiba,69,0.05,cov-BCC,0.9859154929577465,71,
hiba,69,0.05,sens-BCC,,71,1.0
hiba,69,0.05,cov-AK,0.9333333333333333,15,
hiba,69,0.05,sens-AK,,15,1.0
hiba,69,0.05,cov-BKL,1.0,19,
hiba,69,0.05,cov-DF,0.9090909090909091,11,
hiba,69,0.05,cov-VASC,1.0,2,
hiba,69,0.05,cov-SCC,0.85,20,
hiba,69,0.05,sens-SCC,,20,1.0
hiba,69,0.1,cov-MEL,0.8846153846153846,52,
hiba,69,0.1,sens-MEL,,52,0.9615384615384616
hiba,69,0.1,cov-NV,1.0,189,
hiba,69,0.1,cov-BCC,0.971830985915493,71,
hiba,69,0.1,sens-BCC,,71,1.0
hiba,69,0.1,cov-AK,0.9333333333333333,15,
hiba,69,0.1,sens-AK,,15,1.0
hiba,69,0.1,cov-BKL,1.0,19,
hiba,69,0.1,cov-DF,0.6363636363636364,11,
hiba,69,0.1,cov-VASC,1.0,2,
hiba,69,0.1,cov-SCC,0.85,20,
hiba,69,0.1,sens-SCC,,20,1.0
hiba,69,0.15,cov-MEL,0.8653846153846154,52,
hiba,69,0.15,sens-MEL,,52,0.9230769230769231
hiba,69,0.15,cov-NV,0.9947089947089947,189,
hiba,69,0.15,cov-BCC,0.9154929577464789,71,
hiba,69,0.15,sens-BCC,,71,1.0
hiba,69,0.15,cov-AK,0.8666666666666667,15,
hiba,69,0.15,sens-AK,,15,1.0
hiba,69,0.15,cov-BKL,0.9473684210526315,19,
hiba,69,0.15,cov-DF,0.45454545454545453,11,
hiba,69,0.15,cov-VASC,1.0,2,
hiba,69,0.15,cov-SCC,0.8,20,
hiba,69,0.15,sens-SCC,,20,1.0
pad,69,0.05,cov-MEL,1.0,10,
pad,69,0.05,sens-MEL,,10,1.0
pad,69,0.05,cov-NV,1.0,11,
pad,69,0.05,cov-BCC,0.9942196531791907,173,
pad,69,0.05,sens-BCC,,173,1.0
pad,69,0.05,cov-AK,0.9655172413793104,58,
pad,69,0.05,sens-AK,,58,1.0
pad,69,0.05,cov-BKL,1.0,5,
pad,69,0.05,cov-SCC,0.9444444444444444,36,
pad,69,0.05,sens-SCC,,36,1.0
pad,69,0.1,cov-MEL,1.0,10,
pad,69,0.1,sens-MEL,,10,1.0
pad,69,0.1,cov-NV,1.0,11,
pad,69,0.1,cov-BCC,0.9479768786127167,173,
pad,69,0.1,sens-BCC,,173,1.0
pad,69,0.1,cov-AK,0.9310344827586207,58,
pad,69,0.1,sens-AK,,58,1.0
pad,69,0.1,cov-BKL,1.0,5,
pad,69,0.1,cov-SCC,0.8333333333333334,36,
pad,69,0.1,sens-SCC,,36,1.0
pad,69,0.15,cov-MEL,1.0,10,
pad,69,0.15,sens-MEL,,10,1.0
pad,69,0.15,cov-NV,1.0,11,
pad,69,0.15,cov-BCC,0.930635838150289,173,
pad,69,0.15,sens-BCC,,173,1.0
pad,69,0.15,cov-AK,0.9137931034482759,58,
pad,69,0.15,sens-AK,,58,1.0
pad,69,0.15,cov-BKL,1.0,5,
pad,69,0.15,cov-SCC,0.7777777777777778,36,
pad,69,0.15,sens-SCC,,36,1.0
hiba,70,0.05,cov-MEL,0.9811320754716981,53,
hiba,70,0.05,sens-MEL,,53,1.0
hiba,70,0.05,cov-NV,1.0,191,
hiba,70,0.05,cov-BCC,0.972972972972973,74,
hiba,70,0.05,sens-BCC,,74,1.0
hiba,70,0.05,cov-AK,0.7647058823529411,17,
hiba,70,0.05,sens-AK,,17,1.0
hiba,70,0.05,cov-BKL,1.0,15,
hiba,70,0.05,cov-DF,0.6,10,
hiba,70,0.05,cov-VASC,0.8571428571428571,7,
hiba,70,0.05,cov-SCC,0.8148148148148148,27,
hiba,70,0.05,sens-SCC,,27,1.0
hiba,70,0.1,cov-MEL,0.9245283018867925,53,
hiba,70,0.1,sens-MEL,,53,0.9811320754716981
hiba,70,0.1,cov-NV,1.0,191,
hiba,70,0.1,cov-BCC,0.9324324324324325,74,
hiba,70,0.1,sens-BCC,,74,1.0
hiba,70,0.1,cov-AK,0.7058823529411765,17,
hiba,70,0.1,sens-AK,,17,1.0
hiba,70,0.1,cov-BKL,0.9333333333333333,15,
hiba,70,0.1,cov-DF,0.5,10,
hiba,70,0.1,cov-VASC,0.5714285714285714,7,
hiba,70,0.1,cov-SCC,0.7777777777777778,27,
hiba,70,0.1,sens-SCC,,27,1.0
hiba,70,0.15,cov-MEL,0.9056603773584906,53,
hiba,70,0.15,sens-MEL,,53,0.9811320754716981
hiba,70,0.15,cov-NV,1.0,191,
hiba,70,0.15,cov-BCC,0.9054054054054054,74,
hiba,70,0.15,sens-BCC,,74,0.972972972972973
hiba,70,0.15,cov-AK,0.6470588235294118,17,
hiba,70,0.15,sens-AK,,17,1.0
hiba,70,0.15,cov-BKL,0.9333333333333333,15,
hiba,70,0.15,cov-DF,0.3,10,
hiba,70,0.15,cov-VASC,0.0,7,
hiba,70,0.15,cov-SCC,0.6666666666666666,27,
hiba,70,0.15,sens-SCC,,27,1.0
pad,70,0.05,cov-MEL,0.8888888888888888,9,
pad,70,0.05,sens-MEL,,9,1.0
pad,70,0.05,cov-NV,1.0,9,
pad,70,0.05,cov-BCC,0.9941520467836257,171,
pad,70,0.05,sens-BCC,,171,1.0
pad,70,0.05,cov-AK,0.9661016949152542,59,
pad,70,0.05,sens-AK,,59,1.0
pad,70,0.05,cov-BKL,1.0,8,
pad,70,0.05,cov-SCC,0.96,25,
pad,70,0.05,sens-SCC,,25,1.0
pad,70,0.1,cov-MEL,0.8888888888888888,9,
pad,70,0.1,sens-MEL,,9,1.0
pad,70,0.1,cov-NV,0.8888888888888888,9,
pad,70,0.1,cov-BCC,0.9766081871345029,171,
pad,70,0.1,sens-BCC,,171,1.0
pad,70,0.1,cov-AK,0.9491525423728814,59,
pad,70,0.1,sens-AK,,59,1.0
pad,70,0.1,cov-BKL,0.875,8,
pad,70,0.1,cov-SCC,0.88,25,
pad,70,0.1,sens-SCC,,25,1.0
pad,70,0.15,cov-MEL,0.8888888888888888,9,
pad,70,0.15,sens-MEL,,9,1.0
pad,70,0.15,cov-NV,0.8888888888888888,9,
pad,70,0.15,cov-BCC,0.8888888888888888,171,
pad,70,0.15,sens-BCC,,171,1.0
pad,70,0.15,cov-AK,0.864406779661017,59,
pad,70,0.15,sens-AK,,59,1.0
pad,70,0.15,cov-BKL,0.875,8,
pad,70,0.15,cov-SCC,0.84,25,
pad,70,0.15,sens-SCC,,25,1.0
hiba,71,0.05,cov-MEL,1.0,39,
hiba,71,0.05,sens-MEL,,39,1.0
hiba,71,0.05,cov-NV,1.0,206,
hiba,71,0.05,cov-BCC,0.9866666666666667,75,
hiba,71,0.05,sens-BCC,,75,1.0
hiba,71,0.05,cov-AK,1.0,14,
hiba,71,0.05,sens-AK,,14,1.0
hiba,71,0.05,cov-BKL,1.0,18,
hiba,71,0.05,cov-DF,0.7142857142857143,7,
hiba,71,0.05,cov-VASC,1.0,10,
hiba,71,0.05,cov-SCC,0.7083333333333334,24,
hiba,71,0.05,sens-SCC,,24,1.0
hiba,71,0.1,cov-MEL,0.9743589743589743,39,
hiba,71,0.1,sens-MEL,,39,1.0
hiba,71,0.1,cov-NV,1.0,206,
hiba,71,0.1,cov-BCC,0.9466666666666667,75,
hiba,71,0.1,sens-BCC,,75,1.0
hiba,71,0.1,cov-AK,0.9285714285714286,14,
hiba,71,0.1,sens-AK,,14,1.0
hiba,71,0.1,cov-BKL,1.0,18,
hiba,71,0.1,cov-DF,0.7142857142857143,7,
hiba,71,0.1,cov-VASC,0.9,10,
hiba,71,0.1,cov-SCC,0.7083333333333334,24,
hiba,71,0.1,sens-SCC,,24,1.0
hiba,71,0.15,cov-MEL,0.9487179487179487,39,
hiba,71,0.15,sens-MEL,,39,1.0
hiba,71,0.15,cov-NV,0.9951456310679612,206,
hiba,71,0.15,cov-BCC,0.8933333333333333,75,
hiba,71,0.15,sens-BCC,,75,0.9733333333333334
hiba,71,0.15,cov-AK,0.8571428571428571,14,
hiba,71,0.15,sens-AK,,14,1.0
hiba,71,0.15,cov-BKL,1.0,18,
hiba,71,0.15,cov-DF,0.7142857142857143,7,
hiba,71,0.15,cov-VASC,0.9,10,
hiba,71,0.15,cov-SCC,0.5416666666666666,24,
hiba,71,0.15,sens-SCC,,24,0.9583333333333334
pad,71,0.05,cov-MEL,1.0,10,
pad,71,0.05,sens-MEL,,10,1.0
pad,71,0.05,cov-NV,1.0,13,
pad,71,0.05,cov-BCC,0.9877300613496932,163,
pad,71,0.05,sens-BCC,,163,1.0
pad,71,0.05,cov-AK,0.9814814814814815,54,
pad,71,0.05,sens-AK,,54,1.0
pad,71,0.05,cov-BKL,1.0,6,
pad,71,0.05,cov-SCC,0.75,32,
pad,71,0.05,sens-SCC,,32,1.0
pad,71,0.1,cov-MEL,1.0,10,
pad,71,0.1,sens-MEL,,10,1.0
pad,71,0.1,cov-NV,1.0,13,
pad,71,0.1,cov-BCC,0.9141104294478528,163,
pad,71,0.1,sens-BCC,,163,1.0
pad,71,0.1,cov-AK,0.9074074074074074,54,
pad,71,0.1,sens-AK,,54,0.9814814814814815
pad,71,0.1,cov-BKL,1.0,6,
pad,71,0.1,cov-SCC,0.65625,32,
pad,71,0.1,sens-SCC,,32,1.0
pad,71,0.15,cov-MEL,1.0,10,
pad,71,0.15,sens-MEL,,10,1.0
pad,71,0.15,cov-NV,0.9230769230769231,13,
pad,71,0.15,cov-BCC,0.8773006134969326,163,
pad,71,0.15,sens-BCC,,163,1.0
pad,71,0.15,cov-AK,0.8888888888888888,54,
pad,71,0.15,sens-AK,,54,1.0
pad,71,0.15,cov-BKL,1.0,6,
pad,71,0.15,cov-SCC,0.53125,32,
pad,71,0.15,sens-SCC,,32,1.0
hiba,72,0.05,cov-MEL,0.9615384615384616,52,
hiba,72,0.05,sens-MEL,,52,1.0
hiba,72,0.05,cov-NV,1.0,127,
hiba,72,0.05,cov-BCC,1.0,82,
hiba,72,0.05,sens-BCC,,82,1.0
hiba,72,0.05,cov-AK,0.9230769230769231,13,
hiba,72,0.05,sens-AK,,13,1.0
hiba,72,0.05,cov-BKL,1.0,17,
hiba,72,0.05,cov-DF,0.75,4,
hiba,72,0.05,cov-VASC,0.875,8,
hiba,72,0.05,cov-SCC,0.875,32,
hiba,72,0.05,sens-SCC,,32,1.0
hiba,72,0.1,cov-MEL,0.8653846153846154,52,
hiba,72,0.1,sens-MEL,,52,0.9615384615384616
hiba,72,0.1,cov-NV,1.0,127,
hiba,72,0.1,cov-BCC,0.975609756097561,82,
hiba,72,0.1,sens-BCC,,82,1.0
hiba,72,0.1,cov-AK,0.8461538461538461,13,
hiba,72,0.1,sens-AK,,13,1.0
hiba,72,0.1,cov-BKL,1.0,17,
hiba,72,0.1,cov-DF,0.75,4,
hiba,72,0.1,cov-VASC,0.875,8,
hiba,72,0.1,cov-SCC,0.84375,32,
hiba,72,0.1,sens-SCC,,32,1.0
hiba,72,0.15,cov-MEL,0.8461538461538461,52,
hiba,72,0.15,sens-MEL,,52,0.9230769230769231
hiba,72,0.15,cov-NV,0.9921259842519685,127,
hiba,72,0.15,cov-BCC,0.9146341463414634,82,
hiba,72,0.15,sens-BCC,,82,0.975609756097561
hiba,72,0.15,cov-AK,0.7692307692307693,13,
hiba,72,0.15,sens-AK,,13,1.0
hiba,72,0.15,cov-BKL,0.8823529411764706,17,
hiba,72,0.15,cov-DF,0.5,4,
hiba,72,0.15,cov-VASC,0.875,8,
hiba,72,0.15,cov-SCC,0.6875,32,
hiba,72,0.15,sens-SCC,,32,0.96875
pad,72,0.05,cov-MEL,0.875,8,
pad,72,0.05,sens-MEL,,8,1.0
pad,72,0.05,cov-NV,1.0,9,
pad,72,0.05,cov-BCC,0.9653179190751445,173,
pad,72,0.05,sens-BCC,,173,1.0
pad,72,0.05,cov-AK,0.9444444444444444,54,
pad,72,0.05,sens-AK,,54,1.0
pad,72,0.05,cov-BKL,1.0,7,
pad,72,0.05,cov-SCC,0.7586206896551724,29,
pad,72,0.05,sens-SCC,,29,1.0
pad,72,0.1,cov-MEL,0.875,8,
pad,72,0.1,sens-MEL,,8,1.0
pad,72,0.1,cov-NV,0.8888888888888888,9,
pad,72,0.1,cov-BCC,0.9364161849710982,173,
pad,72,0.1,sens-BCC,,173,1.0
pad,72,0.1,cov-AK,0.9259259259259259,54,
pad,72,0.1,sens-AK,,54,1.0
pad,72,0.1,cov-BKL,0.8571428571428571,7,
pad,72,0.1,cov-SCC,0.6551724137931034,29,
pad,72,0.1,sens-SCC,,29,1.0
pad,72,0.15,cov-MEL,0.875,8,
pad,72,0.15,sens-MEL,,8,1.0
pad,72,0.15,cov-NV,0.8888888888888888,9,
pad,72,0.15,cov-BCC,0.8786127167630058,173,
pad,72,0.15,sens-BCC,,173,1.0
pad,72,0.15,cov-AK,0.8703703703703703,54,
pad,72,0.15,sens-AK,,54,1.0
pad,72,0.15,cov-BKL,0.8571428571428571,7,
pad,72,0.15,cov-SCC,0.5172413793103449,29,
pad,72,0.15,sens-SCC,,29,1.0
hiba,73,0.05,cov-MEL,0.9736842105263158,38,
hiba,73,0.05,sens-MEL,,38,1.0
hiba,73,0.05,cov-NV,1.0,144,
hiba,73,0.05,cov-BCC,0.9868421052631579,76,
hiba,73,0.05,sens-BCC,,76,1.0
hiba,73,0.05,cov-AK,1.0,10,
hiba,73,0.05,sens-AK,,10,1.0
hiba,73,0.05,cov-BKL,1.0,21,
hiba,73,0.05,cov-DF,1.0,10,
hiba,73,0.05,cov-VASC,0.9230769230769231,13,
hiba,73,0.05,cov-SCC,0.875,32,
hiba,73,0.05,sens-SCC,,32,1.0
hiba,73,0.1,cov-MEL,0.9473684210526315,38,
hiba,73,0.1,sens-MEL,,38,0.9736842105263158
hiba,73,0.1,cov-NV,0.9930555555555556,144,
hiba,73,0.1,cov-BCC,0.9736842105263158,76,
hiba,73,0.1,sens-BCC,,76,1.0
hiba,73,0.1,cov-AK,1.0,10,
hiba,73,0.1,sens-AK,,10,1.0
hiba,73,0.1,cov-BKL,1.0,21,
hiba,73,0.1,cov-DF,0.6,10,
hiba,73,0.1,cov-VASC,0.7692307692307693,13,
hiba,73,0.1,cov-SCC,0.75,32,
hiba,73,0.1,sens-SCC,,32,1.0
hiba,73,0.15,cov-MEL,0.9210526315789473,38,
hiba,73,0.15,sens-MEL,,38,0.9736842105263158
hiba,73,0.15,cov-NV,0.9930555555555556,144,
hiba,73,0.15,cov-BCC,0.9078947368421053,76,
hiba,73,0.15,sens-BCC,,76,0.9868421052631579
hiba,73,0.15,cov-AK,0.9,10,
hiba,73,0.15,sens-AK,,10,1.0
hiba,73,0.15,cov-BKL,1.0,21,
hiba,73,0.15,cov-DF,0.5,10,
hiba,73,0.15,cov-VASC,0.6923076923076923,13,
hiba,73,0.15,cov-SCC,0.625,32,
hiba,73,0.15,sens-SCC,,32,0.96875
pad,73,0.05,cov-MEL,0.8571428571428571,7,
pad,73,0.05,sens-MEL,,7,1.0
pad,73,0.05,cov-NV,1.0,11,
pad,73,0.05,cov-BCC,0.9808917197452229,157,
pad,73,0.05,sens-BCC,,157,1.0
pad,73,0.05,cov-AK,0.95,60,
pad,73,0.05,sens-AK,,60,1.0
pad,73,0.05,cov-BKL,1.0,4,
pad,73,0.05,cov-SCC,0.868421052631579,38,
pad,73,0.05,sens-SCC,,38,1.0
pad,73,0.1,cov-MEL,0.7142857142857143,7,
pad,73,0.1,sens-MEL,,7,1.0
pad,73,0.1,cov-NV,1.0,11,
pad,73,0.1,cov-BCC,0.9681528662420382,157,
pad,73,0.1,sens-BCC,,157,1.0
pad,73,0.1,cov-AK,0.9,60,
pad,73,0.1,sens-AK,,60,1.0
pad,73,0.1,cov-BKL,1.0,4,
pad,73,0.1,cov-SCC,0.8421052631578947,38,
pad,73,0.1,sens-SCC,,38,1.0
pad,73,0.15,cov-MEL,0.7142857142857143,7,
pad,73,0.15,sens-MEL,,7,1.0
pad,73,0.15,cov-NV,0.9090909090909091,11,
pad,73,0.15,cov-BCC,0.9363057324840764,157,
pad,73,0.15,sens-BCC,,157,1.0
pad,73,0.15,cov-AK,0.8666666666666667,60,
pad,73,0.15,sens-AK,,60,1.0
pad,73,0.15,cov-BKL,0.75,4,
pad,73,0.15,cov-SCC,0.7631578947368421,38,
pad,73,0.15,sens-SCC,,38,1.0
hiba,74,0.05,cov-MEL,0.9827586206896551,58,
hiba,74,0.05,sens-MEL,,58,1.0
hiba,74,0.05,cov-NV,1.0,147,
hiba,74,0.05,cov-BCC,1.0,66,
hiba,74,0.05,sens-BCC,,66,1.0
hiba,74,0.05,cov-AK,1.0,14,
hiba,74,0.05,sens-AK,,14,1.0
hiba,74,0.05,cov-BKL,1.0,15,
hiba,74,0.05,cov-DF,0.6666666666666666,9,
hiba,74,0.05,cov-VASC,1.0,12,
hiba,74,0.05,cov-SCC,0.896551724137931,29,
hiba,74,0.05,sens-SCC,,29,1.0
hiba,74,0.1,cov-MEL,0.8620689655172413,58,
hiba,74,0.1,sens-MEL,,58,0.9655172413793104
hiba,74,0.1,cov-NV,1.0,147,
hiba,74,0.1,cov-BCC,0.8636363636363636,66,
hiba,74,0.1,sens-BCC,,66,1.0
hiba,74,0.1,cov-AK,0.9285714285714286,14,
hiba,74,0.1,sens-AK,,14,1.0
hiba,74,0.1,cov-BKL,1.0,15,
hiba,74,0.1,cov-DF,0.6666666666666666,9,
hiba,74,0.1,cov-VASC,1.0,12,
hiba,74,0.1,cov-SCC,0.7241379310344828,29,
hiba,74,0.1,sens-SCC,,29,1.0
hiba,74,0.15,cov-MEL,0.8448275862068966,58,
hiba,74,0.15,sens-MEL,,58,0.9310344827586207
hiba,74,0.15,cov-NV,0.9931972789115646,147,
hiba,74,0.15,cov-BCC,0.8181818181818182,66,
hiba,74,0.15,sens-BCC,,66,0.9848484848484849
hiba,74,0.15,cov-AK,0.8571428571428571,14,
hiba,74,0.15,sens-AK,,14,1.0
hiba,74,0.15,cov-BKL,0.8,15,
hiba,74,0.15,cov-DF,0.4444444444444444,9,
hiba,74,0.15,cov-VASC,0.9166666666666666,12,
hiba,74,0.15,cov-SCC,0.7241379310344828,29,
hiba,74,0.15,sens-SCC,,29,1.0
pad,74,0.05,cov-MEL,1.0,11,
pad,74,0.05,sens-MEL,,11,1.0
pad,74,0.05,cov-NV,0.9,10,
pad,74,0.05,cov-BCC,0.9806451612903225,155,
pad,74,0.05,sens-BCC,,155,1.0
pad,74,0.05,cov-AK,0.9636363636363636,55,
pad,74,0.05,sens-AK,,55,1.0
pad,74,0.05,cov-BKL,1.0,9,
pad,74,0.05,cov-SCC,0.972972972972973,37,
pad,74,0.05,sens-SCC,,37,1.0
pad,74,0.1,cov-MEL,0.9090909090909091,11,
pad,74,0.1,sens-MEL,,11,1.0
pad,74,0.1,cov-NV,0.8,10,
pad,74,0.1,cov-BCC,0.9612903225806452,155,
pad,74,0.1,sens-BCC,,155,1.0
pad,74,0.1,cov-AK,0.9636363636363636,55,
pad,74,0.1,sens-AK,,55,1.0
pad,74,0.1,cov-BKL,1.0,9,
pad,74,0.1,cov-SCC,0.8648648648648649,37,
pad,74,0.1,sens-SCC,,37,1.0
pad,74,0.15,cov-MEL,0.8181818181818182,11,
pad,74,0.15,sens-MEL,,11,1.0
pad,74,0.15,cov-NV,0.8,10,
pad,74,0.15,cov-BCC,0.9290322580645162,155,
pad,74,0.15,sens-BCC,,155,1.0
pad,74,0.15,cov-AK,0.9454545454545454,55,
pad,74,0.15,sens-AK,,55,1.0
pad,74,0.15,cov-BKL,0.8888888888888888,9,
pad,74,0.15,cov-SCC,0.7567567567567568,37,
pad,74,0.15,sens-SCC,,37,1.0
hiba,75,0.05,cov-MEL,1.0,54,
hiba,75,0.05,sens-MEL,,54,1.0
hiba,75,0.05,cov-NV,1.0,134,
hiba,75,0.05,cov-BCC,1.0,44,
hiba,75,0.05,sens-BCC,,44,1.0
hiba,75,0.05,cov-AK,0.7,10,
hiba,75,0.05,sens-AK,,10,1.0
hiba,75,0.05,cov-BKL,1.0,13,
hiba,75,0.05,cov-DF,0.6,10,
hiba,75,0.05,cov-VASC,0.8888888888888888,9,
hiba,75,0.05,cov-SCC,0.9642857142857143,28,
hiba,75,0.05,sens-SCC,,28,1.0
hiba,75,0.1,cov-MEL,0.9259259259259259,54,
hiba,75,0.1,sens-MEL,,54,0.9629629629629629
hiba,75,0.1,cov-NV,0.9850746268656716,134,
hiba,75,0.1,cov-BCC,1.0,44,
hiba,75,0.1,sens-BCC,,44,1.0
hiba,75,0.1,cov-AK,0.7,10,
hiba,75,0.1,sens-AK,,10,1.0
hiba,75,0.1,cov-BKL,1.0,13,
hiba,75,0.1,cov-DF,0.4,10,
hiba,75,0.1,cov-VASC,0.4444444444444444,9,
hiba,75,0.1,cov-SCC,0.8928571428571429,28,
hiba,75,0.1,sens-SCC,,28,1.0
hiba,75,0.15,cov-MEL,0.8703703703703703,54,
hiba,75,0.15,sens-MEL,,54,0.9629629629629629
hiba,75,0.15,cov-NV,0.9552238805970149,134,
hiba,75,0.15,cov-BCC,0.9318181818181818,44,
hiba,75,0.15,sens-BCC,,44,0.9772727272727273
hiba,75,0.15,cov-AK,0.7,10,
hiba,75,0.15,sens-AK,,10,1.0
hiba,75,0.15,cov-BKL,0.9230769230769231,13,
hiba,75,0.15,cov-DF,0.1,10,
hiba,75,0.15,cov-VASC,0.2222222222222222,9,
hiba,75,0.15,cov-SCC,0.75,28,
hiba,75,0.15,sens-SCC,,28,1.0
pad,75,0.05,cov-MEL,1.0,8,
pad,75,0.05,sens-MEL,,8,1.0
pad,75,0.05,cov-NV,1.0,9,
pad,75,0.05,cov-BCC,0.9878048780487805,164,
pad,75,0.05,sens-BCC,,164,1.0
pad,75,0.05,cov-AK,0.9811320754716981,53,
pad,75,0.05,sens-AK,,53,1.0
pad,75,0.05,cov-BKL,1.0,8,
pad,75,0.05,cov-SCC,0.9487179487179487,39,
pad,75,0.05,sens-SCC,,39,1.0
pad,75,0.1,cov-MEL,1.0,8,
pad,75,0.1,sens-MEL,,8,1.0
pad,75,0.1,cov-NV,1.0,9,
pad,75,0.1,cov-BCC,0.9329268292682927,164,
pad,75,0.1,sens-BCC,,164,1.0
pad,75,0.1,cov-AK,0.9622641509433962,53,
pad,75,0.1,sens-AK,,53,1.0
pad,75,0.1,cov-BKL,1.0,8,
pad,75,0.1,cov-SCC,0.8205128205128205,39,
pad,75,0.1,sens-SCC,,39,1.0
pad,75,0.15,cov-MEL,1.0,8,
pad,75,0.15,sens-MEL,,8,1.0
pad,75,0.15,cov-NV,0.7777777777777778,9,
pad,75,0.15,cov-BCC,0.8902439024390244,164,
pad,75,0.15,sens-BCC,,164,1.0
pad,75,0.15,cov-AK,0.9622641509433962,53,
pad,75,0.15,sens-AK,,53,1.0
pad,75,0.15,cov-BKL,1.0,8,
pad,75,0.15,cov-SCC,0.7692307692307693,39,
pad,75,0.15,sens-SCC,,39,1.0
hiba,76,0.05,cov-MEL,0.9803921568627451,51,
hiba,76,0.05,sens-MEL,,51,1.0
hiba,76,0.05,cov-NV,1.0,118,
hiba,76,0.05,cov-BCC,0.9733333333333334,75,
hiba,76,0.05,sens-BCC,,75,1.0
hiba,76,0.05,cov-AK,1.0,14,
hiba,76,0.05,sens-AK,,14,1.0
hiba,76,0.05,cov-BKL,1.0,19,
hiba,76,0.05,cov-DF,1.0,10,
hiba,76,0.05,cov-VASC,1.0,8,
hiba,76,0.05,cov-SCC,0.8,20,
hiba,76,0.05,sens-SCC,,20,1.0
hiba,76,0.1,cov-MEL,0.9215686274509803,51,
hiba,76,0.1,sens-MEL,,51,0.9803921568627451
hiba,76,0.1,cov-NV,1.0,118,
hiba,76,0.1,cov-BCC,0.9466666666666667,75,
hiba,76,0.1,sens-BCC,,75,1.0
hiba,76,0.1,cov-AK,0.9285714285714286,14,
hiba,76,0.1,sens-AK,,14,1.0
hiba,76,0.1,cov-BKL,1.0,19,
hiba,76,0.1,cov-DF,0.6,10,
hiba,76,0.1,cov-VASC,0.875,8,
hiba,76,0.1,cov-SCC,0.8,20,
hiba,76,0.1,sens-SCC,,20,1.0
hiba,76,0.15,cov-MEL,0.9019607843137255,51,
hiba,76,0.15,sens-MEL,,51,0.9607843137254902
hiba,76,0.15,cov-NV,0.9915254237288136,118,
hiba,76,0.15,cov-BCC,0.8933333333333333,75,
hiba,76,0.15,sens-BCC,,75,0.9733333333333334
hiba,76,0.15,cov-AK,0.8571428571428571,14,
hiba,76,0.15,sens-AK,,14,1.0
hiba,76,0.15,cov-BKL,1.0,19,
hiba,76,0.15,cov-DF,0.6,10,
hiba,76,0.15,cov-VASC,0.75,8,
hiba,76,0.15,cov-SCC,0.65,20,
hiba,76,0.15,sens-SCC,,20,1.0
pad,76,0.05,cov-MEL,1.0,10,
pad,76,0.05,sens-MEL,,10,1.0
pad,76,0.05,cov-NV,0.9090909090909091,11,
pad,76,0.05,cov-BCC,0.9705882352941176,170,
pad,76,0.05,sens-BCC,,170,1.0
pad,76,0.05,cov-AK,0.9433962264150944,53,
pad,76,0.05,sens-AK,,53,1.0
pad,76,0.05,cov-BKL,1.0,4,
pad,76,0.05,cov-SCC,0.9142857142857143,35,
pad,76,0.05,sens-SCC,,35,1.0
pad,76,0.1,cov-MEL,1.0,10,
pad,76,0.1,sens-MEL,,10,1.0
pad,76,0.1,cov-NV,0.9090909090909091,11,
pad,76,0.1,cov-BCC,0.9352941176470588,170,
pad,76,0.1,sens-BCC,,170,1.0
pad,76,0.1,cov-AK,0.9056603773584906,53,
pad,76,0.1,sens-AK,,53,1.0
pad,76,0.1,cov-BKL,1.0,4,
pad,76,0.1,cov-SCC,0.7428571428571429,35,
pad,76,0.1,sens-SCC,,35,1.0
pad,76,0.15,cov-MEL,1.0,10,
pad,76,0.15,sens-MEL,,10,1.0
pad,76,0.15,cov-NV,0.8181818181818182,11,
pad,76,0.15,cov-BCC,0.9,170,
pad,76,0.15,sens-BCC,,170,1.0
pad,76,0.15,cov-AK,0.8867924528301887,53,
pad,76,0.15,sens-AK,,53,1.0
pad,76,0.15,cov-BKL,1.0,4,
pad,76,0.15,cov-SCC,0.6857142857142857,35,
pad,76,0.15,sens-SCC,,35,1.0
hiba,77,0.05,cov-MEL,0.9565217391304348,46,
hiba,77,0.05,sens-MEL,,46,1.0
hiba,77,0.05,cov-NV,1.0,164,
hiba,77,0.05,cov-BCC,0.984375,64,
hiba,77,0.05,sens-BCC,,64,1.0
hiba,77,0.05,cov-AK,1.0,5,
hiba,77,0.05,sens-AK,,5,1.0
hiba,77,0.05,cov-BKL,1.0,14,
hiba,77,0.05,cov-DF,0.9411764705882353,17,
hiba,77,0.05,cov-VASC,1.0,7,
hiba,77,0.05,cov-SCC,0.9285714285714286,14,
hiba,77,0.05,sens-SCC,,14,1.0
hiba,77,0.1,cov-MEL,0.8260869565217391,46,
hiba,77,0.1,sens-MEL,,46,0.9347826086956522
hiba,77,0.1,cov-NV,0.9939024390243902,164,
hiba,77,0.1,cov-BCC,0.953125,64,
hiba,77,0.1,sens-BCC,,64,1.0
hiba,77,0.1,cov-AK,1.0,5,
hiba,77,0.1,sens-AK,,5,1.0
hiba,77,0.1,cov-BKL,1.0,14,
hiba,77,0.1,cov-DF,0.5882352941176471,17,
hiba,77,0.1,cov-VASC,0.5714285714285714,7,
hiba,77,0.1,cov-SCC,0.8571428571428571,14,
hiba,77,0.1,sens-SCC,,14,1.0
hiba,77,0.15,cov-MEL,0.8043478260869565,46,
hiba,77,0.15,sens-MEL,,46,0.9130434782608695
hiba,77,0.15,cov-NV,0.9695121951219512,164,
hiba,77,0.15,cov-BCC,0.859375,64,
hiba,77,0.15,sens-BCC,,64,1.0
hiba,77,0.15,cov-AK,0.8,5,
hiba,77,0.15,sens-AK,,5,1.0
hiba,77,0.15,cov-BKL,0.9285714285714286,14,
hiba,77,0.15,cov-DF,0.29411764705882354,17,
hiba,77,0.15,cov-VASC,0.5714285714285714,7,
hiba,77,0.15,cov-SCC,0.7857142857142857,14,
hiba,77,0.15,sens-SCC,,14,1.0
pad,77,0.05,cov-MEL,1.0,6,
pad,77,0.05,sens-MEL,,6,1.0
pad,77,0.05,cov-NV,1.0,9,
pad,77,0.05,cov-BCC,0.9664429530201343,149,
pad,77,0.05,sens-BCC,,149,1.0
pad,77,0.05,cov-AK,0.9375,48,
pad,77,0.05,sens-AK,,48,1.0
pad,77,0.05,cov-BKL,1.0,7,
pad,77,0.05,cov-SCC,0.8444444444444444,45,
pad,77,0.05,sens-SCC,,45,1.0
pad,77,0.1,cov-MEL,0.8333333333333334,6,
pad,77,0.1,sens-MEL,,6,1.0
pad,77,0.1,cov-NV,1.0,9,
pad,77,0.1,cov-BCC,0.8926174496644296,149,
pad,77,0.1,sens-BCC,,149,0.9932885906040269
pad,77,0.1,cov-AK,0.8958333333333334,48,
pad,77,0.1,sens-AK,,48,0.9791666666666666
pad,77,0.1,cov-BKL,1.0,7,
pad,77,0.1,cov-SCC,0.7111111111111111,45,
pad,77,0.1,sens-SCC,,45,1.0
pad,77,0.15,cov-MEL,0.8333333333333334,6,
pad,77,0.15,sens-MEL,,6,1.0
pad,77,0.15,cov-NV,0.8888888888888888,9,
pad,77,0.15,cov-BCC,0.8791946308724832,149,
pad,77,0.15,sens-BCC,,149,1.0
pad,77,0.15,cov-AK,0.875,48,
pad,77,0.15,sens-AK,,48,1.0
pad,77,0.15,cov-BKL,1.0,7,
pad,77,0.15,cov-SCC,0.6444444444444445,45,
pad,77,0.15,sens-SCC,,45,1.0
hiba,78,0.05,cov-MEL,1.0,55,
hiba,78,0.05,sens-MEL,,55,1.0
hiba,78,0.05,cov-NV,1.0,188,
hiba,78,0.05,cov-BCC,1.0,56,
hiba,78,0.05,sens-BCC,,56,1.0
hiba,78,0.05,cov-AK,1.0,13,
hiba,78,0.05,sens-AK,,13,1.0
hiba,78,0.05,cov-BKL,1.0,21,
hiba,78,0.05,cov-DF,0.5555555555555556,9,
hiba,78,0.05,cov-VASC,1.0,12,
hiba,78,0.05,cov-SCC,0.9565217391304348,23,
hiba,78,0.05,sens-SCC,,23,1.0
hiba,78,0.1,cov-MEL,0.9818181818181818,55,
hiba,78,0.1,sens-MEL,,55,1.0
hiba,78,0.1,cov-NV,1.0,188,
hiba,78,0.1,cov-BCC,0.9821428571428571,56,
hiba,78,0.1,sens-BCC,,56,1.0
hiba,78,0.1,cov-AK,0.9230769230769231,13,
hiba,78,0.1,sens-AK,,13,1.0
hiba,78,0.1,cov-BKL,0.9523809523809523,21,
hiba,78,0.1,cov-DF,0.2222222222222222,9,
hiba,78,0.1,cov-VASC,1.0,12,
hiba,78,0.1,cov-SCC,0.8260869565217391,23,
hiba,78,0.1,sens-SCC,,23,1.0
hiba,78,0.15,cov-MEL,0.9454545454545454,55,
hiba,78,0.15,sens-MEL,,55,1.0
hiba,78,0.15,cov-NV,1.0,188,
hiba,78,0.15,cov-BCC,0.9642857142857143,56,
hiba,78,0.15,sens-BCC,,56,1.0
hiba,78,0.15,cov-AK,0.9230769230769231,13,
hiba,78,0.15,sens-AK,,13,1.0
hiba,78,0.15,cov-BKL,0.9047619047619048,21,
hiba,78,0.15,cov-DF,0.1111111111111111,9,
hiba,78,0.15,cov-VASC,1.0,12,
hiba,78,0.15,cov-SCC,0.7391304347826086,23,
hiba,78,0.15,sens-SCC,,23,1.0
pad,78,0.05,cov-MEL,1.0,9,
pad,78,0.05,sens-MEL,,9,1.0
pad,78,0.05,cov-NV,1.0,8,
pad,78,0.05,cov-BCC,0.9805194805194806,154,
pad,78,0.05,sens-BCC,,154,1.0
pad,78,0.05,cov-AK,0.9508196721311475,61,
pad,78,0.05,sens-AK,,61,1.0
pad,78,0.05,cov-BKL,1.0,6,
pad,78,0.05,cov-SCC,0.8947368421052632,38,
pad,78,0.05,sens-SCC,,38,1.0
pad,78,0.1,cov-MEL,1.0,9,
pad,78,0.1,sens-MEL,,9,1.0
pad,78,0.1,cov-NV,1.0,8,
pad,78,0.1,cov-BCC,0.9545454545454546,154,
pad,78,0.1,sens-BCC,,154,1.0
pad,78,0.1,cov-AK,0.9344262295081968,61,
pad,78,0.1,sens-AK,,61,1.0
pad,78,0.1,cov-BKL,1.0,6,
pad,78,0.1,cov-SCC,0.868421052631579,38,
pad,78,0.1,sens-SCC,,38,1.0
pad,78,0.15,cov-MEL,1.0,9,
pad,78,0.15,sens-MEL,,9,1.0
pad,78,0.15,cov-NV,1.0,8,
pad,78,0.15,cov-BCC,0.9545454545454546,154,
pad,78,0.15,sens-BCC,,154,1.0
pad,78,0.15,cov-AK,0.9180327868852459,61,
pad,78,0.15,sens-AK,,61,1.0
pad,78,0.15,cov-BKL,1.0,6,
pad,78,0.15,cov-SCC,0.8421052631578947,38,
pad,78,0.15,sens-SCC,,38,1.0
hiba,79,0.05,cov-MEL,0.9767441860465116,43,
hiba,79,0.05,sens-MEL,,43,1.0
hiba,79,0.05,cov-NV,1.0,164,
hiba,79,0.05,cov-BCC,0.9852941176470589,68,
hiba,79,0.05,sens-BCC,,68,1.0
hiba,79,0.05,cov-AK,0.9230769230769231,13,
hiba,79,0.05,sens-AK,,13,1.0
hiba,79,0.05,cov-BKL,1.0,10,
hiba,79,0.05,cov-DF,0.6153846153846154,13,
hiba,79,0.05,cov-VASC,0.7142857142857143,14,
hiba,79,0.05,cov-SCC,0.84,25,
hiba,79,0.05,sens-SCC,,25,1.0
hiba,79,0.1,cov-MEL,0.9302325581395349,43,
hiba,79,0.1,sens-MEL,,43,0.9534883720930233
hiba,79,0.1,cov-NV,0.9817073170731707,164,
hiba,79,0.1,cov-BCC,0.9852941176470589,68,
hiba,79,0.1,sens-BCC,,68,1.0
hiba,79,0.1,cov-AK,0.7692307692307693,13,
hiba,79,0.1,sens-AK,,13,1.0
hiba,79,0.1,cov-BKL,0.9,10,
hiba,79,0.1,cov-DF,0.3076923076923077,13,
hiba,79,0.1,cov-VASC,0.6428571428571429,14,
hiba,79,0.1,cov-SCC,0.8,25,
hiba,79,0.1,sens-SCC,,25,1.0
hiba,79,0.15,cov-MEL,0.9069767441860465,43,
hiba,79,0.15,sens-MEL,,43,0.9534883720930233
hiba,79,0.15,cov-NV,0.9695121951219512,164,
hiba,79,0.15,cov-BCC,0.9852941176470589,68,
hiba,79,0.15,sens-BCC,,68,1.0
hiba,79,0.15,cov-AK,0.7692307692307693,13,
hiba,79,0.15,sens-AK,,13,1.0
hiba,79,0.15,cov-BKL,0.9,10,
hiba,79,0.15,cov-DF,0.23076923076923078,13,
hiba,79,0.15,cov-VASC,0.6428571428571429,14,
hiba,79,0.15,cov-SCC,0.68,25,
hiba,79,0.15,sens-SCC,,25,0.96
pad,79,0.05,cov-MEL,0.9,10,
pad,79,0.05,sens-MEL,,10,1.0
pad,79,0.05,cov-NV,1.0,10,
pad,79,0.05,cov-BCC,1.0,167,
pad,79,0.05,sens-BCC,,167,1.0
pad,79,0.05,cov-AK,0.9545454545454546,66,
pad,79,0.05,sens-AK,,66,1.0
pad,79,0.05,cov-BKL,1.0,9,
pad,79,0.05,cov-SCC,0.9130434782608695,46,
pad,79,0.05,sens-SCC,,46,1.0
pad,79,0.1,cov-MEL,0.9,10,
pad,79,0.1,sens-MEL,,10,1.0
pad,79,0.1,cov-NV,1.0,10,
pad,79,0.1,cov-BCC,0.9640718562874252,167,
pad,79,0.1,sens-BCC,,167,1.0
pad,79,0.1,cov-AK,0.8939393939393939,66,
pad,79,0.1,sens-AK,,66,1.0
pad,79,0.1,cov-BKL,1.0,9,
pad,79,0.1,cov-SCC,0.8043478260869565,46,
pad,79,0.1,sens-SCC,,46,1.0
pad,79,0.15,cov-MEL,0.9,10,
pad,79,0.15,sens-MEL,,10,1.0
pad,79,0.15,cov-NV,1.0,10,
pad,79,0.15,cov-BCC,0.8982035928143712,167,
pad,79,0.15,sens-BCC,,167,1.0
pad,79,0.15,cov-AK,0.8636363636363636,66,
pad,79,0.15,sens-AK,,66,1.0
pad,79,0.15,cov-BKL,1.0,9,
pad,79,0.15,cov-SCC,0.6739130434782609,46,
pad,79,0.15,sens-SCC,,46,1.0
hiba,80,0.05,cov-MEL,0.9591836734693877,49,
hiba,80,0.05,sens-MEL,,49,1.0
hiba,80,0.05,cov-NV,1.0,206,
hiba,80,0.05,cov-BCC,1.0,56,
hiba,80,0.05,sens-BCC,,56,1.0
hiba,80,0.05,cov-AK,1.0,6,
hiba,80,0.05,sens-AK,,6,1.0
hiba,80,0.05,cov-BKL,1.0,20,
hiba,80,0.05,cov-DF,0.4444444444444444,9,
hiba,80,0.05,cov-VASC,0.9090909090909091,11,
hiba,80,0.05,cov-SCC,0.8636363636363636,22,
hiba,80,0.05,sens-SCC,,22,1.0
hiba,80,0.1,cov-MEL,0.9387755102040817,49,
hiba,80,0.1,sens-MEL,,49,0.9795918367346939
hiba,80,0.1,cov-NV,0.9951456310679612,206,
hiba,80,0.1,cov-BCC,0.9642857142857143,56,
hiba,80,0.1,sens-BCC,,56,1.0
hiba,80,0.1,cov-AK,1.0,6,
hiba,80,0.1,sens-AK,,6,1.0
hiba,80,0.1,cov-BKL,1.0,20,
hiba,80,0.1,cov-DF,0.2222222222222222,9,
hiba,80,0.1,cov-VASC,0.9090909090909091,11,
hiba,80,0.1,cov-SCC,0.7727272727272727,22,
hiba,80,0.1,sens-SCC,,22,1.0
hiba,80,0.15,cov-MEL,0.8979591836734694,49,
hiba,80,0.15,sens-MEL,,49,0.9795918367346939
hiba,80,0.15,cov-NV,0.9854368932038835,206,
hiba,80,0.15,cov-BCC,0.875,56,
hiba,80,0.15,sens-BCC,,56,1.0
hiba,80,0.15,cov-AK,1.0,6,
hiba,80,0.15,sens-AK,,6,1.0
hiba,80,0.15,cov-BKL,1.0,20,
hiba,80,0.15,cov-DF,0.0,9,
hiba,80,0.15,cov-VASC,0.8181818181818182,11,
hiba,80,0.15,cov-SCC,0.7727272727272727,22,
hiba,80,0.15,sens-SCC,,22,1.0
pad,80,0.05,cov-MEL,1.0,12,
pad,80,0.05,sens-MEL,,12,1.0
pad,80,0.05,cov-NV,0.9166666666666666,12,
pad,80,0.05,cov-BCC,0.9808917197452229,157,
pad,80,0.05,sens-BCC,,157,1.0
pad,80,0.05,cov-AK,0.9387755102040817,49,
pad,80,0.05,sens-AK,,49,1.0
pad,80,0.05,cov-BKL,1.0,4,
pad,80,0.05,cov-SCC,0.9069767441860465,43,
pad,80,0.05,sens-SCC,,43,1.0
pad,80,0.1,cov-MEL,1.0,12,
pad,80,0.1,sens-MEL,,12,1.0
pad,80,0.1,cov-NV,0.75,12,
pad,80,0.1,cov-BCC,0.9426751592356688,157,
pad,80,0.1,sens-BCC,,157,1.0
pad,80,0.1,cov-AK,0.9183673469387755,49,
pad,80,0.1,sens-AK,,49,1.0
pad,80,0.1,cov-BKL,1.0,4,
pad,80,0.1,cov-SCC,0.7674418604651163,43,
pad,80,0.1,sens-SCC,,43,1.0
pad,80,0.15,cov-MEL,1.0,12,
pad,80,0.15,sens-MEL,,12,1.0
pad,80,0.15,cov-NV,0.6666666666666666,12,
pad,80,0.15,cov-BCC,0.89171974522293,157,
pad,80,0.15,sens-BCC,,157,1.0
pad,80,0.15,cov-AK,0.8775510204081632,49,
pad,80,0.15,sens-AK,,49,1.0
pad,80,0.15,cov-BKL,1.0,4,
pad,80,0.15,cov-SCC,0.6046511627906976,43,
pad,80,0.15,sens-SCC,,43,1.0
hiba,81,0.05,cov-MEL,0.9622641509433962,53,
hiba,81,0.05,sens-MEL,,53,1.0
hiba,81,0.05,cov-NV,1.0,182,
hiba,81,0.05,cov-BCC,0.9814814814814815,54,
hiba,81,0.05,sens-BCC,,54,1.0
hiba,81,0.05,cov-AK,1.0,10,
hiba,81,0.05,sens-AK,,10,1.0
hiba,81,0.05,cov-BKL,1.0,21,
hiba,81,0.05,cov-DF,0.45454545454545453,11,
hiba,81,0.05,cov-VASC,0.7142857142857143,14,
hiba,81,0.05,cov-SCC,0.8260869565217391,23,
hiba,81,0.05,sens-SCC,,23,1.0
hiba,81,0.1,cov-MEL,0.8679245283018868,53,
hiba,81,0.1,sens-MEL,,53,0.9433962264150944
hiba,81,0.1,cov-NV,0.989010989010989,182,
hiba,81,0.1,cov-BCC,0.9074074074074074,54,
hiba,81,0.1,sens-BCC,,54,1.0
hiba,81,0.1,cov-AK,1.0,10,
hiba,81,0.1,sens-AK,,10,1.0
hiba,81,0.1,cov-BKL,0.8095238095238095,21,
hiba,81,0.1,cov-DF,0.36363636363636365,11,
hiba,81,0.1,cov-VASC,0.7142857142857143,14,
hiba,81,0.1,cov-SCC,0.782608695652174,23,
hiba,81,0.1,sens-SCC,,23,1.0
hiba,81,0.15,cov-MEL,0.8301886792452831,53,
hiba,81,0.15,sens-MEL,,53,0.9245283018867925
hiba,81,0.15,cov-NV,0.978021978021978,182,
hiba,81,0.15,cov-BCC,0.8333333333333334,54,
hiba,81,0.15,sens-BCC,,54,1.0
hiba,81,0.15,cov-AK,1.0,10,
hiba,81,0.15,sens-AK,,10,1.0
hiba,81,0.15,cov-BKL,0.7619047619047619,21,
hiba,81,0.15,cov-DF,0.36363636363636365,11,
hiba,81,0.15,cov-VASC,0.5714285714285714,14,
hiba,81,0.15,cov-SCC,0.6956521739130435,23,
hiba,81,0.15,sens-SCC,,23,1.0
pad,81,0.05,cov-MEL,0.9090909090909091,11,
pad,81,0.05,sens-MEL,,11,1.0
pad,81,0.05,cov-NV,1.0,10,
pad,81,0.05,cov-BCC,0.9880239520958084,167,
pad,81,0.05,sens-BCC,,167,1.0
pad,81,0.05,cov-AK,0.9682539682539683,63,
pad,81,0.05,sens-AK,,63,1.0
pad,81,0.05,cov-BKL,1.0,5,
pad,81,0.05,cov-SCC,0.8571428571428571,28,
pad,81,0.05,sens-SCC,,28,1.0
pad,81,0.1,cov-MEL,0.9090909090909091,11,
pad,81,0.1,sens-MEL,,11,1.0
pad,81,0.1,cov-NV,1.0,10,
pad,81,0.1,cov-BCC,0.9401197604790419,167,
pad,81,0.1,sens-BCC,,167,1.0
pad,81,0.1,cov-AK,0.9523809523809523,63,
pad,81,0.1,sens-AK,,63,1.0
pad,81,0.1,cov-BKL,0.8,5,
pad,81,0.1,cov-SCC,0.8214285714285714,28,
pad,81,0.1,sens-SCC,,28,1.0
pad,81,0.15,cov-MEL,0.8181818181818182,11,
pad,81,0.15,sens-MEL,,11,1.0
pad,81,0.15,cov-NV,0.9,10,
pad,81,0.15,cov-BCC,0.9221556886227545,167,
pad,81,0.15,sens-BCC,,167,1.0
pad,81,0.15,cov-AK,0.8888888888888888,63,
pad,81,0.15,sens-AK,,63,1.0
pad,81,0.15,cov-BKL,0.8,5,
pad,81,0.15,cov-SCC,0.75,28,
pad,81,0.15,sens-SCC,,28,1.0
hiba,82,0.05,cov-MEL,0.9807692307692307,52,
hiba,82,0.05,sens-MEL,,52,1.0
hiba,82,0.05,cov-NV,1.0,139,
hiba,82,0.05,cov-BCC,0.9827586206896551,58,
hiba,82,0.05,sens-BCC,,58,1.0
hiba,82,0.05,cov-AK,1.0,13,
hiba,82,0.05,sens-AK,,13,1.0
hiba,82,0.05,cov-BKL,1.0,18,
hiba,82,0.05,cov-DF,0.5833333333333334,12,
hiba,82,0.05,cov-VASC,1.0,5,
hiba,82,0.05,cov-SCC,0.7391304347826086,23,
hiba,82,0.05,sens-SCC,,23,1.0
hiba,82,0.1,cov-MEL,0.9230769230769231,52,
hiba,82,0.1,sens-MEL,,52,0.9807692307692307
hiba,82,0.1,cov-NV,0.9928057553956835,139,
hiba,82,0.1,cov-BCC,0.9310344827586207,58,
hiba,82,0.1,sens-BCC,,58,1.0
hiba,82,0.1,cov-AK,0.8461538461538461,13,
hiba,82,0.1,sens-AK,,13,1.0
hiba,82,0.1,cov-BKL,0.9444444444444444,18,
hiba,82,0.1,cov-DF,0.4166666666666667,12,
hiba,82,0.1,cov-VASC,1.0,5,
hiba,82,0.1,cov-SCC,0.7391304347826086,23,
hiba,82,0.1,sens-SCC,,23,1.0
hiba,82,0.15,cov-MEL,0.9038461538461539,52,
hiba,82,0.15,sens-MEL,,52,0.9807692307692307
hiba,82,0.15,cov-NV,0.9856115107913669,139,
hiba,82,0.15,cov-BCC,0.8620689655172413,58,
hiba,82,0.15,sens-BCC,,58,0.9655172413793104
hiba,82,0.15,cov-AK,0.8461538461538461,13,
hiba,82,0.15,sens-AK,,13,1.0
hiba,82,0.15,cov-BKL,0.8888888888888888,18,
hiba,82,0.15,cov-DF,0.3333333333333333,12,
hiba,82,0.15,cov-VASC,0.8,5,
hiba,82,0.15,cov-SCC,0.6521739130434783,23,
hiba,82,0.15,sens-SCC,,23,0.9130434782608695
pad,82,0.05,cov-MEL,0.8888888888888888,9,
pad,82,0.05,sens-MEL,,9,1.0
pad,82,0.05,cov-NV,1.0,11,
pad,82,0.05,cov-BCC,0.9830508474576272,177,
pad,82,0.05,sens-BCC,,177,1.0
pad,82,0.05,cov-AK,0.9642857142857143,56,
pad,82,0.05,sens-AK,,56,1.0
pad,82,0.05,cov-BKL,1.0,8,
pad,82,0.05,cov-SCC,0.8571428571428571,35,
pad,82,0.05,sens-SCC,,35,1.0
pad,82,0.1,cov-MEL,0.7777777777777778,9,
pad,82,0.1,sens-MEL,,9,1.0
pad,82,0.1,cov-NV,1.0,11,
pad,82,0.1,cov-BCC,0.9152542372881356,177,
pad,82,0.1,sens-BCC,,177,1.0
pad,82,0.1,cov-AK,0.8928571428571429,56,
pad,82,0.1,sens-AK,,56,1.0
pad,82,0.1,cov-BKL,1.0,8,
pad,82,0.1,cov-SCC,0.7428571428571429,35,
pad,82,0.1,sens-SCC,,35,1.0
pad,82,0.15,cov-MEL,0.7777777777777778,9,
pad,82,0.15,sens-MEL,,9,1.0
pad,82,0.15,cov-NV,0.9090909090909091,11,
pad,82,0.15,cov-BCC,0.8587570621468926,177,
pad,82,0.15,sens-BCC,,177,1.0
pad,82,0.15,cov-AK,0.8392857142857143,56,
pad,82,0.15,sens-AK,,56,1.0
pad,82,0.15,cov-BKL,1.0,8,
pad,82,0.15,cov-SCC,0.6,35,
pad,82,0.15,sens-SCC,,35,1.0
hiba,83,0.05,cov-MEL,1.0,46,
hiba,83,0.05,sens-MEL,,46,1.0
hiba,83,0.05,cov-NV,1.0,115,
hiba,83,0.05,cov-BCC,0.9838709677419355,62,
hiba,83,0.05,sens-BCC,,62,1.0
hiba,83,0.05,cov-AK,0.9333333333333333,15,
hiba,83,0.05,sens-AK,,15,1.0
hiba,83,0.05,cov-BKL,1.0,17,
hiba,83,0.05,cov-DF,0.9230769230769231,13,
hiba,83,0.05,cov-VASC,1.0,7,
hiba,83,0.05,cov-SCC,0.9032258064516129,31,
hiba,83,0.05,sens-SCC,,31,1.0
hiba,83,0.1,cov-MEL,0.9130434782608695,46,
hiba,83,0.1,sens-MEL,,46,0.9347826086956522
hiba,83,0.1,cov-NV,1.0,115,
hiba,83,0.1,cov-BCC,0.967741935483871,62,
hiba,83,0.1,sens-BCC,,62,1.0
hiba,83,0.1,cov-AK,0.9333333333333333,15,
hiba,83,0.1,sens-AK,,15,1.0
hiba,83,0.1,cov-BKL,1.0,17,
hiba,83,0.1,cov-DF,0.5384615384615384,13,
hiba,83,0.1,cov-VASC,1.0,7,
hiba,83,0.1,cov-SCC,0.8387096774193549,31,
hiba,83,0.1,sens-SCC,,31,1.0
hiba,83,0.15,cov-MEL,0.8913043478260869,46,
hiba,83,0.15,sens-MEL,,46,0.9130434782608695
hiba,83,0.15,cov-NV,1.0,115,
hiba,83,0.15,cov-BCC,0.9516129032258065,62,
hiba,83,0.15,sens-BCC,,62,0.9838709677419355
hiba,83,0.15,cov-AK,0.8666666666666667,15,
hiba,83,0.15,sens-AK,,15,1.0
hiba,83,0.15,cov-BKL,0.9411764705882353,17,
hiba,83,0.15,cov-DF,0.38461538461538464,13,
hiba,83,0.15,cov-VASC,1.0,7,
hiba,83,0.15,cov-SCC,0.7741935483870968,31,
hiba,83,0.15,sens-SCC,,31,1.0
pad,83,0.05,cov-MEL,1.0,6,
pad,83,0.05,sens-MEL,,6,1.0
pad,83,0.05,cov-NV,0.9,10,
pad,83,0.05,cov-BCC,0.9822485207100592,169,
pad,83,0.05,sens-BCC,,169,1.0
pad,83,0.05,cov-AK,0.9322033898305084,59,
pad,83,0.05,sens-AK,,59,1.0
pad,83,0.05,cov-BKL,1.0,5,
pad,83,0.05,cov-SCC,0.9615384615384616,26,
pad,83,0.05,sens-SCC,,26,1.0
pad,83,0.1,cov-MEL,0.6666666666666666,6,
pad,83,0.1,sens-MEL,,6,1.0
pad,83,0.1,cov-NV,0.7,10,
pad,83,0.1,cov-BCC,0.9349112426035503,169,
pad,83,0.1,sens-BCC,,169,1.0
pad,83,0.1,cov-AK,0.9152542372881356,59,
pad,83,0.1,sens-AK,,59,1.0
pad,83,0.1,cov-BKL,1.0,5,
pad,83,0.1,cov-SCC,0.8076923076923077,26,
pad,83,0.1,sens-SCC,,26,1.0
pad,83,0.15,cov-MEL,0.6666666666666666,6,
pad,83,0.15,sens-MEL,,6,1.0
pad,83,0.15,cov-NV,0.7,10,
pad,83,0.15,cov-BCC,0.9053254437869822,169,
pad,83,0.15,sens-BCC,,169,1.0
pad,83,0.15,cov-AK,0.8813559322033898,59,
pad,83,0.15,sens-AK,,59,1.0
pad,83,0.15,cov-BKL,1.0,5,
pad,83,0.15,cov-SCC,0.5384615384615384,26,
pad,83,0.15,sens-SCC,,26,1.0
hiba,84,0.05,cov-MEL,0.9761904761904762,42,
hiba,84,0.05,sens-MEL,,42,1.0
hiba,84,0.05,cov-NV,1.0,144,
hiba,84,0.05,cov-BCC,0.9814814814814815,54,
hiba,84,0.05,sens-BCC,,54,1.0
hiba,84,0.05,cov-AK,0.6875,16,
hiba,84,0.05,sens-AK,,16,1.0
hiba,84,0.05,cov-BKL,1.0,20,
hiba,84,0.05,cov-DF,0.6470588235294118,17,
hiba,84,0.05,cov-VASC,0.7,10,
hiba,84,0.05,cov-SCC,0.7586206896551724,29,
hiba,84,0.05,sens-SCC,,29,1.0
hiba,84,0.1,cov-MEL,0.9523809523809523,42,
hiba,84,0.1,sens-MEL,,42,1.0
hiba,84,0.1,cov-NV,0.9861111111111112,144,
hiba,84,0.1,cov-BCC,0.9259259259259259,54,
hiba,84,0.1,sens-BCC,,54,1.0
hiba,84,0.1,cov-AK,0.6875,16,
hiba,84,0.1,sens-AK,,16,1.0
hiba,84,0.1,cov-BKL,0.85,20,
hiba,84,0.1,cov-DF,0.35294117647058826,17,
hiba,84,0.1,cov-VASC,0.5,10,
hiba,84,0.1,cov-SCC,0.7241379310344828,29,
hiba,84,0.1,sens-SCC,,29,1.0
hiba,84,0.15,cov-MEL,0.9523809523809523,42,
hiba,84,0.15,sens-MEL,,42,1.0
hiba,84,0.15,cov-NV,0.9652777777777778,144,
hiba,84,0.15,cov-BCC,0.8703703703703703,54,
hiba,84,0.15,sens-BCC,,54,1.0
hiba,84,0.15,cov-AK,0.6875,16,
hiba,84,0.15,sens-AK,,16,1.0
hiba,84,0.15,cov-BKL,0.85,20,
hiba,84,0.15,cov-DF,0.29411764705882354,17,
hiba,84,0.15,cov-VASC,0.2,10,
hiba,84,0.15,cov-SCC,0.5862068965517241,29,
hiba,84,0.15,sens-SCC,,29,0.9655172413793104
pad,84,0.05,cov-MEL,1.0,9,
pad,84,0.05,sens-MEL,,9,1.0
pad,84,0.05,cov-NV,1.0,10,
pad,84,0.05,cov-BCC,0.9724137931034482,145,
pad,84,0.05,sens-BCC,,145,1.0
pad,84,0.05,cov-AK,0.9818181818181818,55,
pad,84,0.05,sens-AK,,55,1.0
pad,84,0.05,cov-BKL,1.0,5,
pad,84,0.05,cov-SCC,0.8787878787878788,33,
pad,84,0.05,sens-SCC,,33,1.0
pad,84,0.1,cov-MEL,1.0,9,
pad,84,0.1,sens-MEL,,9,1.0
pad,84,0.1,cov-NV,1.0,10,
pad,84,0.1,cov-BCC,0.9586206896551724,145,
pad,84,0.1,sens-BCC,,145,1.0
pad,84,0.1,cov-AK,0.9636363636363636,55,
pad,84,0.1,sens-AK,,55,1.0
pad,84,0.1,cov-BKL,1.0,5,
pad,84,0.1,cov-SCC,0.8181818181818182,33,
pad,84,0.1,sens-SCC,,33,1.0
pad,84,0.15,cov-MEL,0.8888888888888888,9,
pad,84,0.15,sens-MEL,,9,1.0
pad,84,0.15,cov-NV,1.0,10,
pad,84,0.15,cov-BCC,0.9310344827586207,145,
pad,84,0.15,sens-BCC,,145,1.0
pad,84,0.15,cov-AK,0.9090909090909091,55,
pad,84,0.15,sens-AK,,55,1.0
pad,84,0.15,cov-BKL,1.0,5,
pad,84,0.15,cov-SCC,0.7878787878787878,33,
pad,84,0.15,sens-SCC,,33,1.0
hiba,85,0.05,cov-MEL,0.9830508474576272,59,
hiba,85,0.05,sens-MEL,,59,1.0
hiba,85,0.05,cov-NV,1.0,125,
hiba,85,0.05,cov-BCC,1.0,60,
hiba,85,0.05,sens-BCC,,60,1.0
hiba,85,0.05,cov-AK,0.9230769230769231,13,
hiba,85,0.05,sens-AK,,13,1.0
hiba,85,0.05,cov-BKL,1.0,16,
hiba,85,0.05,cov-DF,0.9,10,
hiba,85,0.05,cov-VASC,1.0,6,
hiba,85,0.05,cov-SCC,0.8846153846153846,26,
hiba,85,0.05,sens-SCC,,26,1.0
hiba,85,0.1,cov-MEL,0.9322033898305084,59,
hiba,85,0.1,sens-MEL,,59,1.0
hiba,85,0.1,cov-NV,1.0,125,
hiba,85,0.1,cov-BCC,0.85,60,
hiba,85,0.1,sens-BCC,,60,1.0
hiba,85,0.1,cov-AK,0.7692307692307693,13,
hiba,85,0.1,sens-AK,,13,1.0
hiba,85,0.1,cov-BKL,1.0,16,
hiba,85,0.1,cov-DF,0.5,10,
hiba,85,0.1,cov-VASC,0.8333333333333334,6,
hiba,85,0.1,cov-SCC,0.7692307692307693,26,
hiba,85,0.1,sens-SCC,,26,1.0
hiba,85,0.15,cov-MEL,0.8983050847457628,59,
hiba,85,0.15,sens-MEL,,59,0.9830508474576272
hiba,85,0.15,cov-NV,0.992,125,
hiba,85,0.15,cov-BCC,0.8,60,
hiba,85,0.15,sens-BCC,,60,0.9833333333333333
hiba,85,0.15,cov-AK,0.7692307692307693,13,
hiba,85,0.15,sens-AK,,13,1.0
hiba,85,0.15,cov-BKL,0.9375,16,
hiba,85,0.15,cov-DF,0.3,10,
hiba,85,0.15,cov-VASC,0.6666666666666666,6,
hiba,85,0.15,cov-SCC,0.6923076923076923,26,
hiba,85,0.15,sens-SCC,,26,1.0
pad,85,0.05,cov-MEL,1.0,9,
pad,85,0.05,sens-MEL,,9,1.0
pad,85,0.05,cov-NV,1.0,17,
pad,85,0.05,cov-BCC,0.9863945578231292,147,
pad,85,0.05,sens-BCC,,147,1.0
pad,85,0.05,cov-AK,0.9795918367346939,49,
pad,85,0.05,sens-AK,,49,1.0
pad,85,0.05,cov-BKL,1.0,6,
pad,85,0.05,cov-SCC,0.8823529411764706,34,
pad,85,0.05,sens-SCC,,34,1.0
pad,85,0.1,cov-MEL,1.0,9,
pad,85,0.1,sens-MEL,,9,1.0
pad,85,0.1,cov-NV,1.0,17,
pad,85,0.1,cov-BCC,0.9115646258503401,147,
pad,85,0.1,sens-BCC,,147,1.0
pad,85,0.1,cov-AK,0.9591836734693877,49,
pad,85,0.1,sens-AK,,49,0.9795918367346939
pad,85,0.1,cov-BKL,1.0,6,
pad,85,0.1,cov-SCC,0.7647058823529411,34,
pad,85,0.1,sens-SCC,,34,1.0
pad,85,0.15,cov-MEL,1.0,9,
pad,85,0.15,sens-MEL,,9,1.0
pad,85,0.15,cov-NV,1.0,17,
pad,85,0.15,cov-BCC,0.8979591836734694,147,
pad,85,0.15,sens-BCC,,147,1.0
pad,85,0.15,cov-AK,0.9591836734693877,49,
pad,85,0.15,sens-AK,,49,1.0
pad,85,0.15,cov-BKL,1.0,6,
pad,85,0.15,cov-SCC,0.7058823529411765,34,
pad,85,0.15,sens-SCC,,34,1.0
hiba,86,0.05,cov-MEL,1.0,52,
hiba,86,0.05,sens-MEL,,52,1.0
hiba,86,0.05,cov-NV,1.0,229,
hiba,86,0.05,cov-BCC,0.9848484848484849,66,
hiba,86,0.05,sens-BCC,,66,1.0
hiba,86,0.05,cov-AK,0.9285714285714286,14,
hiba,86,0.05,sens-AK,,14,1.0
hiba,86,0.05,cov-BKL,1.0,15,
hiba,86,0.05,cov-DF,0.7777777777777778,9,
hiba,86,0.05,cov-VASC,0.8888888888888888,9,
hiba,86,0.05,cov-SCC,0.6896551724137931,29,
hiba,86,0.05,sens-SCC,,29,1.0
hiba,86,0.1,cov-MEL,0.9615384615384616,52,
hiba,86,0.1,sens-MEL,,52,0.9615384615384616
hiba,86,0.1,cov-NV,0.9956331877729258,229,
hiba,86,0.1,cov-BCC,0.9393939393939394,66,
hiba,86,0.1,sens-BCC,,66,1.0
hiba,86,0.1,cov-AK,0.9285714285714286,14,
hiba,86,0.1,sens-AK,,14,1.0
hiba,86,0.1,cov-BKL,1.0,15,
hiba,86,0.1,cov-DF,0.4444444444444444,9,
hiba,86,0.1,cov-VASC,0.7777777777777778,9,
hiba,86,0.1,cov-SCC,0.6551724137931034,29,
hiba,86,0.1,sens-SCC,,29,1.0
hiba,86,0.15,cov-MEL,0.9423076923076923,52,
hiba,86,0.15,sens-MEL,,52,0.9615384615384616
hiba,86,0.15,cov-NV,0.9912663755458515,229,
hiba,86,0.15,cov-BCC,0.9242424242424242,66,
hiba,86,0.15,sens-BCC,,66,1.0
hiba,86,0.15,cov-AK,0.9285714285714286,14,
hiba,86,0.15,sens-AK,,14,1.0
hiba,86,0.15,cov-BKL,0.8666666666666667,15,
hiba,86,0.15,cov-DF,0.3333333333333333,9,
hiba,86,0.15,cov-VASC,0.4444444444444444,9,
hiba,86,0.15,cov-SCC,0.5862068965517241,29,
hiba,86,0.15,sens-SCC,,29,0.9655172413793104
pad,86,0.05,cov-MEL,1.0,7,
pad,86,0.05,sens-MEL,,7,1.0
pad,86,0.05,cov-NV,1.0,11,
pad,86,0.05,cov-BCC,0.9939393939393939,165,
pad,86,0.05,sens-BCC,,165,1.0
pad,86,0.05,cov-AK,0.9615384615384616,52,
pad,86,0.05,sens-AK,,52,1.0
pad,86,0.05,cov-BKL,1.0,9,
pad,86,0.05,cov-SCC,0.8888888888888888,27,
pad,86,0.05,sens-SCC,,27,1.0
pad,86,0.1,cov-MEL,0.8571428571428571,7,
pad,86,0.1,sens-MEL,,7,1.0
pad,86,0.1,cov-NV,1.0,11,
pad,86,0.1,cov-BCC,0.9575757575757575,165,
pad,86,0.1,sens-BCC,,165,1.0
pad,86,0.1,cov-AK,0.9423076923076923,52,
pad,86,0.1,sens-AK,,52,1.0
pad,86,0.1,cov-BKL,1.0,9,
pad,86,0.1,cov-SCC,0.8148148148148148,27,
pad,86,0.1,sens-SCC,,27,1.0
pad,86,0.15,cov-MEL,0.8571428571428571,7,
pad,86,0.15,sens-MEL,,7,1.0
pad,86,0.15,cov-NV,1.0,11,
pad,86,0.15,cov-BCC,0.9212121212121213,165,
pad,86,0.15,sens-BCC,,165,1.0
pad,86,0.15,cov-AK,0.8461538461538461,52,
pad,86,0.15,sens-AK,,52,1.0
pad,86,0.15,cov-BKL,1.0,9,
pad,86,0.15,cov-SCC,0.6666666666666666,27,
pad,86,0.15,sens-SCC,,27,1.0
hiba,87,0.05,cov-MEL,1.0,51,
hiba,87,0.05,sens-MEL,,51,1.0
hiba,87,0.05,cov-NV,1.0,109,
hiba,87,0.05,cov-BCC,0.9846153846153847,65,
hiba,87,0.05,sens-BCC,,65,1.0
hiba,87,0.05,cov-AK,0.7647058823529411,17,
hiba,87,0.05,sens-AK,,17,1.0
hiba,87,0.05,cov-BKL,1.0,18,
hiba,87,0.05,cov-DF,0.8333333333333334,18,
hiba,87,0.05,cov-VASC,0.9,10,
hiba,87,0.05,cov-SCC,0.9333333333333333,30,
hiba,87,0.05,sens-SCC,,30,1.0
hiba,87,0.1,cov-MEL,0.9803921568627451,51,
hiba,87,0.1,sens-MEL,,51,1.0
hiba,87,0.1,cov-NV,1.0,109,
hiba,87,0.1,cov-BCC,0.9692307692307692,65,
hiba,87,0.1,sens-BCC,,65,1.0
hiba,87,0.1,cov-AK,0.7647058823529411,17,
hiba,87,0.1,sens-AK,,17,1.0
hiba,87,0.1,cov-BKL,1.0,18,
hiba,87,0.1,cov-DF,0.5,18,
hiba,87,0.1,cov-VASC,0.7,10,
hiba,87,0.1,cov-SCC,0.9,30,
hiba,87,0.1,sens-SCC,,30,1.0
hiba,87,0.15,cov-MEL,0.9607843137254902,51,
hiba,87,0.15,sens-MEL,,51,1.0
hiba,87,0.15,cov-NV,0.9724770642201835,109,
hiba,87,0.15,cov-BCC,0.9538461538461539,65,
hiba,87,0.15,sens-BCC,,65,1.0
hiba,87,0.15,cov-AK,0.7058823529411765,17,
hiba,87,0.15,sens-AK,,17,1.0
hiba,87,0.15,cov-BKL,0.9444444444444444,18,
hiba,87,0.15,cov-DF,0.3333333333333333,18,
hiba,87,0.15,cov-VASC,0.5,10,
hiba,87,0.15,cov-SCC,0.8,30,
hiba,87,0.15,sens-SCC,,30,1.0
pad,87,0.05,cov-MEL,0.9230769230769231,13,
pad,87,0.05,sens-MEL,,13,1.0
pad,87,0.05,cov-NV,1.0,20,
pad,87,0.05,cov-BCC,0.9863013698630136,146,
pad,87,0.05,sens-BCC,,146,1.0
pad,87,0.05,cov-AK,0.967741935483871,62,
pad,87,0.05,sens-AK,,62,1.0
pad,87,0.05,cov-BKL,1.0,6,
pad,87,0.05,cov-SCC,0.8,35,
pad,87,0.05,sens-SCC,,35,1.0
pad,87,0.1,cov-MEL,0.8461538461538461,13,
pad,87,0.1,sens-MEL,,13,1.0
pad,87,0.1,cov-NV,0.95,20,
pad,87,0.1,cov-BCC,0.958904109589041,146,
pad,87,0.1,sens-BCC,,146,1.0
pad,87,0.1,cov-AK,0.9516129032258065,62,
pad,87,0.1,sens-AK,,62,1.0
pad,87,0.1,cov-BKL,1.0,6,
pad,87,0.1,cov-SCC,0.7714285714285715,35,
pad,87,0.1,sens-SCC,,35,1.0
pad,87,0.15,cov-MEL,0.7692307692307693,13,
pad,87,0.15,sens-MEL,,13,1.0
pad,87,0.15,cov-NV,0.8,20,
pad,87,0.15,cov-BCC,0.9246575342465754,146,
pad,87,0.15,sens-BCC,,146,1.0
pad,87,0.15,cov-AK,0.9032258064516129,62,
pad,87,0.15,sens-AK,,62,1.0
pad,87,0.15,cov-BKL,0.8333333333333334,6,
pad,87,0.15,cov-SCC,0.6857142857142857,35,
pad,87,0.15,sens-SCC,,35,1.0
hiba,88,0.05,cov-MEL,0.9795918367346939,49,
hiba,88,0.05,sens-MEL,,49,1.0
hiba,88,0.05,cov-NV,1.0,120,
hiba,88,0.05,cov-BCC,0.9824561403508771,57,
hiba,88,0.05,sens-BCC,,57,1.0
hiba,88,0.05,cov-AK,1.0,13,
hiba,88,0.05,sens-AK,,13,1.0
hiba,88,0.05,cov-BKL,1.0,19,
hiba,88,0.05,cov-DF,0.7058823529411765,17,
hiba,88,0.05,cov-VASC,1.0,9,
hiba,88,0.05,cov-SCC,0.9090909090909091,22,
hiba,88,0.05,sens-SCC,,22,1.0
hiba,88,0.1,cov-MEL,0.9183673469387755,49,
hiba,88,0.1,sens-MEL,,49,0.9795918367346939
hiba,88,0.1,cov-NV,0.9916666666666667,120,
hiba,88,0.1,cov-BCC,0.9649122807017544,57,
hiba,88,0.1,sens-BCC,,57,1.0
hiba,88,0.1,cov-AK,0.9230769230769231,13,
hiba,88,0.1,sens-AK,,13,1.0
hiba,88,0.1,cov-BKL,0.9473684210526315,19,
hiba,88,0.1,cov-DF,0.5294117647058824,17,
hiba,88,0.1,cov-VASC,0.7777777777777778,9,
hiba,88,0.1,cov-SCC,0.7272727272727273,22,
hiba,88,0.1,sens-SCC,,22,1.0
hiba,88,0.15,cov-MEL,0.8979591836734694,49,
hiba,88,0.15,sens-MEL,,49,0.9795918367346939
hiba,88,0.15,cov-NV,0.9833333333333333,120,
hiba,88,0.15,cov-BCC,0.9298245614035088,57,
hiba,88,0.15,sens-BCC,,57,0.9649122807017544
hiba,88,0.15,cov-AK,0.8461538461538461,13,
hiba,88,0.15,sens-AK,,13,1.0
hiba,88,0.15,cov-BKL,0.8947368421052632,19,
hiba,88,0.15,cov-DF,0.47058823529411764,17,
hiba,88,0.15,cov-VASC,0.6666666666666666,9,
hiba,88,0.15,cov-SCC,0.6363636363636364,22,
hiba,88,0.15,sens-SCC,,22,1.0
pad,88,0.05,cov-MEL,0.8888888888888888,9,
pad,88,0.05,sens-MEL,,9,1.0
pad,88,0.05,cov-NV,0.9166666666666666,12,
pad,88,0.05,cov-BCC,0.9767441860465116,172,
pad,88,0.05,sens-BCC,,172,1.0
pad,88,0.05,cov-AK,0.9565217391304348,69,
pad,88,0.05,sens-AK,,69,1.0
pad,88,0.05,cov-BKL,1.0,6,
pad,88,0.05,cov-SCC,0.8611111111111112,36,
pad,88,0.05,sens-SCC,,36,1.0
pad,88,0.1,cov-MEL,0.7777777777777778,9,
pad,88,0.1,sens-MEL,,9,1.0
pad,88,0.1,cov-NV,0.9166666666666666,12,
pad,88,0.1,cov-BCC,0.9302325581395349,172,
pad,88,0.1,sens-BCC,,172,1.0
pad,88,0.1,cov-AK,0.855072463768116,69,
pad,88,0.1,sens-AK,,69,1.0
pad,88,0.1,cov-BKL,1.0,6,
pad,88,0.1,cov-SCC,0.7222222222222222,36,
pad,88,0.1,sens-SCC,,36,1.0
pad,88,0.15,cov-MEL,0.7777777777777778,9,
pad,88,0.15,sens-MEL,,9,1.0
pad,88,0.15,cov-NV,0.8333333333333334,12,
pad,88,0.15,cov-BCC,0.877906976744186,172,
pad,88,0.15,sens-BCC,,172,1.0
pad,88,0.15,cov-AK,0.8260869565217391,69,
pad,88,0.15,sens-AK,,69,1.0
pad,88,0.15,cov-BKL,1.0,6,
pad,88,0.15,cov-SCC,0.6388888888888888,36,
pad,88,0.15,sens-SCC,,36,1.0
hiba,89,0.05,cov-MEL,1.0,45,
hiba,89,0.05,sens-MEL,,45,1.0
hiba,89,0.05,cov-NV,1.0,133,
hiba,89,0.05,cov-BCC,0.9859154929577465,71,
hiba,89,0.05,sens-BCC,,71,1.0
hiba,89,0.05,cov-AK,1.0,7,
hiba,89,0.05,sens-AK,,7,1.0
hiba,89,0.05,cov-BKL,1.0,24,
hiba,89,0.05,cov-DF,0.6153846153846154,13,
hiba,89,0.05,cov-VASC,0.8,10,
hiba,89,0.05,cov-SCC,0.96,25,
hiba,89,0.05,sens-SCC,,25,1.0
hiba,89,0.1,cov-MEL,0.9777777777777777,45,
hiba,89,0.1,sens-MEL,,45,1.0
hiba,89,0.1,cov-NV,0.9849624060150376,133,
hiba,89,0.1,cov-BCC,0.9859154929577465,71,
hiba,89,0.1,sens-BCC,,71,1.0
hiba,89,0.1,cov-AK,1.0,7,
hiba,89,0.1,sens-AK,,7,1.0
hiba,89,0.1,cov-BKL,0.9583333333333334,24,
hiba,89,0.1,cov-DF,0.38461538461538464,13,
hiba,89,0.1,cov-VASC,0.5,10,
hiba,89,0.1,cov-SCC,0.88,25,
hiba,89,0.1,sens-SCC,,25,1.0
hiba,89,0.15,cov-MEL,0.9111111111111111,45,
hiba,89,0.15,sens-MEL,,45,0.9555555555555556
hiba,89,0.15,cov-NV,0.9624060150375939,133,
hiba,89,0.15,cov-BCC,0.971830985915493,71,
hiba,89,0.15,sens-BCC,,71,1.0
hiba,89,0.15,cov-AK,0.8571428571428571,7,
hiba,89,0.15,sens-AK,,7,1.0
hiba,89,0.15,cov-BKL,0.9166666666666666,24,
hiba,89,0.15,cov-DF,0.3076923076923077,13,
hiba,89,0.15,cov-VASC,0.4,10,
hiba,89,0.15,cov-SCC,0.84,25,
hiba,89,0.15,sens-SCC,,25,1.0
pad,89,0.05,cov-MEL,1.0,8,
pad,89,0.05,sens-MEL,,8,1.0
pad,89,0.05,cov-NV,1.0,12,
pad,89,0.05,cov-BCC,0.9836065573770492,183,
pad,89,0.05,sens-BCC,,183,1.0
pad,89,0.05,cov-AK,0.9827586206896551,58,
pad,89,0.05,sens-AK,,58,1.0
pad,89,0.05,cov-BKL,1.0,5,
pad,89,0.05,cov-SCC,0.8285714285714286,35,
pad,89,0.05,sens-SCC,,35,1.0
pad,89,0.1,cov-MEL,0.875,8,
pad,89,0.1,sens-MEL,,8,1.0
pad,89,0.1,cov-NV,1.0,12,
pad,89,0.1,cov-BCC,0.9234972677595629,183,
pad,89,0.1,sens-BCC,,183,1.0
pad,89,0.1,cov-AK,0.9482758620689655,58,
pad,89,0.1,sens-AK,,58,1.0
pad,89,0.1,cov-BKL,1.0,5,
pad,89,0.1,cov-SCC,0.7428571428571429,35,
pad,89,0.1,sens-SCC,,35,1.0
pad,89,0.15,cov-MEL,0.75,8,
pad,89,0.15,sens-MEL,,8,1.0
pad,89,0.15,cov-NV,0.9166666666666666,12,
pad,89,0.15,cov-BCC,0.8579234972677595,183,
pad,89,0.15,sens-BCC,,183,1.0
pad,89,0.15,cov-AK,0.8793103448275862,58,
pad,89,0.15,sens-AK,,58,1.0
pad,89,0.15,cov-BKL,1.0,5,
pad,89,0.15,cov-SCC,0.6285714285714286,35,
pad,89,0.15,sens-SCC,,35,1.0
hiba,90,0.05,cov-MEL,0.9622641509433962,53,
hiba,90,0.05,sens-MEL,,53,1.0
hiba,90,0.05,cov-NV,1.0,152,
hiba,90,0.05,cov-BCC,0.9830508474576272,59,
hiba,90,0.05,sens-BCC,,59,1.0
hiba,90,0.05,cov-AK,0.9333333333333333,15,
hiba,90,0.05,sens-AK,,15,1.0
hiba,90,0.05,cov-BKL,1.0,13,
hiba,90,0.05,cov-DF,0.8181818181818182,11,
hiba,90,0.05,cov-VASC,0.8888888888888888,9,
hiba,90,0.05,cov-SCC,0.7307692307692307,26,
hiba,90,0.05,sens-SCC,,26,1.0
hiba,90,0.1,cov-MEL,0.9622641509433962,53,
hiba,90,0.1,sens-MEL,,53,1.0
hiba,90,0.1,cov-NV,0.993421052631579,152,
hiba,90,0.1,cov-BCC,0.9830508474576272,59,
hiba,90,0.1,sens-BCC,,59,1.0
hiba,90,0.1,cov-AK,0.9333333333333333,15,
hiba,90,0.1,sens-AK,,15,1.0
hiba,90,0.1,cov-BKL,1.0,13,
hiba,90,0.1,cov-DF,0.6363636363636364,11,
hiba,90,0.1,cov-VASC,0.7777777777777778,9,
hiba,90,0.1,cov-SCC,0.6923076923076923,26,
hiba,90,0.1,sens-SCC,,26,1.0
hiba,90,0.15,cov-MEL,0.9622641509433962,53,
hiba,90,0.15,sens-MEL,,53,1.0
hiba,90,0.15,cov-NV,0.9671052631578947,152,
hiba,90,0.15,cov-BCC,0.9322033898305084,59,
hiba,90,0.15,sens-BCC,,59,0.9661016949152542
hiba,90,0.15,cov-AK,0.8666666666666667,15,
hiba,90,0.15,sens-AK,,15,1.0
hiba,90,0.15,cov-BKL,1.0,13,
hiba,90,0.15,cov-DF,0.45454545454545453,11,
hiba,90,0.15,cov-VASC,0.6666666666666666,9,
hiba,90,0.15,cov-SCC,0.5384615384615384,26,
hiba,90,0.15,sens-SCC,,26,0.9230769230769231
pad,90,0.05,cov-MEL,1.0,10,
pad,90,0.05,sens-MEL,,10,1.0
pad,90,0.05,cov-NV,1.0,8,
pad,90,0.05,cov-BCC,0.983957219251337,187,
pad,90,0.05,sens-BCC,,187,1.0
pad,90,0.05,cov-AK,0.9473684210526315,57,
pad,90,0.05,sens-AK,,57,1.0
pad,90,0.05,cov-BKL,1.0,9,
pad,90,0.05,cov-SCC,0.8611111111111112,36,
pad,90,0.05,sens-SCC,,36,1.0
pad,90,0.1,cov-MEL,0.9,10,
pad,90,0.1,sens-MEL,,10,1.0
pad,90,0.1,cov-NV,1.0,8,
pad,90,0.1,cov-BCC,0.9090909090909091,187,
pad,90,0.1,sens-BCC,,187,1.0
pad,90,0.1,cov-AK,0.9298245614035088,57,
pad,90,0.1,sens-AK,,57,1.0
pad,90,0.1,cov-BKL,1.0,9,
pad,90,0.1,cov-SCC,0.7777777777777778,36,
pad,90,0.1,sens-SCC,,36,1.0
pad,90,0.15,cov-MEL,0.8,10,
pad,90,0.15,sens-MEL,,10,1.0
pad,90,0.15,cov-NV,1.0,8,
pad,90,0.15,cov-BCC,0.893048128342246,187,
pad,90,0.15,sens-BCC,,187,1.0
pad,90,0.15,cov-AK,0.8947368421052632,57,
pad,90,0.15,sens-AK,,57,1.0
pad,90,0.15,cov-BKL,1.0,9,
pad,90,0.15,cov-SCC,0.6666666666666666,36,
pad,90,0.15,sens-SCC,,36,1.0
hiba,91,0.05,cov-MEL,0.9811320754716981,53,
hiba,91,0.05,sens-MEL,,53,1.0
hiba,91,0.05,cov-NV,1.0,182,
hiba,91,0.05,cov-BCC,0.9821428571428571,56,
hiba,91,0.05,sens-BCC,,56,1.0
hiba,91,0.05,cov-AK,0.75,12,
hiba,91,0.05,sens-AK,,12,1.0
hiba,91,0.05,cov-BKL,1.0,17,
hiba,91,0.05,cov-DF,0.6,10,
hiba,91,0.05,cov-VASC,0.9,10,
hiba,91,0.05,cov-SCC,0.8846153846153846,26,
hiba,91,0.05,sens-SCC,,26,1.0
hiba,91,0.1,cov-MEL,0.9056603773584906,53,
hiba,91,0.1,sens-MEL,,53,0.9433962264150944
hiba,91,0.1,cov-NV,0.9945054945054945,182,
hiba,91,0.1,cov-BCC,0.9642857142857143,56,
hiba,91,0.1,sens-BCC,,56,1.0
hiba,91,0.1,cov-AK,0.6666666666666666,12,
hiba,91,0.1,sens-AK,,12,1.0
hiba,91,0.1,cov-BKL,1.0,17,
hiba,91,0.1,cov-DF,0.4,10,
hiba,91,0.1,cov-VASC,0.7,10,
hiba,91,0.1,cov-SCC,0.8846153846153846,26,
hiba,91,0.1,sens-SCC,,26,1.0
hiba,91,0.15,cov-MEL,0.8679245283018868,53,
hiba,91,0.15,sens-MEL,,53,0.9433962264150944
hiba,91,0.15,cov-NV,0.9835164835164835,182,
hiba,91,0.15,cov-BCC,0.9285714285714286,56,
hiba,91,0.15,sens-BCC,,56,0.9642857142857143
hiba,91,0.15,cov-AK,0.5833333333333334,12,
hiba,91,0.15,sens-AK,,12,1.0
hiba,91,0.15,cov-BKL,1.0,17,
hiba,91,0.15,cov-DF,0.3,10,
hiba,91,0.15,cov-VASC,0.6,10,
hiba,91,0.15,cov-SCC,0.7692307692307693,26,
hiba,91,0.15,sens-SCC,,26,1.0
pad,91,0.05,cov-MEL,0.8333333333333334,6,
pad,91,0.05,sens-MEL,,6,1.0
pad,91,0.05,cov-NV,1.0,7,
pad,91,0.05,cov-BCC,0.975609756097561,164,
pad,91,0.05,sens-BCC,,164,1.0
pad,91,0.05,cov-AK,0.9245283018867925,53,
pad,91,0.05,sens-AK,,53,1.0
pad,91,0.05,cov-BKL,1.0,9,
pad,91,0.05,cov-SCC,0.8947368421052632,38,
pad,91,0.05,sens-SCC,,38,1.0
pad,91,0.1,cov-MEL,0.8333333333333334,6,
pad,91,0.1,sens-MEL,,6,1.0
pad,91,0.1,cov-NV,1.0,7,
pad,91,0.1,cov-BCC,0.9451219512195121,164,
pad,91,0.1,sens-BCC,,164,1.0
pad,91,0.1,cov-AK,0.8867924528301887,53,
pad,91,0.1,sens-AK,,53,1.0
pad,91,0.1,cov-BKL,0.8888888888888888,9,
pad,91,0.1,cov-SCC,0.868421052631579,38,
pad,91,0.1,sens-SCC,,38,1.0
pad,91,0.15,cov-MEL,0.6666666666666666,6,
pad,91,0.15,sens-MEL,,6,1.0
pad,91,0.15,cov-NV,1.0,7,
pad,91,0.15,cov-BCC,0.9024390243902439,164,
pad,91,0.15,sens-BCC,,164,1.0
pad,91,0.15,cov-AK,0.7924528301886793,53,
pad,91,0.15,sens-AK,,53,1.0
pad,91,0.15,cov-BKL,0.8888888888888888,9,
pad,91,0.15,cov-SCC,0.5789473684210527,38,
pad,91,0.15,sens-SCC,,38,1.0
hiba,92,0.05,cov-MEL,1.0,48,
hiba,92,0.05,sens-MEL,,48,1.0
hiba,92,0.05,cov-NV,1.0,205,
hiba,92,0.05,cov-BCC,1.0,67,
hiba,92,0.05,sens-BCC,,67,1.0
hiba,92,0.05,cov-AK,0.9230769230769231,13,
hiba,92,0.05,sens-AK,,13,1.0
hiba,92,0.05,cov-BKL,1.0,21,
hiba,92,0.05,cov-DF,0.7142857142857143,7,
hiba,92,0.05,cov-VASC,1.0,5,
hiba,92,0.05,cov-SCC,1.0,26,
hiba,92,0.05,sens-SCC,,26,1.0
hiba,92,0.1,cov-MEL,0.9375,48,
hiba,92,0.1,sens-MEL,,48,0.9583333333333334
hiba,92,0.1,cov-NV,0.9951219512195122,205,
hiba,92,0.1,cov-BCC,0.9701492537313433,67,
hiba,92,0.1,sens-BCC,,67,1.0
hiba,92,0.1,cov-AK,0.8461538461538461,13,
hiba,92,0.1,sens-AK,,13,1.0
hiba,92,0.1,cov-BKL,1.0,21,
hiba,92,0.1,cov-DF,0.5714285714285714,7,
hiba,92,0.1,cov-VASC,0.6,5,
hiba,92,0.1,cov-SCC,0.9230769230769231,26,
hiba,92,0.1,sens-SCC,,26,1.0
hiba,92,0.15,cov-MEL,0.9375,48,
hiba,92,0.15,sens-MEL,,48,0.9583333333333334
hiba,92,0.15,cov-NV,0.9951219512195122,205,
hiba,92,0.15,cov-BCC,0.9701492537313433,67,
hiba,92,0.15,sens-BCC,,67,1.0
hiba,92,0.15,cov-AK,0.8461538461538461,13,
hiba,92,0.15,sens-AK,,13,1.0
hiba,92,0.15,cov-BKL,0.9523809523809523,21,
hiba,92,0.15,cov-DF,0.42857142857142855,7,
hiba,92,0.15,cov-VASC,0.6,5,
hiba,92,0.15,cov-SCC,0.8846153846153846,26,
hiba,92,0.15,sens-SCC,,26,1.0
pad,92,0.05,cov-MEL,1.0,13,
pad,92,0.05,sens-MEL,,13,1.0
pad,92,0.05,cov-NV,0.8571428571428571,7,
pad,92,0.05,cov-BCC,0.9936305732484076,157,
pad,92,0.05,sens-BCC,,157,1.0
pad,92,0.05,cov-AK,0.9411764705882353,51,
pad,92,0.05,sens-AK,,51,1.0
pad,92,0.05,cov-BKL,0.8888888888888888,9,
pad,92,0.05,cov-SCC,0.8333333333333334,42,
pad,92,0.05,sens-SCC,,42,1.0
pad,92,0.1,cov-MEL,0.9230769230769231,13,
pad,92,0.1,sens-MEL,,13,1.0
pad,92,0.1,cov-NV,0.8571428571428571,7,
pad,92,0.1,cov-BCC,0.9617834394904459,157,
pad,92,0.1,sens-BCC,,157,1.0
pad,92,0.1,cov-AK,0.9411764705882353,51,
pad,92,0.1,sens-AK,,51,1.0
pad,92,0.1,cov-BKL,0.8888888888888888,9,
pad,92,0.1,cov-SCC,0.7857142857142857,42,
pad,92,0.1,sens-SCC,,42,1.0
pad,92,0.15,cov-MEL,0.9230769230769231,13,
pad,92,0.15,sens-MEL,,13,1.0
pad,92,0.15,cov-NV,0.7142857142857143,7,
pad,92,0.15,cov-BCC,0.9363057324840764,157,
pad,92,0.15,sens-BCC,,157,1.0
pad,92,0.15,cov-AK,0.9411764705882353,51,
pad,92,0.15,sens-AK,,51,1.0
pad,92,0.15,cov-BKL,0.7777777777777778,9,
pad,92,0.15,cov-SCC,0.6428571428571429,42,
pad,92,0.15,sens-SCC,,42,1.0
hiba,93,0.05,cov-MEL,0.9565217391304348,46,
hiba,93,0.05,sens-MEL,,46,1.0
hiba,93,0.05,cov-NV,1.0,158,
hiba,93,0.05,cov-BCC,1.0,67,
hiba,93,0.05,sens-BCC,,67,1.0
hiba,93,0.05,cov-AK,1.0,6,
hiba,93,0.05,sens-AK,,6,1.0
hiba,93,0.05,cov-BKL,1.0,14,
hiba,93,0.05,cov-DF,0.5,10,
hiba,93,0.05,cov-VASC,1.0,6,
hiba,93,0.05,cov-SCC,0.8076923076923077,26,
hiba,93,0.05,sens-SCC,,26,1.0
hiba,93,0.1,cov-MEL,0.8913043478260869,46,
hiba,93,0.1,sens-MEL,,46,0.9347826086956522
hiba,93,0.1,cov-NV,0.9873417721518988,158,
hiba,93,0.1,cov-BCC,0.9253731343283582,67,
hiba,93,0.1,sens-BCC,,67,1.0
hiba,93,0.1,cov-AK,1.0,6,
hiba,93,0.1,sens-AK,,6,1.0
hiba,93,0.1,cov-BKL,0.9285714285714286,14,
hiba,93,0.1,cov-DF,0.4,10,
hiba,93,0.1,cov-VASC,1.0,6,
hiba,93,0.1,cov-SCC,0.7307692307692307,26,
hiba,93,0.1,sens-SCC,,26,1.0
hiba,93,0.15,cov-MEL,0.8695652173913043,46,
hiba,93,0.15,sens-MEL,,46,0.9347826086956522
hiba,93,0.15,cov-NV,0.9620253164556962,158,
hiba,93,0.15,cov-BCC,0.9104477611940298,67,
hiba,93,0.15,sens-BCC,,67,1.0
hiba,93,0.15,cov-AK,1.0,6,
hiba,93,0.15,sens-AK,,6,1.0
hiba,93,0.15,cov-BKL,0.8571428571428571,14,
hiba,93,0.15,cov-DF,0.2,10,
hiba,93,0.15,cov-VASC,0.8333333333333334,6,
hiba,93,0.15,cov-SCC,0.6923076923076923,26,
hiba,93,0.15,sens-SCC,,26,1.0
pad,93,0.05,cov-MEL,1.0,8,
pad,93,0.05,sens-MEL,,8,1.0
pad,93,0.05,cov-NV,1.0,12,
pad,93,0.05,cov-BCC,0.9629629629629629,162,
pad,93,0.05,sens-BCC,,162,1.0
pad,93,0.05,cov-AK,0.9107142857142857,56,
pad,93,0.05,sens-AK,,56,1.0
pad,93,0.05,cov-BKL,1.0,9,
pad,93,0.05,cov-SCC,0.8787878787878788,33,
pad,93,0.05,sens-SCC,,33,1.0
pad,93,0.1,cov-MEL,1.0,8,
pad,93,0.1,sens-MEL,,8,1.0
pad,93,0.1,cov-NV,1.0,12,
pad,93,0.1,cov-BCC,0.9135802469135802,162,
pad,93,0.1,sens-BCC,,162,1.0
pad,93,0.1,cov-AK,0.9107142857142857,56,
pad,93,0.1,sens-AK,,56,1.0
pad,93,0.1,cov-BKL,1.0,9,
pad,93,0.1,cov-SCC,0.7575757575757576,33,
pad,93,0.1,sens-SCC,,33,1.0
pad,93,0.15,cov-MEL,1.0,8,
pad,93,0.15,sens-MEL,,8,1.0
pad,93,0.15,cov-NV,1.0,12,
pad,93,0.15,cov-BCC,0.8827160493827161,162,
pad,93,0.15,sens-BCC,,162,1.0
pad,93,0.15,cov-AK,0.8392857142857143,56,
pad,93,0.15,sens-AK,,56,1.0
pad,93,0.15,cov-BKL,1.0,9,
pad,93,0.15,cov-SCC,0.6363636363636364,33,
pad,93,0.15,sens-SCC,,33,1.0
hiba,94,0.05,cov-MEL,0.98,50,
hiba,94,0.05,sens-MEL,,50,1.0
hiba,94,0.05,cov-NV,1.0,125,
hiba,94,0.05,cov-BCC,0.9830508474576272,59,
hiba,94,0.05,sens-BCC,,59,1.0
hiba,94,0.05,cov-AK,0.9,10,
hiba,94,0.05,sens-AK,,10,1.0
hiba,94,0.05,cov-BKL,1.0,21,
hiba,94,0.05,cov-DF,0.5833333333333334,12,
hiba,94,0.05,cov-VASC,0.9166666666666666,12,
hiba,94,0.05,cov-SCC,0.8518518518518519,27,
hiba,94,0.05,sens-SCC,,27,1.0
hiba,94,0.1,cov-MEL,0.96,50,
hiba,94,0.1,sens-MEL,,50,1.0
hiba,94,0.1,cov-NV,0.984,125,
hiba,94,0.1,cov-BCC,0.9322033898305084,59,
hiba,94,0.1,sens-BCC,,59,1.0
hiba,94,0.1,cov-AK,0.9,10,
hiba,94,0.1,sens-AK,,10,1.0
hiba,94,0.1,cov-BKL,1.0,21,
hiba,94,0.1,cov-DF,0.4166666666666667,12,
hiba,94,0.1,cov-VASC,0.8333333333333334,12,
hiba,94,0.1,cov-SCC,0.8518518518518519,27,
hiba,94,0.1,sens-SCC,,27,1.0
hiba,94,0.15,cov-MEL,0.9,50,
hiba,94,0.15,sens-MEL,,50,0.98
hiba,94,0.15,cov-NV,0.968,125,
hiba,94,0.15,cov-BCC,0.8135593220338984,59,
hiba,94,0.15,sens-BCC,,59,0.9661016949152542
hiba,94,0.15,cov-AK,0.8,10,
hiba,94,0.15,sens-AK,,10,1.0
hiba,94,0.15,cov-BKL,1.0,21,
hiba,94,0.15,cov-DF,0.3333333333333333,12,
hiba,94,0.15,cov-VASC,0.75,12,
hiba,94,0.15,cov-SCC,0.6296296296296297,27,
hiba,94,0.15,sens-SCC,,27,0.9259259259259259
pad,94,0.05,cov-MEL,1.0,10,
pad,94,0.05,sens-MEL,,10,1.0
pad,94,0.05,cov-NV,1.0,14,
pad,94,0.05,cov-BCC,0.9835164835164835,182,
pad,94,0.05,sens-BCC,,182,1.0
pad,94,0.05,cov-AK,0.9577464788732394,71,
pad,94,0.05,sens-AK,,71,1.0
pad,94,0.05,cov-BKL,1.0,6,
pad,94,0.05,cov-SCC,0.9166666666666666,36,
pad,94,0.05,sens-SCC,,36,1.0
pad,94,0.1,cov-MEL,0.9,10,
pad,94,0.1,sens-MEL,,10,1.0
pad,94,0.1,cov-NV,1.0,14,
pad,94,0.1,cov-BCC,0.9395604395604396,182,
pad,94,0.1,sens-BCC,,182,1.0
pad,94,0.1,cov-AK,0.9295774647887324,71,
pad,94,0.1,sens-AK,,71,1.0
pad,94,0.1,cov-BKL,1.0,6,
pad,94,0.1,cov-SCC,0.8611111111111112,36,
pad,94,0.1,sens-SCC,,36,1.0
pad,94,0.15,cov-MEL,0.9,10,
pad,94,0.15,sens-MEL,,10,1.0
pad,94,0.15,cov-NV,1.0,14,
pad,94,0.15,cov-BCC,0.8956043956043956,182,
pad,94,0.15,sens-BCC,,182,1.0
pad,94,0.15,cov-AK,0.9014084507042254,71,
pad,94,0.15,sens-AK,,71,1.0
pad,94,0.15,cov-BKL,1.0,6,
pad,94,0.15,cov-SCC,0.7777777777777778,36,
pad,94,0.15,sens-SCC,,36,1.0
hiba,95,0.05,cov-MEL,0.98,50,
hiba,95,0.05,sens-MEL,,50,1.0
hiba,95,0.05,cov-NV,1.0,98,
hiba,95,0.05,cov-BCC,1.0,61,
hiba,95,0.05,sens-BCC,,61,1.0
hiba,95,0.05,cov-AK,0.7272727272727273,11,
hiba,95,0.05,sens-AK,,11,1.0
hiba,95,0.05,cov-BKL,1.0,17,
hiba,95,0.05,cov-DF,0.8666666666666667,15,
hiba,95,0.05,cov-VASC,0.7142857142857143,7,
hiba,95,0.05,cov-SCC,0.90625,32,
hiba,95,0.05,sens-SCC,,32,1.0
hiba,95,0.1,cov-MEL,0.96,50,
hiba,95,0.1,sens-MEL,,50,1.0
hiba,95,0.1,cov-NV,0.9897959183673469,98,
hiba,95,0.1,cov-BCC,0.9672131147540983,61,
hiba,95,0.1,sens-BCC,,61,1.0
hiba,95,0.1,cov-AK,0.6363636363636364,11,
hiba,95,0.1,sens-AK,,11,1.0
hiba,95,0.1,cov-BKL,1.0,17,
hiba,95,0.1,cov-DF,0.5333333333333333,15,
hiba,95,0.1,cov-VASC,0.42857142857142855,7,
hiba,95,0.1,cov-SCC,0.84375,32,
hiba,95,0.1,sens-SCC,,32,1.0
hiba,95,0.15,cov-MEL,0.92,50,
hiba,95,0.15,sens-MEL,,50,1.0
hiba,95,0.15,cov-NV,0.9795918367346939,98,
hiba,95,0.15,cov-BCC,0.8852459016393442,61,
hiba,95,0.15,sens-BCC,,61,1.0
hiba,95,0.15,cov-AK,0.6363636363636364,11,
hiba,95,0.15,sens-AK,,11,1.0
hiba,95,0.15,cov-BKL,0.9411764705882353,17,
hiba,95,0.15,cov-DF,0.4,15,
hiba,95,0.15,cov-VASC,0.14285714285714285,7,
hiba,95,0.15,cov-SCC,0.59375,32,
hiba,95,0.15,sens-SCC,,32,1.0
pad,95,0.05,cov-MEL,1.0,8,
pad,95,0.05,sens-MEL,,8,1.0
pad,95,0.05,cov-NV,1.0,10,
pad,95,0.05,cov-BCC,0.9939393939393939,165,
pad,95,0.05,sens-BCC,,165,1.0
pad,95,0.05,cov-AK,0.9074074074074074,54,
pad,95,0.05,sens-AK,,54,1.0
pad,95,0.05,cov-BKL,1.0,5,
pad,95,0.05,cov-SCC,0.8529411764705882,34,
pad,95,0.05,sens-SCC,,34,1.0
pad,95,0.1,cov-MEL,0.875,8,
pad,95,0.1,sens-MEL,,8,1.0
pad,95,0.1,cov-NV,1.0,10,
pad,95,0.1,cov-BCC,0.9454545454545454,165,
pad,95,0.1,sens-BCC,,165,1.0
pad,95,0.1,cov-AK,0.8703703703703703,54,
pad,95,0.1,sens-AK,,54,1.0
pad,95,0.1,cov-BKL,1.0,5,
pad,95,0.1,cov-SCC,0.7647058823529411,34,
pad,95,0.1,sens-SCC,,34,1.0
pad,95,0.15,cov-MEL,0.875,8,
pad,95,0.15,sens-MEL,,8,1.0
pad,95,0.15,cov-NV,0.9,10,
pad,95,0.15,cov-BCC,0.8909090909090909,165,
pad,95,0.15,sens-BCC,,165,1.0
pad,95,0.15,cov-AK,0.8518518518518519,54,
pad,95,0.15,sens-AK,,54,1.0
pad,95,0.15,cov-BKL,0.8,5,
pad,95,0.15,cov-SCC,0.6470588235294118,34,
pad,95,0.15,sens-SCC,,34,1.0
hiba,96,0.05,cov-MEL,0.9782608695652174,46,
hiba,96,0.05,sens-MEL,,46,1.0
hiba,96,0.05,cov-NV,1.0,115,
hiba,96,0.05,cov-BCC,0.9538461538461539,65,
hiba,96,0.05,sens-BCC,,65,1.0
hiba,96,0.05,cov-AK,0.7647058823529411,17,
hiba,96,0.05,sens-AK,,17,1.0
hiba,96,0.05,cov-BKL,1.0,9,
hiba,96,0.05,cov-DF,1.0,12,
hiba,96,0.05,cov-VASC,1.0,17,
hiba,96,0.05,cov-SCC,0.88,25,
hiba,96,0.05,sens-SCC,,25,1.0
hiba,96,0.1,cov-MEL,0.9130434782608695,46,
hiba,96,0.1,sens-MEL,,46,0.9782608695652174
hiba,96,0.1,cov-NV,0.991304347826087,115,
hiba,96,0.1,cov-BCC,0.8923076923076924,65,
hiba,96,0.1,sens-BCC,,65,1.0
hiba,96,0.1,cov-AK,0.7647058823529411,17,
hiba,96,0.1,sens-AK,,17,1.0
hiba,96,0.1,cov-BKL,0.8888888888888888,9,
hiba,96,0.1,cov-DF,0.75,12,
hiba,96,0.1,cov-VASC,0.7058823529411765,17,
hiba,96,0.1,cov-SCC,0.88,25,
hiba,96,0.1,sens-SCC,,25,1.0
hiba,96,0.15,cov-MEL,0.8913043478260869,46,
hiba,96,0.15,sens-MEL,,46,0.9565217391304348
hiba,96,0.15,cov-NV,0.9826086956521739,115,
hiba,96,0.15,cov-BCC,0.8461538461538461,65,
hiba,96,0.15,sens-BCC,,65,0.9846153846153847
hiba,96,0.15,cov-AK,0.7647058823529411,17,
hiba,96,0.15,sens-AK,,17,1.0
hiba,96,0.15,cov-BKL,0.8888888888888888,9,
hiba,96,0.15,cov-DF,0.3333333333333333,12,
hiba,96,0.15,cov-VASC,0.5294117647058824,17,
hiba,96,0.15,cov-SCC,0.68,25,
hiba,96,0.15,sens-SCC,,25,0.96
pad,96,0.05,cov-MEL,1.0,9,
pad,96,0.05,sens-MEL,,9,1.0
pad,96,0.05,cov-NV,1.0,4,
pad,96,0.05,cov-BCC,0.9776119402985075,134,
pad,96,0.05,sens-BCC,,134,1.0
pad,96,0.05,cov-AK,0.9516129032258065,62,
pad,96,0.05,sens-AK,,62,1.0
pad,96,0.05,cov-BKL,1.0,5,
pad,96,0.05,cov-SCC,0.8648648648648649,37,
pad,96,0.05,sens-SCC,,37,1.0
pad,96,0.1,cov-MEL,0.8888888888888888,9,
pad,96,0.1,sens-MEL,,9,1.0
pad,96,0.1,cov-NV,1.0,4,
pad,96,0.1,cov-BCC,0.9104477611940298,134,
pad,96,0.1,sens-BCC,,134,1.0
pad,96,0.1,cov-AK,0.8870967741935484,62,
pad,96,0.1,sens-AK,,62,1.0
pad,96,0.1,cov-BKL,0.8,5,
pad,96,0.1,cov-SCC,0.7567567567567568,37,
pad,96,0.1,sens-SCC,,37,1.0
pad,96,0.15,cov-MEL,0.8888888888888888,9,
pad,96,0.15,sens-MEL,,9,1.0
pad,96,0.15,cov-NV,0.75,4,
pad,96,0.15,cov-BCC,0.8805970149253731,134,
pad,96,0.15,sens-BCC,,134,1.0
pad,96,0.15,cov-AK,0.8548387096774194,62,
pad,96,0.15,sens-AK,,62,1.0
pad,96,0.15,cov-BKL,0.6,5,
pad,96,0.15,cov-SCC,0.7027027027027027,37,
pad,96,0.15,sens-SCC,,37,1.0
hiba,97,0.05,cov-MEL,0.9583333333333334,48,
hiba,97,0.05,sens-MEL,,48,1.0
hiba,97,0.05,cov-NV,1.0,150,
hiba,97,0.05,cov-BCC,0.9830508474576272,59,
hiba,97,0.05,sens-BCC,,59,1.0
hiba,97,0.05,cov-AK,1.0,12,
hiba,97,0.05,sens-AK,,12,1.0
hiba,97,0.05,cov-BKL,1.0,17,
hiba,97,0.05,cov-DF,0.4,20,
hiba,97,0.05,cov-VASC,0.8181818181818182,11,
hiba,97,0.05,cov-SCC,0.9285714285714286,28,
hiba,97,0.05,sens-SCC,,28,1.0
hiba,97,0.1,cov-MEL,0.9166666666666666,48,
hiba,97,0.1,sens-MEL,,48,0.9791666666666666
hiba,97,0.1,cov-NV,1.0,150,
hiba,97,0.1,cov-BCC,0.9322033898305084,59,
hiba,97,0.1,sens-BCC,,59,1.0
hiba,97,0.1,cov-AK,0.9166666666666666,12,
hiba,97,0.1,sens-AK,,12,1.0
hiba,97,0.1,cov-BKL,0.9411764705882353,17,
hiba,97,0.1,cov-DF,0.3,20,
hiba,97,0.1,cov-VASC,0.8181818181818182,11,
hiba,97,0.1,cov-SCC,0.7857142857142857,28,
hiba,97,0.1,sens-SCC,,28,1.0
hiba,97,0.15,cov-MEL,0.8958333333333334,48,
hiba,97,0.15,sens-MEL,,48,0.9791666666666666
hiba,97,0.15,cov-NV,0.9733333333333334,150,
hiba,97,0.15,cov-BCC,0.8813559322033898,59,
hiba,97,0.15,sens-BCC,,59,1.0
hiba,97,0.15,cov-AK,0.8333333333333334,12,
hiba,97,0.15,sens-AK,,12,1.0
hiba,97,0.15,cov-BKL,0.8823529411764706,17,
hiba,97,0.15,cov-DF,0.25,20,
hiba,97,0.15,cov-VASC,0.8181818181818182,11,
hiba,97,0.15,cov-SCC,0.6785714285714286,28,
hiba,97,0.15,sens-SCC,,28,1.0
pad,97,0.05,cov-MEL,0.8888888888888888,9,
pad,97,0.05,sens-MEL,,9,1.0
pad,97,0.05,cov-NV,1.0,12,
pad,97,0.05,cov-BCC,0.961038961038961,154,
pad,97,0.05,sens-BCC,,154,1.0
pad,97,0.05,cov-AK,0.9545454545454546,66,
pad,97,0.05,sens-AK,,66,1.0
pad,97,0.05,cov-BKL,1.0,11,
pad,97,0.05,cov-SCC,0.825,40,
pad,97,0.05,sens-SCC,,40,1.0
pad,97,0.1,cov-MEL,0.7777777777777778,9,
pad,97,0.1,sens-MEL,,9,1.0
pad,97,0.1,cov-NV,1.0,12,
pad,97,0.1,cov-BCC,0.922077922077922,154,
pad,97,0.1,sens-BCC,,154,1.0
pad,97,0.1,cov-AK,0.8484848484848485,66,
pad,97,0.1,sens-AK,,66,0.9696969696969697
pad,97,0.1,cov-BKL,1.0,11,
pad,97,0.1,cov-SCC,0.625,40,
pad,97,0.1,sens-SCC,,40,1.0
pad,97,0.15,cov-MEL,0.7777777777777778,9,
pad,97,0.15,sens-MEL,,9,1.0
pad,97,0.15,cov-NV,1.0,12,
pad,97,0.15,cov-BCC,0.8961038961038961,154,
pad,97,0.15,sens-BCC,,154,1.0
pad,97,0.15,cov-AK,0.8181818181818182,66,
pad,97,0.15,sens-AK,,66,1.0
pad,97,0.15,cov-BKL,1.0,11,
pad,97,0.15,cov-SCC,0.6,40,
pad,97,0.15,sens-SCC,,40,1.0
hiba,98,0.05,cov-MEL,0.9791666666666666,48,
hiba,98,0.05,sens-MEL,,48,1.0
hiba,98,0.05,cov-NV,0.9944444444444445,180,
hiba,98,0.05,cov-BCC,0.9841269841269841,63,
hiba,98,0.05,sens-BCC,,63,1.0
hiba,98,0.05,cov-AK,1.0,15,
hiba,98,0.05,sens-AK,,15,1.0
hiba,98,0.05,cov-BKL,1.0,10,
hiba,98,0.05,cov-DF,0.3,10,
hiba,98,0.05,cov-VASC,0.5555555555555556,9,
hiba,98,0.05,cov-SCC,0.9545454545454546,22,
hiba,98,0.05,sens-SCC,,22,1.0
hiba,98,0.1,cov-MEL,0.9375,48,
hiba,98,0.1,sens-MEL,,48,1.0
hiba,98,0.1,cov-NV,0.9944444444444445,180,
hiba,98,0.1,cov-BCC,0.9365079365079365,63,
hiba,98,0.1,sens-BCC,,63,1.0
hiba,98,0.1,cov-AK,1.0,15,
hiba,98,0.1,sens-AK,,15,1.0
hiba,98,0.1,cov-BKL,0.8,10,
hiba,98,0.1,cov-DF,0.1,10,
hiba,98,0.1,cov-VASC,0.5555555555555556,9,
hiba,98,0.1,cov-SCC,0.8636363636363636,22,
hiba,98,0.1,sens-SCC,,22,1.0
hiba,98,0.15,cov-MEL,0.9375,48,
hiba,98,0.15,sens-MEL,,48,0.9791666666666666
hiba,98,0.15,cov-NV,0.9888888888888889,180,
hiba,98,0.15,cov-BCC,0.9365079365079365,63,
hiba,98,0.15,sens-BCC,,63,1.0
hiba,98,0.15,cov-AK,1.0,15,
hiba,98,0.15,sens-AK,,15,1.0
hiba,98,0.15,cov-BKL,0.8,10,
hiba,98,0.15,cov-DF,0.1,10,
hiba,98,0.15,cov-VASC,0.4444444444444444,9,
hiba,98,0.15,cov-SCC,0.7727272727272727,22,
hiba,98,0.15,sens-SCC,,22,1.0
pad,98,0.05,cov-MEL,0.8333333333333334,6,
pad,98,0.05,sens-MEL,,6,1.0
pad,98,0.05,cov-NV,0.875,8,
pad,98,0.05,cov-BCC,0.9733333333333334,150,
pad,98,0.05,sens-BCC,,150,1.0
pad,98,0.05,cov-AK,0.9649122807017544,57,
pad,98,0.05,sens-AK,,57,1.0
pad,98,0.05,cov-BKL,1.0,4,
pad,98,0.05,cov-SCC,0.9473684210526315,38,
pad,98,0.05,sens-SCC,,38,1.0
pad,98,0.1,cov-MEL,0.6666666666666666,6,
pad,98,0.1,sens-MEL,,6,1.0
pad,98,0.1,cov-NV,0.75,8,
pad,98,0.1,cov-BCC,0.9,150,
pad,98,0.1,sens-BCC,,150,1.0
pad,98,0.1,cov-AK,0.9298245614035088,57,
pad,98,0.1,sens-AK,,57,1.0
pad,98,0.1,cov-BKL,1.0,4,
pad,98,0.1,cov-SCC,0.8947368421052632,38,
pad,98,0.1,sens-SCC,,38,1.0
pad,98,0.15,cov-MEL,0.5,6,
pad,98,0.15,sens-MEL,,6,1.0
pad,98,0.15,cov-NV,0.75,8,
pad,98,0.15,cov-BCC,0.86,150,
pad,98,0.15,sens-BCC,,150,1.0
pad,98,0.15,cov-AK,0.8771929824561403,57,
pad,98,0.15,sens-AK,,57,1.0
pad,98,0.15,cov-BKL,0.75,4,
pad,98,0.15,cov-SCC,0.7105263157894737,38,
pad,98,0.15,sens-SCC,,38,1.0
hiba,99,0.05,cov-MEL,1.0,52,
hiba,99,0.05,sens-MEL,,52,1.0
hiba,99,0.05,cov-NV,1.0,206,
hiba,99,0.05,cov-BCC,0.9836065573770492,61,
hiba,99,0.05,sens-BCC,,61,1.0
hiba,99,0.05,cov-AK,0.8235294117647058,17,
hiba,99,0.05,sens-AK,,17,1.0
hiba,99,0.05,cov-BKL,1.0,14,
hiba,99,0.05,cov-DF,0.6363636363636364,11,
hiba,99,0.05,cov-VASC,0.8571428571428571,7,
hiba,99,0.05,cov-SCC,0.918918918918919,37,
hiba,99,0.05,sens-SCC,,37,1.0
hiba,99,0.1,cov-MEL,0.9423076923076923,52,
hiba,99,0.1,sens-MEL,,52,0.9807692307692307
hiba,99,0.1,cov-NV,1.0,206,
hiba,99,0.1,cov-BCC,0.9508196721311475,61,
hiba,99,0.1,sens-BCC,,61,1.0
hiba,99,0.1,cov-AK,0.8235294117647058,17,
hiba,99,0.1,sens-AK,,17,1.0
hiba,99,0.1,cov-BKL,1.0,14,
hiba,99,0.1,cov-DF,0.45454545454545453,11,
hiba,99,0.1,cov-VASC,0.5714285714285714,7,
hiba,99,0.1,cov-SCC,0.8648648648648649,37,
hiba,99,0.1,sens-SCC,,37,1.0
hiba,99,0.15,cov-MEL,0.9230769230769231,52,
hiba,99,0.15,sens-MEL,,52,0.9807692307692307
hiba,99,0.15,cov-NV,0.9854368932038835,206,
hiba,99,0.15,cov-BCC,0.9180327868852459,61,
hiba,99,0.15,sens-BCC,,61,1.0
hiba,99,0.15,cov-AK,0.7647058823529411,17,
hiba,99,0.15,sens-AK,,17,1.0
hiba,99,0.15,cov-BKL,1.0,14,
hiba,99,0.15,cov-DF,0.18181818181818182,11,
hiba,99,0.15,cov-VASC,0.42857142857142855,7,
hiba,99,0.15,cov-SCC,0.6756756756756757,37,
hiba,99,0.15,sens-SCC,,37,1.0
pad,99,0.05,cov-MEL,1.0,7,
pad,99,0.05,sens-MEL,,7,1.0
pad,99,0.05,cov-NV,1.0,13,
pad,99,0.05,cov-BCC,0.9817073170731707,164,
pad,99,0.05,sens-BCC,,164,1.0
pad,99,0.05,cov-AK,0.9833333333333333,60,
pad,99,0.05,sens-AK,,60,1.0
pad,99,0.05,cov-BKL,1.0,10,
pad,99,0.05,cov-SCC,0.8787878787878788,33,
pad,99,0.05,sens-SCC,,33,1.0
pad,99,0.1,cov-MEL,1.0,7,
pad,99,0.1,sens-MEL,,7,1.0
pad,99,0.1,cov-NV,1.0,13,
pad,99,0.1,cov-BCC,0.9695121951219512,164,
pad,99,0.1,sens-BCC,,164,1.0
pad,99,0.1,cov-AK,0.9666666666666667,60,
pad,99,0.1,sens-AK,,60,1.0
pad,99,0.1,cov-BKL,1.0,10,
pad,99,0.1,cov-SCC,0.7575757575757576,33,
pad,99,0.1,sens-SCC,,33,1.0
pad,99,0.15,cov-MEL,1.0,7,
pad,99,0.15,sens-MEL,,7,1.0
pad,99,0.15,cov-NV,1.0,13,
pad,99,0.15,cov-BCC,0.9390243902439024,164,
pad,99,0.15,sens-BCC,,164,1.0
pad,99,0.15,cov-AK,0.9333333333333333,60,
pad,99,0.15,sens-AK,,60,1.0
pad,99,0.15,cov-BKL,1.0,10,
pad,99,0.15,cov-SCC,0.7272727272727273,33,
pad,99,0.15,sens-SCC,,33,1.0
