cohort,draw,alpha,stratum,n_cal,degenerate,coverage,coverage_pw,miss_rate,referral,referral_pw,set_size,n_test
hiba,0,0.05,B,170.0,False,0.9928825622775801,0.9705882352941176,,1.0,1.0,6.02491103202847,281
hiba,0,0.05,M1,25.0,False,1.0,1.0,0.0,1.0,1.0,6.444444444444445,18
hiba,0,0.05,M2,219.0,False,0.9590163934426229,0.953125,0.0,1.0,1.0,6.377049180327869,122
hiba,0,0.05,M3,25.0,False,1.0,1.0,0.0,1.0,1.0,6.571428571428571,14
hiba,0,0.05,cov-MEL,,,1.0,,,,,,47
hiba,0,0.05,sens-MEL,,,,,,1.0,,,47
hiba,0,0.05,cov-NV,,,1.0,,,,,,248
hiba,0,0.05,cov-BCC,,,1.0,,,,,,74
hiba,0,0.05,sens-BCC,,,,,,1.0,,,74
hiba,0,0.05,cov-AK,,,0.9090909090909091,,,,,,11
hiba,0,0.05,sens-AK,,,,,,1.0,,,11
hiba,0,0.05,cov-BKL,,,1.0,,,,,,13
hiba,0,0.05,cov-DF,,,0.8,,,,,,10
hiba,0,0.05,cov-VASC,,,1.0,,,,,,10
hiba,0,0.05,cov-SCC,,,0.8181818181818182,,,,,,22
hiba,0,0.05,sens-SCC,,,,,,1.0,,,22
hiba,0,0.1,B,170.0,False,0.9822064056939501,0.9264705882352942,,1.0,1.0,4.512455516014235,281
hiba,0,0.1,M1,25.0,False,0.9444444444444444,0.8888888888888888,0.0,1.0,1.0,4.388888888888889,18
hiba,0,0.1,M2,219.0,False,0.9098360655737705,0.9010416666666666,0.0,1.0,1.0,4.163934426229508,122
hiba,0,0.1,M3,25.0,False,1.0,1.0,0.0,1.0,1.0,5.071428571428571,14
hiba,0,0.1,cov-MEL,,,0.9361702127659575,,,,,,47
hiba,0,0.1,sens-MEL,,,,,,1.0,,,47
hiba,0,0.1,cov-NV,,,1.0,,,,,,248
hiba,0,0.1,cov-BCC,,,0.972972972972973,,,,,,74
hiba,0,0.1,sens-BCC,,,,,,1.0,,,74
hiba,0,0.1,cov-AK,,,0.9090909090909091,,,,,,11
hiba,0,0.1,sens-AK,,,,,,1.0,,,11
hiba,0,0.1,cov-BKL,,,1.0,,,,,,13
hiba,0,0.1,cov-DF,,,0.7,,,,,,10
hiba,0,0.1,cov-VASC,,,0.8,,,,,,10
hiba,0,0.1,cov-SCC,,,0.7272727272727273,,,,,,22
hiba,0,0.1,sens-SCC,,,,,,1.0,,,22
hiba,0,0.15,B,170.0,False,0.9644128113879004,0.8602941176470589,,1.0,1.0,3.5480427046263343,281
hiba,0,0.15,M1,25.0,False,0.8888888888888888,0.8518518518518519,0.0,1.0,1.0,3.611111111111111,18
hiba,0,0.15,M2,219.0,False,0.860655737704918,0.859375,0.0,1.0,1.0,3.4508196721311477,122
hiba,0,0.15,M3,25.0,False,0.9285714285714286,0.8888888888888888,0.0,1.0,1.0,3.0714285714285716,14
hiba,0,0.15,cov-MEL,,,0.9148936170212766,,,,,,47
hiba,0,0.15,sens-MEL,,,,,,1.0,,,47
hiba,0,0.15,cov-NV,,,0.9919354838709677,,,,,,248
hiba,0,0.15,cov-BCC,,,0.9324324324324325,,,,,,74
hiba,0,0.15,sens-BCC,,,,,,1.0,,,74
hiba,0,0.15,cov-AK,,,0.7272727272727273,,,,,,11
hiba,0,0.15,sens-AK,,,,,,1.0,,,11
hiba,0,0.15,cov-BKL,,,1.0,,,,,,13
hiba,0,0.15,cov-DF,,,0.7,,,,,,10
hiba,0,0.15,cov-VASC,,,0.5,,,,,,10
hiba,0,0.15,cov-SCC,,,0.6363636363636364,,,,,,22
hiba,0,0.15,sens-SCC,,,,,,1.0,,,22
pad,0,0.05,B,20.0,False,1.0,1.0,,1.0,1.0,4.619047619047619,21
pad,0,0.05,M1,26.0,False,0.96,0.9761904761904762,0.0,1.0,1.0,4.04,25
pad,0,0.05,M2,156.0,False,0.9763313609467456,0.9808259587020649,0.0,1.0,1.0,4.757396449704142,169
pad,0,0.05,M3,70.0,False,0.9722222222222222,0.96,0.0,1.0,1.0,4.083333333333333,72
pad,0,0.05,M4,10.0,True,1.0,1.0,0.0,1.0,1.0,5.571428571428571,7
pad,0,0.05,M5,3.0,True,1.0,1.0,0.0,1.0,1.0,5.5,2
pad,0,0.05,cov-MEL,,,1.0,,,,,,12
pad,0,0.05,sens-MEL,,,,,,1.0,,,12
pad,0,0.05,cov-NV,,,1.0,,,,,,13
pad,0,0.05,cov-BCC,,,1.0,,,,,,156
pad,0,0.05,sens-BCC,,,,,,1.0,,,156
pad,0,0.05,cov-AK,,,0.9583333333333334,,,,,,72
pad,0,0.05,sens-AK,,,,,,1.0,,,72
pad,0,0.05,cov-BKL,,,1.0,,,,,,8
pad,0,0.05,cov-SCC,,,0.8857142857142857,,,,,,35
pad,0,0.05,sens-SCC,,,,,,1.0,,,35
pad,0,0.1,B,20.0,False,1.0,1.0,,1.0,1.0,3.3333333333333335,21
pad,0,0.1,M1,26.0,False,0.84,0.9047619047619048,0.0,1.0,1.0,3.56,25
pad,0,0.1,M2,156.0,False,0.8698224852071006,0.8630425621576064,0.0,1.0,1.0,3.4911242603550297,169
pad,0,0.1,M3,70.0,False,0.9027777777777778,0.88,0.0,1.0,1.0,3.388888888888889,72
pad,0,0.1,M4,10.0,False,0.7142857142857143,0.7142857142857143,0.0,1.0,1.0,3.5714285714285716,7
pad,0,0.1,M5,3.0,True,1.0,1.0,0.0,1.0,1.0,5.5,2
pad,0,0.1,cov-MEL,,,0.8333333333333334,,,,,,12
pad,0,0.1,sens-MEL,,,,,,1.0,,,12
pad,0,0.1,cov-NV,,,1.0,,,,,,13
pad,0,0.1,cov-BCC,,,0.9230769230769231,,,,,,156
pad,0,0.1,sens-BCC,,,,,,1.0,,,156
pad,0,0.1,cov-AK,,,0.9305555555555556,,,,,,72
pad,0,0.1,sens-AK,,,,,,1.0,,,72
pad,0,0.1,cov-BKL,,,1.0,,,,,,8
pad,0,0.1,cov-SCC,,,0.5428571428571428,,,,,,35
pad,0,0.1,sens-SCC,,,,,,1.0,,,35
pad,0,0.15,B,20.0,False,1.0,1.0,,1.0,1.0,2.7142857142857144,21
pad,0,0.15,M1,26.0,False,0.68,0.6904761904761905,0.0,1.0,1.0,2.24,25
pad,0,0.15,M2,156.0,False,0.8047337278106509,0.8096291613990729,0.0,1.0,1.0,2.532544378698225,169
pad,0,0.15,M3,70.0,False,0.8333333333333334,0.805,0.0,1.0,1.0,2.5972222222222223,72
pad,0,0.15,M4,10.0,False,0.7142857142857143,0.7142857142857143,0.0,1.0,1.0,3.4285714285714284,7
pad,0,0.15,M5,3.0,True,1.0,1.0,0.0,1.0,1.0,5.5,2
pad,0,0.15,cov-MEL,,,0.75,,,,,,12
pad,0,0.15,sens-MEL,,,,,,1.0,,,12
pad,0,0.15,cov-NV,,,1.0,,,,,,13
pad,0,0.15,cov-BCC,,,0.8205128205128205,,,,,,156
pad,0,0.15,sens-BCC,,,,,,1.0,,,156
pad,0,0.15,cov-AK,,,0.9166666666666666,,,,,,72
pad,0,0.15,sens-AK,,,,,,1.0,,,72
pad,0,0.15,cov-BKL,,,1.0,,,,,,8
pad,0,0.15,cov-SCC,,,0.4857142857142857,,,,,,35
pad,0,0.15,sens-SCC,,,,,,1.0,,,35
hiba,1,0.05,B,161.0,False,0.9859154929577465,0.9675324675324676,,1.0,1.0,6.272300469483568,213
hiba,1,0.05,M1,20.0,False,1.0,1.0,0.0,1.0,1.0,6.315789473684211,19
hiba,1,0.05,M2,230.0,False,0.9905660377358491,0.9941176470588236,0.0,1.0,1.0,6.5754716981132075,106
hiba,1,0.05,M3,24.0,False,1.0,1.0,0.0,1.0,1.0,6.363636363636363,11
hiba,1,0.05,cov-MEL,,,1.0,,,,,,49
hiba,1,0.05,sens-MEL,,,,,,1.0,,,49
hiba,1,0.05,cov-NV,,,1.0,,,,,,168
hiba,1,0.05,cov-BCC,,,1.0,,,,,,52
hiba,1,0.05,sens-BCC,,,,,,1.0,,,52
hiba,1,0.05,cov-AK,,,1.0,,,,,,9
hiba,1,0.05,sens-AK,,,,,,1.0,,,9
hiba,1,0.05,cov-BKL,,,1.0,,,,,,18
hiba,1,0.05,cov-DF,,,0.8333333333333334,,,,,,12
hiba,1,0.05,cov-VASC,,,0.9333333333333333,,,,,,15
hiba,1,0.05,cov-SCC,,,0.9615384615384616,,,,,,26
hiba,1,0.05,sens-SCC,,,,,,1.0,,,26
hiba,1,0.1,B,161.0,False,0.971830985915493,0.935064935064935,,1.0,1.0,4.633802816901408,213
hiba,1,0.1,M1,20.0,False,1.0,1.0,0.0,1.0,1.0,4.947368421052632,19
hiba,1,0.1,M2,230.0,False,0.9622641509433962,0.9647058823529412,0.0,1.0,1.0,4.981132075471698,106
hiba,1,0.1,M3,24.0,False,0.8181818181818182,0.8,0.0,1.0,1.0,3.6363636363636362,11
hiba,1,0.1,cov-MEL,,,1.0,,,,,,49
hiba,1,0.1,sens-MEL,,,,,,1.0,,,49
hiba,1,0.1,cov-NV,,,0.9940476190476191,,,,,,168
hiba,1,0.1,cov-BCC,,,1.0,,,,,,52
hiba,1,0.1,sens-BCC,,,,,,1.0,,,52
hiba,1,0.1,cov-AK,,,1.0,,,,,,9
hiba,1,0.1,sens-AK,,,,,,1.0,,,9
hiba,1,0.1,cov-BKL,,,1.0,,,,,,18
hiba,1,0.1,cov-DF,,,0.75,,,,,,12
hiba,1,0.1,cov-VASC,,,0.8666666666666667,,,,,,15
hiba,1,0.1,cov-SCC,,,0.7692307692307693,,,,,,26
hiba,1,0.1,sens-SCC,,,,,,1.0,,,26
hiba,1,0.15,B,161.0,False,0.9483568075117371,0.8798701298701299,,1.0,1.0,3.7183098591549295,213
hiba,1,0.15,M1,20.0,False,1.0,1.0,0.0,1.0,1.0,4.157894736842105,19
hiba,1,0.15,M2,230.0,False,0.8962264150943396,0.9035294117647058,0.0,1.0,1.0,3.792452830188679,106
hiba,1,0.15,M3,24.0,False,0.8181818181818182,0.8,0.0,1.0,1.0,3.272727272727273,11
hiba,1,0.15,cov-MEL,,,0.9795918367346939,,,,,,49
hiba,1,0.15,sens-MEL,,,,,,1.0,,,49
hiba,1,0.15,cov-NV,,,0.9880952380952381,,,,,,168
hiba,1,0.15,cov-BCC,,,0.9807692307692307,,,,,,52
hiba,1,0.15,sens-BCC,,,,,,1.0,,,52
hiba,1,0.15,cov-AK,,,1.0,,,,,,9
hiba,1,0.15,sens-AK,,,,,,1.0,,,9
hiba,1,0.15,cov-BKL,,,0.9444444444444444,,,,,,18
hiba,1,0.15,cov-DF,,,0.5833333333333334,,,,,,12
hiba,1,0.15,cov-VASC,,,0.8,,,,,,15
hiba,1,0.15,cov-SCC,,,0.5769230769230769,,,,,,26
hiba,1,0.15,sens-SCC,,,,,,1.0,,,26
pad,1,0.05,B,25.0,False,1.0,1.0,,1.0,1.0,4.6,15
pad,1,0.05,M1,25.0,False,0.92,0.9111111111111111,0.0,1.0,1.0,4.0,25
pad,1,0.05,M2,152.0,False,0.9940476190476191,0.9914529914529915,0.0,1.0,1.0,4.7976190476190474,168
pad,1,0.05,M3,73.0,False,0.9558823529411765,0.9361702127659575,0.0,1.0,1.0,3.8529411764705883,68
pad,1,0.05,M4,6.0,True,1.0,1.0,0.0,1.0,1.0,5.285714285714286,14
pad,1,0.05,M5,2.0,True,1.0,1.0,0.0,1.0,1.0,5.25,4
pad,1,0.05,cov-MEL,,,0.9090909090909091,,,,,,11
pad,1,0.05,sens-MEL,,,,,,1.0,,,11
pad,1,0.05,cov-NV,,,1.0,,,,,,7
pad,1,0.05,cov-BCC,,,0.9940119760479041,,,,,,167
pad,1,0.05,sens-BCC,,,,,,1.0,,,167
pad,1,0.05,cov-AK,,,0.9558823529411765,,,,,,68
pad,1,0.05,sens-AK,,,,,,1.0,,,68
pad,1,0.05,cov-BKL,,,1.0,,,,,,8
pad,1,0.05,cov-SCC,,,0.9696969696969697,,,,,,33
pad,1,0.05,sens-SCC,,,,,,1.0,,,33
pad,1,0.1,B,25.0,False,1.0,1.0,,1.0,1.0,4.266666666666667,15
pad,1,0.1,M1,25.0,False,0.84,0.861111111111111,0.0,1.0,1.0,3.6,25
pad,1,0.1,M2,152.0,False,0.9761904761904762,0.9757834757834757,0.0,1.0,1.0,3.863095238095238,168
pad,1,0.1,M3,73.0,False,0.8970588235294118,0.8670212765957447,0.0,1.0,1.0,3.3823529411764706,68
pad,1,0.1,M4,6.0,True,1.0,1.0,0.0,1.0,1.0,5.142857142857143,14
pad,1,0.1,M5,2.0,True,1.0,1.0,0.0,1.0,1.0,5.25,4
pad,1,0.1,cov-MEL,,,0.9090909090909091,,,,,,11
pad,1,0.1,sens-MEL,,,,,,1.0,,,11
pad,1,0.1,cov-NV,,,1.0,,,,,,7
pad,1,0.1,cov-BCC,,,0.9880239520958084,,,,,,167
pad,1,0.1,sens-BCC,,,,,,1.0,,,167
pad,1,0.1,cov-AK,,,0.9117647058823529,,,,,,68
pad,1,0.1,sens-AK,,,,,,1.0,,,68
pad,1,0.1,cov-BKL,,,1.0,,,,,,8
pad,1,0.1,cov-SCC,,,0.8181818181818182,,,,,,33
pad,1,0.1,sens-SCC,,,,,,1.0,,,33
pad,1,0.15,B,25.0,False,1.0,1.0,,0.9333333333333333,0.9285714285714286,2.533333333333333,15
pad,1,0.15,M1,25.0,False,0.8,0.7944444444444444,0.0,1.0,1.0,2.56,25
pad,1,0.15,M2,152.0,False,0.9702380952380952,0.9736467236467236,0.0,1.0,1.0,2.9702380952380953,168
pad,1,0.15,M3,73.0,False,0.8529411764705882,0.8297872340425532,0.0,1.0,1.0,2.4705882352941178,68
pad,1,0.15,M4,6.0,False,0.5714285714285714,0.5757575757575757,0.0,1.0,1.0,1.7142857142857142,14
pad,1,0.15,M5,2.0,True,1.0,1.0,0.0,1.0,1.0,4.5,4
pad,1,0.15,cov-MEL,,,0.9090909090909091,,,,,,11
pad,1,0.15,sens-MEL,,,,,,1.0,,,11
pad,1,0.15,cov-NV,,,1.0,,,,,,7
pad,1,0.15,cov-BCC,,,0.9520958083832335,,,,,,167
pad,1,0.15,sens-BCC,,,,,,1.0,,,167
pad,1,0.15,cov-AK,,,0.8970588235294118,,,,,,68
pad,1,0.15,sens-AK,,,,,,1.0,,,68
pad,1,0.15,cov-BKL,,,1.0,,,,,,8
pad,1,0.15,cov-SCC,,,0.696969696969697,,,,,,33
pad,1,0.15,sens-SCC,,,,,,1.0,,,33
hiba,2,0.05,B,169.0,False,1.0,1.0,,1.0,1.0,5.634146341463414,164
hiba,2,0.05,M1,29.0,False,1.0,1.0,0.0,1.0,1.0,6.818181818181818,11
hiba,2,0.05,M2,223.0,False,0.9596774193548387,0.9510869565217391,0.0,1.0,1.0,6.709677419354839,124
hiba,2,0.05,M3,20.0,False,0.8125,0.7857142857142857,0.0,1.0,1.0,5.0,16
hiba,2,0.05,cov-MEL,,,1.0,,,,,,45
hiba,2,0.05,sens-MEL,,,,,,1.0,,,45
hiba,2,0.05,cov-NV,,,1.0,,,,,,128
hiba,2,0.05,cov-BCC,,,0.984375,,,,,,64
hiba,2,0.05,sens-BCC,,,,,,1.0,,,64
hiba,2,0.05,cov-AK,,,0.9166666666666666,,,,,,12
hiba,2,0.05,sens-AK,,,,,,1.0,,,12
hiba,2,0.05,cov-BKL,,,1.0,,,,,,17
hiba,2,0.05,cov-DF,,,1.0,,,,,,10
hiba,2,0.05,cov-VASC,,,1.0,,,,,,9
hiba,2,0.05,cov-SCC,,,0.8,,,,,,30
hiba,2,0.05,sens-SCC,,,,,,1.0,,,30
hiba,2,0.1,B,169.0,False,0.9695121951219512,0.9516908212560388,,1.0,1.0,3.8658536585365852,164
hiba,2,0.1,M1,29.0,False,0.8181818181818182,0.75,0.0,1.0,1.0,4.7272727272727275,11
hiba,2,0.1,M2,223.0,False,0.9274193548387096,0.9266304347826086,0.0,1.0,1.0,4.75,124
hiba,2,0.1,M3,20.0,False,0.75,0.75,0.0,1.0,1.0,3.6875,16
hiba,2,0.1,cov-MEL,,,0.9555555555555556,,,,,,45
hiba,2,0.1,sens-MEL,,,,,,1.0,,,45
hiba,2,0.1,cov-NV,,,1.0,,,,,,128
hiba,2,0.1,cov-BCC,,,0.9375,,,,,,64
hiba,2,0.1,sens-BCC,,,,,,1.0,,,64
hiba,2,0.1,cov-AK,,,0.9166666666666666,,,,,,12
hiba,2,0.1,sens-AK,,,,,,1.0,,,12
hiba,2,0.1,cov-BKL,,,1.0,,,,,,17
hiba,2,0.1,cov-DF,,,0.6,,,,,,10
hiba,2,0.1,cov-VASC,,,0.8888888888888888,,,,,,9
hiba,2,0.1,cov-SCC,,,0.7333333333333333,,,,,,30
hiba,2,0.1,sens-SCC,,,,,,1.0,,,30
hiba,2,0.15,B,169.0,False,0.9329268292682927,0.8743961352657004,,1.0,1.0,3.1463414634146343,164
hiba,2,0.15,M1,29.0,False,0.7272727272727273,0.7,0.0,1.0,1.0,3.5454545454545454,11
hiba,2,0.15,M2,223.0,False,0.9193548387096774,0.9239130434782609,0.0,1.0,1.0,3.774193548387097,124
hiba,2,0.15,M3,20.0,False,0.6875,0.7142857142857143,0.0,1.0,1.0,2.875,16
hiba,2,0.15,cov-MEL,,,0.9333333333333333,,,,,,45
hiba,2,0.15,sens-MEL,,,,,,1.0,,,45
hiba,2,0.15,cov-NV,,,1.0,,,,,,128
hiba,2,0.15,cov-BCC,,,0.90625,,,,,,64
hiba,2,0.15,sens-BCC,,,,,,1.0,,,64
hiba,2,0.15,cov-AK,,,0.9166666666666666,,,,,,12
hiba,2,0.15,sens-AK,,,,,,1.0,,,12
hiba,2,0.15,cov-BKL,,,0.9411764705882353,,,,,,17
hiba,2,0.15,cov-DF,,,0.5,,,,,,10
hiba,2,0.15,cov-VASC,,,0.4444444444444444,,,,,,9
hiba,2,0.15,cov-SCC,,,0.7333333333333333,,,,,,30
hiba,2,0.15,sens-SCC,,,,,,1.0,,,30
pad,2,0.05,B,26.0,False,0.9375,0.9230769230769231,,1.0,1.0,4.3125,16
pad,2,0.05,M1,24.0,False,1.0,1.0,0.0,1.0,1.0,4.413793103448276,29
pad,2,0.05,M2,153.0,False,0.9269662921348315,0.9341133004926109,0.0,1.0,1.0,4.123595505617978,178
pad,2,0.05,M3,74.0,False,1.0,1.0,0.0,1.0,1.0,4.263888888888889,72
pad,2,0.05,M4,10.0,True,1.0,1.0,0.0,1.0,1.0,5.285714285714286,7
pad,2,0.05,M5,3.0,True,1.0,1.0,0.0,1.0,1.0,5.5,2
pad,2,0.05,cov-MEL,,,0.8,,,,,,10
pad,2,0.05,sens-MEL,,,,,,1.0,,,10
pad,2,0.05,cov-NV,,,0.8888888888888888,,,,,,9
pad,2,0.05,cov-BCC,,,0.988950276243094,,,,,,181
pad,2,0.05,sens-BCC,,,,,,1.0,,,181
pad,2,0.05,cov-AK,,,0.95,,,,,,60
pad,2,0.05,sens-AK,,,,,,1.0,,,60
pad,2,0.05,cov-BKL,,,1.0,,,,,,7
pad,2,0.05,cov-SCC,,,0.8378378378378378,,,,,,37
pad,2,0.05,sens-SCC,,,,,,1.0,,,37
pad,2,0.1,B,26.0,False,0.9375,0.9230769230769231,,1.0,1.0,3.3125,16
pad,2,0.1,M1,24.0,False,1.0,1.0,0.0,1.0,1.0,3.2758620689655173,29
pad,2,0.1,M2,153.0,False,0.8876404494382022,0.8931650246305419,0.0,1.0,1.0,2.938202247191011,178
pad,2,0.1,M3,74.0,False,1.0,1.0,0.0,1.0,1.0,3.3194444444444446,72
pad,2,0.1,M4,10.0,False,0.8571428571428571,0.8571428571428571,0.0,1.0,1.0,4.0,7
pad,2,0.1,M5,3.0,True,1.0,1.0,0.0,1.0,1.0,5.0,2
pad,2,0.1,cov-MEL,,,0.8,,,,,,10
pad,2,0.1,sens-MEL,,,,,,1.0,,,10
pad,2,0.1,cov-NV,,,0.8888888888888888,,,,,,9
pad,2,0.1,cov-BCC,,,0.9723756906077348,,,,,,181
pad,2,0.1,sens-BCC,,,,,,1.0,,,181
pad,2,0.1,cov-AK,,,0.9333333333333333,,,,,,60
pad,2,0.1,sens-AK,,,,,,1.0,,,60
pad,2,0.1,cov-BKL,,,1.0,,,,,,7
pad,2,0.1,cov-SCC,,,0.7297297297297297,,,,,,37
pad,2,0.1,sens-SCC,,,,,,1.0,,,37
pad,2,0.15,B,26.0,False,0.875,0.8461538461538461,,1.0,1.0,2.625,16
pad,2,0.15,M1,24.0,False,0.896551724137931,0.9375,0.0,1.0,1.0,2.6551724137931036,29
pad,2,0.15,M2,153.0,False,0.8033707865168539,0.8179392446633826,0.0,1.0,1.0,2.247191011235955,178
pad,2,0.15,M3,74.0,False,0.9861111111111112,0.9891304347826086,0.0,1.0,1.0,2.7222222222222223,72
pad,2,0.15,M4,10.0,False,0.8571428571428571,0.8571428571428571,0.0,1.0,1.0,3.5714285714285716,7
pad,2,0.15,M5,3.0,True,1.0,1.0,0.0,1.0,1.0,4.5,2
pad,2,0.15,cov-MEL,,,0.6,,,,,,10
pad,2,0.15,sens-MEL,,,,,,1.0,,,10
pad,2,0.15,cov-NV,,,0.7777777777777778,,,,,,9
pad,2,0.15,cov-BCC,,,0.9171270718232044,,,,,,181
pad,2,0.15,sens-BCC,,,,,,1.0,,,181
pad,2,0.15,cov-AK,,,0.9,,,,,,60
pad,2,0.15,sens-AK,,,,,,1.0,,,60
pad,2,0.15,cov-BKL,,,1.0,,,,,,7
pad,2,0.15,cov-SCC,,,0.5945945945945946,,,,,,37
pad,2,0.15,sens-SCC,,,,,,1.0,,,37
hiba,3,0.05,B,162.0,False,0.9166666666666666,0.8651315789473685,,1.0,1.0,5.305555555555555,180
hiba,3,0.05,M1,27.0,False,0.9166666666666666,0.8571428571428571,0.0,1.0,1.0,4.916666666666667,12
hiba,3,0.05,M2,221.0,False,0.9291338582677166,0.9335106382978723,0.0,1.0,1.0,5.417322834645669,127
hiba,3,0.05,M3,24.0,False,1.0,1.0,0.0,1.0,1.0,5.545454545454546,11
hiba,3,0.05,cov-MEL,,,1.0,,,,,,49
hiba,3,0.05,sens-MEL,,,,,,1.0,,,49
hiba,3,0.05,cov-NV,,,0.9924242424242424,,,,,,132
hiba,3,0.05,cov-BCC,,,0.9841269841269841,,,,,,63
hiba,3,0.05,sens-BCC,,,,,,1.0,,,63
hiba,3,0.05,cov-AK,,,0.6428571428571429,,,,,,14
hiba,3,0.05,sens-AK,,,,,,1.0,,,14
hiba,3,0.05,cov-BKL,,,1.0,,,,,,15
hiba,3,0.05,cov-DF,,,0.4375,,,,,,16
hiba,3,0.05,cov-VASC,,,0.7058823529411765,,,,,,17
hiba,3,0.05,cov-SCC,,,0.8333333333333334,,,,,,24
hiba,3,0.05,sens-SCC,,,,,,1.0,,,24
hiba,3,0.1,B,162.0,False,0.8833333333333333,0.8026315789473685,,1.0,1.0,3.861111111111111,180
hiba,3,0.1,M1,27.0,False,0.9166666666666666,0.8571428571428571,0.0,1.0,1.0,4.083333333333333,12
hiba,3,0.1,M2,221.0,False,0.8818897637795275,0.8861702127659574,0.0,1.0,1.0,3.779527559055118,127
hiba,3,0.1,M3,24.0,False,1.0,1.0,0.0,1.0,1.0,4.545454545454546,11
hiba,3,0.1,cov-MEL,,,1.0,,,,,,49
hiba,3,0.1,sens-MEL,,,,,,1.0,,,49
hiba,3,0.1,cov-NV,,,0.9772727272727273,,,,,,132
hiba,3,0.1,cov-BCC,,,0.9682539682539683,,,,,,63
hiba,3,0.1,sens-BCC,,,,,,1.0,,,63
hiba,3,0.1,cov-AK,,,0.5714285714285714,,,,,,14
hiba,3,0.1,sens-AK,,,,,,1.0,,,14
hiba,3,0.1,cov-BKL,,,1.0,,,,,,15
hiba,3,0.1,cov-DF,,,0.25,,,,,,16
hiba,3,0.1,cov-VASC,,,0.6470588235294118,,,,,,17
hiba,3,0.1,cov-SCC,,,0.6666666666666666,,,,,,24
hiba,3,0.1,sens-SCC,,,,,,1.0,,,24
hiba,3,0.15,B,162.0,False,0.8611111111111112,0.756578947368421,,1.0,1.0,3.25,180
hiba,3,0.15,M1,27.0,False,0.75,0.738095238095238,0.0,1.0,1.0,3.0,12
hiba,3,0.15,M2,221.0,False,0.8188976377952756,0.8365248226950354,0.0,1.0,1.0,3.141732283464567,127
hiba,3,0.15,M3,24.0,False,1.0,1.0,0.0,1.0,1.0,3.5454545454545454,11
hiba,3,0.15,cov-MEL,,,0.9591836734693877,,,,,,49
hiba,3,0.15,sens-MEL,,,,,,1.0,,,49
hiba,3,0.15,cov-NV,,,0.9696969696969697,,,,,,132
hiba,3,0.15,cov-BCC,,,0.8888888888888888,,,,,,63
hiba,3,0.15,sens-BCC,,,,,,1.0,,,63
hiba,3,0.15,cov-AK,,,0.5,,,,,,14
hiba,3,0.15,sens-AK,,,,,,1.0,,,14
hiba,3,0.15,cov-BKL,,,0.8,,,,,,15
hiba,3,0.15,cov-DF,,,0.25,,,,,,16
hiba,3,0.15,cov-VASC,,,0.6470588235294118,,,,,,17
hiba,3,0.15,cov-SCC,,,0.5833333333333334,,,,,,24
hiba,3,0.15,sens-SCC,,,,,,1.0,,,24
pad,3,0.05,B,19.0,False,1.0,1.0,,1.0,1.0,4.291666666666667,24
pad,3,0.05,M1,26.0,False,0.9545454545454546,0.9761904761904762,0.0,1.0,1.0,4.0,22
pad,3,0.05,M2,160.0,False,0.9627329192546584,0.970948012232416,0.0,1.0,1.0,4.316770186335404,161
pad,3,0.05,M3,77.0,False,0.9629629629629629,0.9534883720930233,0.0,1.0,1.0,4.148148148148148,54
pad,3,0.05,M4,10.0,True,1.0,1.0,0.0,1.0,1.0,5.333333333333333,9
pad,3,0.05,M5,3.0,True,1.0,1.0,0.0,1.0,1.0,5.333333333333333,3
pad,3,0.05,cov-MEL,,,0.9,,,,,,10
pad,3,0.05,sens-MEL,,,,,,1.0,,,10
pad,3,0.05,cov-NV,,,1.0,,,,,,14
pad,3,0.05,cov-BCC,,,0.9935897435897436,,,,,,156
pad,3,0.05,sens-BCC,,,,,,1.0,,,156
pad,3,0.05,cov-AK,,,0.9574468085106383,,,,,,47
pad,3,0.05,sens-AK,,,,,,1.0,,,47
pad,3,0.05,cov-BKL,,,1.0,,,,,,10
pad,3,0.05,cov-SCC,,,0.8611111111111112,,,,,,36
pad,3,0.05,sens-SCC,,,,,,1.0,,,36
pad,3,0.1,B,19.0,False,0.9583333333333334,0.95,,1.0,1.0,3.2083333333333335,24
pad,3,0.1,M1,26.0,False,0.9545454545454546,0.9761904761904762,0.0,1.0,1.0,3.0,22
pad,3,0.1,M2,160.0,False,0.8881987577639752,0.8876146788990825,0.0,1.0,1.0,2.919254658385093,161
pad,3,0.1,M3,77.0,False,0.9629629629629629,0.9534883720930233,0.0,1.0,1.0,3.240740740740741,54
pad,3,0.1,M4,10.0,False,0.8888888888888888,0.8571428571428571,0.0,1.0,1.0,3.7777777777777777,9
pad,3,0.1,M5,3.0,True,1.0,1.0,0.0,1.0,1.0,4.666666666666667,3
pad,3,0.1,cov-MEL,,,0.9,,,,,,10
pad,3,0.1,sens-MEL,,,,,,1.0,,,10
pad,3,0.1,cov-NV,,,1.0,,,,,,14
pad,3,0.1,cov-BCC,,,0.9615384615384616,,,,,,156
pad,3,0.1,sens-BCC,,,,,,1.0,,,156
pad,3,0.1,cov-AK,,,0.9148936170212766,,,,,,47
pad,3,0.1,sens-AK,,,,,,1.0,,,47
pad,3,0.1,cov-BKL,,,0.9,,,,,,10
pad,3,0.1,cov-SCC,,,0.6944444444444444,,,,,,36
pad,3,0.1,sens-SCC,,,,,,1.0,,,36
pad,3,0.15,B,19.0,False,0.9166666666666666,0.9,,1.0,1.0,2.7083333333333335,24
pad,3,0.15,M1,26.0,False,0.8181818181818182,0.7976190476190476,0.0,1.0,1.0,2.3636363636363638,22
pad,3,0.15,M2,160.0,False,0.8385093167701864,0.8386850152905198,0.0,1.0,1.0,2.459627329192547,161
pad,3,0.15,M3,77.0,False,0.9629629629629629,0.9534883720930233,0.0,1.0,1.0,2.685185185185185,54
pad,3,0.15,M4,10.0,False,0.8888888888888888,0.8571428571428571,0.0,1.0,1.0,3.5555555555555554,9
pad,3,0.15,M5,3.0,True,1.0,1.0,0.0,1.0,1.0,4.333333333333333,3
pad,3,0.15,cov-MEL,,,0.9,,,,,,10
pad,3,0.15,sens-MEL,,,,,,1.0,,,10
pad,3,0.15,cov-NV,,,0.9285714285714286,,,,,,14
pad,3,0.15,cov-BCC,,,0.9230769230769231,,,,,,156
pad,3,0.15,sens-BCC,,,,,,1.0,,,156
pad,3,0.15,cov-AK,,,0.8936170212765957,,,,,,47
pad,3,0.15,sens-AK,,,,,,1.0,,,47
pad,3,0.15,cov-BKL,,,0.9,,,,,,10
pad,3,0.15,cov-SCC,,,0.5833333333333334,,,,,,36
pad,3,0.15,sens-SCC,,,,,,1.0,,,36
hiba,4,0.05,B,163.0,False,0.9759615384615384,0.9433333333333334,,1.0,1.0,5.971153846153846,208
hiba,4,0.05,M1,23.0,False,1.0,1.0,0.0,1.0,1.0,6.157894736842105,19
hiba,4,0.05,M2,230.0,False,0.967479674796748,0.9794117647058823,0.0,1.0,1.0,6.2926829268292686,123
hiba,4,0.05,M3,22.0,False,0.9285714285714286,0.9166666666666666,0.0,1.0,1.0,6.071428571428571,14
hiba,4,0.05,cov-MEL,,,1.0,,,,,,38
hiba,4,0.05,sens-MEL,,,,,,1.0,,,38
hiba,4,0.05,cov-NV,,,1.0,,,,,,165
hiba,4,0.05,cov-BCC,,,0.9864864864864865,,,,,,74
hiba,4,0.05,sens-BCC,,,,,,1.0,,,74
hiba,4,0.05,cov-AK,,,0.8,,,,,,15
hiba,4,0.05,sens-AK,,,,,,1.0,,,15
hiba,4,0.05,cov-BKL,,,1.0,,,,,,16
hiba,4,0.05,cov-DF,,,0.8181818181818182,,,,,,11
hiba,4,0.05,cov-VASC,,,0.8125,,,,,,16
hiba,4,0.05,cov-SCC,,,0.9655172413793104,,,,,,29
hiba,4,0.05,sens-SCC,,,,,,1.0,,,29
hiba,4,0.1,B,163.0,False,0.9326923076923077,0.8733333333333333,,1.0,1.0,3.7163461538461537,208
hiba,4,0.1,M1,23.0,False,1.0,1.0,0.0,1.0,1.0,4.421052631578948,19
hiba,4,0.1,M2,230.0,False,0.9024390243902439,0.9205882352941176,0.0,1.0,1.0,4.162601626016261,123
hiba,4,0.1,M3,22.0,False,0.8571428571428571,0.8333333333333334,0.0,1.0,1.0,3.9285714285714284,14
hiba,4,0.1,cov-MEL,,,0.9736842105263158,,,,,,38
hiba,4,0.1,sens-MEL,,,,,,1.0,,,38
hiba,4,0.1,cov-NV,,,0.9939393939393939,,,,,,165
hiba,4,0.1,cov-BCC,,,0.9594594594594594,,,,,,74
hiba,4,0.1,sens-BCC,,,,,,1.0,,,74
hiba,4,0.1,cov-AK,,,0.7333333333333333,,,,,,15
hiba,4,0.1,sens-AK,,,,,,1.0,,,15
hiba,4,0.1,cov-BKL,,,1.0,,,,,,16
hiba,4,0.1,cov-DF,,,0.45454545454545453,,,,,,11
hiba,4,0.1,cov-VASC,,,0.5625,,,,,,16
hiba,4,0.1,cov-SCC,,,0.7931034482758621,,,,,,29
hiba,4,0.1,sens-SCC,,,,,,1.0,,,29
hiba,4,0.15,B,163.0,False,0.9182692307692307,0.8466666666666667,,1.0,1.0,3.2163461538461537,208
hiba,4,0.15,M1,23.0,False,0.7894736842105263,0.8636363636363636,0.0,1.0,1.0,3.3157894736842106,19
hiba,4,0.15,M2,230.0,False,0.8861788617886179,0.9123529411764706,0.0,1.0,1.0,3.6747967479674797,123
hiba,4,0.15,M3,22.0,False,0.7857142857142857,0.7916666666666666,0.0,1.0,1.0,3.0714285714285716,14
hiba,4,0.15,cov-MEL,,,0.9473684210526315,,,,,,38
hiba,4,0.15,sens-MEL,,,,,,1.0,,,38
hiba,4,0.15,cov-NV,,,0.9878787878787879,,,,,,165
hiba,4,0.15,cov-BCC,,,0.918918918918919,,,,,,74
hiba,4,0.15,sens-BCC,,,,,,1.0,,,74
hiba,4,0.15,cov-AK,,,0.7333333333333333,,,,,,15
hiba,4,0.15,sens-AK,,,,,,1.0,,,15
hiba,4,0.15,cov-BKL,,,0.9375,,,,,,16
hiba,4,0.15,cov-DF,,,0.45454545454545453,,,,,,11
hiba,4,0.15,cov-VASC,,,0.5,,,,,,16
hiba,4,0.15,cov-SCC,,,0.6896551724137931,,,,,,29
hiba,4,0.15,sens-SCC,,,,,,1.0,,,29
pad,4,0.05,B,18.0,True,1.0,1.0,,1.0,1.0,6.36,25
pad,4,0.05,M1,24.0,False,0.9655172413793104,0.9791666666666666,0.0,1.0,1.0,6.9655172413793105,29
pad,4,0.05,M2,161.0,False,0.9878048780487805,0.9876543209876543,0.0,1.0,1.0,7.140243902439025,164
pad,4,0.05,M3,76.0,False,0.9016393442622951,0.8863636363636364,0.0,1.0,1.0,6.491803278688525,61
pad,4,0.05,M4,10.0,True,1.0,1.0,0.0,1.0,1.0,8.0,9
pad,4,0.05,M5,3.0,True,1.0,1.0,0.0,1.0,1.0,8.0,3
pad,4,0.05,cov-MEL,,,1.0,,,,,,7
pad,4,0.05,sens-MEL,,,,,,1.0,,,7
pad,4,0.05,cov-NV,,,1.0,,,,,,15
pad,4,0.05,cov-BCC,,,0.9940828402366864,,,,,,169
pad,4,0.05,sens-BCC,,,,,,1.0,,,169
pad,4,0.05,cov-AK,,,0.9649122807017544,,,,,,57
pad,4,0.05,sens-AK,,,,,,1.0,,,57
pad,4,0.05,cov-BKL,,,1.0,,,,,,10
pad,4,0.05,cov-SCC,,,0.8181818181818182,,,,,,33
pad,4,0.05,sens-SCC,,,,,,1.0,,,33
pad,4,0.1,B,18.0,False,1.0,1.0,,1.0,1.0,3.52,25
pad,4,0.1,M1,24.0,False,0.9655172413793104,0.9791666666666666,0.0,1.0,1.0,4.068965517241379,29
pad,4,0.1,M2,161.0,False,0.926829268292683,0.9438932980599648,0.0,1.0,1.0,3.682926829268293,164
pad,4,0.1,M3,76.0,False,0.8852459016393442,0.8636363636363636,0.0,1.0,1.0,3.4098360655737703,61
pad,4,0.1,M4,10.0,False,0.7777777777777778,0.7142857142857143,0.0,1.0,1.0,4.0,9
pad,4,0.1,M5,3.0,True,1.0,1.0,0.0,1.0,1.0,5.0,3
pad,4,0.1,cov-MEL,,,0.8571428571428571,,,,,,7
pad,4,0.1,sens-MEL,,,,,,1.0,,,7
pad,4,0.1,cov-NV,,,1.0,,,,,,15
pad,4,0.1,cov-BCC,,,0.9822485207100592,,,,,,169
pad,4,0.1,sens-BCC,,,,,,1.0,,,169
pad,4,0.1,cov-AK,,,0.9298245614035088,,,,,,57
pad,4,0.1,sens-AK,,,,,,1.0,,,57
pad,4,0.1,cov-BKL,,,1.0,,,,,,10
pad,4,0.1,cov-SCC,,,0.5757575757575758,,,,,,33
pad,4,0.1,sens-SCC,,,,,,1.0,,,33
pad,4,0.15,B,18.0,False,0.96,0.9523809523809523,,1.0,1.0,2.88,25
pad,4,0.15,M1,24.0,False,0.9655172413793104,0.9791666666666666,0.0,1.0,1.0,3.0,29
pad,4,0.15,M2,161.0,False,0.9146341463414634,0.9253747795414463,0.0,1.0,1.0,2.8292682926829267,164
pad,4,0.15,M3,76.0,False,0.8688524590163934,0.8409090909090909,0.0,1.0,1.0,2.7049180327868854,61
pad,4,0.15,M4,10.0,False,0.7777777777777778,0.7142857142857143,0.0,1.0,1.0,3.2222222222222223,9
pad,4,0.15,M5,3.0,True,1.0,1.0,0.0,1.0,1.0,4.0,3
pad,4,0.15,cov-MEL,,,0.8571428571428571,,,,,,7
pad,4,0.15,sens-MEL,,,,,,1.0,,,7
pad,4,0.15,cov-NV,,,1.0,,,,,,15
pad,4,0.15,cov-BCC,,,0.9704142011834319,,,,,,169
pad,4,0.15,sens-BCC,,,,,,1.0,,,169
pad,4,0.15,cov-AK,,,0.9298245614035088,,,,,,57
pad,4,0.15,sens-AK,,,,,,1.0,,,57
pad,4,0.15,cov-BKL,,,0.9,,,,,,10
pad,4,0.15,cov-SCC,,,0.5454545454545454,,,,,,33
pad,4,0.15,sens-SCC,,,,,,1.0,,,33
hiba,5,0.05,B,173.0,False,0.9932885906040269,0.9846153846153847,,1.0,1.0,6.6375838926174495,149
hiba,5,0.05,M1,20.0,False,1.0,1.0,0.0,1.0,1.0,6.818181818181818,22
hiba,5,0.05,M2,225.0,False,0.9913793103448276,0.9944444444444445,0.0,1.0,1.0,6.758620689655173,116
hiba,5,0.05,M3,18.0,True,1.0,1.0,0.0,1.0,1.0,7.416666666666667,24
hiba,5,0.05,cov-MEL,,,1.0,,,,,,55
hiba,5,0.05,sens-MEL,,,,,,1.0,,,55
hiba,5,0.05,cov-NV,,,1.0,,,,,,109
hiba,5,0.05,cov-BCC,,,1.0,,,,,,69
hiba,5,0.05,sens-BCC,,,,,,1.0,,,69
hiba,5,0.05,cov-AK,,,1.0,,,,,,14
hiba,5,0.05,sens-AK,,,,,,1.0,,,14
hiba,5,0.05,cov-BKL,,,1.0,,,,,,23
hiba,5,0.05,cov-DF,,,1.0,,,,,,6
hiba,5,0.05,cov-VASC,,,0.9090909090909091,,,,,,11
hiba,5,0.05,cov-SCC,,,0.9583333333333334,,,,,,24
hiba,5,0.05,sens-SCC,,,,,,1.0,,,24
hiba,5,0.1,B,173.0,False,0.959731543624161,0.9333333333333333,,1.0,1.0,4.671140939597316,149
hiba,5,0.1,M1,20.0,False,1.0,1.0,0.0,1.0,1.0,5.045454545454546,22
hiba,5,0.1,M2,225.0,False,0.9655172413793104,0.9666666666666667,0.0,1.0,1.0,4.810344827586207,116
hiba,5,0.1,M3,18.0,False,0.9583333333333334,0.9375,0.0,1.0,1.0,5.25,24
hiba,5,0.1,cov-MEL,,,1.0,,,,,,55
hiba,5,0.1,sens-MEL,,,,,,1.0,,,55
hiba,5,0.1,cov-NV,,,0.9908256880733946,,,,,,109
hiba,5,0.1,cov-BCC,,,0.9565217391304348,,,,,,69
hiba,5,0.1,sens-BCC,,,,,,1.0,,,69
hiba,5,0.1,cov-AK,,,1.0,,,,,,14
hiba,5,0.1,sens-AK,,,,,,1.0,,,14
hiba,5,0.1,cov-BKL,,,1.0,,,,,,23
hiba,5,0.1,cov-DF,,,0.6666666666666666,,,,,,6
hiba,5,0.1,cov-VASC,,,0.7272727272727273,,,,,,11
hiba,5,0.1,cov-SCC,,,0.9166666666666666,,,,,,24
hiba,5,0.1,sens-SCC,,,,,,1.0,,,24
hiba,5,0.15,B,173.0,False,0.9463087248322147,0.9102564102564102,,1.0,1.0,3.3087248322147653,149
hiba,5,0.15,M1,20.0,False,1.0,1.0,0.0,1.0,1.0,4.045454545454546,22
hiba,5,0.15,M2,225.0,False,0.9051724137931034,0.9144444444444444,0.0,1.0,1.0,3.8189655172413794,116
hiba,5,0.15,M3,18.0,False,0.9166666666666666,0.875,0.0,1.0,1.0,3.5416666666666665,24
hiba,5,0.15,cov-MEL,,,0.9636363636363636,,,,,,55
hiba,5,0.15,sens-MEL,,,,,,1.0,,,55
hiba,5,0.15,cov-NV,,,0.9908256880733946,,,,,,109
hiba,5,0.15,cov-BCC,,,0.927536231884058,,,,,,69
hiba,5,0.15,sens-BCC,,,,,,1.0,,,69
hiba,5,0.15,cov-AK,,,0.9285714285714286,,,,,,14
hiba,5,0.15,sens-AK,,,,,,1.0,,,14
hiba,5,0.15,cov-BKL,,,1.0,,,,,,23
hiba,5,0.15,cov-DF,,,0.5,,,,,,6
hiba,5,0.15,cov-VASC,,,0.6363636363636364,,,,,,11
hiba,5,0.15,cov-SCC,,,0.7916666666666666,,,,,,24
hiba,5,0.15,sens-SCC,,,,,,1.0,,,24
pad,5,0.05,B,26.0,False,1.0,1.0,,1.0,1.0,4.5,14
pad,5,0.05,M1,27.0,False,1.0,1.0,0.0,1.0,1.0,3.9473684210526314,19
pad,5,0.05,M2,165.0,False,0.9602649006622517,0.967948717948718,0.0,1.0,1.0,4.258278145695364,151
pad,5,0.05,M3,75.0,False,0.972972972972973,0.9555555555555556,0.0,1.0,1.0,4.148648648648648,74
pad,5,0.05,M4,4.0,True,1.0,1.0,0.0,1.0,1.0,5.375,16
pad,5,0.05,M5,3.0,True,1.0,1.0,0.0,1.0,1.0,5.0,3
pad,5,0.05,cov-MEL,,,0.75,,,,,,8
pad,5,0.05,sens-MEL,,,,,,1.0,,,8
pad,5,0.05,cov-NV,,,1.0,,,,,,9
pad,5,0.05,cov-BCC,,,1.0,,,,,,178
pad,5,0.05,sens-BCC,,,,,,1.0,,,178
pad,5,0.05,cov-AK,,,0.9433962264150944,,,,,,53
pad,5,0.05,sens-AK,,,,,,1.0,,,53
pad,5,0.05,cov-BKL,,,1.0,,,,,,5
pad,5,0.05,cov-SCC,,,0.875,,,,,,24
pad,5,0.05,sens-SCC,,,,,,1.0,,,24
pad,5,0.1,B,26.0,False,1.0,1.0,,1.0,1.0,3.9285714285714284,14
pad,5,0.1,M1,27.0,False,0.8421052631578947,0.9230769230769231,0.0,1.0,1.0,3.4210526315789473,19
pad,5,0.1,M2,165.0,False,0.9337748344370861,0.9415064102564104,0.0,1.0,1.0,3.6688741721854305,151
pad,5,0.1,M3,75.0,False,0.8918918918918919,0.8444444444444444,0.0,1.0,1.0,3.27027027027027,74
pad,5,0.1,M4,4.0,True,1.0,1.0,0.0,1.0,1.0,5.25,16
pad,5,0.1,M5,3.0,True,1.0,1.0,0.0,1.0,1.0,5.0,3
pad,5,0.1,cov-MEL,,,0.75,,,,,,8
pad,5,0.1,sens-MEL,,,,,,1.0,,,8
pad,5,0.1,cov-NV,,,1.0,,,,,,9
pad,5,0.1,cov-BCC,,,0.9662921348314607,,,,,,178
pad,5,0.1,sens-BCC,,,,,,1.0,,,178
pad,5,0.1,cov-AK,,,0.9433962264150944,,,,,,53
pad,5,0.1,sens-AK,,,,,,1.0,,,53
pad,5,0.1,cov-BKL,,,1.0,,,,,,5
pad,5,0.1,cov-SCC,,,0.5833333333333334,,,,,,24
pad,5,0.1,sens-SCC,,,,,,1.0,,,24
pad,5,0.15,B,26.0,False,0.9285714285714286,0.9230769230769231,,1.0,1.0,3.4285714285714284,14
pad,5,0.15,M1,27.0,False,0.8421052631578947,0.9230769230769231,0.0,1.0,1.0,2.473684210526316,19
pad,5,0.15,M2,165.0,False,0.9006622516556292,0.9070512820512822,0.0,1.0,1.0,2.562913907284768,151
pad,5,0.15,M3,75.0,False,0.8783783783783784,0.8333333333333334,0.0,1.0,1.0,2.4054054054054053,74
pad,5,0.15,M4,4.0,True,1.0,1.0,0.0,1.0,1.0,4.5,16
pad,5,0.15,M5,3.0,True,1.0,1.0,0.0,1.0,1.0,4.0,3
pad,5,0.15,cov-MEL,,,0.75,,,,,,8
pad,5,0.15,sens-MEL,,,,,,1.0,,,8
pad,5,0.15,cov-NV,,,1.0,,,,,,9
pad,5,0.15,cov-BCC,,,0.9382022471910112,,,,,,178
pad,5,0.15,sens-BCC,,,,,,1.0,,,178
pad,5,0.15,cov-AK,,,0.9433962264150944,,,,,,53
pad,5,0.15,sens-AK,,,,,,1.0,,,53
pad,5,0.15,cov-BKL,,,0.8,,,,,,5
pad,5,0.15,cov-SCC,,,0.5416666666666666,,,,,,24
pad,5,0.15,sens-SCC,,,,,,1.0,,,24
hiba,6,0.05,B,165.0,False,0.9923664122137404,0.9863013698630136,,1.0,1.0,6.259541984732825,131
hiba,6,0.05,M1,28.0,False,1.0,1.0,0.0,1.0,1.0,5.916666666666667,12
hiba,6,0.05,M2,221.0,False,0.9572649572649573,0.9468085106382979,0.0,1.0,1.0,6.6239316239316235,117
hiba,6,0.05,M3,23.0,False,1.0,1.0,0.0,1.0,1.0,6.615384615384615,13
hiba,6,0.05,cov-MEL,,,1.0,,,,,,45
hiba,6,0.05,sens-MEL,,,,,,1.0,,,45
hiba,6,0.05,cov-NV,,,1.0,,,,,,90
hiba,6,0.05,cov-BCC,,,1.0,,,,,,64
hiba,6,0.05,sens-BCC,,,,,,1.0,,,64
hiba,6,0.05,cov-AK,,,0.875,,,,,,8
hiba,6,0.05,sens-AK,,,,,,1.0,,,8
hiba,6,0.05,cov-BKL,,,1.0,,,,,,17
hiba,6,0.05,cov-DF,,,0.9285714285714286,,,,,,14
hiba,6,0.05,cov-VASC,,,1.0,,,,,,10
hiba,6,0.05,cov-SCC,,,0.84,,,,,,25
hiba,6,0.05,sens-SCC,,,,,,1.0,,,25
hiba,6,0.1,B,165.0,False,0.9236641221374046,0.9155251141552511,,1.0,1.0,4.0,131
hiba,6,0.1,M1,28.0,False,0.9166666666666666,0.9444444444444445,0.0,1.0,1.0,4.416666666666667,12
hiba,6,0.1,M2,221.0,False,0.9316239316239316,0.9148936170212766,0.0,1.0,1.0,4.3760683760683765,117
hiba,6,0.1,M3,23.0,False,1.0,1.0,0.0,1.0,1.0,5.3076923076923075,13
hiba,6,0.1,cov-MEL,,,0.9777777777777777,,,,,,45
hiba,6,0.1,sens-MEL,,,,,,1.0,,,45
hiba,6,0.1,cov-NV,,,1.0,,,,,,90
hiba,6,0.1,cov-BCC,,,0.96875,,,,,,64
hiba,6,0.1,sens-BCC,,,,,,1.0,,,64
hiba,6,0.1,cov-AK,,,0.875,,,,,,8
hiba,6,0.1,sens-AK,,,,,,1.0,,,8
hiba,6,0.1,cov-BKL,,,1.0,,,,,,17
hiba,6,0.1,cov-DF,,,0.5,,,,,,14
hiba,6,0.1,cov-VASC,,,0.7,,,,,,10
hiba,6,0.1,cov-SCC,,,0.8,,,,,,25
hiba,6,0.1,sens-SCC,,,,,,1.0,,,25
hiba,6,0.15,B,165.0,False,0.9083969465648855,0.8949771689497716,,1.0,1.0,3.213740458015267,131
hiba,6,0.15,M1,28.0,False,0.6666666666666666,0.7222222222222222,0.0,1.0,1.0,3.3333333333333335,12
hiba,6,0.15,M2,221.0,False,0.905982905982906,0.898936170212766,0.0,1.0,1.0,3.7606837606837606,117
hiba,6,0.15,M3,23.0,False,0.9230769230769231,0.9090909090909091,0.0,1.0,1.0,3.769230769230769,13
hiba,6,0.15,cov-MEL,,,0.9777777777777777,,,,,,45
hiba,6,0.15,sens-MEL,,,,,,1.0,,,45
hiba,6,0.15,cov-NV,,,1.0,,,,,,90
hiba,6,0.15,cov-BCC,,,0.921875,,,,,,64
hiba,6,0.15,sens-BCC,,,,,,1.0,,,64
hiba,6,0.15,cov-AK,,,0.75,,,,,,8
hiba,6,0.15,sens-AK,,,,,,1.0,,,8
hiba,6,0.15,cov-BKL,,,1.0,,,,,,17
hiba,6,0.15,cov-DF,,,0.42857142857142855,,,,,,14
hiba,6,0.15,cov-VASC,,,0.6,,,,,,10
hiba,6,0.15,cov-SCC,,,0.68,,,,,,25
hiba,6,0.15,sens-SCC,,,,,,1.0,,,25
pad,6,0.05,B,22.0,False,0.9473684210526315,0.9411764705882353,,1.0,1.0,4.0,19
pad,6,0.05,M1,24.0,False,0.8846153846153846,0.859375,0.0,1.0,1.0,3.1923076923076925,26
pad,6,0.05,M2,157.0,False,0.9575757575757575,0.9761904761904763,0.0,1.0,1.0,4.212121212121212,165
pad,6,0.05,M3,73.0,False,0.9733333333333334,0.9574468085106383,0.0,1.0,1.0,4.013333333333334,75
pad,6,0.05,M4,9.0,True,1.0,1.0,0.0,1.0,1.0,5.5,10
pad,6,0.05,M5,4.0,True,1.0,1.0,0.0,1.0,1.0,6.0,1
pad,6,0.05,cov-MEL,,,0.9090909090909091,,,,,,11
pad,6,0.05,sens-MEL,,,,,,1.0,,,11
pad,6,0.05,cov-NV,,,0.9090909090909091,,,,,,11
pad,6,0.05,cov-BCC,,,0.9940476190476191,,,,,,168
pad,6,0.05,sens-BCC,,,,,,1.0,,,168
pad,6,0.05,cov-AK,,,0.9538461538461539,,,,,,65
pad,6,0.05,sens-AK,,,,,,1.0,,,65
pad,6,0.05,cov-BKL,,,1.0,,,,,,8
pad,6,0.05,cov-SCC,,,0.7878787878787878,,,,,,33
pad,6,0.05,sens-SCC,,,,,,1.0,,,33
pad,6,0.1,B,22.0,False,0.9473684210526315,0.9411764705882353,,1.0,1.0,3.210526315789474,19
pad,6,0.1,M1,24.0,False,0.8461538461538461,0.828125,0.0,1.0,1.0,2.5384615384615383,26
pad,6,0.1,M2,157.0,False,0.9030303030303031,0.9174107142857143,0.0,1.0,1.0,2.963636363636364,165
pad,6,0.1,M3,73.0,False,0.9466666666666667,0.925531914893617,0.0,1.0,1.0,3.066666666666667,75
pad,6,0.1,M4,9.0,False,1.0,1.0,0.0,1.0,1.0,4.5,10
pad,6,0.1,M5,4.0,True,1.0,1.0,0.0,1.0,1.0,6.0,1
pad,6,0.1,cov-MEL,,,0.8181818181818182,,,,,,11
pad,6,0.1,sens-MEL,,,,,,1.0,,,11
pad,6,0.1,cov-NV,,,0.9090909090909091,,,,,,11
pad,6,0.1,cov-BCC,,,0.9583333333333334,,,,,,168
pad,6,0.1,sens-BCC,,,,,,1.0,,,168
pad,6,0.1,cov-AK,,,0.9384615384615385,,,,,,65
pad,6,0.1,sens-AK,,,,,,1.0,,,65
pad,6,0.1,cov-BKL,,,1.0,,,,,,8
pad,6,0.1,cov-SCC,,,0.6666666666666666,,,,,,33
pad,6,0.1,sens-SCC,,,,,,1.0,,,33
pad,6,0.15,B,22.0,False,0.8947368421052632,0.8823529411764706,,1.0,1.0,2.736842105263158,19
pad,6,0.15,M1,24.0,False,0.7692307692307693,0.78125,0.0,1.0,1.0,2.1538461538461537,26
pad,6,0.15,M2,157.0,False,0.8727272727272727,0.8854166666666667,0.0,1.0,1.0,2.4484848484848483,165
pad,6,0.15,M3,73.0,False,0.9333333333333333,0.9184397163120568,0.0,1.0,1.0,2.466666666666667,75
pad,6,0.15,M4,9.0,False,1.0,1.0,0.0,1.0,1.0,4.2,10
pad,6,0.15,M5,4.0,True,1.0,1.0,0.0,1.0,1.0,6.0,1
pad,6,0.15,cov-MEL,,,0.7272727272727273,,,,,,11
pad,6,0.15,sens-MEL,,,,,,1.0,,,11
pad,6,0.15,cov-NV,,,0.8181818181818182,,,,,,11
pad,6,0.15,cov-BCC,,,0.9285714285714286,,,,,,168
pad,6,0.15,sens-BCC,,,,,,1.0,,,168
pad,6,0.15,cov-AK,,,0.9384615384615385,,,,,,65
pad,6,0.15,sens-AK,,,,,,1.0,,,65
pad,6,0.15,cov-BKL,,,1.0,,,,,,8
pad,6,0.15,cov-SCC,,,0.6060606060606061,,,,,,33
pad,6,0.15,sens-SCC,,,,,,1.0,,,33
hiba,7,0.05,B,154.0,False,0.9798387096774194,0.9404761904761905,,1.0,1.0,5.951612903225806,248
hiba,7,0.05,M1,23.0,False,0.8947368421052632,0.8787878787878788,0.0,1.0,1.0,5.421052631578948,19
hiba,7,0.05,M2,231.0,False,0.9821428571428571,0.9821428571428571,0.0,1.0,1.0,6.267857142857143,112
hiba,7,0.05,M3,29.0,False,1.0,1.0,0.0,1.0,1.0,6.8,5
hiba,7,0.05,cov-MEL,,,1.0,,,,,,48
hiba,7,0.05,sens-MEL,,,,,,1.0,,,48
hiba,7,0.05,cov-NV,,,1.0,,,,,,200
hiba,7,0.05,cov-BCC,,,0.9636363636363636,,,,,,55
hiba,7,0.05,sens-BCC,,,,,,1.0,,,55
hiba,7,0.05,cov-AK,,,1.0,,,,,,10
hiba,7,0.05,sens-AK,,,,,,1.0,,,10
hiba,7,0.05,cov-BKL,,,1.0,,,,,,18
hiba,7,0.05,cov-DF,,,0.7058823529411765,,,,,,17
hiba,7,0.05,cov-VASC,,,1.0,,,,,,13
hiba,7,0.05,cov-SCC,,,0.9130434782608695,,,,,,23
hiba,7,0.05,sens-SCC,,,,,,1.0,,,23
hiba,7,0.1,B,154.0,False,0.9516129032258065,0.8888888888888887,,1.0,1.0,4.233870967741935,248
hiba,7,0.1,M1,23.0,False,0.8947368421052632,0.8787878787878788,0.0,1.0,1.0,4.2631578947368425,19
hiba,7,0.1,M2,231.0,False,0.9375,0.9375,0.0,1.0,1.0,4.419642857142857,112
hiba,7,0.1,M3,29.0,False,1.0,1.0,0.0,1.0,1.0,4.6,5
hiba,7,0.1,cov-MEL,,,0.9791666666666666,,,,,,48
hiba,7,0.1,sens-MEL,,,,,,1.0,,,48
hiba,7,0.1,cov-NV,,,0.995,,,,,,200
hiba,7,0.1,cov-BCC,,,0.9636363636363636,,,,,,55
hiba,7,0.1,sens-BCC,,,,,,1.0,,,55
hiba,7,0.1,cov-AK,,,0.8,,,,,,10
hiba,7,0.1,sens-AK,,,,,,1.0,,,10
hiba,7,0.1,cov-BKL,,,1.0,,,,,,18
hiba,7,0.1,cov-DF,,,0.5294117647058824,,,,,,17
hiba,7,0.1,cov-VASC,,,0.7692307692307693,,,,,,13
hiba,7,0.1,cov-SCC,,,0.8260869565217391,,,,,,23
hiba,7,0.1,sens-SCC,,,,,,1.0,,,23
hiba,7,0.15,B,154.0,False,0.9193548387096774,0.8134920634920635,,1.0,1.0,3.129032258064516,248
hiba,7,0.15,M1,23.0,False,0.8947368421052632,0.8787878787878788,0.0,1.0,1.0,3.789473684210526,19
hiba,7,0.15,M2,231.0,False,0.8571428571428571,0.8630952380952381,0.0,1.0,1.0,3.357142857142857,112
hiba,7,0.15,M3,29.0,False,1.0,1.0,0.0,1.0,1.0,3.4,5
hiba,7,0.15,cov-MEL,,,0.9583333333333334,,,,,,48
hiba,7,0.15,sens-MEL,,,,,,1.0,,,48
hiba,7,0.15,cov-NV,,,0.985,,,,,,200
hiba,7,0.15,cov-BCC,,,0.9272727272727272,,,,,,55
hiba,7,0.15,sens-BCC,,,,,,1.0,,,55
hiba,7,0.15,cov-AK,,,0.8,,,,,,10
hiba,7,0.15,sens-AK,,,,,,1.0,,,10
hiba,7,0.15,cov-BKL,,,0.8888888888888888,,,,,,18
hiba,7,0.15,cov-DF,,,0.5294117647058824,,,,,,17
hiba,7,0.15,cov-VASC,,,0.46153846153846156,,,,,,13
hiba,7,0.15,cov-SCC,,,0.5652173913043478,,,,,,23
hiba,7,0.15,sens-SCC,,,,,,1.0,,,23
pad,7,0.05,B,25.0,False,0.9411764705882353,0.9285714285714286,,1.0,1.0,4.0,17
pad,7,0.05,M1,24.0,False,0.9285714285714286,0.9166666666666666,0.0,1.0,1.0,3.607142857142857,28
pad,7,0.05,M2,173.0,False,0.9621212121212122,0.9635416666666666,0.0,1.0,1.0,4.25,132
pad,7,0.05,M3,66.0,False,0.935064935064935,0.9166666666666666,0.0,1.0,1.0,3.792207792207792,77
pad,7,0.05,M4,9.0,True,1.0,1.0,0.0,1.0,1.0,5.5,10
pad,7,0.05,M5,3.0,True,1.0,1.0,0.0,1.0,1.0,5.5,2
pad,7,0.05,cov-MEL,,,0.8,,,,,,10
pad,7,0.05,sens-MEL,,,,,,1.0,,,10
pad,7,0.05,cov-NV,,,0.9285714285714286,,,,,,14
pad,7,0.05,cov-BCC,,,0.9873417721518988,,,,,,158
pad,7,0.05,sens-BCC,,,,,,1.0,,,158
pad,7,0.05,cov-AK,,,0.9375,,,,,,48
pad,7,0.05,sens-AK,,,,,,1.0,,,48
pad,7,0.05,cov-BKL,,,1.0,,,,,,3
pad,7,0.05,cov-SCC,,,0.8484848484848485,,,,,,33
pad,7,0.05,sens-SCC,,,,,,1.0,,,33
pad,7,0.1,B,25.0,False,0.9411764705882353,0.9285714285714286,,1.0,1.0,3.235294117647059,17
pad,7,0.1,M1,24.0,False,0.8928571428571429,0.8541666666666666,0.0,1.0,1.0,2.642857142857143,28
pad,7,0.1,M2,173.0,False,0.9090909090909091,0.9140625,0.0,1.0,1.0,3.0,132
pad,7,0.1,M3,66.0,False,0.8831168831168831,0.8611111111111112,0.0,1.0,1.0,2.896103896103896,77
pad,7,0.1,M4,9.0,False,1.0,1.0,0.0,1.0,1.0,4.5,10
pad,7,0.1,M5,3.0,True,1.0,1.0,0.0,1.0,1.0,5.0,2
pad,7,0.1,cov-MEL,,,0.7,,,,,,10
pad,7,0.1,sens-MEL,,,,,,1.0,,,10
pad,7,0.1,cov-NV,,,0.9285714285714286,,,,,,14
pad,7,0.1,cov-BCC,,,0.9683544303797469,,,,,,158
pad,7,0.1,sens-BCC,,,,,,1.0,,,158
pad,7,0.1,cov-AK,,,0.9166666666666666,,,,,,48
pad,7,0.1,sens-AK,,,,,,1.0,,,48
pad,7,0.1,cov-BKL,,,1.0,,,,,,3
pad,7,0.1,cov-SCC,,,0.6363636363636364,,,,,,33
pad,7,0.1,sens-SCC,,,,,,1.0,,,33
pad,7,0.15,B,25.0,False,0.9411764705882353,0.9285714285714286,,1.0,1.0,2.8823529411764706,17
pad,7,0.15,M1,24.0,False,0.8571428571428571,0.8229166666666666,0.0,1.0,1.0,2.5,28
pad,7,0.15,M2,173.0,False,0.8257575757575758,0.8307291666666666,0.0,1.0,1.0,2.621212121212121,132
pad,7,0.15,M3,66.0,False,0.8181818181818182,0.8055555555555556,0.0,1.0,1.0,2.4805194805194803,77
pad,7,0.15,M4,9.0,False,1.0,1.0,0.0,1.0,1.0,4.4,10
pad,7,0.15,M5,3.0,True,1.0,1.0,0.0,1.0,1.0,5.0,2
pad,7,0.15,cov-MEL,,,0.6,,,,,,10
pad,7,0.15,sens-MEL,,,,,,1.0,,,10
pad,7,0.15,cov-NV,,,0.9285714285714286,,,,,,14
pad,7,0.15,cov-BCC,,,0.9177215189873418,,,,,,158
pad,7,0.15,sens-BCC,,,,,,1.0,,,158
pad,7,0.15,cov-AK,,,0.8541666666666666,,,,,,48
pad,7,0.15,sens-AK,,,,,,1.0,,,48
pad,7,0.15,cov-BKL,,,1.0,,,,,,3
pad,7,0.15,cov-SCC,,,0.48484848484848486,,,,,,33
pad,7,0.15,sens-SCC,,,,,,1.0,,,33
hiba,8,0.05,B,169.0,False,0.985781990521327,0.9565217391304348,,1.0,1.0,6.218009478672986,211
hiba,8,0.05,M1,23.0,False,1.0,1.0,0.0,1.0,1.0,6.368421052631579,19
hiba,8,0.05,M2,217.0,False,0.976,0.9693877551020408,0.0,1.0,1.0,6.464,125
hiba,8,0.05,M3,27.0,False,1.0,1.0,0.0,1.0,1.0,6.555555555555555,9
hiba,8,0.05,cov-MEL,,,1.0,,,,,,55
hiba,8,0.05,sens-MEL,,,,,,1.0,,,55
hiba,8,0.05,cov-NV,,,1.0,,,,,,183
hiba,8,0.05,cov-BCC,,,1.0,,,,,,59
hiba,8,0.05,sens-BCC,,,,,,1.0,,,59
hiba,8,0.05,cov-AK,,,0.9411764705882353,,,,,,17
hiba,8,0.05,sens-AK,,,,,,1.0,,,17
hiba,8,0.05,cov-BKL,,,1.0,,,,,,15
hiba,8,0.05,cov-DF,,,0.6666666666666666,,,,,,6
hiba,8,0.05,cov-VASC,,,0.8571428571428571,,,,,,7
hiba,8,0.05,cov-SCC,,,0.9090909090909091,,,,,,22
hiba,8,0.05,sens-SCC,,,,,,1.0,,,22
hiba,8,0.1,B,169.0,False,0.9620853080568721,0.9190821256038647,,1.0,1.0,4.739336492890995,211
hiba,8,0.1,M1,23.0,False,1.0,1.0,0.0,1.0,1.0,4.526315789473684,19
hiba,8,0.1,M2,217.0,False,0.976,0.9693877551020408,0.0,1.0,1.0,4.576,125
hiba,8,0.1,M3,27.0,False,1.0,1.0,0.0,1.0,1.0,5.111111111111111,9
hiba,8,0.1,cov-MEL,,,1.0,,,,,,55
hiba,8,0.1,sens-MEL,,,,,,1.0,,,55
hiba,8,0.1,cov-NV,,,1.0,,,,,,183
hiba,8,0.1,cov-BCC,,,1.0,,,,,,59
hiba,8,0.1,sens-BCC,,,,,,1.0,,,59
hiba,8,0.1,cov-AK,,,0.9411764705882353,,,,,,17
hiba,8,0.1,sens-AK,,,,,,1.0,,,17
hiba,8,0.1,cov-BKL,,,0.9333333333333333,,,,,,15
hiba,8,0.1,cov-DF,,,0.5,,,,,,6
hiba,8,0.1,cov-VASC,,,0.42857142857142855,,,,,,7
hiba,8,0.1,cov-SCC,,,0.9090909090909091,,,,,,22
hiba,8,0.1,sens-SCC,,,,,,1.0,,,22
hiba,8,0.15,B,169.0,False,0.943127962085308,0.8707729468599034,,1.0,1.0,3.5260663507109005,211
hiba,8,0.15,M1,23.0,False,1.0,1.0,0.0,1.0,1.0,3.789473684210526,19
hiba,8,0.15,M2,217.0,False,0.896,0.8925170068027211,0.0,1.0,1.0,3.456,125
hiba,8,0.15,M3,27.0,False,0.8888888888888888,0.8571428571428571,0.0,1.0,1.0,3.0,9
hiba,8,0.15,cov-MEL,,,0.9272727272727272,,,,,,55
hiba,8,0.15,sens-MEL,,,,,,1.0,,,55
hiba,8,0.15,cov-NV,,,0.9890710382513661,,,,,,183
hiba,8,0.15,cov-BCC,,,0.9661016949152542,,,,,,59
hiba,8,0.15,sens-BCC,,,,,,1.0,,,59
hiba,8,0.15,cov-AK,,,0.9411764705882353,,,,,,17
hiba,8,0.15,sens-AK,,,,,,1.0,,,17
hiba,8,0.15,cov-BKL,,,0.8666666666666667,,,,,,15
hiba,8,0.15,cov-DF,,,0.5,,,,,,6
hiba,8,0.15,cov-VASC,,,0.2857142857142857,,,,,,7
hiba,8,0.15,cov-SCC,,,0.6818181818181818,,,,,,22
hiba,8,0.15,sens-SCC,,,,,,1.0,,,22
pad,8,0.05,B,25.0,False,0.8571428571428571,0.8571428571428571,,1.0,1.0,4.285714285714286,14
pad,8,0.05,M1,30.0,False,1.0,1.0,0.0,1.0,1.0,3.4375,16
pad,8,0.05,M2,157.0,False,0.9828571428571429,0.9895833333333333,0.0,1.0,1.0,3.782857142857143,175
pad,8,0.05,M3,69.0,False,0.9861111111111112,0.9803921568627451,0.0,1.0,1.0,3.6805555555555554,72
pad,8,0.05,M4,7.0,True,1.0,1.0,0.0,1.0,1.0,5.0,11
pad,8,0.05,M5,2.0,True,1.0,1.0,0.0,1.0,1.0,5.666666666666667,3
pad,8,0.05,cov-MEL,,,1.0,,,,,,7
pad,8,0.05,sens-MEL,,,,,,1.0,,,7
pad,8,0.05,cov-NV,,,0.8571428571428571,,,,,,7
pad,8,0.05,cov-BCC,,,1.0,,,,,,169
pad,8,0.05,sens-BCC,,,,,,1.0,,,169
pad,8,0.05,cov-AK,,,0.9827586206896551,,,,,,58
pad,8,0.05,sens-AK,,,,,,1.0,,,58
pad,8,0.05,cov-BKL,,,0.8571428571428571,,,,,,7
pad,8,0.05,cov-SCC,,,0.9302325581395349,,,,,,43
pad,8,0.05,sens-SCC,,,,,,1.0,,,43
pad,8,0.1,B,25.0,False,0.8571428571428571,0.8571428571428571,,1.0,1.0,3.5,14
pad,8,0.1,M1,30.0,False,1.0,1.0,0.0,1.0,1.0,3.125,16
pad,8,0.1,M2,157.0,False,0.9314285714285714,0.9456845238095237,0.0,1.0,1.0,3.0114285714285716,175
pad,8,0.1,M3,69.0,False,0.9166666666666666,0.9019607843137255,0.0,1.0,1.0,2.9583333333333335,72
pad,8,0.1,M4,7.0,True,1.0,1.0,0.0,1.0,1.0,4.909090909090909,11
pad,8,0.1,M5,2.0,True,1.0,1.0,0.0,1.0,1.0,5.666666666666667,3
pad,8,0.1,cov-MEL,,,0.8571428571428571,,,,,,7
pad,8,0.1,sens-MEL,,,,,,1.0,,,7
pad,8,0.1,cov-NV,,,0.8571428571428571,,,,,,7
pad,8,0.1,cov-BCC,,,0.9881656804733728,,,,,,169
pad,8,0.1,sens-BCC,,,,,,1.0,,,169
pad,8,0.1,cov-AK,,,0.9655172413793104,,,,,,58
pad,8,0.1,sens-AK,,,,,,1.0,,,58
pad,8,0.1,cov-BKL,,,0.8571428571428571,,,,,,7
pad,8,0.1,cov-SCC,,,0.6976744186046512,,,,,,43
pad,8,0.1,sens-SCC,,,,,,1.0,,,43
pad,8,0.15,B,25.0,False,0.8571428571428571,0.8571428571428571,,1.0,1.0,2.5714285714285716,14
pad,8,0.15,M1,30.0,False,1.0,1.0,0.0,1.0,1.0,2.875,16
pad,8,0.15,M2,157.0,False,0.9085714285714286,0.921875,0.0,1.0,1.0,2.5485714285714285,175
pad,8,0.15,M3,69.0,False,0.8888888888888888,0.8774509803921569,0.0,1.0,1.0,2.486111111111111,72
pad,8,0.15,M4,7.0,False,0.8181818181818182,0.8,0.0,1.0,1.0,3.090909090909091,11
pad,8,0.15,M5,2.0,True,1.0,1.0,0.0,1.0,1.0,5.0,3
pad,8,0.15,cov-MEL,,,0.8571428571428571,,,,,,7
pad,8,0.15,sens-MEL,,,,,,1.0,,,7
pad,8,0.15,cov-NV,,,0.8571428571428571,,,,,,7
pad,8,0.15,cov-BCC,,,0.9644970414201184,,,,,,169
pad,8,0.15,sens-BCC,,,,,,1.0,,,169
pad,8,0.15,cov-AK,,,0.9482758620689655,,,,,,58
pad,8,0.15,sens-AK,,,,,,1.0,,,58
pad,8,0.15,cov-BKL,,,0.8571428571428571,,,,,,7
pad,8,0.15,cov-SCC,,,0.627906976744186,,,,,,43
pad,8,0.15,sens-SCC,,,,,,1.0,,,43
hiba,9,0.05,B,169.0,False,0.9901477832512315,0.9710144927536232,,1.0,1.0,6.349753694581281,203
hiba,9,0.05,M1,21.0,False,0.9411764705882353,0.9230769230769231,0.0,1.0,1.0,5.823529411764706,17
hiba,9,0.05,M2,225.0,False,0.9159663865546218,0.9305555555555556,0.0,1.0,1.0,6.6722689075630255,119
hiba,9,0.05,M3,24.0,False,1.0,1.0,0.0,1.0,1.0,7.3,10
hiba,9,0.05,cov-MEL,,,0.9782608695652174,,,,,,46
hiba,9,0.05,sens-MEL,,,,,,1.0,,,46
hiba,9,0.05,cov-NV,,,1.0,,,,,,160
hiba,9,0.05,cov-BCC,,,0.967741935483871,,,,,,62
hiba,9,0.05,sens-BCC,,,,,,1.0,,,62
hiba,9,0.05,cov-AK,,,0.6666666666666666,,,,,,15
hiba,9,0.05,sens-AK,,,,,,1.0,,,15
hiba,9,0.05,cov-BKL,,,1.0,,,,,,18
hiba,9,0.05,cov-DF,,,0.8571428571428571,,,,,,14
hiba,9,0.05,cov-VASC,,,1.0,,,,,,11
hiba,9,0.05,cov-SCC,,,0.8695652173913043,,,,,,23
hiba,9,0.05,sens-SCC,,,,,,1.0,,,23
hiba,9,0.1,B,169.0,False,0.9359605911330049,0.8695652173913043,,1.0,1.0,4.463054187192118,203
hiba,9,0.1,M1,21.0,False,0.9411764705882353,0.9230769230769231,0.0,1.0,1.0,4.352941176470588,17
hiba,9,0.1,M2,225.0,False,0.8571428571428571,0.8805555555555555,0.0,1.0,1.0,4.109243697478991,119
hiba,9,0.1,M3,24.0,False,1.0,1.0,0.0,1.0,1.0,5.3,10
hiba,9,0.1,cov-MEL,,,0.9347826086956522,,,,,,46
hiba,9,0.1,sens-MEL,,,,,,1.0,,,46
hiba,9,0.1,cov-NV,,,1.0,,,,,,160
hiba,9,0.1,cov-BCC,,,0.9354838709677419,,,,,,62
hiba,9,0.1,sens-BCC,,,,,,1.0,,,62
hiba,9,0.1,cov-AK,,,0.6,,,,,,15
hiba,9,0.1,sens-AK,,,,,,1.0,,,15
hiba,9,0.1,cov-BKL,,,1.0,,,,,,18
hiba,9,0.1,cov-DF,,,0.42857142857142855,,,,,,14
hiba,9,0.1,cov-VASC,,,0.5454545454545454,,,,,,11
hiba,9,0.1,cov-SCC,,,0.782608695652174,,,,,,23
hiba,9,0.1,sens-SCC,,,,,,1.0,,,23
hiba,9,0.15,B,169.0,False,0.8916256157635468,0.7536231884057971,,1.0,1.0,3.5073891625615765,203
hiba,9,0.15,M1,21.0,False,0.8235294117647058,0.8461538461538461,0.0,1.0,1.0,2.9411764705882355,17
hiba,9,0.15,M2,225.0,False,0.8151260504201681,0.8361111111111111,0.0,1.0,1.0,3.19327731092437,119
hiba,9,0.15,M3,24.0,False,1.0,1.0,0.0,1.0,1.0,4.0,10
hiba,9,0.15,cov-MEL,,,0.9347826086956522,,,,,,46
hiba,9,0.15,sens-MEL,,,,,,1.0,,,46
hiba,9,0.15,cov-NV,,,0.98125,,,,,,160
hiba,9,0.15,cov-BCC,,,0.8870967741935484,,,,,,62
hiba,9,0.15,sens-BCC,,,,,,1.0,,,62
hiba,9,0.15,cov-AK,,,0.5333333333333333,,,,,,15
hiba,9,0.15,sens-AK,,,,,,1.0,,,15
hiba,9,0.15,cov-BKL,,,0.8333333333333334,,,,,,18
hiba,9,0.15,cov-DF,,,0.35714285714285715,,,,,,14
hiba,9,0.15,cov-VASC,,,0.36363636363636365,,,,,,11
hiba,9,0.15,cov-SCC,,,0.6521739130434783,,,,,,23
hiba,9,0.15,sens-SCC,,,,,,1.0,,,23
pad,9,0.05,B,19.0,False,0.875,0.85,,1.0,1.0,3.75,24
pad,9,0.05,M1,28.0,False,1.0,1.0,0.0,1.0,1.0,3.3636363636363638,22
pad,9,0.05,M2,153.0,False,0.9764705882352941,0.9813218390804598,0.0,1.0,1.0,3.788235294117647,170
pad,9,0.05,M3,70.0,False,0.9178082191780822,0.88,0.0,1.0,1.0,3.041095890410959,73
pad,9,0.05,M4,11.0,True,1.0,1.0,0.0,1.0,1.0,4.555555555555555,9
pad,9,0.05,M5,2.0,True,1.0,1.0,0.0,1.0,1.0,4.5,4
pad,9,0.05,cov-MEL,,,1.0,,,,,,9
pad,9,0.05,sens-MEL,,,,,,1.0,,,9
pad,9,0.05,cov-NV,,,0.9285714285714286,,,,,,14
pad,9,0.05,cov-BCC,,,0.9878787878787879,,,,,,165
pad,9,0.05,sens-BCC,,,,,,1.0,,,165
pad,9,0.05,cov-AK,,,0.9701492537313433,,,,,,67
pad,9,0.05,sens-AK,,,,,,1.0,,,67
pad,9,0.05,cov-BKL,,,0.8,,,,,,10
pad,9,0.05,cov-SCC,,,0.8378378378378378,,,,,,37
pad,9,0.05,sens-SCC,,,,,,1.0,,,37
pad,9,0.1,B,19.0,False,0.75,0.7,,0.9583333333333334,0.95,2.4166666666666665,24
pad,9,0.1,M1,28.0,False,0.9090909090909091,0.9583333333333334,0.0,1.0,1.0,2.5454545454545454,22
pad,9,0.1,M2,153.0,False,0.8941176470588236,0.9044540229885056,0.0,1.0,1.0,2.570588235294118,170
pad,9,0.1,M3,70.0,False,0.8767123287671232,0.845,0.0,1.0,1.0,2.2739726027397262,73
pad,9,0.1,M4,11.0,False,0.7777777777777778,0.6666666666666666,0.0,1.0,1.0,2.888888888888889,9
pad,9,0.1,M5,2.0,True,1.0,1.0,0.0,1.0,1.0,4.25,4
pad,9,0.1,cov-MEL,,,0.8888888888888888,,,,,,9
pad,9,0.1,sens-MEL,,,,,,1.0,,,9
pad,9,0.1,cov-NV,,,0.8571428571428571,,,,,,14
pad,9,0.1,cov-BCC,,,0.9515151515151515,,,,,,165
pad,9,0.1,sens-BCC,,,,,,1.0,,,165
pad,9,0.1,cov-AK,,,0.9104477611940298,,,,,,67
pad,9,0.1,sens-AK,,,,,,1.0,,,67
pad,9,0.1,cov-BKL,,,0.6,,,,,,10
pad,9,0.1,cov-SCC,,,0.5675675675675675,,,,,,37
pad,9,0.1,sens-SCC,,,,,,1.0,,,37
pad,9,0.15,B,19.0,False,0.75,0.7,,0.9583333333333334,0.95,2.1666666666666665,24
pad,9,0.15,M1,28.0,False,0.8181818181818182,0.8333333333333334,0.0,1.0,1.0,2.0,22
pad,9,0.15,M2,153.0,False,0.8647058823529412,0.8785919540229884,0.0,1.0,1.0,2.4,170
pad,9,0.15,M3,70.0,False,0.8082191780821918,0.785,0.0,1.0,1.0,1.9726027397260273,73
pad,9,0.15,M4,11.0,False,0.7777777777777778,0.6666666666666666,0.0,1.0,1.0,2.888888888888889,9
pad,9,0.15,M5,2.0,True,1.0,1.0,0.0,1.0,1.0,4.25,4
pad,9,0.15,cov-MEL,,,0.7777777777777778,,,,,,9
pad,9,0.15,sens-MEL,,,,,,1.0,,,9
pad,9,0.15,cov-NV,,,0.8571428571428571,,,,,,14
pad,9,0.15,cov-BCC,,,0.9090909090909091,,,,,,165
pad,9,0.15,sens-BCC,,,,,,1.0,,,165
pad,9,0.15,cov-AK,,,0.8805970149253731,,,,,,67
pad,9,0.15,sens-AK,,,,,,1.0,,,67
pad,9,0.15,cov-BKL,,,0.6,,,,,,10
pad,9,0.15,cov-SCC,,,0.5135135135135135,,,,,,37
pad,9,0.15,sens-SCC,,,,,,1.0,,,37
hiba,10,0.05,B,164.0,False,0.9144736842105263,0.8862612612612614,,1.0,1.0,5.723684210526316,152
hiba,10,0.05,M1,26.0,False,1.0,1.0,0.0,1.0,1.0,5.666666666666667,15
hiba,10,0.05,M2,218.0,False,0.9411764705882353,0.961340206185567,0.0,1.0,1.0,5.8655462184873945,119
hiba,10,0.05,M3,27.0,False,1.0,1.0,0.0,1.0,1.0,5.916666666666667,12
hiba,10,0.05,cov-MEL,,,0.9767441860465116,,,,,,43
hiba,10,0.05,sens-MEL,,,,,,1.0,,,43
hiba,10,0.05,cov-NV,,,0.9903846153846154,,,,,,104
hiba,10,0.05,cov-BCC,,,1.0,,,,,,62
hiba,10,0.05,sens-BCC,,,,,,1.0,,,62
hiba,10,0.05,cov-AK,,,0.7857142857142857,,,,,,14
hiba,10,0.05,sens-AK,,,,,,1.0,,,14
hiba,10,0.05,cov-BKL,,,1.0,,,,,,18
hiba,10,0.05,cov-DF,,,0.6,,,,,,15
hiba,10,0.05,cov-VASC,,,0.6,,,,,,15
hiba,10,0.05,cov-SCC,,,0.8888888888888888,,,,,,27
hiba,10,0.05,sens-SCC,,,,,,1.0,,,27
hiba,10,0.1,B,164.0,False,0.8618421052631579,0.8063063063063063,,1.0,1.0,4.006578947368421,152
hiba,10,0.1,M1,26.0,False,1.0,1.0,0.0,1.0,1.0,4.466666666666667,15
hiba,10,0.1,M2,218.0,False,0.8907563025210085,0.9149484536082474,0.0,1.0,1.0,4.176470588235294,119
hiba,10,0.1,M3,27.0,False,0.9166666666666666,0.8571428571428571,0.0,1.0,1.0,4.5,12
hiba,10,0.1,cov-MEL,,,0.9767441860465116,,,,,,43
hiba,10,0.1,sens-MEL,,,,,,1.0,,,43
hiba,10,0.1,cov-NV,,,0.9807692307692307,,,,,,104
hiba,10,0.1,cov-BCC,,,0.967741935483871,,,,,,62
hiba,10,0.1,sens-BCC,,,,,,1.0,,,62
hiba,10,0.1,cov-AK,,,0.7142857142857143,,,,,,14
hiba,10,0.1,sens-AK,,,,,,1.0,,,14
hiba,10,0.1,cov-BKL,,,1.0,,,,,,18
hiba,10,0.1,cov-DF,,,0.4,,,,,,15
hiba,10,0.1,cov-VASC,,,0.3333333333333333,,,,,,15
hiba,10,0.1,cov-SCC,,,0.7407407407407407,,,,,,27
hiba,10,0.1,sens-SCC,,,,,,1.0,,,27
hiba,10,0.15,B,164.0,False,0.8223684210526315,0.7556306306306306,,1.0,1.0,3.085526315789474,152
hiba,10,0.15,M1,26.0,False,0.9333333333333333,0.96875,0.0,1.0,1.0,3.066666666666667,15
hiba,10,0.15,M2,218.0,False,0.8319327731092437,0.854810996563574,0.0,1.0,1.0,3.1848739495798317,119
hiba,10,0.15,M3,27.0,False,0.8333333333333334,0.8333333333333334,0.0,1.0,1.0,2.5,12
hiba,10,0.15,cov-MEL,,,0.9302325581395349,,,,,,43
hiba,10,0.15,sens-MEL,,,,,,1.0,,,43
hiba,10,0.15,cov-NV,,,0.9711538461538461,,,,,,104
hiba,10,0.15,cov-BCC,,,0.9032258064516129,,,,,,62
hiba,10,0.15,sens-BCC,,,,,,1.0,,,62
hiba,10,0.15,cov-AK,,,0.6428571428571429,,,,,,14
hiba,10,0.15,sens-AK,,,,,,1.0,,,14
hiba,10,0.15,cov-BKL,,,0.7777777777777778,,,,,,18
hiba,10,0.15,cov-DF,,,0.3333333333333333,,,,,,15
hiba,10,0.15,cov-VASC,,,0.3333333333333333,,,,,,15
hiba,10,0.15,cov-SCC,,,0.6666666666666666,,,,,,27
hiba,10,0.15,sens-SCC,,,,,,1.0,,,27
pad,10,0.05,B,26.0,False,0.9375,0.9230769230769231,,1.0,1.0,4.25,16
pad,10,0.05,M1,23.0,False,1.0,1.0,0.0,1.0,1.0,4.555555555555555,27
pad,10,0.05,M2,164.0,False,0.9271523178807947,0.9272108843537415,0.0,1.0,1.0,3.8609271523178808,151
pad,10,0.05,M3,67.0,False,0.9726027397260274,0.9622641509433962,0.0,1.0,1.0,4.136986301369863,73
pad,10,0.05,M4,7.0,True,1.0,1.0,0.0,1.0,1.0,5.090909090909091,11
pad,10,0.05,M5,3.0,True,1.0,1.0,0.0,1.0,1.0,5.0,3
pad,10,0.05,cov-MEL,,,0.9230769230769231,,,,,,13
pad,10,0.05,sens-MEL,,,,,,1.0,,,13
pad,10,0.05,cov-NV,,,0.9,,,,,,10
pad,10,0.05,cov-BCC,,,0.9803921568627451,,,,,,153
pad,10,0.05,sens-BCC,,,,,,1.0,,,153
pad,10,0.05,cov-AK,,,0.9523809523809523,,,,,,63
pad,10,0.05,sens-AK,,,,,,1.0,,,63
pad,10,0.05,cov-BKL,,,1.0,,,,,,6
pad,10,0.05,cov-SCC,,,0.8333333333333334,,,,,,36
pad,10,0.05,sens-SCC,,,,,,1.0,,,36
pad,10,0.1,B,26.0,False,0.9375,0.9230769230769231,,1.0,1.0,3.5,16
pad,10,0.1,M1,23.0,False,1.0,1.0,0.0,1.0,1.0,3.5925925925925926,27
pad,10,0.1,M2,164.0,False,0.9139072847682119,0.9129251700680272,0.0,1.0,1.0,2.966887417218543,151
pad,10,0.1,M3,67.0,False,0.9315068493150684,0.9150943396226415,0.0,1.0,1.0,3.0273972602739727,73
pad,10,0.1,M4,7.0,True,1.0,1.0,0.0,1.0,1.0,4.7272727272727275,11
pad,10,0.1,M5,3.0,True,1.0,1.0,0.0,1.0,1.0,4.333333333333333,3
pad,10,0.1,cov-MEL,,,0.8461538461538461,,,,,,13
pad,10,0.1,sens-MEL,,,,,,1.0,,,13
pad,10,0.1,cov-NV,,,0.9,,,,,,10
pad,10,0.1,cov-BCC,,,0.9673202614379085,,,,,,153
pad,10,0.1,sens-BCC,,,,,,1.0,,,153
pad,10,0.1,cov-AK,,,0.9523809523809523,,,,,,63
pad,10,0.1,sens-AK,,,,,,1.0,,,63
pad,10,0.1,cov-BKL,,,1.0,,,,,,6
pad,10,0.1,cov-SCC,,,0.7777777777777778,,,,,,36
pad,10,0.1,sens-SCC,,,,,,1.0,,,36
pad,10,0.15,B,26.0,False,0.875,0.8461538461538461,,1.0,1.0,2.6875,16
pad,10,0.15,M1,23.0,False,0.8888888888888888,0.9411764705882353,0.0,1.0,1.0,2.5185185185185186,27
pad,10,0.15,M2,164.0,False,0.8410596026490066,0.8377551020408163,0.0,1.0,1.0,2.3642384105960264,151
pad,10,0.15,M3,67.0,False,0.9315068493150684,0.9150943396226415,0.0,1.0,1.0,2.4794520547945207,73
pad,10,0.15,M4,7.0,False,1.0,1.0,0.0,1.0,1.0,3.909090909090909,11
pad,10,0.15,M5,3.0,True,1.0,1.0,0.0,1.0,1.0,4.0,3
pad,10,0.15,cov-MEL,,,0.6923076923076923,,,,,,13
pad,10,0.15,sens-MEL,,,,,,1.0,,,13
pad,10,0.15,cov-NV,,,0.8,,,,,,10
pad,10,0.15,cov-BCC,,,0.9150326797385621,,,,,,153
pad,10,0.15,sens-BCC,,,,,,1.0,,,153
pad,10,0.15,cov-AK,,,0.9523809523809523,,,,,,63
pad,10,0.15,sens-AK,,,,,,1.0,,,63
pad,10,0.15,cov-BKL,,,1.0,,,,,,6
pad,10,0.15,cov-SCC,,,0.6666666666666666,,,,,,36
pad,10,0.15,sens-SCC,,,,,,1.0,,,36
hiba,11,0.05,B,173.0,False,0.9753086419753086,0.9461538461538461,,1.0,1.0,6.228395061728395,162
hiba,11,0.05,M1,25.0,False,1.0,1.0,0.0,1.0,1.0,6.315789473684211,19
hiba,11,0.05,M2,216.0,False,0.952755905511811,0.9545454545454546,0.0,1.0,1.0,6.622047244094488,127
hiba,11,0.05,M3,23.0,False,0.9166666666666666,0.9090909090909091,0.0,1.0,1.0,6.0,12
hiba,11,0.05,cov-MEL,,,0.9791666666666666,,,,,,48
hiba,11,0.05,sens-MEL,,,,,,1.0,,,48
hiba,11,0.05,cov-NV,,,1.0,,,,,,127
hiba,11,0.05,cov-BCC,,,0.9864864864864865,,,,,,74
hiba,11,0.05,sens-BCC,,,,,,1.0,,,74
hiba,11,0.05,cov-AK,,,0.9090909090909091,,,,,,11
hiba,11,0.05,sens-AK,,,,,,1.0,,,11
hiba,11,0.05,cov-BKL,,,1.0,,,,,,11
hiba,11,0.05,cov-DF,,,0.75,,,,,,16
hiba,11,0.05,cov-VASC,,,1.0,,,,,,8
hiba,11,0.05,cov-SCC,,,0.84,,,,,,25
hiba,11,0.05,sens-SCC,,,,,,1.0,,,25
hiba,11,0.1,B,173.0,False,0.9444444444444444,0.8846153846153846,,1.0,1.0,4.314814814814815,162
hiba,11,0.1,M1,25.0,False,0.9473684210526315,0.9629629629629631,0.0,1.0,1.0,4.631578947368421,19
hiba,11,0.1,M2,216.0,False,0.9133858267716536,0.9141414141414141,0.0,1.0,1.0,4.417322834645669,127
hiba,11,0.1,M3,23.0,False,0.9166666666666666,0.9090909090909091,0.0,1.0,1.0,4.833333333333333,12
hiba,11,0.1,cov-MEL,,,0.9583333333333334,,,,,,48
hiba,11,0.1,sens-MEL,,,,,,1.0,,,48
hiba,11,0.1,cov-NV,,,0.9921259842519685,,,,,,127
hiba,11,0.1,cov-BCC,,,0.9459459459459459,,,,,,74
hiba,11,0.1,sens-BCC,,,,,,1.0,,,74
hiba,11,0.1,cov-AK,,,0.9090909090909091,,,,,,11
hiba,11,0.1,sens-AK,,,,,,1.0,,,11
hiba,11,0.1,cov-BKL,,,1.0,,,,,,11
hiba,11,0.1,cov-DF,,,0.5625,,,,,,16
hiba,11,0.1,cov-VASC,,,0.875,,,,,,8
hiba,11,0.1,cov-SCC,,,0.76,,,,,,25
hiba,11,0.1,sens-SCC,,,,,,1.0,,,25
hiba,11,0.15,B,173.0,False,0.9259259259259259,0.8384615384615385,,1.0,1.0,3.6666666666666665,162
hiba,11,0.15,M1,25.0,False,0.7368421052631579,0.7962962962962963,0.0,1.0,1.0,3.3157894736842106,19
hiba,11,0.15,M2,216.0,False,0.8582677165354331,0.8661616161616161,0.0,1.0,1.0,3.6377952755905514,127
hiba,11,0.15,M3,23.0,False,0.9166666666666666,0.9090909090909091,0.0,1.0,1.0,3.4166666666666665,12
hiba,11,0.15,cov-MEL,,,0.9583333333333334,,,,,,48
hiba,11,0.15,sens-MEL,,,,,,1.0,,,48
hiba,11,0.15,cov-NV,,,0.9921259842519685,,,,,,127
hiba,11,0.15,cov-BCC,,,0.8648648648648649,,,,,,74
hiba,11,0.15,sens-BCC,,,,,,1.0,,,74
hiba,11,0.15,cov-AK,,,0.8181818181818182,,,,,,11
hiba,11,0.15,sens-AK,,,,,,1.0,,,11
hiba,11,0.15,cov-BKL,,,1.0,,,,,,11
hiba,11,0.15,cov-DF,,,0.5,,,,,,16
hiba,11,0.15,cov-VASC,,,0.625,,,,,,8
hiba,11,0.15,cov-SCC,,,0.6,,,,,,25
hiba,11,0.15,sens-SCC,,,,,,1.0,,,25
pad,11,0.05,B,21.0,False,0.8947368421052632,0.8888888888888888,,1.0,1.0,3.8421052631578947,19
pad,11,0.05,M1,27.0,False,0.9565217391304348,0.9743589743589743,0.0,1.0,1.0,3.3043478260869565,23
pad,11,0.05,M2,165.0,False,0.9798657718120806,0.9759615384615384,0.0,1.0,1.0,3.530201342281879,149
pad,11,0.05,M3,76.0,False,0.9836065573770492,0.9772727272727273,0.0,1.0,1.0,3.7868852459016393,61
pad,11,0.05,M4,12.0,True,1.0,1.0,0.0,1.0,1.0,5.2,5
pad,11,0.05,M5,1.0,True,1.0,1.0,0.0,1.0,1.0,4.6,5
pad,11,0.05,cov-MEL,,,1.0,,,,,,7
pad,11,0.05,sens-MEL,,,,,,1.0,,,7
pad,11,0.05,cov-NV,,,0.9230769230769231,,,,,,13
pad,11,0.05,cov-BCC,,,0.9937888198757764,,,,,,161
pad,11,0.05,sens-BCC,,,,,,1.0,,,161
pad,11,0.05,cov-AK,,,0.9565217391304348,,,,,,46
pad,11,0.05,sens-AK,,,,,,1.0,,,46
pad,11,0.05,cov-BKL,,,0.8333333333333334,,,,,,6
pad,11,0.05,cov-SCC,,,0.9310344827586207,,,,,,29
pad,11,0.05,sens-SCC,,,,,,1.0,,,29
pad,11,0.1,B,21.0,False,0.8947368421052632,0.8888888888888888,,1.0,1.0,3.263157894736842,19
pad,11,0.1,M1,27.0,False,0.9565217391304348,0.9743589743589743,0.0,1.0,1.0,3.3043478260869565,23
pad,11,0.1,M2,165.0,False,0.9395973154362416,0.9423076923076923,0.0,1.0,1.0,2.9865771812080535,149
pad,11,0.1,M3,76.0,False,0.8524590163934426,0.8295454545454546,0.0,1.0,1.0,2.8524590163934427,61
pad,11,0.1,M4,12.0,False,1.0,1.0,0.0,1.0,1.0,4.4,5
pad,11,0.1,M5,1.0,True,1.0,1.0,0.0,1.0,1.0,4.6,5
pad,11,0.1,cov-MEL,,,0.7142857142857143,,,,,,7
pad,11,0.1,sens-MEL,,,,,,1.0,,,7
pad,11,0.1,cov-NV,,,0.9230769230769231,,,,,,13
pad,11,0.1,cov-BCC,,,0.968944099378882,,,,,,161
pad,11,0.1,sens-BCC,,,,,,1.0,,,161
pad,11,0.1,cov-AK,,,0.9565217391304348,,,,,,46
pad,11,0.1,sens-AK,,,,,,1.0,,,46
pad,11,0.1,cov-BKL,,,0.8333333333333334,,,,,,6
pad,11,0.1,cov-SCC,,,0.6551724137931034,,,,,,29
pad,11,0.1,sens-SCC,,,,,,1.0,,,29
pad,11,0.15,B,21.0,False,0.7894736842105263,0.7777777777777778,,1.0,1.0,2.4210526315789473,19
pad,11,0.15,M1,27.0,False,0.782608695652174,0.7435897435897435,0.0,1.0,1.0,2.0869565217391304,23
pad,11,0.15,M2,165.0,False,0.8859060402684564,0.8870192307692307,0.0,1.0,1.0,2.422818791946309,149
pad,11,0.15,M3,76.0,False,0.7704918032786885,0.7613636363636364,0.0,1.0,1.0,2.0655737704918034,61
pad,11,0.15,M4,12.0,False,1.0,1.0,0.0,1.0,1.0,3.8,5
pad,11,0.15,M5,1.0,True,1.0,1.0,0.0,1.0,1.0,4.2,5
pad,11,0.15,cov-MEL,,,0.7142857142857143,,,,,,7
pad,11,0.15,sens-MEL,,,,,,1.0,,,7
pad,11,0.15,cov-NV,,,0.8461538461538461,,,,,,13
pad,11,0.15,cov-BCC,,,0.9006211180124224,,,,,,161
pad,11,0.15,sens-BCC,,,,,,1.0,,,161
pad,11,0.15,cov-AK,,,0.9130434782608695,,,,,,46
pad,11,0.15,sens-AK,,,,,,1.0,,,46
pad,11,0.15,cov-BKL,,,0.6666666666666666,,,,,,6
pad,11,0.15,cov-SCC,,,0.5172413793103449,,,,,,29
pad,11,0.15,sens-SCC,,,,,,1.0,,,29
hiba,12,0.05,B,155.0,False,0.9862385321100917,0.963855421686747,,1.0,1.0,6.123853211009174,218
hiba,12,0.05,M1,25.0,False,1.0,1.0,0.0,1.0,1.0,6.866666666666666,15
hiba,12,0.05,M2,230.0,False,0.9611650485436893,0.9794117647058823,0.0,1.0,1.0,6.834951456310679,103
hiba,12,0.05,M3,23.0,False,0.9285714285714286,0.9090909090909091,0.0,1.0,1.0,6.357142857142857,14
hiba,12,0.05,cov-MEL,,,1.0,,,,,,46
hiba,12,0.05,sens-MEL,,,,,,1.0,,,46
hiba,12,0.05,cov-NV,,,1.0,,,,,,171
hiba,12,0.05,cov-BCC,,,0.9782608695652174,,,,,,46
hiba,12,0.05,sens-BCC,,,,,,1.0,,,46
hiba,12,0.05,cov-AK,,,0.8333333333333334,,,,,,18
hiba,12,0.05,sens-AK,,,,,,1.0,,,18
hiba,12,0.05,cov-BKL,,,1.0,,,,,,20
hiba,12,0.05,cov-DF,,,0.75,,,,,,12
hiba,12,0.05,cov-VASC,,,1.0,,,,,,15
hiba,12,0.05,cov-SCC,,,0.9545454545454546,,,,,,22
hiba,12,0.05,sens-SCC,,,,,,1.0,,,22
hiba,12,0.1,B,155.0,False,0.9587155963302753,0.9367469879518072,,1.0,1.0,4.5504587155963305,218
hiba,12,0.1,M1,25.0,False,1.0,1.0,0.0,1.0,1.0,5.4,15
hiba,12,0.1,M2,230.0,False,0.941747572815534,0.9647058823529412,0.0,1.0,1.0,4.87378640776699,103
hiba,12,0.1,M3,23.0,False,0.9285714285714286,0.9090909090909091,0.0,1.0,1.0,4.785714285714286,14
hiba,12,0.1,cov-MEL,,,1.0,,,,,,46
hiba,12,0.1,sens-MEL,,,,,,1.0,,,46
hiba,12,0.1,cov-NV,,,1.0,,,,,,171
hiba,12,0.1,cov-BCC,,,0.9782608695652174,,,,,,46
hiba,12,0.1,sens-BCC,,,,,,1.0,,,46
hiba,12,0.1,cov-AK,,,0.7777777777777778,,,,,,18
hiba,12,0.1,sens-AK,,,,,,1.0,,,18
hiba,12,0.1,cov-BKL,,,1.0,,,,,,20
hiba,12,0.1,cov-DF,,,0.5,,,,,,12
hiba,12,0.1,cov-VASC,,,0.8,,,,,,15
hiba,12,0.1,cov-SCC,,,0.9090909090909091,,,,,,22
hiba,12,0.1,sens-SCC,,,,,,1.0,,,22
hiba,12,0.15,B,155.0,False,0.944954128440367,0.9156626506024096,,1.0,1.0,3.4724770642201834,218
hiba,12,0.15,M1,25.0,False,1.0,1.0,0.0,1.0,1.0,4.4,15
hiba,12,0.15,M2,230.0,False,0.8932038834951457,0.9264705882352942,0.0,1.0,1.0,3.854368932038835,103
hiba,12,0.15,M3,23.0,False,0.7857142857142857,0.7727272727272727,0.0,1.0,1.0,3.4285714285714284,14
hiba,12,0.15,cov-MEL,,,0.9782608695652174,,,,,,46
hiba,12,0.15,sens-MEL,,,,,,1.0,,,46
hiba,12,0.15,cov-NV,,,1.0,,,,,,171
hiba,12,0.15,cov-BCC,,,0.9565217391304348,,,,,,46
hiba,12,0.15,sens-BCC,,,,,,1.0,,,46
hiba,12,0.15,cov-AK,,,0.7222222222222222,,,,,,18
hiba,12,0.15,sens-AK,,,,,,1.0,,,18
hiba,12,0.15,cov-BKL,,,1.0,,,,,,20
hiba,12,0.15,cov-DF,,,0.4166666666666667,,,,,,12
hiba,12,0.15,cov-VASC,,,0.6666666666666666,,,,,,15
hiba,12,0.15,cov-SCC,,,0.7272727272727273,,,,,,22
hiba,12,0.15,sens-SCC,,,,,,1.0,,,22
pad,12,0.05,B,27.0,False,0.9230769230769231,0.9166666666666666,,1.0,1.0,4.3076923076923075,13
pad,12,0.05,M1,25.0,False,1.0,1.0,0.0,1.0,1.0,3.869565217391304,23
pad,12,0.05,M2,160.0,False,0.9493670886075949,0.9528178243774574,0.0,1.0,1.0,4.253164556962025,158
pad,12,0.05,M3,72.0,False,1.0,1.0,0.0,1.0,1.0,4.323076923076923,65
pad,12,0.05,M4,11.0,True,1.0,1.0,0.0,1.0,1.0,5.166666666666667,6
pad,12,0.05,M5,3.0,True,1.0,1.0,0.0,1.0,1.0,5.0,3
pad,12,0.05,cov-MEL,,,0.8571428571428571,,,,,,7
pad,12,0.05,sens-MEL,,,,,,1.0,,,7
pad,12,0.05,cov-NV,,,0.875,,,,,,8
pad,12,0.05,cov-BCC,,,0.9942857142857143,,,,,,175
pad,12,0.05,sens-BCC,,,,,,1.0,,,175
pad,12,0.05,cov-AK,,,0.9545454545454546,,,,,,44
pad,12,0.05,sens-AK,,,,,,1.0,,,44
pad,12,0.05,cov-BKL,,,1.0,,,,,,5
pad,12,0.05,cov-SCC,,,0.8620689655172413,,,,,,29
pad,12,0.05,sens-SCC,,,,,,1.0,,,29
pad,12,0.1,B,27.0,False,0.9230769230769231,0.9166666666666666,,1.0,1.0,3.3076923076923075,13
pad,12,0.1,M1,25.0,False,0.9130434782608695,0.9666666666666667,0.0,1.0,1.0,3.0,23
pad,12,0.1,M2,160.0,False,0.930379746835443,0.9367627785058978,0.0,1.0,1.0,3.0126582278481013,158
pad,12,0.1,M3,72.0,False,0.9538461538461539,0.9479166666666666,0.0,1.0,1.0,3.1076923076923078,65
pad,12,0.1,M4,11.0,False,1.0,1.0,0.0,1.0,1.0,4.166666666666667,6
pad,12,0.1,M5,3.0,True,1.0,1.0,0.0,1.0,1.0,4.333333333333333,3
pad,12,0.1,cov-MEL,,,0.8571428571428571,,,,,,7
pad,12,0.1,sens-MEL,,,,,,1.0,,,7
pad,12,0.1,cov-NV,,,0.875,,,,,,8
pad,12,0.1,cov-BCC,,,0.9771428571428571,,,,,,175
pad,12,0.1,sens-BCC,,,,,,1.0,,,175
pad,12,0.1,cov-AK,,,0.9545454545454546,,,,,,44
pad,12,0.1,sens-AK,,,,,,1.0,,,44
pad,12,0.1,cov-BKL,,,1.0,,,,,,5
pad,12,0.1,cov-SCC,,,0.6896551724137931,,,,,,29
pad,12,0.1,sens-SCC,,,,,,1.0,,,29
pad,12,0.15,B,27.0,False,0.9230769230769231,0.9166666666666666,,1.0,1.0,2.8461538461538463,13
pad,12,0.15,M1,25.0,False,0.8695652173913043,0.9,0.0,1.0,1.0,2.347826086956522,23
pad,12,0.15,M2,160.0,False,0.9240506329113924,0.932175622542595,0.0,1.0,1.0,2.5822784810126582,158
pad,12,0.15,M3,72.0,False,0.9538461538461539,0.9479166666666666,0.0,1.0,1.0,2.6769230769230767,65
pad,12,0.15,M4,11.0,False,1.0,1.0,0.0,1.0,1.0,4.0,6
pad,12,0.15,M5,3.0,True,1.0,1.0,0.0,1.0,1.0,4.0,3
pad,12,0.15,cov-MEL,,,0.8571428571428571,,,,,,7
pad,12,0.15,sens-MEL,,,,,,1.0,,,7
pad,12,0.15,cov-NV,,,0.875,,,,,,8
pad,12,0.15,cov-BCC,,,0.9714285714285714,,,,,,175
pad,12,0.15,sens-BCC,,,,,,1.0,,,175
pad,12,0.15,cov-AK,,,0.9545454545454546,,,,,,44
pad,12,0.15,sens-AK,,,,,,1.0,,,44
pad,12,0.15,cov-BKL,,,1.0,,,,,,5
pad,12,0.15,cov-SCC,,,0.6551724137931034,,,,,,29
pad,12,0.15,sens-SCC,,,,,,1.0,,,29
hiba,13,0.05,B,166.0,False,0.9901960784313726,0.9861111111111112,,1.0,1.0,6.284313725490196,102
hiba,13,0.05,M1,27.0,False,1.0,1.0,0.0,1.0,1.0,6.166666666666667,12
hiba,13,0.05,M2,216.0,False,0.9516129032258065,0.9545454545454546,0.0,1.0,1.0,6.653225806451613,124
hiba,13,0.05,M3,25.0,False,1.0,1.0,0.0,1.0,1.0,6.888888888888889,9
hiba,13,0.05,cov-MEL,,,0.9743589743589743,,,,,,39
hiba,13,0.05,sens-MEL,,,,,,1.0,,,39
hiba,13,0.05,cov-NV,,,1.0,,,,,,64
hiba,13,0.05,cov-BCC,,,1.0,,,,,,68
hiba,13,0.05,sens-BCC,,,,,,1.0,,,68
hiba,13,0.05,cov-AK,,,1.0,,,,,,11
hiba,13,0.05,sens-AK,,,,,,1.0,,,11
hiba,13,0.05,cov-BKL,,,1.0,,,,,,17
hiba,13,0.05,cov-DF,,,0.9090909090909091,,,,,,11
hiba,13,0.05,cov-VASC,,,1.0,,,,,,10
hiba,13,0.05,cov-SCC,,,0.8148148148148148,,,,,,27
hiba,13,0.05,sens-SCC,,,,,,1.0,,,27
hiba,13,0.1,B,166.0,False,0.9019607843137255,0.9039351851851851,,1.0,1.0,3.9705882352941178,102
hiba,13,0.1,M1,27.0,False,0.9166666666666666,0.9523809523809523,0.0,1.0,1.0,4.5,12
hiba,13,0.1,M2,216.0,False,0.9032258064516129,0.9065656565656566,0.0,1.0,1.0,4.193548387096774,124
hiba,13,0.1,M3,25.0,False,1.0,1.0,0.0,1.0,1.0,5.222222222222222,9
hiba,13,0.1,cov-MEL,,,0.9230769230769231,,,,,,39
hiba,13,0.1,sens-MEL,,,,,,1.0,,,39
hiba,13,0.1,cov-NV,,,0.984375,,,,,,64
hiba,13,0.1,cov-BCC,,,0.9558823529411765,,,,,,68
hiba,13,0.1,sens-BCC,,,,,,1.0,,,68
hiba,13,0.1,cov-AK,,,1.0,,,,,,11
hiba,13,0.1,sens-AK,,,,,,1.0,,,11
hiba,13,0.1,cov-BKL,,,0.9411764705882353,,,,,,17
hiba,13,0.1,cov-DF,,,0.5454545454545454,,,,,,11
hiba,13,0.1,cov-VASC,,,0.7,,,,,,10
hiba,13,0.1,cov-SCC,,,0.7407407407407407,,,,,,27
hiba,13,0.1,sens-SCC,,,,,,1.0,,,27
hiba,13,0.15,B,166.0,False,0.8235294117647058,0.8020833333333334,,1.0,1.0,3.323529411764706,102
hiba,13,0.15,M1,27.0,False,0.8333333333333334,0.9047619047619048,0.0,1.0,1.0,3.4166666666666665,12
hiba,13,0.15,M2,216.0,False,0.8306451612903226,0.845117845117845,0.0,1.0,1.0,3.3629032258064515,124
hiba,13,0.15,M3,25.0,False,1.0,1.0,0.0,1.0,1.0,4.111111111111111,9
hiba,13,0.15,cov-MEL,,,0.9230769230769231,,,,,,39
hiba,13,0.15,sens-MEL,,,,,,1.0,,,39
hiba,13,0.15,cov-NV,,,0.953125,,,,,,64
hiba,13,0.15,cov-BCC,,,0.8970588235294118,,,,,,68
hiba,13,0.15,sens-BCC,,,,,,1.0,,,68
hiba,13,0.15,cov-AK,,,0.8181818181818182,,,,,,11
hiba,13,0.15,sens-AK,,,,,,1.0,,,11
hiba,13,0.15,cov-BKL,,,0.7647058823529411,,,,,,17
hiba,13,0.15,cov-DF,,,0.45454545454545453,,,,,,11
hiba,13,0.15,cov-VASC,,,0.5,,,,,,10
hiba,13,0.15,cov-SCC,,,0.5925925925925926,,,,,,27
hiba,13,0.15,sens-SCC,,,,,,1.0,,,27
pad,13,0.05,B,23.0,False,0.95,0.9375,,1.0,1.0,4.35,20
pad,13,0.05,M1,28.0,False,0.9375,0.9166666666666666,0.0,1.0,1.0,3.625,16
pad,13,0.05,M2,167.0,False,0.9530201342281879,0.9624183006535948,0.0,1.0,1.0,4.248322147651007,149
pad,13,0.05,M3,71.0,False,0.9838709677419355,0.9795918367346939,0.0,1.0,1.0,4.161290322580645,62
pad,13,0.05,M4,8.0,True,1.0,1.0,0.0,1.0,1.0,5.25,12
pad,13,0.05,M5,3.0,True,1.0,1.0,0.0,1.0,1.0,5.333333333333333,3
pad,13,0.05,cov-MEL,,,0.8181818181818182,,,,,,11
pad,13,0.05,sens-MEL,,,,,,1.0,,,11
pad,13,0.05,cov-NV,,,0.9230769230769231,,,,,,13
pad,13,0.05,cov-BCC,,,1.0,,,,,,142
pad,13,0.05,sens-BCC,,,,,,1.0,,,142
pad,13,0.05,cov-AK,,,0.9672131147540983,,,,,,61
pad,13,0.05,sens-AK,,,,,,1.0,,,61
pad,13,0.05,cov-BKL,,,1.0,,,,,,7
pad,13,0.05,cov-SCC,,,0.8214285714285714,,,,,,28
pad,13,0.05,sens-SCC,,,,,,1.0,,,28
pad,13,0.1,B,23.0,False,0.85,0.8125,,1.0,1.0,3.1,20
pad,13,0.1,M1,28.0,False,0.875,0.875,0.0,1.0,1.0,2.625,16
pad,13,0.1,M2,167.0,False,0.9261744966442953,0.9468954248366014,0.0,1.0,1.0,2.7651006711409396,149
pad,13,0.1,M3,71.0,False,0.9516129032258065,0.9591836734693877,0.0,1.0,1.0,2.967741935483871,62
pad,13,0.1,M4,8.0,True,1.0,1.0,0.0,1.0,1.0,4.5,12
pad,13,0.1,M5,3.0,True,1.0,1.0,0.0,1.0,1.0,4.333333333333333,3
pad,13,0.1,cov-MEL,,,0.7272727272727273,,,,,,11
pad,13,0.1,sens-MEL,,,,,,1.0,,,11
pad,13,0.1,cov-NV,,,0.8461538461538461,,,,,,13
pad,13,0.1,cov-BCC,,,1.0,,,,,,142
pad,13,0.1,sens-BCC,,,,,,1.0,,,142
pad,13,0.1,cov-AK,,,0.9672131147540983,,,,,,61
pad,13,0.1,sens-AK,,,,,,1.0,,,61
pad,13,0.1,cov-BKL,,,0.8571428571428571,,,,,,7
pad,13,0.1,cov-SCC,,,0.6071428571428571,,,,,,28
pad,13,0.1,sens-SCC,,,,,,1.0,,,28
pad,13,0.15,B,23.0,False,0.8,0.75,,1.0,1.0,2.65,20
pad,13,0.15,M1,28.0,False,0.8125,0.7916666666666666,0.0,1.0,1.0,2.0625,16
pad,13,0.15,M2,167.0,False,0.8926174496644296,0.9166666666666666,0.0,1.0,1.0,2.4295302013422817,149
pad,13,0.15,M3,71.0,False,0.9354838709677419,0.9387755102040817,0.0,1.0,1.0,2.4838709677419355,62
pad,13,0.15,M4,8.0,False,1.0,1.0,0.0,1.0,1.0,4.0,12
pad,13,0.15,M5,3.0,True,1.0,1.0,0.0,1.0,1.0,4.333333333333333,3
pad,13,0.15,cov-MEL,,,0.7272727272727273,,,,,,11
pad,13,0.15,sens-MEL,,,,,,1.0,,,11
pad,13,0.15,cov-NV,,,0.8461538461538461,,,,,,13
pad,13,0.15,cov-BCC,,,0.9577464788732394,,,,,,142
pad,13,0.15,sens-BCC,,,,,,1.0,,,142
pad,13,0.15,cov-AK,,,0.9672131147540983,,,,,,61
pad,13,0.15,sens-AK,,,,,,1.0,,,61
pad,13,0.15,cov-BKL,,,0.7142857142857143,,,,,,7
pad,13,0.15,cov-SCC,,,0.5714285714285714,,,,,,28
pad,13,0.15,sens-SCC,,,,,,1.0,,,28
hiba,14,0.05,B,167.0,False,0.9438775510204082,0.8685446009389672,,1.0,1.0,5.321428571428571,196
hiba,14,0.05,M1,19.0,False,1.0,1.0,0.0,1.0,1.0,5.545454545454546,22
hiba,14,0.05,M2,222.0,False,0.96,0.9516129032258065,0.0,1.0,1.0,5.488,125
hiba,14,0.05,M3,24.0,False,0.9090909090909091,0.9,0.0,1.0,1.0,5.545454545454546,11
hiba,14,0.05,cov-MEL,,,1.0,,,,,,55
hiba,14,0.05,sens-MEL,,,,,,1.0,,,55
hiba,14,0.05,cov-NV,,,0.9934640522875817,,,,,,153
hiba,14,0.05,cov-BCC,,,0.9855072463768116,,,,,,69
hiba,14,0.05,sens-BCC,,,,,,1.0,,,69
hiba,14,0.05,cov-AK,,,1.0,,,,,,10
hiba,14,0.05,sens-AK,,,,,,1.0,,,10
hiba,14,0.05,cov-BKL,,,1.0,,,,,,16
hiba,14,0.05,cov-DF,,,0.2857142857142857,,,,,,14
hiba,14,0.05,cov-VASC,,,1.0,,,,,,13
hiba,14,0.05,cov-SCC,,,0.7916666666666666,,,,,,24
hiba,14,0.05,sens-SCC,,,,,,1.0,,,24
hiba,14,0.1,B,167.0,False,0.9183673469387755,0.8051643192488264,,1.0,1.0,4.030612244897959,196
hiba,14,0.1,M1,19.0,False,0.9545454545454546,0.9777777777777777,0.0,1.0,1.0,4.181818181818182,22
hiba,14,0.1,M2,222.0,False,0.944,0.9435483870967742,0.0,1.0,1.0,4.208,125
hiba,14,0.1,M3,24.0,False,0.9090909090909091,0.9,0.0,1.0,1.0,4.545454545454546,11
hiba,14,0.1,cov-MEL,,,1.0,,,,,,55
hiba,14,0.1,sens-MEL,,,,,,1.0,,,55
hiba,14,0.1,cov-NV,,,0.9934640522875817,,,,,,153
hiba,14,0.1,cov-BCC,,,0.9710144927536232,,,,,,69
hiba,14,0.1,sens-BCC,,,,,,1.0,,,69
hiba,14,0.1,cov-AK,,,1.0,,,,,,10
hiba,14,0.1,sens-AK,,,,,,1.0,,,10
hiba,14,0.1,cov-BKL,,,1.0,,,,,,16
hiba,14,0.1,cov-DF,,,0.21428571428571427,,,,,,14
hiba,14,0.1,cov-VASC,,,0.6923076923076923,,,,,,13
hiba,14,0.1,cov-SCC,,,0.7083333333333334,,,,,,24
hiba,14,0.1,sens-SCC,,,,,,1.0,,,24
hiba,14,0.15,B,167.0,False,0.8928571428571429,0.755868544600939,,1.0,1.0,2.938775510204082,196
hiba,14,0.15,M1,19.0,False,0.8636363636363636,0.9277777777777777,0.0,1.0,1.0,3.0454545454545454,22
hiba,14,0.15,M2,222.0,False,0.88,0.875448028673835,0.0,1.0,1.0,3.128,125
hiba,14,0.15,M3,24.0,False,0.9090909090909091,0.9,0.0,1.0,1.0,2.5454545454545454,11
hiba,14,0.15,cov-MEL,,,0.9818181818181818,,,,,,55
hiba,14,0.15,sens-MEL,,,,,,1.0,,,55
hiba,14,0.15,cov-NV,,,0.9869281045751634,,,,,,153
hiba,14,0.15,cov-BCC,,,0.8985507246376812,,,,,,69
hiba,14,0.15,sens-BCC,,,,,,1.0,,,69
hiba,14,0.15,cov-AK,,,0.8,,,,,,10
hiba,14,0.15,sens-AK,,,,,,1.0,,,10
hiba,14,0.15,cov-BKL,,,0.75,,,,,,16
hiba,14,0.15,cov-DF,,,0.21428571428571427,,,,,,14
hiba,14,0.15,cov-VASC,,,0.6923076923076923,,,,,,13
hiba,14,0.15,cov-SCC,,,0.625,,,,,,24
hiba,14,0.15,sens-SCC,,,,,,1.0,,,24
pad,14,0.05,B,26.0,False,1.0,1.0,,1.0,1.0,4.5,14
pad,14,0.05,M1,26.0,False,0.9583333333333334,0.9761904761904762,0.0,1.0,1.0,4.291666666666667,24
pad,14,0.05,M2,153.0,False,0.896551724137931,0.8987068965517241,0.0,1.0,1.0,3.6839080459770117,174
pad,14,0.05,M3,73.0,False,0.9393939393939394,0.925531914893617,0.0,1.0,1.0,3.8181818181818183,66
pad,14,0.05,M4,8.0,True,1.0,1.0,0.0,1.0,1.0,5.636363636363637,11
pad,14,0.05,M5,3.0,True,1.0,1.0,0.0,1.0,1.0,5.0,3
pad,14,0.05,cov-MEL,,,0.8,,,,,,5
pad,14,0.05,sens-MEL,,,,,,1.0,,,5
pad,14,0.05,cov-NV,,,1.0,,,,,,6
pad,14,0.05,cov-BCC,,,0.9823529411764705,,,,,,170
pad,14,0.05,sens-BCC,,,,,,1.0,,,170
pad,14,0.05,cov-AK,,,0.9032258064516129,,,,,,62
pad,14,0.05,sens-AK,,,,,,1.0,,,62
pad,14,0.05,cov-BKL,,,1.0,,,,,,8
pad,14,0.05,cov-SCC,,,0.6829268292682927,,,,,,41
pad,14,0.05,sens-SCC,,,,,,1.0,,,41
pad,14,0.1,B,26.0,False,1.0,1.0,,1.0,1.0,4.285714285714286,14
pad,14,0.1,M1,26.0,False,0.9166666666666666,0.9583333333333333,0.0,1.0,1.0,3.7916666666666665,24
pad,14,0.1,M2,153.0,False,0.8563218390804598,0.8505747126436781,0.0,1.0,1.0,3.4482758620689653,174
pad,14,0.1,M3,73.0,False,0.9090909090909091,0.8936170212765957,0.0,1.0,1.0,3.4242424242424243,66
pad,14,0.1,M4,8.0,True,1.0,1.0,0.0,1.0,1.0,5.545454545454546,11
pad,14,0.1,M5,3.0,True,1.0,1.0,0.0,1.0,1.0,5.0,3
pad,14,0.1,cov-MEL,,,0.8,,,,,,5
pad,14,0.1,sens-MEL,,,,,,1.0,,,5
pad,14,0.1,cov-NV,,,1.0,,,,,,6
pad,14,0.1,cov-BCC,,,0.9352941176470588,,,,,,170
pad,14,0.1,sens-BCC,,,,,,1.0,,,170
pad,14,0.1,cov-AK,,,0.8870967741935484,,,,,,62
pad,14,0.1,sens-AK,,,,,,1.0,,,62
pad,14,0.1,cov-BKL,,,1.0,,,,,,8
pad,14,0.1,cov-SCC,,,0.6585365853658537,,,,,,41
pad,14,0.1,sens-SCC,,,,,,1.0,,,41
pad,14,0.15,B,26.0,False,0.9285714285714286,0.9230769230769231,,0.9285714285714286,0.9230769230769231,2.4285714285714284,14
pad,14,0.15,M1,26.0,False,0.8333333333333334,0.8511904761904762,0.0,1.0,1.0,2.2916666666666665,24
pad,14,0.15,M2,153.0,False,0.7988505747126436,0.8002873563218391,0.0,1.0,1.0,2.1724137931034484,174
pad,14,0.15,M3,73.0,False,0.8787878787878788,0.8670212765957447,0.0,1.0,1.0,2.378787878787879,66
pad,14,0.15,M4,8.0,False,0.45454545454545453,0.48148148148148157,0.0,1.0,1.0,1.8181818181818181,11
pad,14,0.15,M5,3.0,True,1.0,1.0,0.0,1.0,1.0,4.0,3
pad,14,0.15,cov-MEL,,,0.6,,,,,,5
pad,14,0.15,sens-MEL,,,,,,1.0,,,5
pad,14,0.15,cov-NV,,,0.8333333333333334,,,,,,6
pad,14,0.15,cov-BCC,,,0.8705882352941177,,,,,,170
pad,14,0.15,sens-BCC,,,,,,1.0,,,170
pad,14,0.15,cov-AK,,,0.8064516129032258,,,,,,62
pad,14,0.15,sens-AK,,,,,,1.0,,,62
pad,14,0.15,cov-BKL,,,1.0,,,,,,8
pad,14,0.15,cov-SCC,,,0.5853658536585366,,,,,,41
pad,14,0.15,sens-SCC,,,,,,1.0,,,41
hiba,15,0.05,B,176.0,False,0.9758064516129032,0.9596774193548387,,1.0,1.0,6.193548387096774,124
hiba,15,0.05,M1,26.0,False,1.0,1.0,0.0,1.0,1.0,6.45,20
hiba,15,0.05,M2,212.0,False,0.984251968503937,0.9805825242718447,0.0,1.0,1.0,6.511811023622047,127
hiba,15,0.05,M3,21.0,False,1.0,1.0,0.0,1.0,1.0,6.4375,16
hiba,15,0.05,cov-MEL,,,1.0,,,,,,63
hiba,15,0.05,sens-MEL,,,,,,1.0,,,63
hiba,15,0.05,cov-NV,,,1.0,,,,,,93
hiba,15,0.05,cov-BCC,,,1.0,,,,,,65
hiba,15,0.05,sens-BCC,,,,,,1.0,,,65
hiba,15,0.05,cov-AK,,,0.9285714285714286,,,,,,14
hiba,15,0.05,sens-AK,,,,,,1.0,,,14
hiba,15,0.05,cov-BKL,,,1.0,,,,,,12
hiba,15,0.05,cov-DF,,,0.7,,,,,,10
hiba,15,0.05,cov-VASC,,,1.0,,,,,,9
hiba,15,0.05,cov-SCC,,,0.9523809523809523,,,,,,21
hiba,15,0.05,sens-SCC,,,,,,1.0,,,21
hiba,15,0.1,B,176.0,False,0.9435483870967742,0.9301075268817204,,1.0,1.0,4.669354838709677,124
hiba,15,0.1,M1,26.0,False,0.95,0.9583333333333334,0.0,1.0,1.0,4.5,20
hiba,15,0.1,M2,212.0,False,0.968503937007874,0.9660194174757282,0.0,1.0,1.0,4.732283464566929,127
hiba,15,0.1,M3,21.0,False,1.0,1.0,0.0,1.0,1.0,5.0625,16
hiba,15,0.1,cov-MEL,,,1.0,,,,,,63
hiba,15,0.1,sens-MEL,,,,,,1.0,,,63
hiba,15,0.1,cov-NV,,,1.0,,,,,,93
hiba,15,0.1,cov-BCC,,,0.9846153846153847,,,,,,65
hiba,15,0.1,sens-BCC,,,,,,1.0,,,65
hiba,15,0.1,cov-AK,,,0.9285714285714286,,,,,,14
hiba,15,0.1,sens-AK,,,,,,1.0,,,14
hiba,15,0.1,cov-BKL,,,1.0,,,,,,12
hiba,15,0.1,cov-DF,,,0.5,,,,,,10
hiba,15,0.1,cov-VASC,,,0.7777777777777778,,,,,,9
hiba,15,0.1,cov-SCC,,,0.8571428571428571,,,,,,21
hiba,15,0.1,sens-SCC,,,,,,1.0,,,21
hiba,15,0.15,B,176.0,False,0.9032258064516129,0.8575268817204301,,1.0,1.0,3.282258064516129,124
hiba,15,0.15,M1,26.0,False,0.9,0.9166666666666667,0.0,1.0,1.0,3.5,20
hiba,15,0.15,M2,212.0,False,0.8976377952755905,0.8956310679611651,0.0,1.0,1.0,3.52755905511811,127
hiba,15,0.15,M3,21.0,False,0.875,0.8461538461538461,0.0,1.0,1.0,3.3125,16
hiba,15,0.15,cov-MEL,,,0.9523809523809523,,,,,,63
hiba,15,0.15,sens-MEL,,,,,,1.0,,,63
hiba,15,0.15,cov-NV,,,0.989247311827957,,,,,,93
hiba,15,0.15,cov-BCC,,,0.9384615384615385,,,,,,65
hiba,15,0.15,sens-BCC,,,,,,1.0,,,65
hiba,15,0.15,cov-AK,,,0.8571428571428571,,,,,,14
hiba,15,0.15,sens-AK,,,,,,1.0,,,14
hiba,15,0.15,cov-BKL,,,1.0,,,,,,12
hiba,15,0.15,cov-DF,,,0.4,,,,,,10
hiba,15,0.15,cov-VASC,,,0.4444444444444444,,,,,,9
hiba,15,0.15,cov-SCC,,,0.6190476190476191,,,,,,21
hiba,15,0.15,sens-SCC,,,,,,1.0,,,21
pad,15,0.05,B,20.0,False,1.0,1.0,,1.0,1.0,4.125,24
pad,15,0.05,M1,25.0,False,1.0,1.0,0.0,1.0,1.0,4.481481481481482,27
pad,15,0.05,M2,157.0,False,0.9289940828402367,0.9332482993197279,0.0,1.0,1.0,3.9467455621301775,169
pad,15,0.05,M3,69.0,False,0.9411764705882353,0.9313725490196079,0.0,1.0,1.0,3.7794117647058822,68
pad,15,0.05,M4,7.0,True,1.0,1.0,0.0,1.0,1.0,5.384615384615385,13
pad,15,0.05,M5,3.0,True,1.0,1.0,0.0,1.0,1.0,5.333333333333333,3
pad,15,0.05,cov-MEL,,,0.8,,,,,,10
pad,15,0.05,sens-MEL,,,,,,1.0,,,10
pad,15,0.05,cov-NV,,,1.0,,,,,,15
pad,15,0.05,cov-BCC,,,0.9878048780487805,,,,,,164
pad,15,0.05,sens-BCC,,,,,,1.0,,,164
pad,15,0.05,cov-AK,,,0.9393939393939394,,,,,,66
pad,15,0.05,sens-AK,,,,,,1.0,,,66
pad,15,0.05,cov-BKL,,,1.0,,,,,,9
pad,15,0.05,cov-SCC,,,0.8,,,,,,40
pad,15,0.05,sens-SCC,,,,,,1.0,,,40
pad,15,0.1,B,20.0,False,1.0,1.0,,1.0,1.0,3.7916666666666665,24
pad,15,0.1,M1,25.0,False,1.0,1.0,0.0,1.0,1.0,3.925925925925926,27
pad,15,0.1,M2,157.0,False,0.8875739644970414,0.8908375850340137,0.0,1.0,1.0,3.633136094674556,169
pad,15,0.1,M3,69.0,False,0.9117647058823529,0.8921568627450981,0.0,1.0,1.0,3.2058823529411766,68
pad,15,0.1,M4,7.0,True,1.0,1.0,0.0,1.0,1.0,5.384615384615385,13
pad,15,0.1,M5,3.0,True,1.0,1.0,0.0,1.0,1.0,5.333333333333333,3
pad,15,0.1,cov-MEL,,,0.8,,,,,,10
pad,15,0.1,sens-MEL,,,,,,1.0,,,10
pad,15,0.1,cov-NV,,,1.0,,,,,,15
pad,15,0.1,cov-BCC,,,0.9695121951219512,,,,,,164
pad,15,0.1,sens-BCC,,,,,,1.0,,,164
pad,15,0.1,cov-AK,,,0.9393939393939394,,,,,,66
pad,15,0.1,sens-AK,,,,,,1.0,,,66
pad,15,0.1,cov-BKL,,,1.0,,,,,,9
pad,15,0.1,cov-SCC,,,0.65,,,,,,40
pad,15,0.1,sens-SCC,,,,,,1.0,,,40
pad,15,0.15,B,20.0,False,1.0,1.0,,1.0,1.0,2.6666666666666665,24
pad,15,0.15,M1,25.0,False,0.9259259259259259,0.9666666666666667,0.0,1.0,1.0,3.0,27
pad,15,0.15,M2,157.0,False,0.8284023668639053,0.8419430272108844,0.0,1.0,1.0,2.63905325443787,169
pad,15,0.15,M3,69.0,False,0.9117647058823529,0.8921568627450981,0.0,1.0,1.0,2.735294117647059,68
pad,15,0.15,M4,7.0,False,0.6923076923076923,0.6666666666666667,0.0,1.0,1.0,2.230769230769231,13
pad,15,0.15,M5,3.0,True,1.0,1.0,0.0,1.0,1.0,4.666666666666667,3
pad,15,0.15,cov-MEL,,,0.7,,,,,,10
pad,15,0.15,sens-MEL,,,,,,1.0,,,10
pad,15,0.15,cov-NV,,,1.0,,,,,,15
pad,15,0.15,cov-BCC,,,0.9390243902439024,,,,,,164
pad,15,0.15,sens-BCC,,,,,,1.0,,,164
pad,15,0.15,cov-AK,,,0.9090909090909091,,,,,,66
pad,15,0.15,sens-AK,,,,,,1.0,,,66
pad,15,0.15,cov-BKL,,,1.0,,,,,,9
pad,15,0.15,cov-SCC,,,0.45,,,,,,40
pad,15,0.15,sens-SCC,,,,,,1.0,,,40
hiba,16,0.05,B,170.0,False,0.9722222222222222,0.9227941176470589,,1.0,1.0,5.708333333333333,216
hiba,16,0.05,M1,23.0,False,1.0,1.0,0.0,1.0,1.0,6.2727272727272725,22
hiba,16,0.05,M2,220.0,False,0.8976377952755905,0.9157894736842105,0.0,1.0,1.0,6.102362204724409,127
hiba,16,0.05,M3,24.0,False,1.0,1.0,0.0,1.0,1.0,6.5,10
hiba,16,0.05,cov-MEL,,,0.975609756097561,,,,,,41
hiba,16,0.05,sens-MEL,,,,,,1.0,,,41
hiba,16,0.05,cov-NV,,,1.0,,,,,,183
hiba,16,0.05,cov-BCC,,,0.9857142857142858,,,,,,70
hiba,16,0.05,sens-BCC,,,,,,1.0,,,70
hiba,16,0.05,cov-AK,,,0.7142857142857143,,,,,,14
hiba,16,0.05,sens-AK,,,,,,1.0,,,14
hiba,16,0.05,cov-BKL,,,1.0,,,,,,13
hiba,16,0.05,cov-DF,,,0.5,,,,,,10
hiba,16,0.05,cov-VASC,,,0.9,,,,,,10
hiba,16,0.05,cov-SCC,,,0.7941176470588235,,,,,,34
hiba,16,0.05,sens-SCC,,,,,,1.0,,,34
hiba,16,0.1,B,170.0,False,0.9490740740740741,0.8897058823529411,,1.0,1.0,4.101851851851852,216
hiba,16,0.1,M1,23.0,False,0.7727272727272727,0.7424242424242425,0.0,1.0,1.0,3.772727272727273,22
hiba,16,0.1,M2,220.0,False,0.7874015748031497,0.7964912280701755,0.0,1.0,1.0,3.921259842519685,127
hiba,16,0.1,M3,24.0,False,1.0,1.0,0.0,1.0,1.0,5.0,10
hiba,16,0.1,cov-MEL,,,0.926829268292683,,,,,,41
hiba,16,0.1,sens-MEL,,,,,,1.0,,,41
hiba,16,0.1,cov-NV,,,0.994535519125683,,,,,,183
hiba,16,0.1,cov-BCC,,,0.8428571428571429,,,,,,70
hiba,16,0.1,sens-BCC,,,,,,1.0,,,70
hiba,16,0.1,cov-AK,,,0.7142857142857143,,,,,,14
hiba,16,0.1,sens-AK,,,,,,1.0,,,14
hiba,16,0.1,cov-BKL,,,1.0,,,,,,13
hiba,16,0.1,cov-DF,,,0.4,,,,,,10
hiba,16,0.1,cov-VASC,,,0.6,,,,,,10
hiba,16,0.1,cov-SCC,,,0.5882352941176471,,,,,,34
hiba,16,0.1,sens-SCC,,,,,,1.0,,,34
hiba,16,0.15,B,170.0,False,0.9398148148148148,0.8676470588235294,,1.0,1.0,3.5046296296296298,216
hiba,16,0.15,M1,23.0,False,0.7727272727272727,0.7424242424242425,0.0,1.0,1.0,3.409090909090909,22
hiba,16,0.15,M2,220.0,False,0.7401574803149606,0.7385964912280703,0.0,1.0,1.0,3.322834645669291,127
hiba,16,0.15,M3,24.0,False,1.0,1.0,0.0,1.0,1.0,4.0,10
hiba,16,0.15,cov-MEL,,,0.8780487804878049,,,,,,41
hiba,16,0.15,sens-MEL,,,,,,1.0,,,41
hiba,16,0.15,cov-NV,,,0.994535519125683,,,,,,183
hiba,16,0.15,cov-BCC,,,0.8285714285714286,,,,,,70
hiba,16,0.15,sens-BCC,,,,,,1.0,,,70
hiba,16,0.15,cov-AK,,,0.7142857142857143,,,,,,14
hiba,16,0.15,sens-AK,,,,,,1.0,,,14
hiba,16,0.15,cov-BKL,,,0.9230769230769231,,,,,,13
hiba,16,0.15,cov-DF,,,0.4,,,,,,10
hiba,16,0.15,cov-VASC,,,0.5,,,,,,10
hiba,16,0.15,cov-SCC,,,0.5,,,,,,34
hiba,16,0.15,sens-SCC,,,,,,1.0,,,34
pad,16,0.05,B,19.0,False,0.8636363636363636,0.85,,1.0,1.0,4.045454545454546,22
pad,16,0.05,M1,21.0,False,0.9696969696969697,0.9824561403508772,0.0,1.0,1.0,3.5454545454545454,33
pad,16,0.05,M2,158.0,False,0.9698795180722891,0.9759759759759761,0.0,1.0,1.0,3.5301204819277108,166
pad,16,0.05,M3,74.0,False,1.0,1.0,0.0,1.0,1.0,3.701492537313433,67
pad,16,0.05,M4,10.0,True,1.0,1.0,0.0,1.0,1.0,4.666666666666667,9
pad,16,0.05,M5,3.0,True,1.0,1.0,0.0,1.0,1.0,5.0,2
pad,16,0.05,cov-MEL,,,0.9,,,,,,10
pad,16,0.05,sens-MEL,,,,,,1.0,,,10
pad,16,0.05,cov-NV,,,0.9090909090909091,,,,,,11
pad,16,0.05,cov-BCC,,,1.0,,,,,,169
pad,16,0.05,sens-BCC,,,,,,1.0,,,169
pad,16,0.05,cov-AK,,,0.9666666666666667,,,,,,60
pad,16,0.05,sens-AK,,,,,,1.0,,,60
pad,16,0.05,cov-BKL,,,0.8181818181818182,,,,,,11
pad,16,0.05,cov-SCC,,,0.9210526315789473,,,,,,38
pad,16,0.05,sens-SCC,,,,,,1.0,,,38
pad,16,0.1,B,19.0,False,0.7727272727272727,0.75,,1.0,1.0,3.1818181818181817,22
pad,16,0.1,M1,21.0,False,0.9696969696969697,0.9824561403508772,0.0,1.0,1.0,2.6363636363636362,33
pad,16,0.1,M2,158.0,False,0.9337349397590361,0.9459459459459459,0.0,1.0,1.0,2.716867469879518,166
pad,16,0.1,M3,74.0,False,0.9701492537313433,0.967391304347826,0.0,1.0,1.0,2.8059701492537314,67
pad,16,0.1,M4,10.0,False,1.0,1.0,0.0,1.0,1.0,4.111111111111111,9
pad,16,0.1,M5,3.0,True,1.0,1.0,0.0,1.0,1.0,4.5,2
pad,16,0.1,cov-MEL,,,0.9,,,,,,10
pad,16,0.1,sens-MEL,,,,,,1.0,,,10
pad,16,0.1,cov-NV,,,0.8181818181818182,,,,,,11
pad,16,0.1,cov-BCC,,,1.0,,,,,,169
pad,16,0.1,sens-BCC,,,,,,1.0,,,169
pad,16,0.1,cov-AK,,,0.9666666666666667,,,,,,60
pad,16,0.1,sens-AK,,,,,,1.0,,,60
pad,16,0.1,cov-BKL,,,0.7272727272727273,,,,,,11
pad,16,0.1,cov-SCC,,,0.7105263157894737,,,,,,38
pad,16,0.1,sens-SCC,,,,,,1.0,,,38
pad,16,0.15,B,19.0,False,0.7727272727272727,0.75,,1.0,1.0,2.909090909090909,22
pad,16,0.15,M1,21.0,False,0.9393939393939394,0.9692982456140351,0.0,1.0,1.0,2.515151515151515,33
pad,16,0.15,M2,158.0,False,0.8554216867469879,0.8686186186186187,0.0,1.0,1.0,2.2710843373493974,166
pad,16,0.15,M3,74.0,False,0.9402985074626866,0.9347826086956522,0.0,1.0,1.0,2.253731343283582,67
pad,16,0.15,M4,10.0,False,1.0,1.0,0.0,1.0,1.0,4.111111111111111,9
pad,16,0.15,M5,3.0,True,1.0,1.0,0.0,1.0,1.0,4.0,2
pad,16,0.15,cov-MEL,,,0.7,,,,,,10
pad,16,0.15,sens-MEL,,,,,,1.0,,,10
pad,16,0.15,cov-NV,,,0.8181818181818182,,,,,,11
pad,16,0.15,cov-BCC,,,0.9704142011834319,,,,,,169
pad,16,0.15,sens-BCC,,,,,,1.0,,,169
pad,16,0.15,cov-AK,,,0.9333333333333333,,,,,,60
pad,16,0.15,sens-AK,,,,,,1.0,,,60
pad,16,0.15,cov-BKL,,,0.7272727272727273,,,,,,11
pad,16,0.15,cov-SCC,,,0.5263157894736842,,,,,,38
pad,16,0.15,sens-SCC,,,,,,1.0,,,38
hiba,17,0.05,B,167.0,False,0.9966887417218543,0.9859154929577465,,1.0,1.0,6.155629139072848,302
hiba,17,0.05,M1,25.0,False,1.0,1.0,0.0,1.0,1.0,6.4375,16
hiba,17,0.05,M2,223.0,False,0.9734513274336283,0.9728260869565217,0.0,1.0,1.0,6.831858407079646,113
hiba,17,0.05,M3,23.0,False,1.0,1.0,0.0,1.0,1.0,7.166666666666667,12
hiba,17,0.05,cov-MEL,,,1.0,,,,,,48
hiba,17,0.05,sens-MEL,,,,,,1.0,,,48
hiba,17,0.05,cov-NV,,,1.0,,,,,,274
hiba,17,0.05,cov-BCC,,,1.0,,,,,,57
hiba,17,0.05,sens-BCC,,,,,,1.0,,,57
hiba,17,0.05,cov-AK,,,1.0,,,,,,13
hiba,17,0.05,sens-AK,,,,,,1.0,,,13
hiba,17,0.05,cov-BKL,,,1.0,,,,,,16
hiba,17,0.05,cov-DF,,,0.875,,,,,,8
hiba,17,0.05,cov-VASC,,,1.0,,,,,,4
hiba,17,0.05,cov-SCC,,,0.8695652173913043,,,,,,23
hiba,17,0.05,sens-SCC,,,,,,1.0,,,23
hiba,17,0.1,B,167.0,False,0.9900662251655629,0.9647887323943662,,1.0,1.0,5.02317880794702,302
hiba,17,0.1,M1,25.0,False,1.0,1.0,0.0,1.0,1.0,5.375,16
hiba,17,0.1,M2,223.0,False,0.9557522123893806,0.9510869565217391,0.0,1.0,1.0,5.265486725663717,113
hiba,17,0.1,M3,23.0,False,1.0,1.0,0.0,1.0,1.0,6.0,12
hiba,17,0.1,cov-MEL,,,0.9791666666666666,,,,,,48
hiba,17,0.1,sens-MEL,,,,,,1.0,,,48
hiba,17,0.1,cov-NV,,,1.0,,,,,,274
hiba,17,0.1,cov-BCC,,,1.0,,,,,,57
hiba,17,0.1,sens-BCC,,,,,,1.0,,,57
hiba,17,0.1,cov-AK,,,0.9230769230769231,,,,,,13
hiba,17,0.1,sens-AK,,,,,,1.0,,,13
hiba,17,0.1,cov-BKL,,,1.0,,,,,,16
hiba,17,0.1,cov-DF,,,0.75,,,,,,8
hiba,17,0.1,cov-VASC,,,0.75,,,,,,4
hiba,17,0.1,cov-SCC,,,0.8695652173913043,,,,,,23
hiba,17,0.1,sens-SCC,,,,,,1.0,,,23
hiba,17,0.15,B,167.0,False,0.9867549668874173,0.9600938967136151,,1.0,1.0,3.9006622516556293,302
hiba,17,0.15,M1,25.0,False,0.875,0.9351851851851851,0.0,1.0,1.0,4.375,16
hiba,17,0.15,M2,223.0,False,0.8495575221238938,0.842391304347826,0.0,1.0,1.0,4.017699115044247,113
hiba,17,0.15,M3,23.0,False,1.0,1.0,0.0,1.0,1.0,5.0,12
hiba,17,0.15,cov-MEL,,,0.9375,,,,,,48
hiba,17,0.15,sens-MEL,,,,,,1.0,,,48
hiba,17,0.15,cov-NV,,,1.0,,,,,,274
hiba,17,0.15,cov-BCC,,,0.9122807017543859,,,,,,57
hiba,17,0.15,sens-BCC,,,,,,1.0,,,57
hiba,17,0.15,cov-AK,,,0.7692307692307693,,,,,,13
hiba,17,0.15,sens-AK,,,,,,1.0,,,13
hiba,17,0.15,cov-BKL,,,1.0,,,,,,16
hiba,17,0.15,cov-DF,,,0.625,,,,,,8
hiba,17,0.15,cov-VASC,,,0.75,,,,,,4
hiba,17,0.15,cov-SCC,,,0.6521739130434783,,,,,,23
hiba,17,0.15,sens-SCC,,,,,,1.0,,,23
pad,17,0.05,B,25.0,False,0.9375,0.9285714285714286,,1.0,1.0,4.5,16
pad,17,0.05,M1,26.0,False,1.0,1.0,0.0,1.0,1.0,3.9,20
pad,17,0.05,M2,157.0,False,0.9467455621301775,0.9525935374149661,0.0,1.0,1.0,4.100591715976331,169
pad,17,0.05,M3,70.0,False,0.9868421052631579,0.98,0.0,1.0,1.0,4.197368421052632,76
pad,17,0.05,M4,8.0,True,1.0,1.0,0.0,1.0,1.0,5.181818181818182,11
pad,17,0.05,M5,5.0,True,,,,,,,0
pad,17,0.05,cov-MEL,,,0.8571428571428571,,,,,,7
pad,17,0.05,sens-MEL,,,,,,1.0,,,7
pad,17,0.05,cov-NV,,,0.875,,,,,,8
pad,17,0.05,cov-BCC,,,0.9887640449438202,,,,,,178
pad,17,0.05,sens-BCC,,,,,,1.0,,,178
pad,17,0.05,cov-AK,,,0.9827586206896551,,,,,,58
pad,17,0.05,sens-AK,,,,,,1.0,,,58
pad,17,0.05,cov-BKL,,,1.0,,,,,,8
pad,17,0.05,cov-SCC,,,0.8181818181818182,,,,,,33
pad,17,0.05,sens-SCC,,,,,,1.0,,,33
pad,17,0.1,B,25.0,False,0.9375,0.9285714285714286,,1.0,1.0,3.6875,16
pad,17,0.1,M1,26.0,False,1.0,1.0,0.0,1.0,1.0,3.0,20
pad,17,0.1,M2,157.0,False,0.9112426035502958,0.9183673469387755,0.0,1.0,1.0,3.0118343195266273,169
pad,17,0.1,M3,70.0,False,0.9605263157894737,0.94,0.0,1.0,1.0,3.1578947368421053,76
pad,17,0.1,M4,8.0,True,1.0,1.0,0.0,1.0,1.0,4.636363636363637,11
pad,17,0.1,M5,5.0,True,,,,,,,0
pad,17,0.1,cov-MEL,,,0.8571428571428571,,,,,,7
pad,17,0.1,sens-MEL,,,,,,1.0,,,7
pad,17,0.1,cov-NV,,,0.875,,,,,,8
pad,17,0.1,cov-BCC,,,0.9775280898876404,,,,,,178
pad,17,0.1,sens-BCC,,,,,,1.0,,,178
pad,17,0.1,cov-AK,,,0.9827586206896551,,,,,,58
pad,17,0.1,sens-AK,,,,,,1.0,,,58
pad,17,0.1,cov-BKL,,,1.0,,,,,,8
pad,17,0.1,cov-SCC,,,0.6363636363636364,,,,,,33
pad,17,0.1,sens-SCC,,,,,,1.0,,,33
pad,17,0.15,B,25.0,False,0.875,0.8571428571428571,,1.0,1.0,2.9375,16
pad,17,0.15,M1,26.0,False,0.85,0.8571428571428571,0.0,1.0,1.0,2.15,20
pad,17,0.15,M2,157.0,False,0.8698224852071006,0.8813775510204082,0.0,1.0,1.0,2.526627218934911,169
pad,17,0.15,M3,70.0,False,0.881578947368421,0.8333333333333335,0.0,1.0,1.0,2.3947368421052633,76
pad,17,0.15,M4,8.0,False,1.0,1.0,0.0,1.0,1.0,4.090909090909091,11
pad,17,0.15,M5,5.0,True,,,,,,,0
pad,17,0.15,cov-MEL,,,0.7142857142857143,,,,,,7
pad,17,0.15,sens-MEL,,,,,,1.0,,,7
pad,17,0.15,cov-NV,,,0.75,,,,,,8
pad,17,0.15,cov-BCC,,,0.9325842696629213,,,,,,178
pad,17,0.15,sens-BCC,,,,,,1.0,,,178
pad,17,0.15,cov-AK,,,0.9482758620689655,,,,,,58
pad,17,0.15,sens-AK,,,,,,1.0,,,58
pad,17,0.15,cov-BKL,,,1.0,,,,,,8
pad,17,0.15,cov-SCC,,,0.48484848484848486,,,,,,33
pad,17,0.15,sens-SCC,,,,,,1.0,,,33
hiba,18,0.05,B,170.0,False,0.9735449735449735,0.9411764705882353,,1.0,1.0,5.994708994708994,189
hiba,18,0.05,M1,23.0,False,1.0,1.0,0.0,1.0,1.0,6.318181818181818,22
hiba,18,0.05,M2,217.0,False,0.992,0.9897959183673469,0.0,1.0,1.0,6.52,125
hiba,18,0.05,M3,24.0,False,1.0,1.0,0.0,1.0,1.0,6.545454545454546,11
hiba,18,0.05,cov-MEL,,,1.0,,,,,,61
hiba,18,0.05,sens-MEL,,,,,,1.0,,,61
hiba,18,0.05,cov-NV,,,1.0,,,,,,144
hiba,18,0.05,cov-BCC,,,1.0,,,,,,63
hiba,18,0.05,sens-BCC,,,,,,1.0,,,63
hiba,18,0.05,cov-AK,,,1.0,,,,,,10
hiba,18,0.05,sens-AK,,,,,,1.0,,,10
hiba,18,0.05,cov-BKL,,,1.0,,,,,,20
hiba,18,0.05,cov-DF,,,0.7333333333333333,,,,,,15
hiba,18,0.05,cov-VASC,,,0.9,,,,,,10
hiba,18,0.05,cov-SCC,,,0.9583333333333334,,,,,,24
hiba,18,0.05,sens-SCC,,,,,,1.0,,,24
hiba,18,0.1,B,170.0,False,0.9629629629629629,0.9264705882352942,,1.0,1.0,4.195767195767195,189
hiba,18,0.1,M1,23.0,False,0.9545454545454546,0.9696969696969696,0.0,1.0,1.0,4.636363636363637,22
hiba,18,0.1,M2,217.0,False,0.896,0.8959183673469387,0.0,1.0,1.0,4.28,125
hiba,18,0.1,M3,24.0,False,1.0,1.0,0.0,1.0,1.0,5.363636363636363,11
hiba,18,0.1,cov-MEL,,,0.9836065573770492,,,,,,61
hiba,18,0.1,sens-MEL,,,,,,1.0,,,61
hiba,18,0.1,cov-NV,,,1.0,,,,,,144
hiba,18,0.1,cov-BCC,,,0.9365079365079365,,,,,,63
hiba,18,0.1,sens-BCC,,,,,,1.0,,,63
hiba,18,0.1,cov-AK,,,0.7,,,,,,10
hiba,18,0.1,sens-AK,,,,,,1.0,,,10
hiba,18,0.1,cov-BKL,,,1.0,,,,,,20
hiba,18,0.1,cov-DF,,,0.6,,,,,,15
hiba,18,0.1,cov-VASC,,,0.9,,,,,,10
hiba,18,0.1,cov-SCC,,,0.75,,,,,,24
hiba,18,0.1,sens-SCC,,,,,,1.0,,,24
hiba,18,0.15,B,170.0,False,0.9417989417989417,0.8848039215686275,,1.0,1.0,3.322751322751323,189
hiba,18,0.15,M1,23.0,False,0.9545454545454546,0.9696969696969696,0.0,1.0,1.0,4.045454545454546,22
hiba,18,0.15,M2,217.0,False,0.864,0.8670068027210884,0.0,1.0,1.0,3.656,125
hiba,18,0.15,M3,24.0,False,0.9090909090909091,0.9,0.0,1.0,1.0,3.6363636363636362,11
hiba,18,0.15,cov-MEL,,,0.9836065573770492,,,,,,61
hiba,18,0.15,sens-MEL,,,,,,1.0,,,61
hiba,18,0.15,cov-NV,,,1.0,,,,,,144
hiba,18,0.15,cov-BCC,,,0.9365079365079365,,,,,,63
hiba,18,0.15,sens-BCC,,,,,,1.0,,,63
hiba,18,0.15,cov-AK,,,0.7,,,,,,10
hiba,18,0.15,sens-AK,,,,,,1.0,,,10
hiba,18,0.15,cov-BKL,,,0.95,,,,,,20
hiba,18,0.15,cov-DF,,,0.4666666666666667,,,,,,15
hiba,18,0.15,cov-VASC,,,0.8,,,,,,10
hiba,18,0.15,cov-SCC,,,0.5416666666666666,,,,,,24
hiba,18,0.15,sens-SCC,,,,,,1.0,,,24
pad,18,0.05,B,22.0,False,0.9444444444444444,0.9411764705882353,,1.0,1.0,4.055555555555555,18
pad,18,0.05,M1,31.0,False,1.0,1.0,0.0,1.0,1.0,4.0,19
pad,18,0.05,M2,154.0,False,0.9161676646706587,0.9173913043478261,0.0,1.0,1.0,3.8682634730538923,167
pad,18,0.05,M3,70.0,False,0.9871794871794872,0.98,0.0,1.0,1.0,4.1923076923076925,78
pad,18,0.05,M4,10.0,True,1.0,1.0,0.0,1.0,1.0,5.444444444444445,9
pad,18,0.05,M5,4.0,True,1.0,1.0,0.0,1.0,1.0,5.0,1
pad,18,0.05,cov-MEL,,,0.9090909090909091,,,,,,11
pad,18,0.05,sens-MEL,,,,,,1.0,,,11
pad,18,0.05,cov-NV,,,0.9090909090909091,,,,,,11
pad,18,0.05,cov-BCC,,,0.9937106918238994,,,,,,159
pad,18,0.05,sens-BCC,,,,,,1.0,,,159
pad,18,0.05,cov-AK,,,0.9253731343283582,,,,,,67
pad,18,0.05,sens-AK,,,,,,1.0,,,67
pad,18,0.05,cov-BKL,,,1.0,,,,,,7
pad,18,0.05,cov-SCC,,,0.7837837837837838,,,,,,37
pad,18,0.05,sens-SCC,,,,,,1.0,,,37
pad,18,0.1,B,22.0,False,0.7222222222222222,0.7058823529411765,,1.0,1.0,2.4444444444444446,18
pad,18,0.1,M1,31.0,False,0.8947368421052632,0.9444444444444444,0.0,1.0,1.0,2.3684210526315788,19
pad,18,0.1,M2,154.0,False,0.8562874251497006,0.8521739130434782,0.0,1.0,1.0,2.4251497005988023,167
pad,18,0.1,M3,70.0,False,0.9102564102564102,0.88,0.0,1.0,1.0,2.4871794871794872,78
pad,18,0.1,M4,10.0,False,0.7777777777777778,0.7142857142857143,0.0,1.0,1.0,2.888888888888889,9
pad,18,0.1,M5,4.0,True,1.0,1.0,0.0,1.0,1.0,4.0,1
pad,18,0.1,cov-MEL,,,0.8181818181818182,,,,,,11
pad,18,0.1,sens-MEL,,,,,,1.0,,,11
pad,18,0.1,cov-NV,,,0.7272727272727273,,,,,,11
pad,18,0.1,cov-BCC,,,0.949685534591195,,,,,,159
pad,18,0.1,sens-BCC,,,,,,1.0,,,159
pad,18,0.1,cov-AK,,,0.9104477611940298,,,,,,67
pad,18,0.1,sens-AK,,,,,,1.0,,,67
pad,18,0.1,cov-BKL,,,0.7142857142857143,,,,,,7
pad,18,0.1,cov-SCC,,,0.4864864864864865,,,,,,37
pad,18,0.1,sens-SCC,,,,,,1.0,,,37
pad,18,0.15,B,22.0,False,0.6666666666666666,0.6470588235294118,,0.8333333333333334,0.8823529411764706,1.9444444444444444,18
pad,18,0.15,M1,31.0,False,0.8947368421052632,0.9444444444444444,0.0,1.0,1.0,2.210526315789474,19
pad,18,0.15,M2,154.0,False,0.8083832335329342,0.8043478260869565,0.0,1.0,1.0,1.9880239520958083,167
pad,18,0.15,M3,70.0,False,0.8461538461538461,0.82,0.0,1.0,1.0,2.0384615384615383,78
pad,18,0.15,M4,10.0,False,0.7777777777777778,0.7142857142857143,0.0,1.0,1.0,2.888888888888889,9
pad,18,0.15,M5,4.0,True,1.0,1.0,0.0,1.0,1.0,4.0,1
pad,18,0.15,cov-MEL,,,0.7272727272727273,,,,,,11
pad,18,0.15,sens-MEL,,,,,,1.0,,,11
pad,18,0.15,cov-NV,,,0.6363636363636364,,,,,,11
pad,18,0.15,cov-BCC,,,0.8930817610062893,,,,,,159
pad,18,0.15,sens-BCC,,,,,,1.0,,,159
pad,18,0.15,cov-AK,,,0.8656716417910447,,,,,,67
pad,18,0.15,sens-AK,,,,,,1.0,,,67
pad,18,0.15,cov-BKL,,,0.7142857142857143,,,,,,7
pad,18,0.15,cov-SCC,,,0.4864864864864865,,,,,,37
pad,18,0.15,sens-SCC,,,,,,1.0,,,37
hiba,19,0.05,B,164.0,False,0.9779411764705882,0.9662162162162162,,1.0,1.0,6.044117647058823,136
hiba,19,0.05,M1,23.0,False,0.8,0.7878787878787878,0.0,1.0,1.0,5.2,15
hiba,19,0.05,M2,224.0,False,0.9739130434782609,0.9725274725274725,0.0,1.0,1.0,6.478260869565218,115
hiba,19,0.05,M3,26.0,False,1.0,1.0,0.0,1.0,1.0,6.75,8
hiba,19,0.05,cov-MEL,,,1.0,,,,,,46
hiba,19,0.05,sens-MEL,,,,,,1.0,,,46
hiba,19,0.05,cov-NV,,,1.0,,,,,,105
hiba,19,0.05,cov-BCC,,,0.95,,,,,,60
hiba,19,0.05,sens-BCC,,,,,,1.0,,,60
hiba,19,0.05,cov-AK,,,1.0,,,,,,9
hiba,19,0.05,sens-AK,,,,,,1.0,,,9
hiba,19,0.05,cov-BKL,,,1.0,,,,,,14
hiba,19,0.05,cov-DF,,,0.7272727272727273,,,,,,11
hiba,19,0.05,cov-VASC,,,1.0,,,,,,6
hiba,19,0.05,cov-SCC,,,0.8695652173913043,,,,,,23
hiba,19,0.05,sens-SCC,,,,,,1.0,,,23
hiba,19,0.1,B,164.0,False,0.9411764705882353,0.9346846846846846,,1.0,1.0,3.8823529411764706,136
hiba,19,0.1,M1,23.0,False,0.8,0.7878787878787878,0.0,1.0,1.0,4.266666666666667,15
hiba,19,0.1,M2,224.0,False,0.9130434782608695,0.9038461538461539,0.0,1.0,1.0,4.3826086956521735,115
hiba,19,0.1,M3,26.0,False,1.0,1.0,0.0,1.0,1.0,5.25,8
hiba,19,0.1,cov-MEL,,,0.9565217391304348,,,,,,46
hiba,19,0.1,sens-MEL,,,,,,1.0,,,46
hiba,19,0.1,cov-NV,,,0.9904761904761905,,,,,,105
hiba,19,0.1,cov-BCC,,,0.9333333333333333,,,,,,60
hiba,19,0.1,sens-BCC,,,,,,1.0,,,60
hiba,19,0.1,cov-AK,,,0.8888888888888888,,,,,,9
hiba,19,0.1,sens-AK,,,,,,1.0,,,9
hiba,19,0.1,cov-BKL,,,1.0,,,,,,14
hiba,19,0.1,cov-DF,,,0.5454545454545454,,,,,,11
hiba,19,0.1,cov-VASC,,,0.6666666666666666,,,,,,6
hiba,19,0.1,cov-SCC,,,0.7391304347826086,,,,,,23
hiba,19,0.1,sens-SCC,,,,,,1.0,,,23
hiba,19,0.15,B,164.0,False,0.9044117647058824,0.8840090090090089,,1.0,1.0,3.323529411764706,136
hiba,19,0.15,M1,23.0,False,0.8,0.7878787878787878,0.0,1.0,1.0,3.6666666666666665,15
hiba,19,0.15,M2,224.0,False,0.8695652173913043,0.8672161172161172,0.0,1.0,1.0,3.6869565217391305,115
hiba,19,0.15,M3,26.0,False,1.0,1.0,0.0,1.0,1.0,3.0,8
hiba,19,0.15,cov-MEL,,,0.9565217391304348,,,,,,46
hiba,19,0.15,sens-MEL,,,,,,1.0,,,46
hiba,19,0.15,cov-NV,,,0.9809523809523809,,,,,,105
hiba,19,0.15,cov-BCC,,,0.9,,,,,,60
hiba,19,0.15,sens-BCC,,,,,,1.0,,,60
hiba,19,0.15,cov-AK,,,0.7777777777777778,,,,,,9
hiba,19,0.15,sens-AK,,,,,,1.0,,,9
hiba,19,0.15,cov-BKL,,,0.9285714285714286,,,,,,14
hiba,19,0.15,cov-DF,,,0.45454545454545453,,,,,,11
hiba,19,0.15,cov-VASC,,,0.3333333333333333,,,,,,6
hiba,19,0.15,cov-SCC,,,0.6521739130434783,,,,,,23
hiba,19,0.15,sens-SCC,,,,,,1.0,,,23
pad,19,0.05,B,21.0,False,1.0,1.0,,1.0,1.0,4.454545454545454,22
pad,19,0.05,M1,22.0,False,0.9333333333333333,0.9259259259259258,0.0,1.0,1.0,4.033333333333333,30
pad,19,0.05,M2,183.0,False,0.9851851851851852,0.9903100775193799,0.0,1.0,1.0,4.266666666666667,135
pad,19,0.05,M3,69.0,False,0.9736842105263158,0.9705882352941176,0.0,1.0,1.0,4.171052631578948,76
pad,19,0.05,M4,12.0,True,1.0,1.0,0.0,1.0,1.0,5.285714285714286,7
pad,19,0.05,M5,3.0,True,1.0,1.0,0.0,1.0,1.0,5.5,2
pad,19,0.05,cov-MEL,,,0.8333333333333334,,,,,,6
pad,19,0.05,sens-MEL,,,,,,1.0,,,6
pad,19,0.05,cov-NV,,,1.0,,,,,,13
pad,19,0.05,cov-BCC,,,1.0,,,,,,153
pad,19,0.05,sens-BCC,,,,,,1.0,,,153
pad,19,0.05,cov-AK,,,0.9629629629629629,,,,,,54
pad,19,0.05,sens-AK,,,,,,1.0,,,54
pad,19,0.05,cov-BKL,,,1.0,,,,,,9
pad,19,0.05,cov-SCC,,,0.918918918918919,,,,,,37
pad,19,0.05,sens-SCC,,,,,,1.0,,,37
pad,19,0.1,B,21.0,False,0.9090909090909091,0.8888888888888888,,1.0,1.0,3.090909090909091,22
pad,19,0.1,M1,22.0,False,0.8333333333333334,0.8287037037037037,0.0,1.0,1.0,2.7333333333333334,30
pad,19,0.1,M2,183.0,False,0.9111111111111111,0.9179125138427465,0.0,1.0,1.0,2.8962962962962964,135
pad,19,0.1,M3,69.0,False,0.7631578947368421,0.7549019607843137,0.0,1.0,1.0,2.486842105263158,76
pad,19,0.1,M4,12.0,False,1.0,1.0,0.0,1.0,1.0,4.142857142857143,7
pad,19,0.1,M5,3.0,True,1.0,1.0,0.0,1.0,1.0,5.0,2
pad,19,0.1,cov-MEL,,,0.6666666666666666,,,,,,6
pad,19,0.1,sens-MEL,,,,,,1.0,,,6
pad,19,0.1,cov-NV,,,1.0,,,,,,13
pad,19,0.1,cov-BCC,,,0.9084967320261438,,,,,,153
pad,19,0.1,sens-BCC,,,,,,1.0,,,153
pad,19,0.1,cov-AK,,,0.9074074074074074,,,,,,54
pad,19,0.1,sens-AK,,,,,,1.0,,,54
pad,19,0.1,cov-BKL,,,0.7777777777777778,,,,,,9
pad,19,0.1,cov-SCC,,,0.6216216216216216,,,,,,37
pad,19,0.1,sens-SCC,,,,,,1.0,,,37
pad,19,0.15,B,21.0,False,0.8636363636363636,0.8333333333333334,,1.0,1.0,2.590909090909091,22
pad,19,0.15,M1,22.0,False,0.6666666666666666,0.6481481481481481,0.0,1.0,1.0,1.9,30
pad,19,0.15,M2,183.0,False,0.8666666666666667,0.8639258028792913,0.0,1.0,1.0,2.311111111111111,135
pad,19,0.15,M3,69.0,False,0.7631578947368421,0.7549019607843137,0.0,1.0,1.0,1.9078947368421053,76
pad,19,0.15,M4,12.0,False,1.0,1.0,0.0,1.0,1.0,3.857142857142857,7
pad,19,0.15,M5,3.0,True,1.0,1.0,0.0,1.0,1.0,4.5,2
pad,19,0.15,cov-MEL,,,0.6666666666666666,,,,,,6
pad,19,0.15,sens-MEL,,,,,,1.0,,,6
pad,19,0.15,cov-NV,,,0.9230769230769231,,,,,,13
pad,19,0.15,cov-BCC,,,0.8431372549019608,,,,,,153
pad,19,0.15,sens-BCC,,,,,,1.0,,,153
pad,19,0.15,cov-AK,,,0.9074074074074074,,,,,,54
pad,19,0.15,sens-AK,,,,,,1.0,,,54
pad,19,0.15,cov-BKL,,,0.7777777777777778,,,,,,9
pad,19,0.15,cov-SCC,,,0.5945945945945946,,,,,,37
pad,19,0.15,sens-SCC,,,,,,1.0,,,37
hiba,20,0.05,B,162.0,False,0.9739583333333334,0.9407894736842105,,1.0,1.0,6.088541666666667,192
hiba,20,0.05,M1,29.0,False,1.0,1.0,0.0,1.0,1.0,6.25,8
hiba,20,0.05,M2,216.0,False,0.976,0.9747474747474747,0.0,1.0,1.0,6.44,125
hiba,20,0.05,M3,25.0,False,1.0,1.0,0.0,1.0,1.0,6.333333333333333,9
hiba,20,0.05,cov-MEL,,,1.0,,,,,,49
hiba,20,0.05,sens-MEL,,,,,,1.0,,,49
hiba,20,0.05,cov-NV,,,1.0,,,,,,161
hiba,20,0.05,cov-BCC,,,1.0,,,,,,58
hiba,20,0.05,sens-BCC,,,,,,1.0,,,58
hiba,20,0.05,cov-AK,,,1.0,,,,,,12
hiba,20,0.05,sens-AK,,,,,,1.0,,,12
hiba,20,0.05,cov-BKL,,,1.0,,,,,,17
hiba,20,0.05,cov-DF,,,0.5,,,,,,8
hiba,20,0.05,cov-VASC,,,0.8333333333333334,,,,,,6
hiba,20,0.05,cov-SCC,,,0.8695652173913043,,,,,,23
hiba,20,0.05,sens-SCC,,,,,,1.0,,,23
hiba,20,0.1,B,162.0,False,0.953125,0.8881578947368421,,1.0,1.0,4.4375,192
hiba,20,0.1,M1,29.0,False,0.875,0.95,0.0,1.0,1.0,4.875,8
hiba,20,0.1,M2,216.0,False,0.952,0.9545454545454546,0.0,1.0,1.0,4.64,125
hiba,20,0.1,M3,25.0,False,1.0,1.0,0.0,1.0,1.0,5.111111111111111,9
hiba,20,0.1,cov-MEL,,,1.0,,,,,,49
hiba,20,0.1,sens-MEL,,,,,,1.0,,,49
hiba,20,0.1,cov-NV,,,0.9937888198757764,,,,,,161
hiba,20,0.1,cov-BCC,,,0.9655172413793104,,,,,,58
hiba,20,0.1,sens-BCC,,,,,,1.0,,,58
hiba,20,0.1,cov-AK,,,1.0,,,,,,12
hiba,20,0.1,sens-AK,,,,,,1.0,,,12
hiba,20,0.1,cov-BKL,,,1.0,,,,,,17
hiba,20,0.1,cov-DF,,,0.25,,,,,,8
hiba,20,0.1,cov-VASC,,,0.6666666666666666,,,,,,6
hiba,20,0.1,cov-SCC,,,0.782608695652174,,,,,,23
hiba,20,0.1,sens-SCC,,,,,,1.0,,,23
hiba,20,0.15,B,162.0,False,0.9427083333333334,0.8618421052631579,,1.0,1.0,3.453125,192
hiba,20,0.15,M1,29.0,False,0.875,0.95,0.0,1.0,1.0,4.0,8
hiba,20,0.15,M2,216.0,False,0.888,0.9095959595959595,0.0,1.0,1.0,3.76,125
hiba,20,0.15,M3,25.0,False,1.0,1.0,0.0,1.0,1.0,4.333333333333333,9
hiba,20,0.15,cov-MEL,,,0.9795918367346939,,,,,,49
hiba,20,0.15,sens-MEL,,,,,,1.0,,,49
hiba,20,0.15,cov-NV,,,0.9875776397515528,,,,,,161
hiba,20,0.15,cov-BCC,,,0.9310344827586207,,,,,,58
hiba,20,0.15,sens-BCC,,,,,,1.0,,,58
hiba,20,0.15,cov-AK,,,0.9166666666666666,,,,,,12
hiba,20,0.15,sens-AK,,,,,,1.0,,,12
hiba,20,0.15,cov-BKL,,,1.0,,,,,,17
hiba,20,0.15,cov-DF,,,0.25,,,,,,8
hiba,20,0.15,cov-VASC,,,0.5,,,,,,6
hiba,20,0.15,cov-SCC,,,0.6086956521739131,,,,,,23
hiba,20,0.15,sens-SCC,,,,,,1.0,,,23
pad,20,0.05,B,25.0,False,1.0,1.0,,1.0,1.0,4.166666666666667,18
pad,20,0.05,M1,27.0,False,0.92,0.8974358974358974,0.0,1.0,1.0,3.68,25
pad,20,0.05,M2,167.0,False,0.9391891891891891,0.9493464052287582,0.0,1.0,1.0,4.283783783783784,148
pad,20,0.05,M3,77.0,False,0.9846153846153847,0.9767441860465116,0.0,1.0,1.0,4.2615384615384615,65
pad,20,0.05,M4,8.0,True,1.0,1.0,0.0,1.0,1.0,5.5,10
pad,20,0.05,M5,4.0,True,1.0,1.0,0.0,1.0,1.0,6.0,1
pad,20,0.05,cov-MEL,,,0.9090909090909091,,,,,,11
pad,20,0.05,sens-MEL,,,,,,1.0,,,11
pad,20,0.05,cov-NV,,,1.0,,,,,,13
pad,20,0.05,cov-BCC,,,1.0,,,,,,152
pad,20,0.05,sens-BCC,,,,,,1.0,,,152
pad,20,0.05,cov-AK,,,0.9215686274509803,,,,,,51
pad,20,0.05,sens-AK,,,,,,1.0,,,51
pad,20,0.05,cov-BKL,,,1.0,,,,,,5
pad,20,0.05,cov-SCC,,,0.8,,,,,,35
pad,20,0.05,sens-SCC,,,,,,1.0,,,35
pad,20,0.1,B,25.0,False,1.0,1.0,,1.0,1.0,3.7777777777777777,18
pad,20,0.1,M1,27.0,False,0.88,0.8205128205128205,0.0,1.0,1.0,3.44,25
pad,20,0.1,M2,167.0,False,0.8851351351351351,0.8872549019607843,0.0,1.0,1.0,3.722972972972973,148
pad,20,0.1,M3,77.0,False,0.9230769230769231,0.8953488372093024,0.0,1.0,1.0,3.5538461538461537,65
pad,20,0.1,M4,8.0,True,1.0,1.0,0.0,1.0,1.0,5.3,10
pad,20,0.1,M5,4.0,True,1.0,1.0,0.0,1.0,1.0,6.0,1
pad,20,0.1,cov-MEL,,,0.7272727272727273,,,,,,11
pad,20,0.1,sens-MEL,,,,,,1.0,,,11
pad,20,0.1,cov-NV,,,1.0,,,,,,13
pad,20,0.1,cov-BCC,,,0.9736842105263158,,,,,,152
pad,20,0.1,sens-BCC,,,,,,1.0,,,152
pad,20,0.1,cov-AK,,,0.9019607843137255,,,,,,51
pad,20,0.1,sens-AK,,,,,,1.0,,,51
pad,20,0.1,cov-BKL,,,1.0,,,,,,5
pad,20,0.1,cov-SCC,,,0.6285714285714286,,,,,,35
pad,20,0.1,sens-SCC,,,,,,1.0,,,35
pad,20,0.15,B,25.0,False,1.0,1.0,,1.0,1.0,2.8333333333333335,18
pad,20,0.15,M1,27.0,False,0.84,0.782051282051282,0.0,1.0,1.0,2.48,25
pad,20,0.15,M2,167.0,False,0.8243243243243243,0.8341503267973855,0.0,1.0,1.0,2.77027027027027,148
pad,20,0.15,M3,77.0,False,0.8923076923076924,0.8604651162790697,0.0,1.0,1.0,2.723076923076923,65
pad,20,0.15,M4,8.0,False,0.9,0.8888888888888888,0.0,1.0,1.0,3.8,10
pad,20,0.15,M5,4.0,True,1.0,1.0,0.0,1.0,1.0,6.0,1
pad,20,0.15,cov-MEL,,,0.6363636363636364,,,,,,11
pad,20,0.15,sens-MEL,,,,,,1.0,,,11
pad,20,0.15,cov-NV,,,1.0,,,,,,13
pad,20,0.15,cov-BCC,,,0.9210526315789473,,,,,,152
pad,20,0.15,sens-BCC,,,,,,1.0,,,152
pad,20,0.15,cov-AK,,,0.8823529411764706,,,,,,51
pad,20,0.15,sens-AK,,,,,,1.0,,,51
pad,20,0.15,cov-BKL,,,1.0,,,,,,5
pad,20,0.15,cov-SCC,,,0.5428571428571428,,,,,,35
pad,20,0.15,sens-SCC,,,,,,1.0,,,35
hiba,21,0.05,B,169.0,False,0.95,0.927536231884058,,1.0,1.0,5.766666666666667,120
hiba,21,0.05,M1,24.0,False,1.0,1.0,0.0,1.0,1.0,5.9375,16
hiba,21,0.05,M2,218.0,False,0.9663865546218487,0.9587628865979382,0.0,1.0,1.0,6.142857142857143,119
hiba,21,0.05,M3,24.0,False,1.0,1.0,0.0,1.0,1.0,6.388888888888889,18
hiba,21,0.05,cov-MEL,,,1.0,,,,,,55
hiba,21,0.05,sens-MEL,,,,,,1.0,,,55
hiba,21,0.05,cov-NV,,,1.0,,,,,,85
hiba,21,0.05,cov-BCC,,,1.0,,,,,,65
hiba,21,0.05,sens-BCC,,,,,,1.0,,,65
hiba,21,0.05,cov-AK,,,1.0,,,,,,13
hiba,21,0.05,sens-AK,,,,,,1.0,,,13
hiba,21,0.05,cov-BKL,,,1.0,,,,,,15
hiba,21,0.05,cov-DF,,,0.6923076923076923,,,,,,13
hiba,21,0.05,cov-VASC,,,0.7142857142857143,,,,,,7
hiba,21,0.05,cov-SCC,,,0.8,,,,,,20
hiba,21,0.05,sens-SCC,,,,,,1.0,,,20
hiba,21,0.1,B,169.0,False,0.9,0.8816425120772946,,1.0,1.0,3.908333333333333,120
hiba,21,0.1,M1,24.0,False,0.9375,0.9666666666666666,0.0,1.0,1.0,4.5,16
hiba,21,0.1,M2,218.0,False,0.9327731092436975,0.9175257731958762,0.0,1.0,1.0,4.07563025210084,119
hiba,21,0.1,M3,24.0,False,1.0,1.0,0.0,1.0,1.0,5.0,18
hiba,21,0.1,cov-MEL,,,0.9636363636363636,,,,,,55
hiba,21,0.1,sens-MEL,,,,,,1.0,,,55
hiba,21,0.1,cov-NV,,,0.9882352941176471,,,,,,85
hiba,21,0.1,cov-BCC,,,0.9846153846153847,,,,,,65
hiba,21,0.1,sens-BCC,,,,,,1.0,,,65
hiba,21,0.1,cov-AK,,,1.0,,,,,,13
hiba,21,0.1,sens-AK,,,,,,1.0,,,13
hiba,21,0.1,cov-BKL,,,1.0,,,,,,15
hiba,21,0.1,cov-DF,,,0.46153846153846156,,,,,,13
hiba,21,0.1,cov-VASC,,,0.42857142857142855,,,,,,7
hiba,21,0.1,cov-SCC,,,0.7,,,,,,20
hiba,21,0.1,sens-SCC,,,,,,1.0,,,20
hiba,21,0.15,B,169.0,False,0.8666666666666667,0.8333333333333334,,1.0,1.0,3.375,120
hiba,21,0.15,M1,24.0,False,0.875,0.9166666666666666,0.0,1.0,1.0,3.5,16
hiba,21,0.15,M2,218.0,False,0.8571428571428571,0.8553264604810997,0.0,1.0,1.0,3.4201680672268906,119
hiba,21,0.15,M3,24.0,False,1.0,1.0,0.0,1.0,1.0,4.166666666666667,18
hiba,21,0.15,cov-MEL,,,0.9454545454545454,,,,,,55
hiba,21,0.15,sens-MEL,,,,,,1.0,,,55
hiba,21,0.15,cov-NV,,,0.9764705882352941,,,,,,85
hiba,21,0.15,cov-BCC,,,0.9230769230769231,,,,,,65
hiba,21,0.15,sens-BCC,,,,,,1.0,,,65
hiba,21,0.15,cov-AK,,,0.9230769230769231,,,,,,13
hiba,21,0.15,sens-AK,,,,,,1.0,,,13
hiba,21,0.15,cov-BKL,,,0.9333333333333333,,,,,,15
hiba,21,0.15,cov-DF,,,0.38461538461538464,,,,,,13
hiba,21,0.15,cov-VASC,,,0.2857142857142857,,,,,,7
hiba,21,0.15,cov-SCC,,,0.5,,,,,,20
hiba,21,0.15,sens-SCC,,,,,,1.0,,,20
pad,21,0.05,B,21.0,False,1.0,1.0,,1.0,1.0,4.15,20
pad,21,0.05,M1,24.0,False,1.0,1.0,0.0,1.0,1.0,4.153846153846154,26
pad,21,0.05,M2,160.0,False,0.9407894736842105,0.9574049803407602,0.0,1.0,1.0,4.118421052631579,152
pad,21,0.05,M3,72.0,False,1.0,1.0,0.0,1.0,1.0,4.366197183098592,71
pad,21,0.05,M4,9.0,True,1.0,1.0,0.0,1.0,1.0,5.5,8
pad,21,0.05,M5,3.0,True,1.0,1.0,0.0,1.0,1.0,5.333333333333333,3
pad,21,0.05,cov-MEL,,,0.9230769230769231,,,,,,13
pad,21,0.05,sens-MEL,,,,,,1.0,,,13
pad,21,0.05,cov-NV,,,1.0,,,,,,13
pad,21,0.05,cov-BCC,,,0.9873417721518988,,,,,,158
pad,21,0.05,sens-BCC,,,,,,1.0,,,158
pad,21,0.05,cov-AK,,,0.9666666666666667,,,,,,60
pad,21,0.05,sens-AK,,,,,,1.0,,,60
pad,21,0.05,cov-BKL,,,1.0,,,,,,7
pad,21,0.05,cov-SCC,,,0.8620689655172413,,,,,,29
pad,21,0.05,sens-SCC,,,,,,1.0,,,29
pad,21,0.1,B,21.0,False,1.0,1.0,,1.0,1.0,3.4,20
pad,21,0.1,M1,24.0,False,0.7307692307692307,0.6875,0.0,1.0,1.0,3.076923076923077,26
pad,21,0.1,M2,160.0,False,0.875,0.8794233289646134,0.0,1.0,1.0,3.4934210526315788,152
pad,21,0.1,M3,72.0,False,0.9436619718309859,0.9270833333333334,0.0,1.0,1.0,3.5211267605633805,71
pad,21,0.1,M4,9.0,False,1.0,1.0,0.0,1.0,1.0,5.0,8
pad,21,0.1,M5,3.0,True,1.0,1.0,0.0,1.0,1.0,5.333333333333333,3
pad,21,0.1,cov-MEL,,,0.8461538461538461,,,,,,13
pad,21,0.1,sens-MEL,,,,,,1.0,,,13
pad,21,0.1,cov-NV,,,1.0,,,,,,13
pad,21,0.1,cov-BCC,,,0.9050632911392406,,,,,,158
pad,21,0.1,sens-BCC,,,,,,1.0,,,158
pad,21,0.1,cov-AK,,,0.9166666666666666,,,,,,60
pad,21,0.1,sens-AK,,,,,,1.0,,,60
pad,21,0.1,cov-BKL,,,1.0,,,,,,7
pad,21,0.1,cov-SCC,,,0.7241379310344828,,,,,,29
pad,21,0.1,sens-SCC,,,,,,1.0,,,29
pad,21,0.15,B,21.0,False,0.9,0.8888888888888888,,1.0,1.0,2.7,20
pad,21,0.15,M1,24.0,False,0.7307692307692307,0.6875,0.0,1.0,1.0,2.0384615384615383,26
pad,21,0.15,M2,160.0,False,0.8157894736842105,0.8286369593709043,0.0,1.0,1.0,2.2960526315789473,152
pad,21,0.15,M3,72.0,False,0.8873239436619719,0.873263888888889,0.0,1.0,1.0,2.492957746478873,71
pad,21,0.15,M4,9.0,False,1.0,1.0,0.0,1.0,1.0,4.375,8
pad,21,0.15,M5,3.0,True,1.0,1.0,0.0,1.0,1.0,4.666666666666667,3
pad,21,0.15,cov-MEL,,,0.6923076923076923,,,,,,13
pad,21,0.15,sens-MEL,,,,,,1.0,,,13
pad,21,0.15,cov-NV,,,0.9230769230769231,,,,,,13
pad,21,0.15,cov-BCC,,,0.8607594936708861,,,,,,158
pad,21,0.15,sens-BCC,,,,,,1.0,,,158
pad,21,0.15,cov-AK,,,0.9,,,,,,60
pad,21,0.15,sens-AK,,,,,,1.0,,,60
pad,21,0.15,cov-BKL,,,0.8571428571428571,,,,,,7
pad,21,0.15,cov-SCC,,,0.6206896551724138,,,,,,29
pad,21,0.15,sens-SCC,,,,,,1.0,,,29
hiba,22,0.05,B,161.0,False,0.9891304347826086,0.9837662337662337,,1.0,1.0,6.021739130434782,184
hiba,22,0.05,M1,23.0,False,1.0,1.0,0.0,1.0,1.0,6.35,20
hiba,22,0.05,M2,228.0,False,0.9292035398230089,0.9454022988505747,0.0,1.0,1.0,6.433628318584071,113
hiba,22,0.05,M3,22.0,False,1.0,1.0,0.0,1.0,1.0,6.722222222222222,18
hiba,22,0.05,cov-MEL,,,0.9795918367346939,,,,,,49
hiba,22,0.05,sens-MEL,,,,,,1.0,,,49
hiba,22,0.05,cov-NV,,,1.0,,,,,,153
hiba,22,0.05,cov-BCC,,,1.0,,,,,,69
hiba,22,0.05,sens-BCC,,,,,,1.0,,,69
hiba,22,0.05,cov-AK,,,0.7777777777777778,,,,,,18
hiba,22,0.05,sens-AK,,,,,,1.0,,,18
hiba,22,0.05,cov-BKL,,,1.0,,,,,,11
hiba,22,0.05,cov-DF,,,0.8333333333333334,,,,,,6
hiba,22,0.05,cov-VASC,,,0.9285714285714286,,,,,,14
hiba,22,0.05,cov-SCC,,,0.8,,,,,,15
hiba,22,0.05,sens-SCC,,,,,,1.0,,,15
hiba,22,0.1,B,161.0,False,0.9456521739130435,0.9123376623376623,,1.0,1.0,3.9184782608695654,184
hiba,22,0.1,M1,23.0,False,0.95,0.9696969696969696,0.0,1.0,1.0,4.65,20
hiba,22,0.1,M2,228.0,False,0.8849557522123894,0.9080459770114943,0.0,1.0,1.0,4.283185840707965,113
hiba,22,0.1,M3,22.0,False,1.0,1.0,0.0,1.0,1.0,5.222222222222222,18
hiba,22,0.1,cov-MEL,,,0.9591836734693877,,,,,,49
hiba,22,0.1,sens-MEL,,,,,,1.0,,,49
hiba,22,0.1,cov-NV,,,0.9934640522875817,,,,,,153
hiba,22,0.1,cov-BCC,,,0.9565217391304348,,,,,,69
hiba,22,0.1,sens-BCC,,,,,,1.0,,,69
hiba,22,0.1,cov-AK,,,0.7222222222222222,,,,,,18
hiba,22,0.1,sens-AK,,,,,,1.0,,,18
hiba,22,0.1,cov-BKL,,,1.0,,,,,,11
hiba,22,0.1,cov-DF,,,0.3333333333333333,,,,,,6
hiba,22,0.1,cov-VASC,,,0.6428571428571429,,,,,,14
hiba,22,0.1,cov-SCC,,,0.7333333333333333,,,,,,15
hiba,22,0.1,sens-SCC,,,,,,1.0,,,15
hiba,22,0.15,B,161.0,False,0.9239130434782609,0.8766233766233766,,1.0,1.0,3.4402173913043477,184
hiba,22,0.15,M1,23.0,False,0.9,0.9469696969696969,0.0,1.0,1.0,3.7,20
hiba,22,0.15,M2,228.0,False,0.8672566371681416,0.8994252873563219,0.0,1.0,1.0,3.769911504424779,113
hiba,22,0.15,M3,22.0,False,1.0,1.0,0.0,1.0,1.0,4.222222222222222,18
hiba,22,0.15,cov-MEL,,,0.9591836734693877,,,,,,49
hiba,22,0.15,sens-MEL,,,,,,1.0,,,49
hiba,22,0.15,cov-NV,,,0.9869281045751634,,,,,,153
hiba,22,0.15,cov-BCC,,,0.927536231884058,,,,,,69
hiba,22,0.15,sens-BCC,,,,,,1.0,,,69
hiba,22,0.15,cov-AK,,,0.7222222222222222,,,,,,18
hiba,22,0.15,sens-AK,,,,,,1.0,,,18
hiba,22,0.15,cov-BKL,,,1.0,,,,,,11
hiba,22,0.15,cov-DF,,,0.3333333333333333,,,,,,6
hiba,22,0.15,cov-VASC,,,0.42857142857142855,,,,,,14
hiba,22,0.15,cov-SCC,,,0.6666666666666666,,,,,,15
hiba,22,0.15,sens-SCC,,,,,,1.0,,,15
pad,22,0.05,B,24.0,False,1.0,1.0,,1.0,1.0,4.277777777777778,18
pad,22,0.05,M1,25.0,False,1.0,1.0,0.0,1.0,1.0,4.45,20
pad,22,0.05,M2,160.0,False,0.922077922077922,0.9421144604630844,0.0,1.0,1.0,4.1103896103896105,154
pad,22,0.05,M3,69.0,False,0.961038961038961,0.9509803921568627,0.0,1.0,1.0,4.077922077922078,77
pad,22,0.05,M4,10.0,True,1.0,1.0,0.0,1.0,1.0,5.444444444444445,9
pad,22,0.05,M5,2.0,True,1.0,1.0,0.0,1.0,1.0,5.333333333333333,3
pad,22,0.05,cov-MEL,,,0.8888888888888888,,,,,,9
pad,22,0.05,sens-MEL,,,,,,1.0,,,9
pad,22,0.05,cov-NV,,,1.0,,,,,,12
pad,22,0.05,cov-BCC,,,0.9879518072289156,,,,,,166
pad,22,0.05,sens-BCC,,,,,,1.0,,,166
pad,22,0.05,cov-AK,,,0.9183673469387755,,,,,,49
pad,22,0.05,sens-AK,,,,,,1.0,,,49
pad,22,0.05,cov-BKL,,,1.0,,,,,,6
pad,22,0.05,cov-SCC,,,0.7948717948717948,,,,,,39
pad,22,0.05,sens-SCC,,,,,,1.0,,,39
pad,22,0.1,B,24.0,False,1.0,1.0,,1.0,1.0,3.8333333333333335,18
pad,22,0.1,M1,25.0,False,1.0,1.0,0.0,1.0,1.0,4.0,20
pad,22,0.1,M2,160.0,False,0.8766233766233766,0.8916557448667541,0.0,1.0,1.0,3.5844155844155843,154
pad,22,0.1,M3,69.0,False,0.948051948051948,0.9313725490196079,0.0,1.0,1.0,3.5454545454545454,77
pad,22,0.1,M4,10.0,False,1.0,1.0,0.0,1.0,1.0,4.888888888888889,9
pad,22,0.1,M5,2.0,True,1.0,1.0,0.0,1.0,1.0,5.333333333333333,3
pad,22,0.1,cov-MEL,,,0.8888888888888888,,,,,,9
pad,22,0.1,sens-MEL,,,,,,1.0,,,9
pad,22,0.1,cov-NV,,,1.0,,,,,,12
pad,22,0.1,cov-BCC,,,0.963855421686747,,,,,,166
pad,22,0.1,sens-BCC,,,,,,1.0,,,166
pad,22,0.1,cov-AK,,,0.9183673469387755,,,,,,49
pad,22,0.1,sens-AK,,,,,,1.0,,,49
pad,22,0.1,cov-BKL,,,1.0,,,,,,6
pad,22,0.1,cov-SCC,,,0.6923076923076923,,,,,,39
pad,22,0.1,sens-SCC,,,,,,1.0,,,39
pad,22,0.15,B,24.0,False,1.0,1.0,,1.0,1.0,3.3333333333333335,18
pad,22,0.15,M1,25.0,False,1.0,1.0,0.0,1.0,1.0,3.0,20
pad,22,0.15,M2,160.0,False,0.7857142857142857,0.807994757536042,0.0,1.0,1.0,2.5194805194805197,154
pad,22,0.15,M3,69.0,False,0.8961038961038961,0.8758169934640524,0.0,1.0,1.0,2.6623376623376624,77
pad,22,0.15,M4,10.0,False,1.0,1.0,0.0,1.0,1.0,4.111111111111111,9
pad,22,0.15,M5,2.0,True,1.0,1.0,0.0,1.0,1.0,5.0,3
pad,22,0.15,cov-MEL,,,0.6666666666666666,,,,,,9
pad,22,0.15,sens-MEL,,,,,,1.0,,,9
pad,22,0.15,cov-NV,,,1.0,,,,,,12
pad,22,0.15,cov-BCC,,,0.9036144578313253,,,,,,166
pad,22,0.15,sens-BCC,,,,,,1.0,,,166
pad,22,0.15,cov-AK,,,0.8775510204081632,,,,,,49
pad,22,0.15,sens-AK,,,,,,1.0,,,49
pad,22,0.15,cov-BKL,,,1.0,,,,,,6
pad,22,0.15,cov-SCC,,,0.5897435897435898,,,,,,39
pad,22,0.15,sens-SCC,,,,,,1.0,,,39
hiba,23,0.05,B,161.0,False,0.9854014598540146,0.974025974025974,,1.0,1.0,6.160583941605839,137
hiba,23,0.05,M1,25.0,False,1.0,1.0,0.0,1.0,1.0,6.631578947368421,19
hiba,23,0.05,M2,223.0,False,0.9553571428571429,0.9510869565217391,0.0,1.0,1.0,6.4375,112
hiba,23,0.05,M3,27.0,False,1.0,1.0,0.0,1.0,1.0,6.375,8
hiba,23,0.05,cov-MEL,,,1.0,,,,,,46
hiba,23,0.05,sens-MEL,,,,,,1.0,,,46
hiba,23,0.05,cov-NV,,,1.0,,,,,,102
hiba,23,0.05,cov-BCC,,,1.0,,,,,,56
hiba,23,0.05,sens-BCC,,,,,,1.0,,,56
hiba,23,0.05,cov-AK,,,0.9333333333333333,,,,,,15
hiba,23,0.05,sens-AK,,,,,,1.0,,,15
hiba,23,0.05,cov-BKL,,,1.0,,,,,,21
hiba,23,0.05,cov-DF,,,0.8888888888888888,,,,,,9
hiba,23,0.05,cov-VASC,,,0.8,,,,,,5
hiba,23,0.05,cov-SCC,,,0.8181818181818182,,,,,,22
hiba,23,0.05,sens-SCC,,,,,,1.0,,,22
hiba,23,0.1,B,161.0,False,0.948905109489051,0.9372294372294373,,1.0,1.0,4.0510948905109485,137
hiba,23,0.1,M1,25.0,False,1.0,1.0,0.0,1.0,1.0,4.578947368421052,19
hiba,23,0.1,M2,223.0,False,0.8928571428571429,0.8972826086956521,0.0,1.0,1.0,4.392857142857143,112
hiba,23,0.1,M3,27.0,False,1.0,1.0,0.0,1.0,1.0,5.25,8
hiba,23,0.1,cov-MEL,,,0.9782608695652174,,,,,,46
hiba,23,0.1,sens-MEL,,,,,,1.0,,,46
hiba,23,0.1,cov-NV,,,0.9901960784313726,,,,,,102
hiba,23,0.1,cov-BCC,,,1.0,,,,,,56
hiba,23,0.1,sens-BCC,,,,,,1.0,,,56
hiba,23,0.1,cov-AK,,,0.8666666666666667,,,,,,15
hiba,23,0.1,sens-AK,,,,,,1.0,,,15
hiba,23,0.1,cov-BKL,,,1.0,,,,,,21
hiba,23,0.1,cov-DF,,,0.4444444444444444,,,,,,9
hiba,23,0.1,cov-VASC,,,0.8,,,,,,5
hiba,23,0.1,cov-SCC,,,0.5909090909090909,,,,,,22
hiba,23,0.1,sens-SCC,,,,,,1.0,,,22
hiba,23,0.15,B,161.0,False,0.9124087591240876,0.8787878787878789,,1.0,1.0,3.3503649635036497,137
hiba,23,0.15,M1,25.0,False,1.0,1.0,0.0,1.0,1.0,4.105263157894737,19
hiba,23,0.15,M2,223.0,False,0.8303571428571429,0.8429347826086956,0.0,1.0,1.0,3.7232142857142856,112
hiba,23,0.15,M3,27.0,False,0.875,0.8571428571428571,0.0,1.0,1.0,3.25,8
hiba,23,0.15,cov-MEL,,,0.9565217391304348,,,,,,46
hiba,23,0.15,sens-MEL,,,,,,1.0,,,46
hiba,23,0.15,cov-NV,,,0.9803921568627451,,,,,,102
hiba,23,0.15,cov-BCC,,,0.9464285714285714,,,,,,56
hiba,23,0.15,sens-BCC,,,,,,1.0,,,56
hiba,23,0.15,cov-AK,,,0.8,,,,,,15
hiba,23,0.15,sens-AK,,,,,,1.0,,,15
hiba,23,0.15,cov-BKL,,,1.0,,,,,,21
hiba,23,0.15,cov-DF,,,0.1111111111111111,,,,,,9
hiba,23,0.15,cov-VASC,,,0.6,,,,,,5
hiba,23,0.15,cov-SCC,,,0.45454545454545453,,,,,,22
hiba,23,0.15,sens-SCC,,,,,,1.0,,,22
pad,23,0.05,B,27.0,False,1.0,1.0,,1.0,1.0,4.384615384615385,13
pad,23,0.05,M1,24.0,False,1.0,1.0,0.0,1.0,1.0,4.0,26
pad,23,0.05,M2,150.0,False,0.9041916167664671,0.9147659063625451,0.0,1.0,1.0,3.784431137724551,167
pad,23,0.05,M3,71.0,False,0.984375,0.9795918367346939,0.0,1.0,1.0,4.265625,64
pad,23,0.05,M4,11.0,True,1.0,1.0,0.0,1.0,1.0,5.375,8
pad,23,0.05,M5,2.0,True,1.0,1.0,0.0,1.0,1.0,5.666666666666667,3
pad,23,0.05,cov-MEL,,,1.0,,,,,,11
pad,23,0.05,sens-MEL,,,,,,1.0,,,11
pad,23,0.05,cov-NV,,,1.0,,,,,,8
pad,23,0.05,cov-BCC,,,0.9880952380952381,,,,,,168
pad,23,0.05,sens-BCC,,,,,,1.0,,,168
pad,23,0.05,cov-AK,,,0.9444444444444444,,,,,,54
pad,23,0.05,sens-AK,,,,,,1.0,,,54
pad,23,0.05,cov-BKL,,,1.0,,,,,,5
pad,23,0.05,cov-SCC,,,0.6571428571428571,,,,,,35
pad,23,0.05,sens-SCC,,,,,,1.0,,,35
pad,23,0.1,B,27.0,False,0.9230769230769231,0.9166666666666666,,1.0,1.0,3.230769230769231,13
pad,23,0.1,M1,24.0,False,0.8461538461538461,0.875,0.0,1.0,1.0,2.8076923076923075,26
pad,23,0.1,M2,150.0,False,0.874251497005988,0.8874549819927972,0.0,1.0,1.0,2.8862275449101795,167
pad,23,0.1,M3,71.0,False,0.9375,0.9387755102040817,0.0,1.0,1.0,3.15625,64
pad,23,0.1,M4,11.0,False,1.0,1.0,0.0,1.0,1.0,4.5,8
pad,23,0.1,M5,2.0,True,1.0,1.0,0.0,1.0,1.0,5.666666666666667,3
pad,23,0.1,cov-MEL,,,0.8181818181818182,,,,,,11
pad,23,0.1,sens-MEL,,,,,,1.0,,,11
pad,23,0.1,cov-NV,,,1.0,,,,,,8
pad,23,0.1,cov-BCC,,,0.9523809523809523,,,,,,168
pad,23,0.1,sens-BCC,,,,,,1.0,,,168
pad,23,0.1,cov-AK,,,0.9444444444444444,,,,,,54
pad,23,0.1,sens-AK,,,,,,1.0,,,54
pad,23,0.1,cov-BKL,,,0.8,,,,,,5
pad,23,0.1,cov-SCC,,,0.5428571428571428,,,,,,35
pad,23,0.1,sens-SCC,,,,,,1.0,,,35
pad,23,0.15,B,27.0,False,0.7692307692307693,0.75,,1.0,1.0,2.4615384615384617,13
pad,23,0.15,M1,24.0,False,0.8461538461538461,0.875,0.0,1.0,1.0,2.076923076923077,26
pad,23,0.15,M2,150.0,False,0.8383233532934131,0.8526410564225689,0.0,1.0,1.0,2.215568862275449,167
pad,23,0.15,M3,71.0,False,0.828125,0.8214285714285714,0.0,1.0,1.0,2.046875,64
pad,23,0.15,M4,11.0,False,1.0,1.0,0.0,1.0,1.0,3.875,8
pad,23,0.15,M5,2.0,True,1.0,1.0,0.0,1.0,1.0,4.666666666666667,3
pad,23,0.15,cov-MEL,,,0.8181818181818182,,,,,,11
pad,23,0.15,sens-MEL,,,,,,1.0,,,11
pad,23,0.15,cov-NV,,,0.875,,,,,,8
pad,23,0.15,cov-BCC,,,0.8928571428571429,,,,,,168
pad,23,0.15,sens-BCC,,,,,,1.0,,,168
pad,23,0.15,cov-AK,,,0.9259259259259259,,,,,,54
pad,23,0.15,sens-AK,,,,,,1.0,,,54
pad,23,0.15,cov-BKL,,,0.6,,,,,,5
pad,23,0.15,cov-SCC,,,0.4857142857142857,,,,,,35
pad,23,0.15,sens-SCC,,,,,,1.0,,,35
hiba,24,0.05,B,163.0,False,0.9404761904761905,0.9033333333333333,,1.0,1.0,4.946428571428571,168
hiba,24,0.05,M1,25.0,False,0.9166666666666666,0.8888888888888888,0.0,1.0,1.0,5.166666666666667,12
hiba,24,0.05,M2,226.0,False,0.8660714285714286,0.8707865168539326,0.0,1.0,1.0,5.330357142857143,112
hiba,24,0.05,M3,24.0,False,0.9090909090909091,0.9,0.0,1.0,1.0,5.363636363636363,11
hiba,24,0.05,cov-MEL,,,0.9487179487179487,,,,,,39
hiba,24,0.05,sens-MEL,,,,,,1.0,,,39
hiba,24,0.05,cov-NV,,,1.0,,,,,,134
hiba,24,0.05,cov-BCC,,,0.9444444444444444,,,,,,54
hiba,24,0.05,sens-BCC,,,,,,1.0,,,54
hiba,24,0.05,cov-AK,,,0.5384615384615384,,,,,,13
hiba,24,0.05,sens-AK,,,,,,1.0,,,13
hiba,24,0.05,cov-BKL,,,1.0,,,,,,13
hiba,24,0.05,cov-DF,,,0.3333333333333333,,,,,,9
hiba,24,0.05,cov-VASC,,,0.6666666666666666,,,,,,12
hiba,24,0.05,cov-SCC,,,0.7931034482758621,,,,,,29
hiba,24,0.05,sens-SCC,,,,,,1.0,,,29
hiba,24,0.1,B,163.0,False,0.9107142857142857,0.8466666666666667,,1.0,1.0,3.511904761904762,168
hiba,24,0.1,M1,25.0,False,0.9166666666666666,0.8888888888888888,0.0,1.0,1.0,4.0,12
hiba,24,0.1,M2,226.0,False,0.8482142857142857,0.848314606741573,0.0,1.0,1.0,3.9910714285714284,112
hiba,24,0.1,M3,24.0,False,0.8181818181818182,0.8,0.0,1.0,1.0,3.4545454545454546,11
hiba,24,0.1,cov-MEL,,,0.9487179487179487,,,,,,39
hiba,24,0.1,sens-MEL,,,,,,1.0,,,39
hiba,24,0.1,cov-NV,,,0.9850746268656716,,,,,,134
hiba,24,0.1,cov-BCC,,,0.9259259259259259,,,,,,54
hiba,24,0.1,sens-BCC,,,,,,1.0,,,54
hiba,24,0.1,cov-AK,,,0.5384615384615384,,,,,,13
hiba,24,0.1,sens-AK,,,,,,1.0,,,13
hiba,24,0.1,cov-BKL,,,1.0,,,,,,13
hiba,24,0.1,cov-DF,,,0.1111111111111111,,,,,,9
hiba,24,0.1,cov-VASC,,,0.5833333333333334,,,,,,12
hiba,24,0.1,cov-SCC,,,0.7241379310344828,,,,,,29
hiba,24,0.1,sens-SCC,,,,,,1.0,,,29
hiba,24,0.15,B,163.0,False,0.8869047619047619,0.808888888888889,,0.9940476190476191,0.9994871794871794,3.113095238095238,168
hiba,24,0.15,M1,25.0,False,0.9166666666666666,0.8888888888888888,0.0,1.0,1.0,3.6666666666666665,12
hiba,24,0.15,M2,226.0,False,0.7946428571428571,0.7921348314606742,0.0,1.0,1.0,3.517857142857143,112
hiba,24,0.15,M3,24.0,False,0.7272727272727273,0.75,0.0,1.0,1.0,2.8181818181818183,11
hiba,24,0.15,cov-MEL,,,0.8974358974358975,,,,,,39
hiba,24,0.15,sens-MEL,,,,,,1.0,,,39
hiba,24,0.15,cov-NV,,,0.9776119402985075,,,,,,134
hiba,24,0.15,cov-BCC,,,0.9074074074074074,,,,,,54
hiba,24,0.15,sens-BCC,,,,,,1.0,,,54
hiba,24,0.15,cov-AK,,,0.5384615384615384,,,,,,13
hiba,24,0.15,sens-AK,,,,,,1.0,,,13
hiba,24,0.15,cov-BKL,,,0.9230769230769231,,,,,,13
hiba,24,0.15,cov-DF,,,0.1111111111111111,,,,,,9
hiba,24,0.15,cov-VASC,,,0.4166666666666667,,,,,,12
hiba,24,0.15,cov-SCC,,,0.5862068965517241,,,,,,29
hiba,24,0.15,sens-SCC,,,,,,1.0,,,29
pad,24,0.05,B,28.0,False,0.9166666666666666,0.9090909090909091,,1.0,1.0,4.083333333333333,12
pad,24,0.05,M1,22.0,False,0.9642857142857143,0.9444444444444444,0.0,1.0,1.0,4.107142857142857,28
pad,24,0.05,M2,149.0,False,0.9510869565217391,0.9557539682539684,0.0,1.0,1.0,4.141304347826087,184
pad,24,0.05,M3,76.0,False,0.9836065573770492,0.9772727272727273,0.0,1.0,1.0,4.081967213114754,61
pad,24,0.05,M4,12.0,True,1.0,1.0,0.0,1.0,1.0,5.8,5
pad,24,0.05,M5,2.0,True,1.0,1.0,0.0,1.0,1.0,5.0,4
pad,24,0.05,cov-MEL,,,0.9,,,,,,10
pad,24,0.05,sens-MEL,,,,,,1.0,,,10
pad,24,0.05,cov-NV,,,0.8888888888888888,,,,,,9
pad,24,0.05,cov-BCC,,,0.9881656804733728,,,,,,169
pad,24,0.05,sens-BCC,,,,,,1.0,,,169
pad,24,0.05,cov-AK,,,0.9552238805970149,,,,,,67
pad,24,0.05,sens-AK,,,,,,1.0,,,67
pad,24,0.05,cov-BKL,,,1.0,,,,,,3
pad,24,0.05,cov-SCC,,,0.8611111111111112,,,,,,36
pad,24,0.05,sens-SCC,,,,,,1.0,,,36
pad,24,0.1,B,28.0,False,0.75,0.7272727272727273,,1.0,1.0,2.75,12
pad,24,0.1,M1,22.0,False,0.8928571428571429,0.9027777777777778,0.0,1.0,1.0,2.6785714285714284,28
pad,24,0.1,M2,149.0,False,0.8858695652173914,0.8863095238095239,0.0,1.0,1.0,2.630434782608696,184
pad,24,0.1,M3,76.0,False,0.9180327868852459,0.8977272727272727,0.0,1.0,1.0,2.622950819672131,61
pad,24,0.1,M4,12.0,False,1.0,1.0,0.0,1.0,1.0,4.0,5
pad,24,0.1,M5,2.0,True,1.0,1.0,0.0,1.0,1.0,4.0,4
pad,24,0.1,cov-MEL,,,0.9,,,,,,10
pad,24,0.1,sens-MEL,,,,,,1.0,,,10
pad,24,0.1,cov-NV,,,0.7777777777777778,,,,,,9
pad,24,0.1,cov-BCC,,,0.9408284023668639,,,,,,169
pad,24,0.1,sens-BCC,,,,,,1.0,,,169
pad,24,0.1,cov-AK,,,0.9402985074626866,,,,,,67
pad,24,0.1,sens-AK,,,,,,1.0,,,67
pad,24,0.1,cov-BKL,,,0.6666666666666666,,,,,,3
pad,24,0.1,cov-SCC,,,0.6111111111111112,,,,,,36
pad,24,0.1,sens-SCC,,,,,,1.0,,,36
pad,24,0.15,B,28.0,False,0.5,0.45454545454545453,,1.0,1.0,2.25,12
pad,24,0.15,M1,22.0,False,0.7857142857142857,0.7638888888888888,0.0,1.0,1.0,2.142857142857143,28
pad,24,0.15,M2,149.0,False,0.8641304347826086,0.8740079365079365,0.0,1.0,1.0,2.358695652173913,184
pad,24,0.15,M3,76.0,False,0.9016393442622951,0.8863636363636364,0.01639344262295082,0.9836065573770492,0.9772727272727273,2.081967213114754,61
pad,24,0.15,M4,12.0,False,1.0,1.0,0.0,1.0,1.0,3.8,5
pad,24,0.15,M5,2.0,True,1.0,1.0,0.0,1.0,1.0,4.0,4
pad,24,0.15,cov-MEL,,,0.9,,,,,,10
pad,24,0.15,sens-MEL,,,,,,1.0,,,10
pad,24,0.15,cov-NV,,,0.5555555555555556,,,,,,9
pad,24,0.15,cov-BCC,,,0.9112426035502958,,,,,,169
pad,24,0.15,sens-BCC,,,,,,1.0,,,169
pad,24,0.15,cov-AK,,,0.9253731343283582,,,,,,67
pad,24,0.15,sens-AK,,,,,,0.9850746268656716,,,67
pad,24,0.15,cov-BKL,,,0.3333333333333333,,,,,,3
pad,24,0.15,cov-SCC,,,0.5555555555555556,,,,,,36
pad,24,0.15,sens-SCC,,,,,,1.0,,,36
hiba,25,0.05,B,162.0,False,0.9841269841269841,0.9605263157894737,,1.0,1.0,6.164021164021164,189
hiba,25,0.05,M1,25.0,False,1.0,1.0,0.0,1.0,1.0,6.0,14
hiba,25,0.05,M2,224.0,False,0.9818181818181818,0.9835164835164835,0.0,1.0,1.0,6.6,110
hiba,25,0.05,M3,26.0,False,0.8888888888888888,0.875,0.0,1.0,1.0,6.222222222222222,9
hiba,25,0.05,cov-MEL,,,1.0,,,,,,46
hiba,25,0.05,sens-MEL,,,,,,1.0,,,46
hiba,25,0.05,cov-NV,,,1.0,,,,,,144
hiba,25,0.05,cov-BCC,,,0.9827586206896551,,,,,,58
hiba,25,0.05,sens-BCC,,,,,,1.0,,,58
hiba,25,0.05,cov-AK,,,0.8571428571428571,,,,,,7
hiba,25,0.05,sens-AK,,,,,,1.0,,,7
hiba,25,0.05,cov-BKL,,,1.0,,,,,,28
hiba,25,0.05,cov-DF,,,0.625,,,,,,8
hiba,25,0.05,cov-VASC,,,1.0,,,,,,9
hiba,25,0.05,cov-SCC,,,0.9545454545454546,,,,,,22
hiba,25,0.05,sens-SCC,,,,,,1.0,,,22
hiba,25,0.1,B,162.0,False,0.9629629629629629,0.9364035087719297,,1.0,1.0,3.894179894179894,189
hiba,25,0.1,M1,25.0,False,1.0,1.0,0.0,1.0,1.0,4.928571428571429,14
hiba,25,0.1,M2,224.0,False,0.9181818181818182,0.9120879120879121,0.0,1.0,1.0,4.427272727272728,110
hiba,25,0.1,M3,26.0,False,0.7777777777777778,0.75,0.0,1.0,1.0,3.6666666666666665,9
hiba,25,0.1,cov-MEL,,,0.9347826086956522,,,,,,46
hiba,25,0.1,sens-MEL,,,,,,1.0,,,46
hiba,25,0.1,cov-NV,,,1.0,,,,,,144
hiba,25,0.1,cov-BCC,,,0.9655172413793104,,,,,,58
hiba,25,0.1,sens-BCC,,,,,,1.0,,,58
hiba,25,0.1,cov-AK,,,0.5714285714285714,,,,,,7
hiba,25,0.1,sens-AK,,,,,,1.0,,,7
hiba,25,0.1,cov-BKL,,,1.0,,,,,,28
hiba,25,0.1,cov-DF,,,0.5,,,,,,8
hiba,25,0.1,cov-VASC,,,0.6666666666666666,,,,,,9
hiba,25,0.1,cov-SCC,,,0.8636363636363636,,,,,,22
hiba,25,0.1,sens-SCC,,,,,,1.0,,,22
hiba,25,0.15,B,162.0,False,0.9629629629629629,0.9364035087719297,,0.9947089947089947,0.9992690058479532,3.365079365079365,189
hiba,25,0.15,M1,25.0,False,1.0,1.0,0.0,1.0,1.0,4.214285714285714,14
hiba,25,0.15,M2,224.0,False,0.8818181818181818,0.880952380952381,0.0,1.0,1.0,3.790909090909091,110
hiba,25,0.15,M3,26.0,False,0.6666666666666666,0.6875,0.0,1.0,1.0,2.7777777777777777,9
hiba,25,0.15,cov-MEL,,,0.8913043478260869,,,,,,46
hiba,25,0.15,sens-MEL,,,,,,1.0,,,46
hiba,25,0.15,cov-NV,,,1.0,,,,,,144
hiba,25,0.15,cov-BCC,,,0.9310344827586207,,,,,,58
hiba,25,0.15,sens-BCC,,,,,,1.0,,,58
hiba,25,0.15,cov-AK,,,0.5714285714285714,,,,,,7
hiba,25,0.15,sens-AK,,,,,,1.0,,,7
hiba,25,0.15,cov-BKL,,,1.0,,,,,,28
hiba,25,0.15,cov-DF,,,0.5,,,,,,8
hiba,25,0.15,cov-VASC,,,0.6666666666666666,,,,,,9
hiba,25,0.15,cov-SCC,,,0.8181818181818182,,,,,,22
hiba,25,0.15,sens-SCC,,,,,,1.0,,,22
pad,25,0.05,B,27.0,False,1.0,1.0,,1.0,1.0,4.6923076923076925,13
pad,25,0.05,M1,26.0,False,0.8947368421052632,0.8928571428571429,0.0,1.0,1.0,3.5789473684210527,19
pad,25,0.05,M2,168.0,False,0.9722222222222222,0.9702970297029703,0.0,1.0,1.0,4.340277777777778,144
pad,25,0.05,M3,65.0,False,1.0,1.0,0.0,1.0,1.0,4.405063291139241,79
pad,25,0.05,M4,10.0,True,1.0,1.0,0.0,1.0,1.0,5.571428571428571,7
pad,25,0.05,M5,2.0,True,1.0,1.0,0.0,1.0,1.0,5.0,4
pad,25,0.05,cov-MEL,,,1.0,,,,,,8
pad,25,0.05,sens-MEL,,,,,,1.0,,,8
pad,25,0.05,cov-NV,,,1.0,,,,,,7
pad,25,0.05,cov-BCC,,,1.0,,,,,,154
pad,25,0.05,sens-BCC,,,,,,1.0,,,154
pad,25,0.05,cov-AK,,,0.9583333333333334,,,,,,48
pad,25,0.05,sens-AK,,,,,,1.0,,,48
pad,25,0.05,cov-BKL,,,1.0,,,,,,6
pad,25,0.05,cov-SCC,,,0.9069767441860465,,,,,,43
pad,25,0.05,sens-SCC,,,,,,1.0,,,43
pad,25,0.1,B,27.0,False,1.0,1.0,,1.0,1.0,3.769230769230769,13
pad,25,0.1,M1,26.0,False,0.8947368421052632,0.8928571428571429,0.0,1.0,1.0,3.4210526315789473,19
pad,25,0.1,M2,168.0,False,0.8888888888888888,0.8853135313531352,0.0,1.0,1.0,3.638888888888889,144
pad,25,0.1,M3,65.0,False,0.9367088607594937,0.9363636363636364,0.0,1.0,1.0,3.721518987341772,79
pad,25,0.1,M4,10.0,False,0.8571428571428571,0.8571428571428571,0.0,1.0,1.0,4.428571428571429,7
pad,25,0.1,M5,2.0,True,1.0,1.0,0.0,1.0,1.0,5.0,4
pad,25,0.1,cov-MEL,,,0.875,,,,,,8
pad,25,0.1,sens-MEL,,,,,,1.0,,,8
pad,25,0.1,cov-NV,,,1.0,,,,,,7
pad,25,0.1,cov-BCC,,,0.9805194805194806,,,,,,154
pad,25,0.1,sens-BCC,,,,,,1.0,,,154
pad,25,0.1,cov-AK,,,0.9375,,,,,,48
pad,25,0.1,sens-AK,,,,,,1.0,,,48
pad,25,0.1,cov-BKL,,,1.0,,,,,,6
pad,25,0.1,cov-SCC,,,0.6046511627906976,,,,,,43
pad,25,0.1,sens-SCC,,,,,,1.0,,,43
pad,25,0.15,B,27.0,False,0.6153846153846154,0.5833333333333334,,1.0,1.0,2.8461538461538463,13
pad,25,0.15,M1,26.0,False,0.7368421052631579,0.75,0.0,1.0,1.0,1.9473684210526316,19
pad,25,0.15,M2,168.0,False,0.8680555555555556,0.8696369636963698,0.0,1.0,1.0,2.3819444444444446,144
pad,25,0.15,M3,65.0,False,0.9240506329113924,0.9181818181818182,0.0,1.0,1.0,2.5063291139240507,79
pad,25,0.15,M4,10.0,False,0.8571428571428571,0.8571428571428571,0.0,1.0,1.0,3.2857142857142856,7
pad,25,0.15,M5,2.0,True,1.0,1.0,0.0,1.0,1.0,4.0,4
pad,25,0.15,cov-MEL,,,0.875,,,,,,8
pad,25,0.15,sens-MEL,,,,,,1.0,,,8
pad,25,0.15,cov-NV,,,0.5714285714285714,,,,,,7
pad,25,0.15,cov-BCC,,,0.935064935064935,,,,,,154
pad,25,0.15,sens-BCC,,,,,,1.0,,,154
pad,25,0.15,cov-AK,,,0.9375,,,,,,48
pad,25,0.15,sens-AK,,,,,,1.0,,,48
pad,25,0.15,cov-BKL,,,0.6666666666666666,,,,,,6
pad,25,0.15,cov-SCC,,,0.6046511627906976,,,,,,43
pad,25,0.15,sens-SCC,,,,,,1.0,,,43
hiba,26,0.05,B,161.0,False,0.9717741935483871,0.9253246753246753,,1.0,1.0,5.887096774193548,248
hiba,26,0.05,M1,24.0,False,1.0,1.0,0.0,1.0,1.0,6.235294117647059,17
hiba,26,0.05,M2,220.0,False,0.9534883720930233,0.9657894736842105,0.0,1.0,1.0,6.348837209302325,129
hiba,26,0.05,M3,28.0,False,1.0,1.0,0.0,1.0,1.0,6.545454545454546,11
hiba,26,0.05,cov-MEL,,,1.0,,,,,,49
hiba,26,0.05,sens-MEL,,,,,,1.0,,,49
hiba,26,0.05,cov-NV,,,1.0,,,,,,195
hiba,26,0.05,cov-BCC,,,1.0,,,,,,68
hiba,26,0.05,sens-BCC,,,,,,1.0,,,68
hiba,26,0.05,cov-AK,,,0.6923076923076923,,,,,,13
hiba,26,0.05,sens-AK,,,,,,1.0,,,13
hiba,26,0.05,cov-BKL,,,1.0,,,,,,24
hiba,26,0.05,cov-DF,,,0.6875,,,,,,16
hiba,26,0.05,cov-VASC,,,0.8461538461538461,,,,,,13
hiba,26,0.05,cov-SCC,,,0.9259259259259259,,,,,,27
hiba,26,0.05,sens-SCC,,,,,,1.0,,,27
hiba,26,0.1,B,161.0,False,0.9395161290322581,0.8571428571428571,,1.0,1.0,4.520161290322581,248
hiba,26,0.1,M1,24.0,False,0.9411764705882353,0.9666666666666666,0.0,1.0,1.0,4.411764705882353,17
hiba,26,0.1,M2,220.0,False,0.9457364341085271,0.9631578947368421,0.0,1.0,1.0,4.565891472868217,129
hiba,26,0.1,M3,28.0,False,1.0,1.0,0.0,1.0,1.0,5.090909090909091,11
hiba,26,0.1,cov-MEL,,,1.0,,,,,,49
hiba,26,0.1,sens-MEL,,,,,,1.0,,,49
hiba,26,0.1,cov-NV,,,0.9897435897435898,,,,,,195
hiba,26,0.1,cov-BCC,,,0.9852941176470589,,,,,,68
hiba,26,0.1,sens-BCC,,,,,,1.0,,,68
hiba,26,0.1,cov-AK,,,0.6153846153846154,,,,,,13
hiba,26,0.1,sens-AK,,,,,,1.0,,,13
hiba,26,0.1,cov-BKL,,,1.0,,,,,,24
hiba,26,0.1,cov-DF,,,0.5,,,,,,16
hiba,26,0.1,cov-VASC,,,0.6153846153846154,,,,,,13
hiba,26,0.1,cov-SCC,,,0.9259259259259259,,,,,,27
hiba,26,0.1,sens-SCC,,,,,,1.0,,,27
hiba,26,0.15,B,161.0,False,0.9153225806451613,0.801948051948052,,1.0,1.0,3.1088709677419355,248
hiba,26,0.15,M1,24.0,False,0.9411764705882353,0.9666666666666666,0.0,1.0,1.0,3.6470588235294117,17
hiba,26,0.15,M2,220.0,False,0.9224806201550387,0.9315789473684211,0.0,1.0,1.0,3.5426356589147288,129
hiba,26,0.15,M3,28.0,False,0.8181818181818182,0.8055555555555557,0.0,1.0,1.0,2.6363636363636362,11
hiba,26,0.15,cov-MEL,,,0.9591836734693877,,,,,,49
hiba,26,0.15,sens-MEL,,,,,,1.0,,,49
hiba,26,0.15,cov-NV,,,0.9897435897435898,,,,,,195
hiba,26,0.15,cov-BCC,,,0.9705882352941176,,,,,,68
hiba,26,0.15,sens-BCC,,,,,,1.0,,,68
hiba,26,0.15,cov-AK,,,0.6153846153846154,,,,,,13
hiba,26,0.15,sens-AK,,,,,,1.0,,,13
hiba,26,0.15,cov-BKL,,,0.9166666666666666,,,,,,24
hiba,26,0.15,cov-DF,,,0.4375,,,,,,16
hiba,26,0.15,cov-VASC,,,0.38461538461538464,,,,,,13
hiba,26,0.15,cov-SCC,,,0.8518518518518519,,,,,,27
hiba,26,0.15,sens-SCC,,,,,,1.0,,,27
pad,26,0.05,B,29.0,False,1.0,1.0,,1.0,1.0,4.0,14
pad,26,0.05,M1,24.0,False,0.9642857142857143,0.9791666666666666,0.0,1.0,1.0,4.071428571428571,28
pad,26,0.05,M2,150.0,False,0.8728323699421965,0.872749099639856,0.0,1.0,1.0,3.6705202312138727,173
pad,26,0.05,M3,77.0,False,1.0,1.0,0.0,1.0,1.0,4.409836065573771,61
pad,26,0.05,M4,9.0,True,1.0,1.0,0.0,1.0,1.0,5.2727272727272725,11
pad,26,0.05,M5,3.0,True,1.0,1.0,0.0,1.0,1.0,5.5,2
pad,26,0.05,cov-MEL,,,1.0,,,,,,7
pad,26,0.05,sens-MEL,,,,,,1.0,,,7
pad,26,0.05,cov-NV,,,1.0,,,,,,8
pad,26,0.05,cov-BCC,,,0.9664804469273743,,,,,,179
pad,26,0.05,sens-BCC,,,,,,1.0,,,179
pad,26,0.05,cov-AK,,,0.9,,,,,,50
pad,26,0.05,sens-AK,,,,,,1.0,,,50
pad,26,0.05,cov-BKL,,,1.0,,,,,,6
pad,26,0.05,cov-SCC,,,0.6923076923076923,,,,,,39
pad,26,0.05,sens-SCC,,,,,,1.0,,,39
pad,26,0.1,B,29.0,False,1.0,1.0,,1.0,1.0,3.142857142857143,14
pad,26,0.1,M1,24.0,False,0.8928571428571429,0.9479166666666666,0.0,1.0,1.0,2.9642857142857144,28
pad,26,0.1,M2,150.0,False,0.838150289017341,0.8393357342937173,0.0,1.0,1.0,2.7745664739884393,173
pad,26,0.1,M3,77.0,False,0.9836065573770492,0.9883720930232558,0.0,1.0,1.0,3.2459016393442623,61
pad,26,0.1,M4,9.0,False,1.0,1.0,0.0,1.0,1.0,4.2727272727272725,11
pad,26,0.1,M5,3.0,True,1.0,1.0,0.0,1.0,1.0,5.0,2
pad,26,0.1,cov-MEL,,,1.0,,,,,,7
pad,26,0.1,sens-MEL,,,,,,1.0,,,7
pad,26,0.1,cov-NV,,,1.0,,,,,,8
pad,26,0.1,cov-BCC,,,0.9329608938547486,,,,,,179
pad,26,0.1,sens-BCC,,,,,,1.0,,,179
pad,26,0.1,cov-AK,,,0.9,,,,,,50
pad,26,0.1,sens-AK,,,,,,1.0,,,50
pad,26,0.1,cov-BKL,,,1.0,,,,,,6
pad,26,0.1,cov-SCC,,,0.6153846153846154,,,,,,39
pad,26,0.1,sens-SCC,,,,,,1.0,,,39
pad,26,0.15,B,29.0,False,1.0,1.0,,1.0,1.0,2.9285714285714284,14
pad,26,0.15,M1,24.0,False,0.8571428571428571,0.8854166666666666,0.0,1.0,1.0,2.75,28
pad,26,0.15,M2,150.0,False,0.8092485549132948,0.8143257302921169,0.0,1.0,1.0,2.468208092485549,173
pad,26,0.15,M3,77.0,False,0.9344262295081968,0.9457364341085273,0.0,1.0,1.0,2.8852459016393444,61
pad,26,0.15,M4,9.0,False,1.0,1.0,0.0,1.0,1.0,4.2727272727272725,11
pad,26,0.15,M5,3.0,True,1.0,1.0,0.0,1.0,1.0,5.0,2
pad,26,0.15,cov-MEL,,,1.0,,,,,,7
pad,26,0.15,sens-MEL,,,,,,1.0,,,7
pad,26,0.15,cov-NV,,,1.0,,,,,,8
pad,26,0.15,cov-BCC,,,0.8994413407821229,,,,,,179
pad,26,0.15,sens-BCC,,,,,,1.0,,,179
pad,26,0.15,cov-AK,,,0.86,,,,,,50
pad,26,0.15,sens-AK,,,,,,1.0,,,50
pad,26,0.15,cov-BKL,,,1.0,,,,,,6
pad,26,0.15,cov-SCC,,,0.5897435897435898,,,,,,39
pad,26,0.15,sens-SCC,,,,,,1.0,,,39
hiba,27,0.05,B,166.0,False,0.9841897233201581,0.9618055555555556,,1.0,1.0,5.683794466403162,253
hiba,27,0.05,M1,27.0,False,1.0,1.0,0.0,1.0,1.0,6.4375,16
hiba,27,0.05,M2,220.0,False,0.8583333333333333,0.8736842105263158,0.0,1.0,1.0,6.125,120
hiba,27,0.05,M3,24.0,False,1.0,1.0,0.0,1.0,1.0,6.6,10
hiba,27,0.05,cov-MEL,,,0.9565217391304348,,,,,,46
hiba,27,0.05,sens-MEL,,,,,,1.0,,,46
hiba,27,0.05,cov-NV,,,1.0,,,,,,209
hiba,27,0.05,cov-BCC,,,1.0,,,,,,52
hiba,27,0.05,sens-BCC,,,,,,1.0,,,52
hiba,27,0.05,cov-AK,,,0.5714285714285714,,,,,,14
hiba,27,0.05,sens-AK,,,,,,1.0,,,14
hiba,27,0.05,cov-BKL,,,1.0,,,,,,17
hiba,27,0.05,cov-DF,,,0.6666666666666666,,,,,,9
hiba,27,0.05,cov-VASC,,,0.9444444444444444,,,,,,18
hiba,27,0.05,cov-SCC,,,0.7352941176470589,,,,,,34
hiba,27,0.05,sens-SCC,,,,,,1.0,,,34
hiba,27,0.1,B,166.0,False,0.9644268774703557,0.9201388888888888,,1.0,1.0,4.1936758893280635,253
hiba,27,0.1,M1,27.0,False,1.0,1.0,0.0,1.0,1.0,4.875,16
hiba,27,0.1,M2,220.0,False,0.8166666666666667,0.8315789473684211,0.0,1.0,1.0,4.091666666666667,120
hiba,27,0.1,M3,24.0,False,1.0,1.0,0.0,1.0,1.0,5.1,10
hiba,27,0.1,cov-MEL,,,0.9347826086956522,,,,,,46
hiba,27,0.1,sens-MEL,,,,,,1.0,,,46
hiba,27,0.1,cov-NV,,,1.0,,,,,,209
hiba,27,0.1,cov-BCC,,,1.0,,,,,,52
hiba,27,0.1,sens-BCC,,,,,,1.0,,,52
hiba,27,0.1,cov-AK,,,0.5714285714285714,,,,,,14
hiba,27,0.1,sens-AK,,,,,,1.0,,,14
hiba,27,0.1,cov-BKL,,,1.0,,,,,,17
hiba,27,0.1,cov-DF,,,0.3333333333333333,,,,,,9
hiba,27,0.1,cov-VASC,,,0.8333333333333334,,,,,,18
hiba,27,0.1,cov-SCC,,,0.6176470588235294,,,,,,34
hiba,27,0.1,sens-SCC,,,,,,1.0,,,34
hiba,27,0.15,B,166.0,False,0.9446640316205533,0.875,,1.0,1.0,3.1936758893280635,253
hiba,27,0.15,M1,27.0,False,1.0,1.0,0.0,1.0,1.0,3.6875,16
hiba,27,0.15,M2,220.0,False,0.7583333333333333,0.7754385964912279,0.0,1.0,1.0,3.3666666666666667,120
hiba,27,0.15,M3,24.0,False,0.9,0.9,0.0,1.0,1.0,3.1,10
hiba,27,0.15,cov-MEL,,,0.8695652173913043,,,,,,46
hiba,27,0.15,sens-MEL,,,,,,1.0,,,46
hiba,27,0.15,cov-NV,,,1.0,,,,,,209
hiba,27,0.15,cov-BCC,,,0.9807692307692307,,,,,,52
hiba,27,0.15,sens-BCC,,,,,,1.0,,,52
hiba,27,0.15,cov-AK,,,0.5714285714285714,,,,,,14
hiba,27,0.15,sens-AK,,,,,,1.0,,,14
hiba,27,0.15,cov-BKL,,,1.0,,,,,,17
hiba,27,0.15,cov-DF,,,0.2222222222222222,,,,,,9
hiba,27,0.15,cov-VASC,,,0.6111111111111112,,,,,,18
hiba,27,0.15,cov-SCC,,,0.5,,,,,,34
hiba,27,0.15,sens-SCC,,,,,,1.0,,,34
pad,27,0.05,B,20.0,False,1.0,1.0,,1.0,1.0,4.045454545454546,22
pad,27,0.05,M1,23.0,False,0.8666666666666667,0.8970588235294118,0.0,1.0,1.0,3.6666666666666665,30
pad,27,0.05,M2,166.0,False,0.8767123287671232,0.888580674988442,0.0,1.0,1.0,3.808219178082192,146
pad,27,0.05,M3,69.0,False,1.0,1.0,0.0,1.0,1.0,4.233766233766234,77
pad,27,0.05,M4,11.0,True,1.0,1.0,0.0,1.0,1.0,6.0,6
pad,27,0.05,M5,3.0,True,1.0,1.0,0.0,1.0,1.0,5.5,2
pad,27,0.05,cov-MEL,,,0.8666666666666667,,,,,,15
pad,27,0.05,sens-MEL,,,,,,1.0,,,15
pad,27,0.05,cov-NV,,,1.0,,,,,,15
pad,27,0.05,cov-BCC,,,0.967948717948718,,,,,,156
pad,27,0.05,sens-BCC,,,,,,1.0,,,156
pad,27,0.05,cov-AK,,,0.9,,,,,,60
pad,27,0.05,sens-AK,,,,,,1.0,,,60
pad,27,0.05,cov-BKL,,,1.0,,,,,,7
pad,27,0.05,cov-SCC,,,0.7,,,,,,30
pad,27,0.05,sens-SCC,,,,,,1.0,,,30
pad,27,0.1,B,20.0,False,0.9545454545454546,0.9473684210526315,,1.0,1.0,3.3636363636363638,22
pad,27,0.1,M1,23.0,False,0.8666666666666667,0.8970588235294118,0.0,1.0,1.0,3.0,30
pad,27,0.1,M2,166.0,False,0.8287671232876712,0.8392279241793806,0.0,1.0,1.0,2.815068493150685,146
pad,27,0.1,M3,69.0,False,0.9090909090909091,0.8823529411764706,0.0,1.0,1.0,2.883116883116883,77
pad,27,0.1,M4,11.0,False,1.0,1.0,0.0,1.0,1.0,4.5,6
pad,27,0.1,M5,3.0,True,1.0,1.0,0.0,1.0,1.0,5.0,2
pad,27,0.1,cov-MEL,,,0.8,,,,,,15
pad,27,0.1,sens-MEL,,,,,,1.0,,,15
pad,27,0.1,cov-NV,,,1.0,,,,,,15
pad,27,0.1,cov-BCC,,,0.9294871794871795,,,,,,156
pad,27,0.1,sens-BCC,,,,,,1.0,,,156
pad,27,0.1,cov-AK,,,0.9,,,,,,60
pad,27,0.1,sens-AK,,,,,,1.0,,,60
pad,27,0.1,cov-BKL,,,0.8571428571428571,,,,,,7
pad,27,0.1,cov-SCC,,,0.4666666666666667,,,,,,30
pad,27,0.1,sens-SCC,,,,,,1.0,,,30
pad,27,0.15,B,20.0,False,0.9545454545454546,0.9473684210526315,,1.0,1.0,3.1818181818181817,22
pad,27,0.15,M1,23.0,False,0.8666666666666667,0.8970588235294118,0.0,1.0,1.0,2.8333333333333335,30
pad,27,0.15,M2,166.0,False,0.7328767123287672,0.7409847434119279,0.0,1.0,1.0,2.308219178082192,146
pad,27,0.15,M3,69.0,False,0.8961038961038961,0.8627450980392157,0.0,1.0,1.0,2.5974025974025974,77
pad,27,0.15,M4,11.0,False,1.0,1.0,0.0,1.0,1.0,4.333333333333333,6
pad,27,0.15,M5,3.0,True,1.0,1.0,0.0,1.0,1.0,5.0,2
pad,27,0.15,cov-MEL,,,0.6,,,,,,15
pad,27,0.15,sens-MEL,,,,,,1.0,,,15
pad,27,0.15,cov-NV,,,1.0,,,,,,15
pad,27,0.15,cov-BCC,,,0.8782051282051282,,,,,,156
pad,27,0.15,sens-BCC,,,,,,1.0,,,156
pad,27,0.15,cov-AK,,,0.8833333333333333,,,,,,60
pad,27,0.15,sens-AK,,,,,,1.0,,,60
pad,27,0.15,cov-BKL,,,0.8571428571428571,,,,,,7
pad,27,0.15,cov-SCC,,,0.36666666666666664,,,,,,30
pad,27,0.15,sens-SCC,,,,,,1.0,,,30
hiba,28,0.05,B,171.0,False,0.98,0.9701492537313433,,1.0,1.0,6.133333333333334,150
hiba,28,0.05,M1,19.0,False,1.0,1.0,0.0,1.0,1.0,6.25,24
hiba,28,0.05,M2,219.0,False,0.967479674796748,0.9635416666666666,0.0,1.0,1.0,6.479674796747967,123
hiba,28,0.05,M3,26.0,False,1.0,1.0,0.0,1.0,1.0,6.5625,16
hiba,28,0.05,cov-MEL,,,1.0,,,,,,52
hiba,28,0.05,sens-MEL,,,,,,1.0,,,52
hiba,28,0.05,cov-NV,,,1.0,,,,,,116
hiba,28,0.05,cov-BCC,,,1.0,,,,,,71
hiba,28,0.05,sens-BCC,,,,,,1.0,,,71
hiba,28,0.05,cov-AK,,,0.9166666666666666,,,,,,12
hiba,28,0.05,sens-AK,,,,,,1.0,,,12
hiba,28,0.05,cov-BKL,,,1.0,,,,,,15
hiba,28,0.05,cov-DF,,,0.7272727272727273,,,,,,11
hiba,28,0.05,cov-VASC,,,1.0,,,,,,8
hiba,28,0.05,cov-SCC,,,0.8928571428571429,,,,,,28
hiba,28,0.05,sens-SCC,,,,,,1.0,,,28
hiba,28,0.1,B,171.0,False,0.9733333333333334,0.9626865671641791,,1.0,1.0,4.666666666666667,150
hiba,28,0.1,M1,19.0,False,0.9583333333333334,0.9777777777777777,0.0,1.0,1.0,4.875,24
hiba,28,0.1,M2,219.0,False,0.9024390243902439,0.8958333333333334,0.0,1.0,1.0,4.487804878048781,123
hiba,28,0.1,M3,26.0,False,1.0,1.0,0.0,1.0,1.0,5.375,16
hiba,28,0.1,cov-MEL,,,0.9615384615384616,,,,,,52
hiba,28,0.1,sens-MEL,,,,,,1.0,,,52
hiba,28,0.1,cov-NV,,,1.0,,,,,,116
hiba,28,0.1,cov-BCC,,,0.9436619718309859,,,,,,71
hiba,28,0.1,sens-BCC,,,,,,1.0,,,71
hiba,28,0.1,cov-AK,,,0.9166666666666666,,,,,,12
hiba,28,0.1,sens-AK,,,,,,1.0,,,12
hiba,28,0.1,cov-BKL,,,1.0,,,,,,15
hiba,28,0.1,cov-DF,,,0.6363636363636364,,,,,,11
hiba,28,0.1,cov-VASC,,,1.0,,,,,,8
hiba,28,0.1,cov-SCC,,,0.7857142857142857,,,,,,28
hiba,28,0.1,sens-SCC,,,,,,1.0,,,28
hiba,28,0.15,B,171.0,False,0.94,0.8980099502487563,,1.0,1.0,3.68,150
hiba,28,0.15,M1,19.0,False,0.9583333333333334,0.9777777777777777,0.0,1.0,1.0,4.041666666666667,24
hiba,28,0.15,M2,219.0,False,0.8211382113821138,0.8246527777777778,0.0,1.0,1.0,3.682926829268293,123
hiba,28,0.15,M3,26.0,False,0.625,0.5208333333333333,0.0625,0.9375,0.875,2.75,16
hiba,28,0.15,cov-MEL,,,0.8846153846153846,,,,,,52
hiba,28,0.15,sens-MEL,,,,,,0.9807692307692307,,,52
hiba,28,0.15,cov-NV,,,1.0,,,,,,116
hiba,28,0.15,cov-BCC,,,0.8591549295774648,,,,,,71
hiba,28,0.15,sens-BCC,,,,,,1.0,,,71
hiba,28,0.15,cov-AK,,,0.8333333333333334,,,,,,12
hiba,28,0.15,sens-AK,,,,,,1.0,,,12
hiba,28,0.15,cov-BKL,,,0.9333333333333333,,,,,,15
hiba,28,0.15,cov-DF,,,0.36363636363636365,,,,,,11
hiba,28,0.15,cov-VASC,,,0.875,,,,,,8
hiba,28,0.15,cov-SCC,,,0.6071428571428571,,,,,,28
hiba,28,0.15,sens-SCC,,,,,,1.0,,,28
pad,28,0.05,B,21.0,False,1.0,1.0,,1.0,1.0,4.090909090909091,22
pad,28,0.05,M1,26.0,False,0.9166666666666666,0.9107142857142857,0.0,1.0,1.0,3.7083333333333335,24
pad,28,0.05,M2,153.0,False,0.9028571428571428,0.9096880131362891,0.0,1.0,1.0,3.857142857142857,175
pad,28,0.05,M3,67.0,False,0.972972972972973,0.9622641509433962,0.0,1.0,1.0,4.175675675675675,74
pad,28,0.05,M4,10.0,True,1.0,1.0,0.0,1.0,1.0,5.25,8
pad,28,0.05,M5,2.0,True,1.0,1.0,0.0,1.0,1.0,5.25,4
pad,28,0.05,cov-MEL,,,0.9230769230769231,,,,,,13
pad,28,0.05,sens-MEL,,,,,,1.0,,,13
pad,28,0.05,cov-NV,,,1.0,,,,,,14
pad,28,0.05,cov-BCC,,,0.9820359281437125,,,,,,167
pad,28,0.05,sens-BCC,,,,,,1.0,,,167
pad,28,0.05,cov-AK,,,0.9230769230769231,,,,,,65
pad,28,0.05,sens-AK,,,,,,1.0,,,65
pad,28,0.05,cov-BKL,,,1.0,,,,,,8
pad,28,0.05,cov-SCC,,,0.7,,,,,,40
pad,28,0.05,sens-SCC,,,,,,1.0,,,40
pad,28,0.1,B,21.0,False,1.0,1.0,,1.0,1.0,3.409090909090909,22
pad,28,0.1,M1,26.0,False,0.9166666666666666,0.9107142857142857,0.0,1.0,1.0,3.7083333333333335,24
pad,28,0.1,M2,153.0,False,0.8285714285714286,0.8335385878489328,0.0,1.0,1.0,3.434285714285714,175
pad,28,0.1,M3,67.0,False,0.972972972972973,0.9622641509433962,0.0,1.0,1.0,3.6486486486486487,74
pad,28,0.1,M4,10.0,False,0.75,0.7142857142857143,0.0,1.0,1.0,3.5,8
pad,28,0.1,M5,2.0,True,1.0,1.0,0.0,1.0,1.0,5.25,4
pad,28,0.1,cov-MEL,,,0.8461538461538461,,,,,,13
pad,28,0.1,sens-MEL,,,,,,1.0,,,13
pad,28,0.1,cov-NV,,,1.0,,,,,,14
pad,28,0.1,cov-BCC,,,0.9401197604790419,,,,,,167
pad,28,0.1,sens-BCC,,,,,,1.0,,,167
pad,28,0.1,cov-AK,,,0.9230769230769231,,,,,,65
pad,28,0.1,sens-AK,,,,,,1.0,,,65
pad,28,0.1,cov-BKL,,,1.0,,,,,,8
pad,28,0.1,cov-SCC,,,0.525,,,,,,40
pad,28,0.1,sens-SCC,,,,,,1.0,,,40
pad,28,0.15,B,21.0,False,0.9090909090909091,0.8888888888888888,,1.0,1.0,2.409090909090909,22
pad,28,0.15,M1,26.0,False,0.75,0.75,0.0,1.0,1.0,2.2083333333333335,24
pad,28,0.15,M2,153.0,False,0.7485714285714286,0.746305418719212,0.0,1.0,1.0,2.1542857142857144,175
pad,28,0.15,M3,67.0,False,0.9594594594594594,0.9433962264150944,0.0,1.0,1.0,2.7567567567567566,74
pad,28,0.15,M4,10.0,False,0.75,0.7142857142857143,0.0,1.0,1.0,3.125,8
pad,28,0.15,M5,2.0,True,1.0,1.0,0.0,1.0,1.0,4.5,4
pad,28,0.15,cov-MEL,,,0.5384615384615384,,,,,,13
pad,28,0.15,sens-MEL,,,,,,1.0,,,13
pad,28,0.15,cov-NV,,,0.9285714285714286,,,,,,14
pad,28,0.15,cov-BCC,,,0.8802395209580839,,,,,,167
pad,28,0.15,sens-BCC,,,,,,1.0,,,167
pad,28,0.15,cov-AK,,,0.8923076923076924,,,,,,65
pad,28,0.15,sens-AK,,,,,,1.0,,,65
pad,28,0.15,cov-BKL,,,0.875,,,,,,8
pad,28,0.15,cov-SCC,,,0.45,,,,,,40
pad,28,0.15,sens-SCC,,,,,,1.0,,,40
hiba,29,0.05,B,155.0,False,0.9795081967213115,0.9487951807228916,,1.0,1.0,6.024590163934426,244
hiba,29,0.05,M1,23.0,False,1.0,1.0,0.0,1.0,1.0,6.266666666666667,15
hiba,29,0.05,M2,231.0,False,0.9357798165137615,0.9553571428571429,0.0,1.0,1.0,6.5963302752293576,109
hiba,29,0.05,M3,20.0,False,1.0,1.0,0.0,1.0,1.0,6.388888888888889,18
hiba,29,0.05,cov-MEL,,,1.0,,,,,,49
hiba,29,0.05,sens-MEL,,,,,,1.0,,,49
hiba,29,0.05,cov-NV,,,1.0,,,,,,187
hiba,29,0.05,cov-BCC,,,1.0,,,,,,55
hiba,29,0.05,sens-BCC,,,,,,1.0,,,55
hiba,29,0.05,cov-AK,,,0.7,,,,,,10
hiba,29,0.05,sens-AK,,,,,,1.0,,,10
hiba,29,0.05,cov-BKL,,,1.0,,,,,,23
hiba,29,0.05,cov-DF,,,0.75,,,,,,16
hiba,29,0.05,cov-VASC,,,0.9444444444444444,,,,,,18
hiba,29,0.05,cov-SCC,,,0.8571428571428571,,,,,,28
hiba,29,0.05,sens-SCC,,,,,,1.0,,,28
hiba,29,0.1,B,155.0,False,0.9508196721311475,0.9206827309236947,,1.0,1.0,4.495901639344262,244
hiba,29,0.1,M1,23.0,False,0.9333333333333333,0.9696969696969696,0.0,1.0,1.0,4.666666666666667,15
hiba,29,0.1,M2,231.0,False,0.8807339449541285,0.9107142857142857,0.0,1.0,1.0,4.513761467889908,109
hiba,29,0.1,M3,20.0,False,1.0,1.0,0.0,1.0,1.0,5.277777777777778,18
hiba,29,0.1,cov-MEL,,,0.9795918367346939,,,,,,49
hiba,29,0.1,sens-MEL,,,,,,1.0,,,49
hiba,29,0.1,cov-NV,,,1.0,,,,,,187
hiba,29,0.1,cov-BCC,,,0.9636363636363636,,,,,,55
hiba,29,0.1,sens-BCC,,,,,,1.0,,,55
hiba,29,0.1,cov-AK,,,0.5,,,,,,10
hiba,29,0.1,sens-AK,,,,,,1.0,,,10
hiba,29,0.1,cov-BKL,,,1.0,,,,,,23
hiba,29,0.1,cov-DF,,,0.5625,,,,,,16
hiba,29,0.1,cov-VASC,,,0.7222222222222222,,,,,,18
hiba,29,0.1,cov-SCC,,,0.7857142857142857,,,,,,28
hiba,29,0.1,sens-SCC,,,,,,1.0,,,28
hiba,29,0.15,B,155.0,False,0.9344262295081968,0.8875502008032128,,1.0,1.0,3.4139344262295084,244
hiba,29,0.15,M1,23.0,False,0.9333333333333333,0.9696969696969696,0.0,1.0,1.0,4.0,15
hiba,29,0.15,M2,231.0,False,0.8348623853211009,0.8710317460317459,0.0,1.0,1.0,3.779816513761468,109
hiba,29,0.15,M3,20.0,False,0.9444444444444444,0.9285714285714286,0.0,1.0,1.0,3.7222222222222223,18
hiba,29,0.15,cov-MEL,,,0.9795918367346939,,,,,,49
hiba,29,0.15,sens-MEL,,,,,,1.0,,,49
hiba,29,0.15,cov-NV,,,1.0,,,,,,187
hiba,29,0.15,cov-BCC,,,0.9454545454545454,,,,,,55
hiba,29,0.15,sens-BCC,,,,,,1.0,,,55
hiba,29,0.15,cov-AK,,,0.5,,,,,,10
hiba,29,0.15,sens-AK,,,,,,1.0,,,10
hiba,29,0.15,cov-BKL,,,1.0,,,,,,23
hiba,29,0.15,cov-DF,,,0.375,,,,,,16
hiba,29,0.15,cov-VASC,,,0.6666666666666666,,,,,,18
hiba,29,0.15,cov-SCC,,,0.6071428571428571,,,,,,28
hiba,29,0.15,sens-SCC,,,,,,1.0,,,28
pad,29,0.05,B,25.0,False,1.0,1.0,,1.0,1.0,4.388888888888889,18
pad,29,0.05,M1,24.0,False,1.0,1.0,0.0,1.0,1.0,4.458333333333333,24
pad,29,0.05,M2,158.0,False,0.9539473684210527,0.9654654654654654,0.0,1.0,1.0,4.2631578947368425,152
pad,29,0.05,M3,65.0,False,0.9545454545454546,0.9363636363636364,0.0,1.0,1.0,3.8863636363636362,88
pad,29,0.05,M4,7.0,True,1.0,1.0,0.0,1.0,1.0,5.363636363636363,11
pad,29,0.05,M5,3.0,True,1.0,1.0,0.0,1.0,1.0,5.0,2
pad,29,0.05,cov-MEL,,,0.7,,,,,,10
pad,29,0.05,sens-MEL,,,,,,1.0,,,10
pad,29,0.05,cov-NV,,,1.0,,,,,,9
pad,29,0.05,cov-BCC,,,1.0,,,,,,164
pad,29,0.05,sens-BCC,,,,,,1.0,,,164
pad,29,0.05,cov-AK,,,0.9538461538461539,,,,,,65
pad,29,0.05,sens-AK,,,,,,1.0,,,65
pad,29,0.05,cov-BKL,,,1.0,,,,,,9
pad,29,0.05,cov-SCC,,,0.868421052631579,,,,,,38
pad,29,0.05,sens-SCC,,,,,,1.0,,,38
pad,29,0.1,B,25.0,False,0.8888888888888888,0.8571428571428571,,1.0,1.0,3.2777777777777777,18
pad,29,0.1,M1,24.0,False,0.9166666666666666,0.921875,0.0,1.0,1.0,3.0,24
pad,29,0.1,M2,158.0,False,0.8486842105263158,0.8656156156156156,0.0,1.0,1.0,2.8026315789473686,152
pad,29,0.1,M3,65.0,False,0.9431818181818182,0.9181818181818182,0.0,1.0,1.0,3.147727272727273,88
pad,29,0.1,M4,7.0,True,1.0,1.0,0.0,1.0,1.0,4.818181818181818,11
pad,29,0.1,M5,3.0,True,1.0,1.0,0.0,1.0,1.0,4.5,2
pad,29,0.1,cov-MEL,,,0.7,,,,,,10
pad,29,0.1,sens-MEL,,,,,,1.0,,,10
pad,29,0.1,cov-NV,,,1.0,,,,,,9
pad,29,0.1,cov-BCC,,,0.9573170731707317,,,,,,164
pad,29,0.1,sens-BCC,,,,,,1.0,,,164
pad,29,0.1,cov-AK,,,0.9230769230769231,,,,,,65
pad,29,0.1,sens-AK,,,,,,1.0,,,65
pad,29,0.1,cov-BKL,,,0.7777777777777778,,,,,,9
pad,29,0.1,cov-SCC,,,0.6052631578947368,,,,,,38
pad,29,0.1,sens-SCC,,,,,,1.0,,,38
pad,29,0.15,B,25.0,False,0.8333333333333334,0.7857142857142857,,1.0,1.0,2.5,18
pad,29,0.15,M1,24.0,False,0.9166666666666666,0.921875,0.0,1.0,1.0,2.3333333333333335,24
pad,29,0.15,M2,158.0,False,0.8092105263157895,0.8250750750750752,0.0,1.0,1.0,2.2302631578947367,152
pad,29,0.15,M3,65.0,False,0.875,0.843939393939394,0.0,1.0,1.0,2.2954545454545454,88
pad,29,0.15,M4,7.0,False,0.7272727272727273,0.7,0.0,1.0,1.0,1.9090909090909092,11
pad,29,0.15,M5,3.0,True,1.0,1.0,0.0,1.0,1.0,4.0,2
pad,29,0.15,cov-MEL,,,0.7,,,,,,10
pad,29,0.15,sens-MEL,,,,,,1.0,,,10
pad,29,0.15,cov-NV,,,0.8888888888888888,,,,,,9
pad,29,0.15,cov-BCC,,,0.9024390243902439,,,,,,164
pad,29,0.15,sens-BCC,,,,,,1.0,,,164
pad,29,0.15,cov-AK,,,0.8769230769230769,,,,,,65
pad,29,0.15,sens-AK,,,,,,1.0,,,65
pad,29,0.15,cov-BKL,,,0.7777777777777778,,,,,,9
pad,29,0.15,cov-SCC,,,0.5263157894736842,,,,,,38
pad,29,0.15,sens-SCC,,,,,,1.0,,,38
hiba,30,0.05,B,170.0,False,0.9675925925925926,0.9166666666666667,,1.0,1.0,5.856481481481482,216
hiba,30,0.05,M1,25.0,False,1.0,1.0,0.0,1.0,1.0,6.285714285714286,21
hiba,30,0.05,M2,218.0,False,0.9833333333333333,0.9845360824742269,0.0,1.0,1.0,6.125,120
hiba,30,0.05,M3,21.0,False,1.0,1.0,0.0,1.0,1.0,5.928571428571429,14
hiba,30,0.05,cov-MEL,,,1.0,,,,,,52
hiba,30,0.05,sens-MEL,,,,,,1.0,,,52
hiba,30,0.05,cov-NV,,,1.0,,,,,,182
hiba,30,0.05,cov-BCC,,,1.0,,,,,,58
hiba,30,0.05,sens-BCC,,,,,,1.0,,,58
hiba,30,0.05,cov-AK,,,1.0,,,,,,12
hiba,30,0.05,sens-AK,,,,,,1.0,,,12
hiba,30,0.05,cov-BKL,,,1.0,,,,,,15
hiba,30,0.05,cov-DF,,,0.6153846153846154,,,,,,13
hiba,30,0.05,cov-VASC,,,0.6666666666666666,,,,,,6
hiba,30,0.05,cov-SCC,,,0.9393939393939394,,,,,,33
hiba,30,0.05,sens-SCC,,,,,,1.0,,,33
hiba,30,0.1,B,170.0,False,0.9444444444444444,0.8627450980392156,,1.0,1.0,4.101851851851852,216
hiba,30,0.1,M1,25.0,False,1.0,1.0,0.0,1.0,1.0,4.285714285714286,21
hiba,30,0.1,M2,218.0,False,0.9083333333333333,0.9097938144329897,0.0,1.0,1.0,4.291666666666667,120
hiba,30,0.1,M3,21.0,False,0.8571428571428571,0.8461538461538461,0.0,1.0,1.0,3.857142857142857,14
hiba,30,0.1,cov-MEL,,,0.9807692307692307,,,,,,52
hiba,30,0.1,sens-MEL,,,,,,1.0,,,52
hiba,30,0.1,cov-NV,,,1.0,,,,,,182
hiba,30,0.1,cov-BCC,,,0.9655172413793104,,,,,,58
hiba,30,0.1,sens-BCC,,,,,,1.0,,,58
hiba,30,0.1,cov-AK,,,0.9166666666666666,,,,,,12
hiba,30,0.1,sens-AK,,,,,,1.0,,,12
hiba,30,0.1,cov-BKL,,,1.0,,,,,,15
hiba,30,0.1,cov-DF,,,0.3076923076923077,,,,,,13
hiba,30,0.1,cov-VASC,,,0.5,,,,,,6
hiba,30,0.1,cov-SCC,,,0.7272727272727273,,,,,,33
hiba,30,0.1,sens-SCC,,,,,,1.0,,,33
hiba,30,0.15,B,170.0,False,0.9351851851851852,0.8333333333333333,,1.0,1.0,3.560185185185185,216
hiba,30,0.15,M1,25.0,False,0.9523809523809523,0.9629629629629631,0.0,1.0,1.0,3.6666666666666665,21
hiba,30,0.15,M2,218.0,False,0.8666666666666667,0.8802405498281788,0.0,1.0,1.0,3.5166666666666666,120
hiba,30,0.15,M3,21.0,False,0.8571428571428571,0.8461538461538461,0.0,1.0,1.0,3.0,14
hiba,30,0.15,cov-MEL,,,0.9807692307692307,,,,,,52
hiba,30,0.15,sens-MEL,,,,,,1.0,,,52
hiba,30,0.15,cov-NV,,,0.9945054945054945,,,,,,182
hiba,30,0.15,cov-BCC,,,0.9137931034482759,,,,,,58
hiba,30,0.15,sens-BCC,,,,,,1.0,,,58
hiba,30,0.15,cov-AK,,,0.9166666666666666,,,,,,12
hiba,30,0.15,sens-AK,,,,,,1.0,,,12
hiba,30,0.15,cov-BKL,,,1.0,,,,,,15
hiba,30,0.15,cov-DF,,,0.3076923076923077,,,,,,13
hiba,30,0.15,cov-VASC,,,0.3333333333333333,,,,,,6
hiba,30,0.15,cov-SCC,,,0.6363636363636364,,,,,,33
hiba,30,0.15,sens-SCC,,,,,,1.0,,,33
pad,30,0.05,B,28.0,False,1.0,1.0,,1.0,1.0,4.363636363636363,11
pad,30,0.05,M1,20.0,False,0.967741935483871,0.9833333333333334,0.0,1.0,1.0,4.032258064516129,31
pad,30,0.05,M2,161.0,False,0.9675324675324676,0.9678130511463846,0.0,1.0,1.0,4.181818181818182,154
pad,30,0.05,M3,60.0,False,1.0,1.0,0.0,1.0,1.0,4.302083333333333,96
pad,30,0.05,M4,13.0,True,1.0,1.0,0.0,1.0,1.0,5.4,5
pad,30,0.05,M5,4.0,True,1.0,1.0,0.0,1.0,1.0,5.0,2
pad,30,0.05,cov-MEL,,,1.0,,,,,,12
pad,30,0.05,sens-MEL,,,,,,1.0,,,12
pad,30,0.05,cov-NV,,,1.0,,,,,,4
pad,30,0.05,cov-BCC,,,0.9888888888888889,,,,,,180
pad,30,0.05,sens-BCC,,,,,,1.0,,,180
pad,30,0.05,cov-AK,,,0.9402985074626866,,,,,,67
pad,30,0.05,sens-AK,,,,,,1.0,,,67
pad,30,0.05,cov-BKL,,,1.0,,,,,,7
pad,30,0.05,cov-SCC,,,1.0,,,,,,29
pad,30,0.05,sens-SCC,,,,,,1.0,,,29
pad,30,0.1,B,28.0,False,1.0,1.0,,1.0,1.0,3.727272727272727,11
pad,30,0.1,M1,20.0,False,0.967741935483871,0.9833333333333334,0.0,1.0,1.0,3.5806451612903225,31
pad,30,0.1,M2,161.0,False,0.922077922077922,0.9192019400352734,0.0,1.0,1.0,3.5974025974025974,154
pad,30,0.1,M3,60.0,False,0.9375,0.9166666666666666,0.0,1.0,1.0,3.5625,96
pad,30,0.1,M4,13.0,False,0.6,0.5,0.0,1.0,1.0,3.6,5
pad,30,0.1,M5,4.0,True,1.0,1.0,0.0,1.0,1.0,5.0,2
pad,30,0.1,cov-MEL,,,0.8333333333333334,,,,,,12
pad,30,0.1,sens-MEL,,,,,,1.0,,,12
pad,30,0.1,cov-NV,,,1.0,,,,,,4
pad,30,0.1,cov-BCC,,,0.9611111111111111,,,,,,180
pad,30,0.1,sens-BCC,,,,,,1.0,,,180
pad,30,0.1,cov-AK,,,0.9402985074626866,,,,,,67
pad,30,0.1,sens-AK,,,,,,1.0,,,67
pad,30,0.1,cov-BKL,,,1.0,,,,,,7
pad,30,0.1,cov-SCC,,,0.7241379310344828,,,,,,29
pad,30,0.1,sens-SCC,,,,,,1.0,,,29
pad,30,0.15,B,28.0,False,0.7272727272727273,0.7272727272727273,,1.0,1.0,2.6363636363636362,11
pad,30,0.15,M1,20.0,False,0.967741935483871,0.9833333333333334,0.0,1.0,1.0,2.5806451612903225,31
pad,30,0.15,M2,161.0,False,0.8766233766233766,0.8847001763668431,0.0,1.0,1.0,2.331168831168831,154
pad,30,0.15,M3,60.0,False,0.90625,0.875,0.0,1.0,1.0,2.28125,96
pad,30,0.15,M4,13.0,False,0.6,0.5,0.0,1.0,1.0,2.0,5
pad,30,0.15,M5,4.0,True,1.0,1.0,0.0,1.0,1.0,4.0,2
pad,30,0.15,cov-MEL,,,0.75,,,,,,12
pad,30,0.15,sens-MEL,,,,,,1.0,,,12
pad,30,0.15,cov-NV,,,0.75,,,,,,4
pad,30,0.15,cov-BCC,,,0.9277777777777778,,,,,,180
pad,30,0.15,sens-BCC,,,,,,1.0,,,180
pad,30,0.15,cov-AK,,,0.9253731343283582,,,,,,67
pad,30,0.15,sens-AK,,,,,,1.0,,,67
pad,30,0.15,cov-BKL,,,0.7142857142857143,,,,,,7
pad,30,0.15,cov-SCC,,,0.6551724137931034,,,,,,29
pad,30,0.15,sens-SCC,,,,,,1.0,,,29
hiba,31,0.05,B,161.0,False,0.9657142857142857,0.9318181818181818,,1.0,1.0,6.04,175
hiba,31,0.05,M1,25.0,False,1.0,1.0,0.0,1.0,1.0,6.133333333333334,15
hiba,31,0.05,M2,221.0,False,0.952755905511811,0.9654255319148937,0.0,1.0,1.0,6.322834645669292,127
hiba,31,0.05,M3,26.0,False,1.0,1.0,0.0,1.0,1.0,6.375,8
hiba,31,0.05,cov-MEL,,,1.0,,,,,,45
hiba,31,0.05,sens-MEL,,,,,,1.0,,,45
hiba,31,0.05,cov-NV,,,1.0,,,,,,135
hiba,31,0.05,cov-BCC,,,1.0,,,,,,69
hiba,31,0.05,sens-BCC,,,,,,1.0,,,69
hiba,31,0.05,cov-AK,,,0.8,,,,,,15
hiba,31,0.05,sens-AK,,,,,,1.0,,,15
hiba,31,0.05,cov-BKL,,,1.0,,,,,,16
hiba,31,0.05,cov-DF,,,0.6666666666666666,,,,,,12
hiba,31,0.05,cov-VASC,,,0.8333333333333334,,,,,,12
hiba,31,0.05,cov-SCC,,,0.8571428571428571,,,,,,21
hiba,31,0.05,sens-SCC,,,,,,1.0,,,21
hiba,31,0.1,B,161.0,False,0.92,0.8571428571428571,,1.0,1.0,4.142857142857143,175
hiba,31,0.1,M1,25.0,False,0.9333333333333333,0.9629629629629631,0.0,1.0,1.0,4.4,15
hiba,31,0.1,M2,221.0,False,0.905511811023622,0.9148936170212766,0.0,1.0,1.0,4.086614173228346,127
hiba,31,0.1,M3,26.0,False,1.0,1.0,0.0,1.0,1.0,4.875,8
hiba,31,0.1,cov-MEL,,,1.0,,,,,,45
hiba,31,0.1,sens-MEL,,,,,,1.0,,,45
hiba,31,0.1,cov-NV,,,0.9851851851851852,,,,,,135
hiba,31,0.1,cov-BCC,,,0.9565217391304348,,,,,,69
hiba,31,0.1,sens-BCC,,,,,,1.0,,,69
hiba,31,0.1,cov-AK,,,0.6666666666666666,,,,,,15
hiba,31,0.1,sens-AK,,,,,,1.0,,,15
hiba,31,0.1,cov-BKL,,,1.0,,,,,,16
hiba,31,0.1,cov-DF,,,0.5,,,,,,12
hiba,31,0.1,cov-VASC,,,0.5,,,,,,12
hiba,31,0.1,cov-SCC,,,0.7619047619047619,,,,,,21
hiba,31,0.1,sens-SCC,,,,,,1.0,,,21
hiba,31,0.15,B,161.0,False,0.8971428571428571,0.8051948051948052,,1.0,1.0,3.462857142857143,175
hiba,31,0.15,M1,25.0,False,0.8666666666666667,0.9351851851851853,0.0,1.0,1.0,3.466666666666667,15
hiba,31,0.15,M2,221.0,False,0.8503937007874016,0.875531914893617,0.0,1.0,1.0,3.5039370078740157,127
hiba,31,0.15,M3,26.0,False,1.0,1.0,0.0,1.0,1.0,3.25,8
hiba,31,0.15,cov-MEL,,,0.9555555555555556,,,,,,45
hiba,31,0.15,sens-MEL,,,,,,1.0,,,45
hiba,31,0.15,cov-NV,,,0.9703703703703703,,,,,,135
hiba,31,0.15,cov-BCC,,,0.9130434782608695,,,,,,69
hiba,31,0.15,sens-BCC,,,,,,1.0,,,69
hiba,31,0.15,cov-AK,,,0.6,,,,,,15
hiba,31,0.15,sens-AK,,,,,,1.0,,,15
hiba,31,0.15,cov-BKL,,,1.0,,,,,,16
hiba,31,0.15,cov-DF,,,0.5,,,,,,12
hiba,31,0.15,cov-VASC,,,0.3333333333333333,,,,,,12
hiba,31,0.15,cov-SCC,,,0.6666666666666666,,,,,,21
hiba,31,0.15,sens-SCC,,,,,,1.0,,,21
pad,31,0.05,B,28.0,False,1.0,1.0,,1.0,1.0,4.083333333333333,12
pad,31,0.05,M1,21.0,False,1.0,1.0,0.0,1.0,1.0,4.484848484848484,33
pad,31,0.05,M2,162.0,False,0.9530201342281879,0.9532710280373832,0.0,1.0,1.0,4.25503355704698,149
pad,31,0.05,M3,78.0,False,0.9491525423728814,0.9285714285714286,0.0,1.0,1.0,3.8813559322033897,59
pad,31,0.05,M4,11.0,True,1.0,1.0,0.0,1.0,1.0,5.5,6
pad,31,0.05,M5,4.0,True,1.0,1.0,0.0,1.0,1.0,5.0,2
pad,31,0.05,cov-MEL,,,0.7692307692307693,,,,,,13
pad,31,0.05,sens-MEL,,,,,,1.0,,,13
pad,31,0.05,cov-NV,,,1.0,,,,,,9
pad,31,0.05,cov-BCC,,,0.9864864864864865,,,,,,148
pad,31,0.05,sens-BCC,,,,,,1.0,,,148
pad,31,0.05,cov-AK,,,0.9642857142857143,,,,,,56
pad,31,0.05,sens-AK,,,,,,1.0,,,56
pad,31,0.05,cov-BKL,,,1.0,,,,,,3
pad,31,0.05,cov-SCC,,,0.90625,,,,,,32
pad,31,0.05,sens-SCC,,,,,,1.0,,,32
pad,31,0.1,B,28.0,False,0.9166666666666666,0.9090909090909091,,1.0,1.0,3.0,12
pad,31,0.1,M1,21.0,False,0.8787878787878788,0.8552631578947368,0.0,1.0,1.0,2.696969696969697,33
pad,31,0.1,M2,162.0,False,0.912751677852349,0.9018691588785047,0.0,1.0,1.0,2.9932885906040267,149
pad,31,0.1,M3,78.0,False,0.8813559322033898,0.8452380952380952,0.0,1.0,1.0,2.864406779661017,59
pad,31,0.1,M4,11.0,False,1.0,1.0,0.0,1.0,1.0,4.666666666666667,6
pad,31,0.1,M5,4.0,True,1.0,1.0,0.0,1.0,1.0,4.0,2
pad,31,0.1,cov-MEL,,,0.6923076923076923,,,,,,13
pad,31,0.1,sens-MEL,,,,,,1.0,,,13
pad,31,0.1,cov-NV,,,1.0,,,,,,9
pad,31,0.1,cov-BCC,,,0.9662162162162162,,,,,,148
pad,31,0.1,sens-BCC,,,,,,1.0,,,148
pad,31,0.1,cov-AK,,,0.9285714285714286,,,,,,56
pad,31,0.1,sens-AK,,,,,,1.0,,,56
pad,31,0.1,cov-BKL,,,0.6666666666666666,,,,,,3
pad,31,0.1,cov-SCC,,,0.65625,,,,,,32
pad,31,0.1,sens-SCC,,,,,,1.0,,,32
pad,31,0.15,B,28.0,False,0.9166666666666666,0.9090909090909091,,1.0,1.0,2.4166666666666665,12
pad,31,0.15,M1,21.0,False,0.8787878787878788,0.8552631578947368,0.0,1.0,1.0,2.3333333333333335,33
pad,31,0.15,M2,162.0,False,0.8389261744966443,0.8341121495327103,0.0,1.0,1.0,2.3288590604026846,149
pad,31,0.15,M3,78.0,False,0.7796610169491526,0.7142857142857143,0.0,1.0,1.0,2.1186440677966103,59
pad,31,0.15,M4,11.0,False,1.0,1.0,0.0,1.0,1.0,4.333333333333333,6
pad,31,0.15,M5,4.0,True,1.0,1.0,0.0,1.0,1.0,4.0,2
pad,31,0.15,cov-MEL,,,0.5384615384615384,,,,,,13
pad,31,0.15,sens-MEL,,,,,,1.0,,,13
pad,31,0.15,cov-NV,,,1.0,,,,,,9
pad,31,0.15,cov-BCC,,,0.8918918918918919,,,,,,148
pad,31,0.15,sens-BCC,,,,,,1.0,,,148
pad,31,0.15,cov-AK,,,0.9285714285714286,,,,,,56
pad,31,0.15,sens-AK,,,,,,1.0,,,56
pad,31,0.15,cov-BKL,,,0.6666666666666666,,,,,,3
pad,31,0.15,cov-SCC,,,0.53125,,,,,,32
pad,31,0.15,sens-SCC,,,,,,1.0,,,32
hiba,32,0.05,B,173.0,False,0.9924812030075187,0.9846153846153847,,1.0,1.0,6.285714285714286,133
hiba,32,0.05,M1,24.0,False,1.0,1.0,0.0,1.0,1.0,6.3,20
hiba,32,0.05,M2,214.0,False,0.9398496240601504,0.9579207920792079,0.0,1.0,1.0,6.7669172932330826,133
hiba,32,0.05,M3,28.0,False,1.0,1.0,0.0,1.0,1.0,7.181818181818182,11
hiba,32,0.05,cov-MEL,,,0.9782608695652174,,,,,,46
hiba,32,0.05,sens-MEL,,,,,,1.0,,,46
hiba,32,0.05,cov-NV,,,1.0,,,,,,91
hiba,32,0.05,cov-BCC,,,1.0,,,,,,80
hiba,32,0.05,sens-BCC,,,,,,1.0,,,80
hiba,32,0.05,cov-AK,,,0.7333333333333333,,,,,,15
hiba,32,0.05,sens-AK,,,,,,1.0,,,15
hiba,32,0.05,cov-BKL,,,1.0,,,,,,19
hiba,32,0.05,cov-DF,,,0.9166666666666666,,,,,,12
hiba,32,0.05,cov-VASC,,,1.0,,,,,,11
hiba,32,0.05,cov-SCC,,,0.8695652173913043,,,,,,23
hiba,32,0.05,sens-SCC,,,,,,1.0,,,23
hiba,32,0.1,B,173.0,False,0.9172932330827067,0.9166666666666666,,1.0,1.0,4.075187969924812,133
hiba,32,0.1,M1,24.0,False,1.0,1.0,0.0,1.0,1.0,4.75,20
hiba,32,0.1,M2,214.0,False,0.9022556390977443,0.9282178217821783,0.0,1.0,1.0,4.413533834586466,133
hiba,32,0.1,M3,28.0,False,1.0,1.0,0.0,1.0,1.0,5.0,11
hiba,32,0.1,cov-MEL,,,0.9565217391304348,,,,,,46
hiba,32,0.1,sens-MEL,,,,,,1.0,,,46
hiba,32,0.1,cov-NV,,,1.0,,,,,,91
hiba,32,0.1,cov-BCC,,,0.975,,,,,,80
hiba,32,0.1,sens-BCC,,,,,,1.0,,,80
hiba,32,0.1,cov-AK,,,0.6666666666666666,,,,,,15
hiba,32,0.1,sens-AK,,,,,,1.0,,,15
hiba,32,0.1,cov-BKL,,,1.0,,,,,,19
hiba,32,0.1,cov-DF,,,0.5,,,,,,12
hiba,32,0.1,cov-VASC,,,0.5454545454545454,,,,,,11
hiba,32,0.1,cov-SCC,,,0.8260869565217391,,,,,,23
hiba,32,0.1,sens-SCC,,,,,,1.0,,,23
hiba,32,0.15,B,173.0,False,0.8796992481203008,0.8615384615384616,,1.0,1.0,3.1203007518796992,133
hiba,32,0.15,M1,24.0,False,0.95,0.975,0.0,1.0,1.0,3.8,20
hiba,32,0.15,M2,214.0,False,0.8270676691729323,0.8580858085808581,0.0,1.0,1.0,3.56390977443609,133
hiba,32,0.15,M3,28.0,False,0.6363636363636364,0.611111111111111,0.0,1.0,1.0,2.272727272727273,11
hiba,32,0.15,cov-MEL,,,0.9347826086956522,,,,,,46
hiba,32,0.15,sens-MEL,,,,,,1.0,,,46
hiba,32,0.15,cov-NV,,,0.989010989010989,,,,,,91
hiba,32,0.15,cov-BCC,,,0.8625,,,,,,80
hiba,32,0.15,sens-BCC,,,,,,1.0,,,80
hiba,32,0.15,cov-AK,,,0.5333333333333333,,,,,,15
hiba,32,0.15,sens-AK,,,,,,1.0,,,15
hiba,32,0.15,cov-BKL,,,0.9473684210526315,,,,,,19
hiba,32,0.15,cov-DF,,,0.4166666666666667,,,,,,12
hiba,32,0.15,cov-VASC,,,0.36363636363636365,,,,,,11
hiba,32,0.15,cov-SCC,,,0.6956521739130435,,,,,,23
hiba,32,0.15,sens-SCC,,,,,,1.0,,,23
pad,32,0.05,B,19.0,False,0.9523809523809523,0.95,,1.0,1.0,4.428571428571429,21
pad,32,0.05,M1,25.0,False,1.0,1.0,0.0,1.0,1.0,4.48,25
pad,32,0.05,M2,163.0,False,0.9738562091503268,0.9764150943396226,0.0,1.0,1.0,4.339869281045751,153
pad,32,0.05,M3,69.0,False,0.974025974025974,0.9607843137254902,0.0,1.0,1.0,4.0,77
pad,32,0.05,M4,11.0,True,1.0,1.0,0.0,1.0,1.0,4.857142857142857,7
pad,32,0.05,M5,2.0,True,1.0,1.0,0.0,1.0,1.0,5.25,4
pad,32,0.05,cov-MEL,,,0.75,,,,,,8
pad,32,0.05,sens-MEL,,,,,,1.0,,,8
pad,32,0.05,cov-NV,,,0.9230769230769231,,,,,,13
pad,32,0.05,cov-BCC,,,1.0,,,,,,174
pad,32,0.05,sens-BCC,,,,,,1.0,,,174
pad,32,0.05,cov-AK,,,0.9655172413793104,,,,,,58
pad,32,0.05,sens-AK,,,,,,1.0,,,58
pad,32,0.05,cov-BKL,,,1.0,,,,,,8
pad,32,0.05,cov-SCC,,,0.9230769230769231,,,,,,26
pad,32,0.05,sens-SCC,,,,,,1.0,,,26
pad,32,0.1,B,19.0,False,0.8095238095238095,0.8,,1.0,1.0,2.9523809523809526,21
pad,32,0.1,M1,25.0,False,1.0,1.0,0.0,1.0,1.0,3.04,25
pad,32,0.1,M2,163.0,False,0.9411764705882353,0.9386792452830188,0.0,1.0,1.0,2.627450980392157,153
pad,32,0.1,M3,69.0,False,0.961038961038961,0.9411764705882353,0.0,1.0,1.0,2.6493506493506493,77
pad,32,0.1,M4,11.0,False,1.0,1.0,0.0,1.0,1.0,3.7142857142857144,7
pad,32,0.1,M5,2.0,True,1.0,1.0,0.0,1.0,1.0,4.25,4
pad,32,0.1,cov-MEL,,,0.75,,,,,,8
pad,32,0.1,sens-MEL,,,,,,1.0,,,8
pad,32,0.1,cov-NV,,,0.7692307692307693,,,,,,13
pad,32,0.1,cov-BCC,,,0.9885057471264368,,,,,,174
pad,32,0.1,sens-BCC,,,,,,1.0,,,174
pad,32,0.1,cov-AK,,,0.9655172413793104,,,,,,58
pad,32,0.1,sens-AK,,,,,,1.0,,,58
pad,32,0.1,cov-BKL,,,0.875,,,,,,8
pad,32,0.1,cov-SCC,,,0.7692307692307693,,,,,,26
pad,32,0.1,sens-SCC,,,,,,1.0,,,26
pad,32,0.15,B,19.0,False,0.7619047619047619,0.75,,1.0,1.0,2.761904761904762,21
pad,32,0.15,M1,25.0,False,1.0,1.0,0.0,1.0,1.0,2.64,25
pad,32,0.15,M2,163.0,False,0.9019607843137255,0.8962264150943396,0.0,1.0,1.0,2.34640522875817,153
pad,32,0.15,M3,69.0,False,0.961038961038961,0.9411764705882353,0.0,1.0,1.0,2.3766233766233764,77
pad,32,0.15,M4,11.0,False,1.0,1.0,0.0,1.0,1.0,3.5714285714285716,7
pad,32,0.15,M5,2.0,True,1.0,1.0,0.0,1.0,1.0,4.0,4
pad,32,0.15,cov-MEL,,,0.75,,,,,,8
pad,32,0.15,sens-MEL,,,,,,1.0,,,8
pad,32,0.15,cov-NV,,,0.7692307692307693,,,,,,13
pad,32,0.15,cov-BCC,,,0.9655172413793104,,,,,,174
pad,32,0.15,sens-BCC,,,,,,1.0,,,174
pad,32,0.15,cov-AK,,,0.9655172413793104,,,,,,58
pad,32,0.15,sens-AK,,,,,,1.0,,,58
pad,32,0.15,cov-BKL,,,0.75,,,,,,8
pad,32,0.15,cov-SCC,,,0.6923076923076923,,,,,,26
pad,32,0.15,sens-SCC,,,,,,1.0,,,26
hiba,33,0.05,B,170.0,False,0.9811320754716981,0.9411764705882353,,1.0,1.0,6.0,265
hiba,33,0.05,M1,26.0,False,1.0,1.0,0.0,1.0,1.0,6.4375,16
hiba,33,0.05,M2,214.0,False,0.944,0.9455445544554455,0.0,1.0,1.0,6.256,125
hiba,33,0.05,M3,30.0,False,1.0,1.0,0.0,1.0,1.0,6.4,5
hiba,33,0.05,cov-MEL,,,0.9818181818181818,,,,,,55
hiba,33,0.05,sens-MEL,,,,,,1.0,,,55
hiba,33,0.05,cov-NV,,,1.0,,,,,,238
hiba,33,0.05,cov-BCC,,,1.0,,,,,,52
hiba,33,0.05,sens-BCC,,,,,,1.0,,,52
hiba,33,0.05,cov-AK,,,1.0,,,,,,11
hiba,33,0.05,sens-AK,,,,,,1.0,,,11
hiba,33,0.05,cov-BKL,,,1.0,,,,,,9
hiba,33,0.05,cov-DF,,,0.5,,,,,,10
hiba,33,0.05,cov-VASC,,,1.0,,,,,,8
hiba,33,0.05,cov-SCC,,,0.7857142857142857,,,,,,28
hiba,33,0.05,sens-SCC,,,,,,1.0,,,28
hiba,33,0.1,B,170.0,False,0.9622641509433962,0.9068627450980392,,1.0,1.0,4.324528301886793,265
hiba,33,0.1,M1,26.0,False,1.0,1.0,0.0,1.0,1.0,5.0,16
hiba,33,0.1,M2,214.0,False,0.896,0.8935643564356436,0.0,1.0,1.0,4.408,125
hiba,33,0.1,M3,30.0,False,1.0,1.0,0.0,1.0,1.0,5.0,5
hiba,33,0.1,cov-MEL,,,0.9454545454545454,,,,,,55
hiba,33,0.1,sens-MEL,,,,,,1.0,,,55
hiba,33,0.1,cov-NV,,,0.9957983193277311,,,,,,238
hiba,33,0.1,cov-BCC,,,0.9807692307692307,,,,,,52
hiba,33,0.1,sens-BCC,,,,,,1.0,,,52
hiba,33,0.1,cov-AK,,,0.9090909090909091,,,,,,11
hiba,33,0.1,sens-AK,,,,,,1.0,,,11
hiba,33,0.1,cov-BKL,,,1.0,,,,,,9
hiba,33,0.1,cov-DF,,,0.4,,,,,,10
hiba,33,0.1,cov-VASC,,,0.625,,,,,,8
hiba,33,0.1,cov-SCC,,,0.7142857142857143,,,,,,28
hiba,33,0.1,sens-SCC,,,,,,1.0,,,28
hiba,33,0.15,B,170.0,False,0.939622641509434,0.8357843137254901,,1.0,1.0,3.539622641509434,265
hiba,33,0.15,M1,26.0,False,0.9375,0.96875,0.0,1.0,1.0,3.625,16
hiba,33,0.15,M2,214.0,False,0.856,0.8506600660066007,0.0,1.0,1.0,3.56,125
hiba,33,0.15,M3,30.0,False,1.0,1.0,0.0,1.0,1.0,3.4,5
hiba,33,0.15,cov-MEL,,,0.9454545454545454,,,,,,55
hiba,33,0.15,sens-MEL,,,,,,1.0,,,55
hiba,33,0.15,cov-NV,,,0.9957983193277311,,,,,,238
hiba,33,0.15,cov-BCC,,,0.9230769230769231,,,,,,52
hiba,33,0.15,sens-BCC,,,,,,1.0,,,52
hiba,33,0.15,cov-AK,,,0.8181818181818182,,,,,,11
hiba,33,0.15,sens-AK,,,,,,1.0,,,11
hiba,33,0.15,cov-BKL,,,0.7777777777777778,,,,,,9
hiba,33,0.15,cov-DF,,,0.2,,,,,,10
hiba,33,0.15,cov-VASC,,,0.375,,,,,,8
hiba,33,0.15,cov-SCC,,,0.6428571428571429,,,,,,28
hiba,33,0.15,sens-SCC,,,,,,1.0,,,28
pad,33,0.05,B,27.0,False,0.8461538461538461,0.8333333333333334,,1.0,1.0,3.8461538461538463,13
pad,33,0.05,M1,23.0,False,1.0,1.0,0.0,1.0,1.0,3.3793103448275863,29
pad,33,0.05,M2,170.0,False,0.9384615384615385,0.9478114478114479,0.0,1.0,1.0,3.4307692307692306,130
pad,33,0.05,M3,70.0,False,0.96875,0.96,0.0,1.0,1.0,3.609375,64
pad,33,0.05,M4,12.0,True,1.0,1.0,0.0,1.0,1.0,4.8,5
pad,33,0.05,M5,2.0,True,1.0,1.0,0.0,1.0,1.0,5.666666666666667,3
pad,33,0.05,cov-MEL,,,1.0,,,,,,7
pad,33,0.05,sens-MEL,,,,,,1.0,,,7
pad,33,0.05,cov-NV,,,0.8571428571428571,,,,,,7
pad,33,0.05,cov-BCC,,,0.993421052631579,,,,,,152
pad,33,0.05,sens-BCC,,,,,,1.0,,,152
pad,33,0.05,cov-AK,,,0.9069767441860465,,,,,,43
pad,33,0.05,sens-AK,,,,,,1.0,,,43
pad,33,0.05,cov-BKL,,,0.8333333333333334,,,,,,6
pad,33,0.05,cov-SCC,,,0.8275862068965517,,,,,,29
pad,33,0.05,sens-SCC,,,,,,1.0,,,29
pad,33,0.1,B,27.0,False,0.8461538461538461,0.8333333333333334,,1.0,1.0,3.076923076923077,13
pad,33,0.1,M1,23.0,False,0.9310344827586207,0.9705882352941176,0.0,1.0,1.0,2.9655172413793105,29
pad,33,0.1,M2,170.0,False,0.8769230769230769,0.8872053872053873,0.0,1.0,1.0,2.8384615384615386,130
pad,33,0.1,M3,70.0,False,0.9375,0.93,0.0,1.0,1.0,3.15625,64
pad,33,0.1,M4,12.0,False,1.0,1.0,0.0,1.0,1.0,4.4,5
pad,33,0.1,M5,2.0,True,1.0,1.0,0.0,1.0,1.0,5.666666666666667,3
pad,33,0.1,cov-MEL,,,1.0,,,,,,7
pad,33,0.1,sens-MEL,,,,,,1.0,,,7
pad,33,0.1,cov-NV,,,0.8571428571428571,,,,,,7
pad,33,0.1,cov-BCC,,,0.9539473684210527,,,,,,152
pad,33,0.1,sens-BCC,,,,,,1.0,,,152
pad,33,0.1,cov-AK,,,0.9069767441860465,,,,,,43
pad,33,0.1,sens-AK,,,,,,1.0,,,43
pad,33,0.1,cov-BKL,,,0.8333333333333334,,,,,,6
pad,33,0.1,cov-SCC,,,0.6206896551724138,,,,,,29
pad,33,0.1,sens-SCC,,,,,,1.0,,,29
pad,33,0.15,B,27.0,False,0.6923076923076923,0.6666666666666666,,1.0,1.0,2.230769230769231,13
pad,33,0.15,M1,23.0,False,0.8620689655172413,0.8529411764705882,0.0,1.0,1.0,2.206896551724138,29
pad,33,0.15,M2,170.0,False,0.8384615384615385,0.8468013468013469,0.0,1.0,1.0,2.3076923076923075,130
pad,33,0.15,M3,70.0,False,0.859375,0.8433333333333334,0.0,1.0,1.0,2.25,64
pad,33,0.15,M4,12.0,False,1.0,1.0,0.0,1.0,1.0,3.6,5
pad,33,0.15,M5,2.0,True,1.0,1.0,0.0,1.0,1.0,4.333333333333333,3
pad,33,0.15,cov-MEL,,,0.8571428571428571,,,,,,7
pad,33,0.15,sens-MEL,,,,,,1.0,,,7
pad,33,0.15,cov-NV,,,0.7142857142857143,,,,,,7
pad,33,0.15,cov-BCC,,,0.9078947368421053,,,,,,152
pad,33,0.15,sens-BCC,,,,,,1.0,,,152
pad,33,0.15,cov-AK,,,0.8604651162790697,,,,,,43
pad,33,0.15,sens-AK,,,,,,1.0,,,43
pad,33,0.15,cov-BKL,,,0.6666666666666666,,,,,,6
pad,33,0.15,cov-SCC,,,0.5517241379310345,,,,,,29
pad,33,0.15,sens-SCC,,,,,,1.0,,,29
hiba,34,0.05,B,167.0,False,0.9384615384615385,0.8908450704225352,,1.0,1.0,4.994871794871795,195
hiba,34,0.05,M1,22.0,False,0.9444444444444444,0.9166666666666666,0.0,1.0,1.0,4.888888888888889,18
hiba,34,0.05,M2,218.0,False,0.8852459016393442,0.8917525773195877,0.0,1.0,1.0,5.30327868852459,122
hiba,34,0.05,M3,29.0,False,0.8333333333333334,0.8,0.0,1.0,1.0,5.333333333333333,6
hiba,34,0.05,cov-MEL,,,0.9782608695652174,,,,,,46
hiba,34,0.05,sens-MEL,,,,,,1.0,,,46
hiba,34,0.05,cov-NV,,,1.0,,,,,,142
hiba,34,0.05,cov-BCC,,,0.9482758620689655,,,,,,58
hiba,34,0.05,sens-BCC,,,,,,1.0,,,58
hiba,34,0.05,cov-AK,,,0.625,,,,,,16
hiba,34,0.05,sens-AK,,,,,,1.0,,,16
hiba,34,0.05,cov-BKL,,,1.0,,,,,,20
hiba,34,0.05,cov-DF,,,0.5882352941176471,,,,,,17
hiba,34,0.05,cov-VASC,,,0.6875,,,,,,16
hiba,34,0.05,cov-SCC,,,0.7692307692307693,,,,,,26
hiba,34,0.05,sens-SCC,,,,,,1.0,,,26
hiba,34,0.1,B,167.0,False,0.9025641025641026,0.8321596244131455,,1.0,1.0,3.523076923076923,195
hiba,34,0.1,M1,22.0,False,0.9444444444444444,0.9166666666666666,0.0,1.0,1.0,4.0,18
hiba,34,0.1,M2,218.0,False,0.8278688524590164,0.8496563573883162,0.0,1.0,1.0,3.8852459016393444,122
hiba,34,0.1,M3,29.0,False,0.8333333333333334,0.8,0.0,1.0,1.0,3.8333333333333335,6
hiba,34,0.1,cov-MEL,,,0.9782608695652174,,,,,,46
hiba,34,0.1,sens-MEL,,,,,,1.0,,,46
hiba,34,0.1,cov-NV,,,1.0,,,,,,142
hiba,34,0.1,cov-BCC,,,0.9137931034482759,,,,,,58
hiba,34,0.1,sens-BCC,,,,,,1.0,,,58
hiba,34,0.1,cov-AK,,,0.5625,,,,,,16
hiba,34,0.1,sens-AK,,,,,,1.0,,,16
hiba,34,0.1,cov-BKL,,,0.95,,,,,,20
hiba,34,0.1,cov-DF,,,0.35294117647058826,,,,,,17
hiba,34,0.1,cov-VASC,,,0.5625,,,,,,16
hiba,34,0.1,cov-SCC,,,0.6153846153846154,,,,,,26
hiba,34,0.1,sens-SCC,,,,,,1.0,,,26
hiba,34,0.15,B,167.0,False,0.8871794871794871,0.7899061032863849,,1.0,1.0,3.0358974358974358,195
hiba,34,0.15,M1,22.0,False,0.7222222222222222,0.763888888888889,0.0,1.0,1.0,3.2222222222222223,18
hiba,34,0.15,M2,218.0,False,0.7622950819672131,0.7774914089347079,0.0,1.0,1.0,3.1311475409836067,122
hiba,34,0.15,M3,29.0,False,0.8333333333333334,0.8,0.0,1.0,1.0,3.3333333333333335,6
hiba,34,0.15,cov-MEL,,,0.9130434782608695,,,,,,46
hiba,34,0.15,sens-MEL,,,,,,1.0,,,46
hiba,34,0.15,cov-NV,,,0.9859154929577465,,,,,,142
hiba,34,0.15,cov-BCC,,,0.8275862068965517,,,,,,58
hiba,34,0.15,sens-BCC,,,,,,1.0,,,58
hiba,34,0.15,cov-AK,,,0.5625,,,,,,16
hiba,34,0.15,sens-AK,,,,,,1.0,,,16
hiba,34,0.15,cov-BKL,,,0.9,,,,,,20
hiba,34,0.15,cov-DF,,,0.35294117647058826,,,,,,17
hiba,34,0.15,cov-VASC,,,0.5625,,,,,,16
hiba,34,0.15,cov-SCC,,,0.46153846153846156,,,,,,26
hiba,34,0.15,sens-SCC,,,,,,1.0,,,26
pad,34,0.05,B,18.0,True,1.0,1.0,,1.0,1.0,5.923076923076923,26
pad,34,0.05,M1,22.0,False,0.9655172413793104,0.9444444444444444,0.0,1.0,1.0,6.551724137931035,29
pad,34,0.05,M2,160.0,False,0.9024390243902439,0.9128440366972477,0.0,1.0,1.0,6.487804878048781,164
pad,34,0.05,M3,75.0,False,0.9523809523809523,0.9333333333333333,0.0,1.0,1.0,7.031746031746032,63
pad,34,0.05,M4,7.0,True,1.0,1.0,0.0,1.0,1.0,8.0,11
pad,34,0.05,M5,3.0,True,1.0,1.0,0.0,1.0,1.0,8.0,2
pad,34,0.05,cov-MEL,,,0.8,,,,,,10
pad,34,0.05,sens-MEL,,,,,,1.0,,,10
pad,34,0.05,cov-NV,,,1.0,,,,,,16
pad,34,0.05,cov-BCC,,,0.99375,,,,,,160
pad,34,0.05,sens-BCC,,,,,,1.0,,,160
pad,34,0.05,cov-AK,,,0.9272727272727272,,,,,,55
pad,34,0.05,sens-AK,,,,,,1.0,,,55
pad,34,0.05,cov-BKL,,,1.0,,,,,,10
pad,34,0.05,cov-SCC,,,0.7045454545454546,,,,,,44
pad,34,0.05,sens-SCC,,,,,,1.0,,,44
pad,34,0.1,B,18.0,False,1.0,1.0,,1.0,1.0,3.5384615384615383,26
pad,34,0.1,M1,22.0,False,0.9310344827586207,0.9166666666666666,0.0,1.0,1.0,3.6551724137931036,29
pad,34,0.1,M2,160.0,False,0.8963414634146342,0.9036697247706422,0.0,1.0,1.0,3.6219512195121952,164
pad,34,0.1,M3,75.0,False,0.9047619047619048,0.8777777777777778,0.0,1.0,1.0,3.6666666666666665,63
pad,34,0.1,M4,7.0,True,1.0,1.0,0.0,1.0,1.0,5.545454545454546,11
pad,34,0.1,M5,3.0,True,1.0,1.0,0.0,1.0,1.0,5.5,2
pad,34,0.1,cov-MEL,,,0.7,,,,,,10
pad,34,0.1,sens-MEL,,,,,,1.0,,,10
pad,34,0.1,cov-NV,,,1.0,,,,,,16
pad,34,0.1,cov-BCC,,,0.9875,,,,,,160
pad,34,0.1,sens-BCC,,,,,,1.0,,,160
pad,34,0.1,cov-AK,,,0.9272727272727272,,,,,,55
pad,34,0.1,sens-AK,,,,,,1.0,,,55
pad,34,0.1,cov-BKL,,,1.0,,,,,,10
pad,34,0.1,cov-SCC,,,0.6363636363636364,,,,,,44
pad,34,0.1,sens-SCC,,,,,,1.0,,,44
pad,34,0.15,B,18.0,False,0.8076923076923077,0.7619047619047619,,1.0,1.0,2.3461538461538463,26
pad,34,0.15,M1,22.0,False,0.8275862068965517,0.7777777777777778,0.0,1.0,1.0,2.0,29
pad,34,0.15,M2,160.0,False,0.823170731707317,0.8318042813455658,0.0,1.0,1.0,2.201219512195122,164
pad,34,0.15,M3,75.0,False,0.8253968253968254,0.8222222222222222,0.0,1.0,1.0,2.1587301587301586,63
pad,34,0.15,M4,7.0,False,1.0,1.0,0.0,1.0,1.0,4.0,11
pad,34,0.15,M5,3.0,True,1.0,1.0,0.0,1.0,1.0,4.5,2
pad,34,0.15,cov-MEL,,,0.6,,,,,,10
pad,34,0.15,sens-MEL,,,,,,1.0,,,10
pad,34,0.15,cov-NV,,,0.875,,,,,,16
pad,34,0.15,cov-BCC,,,0.9125,,,,,,160
pad,34,0.15,sens-BCC,,,,,,1.0,,,160
pad,34,0.15,cov-AK,,,0.8909090909090909,,,,,,55
pad,34,0.15,sens-AK,,,,,,1.0,,,55
pad,34,0.15,cov-BKL,,,0.7,,,,,,10
pad,34,0.15,cov-SCC,,,0.5227272727272727,,,,,,44
pad,34,0.15,sens-SCC,,,,,,1.0,,,44
hiba,35,0.05,B,157.0,False,0.9947089947089947,0.9876543209876543,,1.0,1.0,6.121693121693122,189
hiba,35,0.05,M1,24.0,False,0.9375,0.9,0.0,1.0,1.0,5.875,16
hiba,35,0.05,M2,225.0,False,0.9491525423728814,0.95,0.0,1.0,1.0,6.669491525423729,118
hiba,35,0.05,M3,25.0,False,0.9285714285714286,0.8888888888888888,0.0,1.0,1.0,6.785714285714286,14
hiba,35,0.05,cov-MEL,,,0.9767441860465116,,,,,,43
hiba,35,0.05,sens-MEL,,,,,,1.0,,,43
hiba,35,0.05,cov-NV,,,1.0,,,,,,143
hiba,35,0.05,cov-BCC,,,0.9759036144578314,,,,,,83
hiba,35,0.05,sens-BCC,,,,,,1.0,,,83
hiba,35,0.05,cov-AK,,,1.0,,,,,,7
hiba,35,0.05,sens-AK,,,,,,1.0,,,7
hiba,35,0.05,cov-BKL,,,1.0,,,,,,18
hiba,35,0.05,cov-DF,,,0.9285714285714286,,,,,,14
hiba,35,0.05,cov-VASC,,,1.0,,,,,,14
hiba,35,0.05,cov-SCC,,,0.6666666666666666,,,,,,15
hiba,35,0.05,sens-SCC,,,,,,1.0,,,15
hiba,35,0.1,B,157.0,False,0.9523809523809523,0.9094650205761318,,1.0,1.0,3.6984126984126986,189
hiba,35,0.1,M1,24.0,False,0.9375,0.9,0.0,1.0,1.0,4.4375,16
hiba,35,0.1,M2,225.0,False,0.8898305084745762,0.8916666666666667,0.0,1.0,1.0,4.245762711864407,118
hiba,35,0.1,M3,25.0,False,0.8571428571428571,0.7777777777777778,0.0,1.0,1.0,3.357142857142857,14
hiba,35,0.1,cov-MEL,,,0.9302325581395349,,,,,,43
hiba,35,0.1,sens-MEL,,,,,,1.0,,,43
hiba,35,0.1,cov-NV,,,1.0,,,,,,143
hiba,35,0.1,cov-BCC,,,0.9397590361445783,,,,,,83
hiba,35,0.1,sens-BCC,,,,,,1.0,,,83
hiba,35,0.1,cov-AK,,,1.0,,,,,,7
hiba,35,0.1,sens-AK,,,,,,1.0,,,7
hiba,35,0.1,cov-BKL,,,1.0,,,,,,18
hiba,35,0.1,cov-DF,,,0.42857142857142855,,,,,,14
hiba,35,0.1,cov-VASC,,,0.9285714285714286,,,,,,14
hiba,35,0.1,cov-SCC,,,0.4666666666666667,,,,,,15
hiba,35,0.1,sens-SCC,,,,,,1.0,,,15
hiba,35,0.15,B,157.0,False,0.9365079365079365,0.8868312757201647,,1.0,1.0,3.2433862433862433,189
hiba,35,0.15,M1,24.0,False,0.8125,0.8166666666666668,0.0,1.0,1.0,3.625,16
hiba,35,0.15,M2,225.0,False,0.8728813559322034,0.8777777777777778,0.0,1.0,1.0,3.711864406779661,118
hiba,35,0.15,M3,25.0,False,0.7142857142857143,0.7407407407407407,0.0,1.0,1.0,2.5714285714285716,14
hiba,35,0.15,cov-MEL,,,0.9302325581395349,,,,,,43
hiba,35,0.15,sens-MEL,,,,,,1.0,,,43
hiba,35,0.15,cov-NV,,,1.0,,,,,,143
hiba,35,0.15,cov-BCC,,,0.8795180722891566,,,,,,83
hiba,35,0.15,sens-BCC,,,,,,1.0,,,83
hiba,35,0.15,cov-AK,,,1.0,,,,,,7
hiba,35,0.15,sens-AK,,,,,,1.0,,,7
hiba,35,0.15,cov-BKL,,,0.9444444444444444,,,,,,18
hiba,35,0.15,cov-DF,,,0.42857142857142855,,,,,,14
hiba,35,0.15,cov-VASC,,,0.7857142857142857,,,,,,14
hiba,35,0.15,cov-SCC,,,0.4,,,,,,15
hiba,35,0.15,sens-SCC,,,,,,1.0,,,15
pad,35,0.05,B,24.0,False,1.0,1.0,,1.0,1.0,4.294117647058823,17
pad,35,0.05,M1,24.0,False,0.9655172413793104,0.9791666666666666,0.0,1.0,1.0,4.0,29
pad,35,0.05,M2,159.0,False,0.9627329192546584,0.9727272727272728,0.0,1.0,1.0,4.248447204968944,161
pad,35,0.05,M3,79.0,False,0.8524590163934426,0.7926829268292683,0.0,1.0,1.0,3.540983606557377,61
pad,35,0.05,M4,10.0,True,1.0,1.0,0.0,1.0,1.0,5.3,10
pad,35,0.05,M5,4.0,True,1.0,1.0,0.0,1.0,1.0,6.0,1
pad,35,0.05,cov-MEL,,,0.8,,,,,,10
pad,35,0.05,sens-MEL,,,,,,1.0,,,10
pad,35,0.05,cov-NV,,,1.0,,,,,,8
pad,35,0.05,cov-BCC,,,0.9931506849315068,,,,,,146
pad,35,0.05,sens-BCC,,,,,,1.0,,,146
pad,35,0.05,cov-AK,,,0.9508196721311475,,,,,,61
pad,35,0.05,sens-AK,,,,,,1.0,,,61
pad,35,0.05,cov-BKL,,,1.0,,,,,,9
pad,35,0.05,cov-SCC,,,0.7777777777777778,,,,,,45
pad,35,0.05,sens-SCC,,,,,,1.0,,,45
pad,35,0.1,B,24.0,False,0.9411764705882353,0.9333333333333333,,1.0,1.0,3.1176470588235294,17
pad,35,0.1,M1,24.0,False,0.896551724137931,0.9479166666666666,0.0,1.0,1.0,3.0,29
pad,35,0.1,M2,159.0,False,0.9192546583850931,0.9333333333333332,0.0,1.0,1.0,2.9751552795031055,161
pad,35,0.1,M3,79.0,False,0.8032786885245902,0.75,0.0,1.0,1.0,2.557377049180328,61
pad,35,0.1,M4,10.0,False,0.9,0.8571428571428571,0.0,1.0,1.0,3.5,10
pad,35,0.1,M5,4.0,True,1.0,1.0,0.0,1.0,1.0,6.0,1
pad,35,0.1,cov-MEL,,,0.8,,,,,,10
pad,35,0.1,sens-MEL,,,,,,1.0,,,10
pad,35,0.1,cov-NV,,,1.0,,,,,,8
pad,35,0.1,cov-BCC,,,0.958904109589041,,,,,,146
pad,35,0.1,sens-BCC,,,,,,1.0,,,146
pad,35,0.1,cov-AK,,,0.9344262295081968,,,,,,61
pad,35,0.1,sens-AK,,,,,,1.0,,,61
pad,35,0.1,cov-BKL,,,0.8888888888888888,,,,,,9
pad,35,0.1,cov-SCC,,,0.6222222222222222,,,,,,45
pad,35,0.1,sens-SCC,,,,,,1.0,,,45
pad,35,0.15,B,24.0,False,0.9411764705882353,0.9333333333333333,,1.0,1.0,2.8823529411764706,17
pad,35,0.15,M1,24.0,False,0.896551724137931,0.9479166666666666,0.0,1.0,1.0,3.0,29
pad,35,0.15,M2,159.0,False,0.84472049689441,0.8568181818181819,0.0,1.0,1.0,2.590062111801242,161
pad,35,0.15,M3,79.0,False,0.7868852459016393,0.7439024390243902,0.0,1.0,1.0,2.3934426229508197,61
pad,35,0.15,M4,10.0,False,0.9,0.8571428571428571,0.0,1.0,1.0,3.5,10
pad,35,0.15,M5,4.0,True,1.0,1.0,0.0,1.0,1.0,6.0,1
pad,35,0.15,cov-MEL,,,0.7,,,,,,10
pad,35,0.15,sens-MEL,,,,,,1.0,,,10
pad,35,0.15,cov-NV,,,1.0,,,,,,8
pad,35,0.15,cov-BCC,,,0.9178082191780822,,,,,,146
pad,35,0.15,sens-BCC,,,,,,1.0,,,146
pad,35,0.15,cov-AK,,,0.9016393442622951,,,,,,61
pad,35,0.15,sens-AK,,,,,,1.0,,,61
pad,35,0.15,cov-BKL,,,0.8888888888888888,,,,,,9
pad,35,0.15,cov-SCC,,,0.5333333333333333,,,,,,45
pad,35,0.15,sens-SCC,,,,,,1.0,,,45
hiba,36,0.05,B,170.0,False,0.9626865671641791,0.9448529411764706,,1.0,1.0,6.268656716417911,134
hiba,36,0.05,M1,20.0,False,1.0,1.0,0.0,1.0,1.0,6.3478260869565215,23
hiba,36,0.05,M2,217.0,False,0.9699248120300752,0.9872448979591837,0.0,1.0,1.0,6.609022556390977,133
hiba,36,0.05,M3,21.0,False,1.0,1.0,0.0,1.0,1.0,6.388888888888889,18
hiba,36,0.05,cov-MEL,,,1.0,,,,,,63
hiba,36,0.05,sens-MEL,,,,,,1.0,,,63
hiba,36,0.05,cov-NV,,,1.0,,,,,,91
hiba,36,0.05,cov-BCC,,,1.0,,,,,,68
hiba,36,0.05,sens-BCC,,,,,,1.0,,,68
hiba,36,0.05,cov-AK,,,0.8421052631578947,,,,,,19
hiba,36,0.05,sens-AK,,,,,,1.0,,,19
hiba,36,0.05,cov-BKL,,,1.0,,,,,,22
hiba,36,0.05,cov-DF,,,0.7272727272727273,,,,,,11
hiba,36,0.05,cov-VASC,,,0.8,,,,,,10
hiba,36,0.05,cov-SCC,,,0.9583333333333334,,,,,,24
hiba,36,0.05,sens-SCC,,,,,,1.0,,,24
hiba,36,0.1,B,170.0,False,0.9253731343283582,0.903186274509804,,1.0,1.0,4.343283582089552,134
hiba,36,0.1,M1,20.0,False,1.0,1.0,0.0,1.0,1.0,4.6521739130434785,23
hiba,36,0.1,M2,217.0,False,0.924812030075188,0.9438775510204082,0.0,1.0,1.0,4.571428571428571,133
hiba,36,0.1,M3,21.0,False,1.0,1.0,0.0,1.0,1.0,5.222222222222222,18
hiba,36,0.1,cov-MEL,,,0.9841269841269841,,,,,,63
hiba,36,0.1,sens-MEL,,,,,,1.0,,,63
hiba,36,0.1,cov-NV,,,1.0,,,,,,91
hiba,36,0.1,cov-BCC,,,0.9852941176470589,,,,,,68
hiba,36,0.1,sens-BCC,,,,,,1.0,,,68
hiba,36,0.1,cov-AK,,,0.7368421052631579,,,,,,19
hiba,36,0.1,sens-AK,,,,,,1.0,,,19
hiba,36,0.1,cov-BKL,,,1.0,,,,,,22
hiba,36,0.1,cov-DF,,,0.45454545454545453,,,,,,11
hiba,36,0.1,cov-VASC,,,0.6,,,,,,10
hiba,36,0.1,cov-SCC,,,0.875,,,,,,24
hiba,36,0.1,sens-SCC,,,,,,1.0,,,24
hiba,36,0.15,B,170.0,False,0.8955223880597015,0.866421568627451,,1.0,1.0,3.455223880597015,134
hiba,36,0.15,M1,20.0,False,0.8695652173913043,0.8928571428571429,0.0,1.0,1.0,3.5652173913043477,23
hiba,36,0.15,M2,217.0,False,0.849624060150376,0.872108843537415,0.0,1.0,1.0,3.774436090225564,133
hiba,36,0.15,M3,21.0,False,1.0,1.0,0.0,1.0,1.0,4.444444444444445,18
hiba,36,0.15,cov-MEL,,,0.9682539682539683,,,,,,63
hiba,36,0.15,sens-MEL,,,,,,1.0,,,63
hiba,36,0.15,cov-NV,,,1.0,,,,,,91
hiba,36,0.15,cov-BCC,,,0.8823529411764706,,,,,,68
hiba,36,0.15,sens-BCC,,,,,,1.0,,,68
hiba,36,0.15,cov-AK,,,0.6842105263157895,,,,,,19
hiba,36,0.15,sens-AK,,,,,,1.0,,,19
hiba,36,0.15,cov-BKL,,,0.9545454545454546,,,,,,22
hiba,36,0.15,cov-DF,,,0.36363636363636365,,,,,,11
hiba,36,0.15,cov-VASC,,,0.4,,,,,,10
hiba,36,0.15,cov-SCC,,,0.7083333333333334,,,,,,24
hiba,36,0.15,sens-SCC,,,,,,1.0,,,24
pad,36,0.05,B,25.0,False,1.0,1.0,,1.0,1.0,4.5625,16
pad,36,0.05,M1,25.0,False,0.92,0.9111111111111111,0.0,1.0,1.0,3.76,25
pad,36,0.05,M2,169.0,False,0.9859154929577465,0.9885714285714287,0.0,1.0,1.0,4.190140845070423,142
pad,36,0.05,M3,70.0,False,0.9876543209876543,0.98,0.0,1.0,1.0,4.197530864197531,81
pad,36,0.05,M4,7.0,True,1.0,1.0,0.0,1.0,1.0,5.3076923076923075,13
pad,36,0.05,M5,4.0,True,1.0,1.0,0.0,1.0,1.0,5.0,1
pad,36,0.05,cov-MEL,,,1.0,,,,,,7
pad,36,0.05,sens-MEL,,,,,,1.0,,,7
pad,36,0.05,cov-NV,,,1.0,,,,,,9
pad,36,0.05,cov-BCC,,,0.9942528735632183,,,,,,174
pad,36,0.05,sens-BCC,,,,,,1.0,,,174
pad,36,0.05,cov-AK,,,0.9811320754716981,,,,,,53
pad,36,0.05,sens-AK,,,,,,1.0,,,53
pad,36,0.05,cov-BKL,,,1.0,,,,,,7
pad,36,0.05,cov-SCC,,,0.8928571428571429,,,,,,28
pad,36,0.05,sens-SCC,,,,,,1.0,,,28
pad,36,0.1,B,25.0,False,1.0,1.0,,1.0,1.0,4.1875,16
pad,36,0.1,M1,25.0,False,0.88,0.8944444444444444,0.0,1.0,1.0,3.68,25
pad,36,0.1,M2,169.0,False,0.9295774647887324,0.9285714285714286,0.0,1.0,1.0,3.591549295774648,142
pad,36,0.1,M3,70.0,False,0.9012345679012346,0.8833333333333334,0.0,1.0,1.0,3.3580246913580245,81
pad,36,0.1,M4,7.0,True,1.0,1.0,0.0,1.0,1.0,5.153846153846154,13
pad,36,0.1,M5,4.0,True,1.0,1.0,0.0,1.0,1.0,5.0,1
pad,36,0.1,cov-MEL,,,0.8571428571428571,,,,,,7
pad,36,0.1,sens-MEL,,,,,,1.0,,,7
pad,36,0.1,cov-NV,,,1.0,,,,,,9
pad,36,0.1,cov-BCC,,,0.9655172413793104,,,,,,174
pad,36,0.1,sens-BCC,,,,,,1.0,,,174
pad,36,0.1,cov-AK,,,0.9433962264150944,,,,,,53
pad,36,0.1,sens-AK,,,,,,1.0,,,53
pad,36,0.1,cov-BKL,,,1.0,,,,,,7
pad,36,0.1,cov-SCC,,,0.6071428571428571,,,,,,28
pad,36,0.1,sens-SCC,,,,,,1.0,,,28
pad,36,0.15,B,25.0,False,1.0,1.0,,1.0,1.0,3.125,16
pad,36,0.15,M1,25.0,False,0.88,0.8944444444444444,0.0,1.0,1.0,2.84,25
pad,36,0.15,M2,169.0,False,0.8802816901408451,0.8821428571428571,0.0,1.0,1.0,2.6267605633802815,142
pad,36,0.15,M3,70.0,False,0.9012345679012346,0.8833333333333334,0.0,1.0,1.0,2.654320987654321,81
pad,36,0.15,M4,7.0,False,1.0,1.0,0.0,1.0,1.0,4.153846153846154,13
pad,36,0.15,M5,4.0,True,1.0,1.0,0.0,1.0,1.0,4.0,1
pad,36,0.15,cov-MEL,,,0.7142857142857143,,,,,,7
pad,36,0.15,sens-MEL,,,,,,1.0,,,7
pad,36,0.15,cov-NV,,,1.0,,,,,,9
pad,36,0.15,cov-BCC,,,0.9597701149425287,,,,,,174
pad,36,0.15,sens-BCC,,,,,,1.0,,,174
pad,36,0.15,cov-AK,,,0.9056603773584906,,,,,,53
pad,36,0.15,sens-AK,,,,,,1.0,,,53
pad,36,0.15,cov-BKL,,,1.0,,,,,,7
pad,36,0.15,cov-SCC,,,0.5,,,,,,28
pad,36,0.15,sens-SCC,,,,,,1.0,,,28
hiba,37,0.05,B,170.0,False,0.9664804469273743,0.9264705882352942,,1.0,1.0,5.966480446927374,179
hiba,37,0.05,M1,24.0,False,1.0,1.0,0.0,1.0,1.0,6.222222222222222,18
hiba,37,0.05,M2,222.0,False,0.9210526315789473,0.9139784946236559,0.0,1.0,1.0,6.131578947368421,114
hiba,37,0.05,M3,24.0,False,1.0,1.0,0.0,1.0,1.0,6.588235294117647,17
hiba,37,0.05,cov-MEL,,,1.0,,,,,,49
hiba,37,0.05,sens-MEL,,,,,,1.0,,,49
hiba,37,0.05,cov-NV,,,1.0,,,,,,139
hiba,37,0.05,cov-BCC,,,0.9833333333333333,,,,,,60
hiba,37,0.05,sens-BCC,,,,,,1.0,,,60
hiba,37,0.05,cov-AK,,,0.75,,,,,,8
hiba,37,0.05,sens-AK,,,,,,1.0,,,8
hiba,37,0.05,cov-BKL,,,1.0,,,,,,24
hiba,37,0.05,cov-DF,,,0.5,,,,,,10
hiba,37,0.05,cov-VASC,,,0.8333333333333334,,,,,,6
hiba,37,0.05,cov-SCC,,,0.8125,,,,,,32
hiba,37,0.05,sens-SCC,,,,,,1.0,,,32
hiba,37,0.1,B,170.0,False,0.9553072625698324,0.9068627450980393,,1.0,1.0,4.5083798882681565,179
hiba,37,0.1,M1,24.0,False,0.9444444444444444,0.9666666666666666,0.0,1.0,1.0,4.944444444444445,18
hiba,37,0.1,M2,222.0,False,0.9122807017543859,0.9032258064516129,0.0,1.0,1.0,4.412280701754386,114
hiba,37,0.1,M3,24.0,False,1.0,1.0,0.0,1.0,1.0,5.235294117647059,17
hiba,37,0.1,cov-MEL,,,1.0,,,,,,49
hiba,37,0.1,sens-MEL,,,,,,1.0,,,49
hiba,37,0.1,cov-NV,,,1.0,,,,,,139
hiba,37,0.1,cov-BCC,,,0.9666666666666667,,,,,,60
hiba,37,0.1,sens-BCC,,,,,,1.0,,,60
hiba,37,0.1,cov-AK,,,0.75,,,,,,8
hiba,37,0.1,sens-AK,,,,,,1.0,,,8
hiba,37,0.1,cov-BKL,,,1.0,,,,,,24
hiba,37,0.1,cov-DF,,,0.3,,,,,,10
hiba,37,0.1,cov-VASC,,,0.8333333333333334,,,,,,6
hiba,37,0.1,cov-SCC,,,0.78125,,,,,,32
hiba,37,0.1,sens-SCC,,,,,,1.0,,,32
hiba,37,0.15,B,170.0,False,0.9441340782122905,0.8872549019607844,,1.0,1.0,3.82122905027933,179
hiba,37,0.15,M1,24.0,False,0.8333333333333334,0.8916666666666666,0.0,1.0,1.0,3.5555555555555554,18
hiba,37,0.15,M2,222.0,False,0.8157894736842105,0.8258064516129032,0.0,1.0,1.0,3.6403508771929824,114
hiba,37,0.15,M3,24.0,False,1.0,1.0,0.0,1.0,1.0,4.235294117647059,17
hiba,37,0.15,cov-MEL,,,0.9591836734693877,,,,,,49
hiba,37,0.15,sens-MEL,,,,,,1.0,,,49
hiba,37,0.15,cov-NV,,,1.0,,,,,,139
hiba,37,0.15,cov-BCC,,,0.9,,,,,,60
hiba,37,0.15,sens-BCC,,,,,,1.0,,,60
hiba,37,0.15,cov-AK,,,0.625,,,,,,8
hiba,37,0.15,sens-AK,,,,,,1.0,,,8
hiba,37,0.15,cov-BKL,,,0.9583333333333334,,,,,,24
hiba,37,0.15,cov-DF,,,0.3,,,,,,10
hiba,37,0.15,cov-VASC,,,0.6666666666666666,,,,,,6
hiba,37,0.15,cov-SCC,,,0.59375,,,,,,32
hiba,37,0.15,sens-SCC,,,,,,1.0,,,32
pad,37,0.05,B,18.0,True,1.0,1.0,,1.0,1.0,6.5,26
pad,37,0.05,M1,18.0,True,1.0,1.0,0.0,1.0,1.0,8.0,32
pad,37,0.05,M2,166.0,False,0.958041958041958,0.9579288025889967,0.0,1.0,1.0,6.951048951048951,143
pad,37,0.05,M3,75.0,False,1.0,1.0,0.0,1.0,1.0,7.123287671232877,73
pad,37,0.05,M4,11.0,True,1.0,1.0,0.0,1.0,1.0,8.0,6
pad,37,0.05,M5,5.0,True,,,,,,,0
pad,37,0.05,cov-MEL,,,1.0,,,,,,8
pad,37,0.05,sens-MEL,,,,,,1.0,,,8
pad,37,0.05,cov-NV,,,1.0,,,,,,15
pad,37,0.05,cov-BCC,,,1.0,,,,,,173
pad,37,0.05,sens-BCC,,,,,,1.0,,,173
pad,37,0.05,cov-AK,,,0.9361702127659575,,,,,,47
pad,37,0.05,sens-AK,,,,,,1.0,,,47
pad,37,0.05,cov-BKL,,,1.0,,,,,,11
pad,37,0.05,cov-SCC,,,0.8846153846153846,,,,,,26
pad,37,0.05,sens-SCC,,,,,,1.0,,,26
pad,37,0.1,B,18.0,False,1.0,1.0,,1.0,1.0,3.8076923076923075,26
pad,37,0.1,M1,18.0,False,1.0,1.0,0.0,1.0,1.0,4.4375,32
pad,37,0.1,M2,166.0,False,0.9440559440559441,0.9433656957928803,0.0,1.0,1.0,3.769230769230769,143
pad,37,0.1,M3,75.0,False,0.9452054794520548,0.9333333333333333,0.0,1.0,1.0,3.6986301369863015,73
pad,37,0.1,M4,11.0,False,0.8333333333333334,0.8333333333333334,0.0,1.0,1.0,4.5,6
pad,37,0.1,M5,5.0,True,,,,,,,0
pad,37,0.1,cov-MEL,,,1.0,,,,,,8
pad,37,0.1,sens-MEL,,,,,,1.0,,,8
pad,37,0.1,cov-NV,,,1.0,,,,,,15
pad,37,0.1,cov-BCC,,,0.9884393063583815,,,,,,173
pad,37,0.1,sens-BCC,,,,,,1.0,,,173
pad,37,0.1,cov-AK,,,0.9361702127659575,,,,,,47
pad,37,0.1,sens-AK,,,,,,1.0,,,47
pad,37,0.1,cov-BKL,,,1.0,,,,,,11
pad,37,0.1,cov-SCC,,,0.6923076923076923,,,,,,26
pad,37,0.1,sens-SCC,,,,,,1.0,,,26
pad,37,0.15,B,18.0,False,1.0,1.0,,1.0,1.0,3.5,26
pad,37,0.15,M1,18.0,False,1.0,1.0,0.0,1.0,1.0,4.0,32
pad,37,0.15,M2,166.0,False,0.8601398601398601,0.8600323624595471,0.0,1.0,1.0,3.3496503496503496,143
pad,37,0.15,M3,75.0,False,0.8904109589041096,0.8703703703703705,0.0,1.0,1.0,3.1780821917808217,73
pad,37,0.15,M4,11.0,False,0.8333333333333334,0.8333333333333334,0.0,1.0,1.0,4.333333333333333,6
pad,37,0.15,M5,5.0,True,,,,,,,0
pad,37,0.15,cov-MEL,,,0.875,,,,,,8
pad,37,0.15,sens-MEL,,,,,,1.0,,,8
pad,37,0.15,cov-NV,,,1.0,,,,,,15
pad,37,0.15,cov-BCC,,,0.930635838150289,,,,,,173
pad,37,0.15,sens-BCC,,,,,,1.0,,,173
pad,37,0.15,cov-AK,,,0.9361702127659575,,,,,,47
pad,37,0.15,sens-AK,,,,,,1.0,,,47
pad,37,0.15,cov-BKL,,,1.0,,,,,,11
pad,37,0.15,cov-SCC,,,0.5,,,,,,26
pad,37,0.15,sens-SCC,,,,,,1.0,,,26
hiba,38,0.05,B,162.0,False,0.9855072463768116,0.9703947368421053,,1.0,1.0,6.207729468599034,207
hiba,38,0.05,M1,25.0,False,1.0,1.0,0.0,1.0,1.0,6.235294117647059,17
hiba,38,0.05,M2,215.0,False,0.9432624113475178,0.9575,0.0,1.0,1.0,6.51063829787234,141
hiba,38,0.05,M3,25.0,False,1.0,1.0,0.0,1.0,1.0,6.6,10
hiba,38,0.05,cov-MEL,,,1.0,,,,,,49
hiba,38,0.05,sens-MEL,,,,,,1.0,,,49
hiba,38,0.05,cov-NV,,,1.0,,,,,,168
hiba,38,0.05,cov-BCC,,,1.0,,,,,,78
hiba,38,0.05,sens-BCC,,,,,,1.0,,,78
hiba,38,0.05,cov-AK,,,0.7333333333333333,,,,,,15
hiba,38,0.05,sens-AK,,,,,,1.0,,,15
hiba,38,0.05,cov-BKL,,,1.0,,,,,,16
hiba,38,0.05,cov-DF,,,0.7777777777777778,,,,,,9
hiba,38,0.05,cov-VASC,,,0.9285714285714286,,,,,,14
hiba,38,0.05,cov-SCC,,,0.8461538461538461,,,,,,26
hiba,38,0.05,sens-SCC,,,,,,1.0,,,26
hiba,38,0.1,B,162.0,False,0.9565217391304348,0.9396929824561402,,1.0,1.0,4.671497584541063,207
hiba,38,0.1,M1,25.0,False,0.9411764705882353,0.9629629629629631,0.0,1.0,1.0,4.764705882352941,17
hiba,38,0.1,M2,215.0,False,0.8936170212765957,0.9,0.0,1.0,1.0,4.361702127659575,141
hiba,38,0.1,M3,25.0,False,1.0,1.0,0.0,1.0,1.0,5.4,10
hiba,38,0.1,cov-MEL,,,0.9591836734693877,,,,,,49
hiba,38,0.1,sens-MEL,,,,,,1.0,,,49
hiba,38,0.1,cov-NV,,,1.0,,,,,,168
hiba,38,0.1,cov-BCC,,,0.9615384615384616,,,,,,78
hiba,38,0.1,sens-BCC,,,,,,1.0,,,78
hiba,38,0.1,cov-AK,,,0.6666666666666666,,,,,,15
hiba,38,0.1,sens-AK,,,,,,1.0,,,15
hiba,38,0.1,cov-BKL,,,1.0,,,,,,16
hiba,38,0.1,cov-DF,,,0.6666666666666666,,,,,,9
hiba,38,0.1,cov-VASC,,,0.5714285714285714,,,,,,14
hiba,38,0.1,cov-SCC,,,0.7692307692307693,,,,,,26
hiba,38,0.1,sens-SCC,,,,,,1.0,,,26
hiba,38,0.15,B,162.0,False,0.9178743961352657,0.8607456140350876,,1.0,1.0,3.888888888888889,207
hiba,38,0.15,M1,25.0,False,0.8823529411764706,0.9074074074074076,0.0,1.0,1.0,3.7058823529411766,17
hiba,38,0.15,M2,215.0,False,0.851063829787234,0.8566666666666667,0.0,1.0,1.0,3.617021276595745,141
hiba,38,0.15,M3,25.0,False,1.0,1.0,0.0,1.0,1.0,4.3,10
hiba,38,0.15,cov-MEL,,,0.9591836734693877,,,,,,49
hiba,38,0.15,sens-MEL,,,,,,1.0,,,49
hiba,38,0.15,cov-NV,,,0.9880952380952381,,,,,,168
hiba,38,0.15,cov-BCC,,,0.9102564102564102,,,,,,78
hiba,38,0.15,sens-BCC,,,,,,1.0,,,78
hiba,38,0.15,cov-AK,,,0.5333333333333333,,,,,,15
hiba,38,0.15,sens-AK,,,,,,1.0,,,15
hiba,38,0.15,cov-BKL,,,0.9375,,,,,,16
hiba,38,0.15,cov-DF,,,0.5555555555555556,,,,,,9
hiba,38,0.15,cov-VASC,,,0.2857142857142857,,,,,,14
hiba,38,0.15,cov-SCC,,,0.7307692307692307,,,,,,26
hiba,38,0.15,sens-SCC,,,,,,1.0,,,26
pad,38,0.05,B,25.0,False,1.0,1.0,,1.0,1.0,4.2,15
pad,38,0.05,M1,25.0,False,0.9615384615384616,0.9777777777777777,0.0,1.0,1.0,4.038461538461538,26
pad,38,0.05,M2,158.0,False,0.9415584415584416,0.9354354354354355,0.0,1.0,1.0,3.9935064935064934,154
pad,38,0.05,M3,75.0,False,1.0,1.0,0.0,1.0,1.0,4.369230769230769,65
pad,38,0.05,M4,12.0,True,1.0,1.0,0.0,1.0,1.0,5.5,6
pad,38,0.05,M5,2.0,True,1.0,1.0,0.0,1.0,1.0,5.0,4
pad,38,0.05,cov-MEL,,,1.0,,,,,,12
pad,38,0.05,sens-MEL,,,,,,1.0,,,12
pad,38,0.05,cov-NV,,,1.0,,,,,,9
pad,38,0.05,cov-BCC,,,0.9870967741935484,,,,,,155
pad,38,0.05,sens-BCC,,,,,,1.0,,,155
pad,38,0.05,cov-AK,,,0.9152542372881356,,,,,,59
pad,38,0.05,sens-AK,,,,,,1.0,,,59
pad,38,0.05,cov-BKL,,,1.0,,,,,,6
pad,38,0.05,cov-SCC,,,0.896551724137931,,,,,,29
pad,38,0.05,sens-SCC,,,,,,1.0,,,29
pad,38,0.1,B,25.0,False,0.8666666666666667,0.8571428571428571,,1.0,1.0,3.0,15
pad,38,0.1,M1,25.0,False,0.8846153846153846,0.9444444444444444,0.0,1.0,1.0,2.9615384615384617,26
pad,38,0.1,M2,158.0,False,0.8766233766233766,0.8656156156156157,0.0,1.0,1.0,2.779220779220779,154
pad,38,0.1,M3,75.0,False,0.9384615384615385,0.9222222222222223,0.0,1.0,1.0,3.046153846153846,65
pad,38,0.1,M4,12.0,False,1.0,1.0,0.0,1.0,1.0,4.333333333333333,6
pad,38,0.1,M5,2.0,True,1.0,1.0,0.0,1.0,1.0,4.25,4
pad,38,0.1,cov-MEL,,,0.9166666666666666,,,,,,12
pad,38,0.1,sens-MEL,,,,,,1.0,,,12
pad,38,0.1,cov-NV,,,1.0,,,,,,9
pad,38,0.1,cov-BCC,,,0.9290322580645162,,,,,,155
pad,38,0.1,sens-BCC,,,,,,1.0,,,155
pad,38,0.1,cov-AK,,,0.9152542372881356,,,,,,59
pad,38,0.1,sens-AK,,,,,,1.0,,,59
pad,38,0.1,cov-BKL,,,0.6666666666666666,,,,,,6
pad,38,0.1,cov-SCC,,,0.6896551724137931,,,,,,29
pad,38,0.1,sens-SCC,,,,,,1.0,,,29
pad,38,0.15,B,25.0,False,0.8666666666666667,0.8571428571428571,,1.0,1.0,2.6666666666666665,15
pad,38,0.15,M1,25.0,False,0.8461538461538461,0.8777777777777778,0.0,1.0,1.0,2.5,26
pad,38,0.15,M2,158.0,False,0.8376623376623377,0.8250750750750752,0.0,1.0,1.0,2.344155844155844,154
pad,38,0.15,M3,75.0,False,0.9230769230769231,0.914814814814815,0.0,1.0,1.0,2.4923076923076923,65
pad,38,0.15,M4,12.0,False,1.0,1.0,0.0,1.0,1.0,4.166666666666667,6
pad,38,0.15,M5,2.0,True,1.0,1.0,0.0,1.0,1.0,4.0,4
pad,38,0.15,cov-MEL,,,0.8333333333333334,,,,,,12
pad,38,0.15,sens-MEL,,,,,,1.0,,,12
pad,38,0.15,cov-NV,,,1.0,,,,,,9
pad,38,0.15,cov-BCC,,,0.896774193548387,,,,,,155
pad,38,0.15,sens-BCC,,,,,,1.0,,,155
pad,38,0.15,cov-AK,,,0.8983050847457628,,,,,,59
pad,38,0.15,sens-AK,,,,,,1.0,,,59
pad,38,0.15,cov-BKL,,,0.6666666666666666,,,,,,6
pad,38,0.15,cov-SCC,,,0.6551724137931034,,,,,,29
pad,38,0.15,sens-SCC,,,,,,1.0,,,29
hiba,39,0.05,B,161.0,False,0.9955357142857143,0.987012987012987,,1.0,1.0,6.116071428571429,224
hiba,39,0.05,M1,27.0,False,1.0,1.0,0.0,1.0,1.0,6.545454545454546,11
hiba,39,0.05,M2,225.0,False,0.9391304347826087,0.9388888888888889,0.0,1.0,1.0,6.817391304347826,115
hiba,39,0.05,M3,24.0,False,0.9411764705882353,0.9,0.0,1.0,1.0,6.705882352941177,17
hiba,39,0.05,cov-MEL,,,1.0,,,,,,41
hiba,39,0.05,sens-MEL,,,,,,1.0,,,41
hiba,39,0.05,cov-NV,,,1.0,,,,,,204
hiba,39,0.05,cov-BCC,,,0.9830508474576272,,,,,,59
hiba,39,0.05,sens-BCC,,,,,,1.0,,,59
hiba,39,0.05,cov-AK,,,1.0,,,,,,9
hiba,39,0.05,sens-AK,,,,,,1.0,,,9
hiba,39,0.05,cov-BKL,,,1.0,,,,,,6
hiba,39,0.05,cov-DF,,,0.8888888888888888,,,,,,9
hiba,39,0.05,cov-VASC,,,1.0,,,,,,5
hiba,39,0.05,cov-SCC,,,0.7941176470588235,,,,,,34
hiba,39,0.05,sens-SCC,,,,,,1.0,,,34
hiba,39,0.1,B,161.0,False,0.9776785714285714,0.9632034632034631,,1.0,1.0,3.7901785714285716,224
hiba,39,0.1,M1,27.0,False,1.0,1.0,0.0,1.0,1.0,5.363636363636363,11
hiba,39,0.1,M2,225.0,False,0.8347826086956521,0.8111111111111111,0.0,1.0,1.0,4.443478260869565,115
hiba,39,0.1,M3,24.0,False,0.8823529411764706,0.8,0.0,1.0,1.0,3.588235294117647,17
hiba,39,0.1,cov-MEL,,,0.9024390243902439,,,,,,41
hiba,39,0.1,sens-MEL,,,,,,1.0,,,41
hiba,39,0.1,cov-NV,,,1.0,,,,,,204
hiba,39,0.1,cov-BCC,,,0.9322033898305084,,,,,,59
hiba,39,0.1,sens-BCC,,,,,,1.0,,,59
hiba,39,0.1,cov-AK,,,1.0,,,,,,9
hiba,39,0.1,sens-AK,,,,,,1.0,,,9
hiba,39,0.1,cov-BKL,,,1.0,,,,,,6
hiba,39,0.1,cov-DF,,,0.6666666666666666,,,,,,9
hiba,39,0.1,cov-VASC,,,0.6,,,,,,5
hiba,39,0.1,cov-SCC,,,0.6176470588235294,,,,,,34
hiba,39,0.1,sens-SCC,,,,,,1.0,,,34
hiba,39,0.15,B,161.0,False,0.9419642857142857,0.8679653679653679,,1.0,1.0,3.138392857142857,224
hiba,39,0.15,M1,27.0,False,1.0,1.0,0.0,1.0,1.0,3.1818181818181817,11
hiba,39,0.15,M2,225.0,False,0.7913043478260869,0.7666666666666667,0.0,1.0,1.0,3.5304347826086957,115
hiba,39,0.15,M3,24.0,False,0.7647058823529411,0.7666666666666666,0.0,1.0,1.0,2.7058823529411766,17
hiba,39,0.15,cov-MEL,,,0.8780487804878049,,,,,,41
hiba,39,0.15,sens-MEL,,,,,,1.0,,,41
hiba,39,0.15,cov-NV,,,0.9901960784313726,,,,,,204
hiba,39,0.15,cov-BCC,,,0.864406779661017,,,,,,59
hiba,39,0.15,sens-BCC,,,,,,1.0,,,59
hiba,39,0.15,cov-AK,,,1.0,,,,,,9
hiba,39,0.15,sens-AK,,,,,,1.0,,,9
hiba,39,0.15,cov-BKL,,,0.8333333333333334,,,,,,6
hiba,39,0.15,cov-DF,,,0.2222222222222222,,,,,,9
hiba,39,0.15,cov-VASC,,,0.4,,,,,,5
hiba,39,0.15,cov-SCC,,,0.5588235294117647,,,,,,34
hiba,39,0.15,sens-SCC,,,,,,1.0,,,34
pad,39,0.05,B,23.0,False,0.8333333333333334,0.8125,,1.0,1.0,3.9444444444444446,18
pad,39,0.05,M1,25.0,False,1.0,1.0,0.0,1.0,1.0,3.4782608695652173,23
pad,39,0.05,M2,146.0,False,0.9620253164556962,0.9701897018970189,0.0,1.0,1.0,3.5759493670886076,158
pad,39,0.05,M3,78.0,False,1.0,1.0,0.0,1.0,1.0,3.754385964912281,57
pad,39,0.05,M4,10.0,True,1.0,1.0,0.0,1.0,1.0,4.6,10
pad,39,0.05,M5,3.0,True,1.0,1.0,0.0,1.0,1.0,6.0,2
pad,39,0.05,cov-MEL,,,1.0,,,,,,10
pad,39,0.05,sens-MEL,,,,,,1.0,,,10
pad,39,0.05,cov-NV,,,0.9230769230769231,,,,,,13
pad,39,0.05,cov-BCC,,,1.0,,,,,,155
pad,39,0.05,sens-BCC,,,,,,1.0,,,155
pad,39,0.05,cov-AK,,,0.9565217391304348,,,,,,46
pad,39,0.05,sens-AK,,,,,,1.0,,,46
pad,39,0.05,cov-BKL,,,0.6,,,,,,5
pad,39,0.05,cov-SCC,,,0.8974358974358975,,,,,,39
pad,39,0.05,sens-SCC,,,,,,1.0,,,39
pad,39,0.1,B,23.0,False,0.8333333333333334,0.8125,,1.0,1.0,3.0,18
pad,39,0.1,M1,25.0,False,1.0,1.0,0.0,1.0,1.0,2.8260869565217392,23
pad,39,0.1,M2,146.0,False,0.9177215189873418,0.9322493224932249,0.0,1.0,1.0,2.8734177215189876,158
pad,39,0.1,M3,78.0,False,1.0,1.0,0.0,1.0,1.0,3.0701754385964914,57
pad,39,0.1,M4,10.0,False,1.0,1.0,0.0,1.0,1.0,4.2,10
pad,39,0.1,M5,3.0,True,1.0,1.0,0.0,1.0,1.0,5.5,2
pad,39,0.1,cov-MEL,,,1.0,,,,,,10
pad,39,0.1,sens-MEL,,,,,,1.0,,,10
pad,39,0.1,cov-NV,,,0.9230769230769231,,,,,,13
pad,39,0.1,cov-BCC,,,0.9870967741935484,,,,,,155
pad,39,0.1,sens-BCC,,,,,,1.0,,,155
pad,39,0.1,cov-AK,,,0.9130434782608695,,,,,,46
pad,39,0.1,sens-AK,,,,,,1.0,,,46
pad,39,0.1,cov-BKL,,,0.6,,,,,,5
pad,39,0.1,cov-SCC,,,0.8205128205128205,,,,,,39
pad,39,0.1,sens-SCC,,,,,,1.0,,,39
pad,39,0.15,B,23.0,False,0.8333333333333334,0.8125,,1.0,1.0,2.611111111111111,18
pad,39,0.15,M1,25.0,False,1.0,1.0,0.0,1.0,1.0,2.608695652173913,23
pad,39,0.15,M2,146.0,False,0.7784810126582279,0.7981029810298104,0.0,1.0,1.0,2.107594936708861,158
pad,39,0.15,M3,78.0,False,0.9824561403508771,0.9761904761904762,0.0,1.0,1.0,2.6842105263157894,57
pad,39,0.15,M4,10.0,False,1.0,1.0,0.0,1.0,1.0,4.2,10
pad,39,0.15,M5,3.0,True,1.0,1.0,0.0,1.0,1.0,5.0,2
pad,39,0.15,cov-MEL,,,0.7,,,,,,10
pad,39,0.15,sens-MEL,,,,,,1.0,,,10
pad,39,0.15,cov-NV,,,0.9230769230769231,,,,,,13
pad,39,0.15,cov-BCC,,,0.9225806451612903,,,,,,155
pad,39,0.15,sens-BCC,,,,,,1.0,,,155
pad,39,0.15,cov-AK,,,0.8695652173913043,,,,,,46
pad,39,0.15,sens-AK,,,,,,1.0,,,46
pad,39,0.15,cov-BKL,,,0.6,,,,,,5
pad,39,0.15,cov-SCC,,,0.6153846153846154,,,,,,39
pad,39,0.15,sens-SCC,,,,,,1.0,,,39
hiba,40,0.05,B,156.0,False,0.9954128440366973,0.9878048780487805,,1.0,1.0,6.477064220183486,218
hiba,40,0.05,M1,24.0,False,1.0,1.0,0.0,1.0,1.0,6.809523809523809,21
hiba,40,0.05,M2,223.0,False,0.9655172413793104,0.9619565217391305,0.0,1.0,1.0,6.887931034482759,116
hiba,40,0.05,M3,25.0,False,1.0,1.0,0.0,1.0,1.0,6.416666666666667,12
hiba,40,0.05,cov-MEL,,,1.0,,,,,,45
hiba,40,0.05,sens-MEL,,,,,,1.0,,,45
hiba,40,0.05,cov-NV,,,1.0,,,,,,179
hiba,40,0.05,cov-BCC,,,1.0,,,,,,58
hiba,40,0.05,sens-BCC,,,,,,1.0,,,58
hiba,40,0.05,cov-AK,,,1.0,,,,,,14
hiba,40,0.05,sens-AK,,,,,,1.0,,,14
hiba,40,0.05,cov-BKL,,,1.0,,,,,,21
hiba,40,0.05,cov-DF,,,0.875,,,,,,8
hiba,40,0.05,cov-VASC,,,1.0,,,,,,10
hiba,40,0.05,cov-SCC,,,0.875,,,,,,32
hiba,40,0.05,sens-SCC,,,,,,1.0,,,32
hiba,40,0.1,B,156.0,False,0.9678899082568807,0.9410569105691056,,1.0,1.0,4.1192660550458715,218
hiba,40,0.1,M1,24.0,False,1.0,1.0,0.0,1.0,1.0,4.857142857142857,21
hiba,40,0.1,M2,223.0,False,0.9051724137931034,0.8967391304347826,0.0,1.0,1.0,4.379310344827586,116
hiba,40,0.1,M3,25.0,False,0.8333333333333334,0.7777777777777778,0.0,1.0,1.0,3.8333333333333335,12
hiba,40,0.1,cov-MEL,,,0.9777777777777777,,,,,,45
hiba,40,0.1,sens-MEL,,,,,,1.0,,,45
hiba,40,0.1,cov-NV,,,0.994413407821229,,,,,,179
hiba,40,0.1,cov-BCC,,,0.9827586206896551,,,,,,58
hiba,40,0.1,sens-BCC,,,,,,1.0,,,58
hiba,40,0.1,cov-AK,,,0.9285714285714286,,,,,,14
hiba,40,0.1,sens-AK,,,,,,1.0,,,14
hiba,40,0.1,cov-BKL,,,1.0,,,,,,21
hiba,40,0.1,cov-DF,,,0.625,,,,,,8
hiba,40,0.1,cov-VASC,,,0.7,,,,,,10
hiba,40,0.1,cov-SCC,,,0.6875,,,,,,32
hiba,40,0.1,sens-SCC,,,,,,1.0,,,32
hiba,40,0.15,B,156.0,False,0.963302752293578,0.9380081300813007,,1.0,1.0,3.7339449541284404,218
hiba,40,0.15,M1,24.0,False,1.0,1.0,0.0,1.0,1.0,4.190476190476191,21
hiba,40,0.15,M2,223.0,False,0.8362068965517241,0.836050724637681,0.0,1.0,1.0,3.706896551724138,116
hiba,40,0.15,M3,25.0,False,0.8333333333333334,0.7777777777777778,0.0,1.0,1.0,3.5,12
hiba,40,0.15,cov-MEL,,,0.9777777777777777,,,,,,45
hiba,40,0.15,sens-MEL,,,,,,1.0,,,45
hiba,40,0.15,cov-NV,,,0.994413407821229,,,,,,179
hiba,40,0.15,cov-BCC,,,0.9137931034482759,,,,,,58
hiba,40,0.15,sens-BCC,,,,,,1.0,,,58
hiba,40,0.15,cov-AK,,,0.9285714285714286,,,,,,14
hiba,40,0.15,sens-AK,,,,,,1.0,,,14
hiba,40,0.15,cov-BKL,,,0.9523809523809523,,,,,,21
hiba,40,0.15,cov-DF,,,0.625,,,,,,8
hiba,40,0.15,cov-VASC,,,0.7,,,,,,10
hiba,40,0.15,cov-SCC,,,0.5625,,,,,,32
hiba,40,0.15,sens-SCC,,,,,,1.0,,,32
pad,40,0.05,B,25.0,False,1.0,1.0,,1.0,1.0,4.166666666666667,18
pad,40,0.05,M1,28.0,False,0.9642857142857143,0.9722222222222222,0.0,1.0,1.0,4.285714285714286,28
pad,40,0.05,M2,167.0,False,0.9473684210526315,0.9558823529411765,0.0,1.0,1.0,4.276315789473684,152
pad,40,0.05,M3,70.0,False,0.9625,0.94,0.0,1.0,1.0,4.0875,80
pad,40,0.05,M4,9.0,True,1.0,1.0,0.0,1.0,1.0,5.25,8
pad,40,0.05,M5,3.0,True,1.0,1.0,0.0,1.0,1.0,5.0,3
pad,40,0.05,cov-MEL,,,0.8,,,,,,10
pad,40,0.05,sens-MEL,,,,,,1.0,,,10
pad,40,0.05,cov-NV,,,1.0,,,,,,9
pad,40,0.05,cov-BCC,,,0.9935897435897436,,,,,,156
pad,40,0.05,sens-BCC,,,,,,1.0,,,156
pad,40,0.05,cov-AK,,,0.9428571428571428,,,,,,70
pad,40,0.05,sens-AK,,,,,,1.0,,,70
pad,40,0.05,cov-BKL,,,1.0,,,,,,9
pad,40,0.05,cov-SCC,,,0.8571428571428571,,,,,,35
pad,40,0.05,sens-SCC,,,,,,1.0,,,35
pad,40,0.1,B,25.0,False,0.9444444444444444,0.9285714285714286,,1.0,1.0,3.2777777777777777,18
pad,40,0.1,M1,28.0,False,0.9285714285714286,0.9513888888888888,0.0,1.0,1.0,2.9642857142857144,28
pad,40,0.1,M2,167.0,False,0.9013157894736842,0.9158496732026145,0.0,1.0,1.0,3.0197368421052633,152
pad,40,0.1,M3,70.0,False,0.9375,0.91,0.0,1.0,1.0,3.1,80
pad,40,0.1,M4,9.0,False,1.0,1.0,0.0,1.0,1.0,4.375,8
pad,40,0.1,M5,3.0,True,1.0,1.0,0.0,1.0,1.0,4.333333333333333,3
pad,40,0.1,cov-MEL,,,0.8,,,,,,10
pad,40,0.1,sens-MEL,,,,,,1.0,,,10
pad,40,0.1,cov-NV,,,1.0,,,,,,9
pad,40,0.1,cov-BCC,,,0.9871794871794872,,,,,,156
pad,40,0.1,sens-BCC,,,,,,1.0,,,156
pad,40,0.1,cov-AK,,,0.9,,,,,,70
pad,40,0.1,sens-AK,,,,,,1.0,,,70
pad,40,0.1,cov-BKL,,,0.8888888888888888,,,,,,9
pad,40,0.1,cov-SCC,,,0.6857142857142857,,,,,,35
pad,40,0.1,sens-SCC,,,,,,1.0,,,35
pad,40,0.15,B,25.0,False,0.9444444444444444,0.9285714285714286,,1.0,1.0,3.1666666666666665,18
pad,40,0.15,M1,28.0,False,0.8928571428571429,0.9097222222222222,0.0,1.0,1.0,2.642857142857143,28
pad,40,0.15,M2,167.0,False,0.8618421052631579,0.8782679738562092,0.0,1.0,1.0,2.7565789473684212,152
pad,40,0.15,M3,70.0,False,0.9375,0.91,0.0,1.0,1.0,2.925,80
pad,40,0.15,M4,9.0,False,1.0,1.0,0.0,1.0,1.0,4.375,8
pad,40,0.15,M5,3.0,True,1.0,1.0,0.0,1.0,1.0,4.333333333333333,3
pad,40,0.15,cov-MEL,,,0.8,,,,,,10
pad,40,0.15,sens-MEL,,,,,,1.0,,,10
pad,40,0.15,cov-NV,,,1.0,,,,,,9
pad,40,0.15,cov-BCC,,,0.967948717948718,,,,,,156
pad,40,0.15,sens-BCC,,,,,,1.0,,,156
pad,40,0.15,cov-AK,,,0.8857142857142857,,,,,,70
pad,40,0.15,sens-AK,,,,,,1.0,,,70
pad,40,0.15,cov-BKL,,,0.8888888888888888,,,,,,9
pad,40,0.15,cov-SCC,,,0.6,,,,,,35
pad,40,0.15,sens-SCC,,,,,,1.0,,,35
hiba,41,0.05,B,165.0,False,0.9907407407407407,0.9726027397260274,,1.0,1.0,5.768518518518518,216
hiba,41,0.05,M1,23.0,False,0.7777777777777778,0.75,0.0,1.0,1.0,5.444444444444445,18
hiba,41,0.05,M2,224.0,False,0.9732142857142857,0.967032967032967,0.0,1.0,1.0,6.598214285714286,112
hiba,41,0.05,M3,23.0,False,0.9411764705882353,0.9090909090909091,0.0,1.0,1.0,6.470588235294118,17
hiba,41,0.05,cov-MEL,,,1.0,,,,,,36
hiba,41,0.05,sens-MEL,,,,,,1.0,,,36
hiba,41,0.05,cov-NV,,,1.0,,,,,,172
hiba,41,0.05,cov-BCC,,,0.935064935064935,,,,,,77
hiba,41,0.05,sens-BCC,,,,,,1.0,,,77
hiba,41,0.05,cov-AK,,,0.8888888888888888,,,,,,9
hiba,41,0.05,sens-AK,,,,,,1.0,,,9
hiba,41,0.05,cov-BKL,,,1.0,,,,,,19
hiba,41,0.05,cov-DF,,,0.8823529411764706,,,,,,17
hiba,41,0.05,cov-VASC,,,1.0,,,,,,8
hiba,41,0.05,cov-SCC,,,0.92,,,,,,25
hiba,41,0.05,sens-SCC,,,,,,1.0,,,25
hiba,41,0.1,B,165.0,False,0.9537037037037037,0.8904109589041096,,1.0,1.0,3.939814814814815,216
hiba,41,0.1,M1,23.0,False,0.6111111111111112,0.6363636363636364,0.0,1.0,1.0,4.0,18
hiba,41,0.1,M2,224.0,False,0.9642857142857143,0.9560439560439561,0.0,1.0,1.0,4.714285714285714,112
hiba,41,0.1,M3,23.0,False,0.8823529411764706,0.8181818181818182,0.0,1.0,1.0,3.7058823529411766,17
hiba,41,0.1,cov-MEL,,,1.0,,,,,,36
hiba,41,0.1,sens-MEL,,,,,,1.0,,,36
hiba,41,0.1,cov-NV,,,0.9941860465116279,,,,,,172
hiba,41,0.1,cov-BCC,,,0.8961038961038961,,,,,,77
hiba,41,0.1,sens-BCC,,,,,,1.0,,,77
hiba,41,0.1,cov-AK,,,0.8888888888888888,,,,,,9
hiba,41,0.1,sens-AK,,,,,,1.0,,,9
hiba,41,0.1,cov-BKL,,,1.0,,,,,,19
hiba,41,0.1,cov-DF,,,0.5294117647058824,,,,,,17
hiba,41,0.1,cov-VASC,,,0.875,,,,,,8
hiba,41,0.1,cov-SCC,,,0.84,,,,,,25
hiba,41,0.1,sens-SCC,,,,,,1.0,,,25
hiba,41,0.15,B,165.0,False,0.9305555555555556,0.8287671232876712,,0.9953703703703703,0.9997825614263971,3.0231481481481484,216
hiba,41,0.15,M1,23.0,False,0.6111111111111112,0.6363636363636364,0.0,1.0,1.0,3.2222222222222223,18
hiba,41,0.15,M2,224.0,False,0.8839285714285714,0.8891941391941393,0.0,1.0,1.0,3.580357142857143,112
hiba,41,0.15,M3,23.0,False,0.7058823529411765,0.7424242424242423,0.0,1.0,1.0,2.5294117647058822,17
hiba,41,0.15,cov-MEL,,,0.9722222222222222,,,,,,36
hiba,41,0.15,sens-MEL,,,,,,1.0,,,36
hiba,41,0.15,cov-NV,,,0.9883720930232558,,,,,,172
hiba,41,0.15,cov-BCC,,,0.8441558441558441,,,,,,77
hiba,41,0.15,sens-BCC,,,,,,1.0,,,77
hiba,41,0.15,cov-AK,,,0.7777777777777778,,,,,,9
hiba,41,0.15,sens-AK,,,,,,1.0,,,9
hiba,41,0.15,cov-BKL,,,0.9473684210526315,,,,,,19
hiba,41,0.15,cov-DF,,,0.47058823529411764,,,,,,17
hiba,41,0.15,cov-VASC,,,0.625,,,,,,8
hiba,41,0.15,cov-SCC,,,0.6,,,,,,25
hiba,41,0.15,sens-SCC,,,,,,1.0,,,25
pad,41,0.05,B,18.0,True,1.0,1.0,,1.0,1.0,6.434782608695652,23
pad,41,0.05,M1,26.0,False,1.0,1.0,0.0,1.0,1.0,6.909090909090909,22
pad,41,0.05,M2,157.0,False,0.9467455621301775,0.9570578231292518,0.0,1.0,1.0,7.005917159763314,169
pad,41,0.05,M3,69.0,False,0.972972972972973,0.9607843137254902,0.0,1.0,1.0,6.905405405405405,74
pad,41,0.05,M4,12.0,True,1.0,1.0,0.0,1.0,1.0,8.0,5
pad,41,0.05,M5,3.0,True,1.0,1.0,0.0,1.0,1.0,8.0,2
pad,41,0.05,cov-MEL,,,0.7777777777777778,,,,,,9
pad,41,0.05,sens-MEL,,,,,,1.0,,,9
pad,41,0.05,cov-NV,,,1.0,,,,,,13
pad,41,0.05,cov-BCC,,,0.9939393939393939,,,,,,165
pad,41,0.05,sens-BCC,,,,,,1.0,,,165
pad,41,0.05,cov-AK,,,0.9365079365079365,,,,,,63
pad,41,0.05,sens-AK,,,,,,1.0,,,63
pad,41,0.05,cov-BKL,,,1.0,,,,,,10
pad,41,0.05,cov-SCC,,,0.8857142857142857,,,,,,35
pad,41,0.05,sens-SCC,,,,,,1.0,,,35
pad,41,0.1,B,18.0,False,1.0,1.0,,1.0,1.0,3.5217391304347827,23
pad,41,0.1,M1,26.0,False,0.9090909090909091,0.8928571428571429,0.0,1.0,1.0,3.3636363636363638,22
pad,41,0.1,M2,157.0,False,0.9112426035502958,0.9250637755102041,0.0,1.0,1.0,3.668639053254438,169
pad,41,0.1,M3,69.0,False,0.918918918918919,0.9052287581699348,0.0,1.0,1.0,3.4864864864864864,74
pad,41,0.1,M4,12.0,False,0.8,0.8,0.0,1.0,1.0,4.8,5
pad,41,0.1,M5,3.0,True,1.0,1.0,0.0,1.0,1.0,6.0,2
pad,41,0.1,cov-MEL,,,0.7777777777777778,,,,,,9
pad,41,0.1,sens-MEL,,,,,,1.0,,,9
pad,41,0.1,cov-NV,,,1.0,,,,,,13
pad,41,0.1,cov-BCC,,,0.9636363636363636,,,,,,165
pad,41,0.1,sens-BCC,,,,,,1.0,,,165
pad,41,0.1,cov-AK,,,0.9365079365079365,,,,,,63
pad,41,0.1,sens-AK,,,,,,1.0,,,63
pad,41,0.1,cov-BKL,,,1.0,,,,,,10
pad,41,0.1,cov-SCC,,,0.6571428571428571,,,,,,35
pad,41,0.1,sens-SCC,,,,,,1.0,,,35
pad,41,0.15,B,18.0,False,0.9565217391304348,0.9523809523809523,,1.0,1.0,3.0869565217391304,23
pad,41,0.15,M1,26.0,False,0.8636363636363636,0.8571428571428571,0.0,1.0,1.0,2.5454545454545454,22
pad,41,0.15,M2,157.0,False,0.893491124260355,0.9109268707482993,0.0,1.0,1.0,2.8520710059171597,169
pad,41,0.15,M3,69.0,False,0.8918918918918919,0.8807189542483661,0.0,1.0,1.0,2.689189189189189,74
pad,41,0.15,M4,12.0,False,0.8,0.8,0.0,1.0,1.0,3.8,5
pad,41,0.15,M5,3.0,True,1.0,1.0,0.0,1.0,1.0,6.0,2
pad,41,0.15,cov-MEL,,,0.7777777777777778,,,,,,9
pad,41,0.15,sens-MEL,,,,,,1.0,,,9
pad,41,0.15,cov-NV,,,1.0,,,,,,13
pad,41,0.15,cov-BCC,,,0.9333333333333333,,,,,,165
pad,41,0.15,sens-BCC,,,,,,1.0,,,165
pad,41,0.15,cov-AK,,,0.9206349206349206,,,,,,63
pad,41,0.15,sens-AK,,,,,,1.0,,,63
pad,41,0.15,cov-BKL,,,0.9,,,,,,10
pad,41,0.15,cov-SCC,,,0.6571428571428571,,,,,,35
pad,41,0.15,sens-SCC,,,,,,1.0,,,35
hiba,42,0.05,B,168.0,False,0.967948717948718,0.9285714285714286,,1.0,1.0,5.967948717948718,156
hiba,42,0.05,M1,17.0,True,1.0,1.0,0.0,1.0,1.0,6.9375,32
hiba,42,0.05,M2,224.0,False,0.9716981132075472,0.9725274725274725,0.0,1.0,1.0,6.40566037735849,106
hiba,42,0.05,M3,26.0,False,1.0,1.0,0.0,1.0,1.0,6.454545454545454,11
hiba,42,0.05,cov-MEL,,,1.0,,,,,,53
hiba,42,0.05,sens-MEL,,,,,,1.0,,,53
hiba,42,0.05,cov-NV,,,1.0,,,,,,112
hiba,42,0.05,cov-BCC,,,1.0,,,,,,62
hiba,42,0.05,sens-BCC,,,,,,1.0,,,62
hiba,42,0.05,cov-AK,,,1.0,,,,,,9
hiba,42,0.05,sens-AK,,,,,,1.0,,,9
hiba,42,0.05,cov-BKL,,,1.0,,,,,,20
hiba,42,0.05,cov-DF,,,0.7368421052631579,,,,,,19
hiba,42,0.05,cov-VASC,,,1.0,,,,,,5
hiba,42,0.05,cov-SCC,,,0.88,,,,,,25
hiba,42,0.05,sens-SCC,,,,,,1.0,,,25
hiba,42,0.1,B,168.0,False,0.9166666666666666,0.8309523809523809,,1.0,1.0,3.871794871794872,156
hiba,42,0.1,M1,17.0,False,1.0,1.0,0.0,1.0,1.0,5.03125,32
hiba,42,0.1,M2,224.0,False,0.8962264150943396,0.9038461538461539,0.0,1.0,1.0,4.084905660377358,106
hiba,42,0.1,M3,26.0,False,1.0,1.0,0.0,1.0,1.0,4.909090909090909,11
hiba,42,0.1,cov-MEL,,,0.9811320754716981,,,,,,53
hiba,42,0.1,sens-MEL,,,,,,1.0,,,53
hiba,42,0.1,cov-NV,,,1.0,,,,,,112
hiba,42,0.1,cov-BCC,,,0.9838709677419355,,,,,,62
hiba,42,0.1,sens-BCC,,,,,,1.0,,,62
hiba,42,0.1,cov-AK,,,1.0,,,,,,9
hiba,42,0.1,sens-AK,,,,,,1.0,,,9
hiba,42,0.1,cov-BKL,,,1.0,,,,,,20
hiba,42,0.1,cov-DF,,,0.42105263157894735,,,,,,19
hiba,42,0.1,cov-VASC,,,0.6,,,,,,5
hiba,42,0.1,cov-SCC,,,0.64,,,,,,25
hiba,42,0.1,sens-SCC,,,,,,1.0,,,25
hiba,42,0.15,B,168.0,False,0.8974358974358975,0.7976190476190476,,1.0,1.0,3.1153846153846154,156
hiba,42,0.15,M1,17.0,False,0.96875,0.980392156862745,0.0,1.0,1.0,3.96875,32
hiba,42,0.15,M2,224.0,False,0.8584905660377359,0.8598901098901099,0.0,1.0,1.0,3.518867924528302,106
hiba,42,0.15,M3,26.0,False,0.6363636363636364,0.5625,0.09090909090909091,0.9090909090909091,0.875,2.5454545454545454,11
hiba,42,0.15,cov-MEL,,,0.9056603773584906,,,,,,53
hiba,42,0.15,sens-MEL,,,,,,0.9811320754716981,,,53
hiba,42,0.15,cov-NV,,,0.9910714285714286,,,,,,112
hiba,42,0.15,cov-BCC,,,0.967741935483871,,,,,,62
hiba,42,0.15,sens-BCC,,,,,,1.0,,,62
hiba,42,0.15,cov-AK,,,0.8888888888888888,,,,,,9
hiba,42,0.15,sens-AK,,,,,,1.0,,,9
hiba,42,0.15,cov-BKL,,,0.9,,,,,,20
hiba,42,0.15,cov-DF,,,0.42105263157894735,,,,,,19
hiba,42,0.15,cov-VASC,,,0.6,,,,,,5
hiba,42,0.15,cov-SCC,,,0.52,,,,,,25
hiba,42,0.15,sens-SCC,,,,,,1.0,,,25
pad,42,0.05,B,18.0,True,1.0,1.0,,1.0,1.0,6.434782608695652,23
pad,42,0.05,M1,22.0,False,0.9696969696969697,0.9814814814814815,0.0,1.0,1.0,6.96969696969697,33
pad,42,0.05,M2,167.0,False,0.9666666666666667,0.9689542483660132,0.0,1.0,1.0,7.046666666666667,150
pad,42,0.05,M3,71.0,False,0.9552238805970149,0.9387755102040817,0.0,1.0,1.0,6.985074626865671,67
pad,42,0.05,M4,9.0,True,1.0,1.0,0.0,1.0,1.0,8.0,10
pad,42,0.05,M5,4.0,True,1.0,1.0,0.0,1.0,1.0,8.0,1
pad,42,0.05,cov-MEL,,,0.8888888888888888,,,,,,9
pad,42,0.05,sens-MEL,,,,,,1.0,,,9
pad,42,0.05,cov-NV,,,1.0,,,,,,16
pad,42,0.05,cov-BCC,,,1.0,,,,,,155
pad,42,0.05,sens-BCC,,,,,,1.0,,,155
pad,42,0.05,cov-AK,,,0.9444444444444444,,,,,,54
pad,42,0.05,sens-AK,,,,,,1.0,,,54
pad,42,0.05,cov-BKL,,,1.0,,,,,,7
pad,42,0.05,cov-SCC,,,0.8837209302325582,,,,,,43
pad,42,0.05,sens-SCC,,,,,,1.0,,,43
pad,42,0.1,B,18.0,False,0.9565217391304348,0.9523809523809523,,1.0,1.0,3.217391304347826,23
pad,42,0.1,M1,22.0,False,0.7878787878787878,0.787037037037037,0.0,1.0,1.0,3.1515151515151514,33
pad,42,0.1,M2,167.0,False,0.92,0.9313725490196079,0.0,1.0,1.0,3.7266666666666666,150
pad,42,0.1,M3,71.0,False,0.8507462686567164,0.8197278911564627,0.0,1.0,1.0,3.2238805970149254,67
pad,42,0.1,M4,9.0,False,0.6,0.5833333333333334,0.0,1.0,1.0,3.0,10
pad,42,0.1,M5,4.0,True,1.0,1.0,0.0,1.0,1.0,6.0,1
pad,42,0.1,cov-MEL,,,0.8888888888888888,,,,,,9
pad,42,0.1,sens-MEL,,,,,,1.0,,,9
pad,42,0.1,cov-NV,,,0.9375,,,,,,16
pad,42,0.1,cov-BCC,,,0.9290322580645162,,,,,,155
pad,42,0.1,sens-BCC,,,,,,1.0,,,155
pad,42,0.1,cov-AK,,,0.9074074074074074,,,,,,54
pad,42,0.1,sens-AK,,,,,,1.0,,,54
pad,42,0.1,cov-BKL,,,1.0,,,,,,7
pad,42,0.1,cov-SCC,,,0.627906976744186,,,,,,43
pad,42,0.1,sens-SCC,,,,,,1.0,,,43
pad,42,0.15,B,18.0,False,0.9565217391304348,0.9523809523809523,,1.0,1.0,2.6956521739130435,23
pad,42,0.15,M1,22.0,False,0.7878787878787878,0.787037037037037,0.0,1.0,1.0,2.484848484848485,33
pad,42,0.15,M2,167.0,False,0.9,0.9191176470588235,0.0,1.0,1.0,2.8066666666666666,150
pad,42,0.15,M3,71.0,False,0.8059701492537313,0.773809523809524,0.0,1.0,1.0,2.462686567164179,67
pad,42,0.15,M4,9.0,False,0.6,0.5833333333333334,0.0,1.0,1.0,2.3,10
pad,42,0.15,M5,4.0,True,1.0,1.0,0.0,1.0,1.0,6.0,1
pad,42,0.15,cov-MEL,,,0.8888888888888888,,,,,,9
pad,42,0.15,sens-MEL,,,,,,1.0,,,9
pad,42,0.15,cov-NV,,,0.9375,,,,,,16
pad,42,0.15,cov-BCC,,,0.9225806451612903,,,,,,155
pad,42,0.15,sens-BCC,,,,,,1.0,,,155
pad,42,0.15,cov-AK,,,0.9074074074074074,,,,,,54
pad,42,0.15,sens-AK,,,,,,1.0,,,54
pad,42,0.15,cov-BKL,,,1.0,,,,,,7
pad,42,0.15,cov-SCC,,,0.5116279069767442,,,,,,43
pad,42,0.15,sens-SCC,,,,,,1.0,,,43
hiba,43,0.05,B,156.0,False,0.9482758620689655,0.9024390243902439,,1.0,1.0,5.695402298850575,174
hiba,43,0.05,M1,21.0,False,1.0,1.0,0.0,1.0,1.0,6.15,20
hiba,43,0.05,M2,225.0,False,0.9819819819819819,0.9833333333333333,0.0,1.0,1.0,6.0,111
hiba,43,0.05,M3,25.0,False,1.0,1.0,0.0,1.0,1.0,6.545454545454546,11
hiba,43,0.05,cov-MEL,,,1.0,,,,,,56
hiba,43,0.05,sens-MEL,,,,,,1.0,,,56
hiba,43,0.05,cov-NV,,,1.0,,,,,,131
hiba,43,0.05,cov-BCC,,,1.0,,,,,,55
hiba,43,0.05,sens-BCC,,,,,,1.0,,,55
hiba,43,0.05,cov-AK,,,1.0,,,,,,7
hiba,43,0.05,sens-AK,,,,,,1.0,,,7
hiba,43,0.05,cov-BKL,,,1.0,,,,,,21
hiba,43,0.05,cov-DF,,,0.4,,,,,,15
hiba,43,0.05,cov-VASC,,,1.0,,,,,,7
hiba,43,0.05,cov-SCC,,,0.9166666666666666,,,,,,24
hiba,43,0.05,sens-SCC,,,,,,1.0,,,24
hiba,43,0.1,B,156.0,False,0.9195402298850575,0.8556910569105691,,1.0,1.0,4.413793103448276,174
hiba,43,0.1,M1,21.0,False,1.0,1.0,0.0,1.0,1.0,4.35,20
hiba,43,0.1,M2,225.0,False,0.9819819819819819,0.9833333333333333,0.0,1.0,1.0,4.711711711711712,111
hiba,43,0.1,M3,25.0,False,1.0,1.0,0.0,1.0,1.0,5.0,11
hiba,43,0.1,cov-MEL,,,1.0,,,,,,56
hiba,43,0.1,sens-MEL,,,,,,1.0,,,56
hiba,43,0.1,cov-NV,,,0.9923664122137404,,,,,,131
hiba,43,0.1,cov-BCC,,,1.0,,,,,,55
hiba,43,0.1,sens-BCC,,,,,,1.0,,,55
hiba,43,0.1,cov-AK,,,1.0,,,,,,7
hiba,43,0.1,sens-AK,,,,,,1.0,,,7
hiba,43,0.1,cov-BKL,,,1.0,,,,,,21
hiba,43,0.1,cov-DF,,,0.13333333333333333,,,,,,15
hiba,43,0.1,cov-VASC,,,1.0,,,,,,7
hiba,43,0.1,cov-SCC,,,0.9166666666666666,,,,,,24
hiba,43,0.1,sens-SCC,,,,,,1.0,,,24
hiba,43,0.15,B,156.0,False,0.896551724137931,0.8150406504065042,,1.0,1.0,3.3735632183908044,174
hiba,43,0.15,M1,21.0,False,1.0,1.0,0.0,1.0,1.0,3.65,20
hiba,43,0.15,M2,225.0,False,0.9099099099099099,0.9111111111111111,0.0,1.0,1.0,3.5585585585585586,111
hiba,43,0.15,M3,25.0,False,1.0,1.0,0.0,1.0,1.0,4.0,11
hiba,43,0.15,cov-MEL,,,0.9642857142857143,,,,,,56
hiba,43,0.15,sens-MEL,,,,,,1.0,,,56
hiba,43,0.15,cov-NV,,,0.9847328244274809,,,,,,131
hiba,43,0.15,cov-BCC,,,0.9818181818181818,,,,,,55
hiba,43,0.15,sens-BCC,,,,,,1.0,,,55
hiba,43,0.15,cov-AK,,,1.0,,,,,,7
hiba,43,0.15,sens-AK,,,,,,1.0,,,7
hiba,43,0.15,cov-BKL,,,0.9047619047619048,,,,,,21
hiba,43,0.15,cov-DF,,,0.13333333333333333,,,,,,15
hiba,43,0.15,cov-VASC,,,0.8571428571428571,,,,,,7
hiba,43,0.15,cov-SCC,,,0.7083333333333334,,,,,,24
hiba,43,0.15,sens-SCC,,,,,,1.0,,,24
pad,43,0.05,B,23.0,False,1.0,1.0,,1.0,1.0,4.105263157894737,19
pad,43,0.05,M1,21.0,False,1.0,1.0,0.0,1.0,1.0,4.321428571428571,28
pad,43,0.05,M2,158.0,False,0.9440993788819876,0.9534534534534536,0.0,1.0,1.0,4.24223602484472,161
pad,43,0.05,M3,69.0,False,0.9753086419753086,0.9607843137254902,0.0,1.0,1.0,4.1234567901234565,81
pad,43,0.05,M4,12.0,True,1.0,1.0,0.0,1.0,1.0,5.285714285714286,7
pad,43,0.05,M5,3.0,True,1.0,1.0,0.0,1.0,1.0,5.0,2
pad,43,0.05,cov-MEL,,,0.8461538461538461,,,,,,13
pad,43,0.05,sens-MEL,,,,,,1.0,,,13
pad,43,0.05,cov-NV,,,1.0,,,,,,13
pad,43,0.05,cov-BCC,,,1.0,,,,,,180
pad,43,0.05,sens-BCC,,,,,,1.0,,,180
pad,43,0.05,cov-AK,,,0.9230769230769231,,,,,,52
pad,43,0.05,sens-AK,,,,,,1.0,,,52
pad,43,0.05,cov-BKL,,,1.0,,,,,,6
pad,43,0.05,cov-SCC,,,0.8529411764705882,,,,,,34
pad,43,0.05,sens-SCC,,,,,,1.0,,,34
pad,43,0.1,B,23.0,False,0.9473684210526315,0.9375,,1.0,1.0,3.1578947368421053,19
pad,43,0.1,M1,21.0,False,1.0,1.0,0.0,1.0,1.0,3.25,28
pad,43,0.1,M2,158.0,False,0.8819875776397516,0.8986486486486487,0.0,1.0,1.0,3.0,161
pad,43,0.1,M3,69.0,False,0.9506172839506173,0.9313725490196079,0.0,1.0,1.0,3.074074074074074,81
pad,43,0.1,M4,12.0,False,1.0,1.0,0.0,1.0,1.0,4.285714285714286,7
pad,43,0.1,M5,3.0,True,1.0,1.0,0.0,1.0,1.0,4.5,2
pad,43,0.1,cov-MEL,,,0.7692307692307693,,,,,,13
pad,43,0.1,sens-MEL,,,,,,1.0,,,13
pad,43,0.1,cov-NV,,,1.0,,,,,,13
pad,43,0.1,cov-BCC,,,0.9888888888888889,,,,,,180
pad,43,0.1,sens-BCC,,,,,,1.0,,,180
pad,43,0.1,cov-AK,,,0.9230769230769231,,,,,,52
pad,43,0.1,sens-AK,,,,,,1.0,,,52
pad,43,0.1,cov-BKL,,,0.8333333333333334,,,,,,6
pad,43,0.1,cov-SCC,,,0.5882352941176471,,,,,,34
pad,43,0.1,sens-SCC,,,,,,1.0,,,34
pad,43,0.15,B,23.0,False,0.8421052631578947,0.8125,,1.0,1.0,2.5789473684210527,19
pad,43,0.15,M1,21.0,False,1.0,1.0,0.0,1.0,1.0,2.6785714285714284,28
pad,43,0.15,M2,158.0,False,0.8385093167701864,0.8566066066066067,0.0,1.0,1.0,2.347826086956522,161
pad,43,0.15,M3,69.0,False,0.9382716049382716,0.9248366013071896,0.0,1.0,1.0,2.308641975308642,81
pad,43,0.15,M4,12.0,False,1.0,1.0,0.0,1.0,1.0,4.0,7
pad,43,0.15,M5,3.0,True,1.0,1.0,0.0,1.0,1.0,4.0,2
pad,43,0.15,cov-MEL,,,0.6923076923076923,,,,,,13
pad,43,0.15,sens-MEL,,,,,,1.0,,,13
pad,43,0.15,cov-NV,,,0.8461538461538461,,,,,,13
pad,43,0.15,cov-BCC,,,0.9611111111111111,,,,,,180
pad,43,0.15,sens-BCC,,,,,,1.0,,,180
pad,43,0.15,cov-AK,,,0.9230769230769231,,,,,,52
pad,43,0.15,sens-AK,,,,,,1.0,,,52
pad,43,0.15,cov-BKL,,,0.8333333333333334,,,,,,6
pad,43,0.15,cov-SCC,,,0.5294117647058824,,,,,,34
pad,43,0.15,sens-SCC,,,,,,1.0,,,34
hiba,44,0.05,B,167.0,False,0.960352422907489,0.892018779342723,,1.0,1.0,5.18942731277533,227
hiba,44,0.05,M1,26.0,False,1.0,1.0,0.0,1.0,1.0,5.533333333333333,15
hiba,44,0.05,M2,221.0,False,0.9916666666666667,0.9893617021276596,0.0,1.0,1.0,5.725,120
hiba,44,0.05,M3,22.0,False,0.8461538461538461,0.8333333333333334,0.0,1.0,1.0,5.230769230769231,13
hiba,44,0.05,cov-MEL,,,1.0,,,,,,52
hiba,44,0.05,sens-MEL,,,,,,1.0,,,52
hiba,44,0.05,cov-NV,,,1.0,,,,,,184
hiba,44,0.05,cov-BCC,,,0.9807692307692307,,,,,,52
hiba,44,0.05,sens-BCC,,,,,,1.0,,,52
hiba,44,0.05,cov-AK,,,1.0,,,,,,13
hiba,44,0.05,sens-AK,,,,,,1.0,,,13
hiba,44,0.05,cov-BKL,,,1.0,,,,,,16
hiba,44,0.05,cov-DF,,,0.45454545454545453,,,,,,11
hiba,44,0.05,cov-VASC,,,0.8125,,,,,,16
hiba,44,0.05,cov-SCC,,,0.9354838709677419,,,,,,31
hiba,44,0.05,sens-SCC,,,,,,1.0,,,31
hiba,44,0.1,B,167.0,False,0.947136563876652,0.8615023474178404,,1.0,1.0,3.995594713656388,227
hiba,44,0.1,M1,26.0,False,1.0,1.0,0.0,1.0,1.0,4.4,15
hiba,44,0.1,M2,221.0,False,0.95,0.9414893617021277,0.0,1.0,1.0,4.225,120
hiba,44,0.1,M3,22.0,False,0.8461538461538461,0.8333333333333334,0.0,1.0,1.0,3.8461538461538463,13
hiba,44,0.1,cov-MEL,,,0.9807692307692307,,,,,,52
hiba,44,0.1,sens-MEL,,,,,,1.0,,,52
hiba,44,0.1,cov-NV,,,0.9945652173913043,,,,,,184
hiba,44,0.1,cov-BCC,,,0.9807692307692307,,,,,,52
hiba,44,0.1,sens-BCC,,,,,,1.0,,,52
hiba,44,0.1,cov-AK,,,0.9230769230769231,,,,,,13
hiba,44,0.1,sens-AK,,,,,,1.0,,,13
hiba,44,0.1,cov-BKL,,,1.0,,,,,,16
hiba,44,0.1,cov-DF,,,0.45454545454545453,,,,,,11
hiba,44,0.1,cov-VASC,,,0.6875,,,,,,16
hiba,44,0.1,cov-SCC,,,0.8387096774193549,,,,,,31
hiba,44,0.1,sens-SCC,,,,,,1.0,,,31
hiba,44,0.15,B,167.0,False,0.9383259911894273,0.8427230046948356,,0.9911894273127754,0.9984350547730829,3.3612334801762116,227
hiba,44,0.15,M1,26.0,False,0.8666666666666667,0.8958333333333334,0.0,1.0,1.0,3.6,15
hiba,44,0.15,M2,221.0,False,0.9166666666666666,0.9287234042553191,0.0,1.0,1.0,3.55,120
hiba,44,0.15,M3,22.0,False,0.7692307692307693,0.7916666666666666,0.0,1.0,1.0,2.923076923076923,13
hiba,44,0.15,cov-MEL,,,0.9807692307692307,,,,,,52
hiba,44,0.15,sens-MEL,,,,,,1.0,,,52
hiba,44,0.15,cov-NV,,,0.9945652173913043,,,,,,184
hiba,44,0.15,cov-BCC,,,0.9230769230769231,,,,,,52
hiba,44,0.15,sens-BCC,,,,,,1.0,,,52
hiba,44,0.15,cov-AK,,,0.9230769230769231,,,,,,13
hiba,44,0.15,sens-AK,,,,,,1.0,,,13
hiba,44,0.15,cov-BKL,,,0.9375,,,,,,16
hiba,44,0.15,cov-DF,,,0.45454545454545453,,,,,,11
hiba,44,0.15,cov-VASC,,,0.625,,,,,,16
hiba,44,0.15,cov-SCC,,,0.7096774193548387,,,,,,31
hiba,44,0.15,sens-SCC,,,,,,1.0,,,31
pad,44,0.05,B,25.0,False,1.0,1.0,,1.0,1.0,4.117647058823529,17
pad,44,0.05,M1,29.0,False,0.8260869565217391,0.8409090909090909,0.0,1.0,1.0,3.608695652173913,23
pad,44,0.05,M2,160.0,False,0.9290322580645162,0.9375273044997817,0.0,1.0,1.0,4.109677419354838,155
pad,44,0.05,M3,67.0,False,0.961038961038961,0.9528301886792453,0.0,1.0,1.0,4.1688311688311686,77
pad,44,0.05,M4,13.0,True,1.0,1.0,0.0,1.0,1.0,5.166666666666667,6
pad,44,0.05,M5,2.0,True,1.0,1.0,0.0,1.0,1.0,5.333333333333333,3
pad,44,0.05,cov-MEL,,,1.0,,,,,,5
pad,44,0.05,sens-MEL,,,,,,1.0,,,5
pad,44,0.05,cov-NV,,,1.0,,,,,,11
pad,44,0.05,cov-BCC,,,0.975609756097561,,,,,,164
pad,44,0.05,sens-BCC,,,,,,1.0,,,164
pad,44,0.05,cov-AK,,,0.9433962264150944,,,,,,53
pad,44,0.05,sens-AK,,,,,,1.0,,,53
pad,44,0.05,cov-BKL,,,1.0,,,,,,6
pad,44,0.05,cov-SCC,,,0.7380952380952381,,,,,,42
pad,44,0.05,sens-SCC,,,,,,1.0,,,42
pad,44,0.1,B,25.0,False,0.9411764705882353,0.9285714285714286,,1.0,1.0,3.1176470588235294,17
pad,44,0.1,M1,29.0,False,0.782608695652174,0.7954545454545454,0.0,1.0,1.0,2.739130434782609,23
pad,44,0.1,M2,160.0,False,0.8903225806451613,0.9008300567933597,0.0,1.0,1.0,2.9870967741935486,155
pad,44,0.1,M3,67.0,False,0.948051948051948,0.9433962264150944,0.0,1.0,1.0,3.207792207792208,77
pad,44,0.1,M4,13.0,False,1.0,1.0,0.0,1.0,1.0,4.333333333333333,6
pad,44,0.1,M5,2.0,True,1.0,1.0,0.0,1.0,1.0,5.0,3
pad,44,0.1,cov-MEL,,,1.0,,,,,,5
pad,44,0.1,sens-MEL,,,,,,1.0,,,5
pad,44,0.1,cov-NV,,,1.0,,,,,,11
pad,44,0.1,cov-BCC,,,0.9573170731707317,,,,,,164
pad,44,0.1,sens-BCC,,,,,,1.0,,,164
pad,44,0.1,cov-AK,,,0.9433962264150944,,,,,,53
pad,44,0.1,sens-AK,,,,,,1.0,,,53
pad,44,0.1,cov-BKL,,,0.8333333333333334,,,,,,6
pad,44,0.1,cov-SCC,,,0.6190476190476191,,,,,,42
pad,44,0.1,sens-SCC,,,,,,1.0,,,42
pad,44,0.15,B,25.0,False,0.9411764705882353,0.9285714285714286,,1.0,1.0,2.8823529411764706,17
pad,44,0.15,M1,29.0,False,0.782608695652174,0.7954545454545454,0.0,1.0,1.0,2.739130434782609,23
pad,44,0.15,M2,160.0,False,0.8516129032258064,0.8628221930974225,0.0,1.0,1.0,2.664516129032258,155
pad,44,0.15,M3,67.0,False,0.9090909090909091,0.9009433962264151,0.0,1.0,1.0,2.844155844155844,77
pad,44,0.15,M4,13.0,False,1.0,1.0,0.0,1.0,1.0,3.6666666666666665,6
pad,44,0.15,M5,2.0,True,1.0,1.0,0.0,1.0,1.0,5.0,3
pad,44,0.15,cov-MEL,,,1.0,,,,,,5
pad,44,0.15,sens-MEL,,,,,,1.0,,,5
pad,44,0.15,cov-NV,,,1.0,,,,,,11
pad,44,0.15,cov-BCC,,,0.9390243902439024,,,,,,164
pad,44,0.15,sens-BCC,,,,,,1.0,,,164
pad,44,0.15,cov-AK,,,0.9056603773584906,,,,,,53
pad,44,0.15,sens-AK,,,,,,1.0,,,53
pad,44,0.15,cov-BKL,,,0.8333333333333334,,,,,,6
pad,44,0.15,cov-SCC,,,0.5238095238095238,,,,,,42
pad,44,0.15,sens-SCC,,,,,,1.0,,,42
hiba,45,0.05,B,167.0,False,0.9831932773109243,0.971830985915493,,1.0,1.0,6.042016806722689,119
hiba,45,0.05,M1,27.0,False,1.0,1.0,0.0,1.0,1.0,6.6923076923076925,13
hiba,45,0.05,M2,210.0,False,0.9402985074626866,0.9333333333333333,0.0,1.0,1.0,6.432835820895522,134
hiba,45,0.05,M3,29.0,False,1.0,1.0,0.0,1.0,1.0,6.4,5
hiba,45,0.05,cov-MEL,,,1.0,,,,,,40
hiba,45,0.05,sens-MEL,,,,,,1.0,,,40
hiba,45,0.05,cov-NV,,,1.0,,,,,,83
hiba,45,0.05,cov-BCC,,,1.0,,,,,,62
hiba,45,0.05,sens-BCC,,,,,,1.0,,,62
hiba,45,0.05,cov-AK,,,0.8181818181818182,,,,,,11
hiba,45,0.05,sens-AK,,,,,,1.0,,,11
hiba,45,0.05,cov-BKL,,,1.0,,,,,,15
hiba,45,0.05,cov-DF,,,0.8571428571428571,,,,,,14
hiba,45,0.05,cov-VASC,,,1.0,,,,,,7
hiba,45,0.05,cov-SCC,,,0.8461538461538461,,,,,,39
hiba,45,0.05,sens-SCC,,,,,,1.0,,,39
hiba,45,0.1,B,167.0,False,0.957983193277311,0.9366197183098591,,1.0,1.0,3.7983193277310923,119
hiba,45,0.1,M1,27.0,False,1.0,1.0,0.0,1.0,1.0,5.3076923076923075,13
hiba,45,0.1,M2,210.0,False,0.8955223880597015,0.8976190476190476,0.0,1.0,1.0,4.41044776119403,134
hiba,45,0.1,M3,29.0,False,0.8,0.8,0.0,1.0,1.0,3.4,5
hiba,45,0.1,cov-MEL,,,1.0,,,,,,40
hiba,45,0.1,sens-MEL,,,,,,1.0,,,40
hiba,45,0.1,cov-NV,,,1.0,,,,,,83
hiba,45,0.1,cov-BCC,,,0.9838709677419355,,,,,,62
hiba,45,0.1,sens-BCC,,,,,,1.0,,,62
hiba,45,0.1,cov-AK,,,0.8181818181818182,,,,,,11
hiba,45,0.1,sens-AK,,,,,,1.0,,,11
hiba,45,0.1,cov-BKL,,,1.0,,,,,,15
hiba,45,0.1,cov-DF,,,0.6428571428571429,,,,,,14
hiba,45,0.1,cov-VASC,,,1.0,,,,,,7
hiba,45,0.1,cov-SCC,,,0.6923076923076923,,,,,,39
hiba,45,0.1,sens-SCC,,,,,,1.0,,,39
hiba,45,0.15,B,167.0,False,0.9159663865546218,0.8661971830985915,,1.0,1.0,3.3361344537815127,119
hiba,45,0.15,M1,27.0,False,0.9230769230769231,0.9642857142857143,0.0,1.0,1.0,3.8461538461538463,13
hiba,45,0.15,M2,210.0,False,0.8656716417910447,0.8769841269841271,0.0,1.0,1.0,3.544776119402985,134
hiba,45,0.15,M3,29.0,False,0.8,0.8,0.0,1.0,1.0,3.0,5
hiba,45,0.15,cov-MEL,,,1.0,,,,,,40
hiba,45,0.15,sens-MEL,,,,,,1.0,,,40
hiba,45,0.15,cov-NV,,,0.9759036144578314,,,,,,83
hiba,45,0.15,cov-BCC,,,0.9354838709677419,,,,,,62
hiba,45,0.15,sens-BCC,,,,,,1.0,,,62
hiba,45,0.15,cov-AK,,,0.8181818181818182,,,,,,11
hiba,45,0.15,sens-AK,,,,,,1.0,,,11
hiba,45,0.15,cov-BKL,,,1.0,,,,,,15
hiba,45,0.15,cov-DF,,,0.5,,,,,,14
hiba,45,0.15,cov-VASC,,,0.8571428571428571,,,,,,7
hiba,45,0.15,cov-SCC,,,0.6410256410256411,,,,,,39
hiba,45,0.15,sens-SCC,,,,,,1.0,,,39
pad,45,0.05,B,26.0,False,1.0,1.0,,1.0,1.0,4.066666666666666,15
pad,45,0.05,M1,22.0,False,0.9545454545454546,0.9444444444444444,0.0,1.0,1.0,3.5454545454545454,22
pad,45,0.05,M2,161.0,False,0.926829268292683,0.9243827160493828,0.0,1.0,1.0,3.7621951219512195,164
pad,45,0.05,M3,71.0,False,0.9565217391304348,0.9387755102040817,0.0,1.0,1.0,4.159420289855072,69
pad,45,0.05,M4,8.0,True,1.0,1.0,0.0,1.0,1.0,5.454545454545454,11
pad,45,0.05,M5,2.0,True,1.0,1.0,0.0,1.0,1.0,5.333333333333333,3
pad,45,0.05,cov-MEL,,,0.9166666666666666,,,,,,12
pad,45,0.05,sens-MEL,,,,,,1.0,,,12
pad,45,0.05,cov-NV,,,1.0,,,,,,8
pad,45,0.05,cov-BCC,,,0.9940476190476191,,,,,,168
pad,45,0.05,sens-BCC,,,,,,1.0,,,168
pad,45,0.05,cov-AK,,,0.9310344827586207,,,,,,58
pad,45,0.05,sens-AK,,,,,,1.0,,,58
pad,45,0.05,cov-BKL,,,1.0,,,,,,7
pad,45,0.05,cov-SCC,,,0.6774193548387096,,,,,,31
pad,45,0.05,sens-SCC,,,,,,1.0,,,31
pad,45,0.1,B,26.0,False,0.9333333333333333,0.9230769230769231,,1.0,1.0,3.6666666666666665,15
pad,45,0.1,M1,22.0,False,0.9545454545454546,0.9444444444444444,0.0,1.0,1.0,3.0,22
pad,45,0.1,M2,161.0,False,0.8780487804878049,0.8773148148148148,0.0,1.0,1.0,2.8719512195121952,164
pad,45,0.1,M3,71.0,False,0.927536231884058,0.9081632653061225,0.0,1.0,1.0,3.0434782608695654,69
pad,45,0.1,M4,8.0,True,1.0,1.0,0.0,1.0,1.0,4.909090909090909,11
pad,45,0.1,M5,2.0,True,1.0,1.0,0.0,1.0,1.0,5.0,3
pad,45,0.1,cov-MEL,,,0.8333333333333334,,,,,,12
pad,45,0.1,sens-MEL,,,,,,1.0,,,12
pad,45,0.1,cov-NV,,,1.0,,,,,,8
pad,45,0.1,cov-BCC,,,0.9523809523809523,,,,,,168
pad,45,0.1,sens-BCC,,,,,,1.0,,,168
pad,45,0.1,cov-AK,,,0.9310344827586207,,,,,,58
pad,45,0.1,sens-AK,,,,,,1.0,,,58
pad,45,0.1,cov-BKL,,,0.8571428571428571,,,,,,7
pad,45,0.1,cov-SCC,,,0.6129032258064516,,,,,,31
pad,45,0.1,sens-SCC,,,,,,1.0,,,31
pad,45,0.15,B,26.0,False,0.9333333333333333,0.9230769230769231,,1.0,1.0,3.0,15
pad,45,0.15,M1,22.0,False,0.9545454545454546,0.9444444444444444,0.0,1.0,1.0,2.772727272727273,22
pad,45,0.15,M2,161.0,False,0.8536585365853658,0.8495370370370371,0.0,1.0,1.0,2.3841463414634148,164
pad,45,0.15,M3,71.0,False,0.8840579710144928,0.8571428571428571,0.0,1.0,1.0,2.4927536231884058,69
pad,45,0.15,M4,8.0,False,1.0,1.0,0.0,1.0,1.0,4.2727272727272725,11
pad,45,0.15,M5,2.0,True,1.0,1.0,0.0,1.0,1.0,4.333333333333333,3
pad,45,0.15,cov-MEL,,,0.6666666666666666,,,,,,12
pad,45,0.15,sens-MEL,,,,,,1.0,,,12
pad,45,0.15,cov-NV,,,1.0,,,,,,8
pad,45,0.15,cov-BCC,,,0.9226190476190477,,,,,,168
pad,45,0.15,sens-BCC,,,,,,1.0,,,168
pad,45,0.15,cov-AK,,,0.9310344827586207,,,,,,58
pad,45,0.15,sens-AK,,,,,,1.0,,,58
pad,45,0.15,cov-BKL,,,0.8571428571428571,,,,,,7
pad,45,0.15,cov-SCC,,,0.6129032258064516,,,,,,31
pad,45,0.15,sens-SCC,,,,,,1.0,,,31
hiba,46,0.05,B,171.0,False,0.9847715736040609,0.9738805970149254,,1.0,1.0,5.964467005076142,197
hiba,46,0.05,M1,24.0,False,1.0,1.0,0.0,1.0,1.0,6.375,16
hiba,46,0.05,M2,221.0,False,0.9083333333333333,0.9228723404255319,0.0,1.0,1.0,6.391666666666667,120
hiba,46,0.05,M3,22.0,False,1.0,1.0,0.0,1.0,1.0,6.615384615384615,13
hiba,46,0.05,cov-MEL,,,0.9782608695652174,,,,,,46
hiba,46,0.05,sens-MEL,,,,,,1.0,,,46
hiba,46,0.05,cov-NV,,,1.0,,,,,,152
hiba,46,0.05,cov-BCC,,,0.984375,,,,,,64
hiba,46,0.05,sens-BCC,,,,,,1.0,,,64
hiba,46,0.05,cov-AK,,,0.7222222222222222,,,,,,18
hiba,46,0.05,sens-AK,,,,,,1.0,,,18
hiba,46,0.05,cov-BKL,,,1.0,,,,,,23
hiba,46,0.05,cov-DF,,,0.8181818181818182,,,,,,11
hiba,46,0.05,cov-VASC,,,0.9090909090909091,,,,,,11
hiba,46,0.05,cov-SCC,,,0.8095238095238095,,,,,,21
hiba,46,0.05,sens-SCC,,,,,,1.0,,,21
hiba,46,0.1,B,171.0,False,0.9543147208121827,0.931592039800995,,1.0,1.0,4.0761421319796955,197
hiba,46,0.1,M1,24.0,False,1.0,1.0,0.0,1.0,1.0,4.6875,16
hiba,46,0.1,M2,221.0,False,0.85,0.8670212765957447,0.0,1.0,1.0,4.191666666666666,120
hiba,46,0.1,M3,22.0,False,0.9230769230769231,0.9166666666666666,0.0,1.0,1.0,5.0,13
hiba,46,0.1,cov-MEL,,,0.9565217391304348,,,,,,46
hiba,46,0.1,sens-MEL,,,,,,1.0,,,46
hiba,46,0.1,cov-NV,,,1.0,,,,,,152
hiba,46,0.1,cov-BCC,,,0.9375,,,,,,64
hiba,46,0.1,sens-BCC,,,,,,1.0,,,64
hiba,46,0.1,cov-AK,,,0.6666666666666666,,,,,,18
hiba,46,0.1,sens-AK,,,,,,1.0,,,18
hiba,46,0.1,cov-BKL,,,1.0,,,,,,23
hiba,46,0.1,cov-DF,,,0.7272727272727273,,,,,,11
hiba,46,0.1,cov-VASC,,,0.45454545454545453,,,,,,11
hiba,46,0.1,cov-SCC,,,0.6666666666666666,,,,,,21
hiba,46,0.1,sens-SCC,,,,,,1.0,,,21
hiba,46,0.15,B,171.0,False,0.9137055837563451,0.8345771144278606,,1.0,1.0,3.3451776649746194,197
hiba,46,0.15,M1,24.0,False,1.0,1.0,0.0,1.0,1.0,4.0,16
hiba,46,0.15,M2,221.0,False,0.8083333333333333,0.8262411347517731,0.0,1.0,1.0,3.466666666666667,120
hiba,46,0.15,M3,22.0,False,0.7692307692307693,0.7916666666666666,0.0,1.0,1.0,2.8461538461538463,13
hiba,46,0.15,cov-MEL,,,0.8913043478260869,,,,,,46
hiba,46,0.15,sens-MEL,,,,,,1.0,,,46
hiba,46,0.15,cov-NV,,,0.9868421052631579,,,,,,152
hiba,46,0.15,cov-BCC,,,0.921875,,,,,,64
hiba,46,0.15,sens-BCC,,,,,,1.0,,,64
hiba,46,0.15,cov-AK,,,0.6666666666666666,,,,,,18
hiba,46,0.15,sens-AK,,,,,,1.0,,,18
hiba,46,0.15,cov-BKL,,,0.9130434782608695,,,,,,23
hiba,46,0.15,cov-DF,,,0.6363636363636364,,,,,,11
hiba,46,0.15,cov-VASC,,,0.18181818181818182,,,,,,11
hiba,46,0.15,cov-SCC,,,0.5238095238095238,,,,,,21
hiba,46,0.15,sens-SCC,,,,,,1.0,,,21
pad,46,0.05,B,25.0,False,1.0,1.0,,1.0,1.0,4.5,18
pad,46,0.05,M1,22.0,False,1.0,1.0,0.0,1.0,1.0,4.066666666666666,30
pad,46,0.05,M2,158.0,False,0.9673202614379085,0.9789789789789789,0.0,1.0,1.0,4.359477124183006,153
pad,46,0.05,M3,71.0,False,0.9859154929577465,0.9795918367346939,0.0,1.0,1.0,4.352112676056338,71
pad,46,0.05,M4,9.0,True,1.0,1.0,0.0,1.0,1.0,5.5,10
pad,46,0.05,M5,3.0,True,1.0,1.0,0.0,1.0,1.0,5.333333333333333,3
pad,46,0.05,cov-MEL,,,0.9230769230769231,,,,,,13
pad,46,0.05,sens-MEL,,,,,,1.0,,,13
pad,46,0.05,cov-NV,,,1.0,,,,,,11
pad,46,0.05,cov-BCC,,,1.0,,,,,,159
pad,46,0.05,sens-BCC,,,,,,1.0,,,159
pad,46,0.05,cov-AK,,,1.0,,,,,,53
pad,46,0.05,sens-AK,,,,,,1.0,,,53
pad,46,0.05,cov-BKL,,,1.0,,,,,,7
pad,46,0.05,cov-SCC,,,0.8809523809523809,,,,,,42
pad,46,0.05,sens-SCC,,,,,,1.0,,,42
pad,46,0.1,B,25.0,False,1.0,1.0,,1.0,1.0,3.9444444444444446,18
pad,46,0.1,M1,22.0,False,1.0,1.0,0.0,1.0,1.0,4.066666666666666,30
pad,46,0.1,M2,158.0,False,0.8627450980392157,0.8738738738738738,0.0,1.0,1.0,3.542483660130719,153
pad,46,0.1,M3,71.0,False,0.9436619718309859,0.9183673469387755,0.0,1.0,1.0,3.8450704225352115,71
pad,46,0.1,M4,9.0,False,1.0,1.0,0.0,1.0,1.0,5.0,10
pad,46,0.1,M5,3.0,True,1.0,1.0,0.0,1.0,1.0,5.333333333333333,3
pad,46,0.1,cov-MEL,,,0.7692307692307693,,,,,,13
pad,46,0.1,sens-MEL,,,,,,1.0,,,13
pad,46,0.1,cov-NV,,,1.0,,,,,,11
pad,46,0.1,cov-BCC,,,0.9622641509433962,,,,,,159
pad,46,0.1,sens-BCC,,,,,,1.0,,,159
pad,46,0.1,cov-AK,,,0.9622641509433962,,,,,,53
pad,46,0.1,sens-AK,,,,,,1.0,,,53
pad,46,0.1,cov-BKL,,,1.0,,,,,,7
pad,46,0.1,cov-SCC,,,0.6666666666666666,,,,,,42
pad,46,0.1,sens-SCC,,,,,,1.0,,,42
pad,46,0.15,B,25.0,False,1.0,1.0,,1.0,1.0,3.2222222222222223,18
pad,46,0.15,M1,22.0,False,0.9666666666666667,0.9861111111111112,0.0,1.0,1.0,2.966666666666667,30
pad,46,0.15,M2,158.0,False,0.7516339869281046,0.7567567567567569,0.0,1.0,1.0,2.3790849673202614,153
pad,46,0.15,M3,71.0,False,0.8591549295774648,0.8112244897959183,0.0,1.0,1.0,2.647887323943662,71
pad,46,0.15,M4,9.0,False,1.0,1.0,0.0,1.0,1.0,4.3,10
pad,46,0.15,M5,3.0,True,1.0,1.0,0.0,1.0,1.0,4.666666666666667,3
pad,46,0.15,cov-MEL,,,0.46153846153846156,,,,,,13
pad,46,0.15,sens-MEL,,,,,,1.0,,,13
pad,46,0.15,cov-NV,,,1.0,,,,,,11
pad,46,0.15,cov-BCC,,,0.8930817610062893,,,,,,159
pad,46,0.15,sens-BCC,,,,,,1.0,,,159
pad,46,0.15,cov-AK,,,0.8679245283018868,,,,,,53
pad,46,0.15,sens-AK,,,,,,1.0,,,53
pad,46,0.15,cov-BKL,,,1.0,,,,,,7
pad,46,0.15,cov-SCC,,,0.5714285714285714,,,,,,42
pad,46,0.15,sens-SCC,,,,,,1.0,,,42
hiba,47,0.05,B,165.0,False,0.9622641509433962,0.9178082191780822,,1.0,1.0,5.666666666666667,159
hiba,47,0.05,M1,24.0,False,0.9444444444444444,0.9,0.0,1.0,1.0,5.5,18
hiba,47,0.05,M2,220.0,False,0.9310344827586207,0.9210526315789473,0.0,1.0,1.0,5.9655172413793105,116
hiba,47,0.05,M3,26.0,False,1.0,1.0,0.0,1.0,1.0,6.5,8
hiba,47,0.05,cov-MEL,,,1.0,,,,,,45
hiba,47,0.05,sens-MEL,,,,,,1.0,,,45
hiba,47,0.05,cov-NV,,,1.0,,,,,,123
hiba,47,0.05,cov-BCC,,,0.9836065573770492,,,,,,61
hiba,47,0.05,sens-BCC,,,,,,1.0,,,61
hiba,47,0.05,cov-AK,,,0.8461538461538461,,,,,,13
hiba,47,0.05,sens-AK,,,,,,1.0,,,13
hiba,47,0.05,cov-BKL,,,1.0,,,,,,18
hiba,47,0.05,cov-DF,,,0.6153846153846154,,,,,,13
hiba,47,0.05,cov-VASC,,,0.8,,,,,,5
hiba,47,0.05,cov-SCC,,,0.7391304347826086,,,,,,23
hiba,47,0.05,sens-SCC,,,,,,1.0,,,23
hiba,47,0.1,B,165.0,False,0.9308176100628931,0.858447488584475,,1.0,1.0,3.9874213836477987,159
hiba,47,0.1,M1,24.0,False,0.8333333333333334,0.8416666666666668,0.0,1.0,1.0,4.277777777777778,18
hiba,47,0.1,M2,220.0,False,0.8879310344827587,0.8789473684210526,0.0,1.0,1.0,3.9741379310344827,116
hiba,47,0.1,M3,26.0,False,1.0,1.0,0.0,1.0,1.0,5.0,8
hiba,47,0.1,cov-MEL,,,0.9555555555555556,,,,,,45
hiba,47,0.1,sens-MEL,,,,,,1.0,,,45
hiba,47,0.1,cov-NV,,,1.0,,,,,,123
hiba,47,0.1,cov-BCC,,,0.9344262295081968,,,,,,61
hiba,47,0.1,sens-BCC,,,,,,1.0,,,61
hiba,47,0.1,cov-AK,,,0.8461538461538461,,,,,,13
hiba,47,0.1,sens-AK,,,,,,1.0,,,13
hiba,47,0.1,cov-BKL,,,1.0,,,,,,18
hiba,47,0.1,cov-DF,,,0.23076923076923078,,,,,,13
hiba,47,0.1,cov-VASC,,,0.8,,,,,,5
hiba,47,0.1,cov-SCC,,,0.6521739130434783,,,,,,23
hiba,47,0.1,sens-SCC,,,,,,1.0,,,23
hiba,47,0.15,B,165.0,False,0.9182389937106918,0.8401826484018265,,1.0,1.0,3.2641509433962264,159
hiba,47,0.15,M1,24.0,False,0.6111111111111112,0.5833333333333333,0.0,1.0,1.0,3.111111111111111,18
hiba,47,0.15,M2,220.0,False,0.8275862068965517,0.8280701754385965,0.0,1.0,1.0,3.5,116
hiba,47,0.15,M3,26.0,False,1.0,1.0,0.0,1.0,1.0,3.25,8
hiba,47,0.15,cov-MEL,,,0.9111111111111111,,,,,,45
hiba,47,0.15,sens-MEL,,,,,,1.0,,,45
hiba,47,0.15,cov-NV,,,0.991869918699187,,,,,,123
hiba,47,0.15,cov-BCC,,,0.8688524590163934,,,,,,61
hiba,47,0.15,sens-BCC,,,,,,1.0,,,61
hiba,47,0.15,cov-AK,,,0.7692307692307693,,,,,,13
hiba,47,0.15,sens-AK,,,,,,1.0,,,13
hiba,47,0.15,cov-BKL,,,0.9444444444444444,,,,,,18
hiba,47,0.15,cov-DF,,,0.23076923076923078,,,,,,13
hiba,47,0.15,cov-VASC,,,0.8,,,,,,5
hiba,47,0.15,cov-SCC,,,0.4782608695652174,,,,,,23
hiba,47,0.15,sens-SCC,,,,,,1.0,,,23
pad,47,0.05,B,19.0,False,0.9166666666666666,0.9,,1.0,1.0,3.8333333333333335,24
pad,47,0.05,M1,24.0,False,0.7857142857142857,0.7916666666666666,0.0,1.0,1.0,2.642857142857143,28
pad,47,0.05,M2,167.0,False,0.9675324675324676,0.9803921568627451,0.0,1.0,1.0,3.5844155844155843,154
pad,47,0.05,M3,74.0,False,1.0,1.0,0.0,1.0,1.0,3.893939393939394,66
pad,47,0.05,M4,10.0,True,1.0,1.0,0.0,1.0,1.0,4.6,10
pad,47,0.05,M5,5.0,True,,,,,,,0
pad,47,0.05,cov-MEL,,,1.0,,,,,,8
pad,47,0.05,sens-MEL,,,,,,1.0,,,8
pad,47,0.05,cov-NV,,,0.9230769230769231,,,,,,13
pad,47,0.05,cov-BCC,,,0.9805194805194806,,,,,,154
pad,47,0.05,sens-BCC,,,,,,1.0,,,154
pad,47,0.05,cov-AK,,,0.9636363636363636,,,,,,55
pad,47,0.05,sens-AK,,,,,,1.0,,,55
pad,47,0.05,cov-BKL,,,0.9090909090909091,,,,,,11
pad,47,0.05,cov-SCC,,,0.8536585365853658,,,,,,41
pad,47,0.05,sens-SCC,,,,,,1.0,,,41
pad,47,0.1,B,19.0,False,0.9166666666666666,0.9,,1.0,1.0,3.0833333333333335,24
pad,47,0.1,M1,24.0,False,0.7857142857142857,0.7916666666666666,0.0,1.0,1.0,2.642857142857143,28
pad,47,0.1,M2,167.0,False,0.922077922077922,0.9379084967320261,0.0,1.0,1.0,2.9415584415584415,154
pad,47,0.1,M3,74.0,False,0.9242424242424242,0.9021739130434783,0.0,1.0,1.0,3.0757575757575757,66
pad,47,0.1,M4,10.0,False,0.9,0.8571428571428571,0.0,1.0,1.0,3.3,10
pad,47,0.1,M5,5.0,True,,,,,,,0
pad,47,0.1,cov-MEL,,,1.0,,,,,,8
pad,47,0.1,sens-MEL,,,,,,1.0,,,8
pad,47,0.1,cov-NV,,,0.9230769230769231,,,,,,13
pad,47,0.1,cov-BCC,,,0.961038961038961,,,,,,154
pad,47,0.1,sens-BCC,,,,,,1.0,,,154
pad,47,0.1,cov-AK,,,0.9454545454545454,,,,,,55
pad,47,0.1,sens-AK,,,,,,1.0,,,55
pad,47,0.1,cov-BKL,,,0.9090909090909091,,,,,,11
pad,47,0.1,cov-SCC,,,0.6341463414634146,,,,,,41
pad,47,0.1,sens-SCC,,,,,,1.0,,,41
pad,47,0.15,B,19.0,False,0.75,0.7,,0.875,0.9,2.25,24
pad,47,0.15,M1,24.0,False,0.7857142857142857,0.7916666666666666,0.0,1.0,1.0,2.107142857142857,28
pad,47,0.15,M2,167.0,False,0.8571428571428571,0.8782679738562092,0.0,1.0,1.0,2.279220779220779,154
pad,47,0.15,M3,74.0,False,0.8787878787878788,0.8478260869565217,0.0,1.0,1.0,2.1818181818181817,66
pad,47,0.15,M4,10.0,False,0.9,0.8571428571428571,0.0,1.0,1.0,3.0,10
pad,47,0.15,M5,5.0,True,,,,,,,0
pad,47,0.15,cov-MEL,,,0.875,,,,,,8
pad,47,0.15,sens-MEL,,,,,,1.0,,,8
pad,47,0.15,cov-NV,,,0.7692307692307693,,,,,,13
pad,47,0.15,cov-BCC,,,0.9090909090909091,,,,,,154
pad,47,0.15,sens-BCC,,,,,,1.0,,,154
pad,47,0.15,cov-AK,,,0.9454545454545454,,,,,,55
pad,47,0.15,sens-AK,,,,,,1.0,,,55
pad,47,0.15,cov-BKL,,,0.7272727272727273,,,,,,11
pad,47,0.15,cov-SCC,,,0.5365853658536586,,,,,,41
pad,47,0.15,sens-SCC,,,,,,1.0,,,41
hiba,48,0.05,B,179.0,False,1.0,1.0,,1.0,1.0,6.38655462184874,119
hiba,48,0.05,M1,23.0,False,0.7857142857142857,0.7878787878787878,0.0,1.0,1.0,5.357142857142857,14
hiba,48,0.05,M2,213.0,False,0.9603174603174603,0.9558823529411765,0.0,1.0,1.0,6.611111111111111,126
hiba,48,0.05,M3,21.0,False,0.9285714285714286,0.9230769230769231,0.0,1.0,1.0,6.642857142857143,14
hiba,48,0.05,cov-MEL,,,1.0,,,,,,54
hiba,48,0.05,sens-MEL,,,,,,1.0,,,54
hiba,48,0.05,cov-NV,,,1.0,,,,,,86
hiba,48,0.05,cov-BCC,,,0.9384615384615385,,,,,,65
hiba,48,0.05,sens-BCC,,,,,,1.0,,,65
hiba,48,0.05,cov-AK,,,0.8571428571428571,,,,,,7
hiba,48,0.05,sens-AK,,,,,,1.0,,,7
hiba,48,0.05,cov-BKL,,,1.0,,,,,,18
hiba,48,0.05,cov-DF,,,1.0,,,,,,8
hiba,48,0.05,cov-VASC,,,1.0,,,,,,7
hiba,48,0.05,cov-SCC,,,0.8571428571428571,,,,,,28
hiba,48,0.05,sens-SCC,,,,,,1.0,,,28
hiba,48,0.1,B,179.0,False,0.9747899159663865,0.9689265536723164,,1.0,1.0,4.285714285714286,119
hiba,48,0.1,M1,23.0,False,0.7857142857142857,0.7878787878787878,0.0,1.0,1.0,4.285714285714286,14
hiba,48,0.1,M2,213.0,False,0.8888888888888888,0.8774509803921569,0.0,1.0,1.0,4.373015873015873,126
hiba,48,0.1,M3,21.0,False,0.9285714285714286,0.9230769230769231,0.0,1.0,1.0,5.0,14
hiba,48,0.1,cov-MEL,,,0.9814814814814815,,,,,,54
hiba,48,0.1,sens-MEL,,,,,,1.0,,,54
hiba,48,0.1,cov-NV,,,1.0,,,,,,86
hiba,48,0.1,cov-BCC,,,0.8923076923076924,,,,,,65
hiba,48,0.1,sens-BCC,,,,,,1.0,,,65
hiba,48,0.1,cov-AK,,,0.8571428571428571,,,,,,7
hiba,48,0.1,sens-AK,,,,,,1.0,,,7
hiba,48,0.1,cov-BKL,,,1.0,,,,,,18
hiba,48,0.1,cov-DF,,,0.625,,,,,,8
hiba,48,0.1,cov-VASC,,,1.0,,,,,,7
hiba,48,0.1,cov-SCC,,,0.6785714285714286,,,,,,28
hiba,48,0.1,sens-SCC,,,,,,1.0,,,28
hiba,48,0.15,B,179.0,False,0.957983193277311,0.9350282485875706,,1.0,1.0,3.823529411764706,119
hiba,48,0.15,M1,23.0,False,0.7857142857142857,0.7878787878787878,0.0,1.0,1.0,3.7142857142857144,14
hiba,48,0.15,M2,213.0,False,0.8571428571428571,0.8431372549019608,0.0,1.0,1.0,3.8095238095238093,126
hiba,48,0.15,M3,21.0,False,0.9285714285714286,0.9230769230769231,0.0,1.0,1.0,3.7857142857142856,14
hiba,48,0.15,cov-MEL,,,0.9444444444444444,,,,,,54
hiba,48,0.15,sens-MEL,,,,,,1.0,,,54
hiba,48,0.15,cov-NV,,,1.0,,,,,,86
hiba,48,0.15,cov-BCC,,,0.8923076923076924,,,,,,65
hiba,48,0.15,sens-BCC,,,,,,1.0,,,65
hiba,48,0.15,cov-AK,,,0.8571428571428571,,,,,,7
hiba,48,0.15,sens-AK,,,,,,1.0,,,7
hiba,48,0.15,cov-BKL,,,1.0,,,,,,18
hiba,48,0.15,cov-DF,,,0.5,,,,,,8
hiba,48,0.15,cov-VASC,,,0.8571428571428571,,,,,,7
hiba,48,0.15,cov-SCC,,,0.6071428571428571,,,,,,28
hiba,48,0.15,sens-SCC,,,,,,1.0,,,28
pad,48,0.05,B,22.0,False,1.0,1.0,,1.0,1.0,4.136363636363637,22
pad,48,0.05,M1,28.0,False,1.0,1.0,0.0,1.0,1.0,4.521739130434782,23
pad,48,0.05,M2,160.0,False,0.9006211180124224,0.9174311926605505,0.0,1.0,1.0,3.888198757763975,161
pad,48,0.05,M3,72.0,False,0.9855072463768116,0.9791666666666666,0.0,1.0,1.0,4.304347826086956,69
pad,48,0.05,M4,10.0,True,1.0,1.0,0.0,1.0,1.0,5.375,8
pad,48,0.05,M5,3.0,True,1.0,1.0,0.0,1.0,1.0,5.5,2
pad,48,0.05,cov-MEL,,,0.8888888888888888,,,,,,9
pad,48,0.05,sens-MEL,,,,,,1.0,,,9
pad,48,0.05,cov-NV,,,1.0,,,,,,16
pad,48,0.05,cov-BCC,,,0.99375,,,,,,160
pad,48,0.05,sens-BCC,,,,,,1.0,,,160
pad,48,0.05,cov-AK,,,0.921875,,,,,,64
pad,48,0.05,sens-AK,,,,,,1.0,,,64
pad,48,0.05,cov-BKL,,,1.0,,,,,,6
pad,48,0.05,cov-SCC,,,0.6666666666666666,,,,,,30
pad,48,0.05,sens-SCC,,,,,,1.0,,,30
pad,48,0.1,B,22.0,False,0.9090909090909091,0.8823529411764706,,1.0,1.0,3.227272727272727,22
pad,48,0.1,M1,28.0,False,1.0,1.0,0.0,1.0,1.0,3.391304347826087,23
pad,48,0.1,M2,160.0,False,0.8509316770186336,0.8600917431192661,0.0,1.0,1.0,2.8322981366459627,161
pad,48,0.1,M3,72.0,False,0.9565217391304348,0.9479166666666666,0.0,1.0,1.0,3.1449275362318843,69
pad,48,0.1,M4,10.0,False,1.0,1.0,0.0,1.0,1.0,4.375,8
pad,48,0.1,M5,3.0,True,1.0,1.0,0.0,1.0,1.0,5.0,2
pad,48,0.1,cov-MEL,,,0.7777777777777778,,,,,,9
pad,48,0.1,sens-MEL,,,,,,1.0,,,9
pad,48,0.1,cov-NV,,,1.0,,,,,,16
pad,48,0.1,cov-BCC,,,0.9625,,,,,,160
pad,48,0.1,sens-BCC,,,,,,1.0,,,160
pad,48,0.1,cov-AK,,,0.921875,,,,,,64
pad,48,0.1,sens-AK,,,,,,1.0,,,64
pad,48,0.1,cov-BKL,,,0.6666666666666666,,,,,,6
pad,48,0.1,cov-SCC,,,0.5333333333333333,,,,,,30
pad,48,0.1,sens-SCC,,,,,,1.0,,,30
pad,48,0.15,B,22.0,False,0.9090909090909091,0.8823529411764706,,1.0,1.0,2.4545454545454546,22
pad,48,0.15,M1,28.0,False,0.9130434782608695,0.875,0.0,1.0,1.0,2.3043478260869565,23
pad,48,0.15,M2,160.0,False,0.7577639751552795,0.7714067278287463,0.0,1.0,1.0,2.124223602484472,161
pad,48,0.15,M3,72.0,False,0.8985507246376812,0.8645833333333334,0.0,1.0,1.0,2.420289855072464,69
pad,48,0.15,M4,10.0,False,1.0,1.0,0.0,1.0,1.0,4.375,8
pad,48,0.15,M5,3.0,True,1.0,1.0,0.0,1.0,1.0,4.5,2
pad,48,0.15,cov-MEL,,,0.6666666666666666,,,,,,9
pad,48,0.15,sens-MEL,,,,,,1.0,,,9
pad,48,0.15,cov-NV,,,1.0,,,,,,16
pad,48,0.15,cov-BCC,,,0.875,,,,,,160
pad,48,0.15,sens-BCC,,,,,,1.0,,,160
pad,48,0.15,cov-AK,,,0.859375,,,,,,64
pad,48,0.15,sens-AK,,,,,,1.0,,,64
pad,48,0.15,cov-BKL,,,0.6666666666666666,,,,,,6
pad,48,0.15,cov-SCC,,,0.4666666666666667,,,,,,30
pad,48,0.15,sens-SCC,,,,,,1.0,,,30
hiba,49,0.05,B,166.0,False,0.983957219251337,0.9652777777777778,,1.0,1.0,6.096256684491979,187
hiba,49,0.05,M1,23.0,False,0.8947368421052632,0.8787878787878788,0.0,1.0,1.0,5.315789473684211,19
hiba,49,0.05,M2,223.0,False,0.9224137931034483,0.9239130434782609,0.0,1.0,1.0,6.336206896551724,116
hiba,49,0.05,M3,23.0,False,0.9375,0.9090909090909091,0.0,1.0,1.0,6.4375,16
hiba,49,0.05,cov-MEL,,,0.98,,,,,,50
hiba,49,0.05,sens-MEL,,,,,,1.0,,,50
hiba,49,0.05,cov-NV,,,1.0,,,,,,152
hiba,49,0.05,cov-BCC,,,0.953125,,,,,,64
hiba,49,0.05,sens-BCC,,,,,,1.0,,,64
hiba,49,0.05,cov-AK,,,0.9,,,,,,10
hiba,49,0.05,sens-AK,,,,,,1.0,,,10
hiba,49,0.05,cov-BKL,,,1.0,,,,,,14
hiba,49,0.05,cov-DF,,,0.7272727272727273,,,,,,11
hiba,49,0.05,cov-VASC,,,1.0,,,,,,10
hiba,49,0.05,cov-SCC,,,0.7407407407407407,,,,,,27
hiba,49,0.05,sens-SCC,,,,,,1.0,,,27
hiba,49,0.1,B,166.0,False,0.9358288770053476,0.875,,1.0,1.0,4.144385026737968,187
hiba,49,0.1,M1,23.0,False,0.8947368421052632,0.8787878787878788,0.0,1.0,1.0,4.526315789473684,19
hiba,49,0.1,M2,223.0,False,0.896551724137931,0.9021739130434783,0.0,1.0,1.0,4.189655172413793,116
hiba,49,0.1,M3,23.0,False,0.9375,0.9090909090909091,0.0,1.0,1.0,4.625,16
hiba,49,0.1,cov-MEL,,,0.96,,,,,,50
hiba,49,0.1,sens-MEL,,,,,,1.0,,,50
hiba,49,0.1,cov-NV,,,0.9868421052631579,,,,,,152
hiba,49,0.1,cov-BCC,,,0.953125,,,,,,64
hiba,49,0.1,sens-BCC,,,,,,1.0,,,64
hiba,49,0.1,cov-AK,,,0.9,,,,,,10
hiba,49,0.1,sens-AK,,,,,,1.0,,,10
hiba,49,0.1,cov-BKL,,,1.0,,,,,,14
hiba,49,0.1,cov-DF,,,0.18181818181818182,,,,,,11
hiba,49,0.1,cov-VASC,,,0.9,,,,,,10
hiba,49,0.1,cov-SCC,,,0.6666666666666666,,,,,,27
hiba,49,0.1,sens-SCC,,,,,,1.0,,,27
hiba,49,0.15,B,166.0,False,0.9037433155080213,0.7986111111111112,,1.0,1.0,3.5401069518716577,187
hiba,49,0.15,M1,23.0,False,0.8947368421052632,0.8787878787878788,0.0,1.0,1.0,3.8421052631578947,19
hiba,49,0.15,M2,223.0,False,0.8448275862068966,0.8605072463768116,0.0,1.0,1.0,3.4827586206896552,116
hiba,49,0.15,M3,23.0,False,0.9375,0.9090909090909091,0.0,1.0,1.0,3.1875,16
hiba,49,0.15,cov-MEL,,,0.94,,,,,,50
hiba,49,0.15,sens-MEL,,,,,,1.0,,,50
hiba,49,0.15,cov-NV,,,0.9802631578947368,,,,,,152
hiba,49,0.15,cov-BCC,,,0.953125,,,,,,64
hiba,49,0.15,sens-BCC,,,,,,1.0,,,64
hiba,49,0.15,cov-AK,,,0.8,,,,,,10
hiba,49,0.15,sens-AK,,,,,,1.0,,,10
hiba,49,0.15,cov-BKL,,,0.9285714285714286,,,,,,14
hiba,49,0.15,cov-DF,,,0.18181818181818182,,,,,,11
hiba,49,0.15,cov-VASC,,,0.5,,,,,,10
hiba,49,0.15,cov-SCC,,,0.5185185185185185,,,,,,27
hiba,49,0.15,sens-SCC,,,,,,1.0,,,27
pad,49,0.05,B,27.0,False,1.0,1.0,,1.0,1.0,4.3076923076923075,13
pad,49,0.05,M1,26.0,False,0.8947368421052632,0.9047619047619048,0.0,1.0,1.0,3.5789473684210527,19
pad,49,0.05,M2,163.0,False,0.9281045751633987,0.9276729559748427,0.0,1.0,1.0,4.03921568627451,153
pad,49,0.05,M3,66.0,False,0.96,0.9537037037037037,0.0,1.0,1.0,4.2,75
pad,49,0.05,M4,13.0,True,1.0,1.0,0.0,1.0,1.0,5.5,4
pad,49,0.05,M5,2.0,True,1.0,1.0,0.0,1.0,1.0,5.666666666666667,3
pad,49,0.05,cov-MEL,,,0.9,,,,,,10
pad,49,0.05,sens-MEL,,,,,,1.0,,,10
pad,49,0.05,cov-NV,,,1.0,,,,,,7
pad,49,0.05,cov-BCC,,,0.9865771812080537,,,,,,149
pad,49,0.05,sens-BCC,,,,,,1.0,,,149
pad,49,0.05,cov-AK,,,0.9206349206349206,,,,,,63
pad,49,0.05,sens-AK,,,,,,1.0,,,63
pad,49,0.05,cov-BKL,,,1.0,,,,,,6
pad,49,0.05,cov-SCC,,,0.75,,,,,,32
pad,49,0.05,sens-SCC,,,,,,1.0,,,32
pad,49,0.1,B,27.0,False,0.8461538461538461,0.8333333333333334,,1.0,1.0,3.230769230769231,13
pad,49,0.1,M1,26.0,False,0.7894736842105263,0.7976190476190476,0.0,1.0,1.0,2.5789473684210527,19
pad,49,0.1,M2,163.0,False,0.8888888888888888,0.8852201257861635,0.0,1.0,1.0,2.9019607843137254,153
pad,49,0.1,M3,66.0,False,0.9466666666666667,0.9444444444444444,0.0,1.0,1.0,3.12,75
pad,49,0.1,M4,13.0,False,1.0,1.0,0.0,1.0,1.0,4.25,4
pad,49,0.1,M5,2.0,True,1.0,1.0,0.0,1.0,1.0,5.333333333333333,3
pad,49,0.1,cov-MEL,,,0.8,,,,,,10
pad,49,0.1,sens-MEL,,,,,,1.0,,,10
pad,49,0.1,cov-NV,,,1.0,,,,,,7
pad,49,0.1,cov-BCC,,,0.9530201342281879,,,,,,149
pad,49,0.1,sens-BCC,,,,,,1.0,,,149
pad,49,0.1,cov-AK,,,0.9047619047619048,,,,,,63
pad,49,0.1,sens-AK,,,,,,1.0,,,63
pad,49,0.1,cov-BKL,,,0.6666666666666666,,,,,,6
pad,49,0.1,cov-SCC,,,0.6875,,,,,,32
pad,49,0.1,sens-SCC,,,,,,1.0,,,32
pad,49,0.15,B,27.0,False,0.6153846153846154,0.5833333333333334,,0.9230769230769231,0.9166666666666666,2.1538461538461537,13
pad,49,0.15,M1,26.0,False,0.7894736842105263,0.7976190476190476,0.0,1.0,1.0,2.1578947368421053,19
pad,49,0.15,M2,163.0,False,0.7973856209150327,0.8026729559748427,0.0,1.0,1.0,2.1176470588235294,153
pad,49,0.15,M3,66.0,False,0.9066666666666666,0.9243827160493828,0.0,1.0,1.0,2.32,75
pad,49,0.15,M4,13.0,False,0.75,0.75,0.0,1.0,1.0,3.0,4
pad,49,0.15,M5,2.0,True,1.0,1.0,0.0,1.0,1.0,4.333333333333333,3
pad,49,0.15,cov-MEL,,,0.7,,,,,,10
pad,49,0.15,sens-MEL,,,,,,1.0,,,10
pad,49,0.15,cov-NV,,,0.8571428571428571,,,,,,7
pad,49,0.15,cov-BCC,,,0.8859060402684564,,,,,,149
pad,49,0.15,sens-BCC,,,,,,1.0,,,149
pad,49,0.15,cov-AK,,,0.8571428571428571,,,,,,63
pad,49,0.15,sens-AK,,,,,,1.0,,,63
pad,49,0.15,cov-BKL,,,0.3333333333333333,,,,,,6
pad,49,0.15,cov-SCC,,,0.5625,,,,,,32
pad,49,0.15,sens-SCC,,,,,,1.0,,,32
hiba,50,0.05,B,173.0,False,0.9958333333333333,0.9846153846153847,,1.0,1.0,6.2,240
hiba,50,0.05,M1,28.0,False,1.0,1.0,0.0,1.0,1.0,6.769230769230769,13
hiba,50,0.05,M2,210.0,False,0.9854014598540146,0.9809523809523809,0.0,1.0,1.0,6.846715328467154,137
hiba,50,0.05,M3,25.0,False,1.0,1.0,0.0,1.0,1.0,6.588235294117647,17
hiba,50,0.05,cov-MEL,,,1.0,,,,,,44
hiba,50,0.05,sens-MEL,,,,,,1.0,,,44
hiba,50,0.05,cov-NV,,,1.0,,,,,,206
hiba,50,0.05,cov-BCC,,,1.0,,,,,,83
hiba,50,0.05,sens-BCC,,,,,,1.0,,,83
hiba,50,0.05,cov-AK,,,1.0,,,,,,8
hiba,50,0.05,sens-AK,,,,,,1.0,,,8
hiba,50,0.05,cov-BKL,,,1.0,,,,,,11
hiba,50,0.05,cov-DF,,,0.9090909090909091,,,,,,11
hiba,50,0.05,cov-VASC,,,1.0,,,,,,12
hiba,50,0.05,cov-SCC,,,0.9375,,,,,,32
hiba,50,0.05,sens-SCC,,,,,,1.0,,,32
hiba,50,0.1,B,173.0,False,0.9875,0.9615384615384616,,1.0,1.0,4.795833333333333,240
hiba,50,0.1,M1,28.0,False,1.0,1.0,0.0,1.0,1.0,5.153846153846154,13
hiba,50,0.1,M2,210.0,False,0.948905109489051,0.9452380952380952,0.0,1.0,1.0,4.7226277372262775,137
hiba,50,0.1,M3,25.0,False,1.0,1.0,0.0,1.0,1.0,5.470588235294118,17
hiba,50,0.1,cov-MEL,,,1.0,,,,,,44
hiba,50,0.1,sens-MEL,,,,,,1.0,,,44
hiba,50,0.1,cov-NV,,,1.0,,,,,,206
hiba,50,0.1,cov-BCC,,,0.9759036144578314,,,,,,83
hiba,50,0.1,sens-BCC,,,,,,1.0,,,83
hiba,50,0.1,cov-AK,,,0.875,,,,,,8
hiba,50,0.1,sens-AK,,,,,,1.0,,,8
hiba,50,0.1,cov-BKL,,,1.0,,,,,,11
hiba,50,0.1,cov-DF,,,0.7272727272727273,,,,,,11
hiba,50,0.1,cov-VASC,,,1.0,,,,,,12
hiba,50,0.1,cov-SCC,,,0.875,,,,,,32
hiba,50,0.1,sens-SCC,,,,,,1.0,,,32
hiba,50,0.15,B,173.0,False,0.9625,0.8769230769230769,,1.0,1.0,3.3333333333333335,240
hiba,50,0.15,M1,28.0,False,1.0,1.0,0.0,1.0,1.0,3.923076923076923,13
hiba,50,0.15,M2,210.0,False,0.8832116788321168,0.8888888888888888,0.0,1.0,1.0,3.5547445255474455,137
hiba,50,0.15,M3,25.0,False,0.9411764705882353,0.8888888888888888,0.0,1.0,1.0,3.235294117647059,17
hiba,50,0.15,cov-MEL,,,0.9772727272727273,,,,,,44
hiba,50,0.15,sens-MEL,,,,,,1.0,,,44
hiba,50,0.15,cov-NV,,,1.0,,,,,,206
hiba,50,0.15,cov-BCC,,,0.927710843373494,,,,,,83
hiba,50,0.15,sens-BCC,,,,,,1.0,,,83
hiba,50,0.15,cov-AK,,,0.875,,,,,,8
hiba,50,0.15,sens-AK,,,,,,1.0,,,8
hiba,50,0.15,cov-BKL,,,1.0,,,,,,11
hiba,50,0.15,cov-DF,,,0.45454545454545453,,,,,,11
hiba,50,0.15,cov-VASC,,,0.75,,,,,,12
hiba,50,0.15,cov-SCC,,,0.71875,,,,,,32
hiba,50,0.15,sens-SCC,,,,,,1.0,,,32
pad,50,0.05,B,19.0,False,0.88,0.85,,1.0,1.0,3.76,25
pad,50,0.05,M1,23.0,False,1.0,1.0,0.0,1.0,1.0,3.870967741935484,31
pad,50,0.05,M2,171.0,False,0.952054794520548,0.9642857142857143,0.0,1.0,1.0,3.3972602739726026,146
pad,50,0.05,M3,71.0,False,1.0,1.0,0.0,1.0,1.0,3.764705882352941,68
pad,50,0.05,M4,11.0,True,1.0,1.0,0.0,1.0,1.0,4.857142857142857,7
pad,50,0.05,M5,3.0,True,1.0,1.0,0.0,1.0,1.0,4.666666666666667,3
pad,50,0.05,cov-MEL,,,0.8888888888888888,,,,,,9
pad,50,0.05,sens-MEL,,,,,,1.0,,,9
pad,50,0.05,cov-NV,,,0.9375,,,,,,16
pad,50,0.05,cov-BCC,,,1.0,,,,,,163
pad,50,0.05,sens-BCC,,,,,,1.0,,,163
pad,50,0.05,cov-AK,,,0.9629629629629629,,,,,,54
pad,50,0.05,sens-AK,,,,,,1.0,,,54
pad,50,0.05,cov-BKL,,,0.7777777777777778,,,,,,9
pad,50,0.05,cov-SCC,,,0.8620689655172413,,,,,,29
pad,50,0.05,sens-SCC,,,,,,1.0,,,29
pad,50,0.1,B,19.0,False,0.88,0.85,,1.0,1.0,2.68,25
pad,50,0.1,M1,23.0,False,0.6774193548387096,0.6470588235294118,0.0,1.0,1.0,2.2580645161290325,31
pad,50,0.1,M2,171.0,False,0.9246575342465754,0.9336734693877551,0.0,1.0,1.0,2.7465753424657535,146
pad,50,0.1,M3,71.0,False,0.9411764705882353,0.9285714285714286,0.0,1.0,1.0,2.985294117647059,68
pad,50,0.1,M4,11.0,False,1.0,1.0,0.0,1.0,1.0,4.428571428571429,7
pad,50,0.1,M5,3.0,True,1.0,1.0,0.0,1.0,1.0,4.333333333333333,3
pad,50,0.1,cov-MEL,,,0.7777777777777778,,,,,,9
pad,50,0.1,sens-MEL,,,,,,1.0,,,9
pad,50,0.1,cov-NV,,,0.9375,,,,,,16
pad,50,0.1,cov-BCC,,,0.9570552147239264,,,,,,163
pad,50,0.1,sens-BCC,,,,,,1.0,,,163
pad,50,0.1,cov-AK,,,0.9074074074074074,,,,,,54
pad,50,0.1,sens-AK,,,,,,1.0,,,54
pad,50,0.1,cov-BKL,,,0.7777777777777778,,,,,,9
pad,50,0.1,cov-SCC,,,0.6206896551724138,,,,,,29
pad,50,0.1,sens-SCC,,,,,,1.0,,,29
pad,50,0.15,B,19.0,False,0.88,0.85,,0.96,0.95,2.44,25
pad,50,0.15,M1,23.0,False,0.5806451612903226,0.5735294117647058,0.0,1.0,1.0,1.7419354838709677,31
pad,50,0.15,M2,171.0,False,0.9041095890410958,0.9149659863945577,0.0,1.0,1.0,2.4383561643835616,146
pad,50,0.15,M3,71.0,False,0.8235294117647058,0.8146258503401361,0.0,1.0,1.0,2.176470588235294,68
pad,50,0.15,M4,11.0,False,1.0,1.0,0.0,1.0,1.0,4.142857142857143,7
pad,50,0.15,M5,3.0,True,1.0,1.0,0.0,1.0,1.0,4.333333333333333,3
pad,50,0.15,cov-MEL,,,0.6666666666666666,,,,,,9
pad,50,0.15,sens-MEL,,,,,,1.0,,,9
pad,50,0.15,cov-NV,,,0.9375,,,,,,16
pad,50,0.15,cov-BCC,,,0.8957055214723927,,,,,,163
pad,50,0.15,sens-BCC,,,,,,1.0,,,163
pad,50,0.15,cov-AK,,,0.8888888888888888,,,,,,54
pad,50,0.15,sens-AK,,,,,,1.0,,,54
pad,50,0.15,cov-BKL,,,0.7777777777777778,,,,,,9
pad,50,0.15,cov-SCC,,,0.5517241379310345,,,,,,29
pad,50,0.15,sens-SCC,,,,,,1.0,,,29
hiba,51,0.05,B,175.0,False,0.9937888198757764,0.9841269841269841,,1.0,1.0,6.329192546583851,161
hiba,51,0.05,M1,31.0,False,1.0,1.0,0.0,1.0,1.0,6.333333333333333,3
hiba,51,0.05,M2,205.0,False,0.9787234042553191,0.9727272727272728,0.0,1.0,1.0,6.822695035460993,141
hiba,51,0.05,M3,26.0,False,1.0,1.0,0.0,1.0,1.0,7.0,8
hiba,51,0.05,cov-MEL,,,1.0,,,,,,43
hiba,51,0.05,sens-MEL,,,,,,1.0,,,43
hiba,51,0.05,cov-NV,,,1.0,,,,,,123
hiba,51,0.05,cov-BCC,,,1.0,,,,,,69
hiba,51,0.05,sens-BCC,,,,,,1.0,,,69
hiba,51,0.05,cov-AK,,,1.0,,,,,,10
hiba,51,0.05,sens-AK,,,,,,1.0,,,10
hiba,51,0.05,cov-BKL,,,1.0,,,,,,23
hiba,51,0.05,cov-DF,,,0.8888888888888888,,,,,,9
hiba,51,0.05,cov-VASC,,,1.0,,,,,,6
hiba,51,0.05,cov-SCC,,,0.9,,,,,,30
hiba,51,0.05,sens-SCC,,,,,,1.0,,,30
hiba,51,0.1,B,175.0,False,0.9627329192546584,0.9391534391534392,,1.0,1.0,4.267080745341615,161
hiba,51,0.1,M1,31.0,False,1.0,1.0,0.0,1.0,1.0,3.6666666666666665,3
hiba,51,0.1,M2,205.0,False,0.9219858156028369,0.9159090909090909,0.0,1.0,1.0,4.4822695035460995,141
hiba,51,0.1,M3,26.0,False,1.0,1.0,0.0,1.0,1.0,5.125,8
hiba,51,0.1,cov-MEL,,,0.9767441860465116,,,,,,43
hiba,51,0.1,sens-MEL,,,,,,1.0,,,43
hiba,51,0.1,cov-NV,,,1.0,,,,,,123
hiba,51,0.1,cov-BCC,,,0.9565217391304348,,,,,,69
hiba,51,0.1,sens-BCC,,,,,,1.0,,,69
hiba,51,0.1,cov-AK,,,1.0,,,,,,10
hiba,51,0.1,sens-AK,,,,,,1.0,,,10
hiba,51,0.1,cov-BKL,,,1.0,,,,,,23
hiba,51,0.1,cov-DF,,,0.3333333333333333,,,,,,9
hiba,51,0.1,cov-VASC,,,1.0,,,,,,6
hiba,51,0.1,cov-SCC,,,0.7666666666666667,,,,,,30
hiba,51,0.1,sens-SCC,,,,,,1.0,,,30
hiba,51,0.15,B,175.0,False,0.9316770186335404,0.8597883597883599,,1.0,1.0,3.341614906832298,161
hiba,51,0.15,M1,31.0,False,1.0,1.0,0.0,1.0,1.0,3.0,3
hiba,51,0.15,M2,205.0,False,0.851063829787234,0.8598484848484848,0.0,1.0,1.0,3.49645390070922,141
hiba,51,0.15,M3,26.0,False,1.0,1.0,0.0,1.0,1.0,3.0,8
hiba,51,0.15,cov-MEL,,,0.9534883720930233,,,,,,43
hiba,51,0.15,sens-MEL,,,,,,1.0,,,43
hiba,51,0.15,cov-NV,,,1.0,,,,,,123
hiba,51,0.15,cov-BCC,,,0.9130434782608695,,,,,,69
hiba,51,0.15,sens-BCC,,,,,,1.0,,,69
hiba,51,0.15,cov-AK,,,0.9,,,,,,10
hiba,51,0.15,sens-AK,,,,,,1.0,,,10
hiba,51,0.15,cov-BKL,,,0.9565217391304348,,,,,,23
hiba,51,0.15,cov-DF,,,0.2222222222222222,,,,,,9
hiba,51,0.15,cov-VASC,,,0.5,,,,,,6
hiba,51,0.15,cov-SCC,,,0.6,,,,,,30
hiba,51,0.15,sens-SCC,,,,,,1.0,,,30
pad,51,0.05,B,28.0,False,1.0,1.0,,1.0,1.0,4.3076923076923075,13
pad,51,0.05,M1,29.0,False,0.8,0.8333333333333333,0.0,1.0,1.0,3.55,20
pad,51,0.05,M2,153.0,False,0.9580838323353293,0.9698275862068966,0.0,1.0,1.0,4.221556886227545,167
pad,51,0.05,M3,70.0,False,0.9558823529411765,0.95,0.0,1.0,1.0,4.132352941176471,68
pad,51,0.05,M4,7.0,True,1.0,1.0,0.0,1.0,1.0,5.461538461538462,13
pad,51,0.05,M5,2.0,True,1.0,1.0,0.0,1.0,1.0,5.666666666666667,3
pad,51,0.05,cov-MEL,,,0.9166666666666666,,,,,,12
pad,51,0.05,sens-MEL,,,,,,1.0,,,12
pad,51,0.05,cov-NV,,,1.0,,,,,,6
pad,51,0.05,cov-BCC,,,0.9813664596273292,,,,,,161
pad,51,0.05,sens-BCC,,,,,,1.0,,,161
pad,51,0.05,cov-AK,,,0.9661016949152542,,,,,,59
pad,51,0.05,sens-AK,,,,,,1.0,,,59
pad,51,0.05,cov-BKL,,,1.0,,,,,,7
pad,51,0.05,cov-SCC,,,0.7948717948717948,,,,,,39
pad,51,0.05,sens-SCC,,,,,,1.0,,,39
pad,51,0.1,B,28.0,False,0.8461538461538461,0.8181818181818182,,1.0,1.0,3.230769230769231,13
pad,51,0.1,M1,29.0,False,0.7,0.7424242424242423,0.0,1.0,1.0,2.6,20
pad,51,0.1,M2,153.0,False,0.8982035928143712,0.9130747126436781,0.0,1.0,1.0,2.9221556886227544,167
pad,51,0.1,M3,70.0,False,0.9117647058823529,0.89,0.0,1.0,1.0,3.0441176470588234,68
pad,51,0.1,M4,7.0,True,1.0,1.0,0.0,1.0,1.0,4.6923076923076925,13
pad,51,0.1,M5,2.0,True,1.0,1.0,0.0,1.0,1.0,5.666666666666667,3
pad,51,0.1,cov-MEL,,,0.9166666666666666,,,,,,12
pad,51,0.1,sens-MEL,,,,,,1.0,,,12
pad,51,0.1,cov-NV,,,1.0,,,,,,6
pad,51,0.1,cov-BCC,,,0.9503105590062112,,,,,,161
pad,51,0.1,sens-BCC,,,,,,1.0,,,161
pad,51,0.1,cov-AK,,,0.9322033898305084,,,,,,59
pad,51,0.1,sens-AK,,,,,,1.0,,,59
pad,51,0.1,cov-BKL,,,0.7142857142857143,,,,,,7
pad,51,0.1,cov-SCC,,,0.5897435897435898,,,,,,39
pad,51,0.1,sens-SCC,,,,,,1.0,,,39
pad,51,0.15,B,28.0,False,0.8461538461538461,0.8181818181818182,,1.0,1.0,2.4615384615384617,13
pad,51,0.15,M1,29.0,False,0.7,0.7424242424242423,0.0,1.0,1.0,2.2,20
pad,51,0.15,M2,153.0,False,0.8263473053892215,0.8397988505747127,0.0,1.0,1.0,2.2335329341317367,167
pad,51,0.15,M3,70.0,False,0.8970588235294118,0.8833333333333334,0.0,1.0,1.0,2.338235294117647,68
pad,51,0.15,M4,7.0,False,1.0,1.0,0.0,1.0,1.0,3.923076923076923,13
pad,51,0.15,M5,2.0,True,1.0,1.0,0.0,1.0,1.0,4.666666666666667,3
pad,51,0.15,cov-MEL,,,0.8333333333333334,,,,,,12
pad,51,0.15,sens-MEL,,,,,,1.0,,,12
pad,51,0.15,cov-NV,,,1.0,,,,,,6
pad,51,0.15,cov-BCC,,,0.9006211180124224,,,,,,161
pad,51,0.15,sens-BCC,,,,,,1.0,,,161
pad,51,0.15,cov-AK,,,0.9152542372881356,,,,,,59
pad,51,0.15,sens-AK,,,,,,1.0,,,59
pad,51,0.15,cov-BKL,,,0.7142857142857143,,,,,,7
pad,51,0.15,cov-SCC,,,0.5128205128205128,,,,,,39
pad,51,0.15,sens-SCC,,,,,,1.0,,,39
hiba,52,0.05,B,164.0,False,0.984,0.972972972972973,,1.0,1.0,6.12,125
hiba,52,0.05,M1,25.0,False,1.0,1.0,0.0,1.0,1.0,6.333333333333333,15
hiba,52,0.05,M2,222.0,False,0.9752066115702479,0.9731182795698925,0.0,1.0,1.0,6.909090909090909,121
hiba,52,0.05,M3,22.0,False,0.6111111111111112,0.5972222222222222,0.0,1.0,1.0,4.5,18
hiba,52,0.05,cov-MEL,,,0.9545454545454546,,,,,,44
hiba,52,0.05,sens-MEL,,,,,,1.0,,,44
hiba,52,0.05,cov-NV,,,1.0,,,,,,76
hiba,52,0.05,cov-BCC,,,0.9625,,,,,,80
hiba,52,0.05,sens-BCC,,,,,,1.0,,,80
hiba,52,0.05,cov-AK,,,1.0,,,,,,5
hiba,52,0.05,sens-AK,,,,,,1.0,,,5
hiba,52,0.05,cov-BKL,,,1.0,,,,,,22
hiba,52,0.05,cov-DF,,,0.8823529411764706,,,,,,17
hiba,52,0.05,cov-VASC,,,1.0,,,,,,10
hiba,52,0.05,cov-SCC,,,0.8,,,,,,25
hiba,52,0.05,sens-SCC,,,,,,1.0,,,25
hiba,52,0.1,B,164.0,False,0.952,0.9414414414414415,,1.0,1.0,3.928,125
hiba,52,0.1,M1,25.0,False,1.0,1.0,0.0,1.0,1.0,5.133333333333334,15
hiba,52,0.1,M2,222.0,False,0.9421487603305785,0.9354838709677419,0.0,1.0,1.0,4.619834710743802,121
hiba,52,0.1,M3,22.0,False,0.6111111111111112,0.5972222222222222,0.0,1.0,1.0,3.3333333333333335,18
hiba,52,0.1,cov-MEL,,,0.9318181818181818,,,,,,44
hiba,52,0.1,sens-MEL,,,,,,1.0,,,44
hiba,52,0.1,cov-NV,,,1.0,,,,,,76
hiba,52,0.1,cov-BCC,,,0.95,,,,,,80
hiba,52,0.1,sens-BCC,,,,,,1.0,,,80
hiba,52,0.1,cov-AK,,,0.8,,,,,,5
hiba,52,0.1,sens-AK,,,,,,1.0,,,5
hiba,52,0.1,cov-BKL,,,1.0,,,,,,22
hiba,52,0.1,cov-DF,,,0.7058823529411765,,,,,,17
hiba,52,0.1,cov-VASC,,,0.9,,,,,,10
hiba,52,0.1,cov-SCC,,,0.76,,,,,,25
hiba,52,0.1,sens-SCC,,,,,,1.0,,,25
hiba,52,0.15,B,164.0,False,0.88,0.8355855855855856,,1.0,1.0,3.384,125
hiba,52,0.15,M1,25.0,False,1.0,1.0,0.0,1.0,1.0,4.2,15
hiba,52,0.15,M2,222.0,False,0.9173553719008265,0.9166666666666666,0.0,1.0,1.0,3.6198347107438016,121
hiba,52,0.15,M3,22.0,False,0.6111111111111112,0.5972222222222222,0.0,1.0,1.0,2.611111111111111,18
hiba,52,0.15,cov-MEL,,,0.9318181818181818,,,,,,44
hiba,52,0.15,sens-MEL,,,,,,1.0,,,44
hiba,52,0.15,cov-NV,,,0.9736842105263158,,,,,,76
hiba,52,0.15,cov-BCC,,,0.925,,,,,,80
hiba,52,0.15,sens-BCC,,,,,,1.0,,,80
hiba,52,0.15,cov-AK,,,0.8,,,,,,5
hiba,52,0.15,sens-AK,,,,,,1.0,,,5
hiba,52,0.15,cov-BKL,,,0.9090909090909091,,,,,,22
hiba,52,0.15,cov-DF,,,0.5294117647058824,,,,,,17
hiba,52,0.15,cov-VASC,,,0.7,,,,,,10
hiba,52,0.15,cov-SCC,,,0.72,,,,,,25
hiba,52,0.15,sens-SCC,,,,,,1.0,,,25
pad,52,0.05,B,22.0,False,0.9523809523809523,0.9411764705882353,,1.0,1.0,4.523809523809524,21
pad,52,0.05,M1,25.0,False,1.0,1.0,0.0,1.0,1.0,4.5,28
pad,52,0.05,M2,156.0,False,0.9746835443037974,0.9852507374631267,0.0,1.0,1.0,4.689873417721519,158
pad,52,0.05,M3,82.0,False,0.9848484848484849,0.9736842105263158,0.0,1.0,1.0,4.0606060606060606,66
pad,52,0.05,M4,13.0,True,1.0,1.0,0.0,1.0,1.0,5.333333333333333,6
pad,52,0.05,M5,2.0,True,1.0,1.0,0.0,1.0,1.0,5.0,4
pad,52,0.05,cov-MEL,,,1.0,,,,,,9
pad,52,0.05,sens-MEL,,,,,,1.0,,,9
pad,52,0.05,cov-NV,,,0.9230769230769231,,,,,,13
pad,52,0.05,cov-BCC,,,1.0,,,,,,162
pad,52,0.05,sens-BCC,,,,,,1.0,,,162
pad,52,0.05,cov-AK,,,0.9814814814814815,,,,,,54
pad,52,0.05,sens-AK,,,,,,1.0,,,54
pad,52,0.05,cov-BKL,,,1.0,,,,,,8
pad,52,0.05,cov-SCC,,,0.8918918918918919,,,,,,37
pad,52,0.05,sens-SCC,,,,,,1.0,,,37
pad,52,0.1,B,22.0,False,0.9523809523809523,0.9411764705882353,,1.0,1.0,3.3333333333333335,21
pad,52,0.1,M1,25.0,False,0.8928571428571429,0.9,0.0,1.0,1.0,3.0,28
pad,52,0.1,M2,156.0,False,0.9113924050632911,0.9279393173198484,0.0,1.0,1.0,3.0063291139240507,158
pad,52,0.1,M3,82.0,False,0.9242424242424242,0.8947368421052632,0.0,1.0,1.0,3.0757575757575757,66
pad,52,0.1,M4,13.0,False,1.0,1.0,0.0,1.0,1.0,4.333333333333333,6
pad,52,0.1,M5,2.0,True,1.0,1.0,0.0,1.0,1.0,4.25,4
pad,52,0.1,cov-MEL,,,0.8888888888888888,,,,,,9
pad,52,0.1,sens-MEL,,,,,,1.0,,,9
pad,52,0.1,cov-NV,,,0.9230769230769231,,,,,,13
pad,52,0.1,cov-BCC,,,0.9691358024691358,,,,,,162
pad,52,0.1,sens-BCC,,,,,,1.0,,,162
pad,52,0.1,cov-AK,,,0.9444444444444444,,,,,,54
pad,52,0.1,sens-AK,,,,,,1.0,,,54
pad,52,0.1,cov-BKL,,,1.0,,,,,,8
pad,52,0.1,cov-SCC,,,0.6486486486486487,,,,,,37
pad,52,0.1,sens-SCC,,,,,,1.0,,,37
pad,52,0.15,B,22.0,False,0.9523809523809523,0.9411764705882353,,1.0,1.0,3.0,21
pad,52,0.15,M1,25.0,False,0.8928571428571429,0.9,0.0,1.0,1.0,2.9642857142857144,28
pad,52,0.15,M2,156.0,False,0.8227848101265823,0.8352296670880741,0.0,1.0,1.0,2.5443037974683542,158
pad,52,0.15,M3,82.0,False,0.8787878787878788,0.8530701754385966,0.0,1.0,1.0,2.6363636363636362,66
pad,52,0.15,M4,13.0,False,1.0,1.0,0.0,1.0,1.0,3.5,6
pad,52,0.15,M5,2.0,True,1.0,1.0,0.0,1.0,1.0,4.25,4
pad,52,0.15,cov-MEL,,,0.6666666666666666,,,,,,9
pad,52,0.15,sens-MEL,,,,,,1.0,,,9
pad,52,0.15,cov-NV,,,0.9230769230769231,,,,,,13
pad,52,0.15,cov-BCC,,,0.9135802469135802,,,,,,162
pad,52,0.15,sens-BCC,,,,,,1.0,,,162
pad,52,0.15,cov-AK,,,0.9074074074074074,,,,,,54
pad,52,0.15,sens-AK,,,,,,1.0,,,54
pad,52,0.15,cov-BKL,,,1.0,,,,,,8
pad,52,0.15,cov-SCC,,,0.5405405405405406,,,,,,37
pad,52,0.15,sens-SCC,,,,,,1.0,,,37
hiba,53,0.05,B,161.0,False,0.9941520467836257,0.987012987012987,,1.0,1.0,6.421052631578948,171
hiba,53,0.05,M1,23.0,False,0.9473684210526315,0.9090909090909091,0.0,1.0,1.0,6.2631578947368425,19
hiba,53,0.05,M2,221.0,False,0.975,0.9787234042553191,0.0,1.0,1.0,6.758333333333334,120
hiba,53,0.05,M3,24.0,False,0.9090909090909091,0.9,0.0,1.0,1.0,6.454545454545454,11
hiba,53,0.05,cov-MEL,,,0.9807692307692307,,,,,,52
hiba,53,0.05,sens-MEL,,,,,,1.0,,,52
hiba,53,0.05,cov-NV,,,1.0,,,,,,125
hiba,53,0.05,cov-BCC,,,0.9666666666666667,,,,,,60
hiba,53,0.05,sens-BCC,,,,,,1.0,,,60
hiba,53,0.05,cov-AK,,,1.0,,,,,,9
hiba,53,0.05,sens-AK,,,,,,1.0,,,9
hiba,53,0.05,cov-BKL,,,1.0,,,,,,26
hiba,53,0.05,cov-DF,,,1.0,,,,,,8
hiba,53,0.05,cov-VASC,,,0.9166666666666666,,,,,,12
hiba,53,0.05,cov-SCC,,,0.9310344827586207,,,,,,29
hiba,53,0.05,sens-SCC,,,,,,1.0,,,29
hiba,53,0.1,B,161.0,False,0.9824561403508771,0.974025974025974,,1.0,1.0,4.906432748538012,171
hiba,53,0.1,M1,23.0,False,0.9473684210526315,0.9090909090909091,0.0,1.0,1.0,4.894736842105263,19
hiba,53,0.1,M2,221.0,False,0.9583333333333334,0.9574468085106383,0.0,1.0,1.0,4.891666666666667,120
hiba,53,0.1,M3,24.0,False,0.9090909090909091,0.9,0.0,1.0,1.0,4.7272727272727275,11
hiba,53,0.1,cov-MEL,,,0.9807692307692307,,,,,,52
hiba,53,0.1,sens-MEL,,,,,,1.0,,,52
hiba,53,0.1,cov-NV,,,0.992,,,,,,125
hiba,53,0.1,cov-BCC,,,0.9666666666666667,,,,,,60
hiba,53,0.1,sens-BCC,,,,,,1.0,,,60
hiba,53,0.1,cov-AK,,,0.8888888888888888,,,,,,9
hiba,53,0.1,sens-AK,,,,,,1.0,,,9
hiba,53,0.1,cov-BKL,,,1.0,,,,,,26
hiba,53,0.1,cov-DF,,,0.875,,,,,,8
hiba,53,0.1,cov-VASC,,,0.9166666666666666,,,,,,12
hiba,53,0.1,cov-SCC,,,0.896551724137931,,,,,,29
hiba,53,0.1,sens-SCC,,,,,,1.0,,,29
hiba,53,0.15,B,161.0,False,0.9590643274853801,0.935064935064935,,1.0,1.0,3.7660818713450293,171
hiba,53,0.15,M1,23.0,False,0.9473684210526315,0.9090909090909091,0.0,1.0,1.0,4.368421052631579,19
hiba,53,0.15,M2,221.0,False,0.875,0.8826241134751773,0.0,1.0,1.0,3.75,120
hiba,53,0.15,M3,24.0,False,0.9090909090909091,0.9,0.0,1.0,1.0,3.5454545454545454,11
hiba,53,0.15,cov-MEL,,,0.9423076923076923,,,,,,52
hiba,53,0.15,sens-MEL,,,,,,1.0,,,52
hiba,53,0.15,cov-NV,,,0.992,,,,,,125
hiba,53,0.15,cov-BCC,,,0.9166666666666666,,,,,,60
hiba,53,0.15,sens-BCC,,,,,,1.0,,,60
hiba,53,0.15,cov-AK,,,0.7777777777777778,,,,,,9
hiba,53,0.15,sens-AK,,,,,,1.0,,,9
hiba,53,0.15,cov-BKL,,,1.0,,,,,,26
hiba,53,0.15,cov-DF,,,0.375,,,,,,8
hiba,53,0.15,cov-VASC,,,0.9166666666666666,,,,,,12
hiba,53,0.15,cov-SCC,,,0.7586206896551724,,,,,,29
hiba,53,0.15,sens-SCC,,,,,,1.0,,,29
pad,53,0.05,B,29.0,False,1.0,1.0,,1.0,1.0,4.416666666666667,12
pad,53,0.05,M1,24.0,False,1.0,1.0,0.0,1.0,1.0,4.25,28
pad,53,0.05,M2,161.0,False,0.96875,0.9583333333333334,0.0,1.0,1.0,4.10625,160
pad,53,0.05,M3,67.0,False,0.9605263157894737,0.9433962264150944,0.0,1.0,1.0,4.131578947368421,76
pad,53,0.05,M4,11.0,True,1.0,1.0,0.0,1.0,1.0,5.5,6
pad,53,0.05,M5,4.0,True,1.0,1.0,0.0,1.0,1.0,5.0,2
pad,53,0.05,cov-MEL,,,0.9090909090909091,,,,,,11
pad,53,0.05,sens-MEL,,,,,,1.0,,,11
pad,53,0.05,cov-NV,,,1.0,,,,,,5
pad,53,0.05,cov-BCC,,,0.9940828402366864,,,,,,169
pad,53,0.05,sens-BCC,,,,,,1.0,,,169
pad,53,0.05,cov-AK,,,0.9433962264150944,,,,,,53
pad,53,0.05,sens-AK,,,,,,1.0,,,53
pad,53,0.05,cov-BKL,,,1.0,,,,,,7
pad,53,0.05,cov-SCC,,,0.9230769230769231,,,,,,39
pad,53,0.05,sens-SCC,,,,,,1.0,,,39
pad,53,0.1,B,29.0,False,1.0,1.0,,1.0,1.0,2.8333333333333335,12
pad,53,0.1,M1,24.0,False,0.9642857142857143,0.9375,0.0,1.0,1.0,3.0,28
pad,53,0.1,M2,161.0,False,0.90625,0.9020061728395061,0.0,1.0,1.0,2.96875,160
pad,53,0.1,M3,67.0,False,0.881578947368421,0.8616352201257863,0.0,1.0,1.0,2.8421052631578947,76
pad,53,0.1,M4,11.0,False,0.5,0.5,0.0,1.0,1.0,2.5,6
pad,53,0.1,M5,4.0,True,1.0,1.0,0.0,1.0,1.0,4.0,2
pad,53,0.1,cov-MEL,,,0.8181818181818182,,,,,,11
pad,53,0.1,sens-MEL,,,,,,1.0,,,11
pad,53,0.1,cov-NV,,,1.0,,,,,,5
pad,53,0.1,cov-BCC,,,0.9526627218934911,,,,,,169
pad,53,0.1,sens-BCC,,,,,,1.0,,,169
pad,53,0.1,cov-AK,,,0.9245283018867925,,,,,,53
pad,53,0.1,sens-AK,,,,,,1.0,,,53
pad,53,0.1,cov-BKL,,,1.0,,,,,,7
pad,53,0.1,cov-SCC,,,0.6410256410256411,,,,,,39
pad,53,0.1,sens-SCC,,,,,,1.0,,,39
pad,53,0.15,B,29.0,False,1.0,1.0,,1.0,1.0,2.5,12
pad,53,0.15,M1,24.0,False,0.9285714285714286,0.90625,0.0,1.0,1.0,2.9642857142857144,28
pad,53,0.15,M2,161.0,False,0.85625,0.8479938271604939,0.0,1.0,1.0,2.6625,160
pad,53,0.15,M3,67.0,False,0.8157894736842105,0.7814465408805032,0.0,1.0,1.0,2.3157894736842106,76
pad,53,0.15,M4,11.0,False,0.5,0.5,0.0,1.0,1.0,2.5,6
pad,53,0.15,M5,4.0,True,1.0,1.0,0.0,1.0,1.0,4.0,2
pad,53,0.15,cov-MEL,,,0.6363636363636364,,,,,,11
pad,53,0.15,sens-MEL,,,,,,1.0,,,11
pad,53,0.15,cov-NV,,,1.0,,,,,,5
pad,53,0.15,cov-BCC,,,0.9171597633136095,,,,,,169
pad,53,0.15,sens-BCC,,,,,,1.0,,,169
pad,53,0.15,cov-AK,,,0.9056603773584906,,,,,,53
pad,53,0.15,sens-AK,,,,,,1.0,,,53
pad,53,0.15,cov-BKL,,,1.0,,,,,,7
pad,53,0.15,cov-SCC,,,0.5128205128205128,,,,,,39
pad,53,0.15,sens-SCC,,,,,,1.0,,,39
hiba,54,0.05,B,162.0,False,0.9923664122137404,0.9736842105263158,,1.0,1.0,6.1603053435114505,262
hiba,54,0.05,M1,28.0,False,0.9166666666666666,0.8333333333333334,0.0,1.0,1.0,6.583333333333333,12
hiba,54,0.05,M2,219.0,False,0.9206349206349206,0.9114583333333334,0.0,1.0,1.0,6.626984126984127,126
hiba,54,0.05,M3,25.0,False,1.0,1.0,0.0,1.0,1.0,6.461538461538462,13
hiba,54,0.05,cov-MEL,,,0.9777777777777777,,,,,,45
hiba,54,0.05,sens-MEL,,,,,,1.0,,,45
hiba,54,0.05,cov-NV,,,1.0,,,,,,222
hiba,54,0.05,cov-BCC,,,0.9710144927536232,,,,,,69
hiba,54,0.05,sens-BCC,,,,,,1.0,,,69
hiba,54,0.05,cov-AK,,,0.875,,,,,,8
hiba,54,0.05,sens-AK,,,,,,1.0,,,8
hiba,54,0.05,cov-BKL,,,1.0,,,,,,15
hiba,54,0.05,cov-DF,,,0.8888888888888888,,,,,,18
hiba,54,0.05,cov-VASC,,,1.0,,,,,,7
hiba,54,0.05,cov-SCC,,,0.7586206896551724,,,,,,29
hiba,54,0.05,sens-SCC,,,,,,1.0,,,29
hiba,54,0.1,B,162.0,False,0.9656488549618321,0.9254385964912281,,1.0,1.0,4.709923664122138,262
hiba,54,0.1,M1,28.0,False,0.9166666666666666,0.8333333333333334,0.0,1.0,1.0,4.75,12
hiba,54,0.1,M2,219.0,False,0.8809523809523809,0.8645833333333334,0.0,1.0,1.0,4.396825396825397,126
hiba,54,0.1,M3,25.0,False,1.0,1.0,0.0,1.0,1.0,5.230769230769231,13
hiba,54,0.1,cov-MEL,,,0.9333333333333333,,,,,,45
hiba,54,0.1,sens-MEL,,,,,,1.0,,,45
hiba,54,0.1,cov-NV,,,1.0,,,,,,222
hiba,54,0.1,cov-BCC,,,0.9565217391304348,,,,,,69
hiba,54,0.1,sens-BCC,,,,,,1.0,,,69
hiba,54,0.1,cov-AK,,,0.875,,,,,,8
hiba,54,0.1,sens-AK,,,,,,1.0,,,8
hiba,54,0.1,cov-BKL,,,1.0,,,,,,15
hiba,54,0.1,cov-DF,,,0.6111111111111112,,,,,,18
hiba,54,0.1,cov-VASC,,,0.7142857142857143,,,,,,7
hiba,54,0.1,cov-SCC,,,0.6896551724137931,,,,,,29
hiba,54,0.1,sens-SCC,,,,,,1.0,,,29
hiba,54,0.15,B,162.0,False,0.9580152671755725,0.9089912280701754,,1.0,1.0,3.9160305343511452,262
hiba,54,0.15,M1,28.0,False,0.9166666666666666,0.8333333333333334,0.0,1.0,1.0,3.8333333333333335,12
hiba,54,0.15,M2,219.0,False,0.8253968253968254,0.8237847222222223,0.0,1.0,1.0,3.6587301587301586,126
hiba,54,0.15,M3,25.0,False,1.0,1.0,0.0,1.0,1.0,4.384615384615385,13
hiba,54,0.15,cov-MEL,,,0.9111111111111111,,,,,,45
hiba,54,0.15,sens-MEL,,,,,,1.0,,,45
hiba,54,0.15,cov-NV,,,0.9954954954954955,,,,,,222
hiba,54,0.15,cov-BCC,,,0.8985507246376812,,,,,,69
hiba,54,0.15,sens-BCC,,,,,,1.0,,,69
hiba,54,0.15,cov-AK,,,0.875,,,,,,8
hiba,54,0.15,sens-AK,,,,,,1.0,,,8
hiba,54,0.15,cov-BKL,,,0.9333333333333333,,,,,,15
hiba,54,0.15,cov-DF,,,0.6111111111111112,,,,,,18
hiba,54,0.15,cov-VASC,,,0.7142857142857143,,,,,,7
hiba,54,0.15,cov-SCC,,,0.6206896551724138,,,,,,29
hiba,54,0.15,sens-SCC,,,,,,1.0,,,29
pad,54,0.05,B,26.0,False,1.0,1.0,,1.0,1.0,4.214285714285714,14
pad,54,0.05,M1,27.0,False,1.0,1.0,0.0,1.0,1.0,4.05,20
pad,54,0.05,M2,157.0,False,0.9503105590062112,0.9508928571428571,0.0,1.0,1.0,4.229813664596273,161
pad,54,0.05,M3,68.0,False,0.9736842105263158,0.9711538461538461,0.0,1.0,1.0,4.144736842105263,76
pad,54,0.05,M4,12.0,True,1.0,1.0,0.0,1.0,1.0,5.142857142857143,7
pad,54,0.05,M5,3.0,True,1.0,1.0,0.0,1.0,1.0,5.5,2
pad,54,0.05,cov-MEL,,,0.8888888888888888,,,,,,9
pad,54,0.05,sens-MEL,,,,,,1.0,,,9
pad,54,0.05,cov-NV,,,1.0,,,,,,7
pad,54,0.05,cov-BCC,,,0.9940119760479041,,,,,,167
pad,54,0.05,sens-BCC,,,,,,1.0,,,167
pad,54,0.05,cov-AK,,,0.9615384615384616,,,,,,52
pad,54,0.05,sens-AK,,,,,,1.0,,,52
pad,54,0.05,cov-BKL,,,1.0,,,,,,7
pad,54,0.05,cov-SCC,,,0.8421052631578947,,,,,,38
pad,54,0.05,sens-SCC,,,,,,1.0,,,38
pad,54,0.1,B,26.0,False,0.8571428571428571,0.8461538461538461,,1.0,1.0,3.0714285714285716,14
pad,54,0.1,M1,27.0,False,1.0,1.0,0.0,1.0,1.0,3.0,20
pad,54,0.1,M2,157.0,False,0.906832298136646,0.9122023809523808,0.0,1.0,1.0,2.906832298136646,161
pad,54,0.1,M3,68.0,False,0.881578947368421,0.8685897435897437,0.0,1.0,1.0,2.789473684210526,76
pad,54,0.1,M4,12.0,False,1.0,1.0,0.0,1.0,1.0,4.285714285714286,7
pad,54,0.1,M5,3.0,True,1.0,1.0,0.0,1.0,1.0,5.0,2
pad,54,0.1,cov-MEL,,,0.8888888888888888,,,,,,9
pad,54,0.1,sens-MEL,,,,,,1.0,,,9
pad,54,0.1,cov-NV,,,1.0,,,,,,7
pad,54,0.1,cov-BCC,,,0.9700598802395209,,,,,,167
pad,54,0.1,sens-BCC,,,,,,1.0,,,167
pad,54,0.1,cov-AK,,,0.9615384615384616,,,,,,52
pad,54,0.1,sens-AK,,,,,,1.0,,,52
pad,54,0.1,cov-BKL,,,0.7142857142857143,,,,,,7
pad,54,0.1,cov-SCC,,,0.5789473684210527,,,,,,38
pad,54,0.1,sens-SCC,,,,,,1.0,,,38
pad,54,0.15,B,26.0,False,0.7142857142857143,0.6923076923076923,,1.0,1.0,2.357142857142857,14
pad,54,0.15,M1,27.0,False,0.9,0.8846153846153846,0.0,1.0,1.0,2.0,20
pad,54,0.15,M2,157.0,False,0.8695652173913043,0.8809523809523808,0.0,1.0,1.0,2.3229813664596275,161
pad,54,0.15,M3,68.0,False,0.8026315789473685,0.796474358974359,0.0,1.0,1.0,2.026315789473684,76
pad,54,0.15,M4,12.0,False,1.0,1.0,0.0,1.0,1.0,4.142857142857143,7
pad,54,0.15,M5,3.0,True,1.0,1.0,0.0,1.0,1.0,4.5,2
pad,54,0.15,cov-MEL,,,0.7777777777777778,,,,,,9
pad,54,0.15,sens-MEL,,,,,,1.0,,,9
pad,54,0.15,cov-NV,,,0.8571428571428571,,,,,,7
pad,54,0.15,cov-BCC,,,0.9221556886227545,,,,,,167
pad,54,0.15,sens-BCC,,,,,,1.0,,,167
pad,54,0.15,cov-AK,,,0.9230769230769231,,,,,,52
pad,54,0.15,sens-AK,,,,,,1.0,,,52
pad,54,0.15,cov-BKL,,,0.5714285714285714,,,,,,7
pad,54,0.15,cov-SCC,,,0.5,,,,,,38
pad,54,0.15,sens-SCC,,,,,,1.0,,,38
hiba,55,0.05,B,166.0,False,0.9727272727272728,0.9236111111111112,,1.0,1.0,5.427272727272728,220
hiba,55,0.05,M1,22.0,False,1.0,1.0,0.0,1.0,1.0,6.15,20
hiba,55,0.05,M2,223.0,False,0.9008264462809917,0.875,0.0,1.0,1.0,5.528925619834711,121
hiba,55,0.05,M3,23.0,False,0.9444444444444444,0.9090909090909091,0.0,1.0,1.0,6.0,18
hiba,55,0.05,cov-MEL,,,1.0,,,,,,51
hiba,55,0.05,sens-MEL,,,,,,1.0,,,51
hiba,55,0.05,cov-NV,,,1.0,,,,,,178
hiba,55,0.05,cov-BCC,,,0.9571428571428572,,,,,,70
hiba,55,0.05,sens-BCC,,,,,,1.0,,,70
hiba,55,0.05,cov-AK,,,0.8461538461538461,,,,,,13
hiba,55,0.05,sens-AK,,,,,,1.0,,,13
hiba,55,0.05,cov-BKL,,,1.0,,,,,,21
hiba,55,0.05,cov-DF,,,0.7692307692307693,,,,,,13
hiba,55,0.05,cov-VASC,,,0.625,,,,,,8
hiba,55,0.05,cov-SCC,,,0.68,,,,,,25
hiba,55,0.05,sens-SCC,,,,,,1.0,,,25
hiba,55,0.1,B,166.0,False,0.9272727272727272,0.8252314814814814,,1.0,1.0,4.004545454545455,220
hiba,55,0.1,M1,22.0,False,0.9,0.8888888888888888,0.0,1.0,1.0,4.05,20
hiba,55,0.1,M2,223.0,False,0.8512396694214877,0.8375,0.0,1.0,1.0,3.743801652892562,121
hiba,55,0.1,M3,23.0,False,0.9444444444444444,0.9090909090909091,0.0,1.0,1.0,4.666666666666667,18
hiba,55,0.1,cov-MEL,,,1.0,,,,,,51
hiba,55,0.1,sens-MEL,,,,,,1.0,,,51
hiba,55,0.1,cov-NV,,,0.9887640449438202,,,,,,178
hiba,55,0.1,cov-BCC,,,0.9,,,,,,70
hiba,55,0.1,sens-BCC,,,,,,1.0,,,70
hiba,55,0.1,cov-AK,,,0.7692307692307693,,,,,,13
hiba,55,0.1,sens-AK,,,,,,1.0,,,13
hiba,55,0.1,cov-BKL,,,0.9523809523809523,,,,,,21
hiba,55,0.1,cov-DF,,,0.3076923076923077,,,,,,13
hiba,55,0.1,cov-VASC,,,0.5,,,,,,8
hiba,55,0.1,cov-SCC,,,0.56,,,,,,25
hiba,55,0.1,sens-SCC,,,,,,1.0,,,25
hiba,55,0.15,B,166.0,False,0.8909090909090909,0.7372685185185185,,1.0,1.0,3.159090909090909,220
hiba,55,0.15,M1,22.0,False,0.9,0.8888888888888888,0.0,1.0,1.0,3.0,20
hiba,55,0.15,M2,223.0,False,0.8099173553719008,0.7967391304347826,0.0,1.0,1.0,3.024793388429752,121
hiba,55,0.15,M3,23.0,False,0.9444444444444444,0.9090909090909091,0.0,1.0,1.0,2.9444444444444446,18
hiba,55,0.15,cov-MEL,,,0.9607843137254902,,,,,,51
hiba,55,0.15,sens-MEL,,,,,,1.0,,,51
hiba,55,0.15,cov-NV,,,0.9662921348314607,,,,,,178
hiba,55,0.15,cov-BCC,,,0.8714285714285714,,,,,,70
hiba,55,0.15,sens-BCC,,,,,,1.0,,,70
hiba,55,0.15,cov-AK,,,0.7692307692307693,,,,,,13
hiba,55,0.15,sens-AK,,,,,,1.0,,,13
hiba,55,0.15,cov-BKL,,,0.8095238095238095,,,,,,21
hiba,55,0.15,cov-DF,,,0.3076923076923077,,,,,,13
hiba,55,0.15,cov-VASC,,,0.375,,,,,,8
hiba,55,0.15,cov-SCC,,,0.52,,,,,,25
hiba,55,0.15,sens-SCC,,,,,,1.0,,,25
pad,55,0.05,B,24.0,False,1.0,1.0,,1.0,1.0,4.315789473684211,19
pad,55,0.05,M1,25.0,False,1.0,1.0,0.0,1.0,1.0,4.344827586206897,29
pad,55,0.05,M2,151.0,False,0.9593023255813954,0.9533898305084746,0.0,1.0,1.0,4.156976744186046,172
pad,55,0.05,M3,72.0,False,0.9692307692307692,0.9583333333333334,0.0,1.0,1.0,4.230769230769231,65
pad,55,0.05,M4,13.0,True,1.0,1.0,0.0,1.0,1.0,5.75,4
pad,55,0.05,M5,3.0,True,1.0,1.0,0.0,1.0,1.0,5.5,2
pad,55,0.05,cov-MEL,,,0.9,,,,,,10
pad,55,0.05,sens-MEL,,,,,,1.0,,,10
pad,55,0.05,cov-NV,,,1.0,,,,,,10
pad,55,0.05,cov-BCC,,,1.0,,,,,,177
pad,55,0.05,sens-BCC,,,,,,1.0,,,177
pad,55,0.05,cov-AK,,,0.9318181818181818,,,,,,44
pad,55,0.05,sens-AK,,,,,,1.0,,,44
pad,55,0.05,cov-BKL,,,1.0,,,,,,9
pad,55,0.05,cov-SCC,,,0.8780487804878049,,,,,,41
pad,55,0.05,sens-SCC,,,,,,1.0,,,41
pad,55,0.1,B,24.0,False,1.0,1.0,,1.0,1.0,3.6315789473684212,19
pad,55,0.1,M1,25.0,False,1.0,1.0,0.0,1.0,1.0,3.8275862068965516,29
pad,55,0.1,M2,151.0,False,0.9069767441860465,0.9046610169491526,0.0,1.0,1.0,3.6744186046511627,172
pad,55,0.1,M3,72.0,False,0.9230769230769231,0.90625,0.0,1.0,1.0,3.6,65
pad,55,0.1,M4,13.0,False,0.75,0.75,0.0,1.0,1.0,4.5,4
pad,55,0.1,M5,3.0,True,1.0,1.0,0.0,1.0,1.0,5.5,2
pad,55,0.1,cov-MEL,,,0.9,,,,,,10
pad,55,0.1,sens-MEL,,,,,,1.0,,,10
pad,55,0.1,cov-NV,,,1.0,,,,,,10
pad,55,0.1,cov-BCC,,,0.9830508474576272,,,,,,177
pad,55,0.1,sens-BCC,,,,,,1.0,,,177
pad,55,0.1,cov-AK,,,0.9318181818181818,,,,,,44
pad,55,0.1,sens-AK,,,,,,1.0,,,44
pad,55,0.1,cov-BKL,,,1.0,,,,,,9
pad,55,0.1,cov-SCC,,,0.6341463414634146,,,,,,41
pad,55,0.1,sens-SCC,,,,,,1.0,,,41
pad,55,0.15,B,24.0,False,0.8947368421052632,0.8666666666666667,,1.0,1.0,2.473684210526316,19
pad,55,0.15,M1,25.0,False,0.8620689655172413,0.8666666666666667,0.0,1.0,1.0,2.4827586206896552,29
pad,55,0.15,M2,151.0,False,0.8662790697674418,0.8679378531073447,0.0,1.0,1.0,2.5,172
pad,55,0.15,M3,72.0,False,0.9230769230769231,0.90625,0.0,1.0,1.0,2.6923076923076925,65
pad,55,0.15,M4,13.0,False,0.75,0.75,0.0,1.0,1.0,2.75,4
pad,55,0.15,M5,3.0,True,1.0,1.0,0.0,1.0,1.0,5.0,2
pad,55,0.15,cov-MEL,,,0.9,,,,,,10
pad,55,0.15,sens-MEL,,,,,,1.0,,,10
pad,55,0.15,cov-NV,,,0.9,,,,,,10
pad,55,0.15,cov-BCC,,,0.96045197740113,,,,,,177
pad,55,0.15,sens-BCC,,,,,,1.0,,,177
pad,55,0.15,cov-AK,,,0.9090909090909091,,,,,,44
pad,55,0.15,sens-AK,,,,,,1.0,,,44
pad,55,0.15,cov-BKL,,,0.8888888888888888,,,,,,9
pad,55,0.15,cov-SCC,,,0.4878048780487805,,,,,,41
pad,55,0.15,sens-SCC,,,,,,1.0,,,41
hiba,56,0.05,B,163.0,False,0.9883720930232558,0.9733333333333334,,1.0,1.0,6.5,172
hiba,56,0.05,M1,21.0,False,0.96,0.9230769230769231,0.0,1.0,1.0,5.92,25
hiba,56,0.05,M2,227.0,False,0.9821428571428571,0.9829545454545454,0.0,1.0,1.0,6.75,112
hiba,56,0.05,M3,25.0,False,1.0,1.0,0.0,1.0,1.0,6.6,10
hiba,56,0.05,cov-MEL,,,1.0,,,,,,61
hiba,56,0.05,sens-MEL,,,,,,1.0,,,61
hiba,56,0.05,cov-NV,,,1.0,,,,,,132
hiba,56,0.05,cov-BCC,,,0.9827586206896551,,,,,,58
hiba,56,0.05,sens-BCC,,,,,,1.0,,,58
hiba,56,0.05,cov-AK,,,1.0,,,,,,11
hiba,56,0.05,sens-AK,,,,,,1.0,,,11
hiba,56,0.05,cov-BKL,,,1.0,,,,,,19
hiba,56,0.05,cov-DF,,,0.7777777777777778,,,,,,9
hiba,56,0.05,cov-VASC,,,1.0,,,,,,12
hiba,56,0.05,cov-SCC,,,0.8823529411764706,,,,,,17
hiba,56,0.05,sens-SCC,,,,,,1.0,,,17
hiba,56,0.1,B,163.0,False,0.9476744186046512,0.8866666666666667,,1.0,1.0,4.674418604651163,172
hiba,56,0.1,M1,21.0,False,0.96,0.9230769230769231,0.0,1.0,1.0,4.44,25
hiba,56,0.1,M2,227.0,False,0.9642857142857143,0.9602272727272727,0.0,1.0,1.0,4.366071428571429,112
hiba,56,0.1,M3,25.0,False,1.0,1.0,0.0,1.0,1.0,5.0,10
hiba,56,0.1,cov-MEL,,,0.9836065573770492,,,,,,61
hiba,56,0.1,sens-MEL,,,,,,1.0,,,61
hiba,56,0.1,cov-NV,,,0.9848484848484849,,,,,,132
hiba,56,0.1,cov-BCC,,,0.9655172413793104,,,,,,58
hiba,56,0.1,sens-BCC,,,,,,1.0,,,58
hiba,56,0.1,cov-AK,,,1.0,,,,,,11
hiba,56,0.1,sens-AK,,,,,,1.0,,,11
hiba,56,0.1,cov-BKL,,,1.0,,,,,,19
hiba,56,0.1,cov-DF,,,0.3333333333333333,,,,,,9
hiba,56,0.1,cov-VASC,,,0.9166666666666666,,,,,,12
hiba,56,0.1,cov-SCC,,,0.8823529411764706,,,,,,17
hiba,56,0.1,sens-SCC,,,,,,1.0,,,17
hiba,56,0.15,B,163.0,False,0.9127906976744186,0.82,,1.0,1.0,3.691860465116279,172
hiba,56,0.15,M1,21.0,False,0.92,0.8846153846153846,0.0,1.0,1.0,3.6,25
hiba,56,0.15,M2,227.0,False,0.8928571428571429,0.8948863636363636,0.0,1.0,1.0,3.419642857142857,112
hiba,56,0.15,M3,25.0,False,1.0,1.0,0.0,1.0,1.0,3.9,10
hiba,56,0.15,cov-MEL,,,0.9508196721311475,,,,,,61
hiba,56,0.15,sens-MEL,,,,,,1.0,,,61
hiba,56,0.15,cov-NV,,,0.9772727272727273,,,,,,132
hiba,56,0.15,cov-BCC,,,0.896551724137931,,,,,,58
hiba,56,0.15,sens-BCC,,,,,,1.0,,,58
hiba,56,0.15,cov-AK,,,0.9090909090909091,,,,,,11
hiba,56,0.15,sens-AK,,,,,,1.0,,,11
hiba,56,0.15,cov-BKL,,,0.8421052631578947,,,,,,19
hiba,56,0.15,cov-DF,,,0.3333333333333333,,,,,,9
hiba,56,0.15,cov-VASC,,,0.75,,,,,,12
hiba,56,0.15,cov-SCC,,,0.7647058823529411,,,,,,17
hiba,56,0.15,sens-SCC,,,,,,1.0,,,17
pad,56,0.05,B,19.0,False,0.9523809523809523,0.95,,1.0,1.0,3.8095238095238093,21
pad,56,0.05,M1,24.0,False,1.0,1.0,0.0,1.0,1.0,4.076923076923077,26
pad,56,0.05,M2,164.0,False,0.935064935064935,0.9476190476190476,0.0,1.0,1.0,4.077922077922078,154
pad,56,0.05,M3,76.0,False,0.9473684210526315,0.9318181818181818,0.0,1.0,1.0,3.9298245614035086,57
pad,56,0.05,M4,12.0,True,1.0,1.0,0.0,1.0,1.0,5.6,5
pad,56,0.05,M5,1.0,True,1.0,1.0,0.0,1.0,1.0,5.4,5
pad,56,0.05,cov-MEL,,,0.8888888888888888,,,,,,9
pad,56,0.05,sens-MEL,,,,,,1.0,,,9
pad,56,0.05,cov-NV,,,0.9285714285714286,,,,,,14
pad,56,0.05,cov-BCC,,,0.9934640522875817,,,,,,153
pad,56,0.05,sens-BCC,,,,,,1.0,,,153
pad,56,0.05,cov-AK,,,0.8936170212765957,,,,,,47
pad,56,0.05,sens-AK,,,,,,1.0,,,47
pad,56,0.05,cov-BKL,,,1.0,,,,,,7
pad,56,0.05,cov-SCC,,,0.8421052631578947,,,,,,38
pad,56,0.05,sens-SCC,,,,,,1.0,,,38
pad,56,0.1,B,19.0,False,0.9047619047619048,0.9,,1.0,1.0,3.0952380952380953,21
pad,56,0.1,M1,24.0,False,1.0,1.0,0.0,1.0,1.0,3.0,26
pad,56,0.1,M2,164.0,False,0.8831168831168831,0.8952380952380953,0.0,1.0,1.0,2.8896103896103895,154
pad,56,0.1,M3,76.0,False,0.8421052631578947,0.8106060606060607,0.0,1.0,1.0,2.7017543859649122,57
pad,56,0.1,M4,12.0,False,1.0,1.0,0.0,1.0,1.0,4.4,5
pad,56,0.1,M5,1.0,True,1.0,1.0,0.0,1.0,1.0,4.8,5
pad,56,0.1,cov-MEL,,,0.8888888888888888,,,,,,9
pad,56,0.1,sens-MEL,,,,,,1.0,,,9
pad,56,0.1,cov-NV,,,0.9285714285714286,,,,,,14
pad,56,0.1,cov-BCC,,,0.9607843137254902,,,,,,153
pad,56,0.1,sens-BCC,,,,,,1.0,,,153
pad,56,0.1,cov-AK,,,0.8936170212765957,,,,,,47
pad,56,0.1,sens-AK,,,,,,1.0,,,47
pad,56,0.1,cov-BKL,,,0.8571428571428571,,,,,,7
pad,56,0.1,cov-SCC,,,0.6052631578947368,,,,,,38
pad,56,0.1,sens-SCC,,,,,,1.0,,,38
pad,56,0.15,B,19.0,False,0.8095238095238095,0.8,,1.0,1.0,2.380952380952381,21
pad,56,0.15,M1,24.0,False,1.0,1.0,0.0,1.0,1.0,2.6153846153846154,26
pad,56,0.15,M2,164.0,False,0.8311688311688312,0.8492063492063493,0.0,1.0,1.0,2.3181818181818183,154
pad,56,0.15,M3,76.0,False,0.8245614035087719,0.787878787878788,0.0,1.0,1.0,2.0526315789473686,57
pad,56,0.15,M4,12.0,False,1.0,1.0,0.0,1.0,1.0,3.8,5
pad,56,0.15,M5,1.0,True,1.0,1.0,0.0,1.0,1.0,4.4,5
pad,56,0.15,cov-MEL,,,0.7777777777777778,,,,,,9
pad,56,0.15,sens-MEL,,,,,,1.0,,,9
pad,56,0.15,cov-NV,,,0.8571428571428571,,,,,,14
pad,56,0.15,cov-BCC,,,0.9411764705882353,,,,,,153
pad,56,0.15,sens-BCC,,,,,,1.0,,,153
pad,56,0.15,cov-AK,,,0.8723404255319149,,,,,,47
pad,56,0.15,sens-AK,,,,,,1.0,,,47
pad,56,0.15,cov-BKL,,,0.7142857142857143,,,,,,7
pad,56,0.15,cov-SCC,,,0.5,,,,,,38
pad,56,0.15,sens-SCC,,,,,,1.0,,,38
hiba,57,0.05,B,167.0,False,1.0,1.0,,1.0,1.0,6.178707224334601,263
hiba,57,0.05,M1,25.0,False,0.7272727272727273,0.7222222222222222,0.0,1.0,1.0,5.636363636363637,11
hiba,57,0.05,M2,217.0,False,0.9453125,0.9566326530612245,0.0,1.0,1.0,6.7734375,128
hiba,57,0.05,M3,23.0,False,0.9230769230769231,0.9090909090909091,0.0,1.0,1.0,6.3076923076923075,13
hiba,57,0.05,cov-MEL,,,1.0,,,,,,43
hiba,57,0.05,sens-MEL,,,,,,1.0,,,43
hiba,57,0.05,cov-NV,,,1.0,,,,,,219
hiba,57,0.05,cov-BCC,,,0.9452054794520548,,,,,,73
hiba,57,0.05,sens-BCC,,,,,,1.0,,,73
hiba,57,0.05,cov-AK,,,0.7857142857142857,,,,,,14
hiba,57,0.05,sens-AK,,,,,,1.0,,,14
hiba,57,0.05,cov-BKL,,,1.0,,,,,,18
hiba,57,0.05,cov-DF,,,1.0,,,,,,12
hiba,57,0.05,cov-VASC,,,1.0,,,,,,14
hiba,57,0.05,cov-SCC,,,0.8181818181818182,,,,,,22
hiba,57,0.05,sens-SCC,,,,,,1.0,,,22
hiba,57,0.1,B,167.0,False,0.9695817490494296,0.942488262910798,,1.0,1.0,4.140684410646388,263
hiba,57,0.1,M1,25.0,False,0.7272727272727273,0.7222222222222222,0.0,1.0,1.0,4.363636363636363,11
hiba,57,0.1,M2,217.0,False,0.9140625,0.923469387755102,0.0,1.0,1.0,4.578125,128
hiba,57,0.1,M3,23.0,False,0.8461538461538461,0.8181818181818182,0.0,1.0,1.0,4.230769230769231,13
hiba,57,0.1,cov-MEL,,,1.0,,,,,,43
hiba,57,0.1,sens-MEL,,,,,,1.0,,,43
hiba,57,0.1,cov-NV,,,1.0,,,,,,219
hiba,57,0.1,cov-BCC,,,0.9452054794520548,,,,,,73
hiba,57,0.1,sens-BCC,,,,,,1.0,,,73
hiba,57,0.1,cov-AK,,,0.6428571428571429,,,,,,14
hiba,57,0.1,sens-AK,,,,,,1.0,,,14
hiba,57,0.1,cov-BKL,,,1.0,,,,,,18
hiba,57,0.1,cov-DF,,,0.5833333333333334,,,,,,12
hiba,57,0.1,cov-VASC,,,0.7857142857142857,,,,,,14
hiba,57,0.1,cov-SCC,,,0.6818181818181818,,,,,,22
hiba,57,0.1,sens-SCC,,,,,,1.0,,,22
hiba,57,0.15,B,167.0,False,0.9505703422053232,0.8920187793427229,,1.0,1.0,3.5399239543726235,263
hiba,57,0.15,M1,25.0,False,0.7272727272727273,0.7222222222222222,0.0,1.0,1.0,3.5454545454545454,11
hiba,57,0.15,M2,217.0,False,0.8671875,0.8886054421768709,0.0,1.0,1.0,3.765625,128
hiba,57,0.15,M3,23.0,False,0.8461538461538461,0.8181818181818182,0.0,1.0,1.0,3.8461538461538463,13
hiba,57,0.15,cov-MEL,,,1.0,,,,,,43
hiba,57,0.15,sens-MEL,,,,,,1.0,,,43
hiba,57,0.15,cov-NV,,,0.9954337899543378,,,,,,219
hiba,57,0.15,cov-BCC,,,0.9041095890410958,,,,,,73
hiba,57,0.15,sens-BCC,,,,,,1.0,,,73
hiba,57,0.15,cov-AK,,,0.5714285714285714,,,,,,14
hiba,57,0.15,sens-AK,,,,,,1.0,,,14
hiba,57,0.15,cov-BKL,,,0.9444444444444444,,,,,,18
hiba,57,0.15,cov-DF,,,0.5,,,,,,12
hiba,57,0.15,cov-VASC,,,0.6428571428571429,,,,,,14
hiba,57,0.15,cov-SCC,,,0.5909090909090909,,,,,,22
hiba,57,0.15,sens-SCC,,,,,,1.0,,,22
pad,57,0.05,B,25.0,False,0.9375,0.9285714285714286,,1.0,1.0,4.0625,16
pad,57,0.05,M1,24.0,False,0.75,0.75,0.0,1.0,1.0,3.25,24
pad,57,0.05,M2,173.0,False,0.9545454545454546,0.9618055555555557,0.0,1.0,1.0,4.098484848484849,132
pad,57,0.05,M3,58.0,False,0.9891304347826086,0.9838709677419355,0.0,1.0,1.0,4.282608695652174,92
pad,57,0.05,M4,12.0,True,1.0,1.0,0.0,1.0,1.0,5.5,6
pad,57,0.05,M5,3.0,True,1.0,1.0,0.0,1.0,1.0,5.5,2
pad,57,0.05,cov-MEL,,,1.0,,,,,,11
pad,57,0.05,sens-MEL,,,,,,1.0,,,11
pad,57,0.05,cov-NV,,,0.9,,,,,,10
pad,57,0.05,cov-BCC,,,0.96875,,,,,,160
pad,57,0.05,sens-BCC,,,,,,1.0,,,160
pad,57,0.05,cov-AK,,,0.9365079365079365,,,,,,63
pad,57,0.05,sens-AK,,,,,,1.0,,,63
pad,57,0.05,cov-BKL,,,1.0,,,,,,6
pad,57,0.05,cov-SCC,,,0.8181818181818182,,,,,,22
pad,57,0.05,sens-SCC,,,,,,1.0,,,22
pad,57,0.1,B,25.0,False,0.9375,0.9285714285714286,,1.0,1.0,3.3125,16
pad,57,0.1,M1,24.0,False,0.75,0.75,0.0,1.0,1.0,2.625,24
pad,57,0.1,M2,173.0,False,0.9318181818181818,0.9461805555555557,0.0,1.0,1.0,2.9318181818181817,132
pad,57,0.1,M3,58.0,False,0.9347826086956522,0.9193548387096774,0.0,1.0,1.0,3.0543478260869565,92
pad,57,0.1,M4,12.0,False,1.0,1.0,0.0,1.0,1.0,4.666666666666667,6
pad,57,0.1,M5,3.0,True,1.0,1.0,0.0,1.0,1.0,5.5,2
pad,57,0.1,cov-MEL,,,0.8181818181818182,,,,,,11
pad,57,0.1,sens-MEL,,,,,,1.0,,,11
pad,57,0.1,cov-NV,,,0.9,,,,,,10
pad,57,0.1,cov-BCC,,,0.96875,,,,,,160
pad,57,0.1,sens-BCC,,,,,,1.0,,,160
pad,57,0.1,cov-AK,,,0.9206349206349206,,,,,,63
pad,57,0.1,sens-AK,,,,,,1.0,,,63
pad,57,0.1,cov-BKL,,,1.0,,,,,,6
pad,57,0.1,cov-SCC,,,0.5909090909090909,,,,,,22
pad,57,0.1,sens-SCC,,,,,,1.0,,,22
pad,57,0.15,B,25.0,False,0.875,0.8571428571428571,,1.0,1.0,2.875,16
pad,57,0.15,M1,24.0,False,0.75,0.75,0.0,1.0,1.0,2.3333333333333335,24
pad,57,0.15,M2,173.0,False,0.8712121212121212,0.888888888888889,0.0,1.0,1.0,2.446969696969697,132
pad,57,0.15,M3,58.0,False,0.9347826086956522,0.9193548387096774,0.0,1.0,1.0,2.652173913043478,92
pad,57,0.15,M4,12.0,False,1.0,1.0,0.0,1.0,1.0,4.5,6
pad,57,0.15,M5,3.0,True,1.0,1.0,0.0,1.0,1.0,4.5,2
pad,57,0.15,cov-MEL,,,0.7272727272727273,,,,,,11
pad,57,0.15,sens-MEL,,,,,,1.0,,,11
pad,57,0.15,cov-NV,,,0.8,,,,,,10
pad,57,0.15,cov-BCC,,,0.94375,,,,,,160
pad,57,0.15,sens-BCC,,,,,,1.0,,,160
pad,57,0.15,cov-AK,,,0.9206349206349206,,,,,,63
pad,57,0.15,sens-AK,,,,,,1.0,,,63
pad,57,0.15,cov-BKL,,,1.0,,,,,,6
pad,57,0.15,cov-SCC,,,0.45454545454545453,,,,,,22
pad,57,0.15,sens-SCC,,,,,,1.0,,,22
hiba,58,0.05,B,163.0,False,0.9865470852017937,0.9666666666666667,,1.0,1.0,5.910313901345291,223
hiba,58,0.05,M1,23.0,False,0.9333333333333333,0.9090909090909091,0.0,1.0,1.0,5.333333333333333,15
hiba,58,0.05,M2,223.0,False,0.9464285714285714,0.9456521739130435,0.0,1.0,1.0,6.4375,112
hiba,58,0.05,M3,24.0,False,1.0,1.0,0.0,1.0,1.0,6.833333333333333,12
hiba,58,0.05,cov-MEL,,,0.9782608695652174,,,,,,46
hiba,58,0.05,sens-MEL,,,,,,1.0,,,46
hiba,58,0.05,cov-NV,,,1.0,,,,,,185
hiba,58,0.05,cov-BCC,,,0.9827586206896551,,,,,,58
hiba,58,0.05,sens-BCC,,,,,,1.0,,,58
hiba,58,0.05,cov-AK,,,0.8461538461538461,,,,,,13
hiba,58,0.05,sens-AK,,,,,,1.0,,,13
hiba,58,0.05,cov-BKL,,,1.0,,,,,,18
hiba,58,0.05,cov-DF,,,0.6666666666666666,,,,,,9
hiba,58,0.05,cov-VASC,,,1.0,,,,,,11
hiba,58,0.05,cov-SCC,,,0.8636363636363636,,,,,,22
hiba,58,0.05,sens-SCC,,,,,,1.0,,,22
hiba,58,0.1,B,163.0,False,0.968609865470852,0.92,,1.0,1.0,4.560538116591928,223
hiba,58,0.1,M1,23.0,False,0.9333333333333333,0.9090909090909091,0.0,1.0,1.0,4.4,15
hiba,58,0.1,M2,223.0,False,0.9196428571428571,0.9266304347826086,0.0,1.0,1.0,4.705357142857143,112
hiba,58,0.1,M3,24.0,False,1.0,1.0,0.0,1.0,1.0,5.166666666666667,12
hiba,58,0.1,cov-MEL,,,0.9565217391304348,,,,,,46
hiba,58,0.1,sens-MEL,,,,,,1.0,,,46
hiba,58,0.1,cov-NV,,,1.0,,,,,,185
hiba,58,0.1,cov-BCC,,,0.9827586206896551,,,,,,58
hiba,58,0.1,sens-BCC,,,,,,1.0,,,58
hiba,58,0.1,cov-AK,,,0.8461538461538461,,,,,,13
hiba,58,0.1,sens-AK,,,,,,1.0,,,13
hiba,58,0.1,cov-BKL,,,1.0,,,,,,18
hiba,58,0.1,cov-DF,,,0.3333333333333333,,,,,,9
hiba,58,0.1,cov-VASC,,,0.9090909090909091,,,,,,11
hiba,58,0.1,cov-SCC,,,0.7727272727272727,,,,,,22
hiba,58,0.1,sens-SCC,,,,,,1.0,,,22
hiba,58,0.15,B,163.0,False,0.9641255605381166,0.9066666666666666,,1.0,1.0,3.3452914798206277,223
hiba,58,0.15,M1,23.0,False,0.9333333333333333,0.9090909090909091,0.0,1.0,1.0,3.8666666666666667,15
hiba,58,0.15,M2,223.0,False,0.8571428571428571,0.8668478260869565,0.0,1.0,1.0,3.8392857142857144,112
hiba,58,0.15,M3,24.0,False,0.8333333333333334,0.8,0.0,1.0,1.0,3.75,12
hiba,58,0.15,cov-MEL,,,0.9347826086956522,,,,,,46
hiba,58,0.15,sens-MEL,,,,,,1.0,,,46
hiba,58,0.15,cov-NV,,,1.0,,,,,,185
hiba,58,0.15,cov-BCC,,,0.9137931034482759,,,,,,58
hiba,58,0.15,sens-BCC,,,,,,1.0,,,58
hiba,58,0.15,cov-AK,,,0.7692307692307693,,,,,,13
hiba,58,0.15,sens-AK,,,,,,1.0,,,13
hiba,58,0.15,cov-BKL,,,1.0,,,,,,18
hiba,58,0.15,cov-DF,,,0.2222222222222222,,,,,,9
hiba,58,0.15,cov-VASC,,,0.9090909090909091,,,,,,11
hiba,58,0.15,cov-SCC,,,0.6363636363636364,,,,,,22
hiba,58,0.15,sens-SCC,,,,,,1.0,,,22
pad,58,0.05,B,29.0,False,1.0,1.0,,1.0,1.0,4.0,11
pad,58,0.05,M1,13.0,True,1.0,1.0,0.0,1.0,1.0,5.145833333333333,48
pad,58,0.05,M2,163.0,False,0.95,0.9433962264150944,0.0,1.0,1.0,4.178571428571429,140
pad,58,0.05,M3,73.0,False,0.9594594594594594,0.9468085106382979,0.0,1.0,1.0,4.0675675675675675,74
pad,58,0.05,M4,12.0,True,1.0,1.0,0.0,1.0,1.0,5.5,6
pad,58,0.05,M5,3.0,True,1.0,1.0,0.0,1.0,1.0,6.0,2
pad,58,0.05,cov-MEL,,,0.9166666666666666,,,,,,12
pad,58,0.05,sens-MEL,,,,,,1.0,,,12
pad,58,0.05,cov-NV,,,1.0,,,,,,4
pad,58,0.05,cov-BCC,,,0.9943181818181818,,,,,,176
pad,58,0.05,sens-BCC,,,,,,1.0,,,176
pad,58,0.05,cov-AK,,,0.9411764705882353,,,,,,51
pad,58,0.05,sens-AK,,,,,,1.0,,,51
pad,58,0.05,cov-BKL,,,1.0,,,,,,7
pad,58,0.05,cov-SCC,,,0.8387096774193549,,,,,,31
pad,58,0.05,sens-SCC,,,,,,1.0,,,31
pad,58,0.1,B,29.0,False,0.9090909090909091,0.9,,1.0,1.0,2.8181818181818183,11
pad,58,0.1,M1,13.0,False,0.8333333333333334,0.8302469135802469,0.0,1.0,1.0,2.6666666666666665,48
pad,58,0.1,M2,163.0,False,0.9214285714285714,0.9174528301886793,0.0,1.0,1.0,2.95,140
pad,58,0.1,M3,73.0,False,0.9054054054054054,0.8723404255319149,0.0,1.0,1.0,2.9054054054054053,74
pad,58,0.1,M4,12.0,False,1.0,1.0,0.0,1.0,1.0,4.333333333333333,6
pad,58,0.1,M5,3.0,True,1.0,1.0,0.0,1.0,1.0,6.0,2
pad,58,0.1,cov-MEL,,,0.9166666666666666,,,,,,12
pad,58,0.1,sens-MEL,,,,,,1.0,,,12
pad,58,0.1,cov-NV,,,1.0,,,,,,4
pad,58,0.1,cov-BCC,,,0.9602272727272727,,,,,,176
pad,58,0.1,sens-BCC,,,,,,1.0,,,176
pad,58,0.1,cov-AK,,,0.9019607843137255,,,,,,51
pad,58,0.1,sens-AK,,,,,,1.0,,,51
pad,58,0.1,cov-BKL,,,0.8571428571428571,,,,,,7
pad,58,0.1,cov-SCC,,,0.5806451612903226,,,,,,31
pad,58,0.1,sens-SCC,,,,,,1.0,,,31
pad,58,0.15,B,29.0,False,0.9090909090909091,0.9,,1.0,1.0,2.4545454545454546,11
pad,58,0.15,M1,13.0,False,0.8125,0.79320987654321,0.0,1.0,1.0,2.3333333333333335,48
pad,58,0.15,M2,163.0,False,0.8642857142857143,0.8577044025157233,0.0,1.0,1.0,2.4857142857142858,140
pad,58,0.15,M3,73.0,False,0.8243243243243243,0.8031914893617021,0.0,1.0,1.0,2.2432432432432434,74
pad,58,0.15,M4,12.0,False,1.0,1.0,0.0,1.0,1.0,4.166666666666667,6
pad,58,0.15,M5,3.0,True,1.0,1.0,0.0,1.0,1.0,5.5,2
pad,58,0.15,cov-MEL,,,0.9166666666666666,,,,,,12
pad,58,0.15,sens-MEL,,,,,,1.0,,,12
pad,58,0.15,cov-NV,,,1.0,,,,,,4
pad,58,0.15,cov-BCC,,,0.9034090909090909,,,,,,176
pad,58,0.15,sens-BCC,,,,,,1.0,,,176
pad,58,0.15,cov-AK,,,0.8627450980392157,,,,,,51
pad,58,0.15,sens-AK,,,,,,1.0,,,51
pad,58,0.15,cov-BKL,,,0.8571428571428571,,,,,,7
pad,58,0.15,cov-SCC,,,0.4838709677419355,,,,,,31
pad,58,0.15,sens-SCC,,,,,,1.0,,,31
hiba,59,0.05,B,177.0,False,0.9940119760479041,0.9836065573770492,,1.0,1.0,6.245508982035928,167
hiba,59,0.05,M1,22.0,False,1.0,1.0,0.0,1.0,1.0,6.368421052631579,19
hiba,59,0.05,M2,209.0,False,1.0,1.0,0.0,1.0,1.0,6.955223880597015,134
hiba,59,0.05,M3,25.0,False,0.8888888888888888,0.8888888888888888,0.0,1.0,1.0,6.555555555555555,9
hiba,59,0.05,cov-MEL,,,1.0,,,,,,58
hiba,59,0.05,sens-MEL,,,,,,1.0,,,58
hiba,59,0.05,cov-NV,,,1.0,,,,,,142
hiba,59,0.05,cov-BCC,,,0.984375,,,,,,64
hiba,59,0.05,sens-BCC,,,,,,1.0,,,64
hiba,59,0.05,cov-AK,,,1.0,,,,,,12
hiba,59,0.05,sens-AK,,,,,,1.0,,,12
hiba,59,0.05,cov-BKL,,,1.0,,,,,,11
hiba,59,0.05,cov-DF,,,0.8571428571428571,,,,,,7
hiba,59,0.05,cov-VASC,,,1.0,,,,,,7
hiba,59,0.05,cov-SCC,,,1.0,,,,,,28
hiba,59,0.05,sens-SCC,,,,,,1.0,,,28
hiba,59,0.1,B,177.0,False,0.9880239520958084,0.9781420765027323,,1.0,1.0,4.227544910179641,167
hiba,59,0.1,M1,22.0,False,0.9473684210526315,0.9722222222222222,0.0,1.0,1.0,4.842105263157895,19
hiba,59,0.1,M2,209.0,False,0.9626865671641791,0.9669811320754716,0.0,1.0,1.0,4.947761194029851,134
hiba,59,0.1,M3,25.0,False,0.7777777777777778,0.7777777777777778,0.0,1.0,1.0,3.6666666666666665,9
hiba,59,0.1,cov-MEL,,,0.9827586206896551,,,,,,58
hiba,59,0.1,sens-MEL,,,,,,1.0,,,58
hiba,59,0.1,cov-NV,,,1.0,,,,,,142
hiba,59,0.1,cov-BCC,,,0.953125,,,,,,64
hiba,59,0.1,sens-BCC,,,,,,1.0,,,64
hiba,59,0.1,cov-AK,,,1.0,,,,,,12
hiba,59,0.1,sens-AK,,,,,,1.0,,,12
hiba,59,0.1,cov-BKL,,,1.0,,,,,,11
hiba,59,0.1,cov-DF,,,0.7142857142857143,,,,,,7
hiba,59,0.1,cov-VASC,,,1.0,,,,,,7
hiba,59,0.1,cov-SCC,,,0.8571428571428571,,,,,,28
hiba,59,0.1,sens-SCC,,,,,,1.0,,,28
hiba,59,0.15,B,177.0,False,0.9580838323353293,0.8961748633879782,,1.0,1.0,3.317365269461078,167
hiba,59,0.15,M1,22.0,False,0.8947368421052632,0.9305555555555555,0.0,1.0,1.0,3.789473684210526,19
hiba,59,0.15,M2,209.0,False,0.8955223880597015,0.9033018867924528,0.0,1.0,1.0,3.716417910447761,134
hiba,59,0.15,M3,25.0,False,0.7777777777777778,0.7777777777777778,0.0,1.0,1.0,3.3333333333333335,9
hiba,59,0.15,cov-MEL,,,0.9310344827586207,,,,,,58
hiba,59,0.15,sens-MEL,,,,,,1.0,,,58
hiba,59,0.15,cov-NV,,,1.0,,,,,,142
hiba,59,0.15,cov-BCC,,,0.90625,,,,,,64
hiba,59,0.15,sens-BCC,,,,,,1.0,,,64
hiba,59,0.15,cov-AK,,,1.0,,,,,,12
hiba,59,0.15,sens-AK,,,,,,1.0,,,12
hiba,59,0.15,cov-BKL,,,1.0,,,,,,11
hiba,59,0.15,cov-DF,,,0.2857142857142857,,,,,,7
hiba,59,0.15,cov-VASC,,,0.7142857142857143,,,,,,7
hiba,59,0.15,cov-SCC,,,0.7142857142857143,,,,,,28
hiba,59,0.15,sens-SCC,,,,,,1.0,,,28
pad,59,0.05,B,25.0,False,1.0,1.0,,1.0,1.0,4.125,16
pad,59,0.05,M1,28.0,False,1.0,1.0,0.0,1.0,1.0,4.0588235294117645,17
pad,59,0.05,M2,153.0,False,0.9526627218934911,0.9554597701149427,0.0,1.0,1.0,4.071005917159764,169
pad,59,0.05,M3,75.0,False,1.0,1.0,0.0,1.0,1.0,4.311475409836065,61
pad,59,0.05,M4,11.0,True,1.0,1.0,0.0,1.0,1.0,5.0,9
pad,59,0.05,M5,4.0,True,1.0,1.0,0.0,1.0,1.0,6.0,1
pad,59,0.05,cov-MEL,,,0.9090909090909091,,,,,,11
pad,59,0.05,sens-MEL,,,,,,1.0,,,11
pad,59,0.05,cov-NV,,,1.0,,,,,,11
pad,59,0.05,cov-BCC,,,0.9874213836477987,,,,,,159
pad,59,0.05,sens-BCC,,,,,,1.0,,,159
pad,59,0.05,cov-AK,,,0.9629629629629629,,,,,,54
pad,59,0.05,sens-AK,,,,,,1.0,,,54
pad,59,0.05,cov-BKL,,,1.0,,,,,,5
pad,59,0.05,cov-SCC,,,0.9090909090909091,,,,,,33
pad,59,0.05,sens-SCC,,,,,,1.0,,,33
pad,59,0.1,B,25.0,False,1.0,1.0,,1.0,1.0,3.5625,16
pad,59,0.1,M1,28.0,False,1.0,1.0,0.0,1.0,1.0,3.588235294117647,17
pad,59,0.1,M2,153.0,False,0.9230769230769231,0.9310344827586207,0.0,1.0,1.0,3.621301775147929,169
pad,59,0.1,M3,75.0,False,0.9180327868852459,0.9111111111111111,0.0,1.0,1.0,3.6065573770491803,61
pad,59,0.1,M4,11.0,False,1.0,1.0,0.0,1.0,1.0,4.666666666666667,9
pad,59,0.1,M5,4.0,True,1.0,1.0,0.0,1.0,1.0,6.0,1
pad,59,0.1,cov-MEL,,,0.8181818181818182,,,,,,11
pad,59,0.1,sens-MEL,,,,,,1.0,,,11
pad,59,0.1,cov-NV,,,1.0,,,,,,11
pad,59,0.1,cov-BCC,,,0.9685534591194969,,,,,,159
pad,59,0.1,sens-BCC,,,,,,1.0,,,159
pad,59,0.1,cov-AK,,,0.9629629629629629,,,,,,54
pad,59,0.1,sens-AK,,,,,,1.0,,,54
pad,59,0.1,cov-BKL,,,1.0,,,,,,5
pad,59,0.1,cov-SCC,,,0.7272727272727273,,,,,,33
pad,59,0.1,sens-SCC,,,,,,1.0,,,33
pad,59,0.15,B,25.0,False,1.0,1.0,,1.0,1.0,2.9375,16
pad,59,0.15,M1,28.0,False,1.0,1.0,0.0,1.0,1.0,2.764705882352941,17
pad,59,0.15,M2,153.0,False,0.9053254437869822,0.910919540229885,0.0,1.0,1.0,2.8402366863905324,169
pad,59,0.15,M3,75.0,False,0.819672131147541,0.7888888888888889,0.0,1.0,1.0,2.4262295081967213,61
pad,59,0.15,M4,11.0,False,1.0,1.0,0.0,1.0,1.0,4.222222222222222,9
pad,59,0.15,M5,4.0,True,1.0,1.0,0.0,1.0,1.0,6.0,1
pad,59,0.15,cov-MEL,,,0.8181818181818182,,,,,,11
pad,59,0.15,sens-MEL,,,,,,1.0,,,11
pad,59,0.15,cov-NV,,,1.0,,,,,,11
pad,59,0.15,cov-BCC,,,0.9182389937106918,,,,,,159
pad,59,0.15,sens-BCC,,,,,,1.0,,,159
pad,59,0.15,cov-AK,,,0.9444444444444444,,,,,,54
pad,59,0.15,sens-AK,,,,,,1.0,,,54
pad,59,0.15,cov-BKL,,,1.0,,,,,,5
pad,59,0.15,cov-SCC,,,0.7272727272727273,,,,,,33
pad,59,0.15,sens-SCC,,,,,,1.0,,,33
hiba,60,0.05,B,169.0,False,0.9748427672955975,0.9492753623188406,,1.0,1.0,6.09433962264151,159
hiba,60,0.05,M1,28.0,False,1.0,1.0,0.0,1.0,1.0,6.625,8
hiba,60,0.05,M2,214.0,False,0.975,0.9752475247524752,0.0,1.0,1.0,6.591666666666667,120
hiba,60,0.05,M3,26.0,False,1.0,1.0,0.0,1.0,1.0,6.777777777777778,9
hiba,60,0.05,cov-MEL,,,1.0,,,,,,45
hiba,60,0.05,sens-MEL,,,,,,1.0,,,45
hiba,60,0.05,cov-NV,,,1.0,,,,,,123
hiba,60,0.05,cov-BCC,,,1.0,,,,,,60
hiba,60,0.05,sens-BCC,,,,,,1.0,,,60
hiba,60,0.05,cov-AK,,,1.0,,,,,,6
hiba,60,0.05,sens-AK,,,,,,1.0,,,6
hiba,60,0.05,cov-BKL,,,1.0,,,,,,15
hiba,60,0.05,cov-DF,,,0.7142857142857143,,,,,,14
hiba,60,0.05,cov-VASC,,,1.0,,,,,,7
hiba,60,0.05,cov-SCC,,,0.8846153846153846,,,,,,26
hiba,60,0.05,sens-SCC,,,,,,1.0,,,26
hiba,60,0.1,B,169.0,False,0.9433962264150944,0.8985507246376812,,1.0,1.0,4.610062893081761,159
hiba,60,0.1,M1,28.0,False,1.0,1.0,0.0,1.0,1.0,4.5,8
hiba,60,0.1,M2,214.0,False,0.9333333333333333,0.9306930693069307,0.0,1.0,1.0,4.266666666666667,120
hiba,60,0.1,M3,26.0,False,1.0,1.0,0.0,1.0,1.0,5.333333333333333,9
hiba,60,0.1,cov-MEL,,,1.0,,,,,,45
hiba,60,0.1,sens-MEL,,,,,,1.0,,,45
hiba,60,0.1,cov-NV,,,1.0,,,,,,123
hiba,60,0.1,cov-BCC,,,0.95,,,,,,60
hiba,60,0.1,sens-BCC,,,,,,1.0,,,60
hiba,60,0.1,cov-AK,,,1.0,,,,,,6
hiba,60,0.1,sens-AK,,,,,,1.0,,,6
hiba,60,0.1,cov-BKL,,,1.0,,,,,,15
hiba,60,0.1,cov-DF,,,0.42857142857142855,,,,,,14
hiba,60,0.1,cov-VASC,,,0.8571428571428571,,,,,,7
hiba,60,0.1,cov-SCC,,,0.8076923076923077,,,,,,26
hiba,60,0.1,sens-SCC,,,,,,1.0,,,26
hiba,60,0.15,B,169.0,False,0.9245283018867925,0.855072463768116,,1.0,1.0,3.30188679245283,159
hiba,60,0.15,M1,28.0,False,1.0,1.0,0.0,1.0,1.0,3.25,8
hiba,60,0.15,M2,214.0,False,0.8833333333333333,0.8762376237623762,0.0,1.0,1.0,3.566666666666667,120
hiba,60,0.15,M3,26.0,False,1.0,1.0,0.0,1.0,1.0,3.2222222222222223,9
hiba,60,0.15,cov-MEL,,,0.9555555555555556,,,,,,45
hiba,60,0.15,sens-MEL,,,,,,1.0,,,45
hiba,60,0.15,cov-NV,,,0.991869918699187,,,,,,123
hiba,60,0.15,cov-BCC,,,0.9333333333333333,,,,,,60
hiba,60,0.15,sens-BCC,,,,,,1.0,,,60
hiba,60,0.15,cov-AK,,,1.0,,,,,,6
hiba,60,0.15,sens-AK,,,,,,1.0,,,6
hiba,60,0.15,cov-BKL,,,1.0,,,,,,15
hiba,60,0.15,cov-DF,,,0.42857142857142855,,,,,,14
hiba,60,0.15,cov-VASC,,,0.5714285714285714,,,,,,7
hiba,60,0.15,cov-SCC,,,0.6923076923076923,,,,,,26
hiba,60,0.15,sens-SCC,,,,,,1.0,,,26
pad,60,0.05,B,21.0,False,1.0,1.0,,1.0,1.0,4.15,20
pad,60,0.05,M1,27.0,False,0.9444444444444444,0.9230769230769231,0.0,1.0,1.0,3.7777777777777777,18
pad,60,0.05,M2,164.0,False,0.9316770186335404,0.9428571428571428,0.0,1.0,1.0,4.0062111801242235,161
pad,60,0.05,M3,76.0,False,0.9852941176470589,0.9772727272727273,0.0,1.0,1.0,4.323529411764706,68
pad,60,0.05,M4,11.0,True,1.0,1.0,0.0,1.0,1.0,5.375,8
pad,60,0.05,M5,3.0,True,1.0,1.0,0.0,1.0,1.0,5.0,3
pad,60,0.05,cov-MEL,,,0.8181818181818182,,,,,,11
pad,60,0.05,sens-MEL,,,,,,1.0,,,11
pad,60,0.05,cov-NV,,,1.0,,,,,,10
pad,60,0.05,cov-BCC,,,0.9930555555555556,,,,,,144
pad,60,0.05,sens-BCC,,,,,,1.0,,,144
pad,60,0.05,cov-AK,,,0.9523809523809523,,,,,,63
pad,60,0.05,sens-AK,,,,,,1.0,,,63
pad,60,0.05,cov-BKL,,,1.0,,,,,,10
pad,60,0.05,cov-SCC,,,0.825,,,,,,40
pad,60,0.05,sens-SCC,,,,,,1.0,,,40
pad,60,0.1,B,21.0,False,1.0,1.0,,1.0,1.0,3.4,20
pad,60,0.1,M1,27.0,False,0.8888888888888888,0.9038461538461539,0.0,1.0,1.0,3.6666666666666665,18
pad,60,0.1,M2,164.0,False,0.8819875776397516,0.8873015873015874,0.0,1.0,1.0,3.5031055900621118,161
pad,60,0.1,M3,76.0,False,0.9264705882352942,0.9090909090909091,0.0,1.0,1.0,3.7058823529411766,68
pad,60,0.1,M4,11.0,False,0.75,0.6666666666666666,0.0,1.0,1.0,3.75,8
pad,60,0.1,M5,3.0,True,1.0,1.0,0.0,1.0,1.0,5.0,3
pad,60,0.1,cov-MEL,,,0.6363636363636364,,,,,,11
pad,60,0.1,sens-MEL,,,,,,1.0,,,11
pad,60,0.1,cov-NV,,,1.0,,,,,,10
pad,60,0.1,cov-BCC,,,0.9722222222222222,,,,,,144
pad,60,0.1,sens-BCC,,,,,,1.0,,,144
pad,60,0.1,cov-AK,,,0.9206349206349206,,,,,,63
pad,60,0.1,sens-AK,,,,,,1.0,,,63
pad,60,0.1,cov-BKL,,,1.0,,,,,,10
pad,60,0.1,cov-SCC,,,0.625,,,,,,40
pad,60,0.1,sens-SCC,,,,,,1.0,,,40
pad,60,0.15,B,21.0,False,0.95,0.9444444444444444,,1.0,1.0,2.65,20
pad,60,0.15,M1,27.0,False,0.7222222222222222,0.7115384615384616,0.0,1.0,1.0,2.5555555555555554,18
pad,60,0.15,M2,164.0,False,0.8198757763975155,0.8365079365079366,0.0,1.0,1.0,2.5527950310559007,161
pad,60,0.15,M3,76.0,False,0.8088235294117647,0.8049242424242425,0.0,1.0,1.0,2.5441176470588234,68
pad,60,0.15,M4,11.0,False,0.75,0.6666666666666666,0.0,1.0,1.0,3.125,8
pad,60,0.15,M5,3.0,True,1.0,1.0,0.0,1.0,1.0,4.333333333333333,3
pad,60,0.15,cov-MEL,,,0.6363636363636364,,,,,,11
pad,60,0.15,sens-MEL,,,,,,1.0,,,11
pad,60,0.15,cov-NV,,,1.0,,,,,,10
pad,60,0.15,cov-BCC,,,0.8888888888888888,,,,,,144
pad,60,0.15,sens-BCC,,,,,,1.0,,,144
pad,60,0.15,cov-AK,,,0.8571428571428571,,,,,,63
pad,60,0.15,sens-AK,,,,,,1.0,,,63
pad,60,0.15,cov-BKL,,,0.9,,,,,,10
pad,60,0.15,cov-SCC,,,0.5,,,,,,40
pad,60,0.15,sens-SCC,,,,,,1.0,,,40
hiba,61,0.05,B,158.0,False,0.9748427672955975,0.9625,,1.0,1.0,6.1572327044025155,159
hiba,61,0.05,M1,24.0,False,0.875,0.8666666666666668,0.0,1.0,1.0,5.625,16
hiba,61,0.05,M2,224.0,False,0.9821428571428571,0.978021978021978,0.0,1.0,1.0,6.571428571428571,112
hiba,61,0.05,M3,24.0,False,1.0,1.0,0.0,1.0,1.0,6.7272727272727275,11
hiba,61,0.05,cov-MEL,,,1.0,,,,,,47
hiba,61,0.05,sens-MEL,,,,,,1.0,,,47
hiba,61,0.05,cov-NV,,,1.0,,,,,,110
hiba,61,0.05,cov-BCC,,,0.9672131147540983,,,,,,61
hiba,61,0.05,sens-BCC,,,,,,1.0,,,61
hiba,61,0.05,cov-AK,,,1.0,,,,,,10
hiba,61,0.05,sens-AK,,,,,,1.0,,,10
hiba,61,0.05,cov-BKL,,,1.0,,,,,,19
hiba,61,0.05,cov-DF,,,0.6666666666666666,,,,,,12
hiba,61,0.05,cov-VASC,,,1.0,,,,,,18
hiba,61,0.05,cov-SCC,,,0.9047619047619048,,,,,,21
hiba,61,0.05,sens-SCC,,,,,,1.0,,,21
hiba,61,0.1,B,158.0,False,0.9371069182389937,0.9083333333333332,,1.0,1.0,3.7169811320754715,159
hiba,61,0.1,M1,24.0,False,0.8125,0.8166666666666668,0.0,1.0,1.0,4.3125,16
hiba,61,0.1,M2,224.0,False,0.9107142857142857,0.8956043956043956,0.0,1.0,1.0,4.142857142857143,112
hiba,61,0.1,M3,24.0,False,0.9090909090909091,0.9,0.0,1.0,1.0,4.7272727272727275,11
hiba,61,0.1,cov-MEL,,,0.9574468085106383,,,,,,47
hiba,61,0.1,sens-MEL,,,,,,1.0,,,47
hiba,61,0.1,cov-NV,,,1.0,,,,,,110
hiba,61,0.1,cov-BCC,,,0.9016393442622951,,,,,,61
hiba,61,0.1,sens-BCC,,,,,,1.0,,,61
hiba,61,0.1,cov-AK,,,0.9,,,,,,10
hiba,61,0.1,sens-AK,,,,,,1.0,,,10
hiba,61,0.1,cov-BKL,,,1.0,,,,,,19
hiba,61,0.1,cov-DF,,,0.5,,,,,,12
hiba,61,0.1,cov-VASC,,,0.7777777777777778,,,,,,18
hiba,61,0.1,cov-SCC,,,0.7619047619047619,,,,,,21
hiba,61,0.1,sens-SCC,,,,,,1.0,,,21
hiba,61,0.15,B,158.0,False,0.9056603773584906,0.8604166666666666,,1.0,1.0,3.2452830188679247,159
hiba,61,0.15,M1,24.0,False,0.8125,0.8166666666666668,0.0,1.0,1.0,3.6875,16
hiba,61,0.15,M2,224.0,False,0.8392857142857143,0.8369963369963369,0.0,1.0,1.0,3.625,112
hiba,61,0.15,M3,24.0,False,0.9090909090909091,0.9,0.0,1.0,1.0,3.1818181818181817,11
hiba,61,0.15,cov-MEL,,,0.9361702127659575,,,,,,47
hiba,61,0.15,sens-MEL,,,,,,1.0,,,47
hiba,61,0.15,cov-NV,,,1.0,,,,,,110
hiba,61,0.15,cov-BCC,,,0.819672131147541,,,,,,61
hiba,61,0.15,sens-BCC,,,,,,1.0,,,61
hiba,61,0.15,cov-AK,,,0.9,,,,,,10
hiba,61,0.15,sens-AK,,,,,,1.0,,,10
hiba,61,0.15,cov-BKL,,,0.9473684210526315,,,,,,19
hiba,61,0.15,cov-DF,,,0.3333333333333333,,,,,,12
hiba,61,0.15,cov-VASC,,,0.6666666666666666,,,,,,18
hiba,61,0.15,cov-SCC,,,0.6666666666666666,,,,,,21
hiba,61,0.15,sens-SCC,,,,,,1.0,,,21
pad,61,0.05,B,22.0,False,0.8888888888888888,0.8823529411764706,,1.0,1.0,3.5,18
pad,61,0.05,M1,27.0,False,1.0,1.0,0.0,1.0,1.0,3.380952380952381,21
pad,61,0.05,M2,160.0,False,0.9685534591194969,0.9785932721712537,0.0,1.0,1.0,3.7232704402515724,159
pad,61,0.05,M3,78.0,False,0.9491525423728814,0.9404761904761905,0.0,1.0,1.0,3.6271186440677967,59
pad,61,0.05,M4,9.0,True,1.0,1.0,0.0,1.0,1.0,4.5,10
pad,61,0.05,M5,2.0,True,1.0,1.0,0.0,1.0,1.0,5.0,3
pad,61,0.05,cov-MEL,,,0.9,,,,,,10
pad,61,0.05,sens-MEL,,,,,,1.0,,,10
pad,61,0.05,cov-NV,,,0.9166666666666666,,,,,,12
pad,61,0.05,cov-BCC,,,1.0,,,,,,156
pad,61,0.05,sens-BCC,,,,,,1.0,,,156
pad,61,0.05,cov-AK,,,1.0,,,,,,46
pad,61,0.05,sens-AK,,,,,,1.0,,,46
pad,61,0.05,cov-BKL,,,0.8333333333333334,,,,,,6
pad,61,0.05,cov-SCC,,,0.825,,,,,,40
pad,61,0.05,sens-SCC,,,,,,1.0,,,40
pad,61,0.1,B,22.0,False,0.8888888888888888,0.8823529411764706,,1.0,1.0,2.9444444444444446,18
pad,61,0.1,M1,27.0,False,1.0,1.0,0.0,1.0,1.0,3.0,21
pad,61,0.1,M2,160.0,False,0.8301886792452831,0.8398864132809087,0.0,1.0,1.0,2.6792452830188678,159
pad,61,0.1,M3,78.0,False,0.9152542372881356,0.8928571428571429,0.0,1.0,1.0,3.0338983050847457,59
pad,61,0.1,M4,9.0,False,0.9,0.875,0.0,1.0,1.0,3.7,10
pad,61,0.1,M5,2.0,True,1.0,1.0,0.0,1.0,1.0,5.0,3
pad,61,0.1,cov-MEL,,,0.8,,,,,,10
pad,61,0.1,sens-MEL,,,,,,1.0,,,10
pad,61,0.1,cov-NV,,,0.9166666666666666,,,,,,12
pad,61,0.1,cov-BCC,,,0.9358974358974359,,,,,,156
pad,61,0.1,sens-BCC,,,,,,1.0,,,156
pad,61,0.1,cov-AK,,,0.9347826086956522,,,,,,46
pad,61,0.1,sens-AK,,,,,,1.0,,,46
pad,61,0.1,cov-BKL,,,0.8333333333333334,,,,,,6
pad,61,0.1,cov-SCC,,,0.55,,,,,,40
pad,61,0.1,sens-SCC,,,,,,1.0,,,40
pad,61,0.15,B,22.0,False,0.8888888888888888,0.8823529411764706,,1.0,1.0,2.2777777777777777,18
pad,61,0.15,M1,27.0,False,0.7142857142857143,0.6538461538461539,0.0,1.0,1.0,2.238095238095238,21
pad,61,0.15,M2,160.0,False,0.7861635220125787,0.7927042376583662,0.0,1.0,1.0,2.220125786163522,159
pad,61,0.15,M3,78.0,False,0.8305084745762712,0.8373015873015874,0.0,1.0,1.0,2.3728813559322033,59
pad,61,0.15,M4,9.0,False,0.9,0.875,0.0,1.0,1.0,3.6,10
pad,61,0.15,M5,2.0,True,1.0,1.0,0.0,1.0,1.0,4.333333333333333,3
pad,61,0.15,cov-MEL,,,0.7,,,,,,10
pad,61,0.15,sens-MEL,,,,,,1.0,,,10
pad,61,0.15,cov-NV,,,0.9166666666666666,,,,,,12
pad,61,0.15,cov-BCC,,,0.8461538461538461,,,,,,156
pad,61,0.15,sens-BCC,,,,,,1.0,,,156
pad,61,0.15,cov-AK,,,0.8913043478260869,,,,,,46
pad,61,0.15,sens-AK,,,,,,1.0,,,46
pad,61,0.15,cov-BKL,,,0.8333333333333334,,,,,,6
pad,61,0.15,cov-SCC,,,0.525,,,,,,40
pad,61,0.15,sens-SCC,,,,,,1.0,,,40
hiba,62,0.05,B,169.0,False,0.9567901234567902,0.9239130434782609,,1.0,1.0,5.54320987654321,162
hiba,62,0.05,M1,22.0,False,0.9411764705882353,0.9166666666666666,0.0,1.0,1.0,5.764705882352941,17
hiba,62,0.05,M2,220.0,False,0.8914728682170543,0.9157894736842105,0.0,1.0,1.0,6.069767441860465,129
hiba,62,0.05,M3,23.0,False,0.9375,0.9090909090909091,0.0,1.0,1.0,6.1875,16
hiba,62,0.05,cov-MEL,,,0.98,,,,,,50
hiba,62,0.05,sens-MEL,,,,,,1.0,,,50
hiba,62,0.05,cov-NV,,,1.0,,,,,,126
hiba,62,0.05,cov-BCC,,,0.9571428571428572,,,,,,70
hiba,62,0.05,sens-BCC,,,,,,1.0,,,70
hiba,62,0.05,cov-AK,,,0.6875,,,,,,16
hiba,62,0.05,sens-AK,,,,,,1.0,,,16
hiba,62,0.05,cov-BKL,,,1.0,,,,,,14
hiba,62,0.05,cov-DF,,,0.5833333333333334,,,,,,12
hiba,62,0.05,cov-VASC,,,0.8,,,,,,10
hiba,62,0.05,cov-SCC,,,0.7307692307692307,,,,,,26
hiba,62,0.05,sens-SCC,,,,,,1.0,,,26
hiba,62,0.1,B,169.0,False,0.9197530864197531,0.8695652173913043,,1.0,1.0,3.9444444444444446,162
hiba,62,0.1,M1,22.0,False,0.9411764705882353,0.9166666666666666,0.0,1.0,1.0,4.705882352941177,17
hiba,62,0.1,M2,220.0,False,0.813953488372093,0.84,0.0,1.0,1.0,4.0,129
hiba,62,0.1,M3,23.0,False,0.9375,0.9090909090909091,0.0,1.0,1.0,4.6875,16
hiba,62,0.1,cov-MEL,,,0.96,,,,,,50
hiba,62,0.1,sens-MEL,,,,,,1.0,,,50
hiba,62,0.1,cov-NV,,,1.0,,,,,,126
hiba,62,0.1,cov-BCC,,,0.9142857142857143,,,,,,70
hiba,62,0.1,sens-BCC,,,,,,1.0,,,70
hiba,62,0.1,cov-AK,,,0.5625,,,,,,16
hiba,62,0.1,sens-AK,,,,,,1.0,,,16
hiba,62,0.1,cov-BKL,,,1.0,,,,,,14
hiba,62,0.1,cov-DF,,,0.3333333333333333,,,,,,12
hiba,62,0.1,cov-VASC,,,0.5,,,,,,10
hiba,62,0.1,cov-SCC,,,0.5769230769230769,,,,,,26
hiba,62,0.1,sens-SCC,,,,,,1.0,,,26
hiba,62,0.15,B,169.0,False,0.8888888888888888,0.8043478260869565,,0.9876543209876543,0.998389694041868,3.04320987654321,162
hiba,62,0.15,M1,22.0,False,0.8823529411764706,0.8958333333333334,0.0,1.0,1.0,3.4705882352941178,17
hiba,62,0.15,M2,220.0,False,0.7829457364341085,0.8128070175438596,0.0,1.0,1.0,3.4108527131782944,129
hiba,62,0.15,M3,23.0,False,0.75,0.7878787878787878,0.0,1.0,1.0,2.5625,16
hiba,62,0.15,cov-MEL,,,0.94,,,,,,50
hiba,62,0.15,sens-MEL,,,,,,1.0,,,50
hiba,62,0.15,cov-NV,,,0.9920634920634921,,,,,,126
hiba,62,0.15,cov-BCC,,,0.8285714285714286,,,,,,70
hiba,62,0.15,sens-BCC,,,,,,1.0,,,70
hiba,62,0.15,cov-AK,,,0.5625,,,,,,16
hiba,62,0.15,sens-AK,,,,,,1.0,,,16
hiba,62,0.15,cov-BKL,,,0.9285714285714286,,,,,,14
hiba,62,0.15,cov-DF,,,0.25,,,,,,12
hiba,62,0.15,cov-VASC,,,0.3,,,,,,10
hiba,62,0.15,cov-SCC,,,0.5384615384615384,,,,,,26
hiba,62,0.15,sens-SCC,,,,,,1.0,,,26
pad,62,0.05,B,25.0,False,1.0,1.0,,1.0,1.0,3.823529411764706,17
pad,62,0.05,M1,23.0,False,1.0,1.0,0.0,1.0,1.0,4.121212121212121,33
pad,62,0.05,M2,172.0,False,0.9051094890510949,0.9209621993127148,0.0,1.0,1.0,3.81021897810219,137
pad,62,0.05,M3,70.0,False,0.9743589743589743,0.97,0.0,1.0,1.0,4.17948717948718,78
pad,62,0.05,M4,9.0,True,1.0,1.0,0.0,1.0,1.0,5.5,8
pad,62,0.05,M5,4.0,True,1.0,1.0,0.0,1.0,1.0,6.0,1
pad,62,0.05,cov-MEL,,,0.8461538461538461,,,,,,13
pad,62,0.05,sens-MEL,,,,,,1.0,,,13
pad,62,0.05,cov-NV,,,1.0,,,,,,14
pad,62,0.05,cov-BCC,,,0.9935897435897436,,,,,,156
pad,62,0.05,sens-BCC,,,,,,1.0,,,156
pad,62,0.05,cov-AK,,,0.9642857142857143,,,,,,56
pad,62,0.05,sens-AK,,,,,,1.0,,,56
pad,62,0.05,cov-BKL,,,1.0,,,,,,3
pad,62,0.05,cov-SCC,,,0.6875,,,,,,32
pad,62,0.05,sens-SCC,,,,,,1.0,,,32
pad,62,0.1,B,25.0,False,1.0,1.0,,1.0,1.0,3.4705882352941178,17
pad,62,0.1,M1,23.0,False,0.9090909090909091,0.9558823529411765,0.0,1.0,1.0,3.5757575757575757,33
pad,62,0.1,M2,172.0,False,0.8613138686131386,0.8762886597938144,0.0,1.0,1.0,3.5255474452554743,137
pad,62,0.1,M3,70.0,False,0.9743589743589743,0.97,0.0,1.0,1.0,3.782051282051282,78
pad,62,0.1,M4,9.0,False,1.0,1.0,0.0,1.0,1.0,5.125,8
pad,62,0.1,M5,4.0,True,1.0,1.0,0.0,1.0,1.0,6.0,1
pad,62,0.1,cov-MEL,,,0.7692307692307693,,,,,,13
pad,62,0.1,sens-MEL,,,,,,1.0,,,13
pad,62,0.1,cov-NV,,,1.0,,,,,,14
pad,62,0.1,cov-BCC,,,0.9551282051282052,,,,,,156
pad,62,0.1,sens-BCC,,,,,,1.0,,,156
pad,62,0.1,cov-AK,,,0.9464285714285714,,,,,,56
pad,62,0.1,sens-AK,,,,,,1.0,,,56
pad,62,0.1,cov-BKL,,,1.0,,,,,,3
pad,62,0.1,cov-SCC,,,0.65625,,,,,,32
pad,62,0.1,sens-SCC,,,,,,1.0,,,32
pad,62,0.15,B,25.0,False,1.0,1.0,,1.0,1.0,3.0588235294117645,17
pad,62,0.15,M1,23.0,False,0.9090909090909091,0.9558823529411765,0.0,1.0,1.0,2.878787878787879,33
pad,62,0.15,M2,172.0,False,0.8248175182481752,0.8298969072164949,0.0,1.0,1.0,2.6350364963503647,137
pad,62,0.15,M3,70.0,False,0.9358974358974359,0.9233333333333335,0.0,1.0,1.0,2.8461538461538463,78
pad,62,0.15,M4,9.0,False,1.0,1.0,0.0,1.0,1.0,4.75,8
pad,62,0.15,M5,4.0,True,1.0,1.0,0.0,1.0,1.0,6.0,1
pad,62,0.15,cov-MEL,,,0.6923076923076923,,,,,,13
pad,62,0.15,sens-MEL,,,,,,1.0,,,13
pad,62,0.15,cov-NV,,,1.0,,,,,,14
pad,62,0.15,cov-BCC,,,0.9358974358974359,,,,,,156
pad,62,0.15,sens-BCC,,,,,,1.0,,,156
pad,62,0.15,cov-AK,,,0.9285714285714286,,,,,,56
pad,62,0.15,sens-AK,,,,,,1.0,,,56
pad,62,0.15,cov-BKL,,,1.0,,,,,,3
pad,62,0.15,cov-SCC,,,0.5625,,,,,,32
pad,62,0.15,sens-SCC,,,,,,1.0,,,32
hiba,63,0.05,B,171.0,False,1.0,1.0,,1.0,1.0,6.385365853658537,205
hiba,63,0.05,M1,25.0,False,1.0,1.0,0.0,1.0,1.0,6.647058823529412,17
hiba,63,0.05,M2,217.0,False,0.968,0.9693877551020408,0.0,1.0,1.0,6.752,125
hiba,63,0.05,M3,21.0,False,1.0,1.0,0.0,1.0,1.0,6.866666666666666,15
hiba,63,0.05,cov-MEL,,,0.9811320754716981,,,,,,53
hiba,63,0.05,sens-MEL,,,,,,1.0,,,53
hiba,63,0.05,cov-NV,,,1.0,,,,,,169
hiba,63,0.05,cov-BCC,,,1.0,,,,,,71
hiba,63,0.05,sens-BCC,,,,,,1.0,,,71
hiba,63,0.05,cov-AK,,,1.0,,,,,,8
hiba,63,0.05,sens-AK,,,,,,1.0,,,8
hiba,63,0.05,cov-BKL,,,1.0,,,,,,17
hiba,63,0.05,cov-DF,,,1.0,,,,,,13
hiba,63,0.05,cov-VASC,,,1.0,,,,,,6
hiba,63,0.05,cov-SCC,,,0.88,,,,,,25
hiba,63,0.05,sens-SCC,,,,,,1.0,,,25
hiba,63,0.1,B,171.0,False,0.9512195121951219,0.9054726368159204,,1.0,1.0,4.46829268292683,205
hiba,63,0.1,M1,25.0,False,1.0,1.0,0.0,1.0,1.0,4.823529411764706,17
hiba,63,0.1,M2,217.0,False,0.912,0.9030612244897959,0.0,1.0,1.0,4.232,125
hiba,63,0.1,M3,21.0,False,1.0,1.0,0.0,1.0,1.0,5.133333333333334,15
hiba,63,0.1,cov-MEL,,,0.9622641509433962,,,,,,53
hiba,63,0.1,sens-MEL,,,,,,1.0,,,53
hiba,63,0.1,cov-NV,,,0.9940828402366864,,,,,,169
hiba,63,0.1,cov-BCC,,,0.9577464788732394,,,,,,71
hiba,63,0.1,sens-BCC,,,,,,1.0,,,71
hiba,63,0.1,cov-AK,,,1.0,,,,,,8
hiba,63,0.1,sens-AK,,,,,,1.0,,,8
hiba,63,0.1,cov-BKL,,,1.0,,,,,,17
hiba,63,0.1,cov-DF,,,0.46153846153846156,,,,,,13
hiba,63,0.1,cov-VASC,,,0.6666666666666666,,,,,,6
hiba,63,0.1,cov-SCC,,,0.76,,,,,,25
hiba,63,0.1,sens-SCC,,,,,,1.0,,,25
hiba,63,0.15,B,171.0,False,0.9219512195121952,0.8333333333333333,,0.9951219512195122,0.9991708126036484,3.473170731707317,205
hiba,63,0.15,M1,25.0,False,1.0,1.0,0.0,1.0,1.0,4.117647058823529,17
hiba,63,0.15,M2,217.0,False,0.824,0.8154761904761906,0.0,1.0,1.0,3.48,125
hiba,63,0.15,M3,21.0,False,0.6666666666666666,0.6923076923076923,0.0,1.0,1.0,2.7333333333333334,15
hiba,63,0.15,cov-MEL,,,0.8867924528301887,,,,,,53
hiba,63,0.15,sens-MEL,,,,,,1.0,,,53
hiba,63,0.15,cov-NV,,,0.9940828402366864,,,,,,169
hiba,63,0.15,cov-BCC,,,0.9014084507042254,,,,,,71
hiba,63,0.15,sens-BCC,,,,,,1.0,,,71
hiba,63,0.15,cov-AK,,,0.875,,,,,,8
hiba,63,0.15,sens-AK,,,,,,1.0,,,8
hiba,63,0.15,cov-BKL,,,0.8823529411764706,,,,,,17
hiba,63,0.15,cov-DF,,,0.38461538461538464,,,,,,13
hiba,63,0.15,cov-VASC,,,0.16666666666666666,,,,,,6
hiba,63,0.15,cov-SCC,,,0.48,,,,,,25
hiba,63,0.15,sens-SCC,,,,,,1.0,,,25
pad,63,0.05,B,24.0,False,1.0,1.0,,1.0,1.0,4.055555555555555,18
pad,63,0.05,M1,22.0,False,0.9090909090909091,0.898148148148148,0.0,1.0,1.0,3.5757575757575757,33
pad,63,0.05,M2,150.0,False,0.9352941176470588,0.9481792717086835,0.0,1.0,1.0,4.141176470588236,170
pad,63,0.05,M3,74.0,False,1.0,1.0,0.0,1.0,1.0,4.36231884057971,69
pad,63,0.05,M4,13.0,True,1.0,1.0,0.0,1.0,1.0,5.4,5
pad,63,0.05,M5,4.0,True,1.0,1.0,0.0,1.0,1.0,5.0,1
pad,63,0.05,cov-MEL,,,0.9,,,,,,10
pad,63,0.05,sens-MEL,,,,,,1.0,,,10
pad,63,0.05,cov-NV,,,1.0,,,,,,12
pad,63,0.05,cov-BCC,,,0.9940476190476191,,,,,,168
pad,63,0.05,sens-BCC,,,,,,1.0,,,168
pad,63,0.05,cov-AK,,,0.9180327868852459,,,,,,61
pad,63,0.05,sens-AK,,,,,,1.0,,,61
pad,63,0.05,cov-BKL,,,1.0,,,,,,6
pad,63,0.05,cov-SCC,,,0.8205128205128205,,,,,,39
pad,63,0.05,sens-SCC,,,,,,1.0,,,39
pad,63,0.1,B,24.0,False,1.0,1.0,,1.0,1.0,3.5,18
pad,63,0.1,M1,22.0,False,0.9090909090909091,0.898148148148148,0.0,1.0,1.0,3.242424242424242,33
pad,63,0.1,M2,150.0,False,0.888235294117647,0.8935574229691877,0.0,1.0,1.0,3.5764705882352943,170
pad,63,0.1,M3,74.0,False,0.9855072463768116,0.9891304347826086,0.0,1.0,1.0,3.7971014492753623,69
pad,63,0.1,M4,13.0,False,1.0,1.0,0.0,1.0,1.0,4.8,5
pad,63,0.1,M5,4.0,True,1.0,1.0,0.0,1.0,1.0,5.0,1
pad,63,0.1,cov-MEL,,,0.9,,,,,,10
pad,63,0.1,sens-MEL,,,,,,1.0,,,10
pad,63,0.1,cov-NV,,,1.0,,,,,,12
pad,63,0.1,cov-BCC,,,0.9761904761904762,,,,,,168
pad,63,0.1,sens-BCC,,,,,,1.0,,,168
pad,63,0.1,cov-AK,,,0.9180327868852459,,,,,,61
pad,63,0.1,sens-AK,,,,,,1.0,,,61
pad,63,0.1,cov-BKL,,,1.0,,,,,,6
pad,63,0.1,cov-SCC,,,0.6666666666666666,,,,,,39
pad,63,0.1,sens-SCC,,,,,,1.0,,,39
pad,63,0.15,B,24.0,False,1.0,1.0,,1.0,1.0,2.888888888888889,18
pad,63,0.15,M1,22.0,False,0.8484848484848485,0.8425925925925926,0.0,1.0,1.0,2.4545454545454546,33
pad,63,0.15,M2,150.0,False,0.8470588235294118,0.8494397759103642,0.0,1.0,1.0,2.664705882352941,170
pad,63,0.15,M3,74.0,False,0.8985507246376812,0.8949275362318841,0.0,1.0,1.0,2.753623188405797,69
pad,63,0.15,M4,13.0,False,1.0,1.0,0.0,1.0,1.0,3.6,5
pad,63,0.15,M5,4.0,True,1.0,1.0,0.0,1.0,1.0,5.0,1
pad,63,0.15,cov-MEL,,,0.8,,,,,,10
pad,63,0.15,sens-MEL,,,,,,1.0,,,10
pad,63,0.15,cov-NV,,,1.0,,,,,,12
pad,63,0.15,cov-BCC,,,0.9166666666666666,,,,,,168
pad,63,0.15,sens-BCC,,,,,,1.0,,,168
pad,63,0.15,cov-AK,,,0.9016393442622951,,,,,,61
pad,63,0.15,sens-AK,,,,,,1.0,,,61
pad,63,0.15,cov-BKL,,,1.0,,,,,,6
pad,63,0.15,cov-SCC,,,0.5897435897435898,,,,,,39
pad,63,0.15,sens-SCC,,,,,,1.0,,,39
hiba,64,0.05,B,162.0,False,0.968,0.9473684210526315,,1.0,1.0,5.688,125
hiba,64,0.05,M1,28.0,False,1.0,1.0,0.0,1.0,1.0,6.166666666666667,6
hiba,64,0.05,M2,219.0,False,0.9538461538461539,0.9479166666666666,0.0,1.0,1.0,6.223076923076923,130
hiba,64,0.05,M3,22.0,False,0.42857142857142855,0.4166666666666667,0.0,1.0,1.0,3.9285714285714284,14
hiba,64,0.05,cov-MEL,,,0.9122807017543859,,,,,,57
hiba,64,0.05,sens-MEL,,,,,,1.0,,,57
hiba,64,0.05,cov-NV,,,1.0,,,,,,78
hiba,64,0.05,cov-BCC,,,0.9838709677419355,,,,,,62
hiba,64,0.05,sens-BCC,,,,,,1.0,,,62
hiba,64,0.05,cov-AK,,,0.8,,,,,,5
hiba,64,0.05,sens-AK,,,,,,1.0,,,5
hiba,64,0.05,cov-BKL,,,1.0,,,,,,20
hiba,64,0.05,cov-DF,,,0.75,,,,,,16
hiba,64,0.05,cov-VASC,,,1.0,,,,,,11
hiba,64,0.05,cov-SCC,,,0.7307692307692307,,,,,,26
hiba,64,0.05,sens-SCC,,,,,,1.0,,,26
hiba,64,0.1,B,162.0,False,0.912,0.8739035087719299,,1.0,1.0,4.0,125
hiba,64,0.1,M1,28.0,False,1.0,1.0,0.0,1.0,1.0,4.333333333333333,6
hiba,64,0.1,M2,219.0,False,0.9307692307692308,0.9244791666666666,0.0,1.0,1.0,4.338461538461538,130
hiba,64,0.1,M3,22.0,False,0.35714285714285715,0.3333333333333333,0.0,1.0,1.0,2.9285714285714284,14
hiba,64,0.1,cov-MEL,,,0.8947368421052632,,,,,,57
hiba,64,0.1,sens-MEL,,,,,,1.0,,,57
hiba,64,0.1,cov-NV,,,0.9871794871794872,,,,,,78
hiba,64,0.1,cov-BCC,,,0.9838709677419355,,,,,,62
hiba,64,0.1,sens-BCC,,,,,,1.0,,,62
hiba,64,0.1,cov-AK,,,0.8,,,,,,5
hiba,64,0.1,sens-AK,,,,,,1.0,,,5
hiba,64,0.1,cov-BKL,,,0.95,,,,,,20
hiba,64,0.1,cov-DF,,,0.5625,,,,,,16
hiba,64,0.1,cov-VASC,,,0.8181818181818182,,,,,,11
hiba,64,0.1,cov-SCC,,,0.6153846153846154,,,,,,26
hiba,64,0.1,sens-SCC,,,,,,1.0,,,26
hiba,64,0.15,B,162.0,False,0.872,0.8146929824561404,,1.0,1.0,3.224,125
hiba,64,0.15,M1,28.0,False,1.0,1.0,0.0,1.0,1.0,3.5,6
hiba,64,0.15,M2,219.0,False,0.8692307692307693,0.8645833333333334,0.0,1.0,1.0,3.476923076923077,130
hiba,64,0.15,M3,22.0,False,0.35714285714285715,0.3333333333333333,0.14285714285714285,0.8571428571428571,0.8333333333333334,2.357142857142857,14
hiba,64,0.15,cov-MEL,,,0.8421052631578947,,,,,,57
hiba,64,0.15,sens-MEL,,,,,,0.9824561403508771,,,57
hiba,64,0.15,cov-NV,,,0.9743589743589743,,,,,,78
hiba,64,0.15,cov-BCC,,,0.967741935483871,,,,,,62
hiba,64,0.15,sens-BCC,,,,,,1.0,,,62
hiba,64,0.15,cov-AK,,,0.8,,,,,,5
hiba,64,0.15,sens-AK,,,,,,1.0,,,5
hiba,64,0.15,cov-BKL,,,0.95,,,,,,20
hiba,64,0.15,cov-DF,,,0.5,,,,,,16
hiba,64,0.15,cov-VASC,,,0.5454545454545454,,,,,,11
hiba,64,0.15,cov-SCC,,,0.46153846153846156,,,,,,26
hiba,64,0.15,sens-SCC,,,,,,0.9615384615384616,,,26
pad,64,0.05,B,20.0,False,1.0,1.0,,1.0,1.0,4.428571428571429,21
pad,64,0.05,M1,22.0,False,1.0,1.0,0.0,1.0,1.0,3.9642857142857144,28
pad,64,0.05,M2,163.0,False,0.9171974522292994,0.9310422282120396,0.0,1.0,1.0,4.13375796178344,157
pad,64,0.05,M3,71.0,False,0.987012987012987,0.9795918367346939,0.0,1.0,1.0,4.285714285714286,77
pad,64,0.05,M4,11.0,True,1.0,1.0,0.0,1.0,1.0,5.25,8
pad,64,0.05,M5,4.0,True,1.0,1.0,0.0,1.0,1.0,6.0,1
pad,64,0.05,cov-MEL,,,0.75,,,,,,8
pad,64,0.05,sens-MEL,,,,,,1.0,,,8
pad,64,0.05,cov-NV,,,1.0,,,,,,9
pad,64,0.05,cov-BCC,,,0.9883040935672515,,,,,,171
pad,64,0.05,sens-BCC,,,,,,1.0,,,171
pad,64,0.05,cov-AK,,,0.9464285714285714,,,,,,56
pad,64,0.05,sens-AK,,,,,,1.0,,,56
pad,64,0.05,cov-BKL,,,1.0,,,,,,12
pad,64,0.05,cov-SCC,,,0.8055555555555556,,,,,,36
pad,64,0.05,sens-SCC,,,,,,1.0,,,36
pad,64,0.1,B,20.0,False,1.0,1.0,,1.0,1.0,3.761904761904762,21
pad,64,0.1,M1,22.0,False,1.0,1.0,0.0,1.0,1.0,3.6785714285714284,28
pad,64,0.1,M2,163.0,False,0.8471337579617835,0.859501347708895,0.0,1.0,1.0,3.4904458598726116,157
pad,64,0.1,M3,71.0,False,0.974025974025974,0.9591836734693877,0.0,1.0,1.0,3.74025974025974,77
pad,64,0.1,M4,11.0,False,0.875,0.8333333333333334,0.0,1.0,1.0,4.5,8
pad,64,0.1,M5,4.0,True,1.0,1.0,0.0,1.0,1.0,6.0,1
pad,64,0.1,cov-MEL,,,0.625,,,,,,8
pad,64,0.1,sens-MEL,,,,,,1.0,,,8
pad,64,0.1,cov-NV,,,1.0,,,,,,9
pad,64,0.1,cov-BCC,,,0.9532163742690059,,,,,,171
pad,64,0.1,sens-BCC,,,,,,1.0,,,171
pad,64,0.1,cov-AK,,,0.9285714285714286,,,,,,56
pad,64,0.1,sens-AK,,,,,,1.0,,,56
pad,64,0.1,cov-BKL,,,1.0,,,,,,12
pad,64,0.1,cov-SCC,,,0.6666666666666666,,,,,,36
pad,64,0.1,sens-SCC,,,,,,1.0,,,36
pad,64,0.15,B,20.0,False,0.9523809523809523,0.9473684210526315,,1.0,1.0,3.0952380952380953,21
pad,64,0.15,M1,22.0,False,1.0,1.0,0.0,1.0,1.0,2.9642857142857144,28
pad,64,0.15,M2,163.0,False,0.8089171974522293,0.8251347708894878,0.0,1.0,1.0,2.56687898089172,157
pad,64,0.15,M3,71.0,False,0.935064935064935,0.8979591836734694,0.0,1.0,1.0,2.883116883116883,77
pad,64,0.15,M4,11.0,False,0.875,0.8333333333333334,0.0,1.0,1.0,3.75,8
pad,64,0.15,M5,4.0,True,1.0,1.0,0.0,1.0,1.0,6.0,1
pad,64,0.15,cov-MEL,,,0.625,,,,,,8
pad,64,0.15,sens-MEL,,,,,,1.0,,,8
pad,64,0.15,cov-NV,,,1.0,,,,,,9
pad,64,0.15,cov-BCC,,,0.9298245614035088,,,,,,171
pad,64,0.15,sens-BCC,,,,,,1.0,,,171
pad,64,0.15,cov-AK,,,0.9107142857142857,,,,,,56
pad,64,0.15,sens-AK,,,,,,1.0,,,56
pad,64,0.15,cov-BKL,,,0.9166666666666666,,,,,,12
pad,64,0.15,cov-SCC,,,0.5555555555555556,,,,,,36
pad,64,0.15,sens-SCC,,,,,,1.0,,,36
hiba,65,0.05,B,160.0,False,0.9901477832512315,0.9743589743589743,,1.0,1.0,6.024630541871921,203
hiba,65,0.05,M1,24.0,False,0.9333333333333333,0.9,0.0,1.0,1.0,5.666666666666667,15
hiba,65,0.05,M2,221.0,False,0.9736842105263158,0.973404255319149,0.0,1.0,1.0,6.543859649122807,114
hiba,65,0.05,M3,24.0,False,1.0,1.0,0.0,1.0,1.0,6.357142857142857,14
hiba,65,0.05,cov-MEL,,,1.0,,,,,,58
hiba,65,0.05,sens-MEL,,,,,,1.0,,,58
hiba,65,0.05,cov-NV,,,1.0,,,,,,171
hiba,65,0.05,cov-BCC,,,0.9807692307692307,,,,,,52
hiba,65,0.05,sens-BCC,,,,,,1.0,,,52
hiba,65,0.05,cov-AK,,,1.0,,,,,,9
hiba,65,0.05,sens-AK,,,,,,1.0,,,9
hiba,65,0.05,cov-BKL,,,1.0,,,,,,16
hiba,65,0.05,cov-DF,,,0.5,,,,,,4
hiba,65,0.05,cov-VASC,,,1.0,,,,,,12
hiba,65,0.05,cov-SCC,,,0.875,,,,,,24
hiba,65,0.05,sens-SCC,,,,,,1.0,,,24
hiba,65,0.1,B,160.0,False,0.9655172413793104,0.9380341880341879,,1.0,1.0,4.684729064039409,203
hiba,65,0.1,M1,24.0,False,0.8666666666666667,0.8,0.0,1.0,1.0,4.8,15
hiba,65,0.1,M2,221.0,False,0.9473684210526315,0.9468085106382979,0.0,1.0,1.0,4.780701754385965,114
hiba,65,0.1,M3,24.0,False,1.0,1.0,0.0,1.0,1.0,5.142857142857143,14
hiba,65,0.1,cov-MEL,,,1.0,,,,,,58
hiba,65,0.1,sens-MEL,,,,,,1.0,,,58
hiba,65,0.1,cov-NV,,,0.9941520467836257,,,,,,171
hiba,65,0.1,cov-BCC,,,0.9615384615384616,,,,,,52
hiba,65,0.1,sens-BCC,,,,,,1.0,,,52
hiba,65,0.1,cov-AK,,,0.8888888888888888,,,,,,9
hiba,65,0.1,sens-AK,,,,,,1.0,,,9
hiba,65,0.1,cov-BKL,,,1.0,,,,,,16
hiba,65,0.1,cov-DF,,,0.25,,,,,,4
hiba,65,0.1,cov-VASC,,,0.75,,,,,,12
hiba,65,0.1,cov-SCC,,,0.7916666666666666,,,,,,24
hiba,65,0.1,sens-SCC,,,,,,1.0,,,24
hiba,65,0.15,B,160.0,False,0.9556650246305419,0.9123931623931623,,1.0,1.0,3.6403940886699506,203
hiba,65,0.15,M1,24.0,False,0.8666666666666667,0.8,0.0,1.0,1.0,3.933333333333333,15
hiba,65,0.15,M2,221.0,False,0.8771929824561403,0.8812056737588654,0.0,1.0,1.0,3.7719298245614037,114
hiba,65,0.15,M3,24.0,False,1.0,1.0,0.0,1.0,1.0,4.5,14
hiba,65,0.15,cov-MEL,,,0.9655172413793104,,,,,,58
hiba,65,0.15,sens-MEL,,,,,,1.0,,,58
hiba,65,0.15,cov-NV,,,0.9941520467836257,,,,,,171
hiba,65,0.15,cov-BCC,,,0.9038461538461539,,,,,,52
hiba,65,0.15,sens-BCC,,,,,,1.0,,,52
hiba,65,0.15,cov-AK,,,0.8888888888888888,,,,,,9
hiba,65,0.15,sens-AK,,,,,,1.0,,,9
hiba,65,0.15,cov-BKL,,,1.0,,,,,,16
hiba,65,0.15,cov-DF,,,0.0,,,,,,4
hiba,65,0.15,cov-VASC,,,0.6666666666666666,,,,,,12
hiba,65,0.15,cov-SCC,,,0.6666666666666666,,,,,,24
hiba,65,0.15,sens-SCC,,,,,,1.0,,,24
pad,65,0.05,B,21.0,False,0.8947368421052632,0.8888888888888888,,1.0,1.0,4.052631578947368,19
pad,65,0.05,M1,25.0,False,0.96,0.9777777777777777,0.0,1.0,1.0,3.44,25
pad,65,0.05,M2,159.0,False,0.94375,0.956060606060606,0.0,1.0,1.0,3.56875,160
pad,65,0.05,M3,70.0,False,0.9868421052631579,0.98,0.0,1.0,1.0,3.723684210526316,76
pad,65,0.05,M4,8.0,True,1.0,1.0,0.0,1.0,1.0,4.8,10
pad,65,0.05,M5,4.0,True,1.0,1.0,0.0,1.0,1.0,4.0,2
pad,65,0.05,cov-MEL,,,0.9166666666666666,,,,,,12
pad,65,0.05,sens-MEL,,,,,,1.0,,,12
pad,65,0.05,cov-NV,,,0.9090909090909091,,,,,,11
pad,65,0.05,cov-BCC,,,1.0,,,,,,155
pad,65,0.05,sens-BCC,,,,,,1.0,,,155
pad,65,0.05,cov-AK,,,0.9571428571428572,,,,,,70
pad,65,0.05,sens-AK,,,,,,1.0,,,70
pad,65,0.05,cov-BKL,,,0.875,,,,,,8
pad,65,0.05,cov-SCC,,,0.8055555555555556,,,,,,36
pad,65,0.05,sens-SCC,,,,,,1.0,,,36
pad,65,0.1,B,21.0,False,0.8421052631578947,0.8333333333333334,,1.0,1.0,3.3157894736842106,19
pad,65,0.1,M1,25.0,False,0.96,0.9777777777777777,0.0,1.0,1.0,2.84,25
pad,65,0.1,M2,159.0,False,0.88125,0.893939393939394,0.0,1.0,1.0,2.65,160
pad,65,0.1,M3,70.0,False,0.881578947368421,0.855,0.0,1.0,1.0,2.473684210526316,76
pad,65,0.1,M4,8.0,True,1.0,1.0,0.0,1.0,1.0,4.6,10
pad,65,0.1,M5,4.0,True,1.0,1.0,0.0,1.0,1.0,4.0,2
pad,65,0.1,cov-MEL,,,0.75,,,,,,12
pad,65,0.1,sens-MEL,,,,,,1.0,,,12
pad,65,0.1,cov-NV,,,0.8181818181818182,,,,,,11
pad,65,0.1,cov-BCC,,,0.9548387096774194,,,,,,155
pad,65,0.1,sens-BCC,,,,,,1.0,,,155
pad,65,0.1,cov-AK,,,0.9285714285714286,,,,,,70
pad,65,0.1,sens-AK,,,,,,1.0,,,70
pad,65,0.1,cov-BKL,,,0.875,,,,,,8
pad,65,0.1,cov-SCC,,,0.6111111111111112,,,,,,36
pad,65,0.1,sens-SCC,,,,,,1.0,,,36
pad,65,0.15,B,21.0,False,0.8421052631578947,0.8333333333333334,,1.0,1.0,2.4210526315789473,19
pad,65,0.15,M1,25.0,False,0.92,0.961111111111111,0.0,1.0,1.0,2.6,25
pad,65,0.15,M2,159.0,False,0.8125,0.8227272727272728,0.0,1.0,1.0,2.14375,160
pad,65,0.15,M3,70.0,False,0.8157894736842105,0.8,0.0,1.0,1.0,2.0526315789473686,76
pad,65,0.15,M4,8.0,False,0.8,0.7777777777777778,0.0,1.0,1.0,2.8,10
pad,65,0.15,M5,4.0,True,1.0,1.0,0.0,1.0,1.0,4.0,2
pad,65,0.15,cov-MEL,,,0.5833333333333334,,,,,,12
pad,65,0.15,sens-MEL,,,,,,1.0,,,12
pad,65,0.15,cov-NV,,,0.8181818181818182,,,,,,11
pad,65,0.15,cov-BCC,,,0.9032258064516129,,,,,,155
pad,65,0.15,sens-BCC,,,,,,1.0,,,155
pad,65,0.15,cov-AK,,,0.8714285714285714,,,,,,70
pad,65,0.15,sens-AK,,,,,,1.0,,,70
pad,65,0.15,cov-BKL,,,0.875,,,,,,8
pad,65,0.15,cov-SCC,,,0.4722222222222222,,,,,,36
pad,65,0.15,sens-SCC,,,,,,1.0,,,36
hiba,66,0.05,B,172.0,False,0.9789473684210527,0.9583333333333334,,1.0,1.0,5.668421052631579,190
hiba,66,0.05,M1,28.0,False,1.0,1.0,0.0,1.0,1.0,5.833333333333333,6
hiba,66,0.05,M2,209.0,False,0.9632352941176471,0.9740566037735849,0.0,1.0,1.0,6.580882352941177,136
hiba,66,0.05,M3,24.0,False,0.8,0.8,0.0,1.0,1.0,6.0,10
hiba,66,0.05,cov-MEL,,,1.0,,,,,,52
hiba,66,0.05,sens-MEL,,,,,,1.0,,,52
hiba,66,0.05,cov-NV,,,1.0,,,,,,155
hiba,66,0.05,cov-BCC,,,0.9830508474576272,,,,,,59
hiba,66,0.05,sens-BCC,,,,,,1.0,,,59
hiba,66,0.05,cov-AK,,,0.7647058823529411,,,,,,17
hiba,66,0.05,sens-AK,,,,,,1.0,,,17
hiba,66,0.05,cov-BKL,,,1.0,,,,,,14
hiba,66,0.05,cov-DF,,,0.6666666666666666,,,,,,9
hiba,66,0.05,cov-VASC,,,0.9166666666666666,,,,,,12
hiba,66,0.05,cov-SCC,,,0.9166666666666666,,,,,,24
hiba,66,0.05,sens-SCC,,,,,,1.0,,,24
hiba,66,0.1,B,172.0,False,0.9210526315789473,0.8434343434343435,,1.0,1.0,3.836842105263158,190
hiba,66,0.1,M1,28.0,False,1.0,1.0,0.0,1.0,1.0,4.333333333333333,6
hiba,66,0.1,M2,209.0,False,0.9264705882352942,0.9386792452830188,0.0,1.0,1.0,4.25,136
hiba,66,0.1,M3,24.0,False,0.8,0.8,0.0,1.0,1.0,3.6,10
hiba,66,0.1,cov-MEL,,,0.9807692307692307,,,,,,52
hiba,66,0.1,sens-MEL,,,,,,1.0,,,52
hiba,66,0.1,cov-NV,,,0.9806451612903225,,,,,,155
hiba,66,0.1,cov-BCC,,,0.9661016949152542,,,,,,59
hiba,66,0.1,sens-BCC,,,,,,1.0,,,59
hiba,66,0.1,cov-AK,,,0.6470588235294118,,,,,,17
hiba,66,0.1,sens-AK,,,,,,1.0,,,17
hiba,66,0.1,cov-BKL,,,1.0,,,,,,14
hiba,66,0.1,cov-DF,,,0.3333333333333333,,,,,,9
hiba,66,0.1,cov-VASC,,,0.5,,,,,,12
hiba,66,0.1,cov-SCC,,,0.875,,,,,,24
hiba,66,0.1,sens-SCC,,,,,,1.0,,,24
hiba,66,0.15,B,172.0,False,0.9,0.797979797979798,,1.0,1.0,3.263157894736842,190
hiba,66,0.15,M1,28.0,False,1.0,1.0,0.0,1.0,1.0,3.5,6
hiba,66,0.15,M2,209.0,False,0.8676470588235294,0.886006289308176,0.0,1.0,1.0,3.4926470588235294,136
hiba,66,0.15,M3,24.0,False,0.8,0.8,0.0,1.0,1.0,3.1,10
hiba,66,0.15,cov-MEL,,,0.9615384615384616,,,,,,52
hiba,66,0.15,sens-MEL,,,,,,1.0,,,52
hiba,66,0.15,cov-NV,,,0.9741935483870968,,,,,,155
hiba,66,0.15,cov-BCC,,,0.9322033898305084,,,,,,59
hiba,66,0.15,sens-BCC,,,,,,1.0,,,59
hiba,66,0.15,cov-AK,,,0.5882352941176471,,,,,,17
hiba,66,0.15,sens-AK,,,,,,1.0,,,17
hiba,66,0.15,cov-BKL,,,0.9285714285714286,,,,,,14
hiba,66,0.15,cov-DF,,,0.3333333333333333,,,,,,9
hiba,66,0.15,cov-VASC,,,0.3333333333333333,,,,,,12
hiba,66,0.15,cov-SCC,,,0.7083333333333334,,,,,,24
hiba,66,0.15,sens-SCC,,,,,,1.0,,,24
pad,66,0.05,B,26.0,False,1.0,1.0,,1.0,1.0,4.0,15
pad,66,0.05,M1,22.0,False,1.0,1.0,0.0,1.0,1.0,3.9655172413793105,29
pad,66,0.05,M2,156.0,False,0.9337349397590361,0.9380530973451328,0.0,1.0,1.0,4.162650602409639,166
pad,66,0.05,M3,80.0,False,0.9814814814814815,0.975,0.0,1.0,1.0,4.222222222222222,54
pad,66,0.05,M4,11.0,True,1.0,1.0,0.0,1.0,1.0,5.428571428571429,7
pad,66,0.05,M5,3.0,True,1.0,1.0,0.0,1.0,1.0,5.0,3
pad,66,0.05,cov-MEL,,,1.0,,,,,,10
pad,66,0.05,sens-MEL,,,,,,1.0,,,10
pad,66,0.05,cov-NV,,,1.0,,,,,,10
pad,66,0.05,cov-BCC,,,0.993421052631579,,,,,,152
pad,66,0.05,sens-BCC,,,,,,1.0,,,152
pad,66,0.05,cov-AK,,,0.9285714285714286,,,,,,56
pad,66,0.05,sens-AK,,,,,,1.0,,,56
pad,66,0.05,cov-BKL,,,1.0,,,,,,5
pad,66,0.05,cov-SCC,,,0.8292682926829268,,,,,,41
pad,66,0.05,sens-SCC,,,,,,1.0,,,41
pad,66,0.1,B,26.0,False,0.9333333333333333,0.9230769230769231,,1.0,1.0,3.0,15
pad,66,0.1,M1,22.0,False,0.896551724137931,0.9444444444444444,0.0,1.0,1.0,2.9310344827586206,29
pad,66,0.1,M2,156.0,False,0.8855421686746988,0.8974926253687315,0.0,1.0,1.0,2.9457831325301207,166
pad,66,0.1,M3,80.0,False,0.9074074074074074,0.8875,0.0,1.0,1.0,2.888888888888889,54
pad,66,0.1,M4,11.0,False,0.8571428571428571,0.8333333333333334,0.0,1.0,1.0,4.0,7
pad,66,0.1,M5,3.0,True,1.0,1.0,0.0,1.0,1.0,4.333333333333333,3
pad,66,0.1,cov-MEL,,,1.0,,,,,,10
pad,66,0.1,sens-MEL,,,,,,1.0,,,10
pad,66,0.1,cov-NV,,,1.0,,,,,,10
pad,66,0.1,cov-BCC,,,0.9671052631578947,,,,,,152
pad,66,0.1,sens-BCC,,,,,,1.0,,,152
pad,66,0.1,cov-AK,,,0.9285714285714286,,,,,,56
pad,66,0.1,sens-AK,,,,,,1.0,,,56
pad,66,0.1,cov-BKL,,,0.8,,,,,,5
pad,66,0.1,cov-SCC,,,0.5365853658536586,,,,,,41
pad,66,0.1,sens-SCC,,,,,,1.0,,,41
pad,66,0.15,B,26.0,False,0.9333333333333333,0.9230769230769231,,1.0,1.0,2.533333333333333,15
pad,66,0.15,M1,22.0,False,0.896551724137931,0.9444444444444444,0.0,1.0,1.0,2.413793103448276,29
pad,66,0.15,M2,156.0,False,0.8554216867469879,0.8738938053097345,0.0,1.0,1.0,2.5240963855421685,166
pad,66,0.15,M3,80.0,False,0.8518518518518519,0.85,0.0,1.0,1.0,2.314814814814815,54
pad,66,0.15,M4,11.0,False,0.8571428571428571,0.8333333333333334,0.0,1.0,1.0,3.857142857142857,7
pad,66,0.15,M5,3.0,True,1.0,1.0,0.0,1.0,1.0,4.0,3
pad,66,0.15,cov-MEL,,,0.9,,,,,,10
pad,66,0.15,sens-MEL,,,,,,1.0,,,10
pad,66,0.15,cov-NV,,,1.0,,,,,,10
pad,66,0.15,cov-BCC,,,0.9407894736842105,,,,,,152
pad,66,0.15,sens-BCC,,,,,,1.0,,,152
pad,66,0.15,cov-AK,,,0.9107142857142857,,,,,,56
pad,66,0.15,sens-AK,,,,,,1.0,,,56
pad,66,0.15,cov-BKL,,,0.8,,,,,,5
pad,66,0.15,cov-SCC,,,0.4878048780487805,,,,,,41
pad,66,0.15,sens-SCC,,,,,,1.0,,,41
hiba,67,0.05,B,180.0,False,0.9603960396039604,0.9482758620689655,,1.0,1.0,6.158415841584159,101
hiba,67,0.05,M1,19.0,False,1.0,1.0,0.0,1.0,1.0,6.285714285714286,28
hiba,67,0.05,M2,221.0,False,0.9838709677419355,0.9893617021276596,0.0,1.0,1.0,6.524193548387097,124
hiba,67,0.05,M3,20.0,False,1.0,1.0,0.0,1.0,1.0,6.6,15
hiba,67,0.05,cov-MEL,,,0.9807692307692307,,,,,,52
hiba,67,0.05,sens-MEL,,,,,,1.0,,,52
hiba,67,0.05,cov-NV,,,1.0,,,,,,70
hiba,67,0.05,cov-BCC,,,1.0,,,,,,77
hiba,67,0.05,sens-BCC,,,,,,1.0,,,77
hiba,67,0.05,cov-AK,,,1.0,,,,,,7
hiba,67,0.05,sens-AK,,,,,,1.0,,,7
hiba,67,0.05,cov-BKL,,,1.0,,,,,,10
hiba,67,0.05,cov-DF,,,0.6923076923076923,,,,,,13
hiba,67,0.05,cov-VASC,,,1.0,,,,,,8
hiba,67,0.05,cov-SCC,,,0.967741935483871,,,,,,31
hiba,67,0.05,sens-SCC,,,,,,1.0,,,31
hiba,67,0.1,B,180.0,False,0.8910891089108911,0.8620689655172413,,1.0,1.0,4.217821782178218,101
hiba,67,0.1,M1,19.0,False,1.0,1.0,0.0,1.0,1.0,4.607142857142857,28
hiba,67,0.1,M2,221.0,False,0.9516129032258065,0.9521276595744681,0.0,1.0,1.0,4.395161290322581,124
hiba,67,0.1,M3,20.0,False,0.8666666666666667,0.8571428571428571,0.0,1.0,1.0,3.6666666666666665,15
hiba,67,0.1,cov-MEL,,,0.9807692307692307,,,,,,52
hiba,67,0.1,sens-MEL,,,,,,1.0,,,52
hiba,67,0.1,cov-NV,,,0.9857142857142858,,,,,,70
hiba,67,0.1,cov-BCC,,,0.987012987012987,,,,,,77
hiba,67,0.1,sens-BCC,,,,,,1.0,,,77
hiba,67,0.1,cov-AK,,,1.0,,,,,,7
hiba,67,0.1,sens-AK,,,,,,1.0,,,7
hiba,67,0.1,cov-BKL,,,1.0,,,,,,10
hiba,67,0.1,cov-DF,,,0.3076923076923077,,,,,,13
hiba,67,0.1,cov-VASC,,,0.875,,,,,,8
hiba,67,0.1,cov-SCC,,,0.8064516129032258,,,,,,31
hiba,67,0.1,sens-SCC,,,,,,1.0,,,31
hiba,67,0.15,B,180.0,False,0.8217821782178217,0.7614942528735633,,1.0,1.0,3.1485148514851486,101
hiba,67,0.15,M1,19.0,False,0.9642857142857143,0.9833333333333333,0.0,1.0,1.0,3.5357142857142856,28
hiba,67,0.15,M2,221.0,False,0.8951612903225806,0.8953900709219859,0.0,1.0,1.0,3.411290322580645,124
hiba,67,0.15,M3,20.0,False,0.8666666666666667,0.8571428571428571,0.0,1.0,1.0,2.7333333333333334,15
hiba,67,0.15,cov-MEL,,,0.9038461538461539,,,,,,52
hiba,67,0.15,sens-MEL,,,,,,1.0,,,52
hiba,67,0.15,cov-NV,,,0.9571428571428572,,,,,,70
hiba,67,0.15,cov-BCC,,,0.961038961038961,,,,,,77
hiba,67,0.15,sens-BCC,,,,,,1.0,,,77
hiba,67,0.15,cov-AK,,,0.8571428571428571,,,,,,7
hiba,67,0.15,sens-AK,,,,,,1.0,,,7
hiba,67,0.15,cov-BKL,,,0.8,,,,,,10
hiba,67,0.15,cov-DF,,,0.3076923076923077,,,,,,13
hiba,67,0.15,cov-VASC,,,0.5,,,,,,8
hiba,67,0.15,cov-SCC,,,0.7741935483870968,,,,,,31
hiba,67,0.15,sens-SCC,,,,,,1.0,,,31
pad,67,0.05,B,27.0,False,0.9230769230769231,0.9166666666666666,,1.0,1.0,4.615384615384615,13
pad,67,0.05,M1,21.0,False,0.9696969696969697,0.9824561403508772,0.0,1.0,1.0,4.0606060606060606,33
pad,67,0.05,M2,169.0,False,0.9236111111111112,0.9283333333333335,0.0,1.0,1.0,4.041666666666667,144
pad,67,0.05,M3,67.0,False,0.9875,0.9811320754716981,0.0,1.0,1.0,4.2625,80
pad,67,0.05,M4,8.0,True,1.0,1.0,0.0,1.0,1.0,5.2,10
pad,67,0.05,M5,2.0,True,1.0,1.0,0.0,1.0,1.0,5.25,4
pad,67,0.05,cov-MEL,,,1.0,,,,,,4
pad,67,0.05,sens-MEL,,,,,,1.0,,,4
pad,67,0.05,cov-NV,,,0.8571428571428571,,,,,,7
pad,67,0.05,cov-BCC,,,0.9939393939393939,,,,,,165
pad,67,0.05,sens-BCC,,,,,,1.0,,,165
pad,67,0.05,cov-AK,,,0.8970588235294118,,,,,,68
pad,67,0.05,sens-AK,,,,,,1.0,,,68
pad,67,0.05,cov-BKL,,,1.0,,,,,,6
pad,67,0.05,cov-SCC,,,0.8529411764705882,,,,,,34
pad,67,0.05,sens-SCC,,,,,,1.0,,,34
pad,67,0.1,B,27.0,False,0.9230769230769231,0.9166666666666666,,1.0,1.0,3.769230769230769,13
pad,67,0.1,M1,21.0,False,0.8484848484848485,0.9166666666666667,0.0,1.0,1.0,2.9696969696969697,33
pad,67,0.1,M2,169.0,False,0.8888888888888888,0.8933333333333334,0.0,1.0,1.0,3.0,144
pad,67,0.1,M3,67.0,False,0.95,0.9339622641509434,0.0,1.0,1.0,3.175,80
pad,67,0.1,M4,8.0,True,1.0,1.0,0.0,1.0,1.0,4.6,10
pad,67,0.1,M5,2.0,True,1.0,1.0,0.0,1.0,1.0,4.5,4
pad,67,0.1,cov-MEL,,,1.0,,,,,,4
pad,67,0.1,sens-MEL,,,,,,1.0,,,4
pad,67,0.1,cov-NV,,,0.8571428571428571,,,,,,7
pad,67,0.1,cov-BCC,,,0.9696969696969697,,,,,,165
pad,67,0.1,sens-BCC,,,,,,1.0,,,165
pad,67,0.1,cov-AK,,,0.8823529411764706,,,,,,68
pad,67,0.1,sens-AK,,,,,,1.0,,,68
pad,67,0.1,cov-BKL,,,1.0,,,,,,6
pad,67,0.1,cov-SCC,,,0.6470588235294118,,,,,,34
pad,67,0.1,sens-SCC,,,,,,1.0,,,34
pad,67,0.15,B,27.0,False,0.9230769230769231,0.9166666666666666,,1.0,1.0,3.076923076923077,13
pad,67,0.15,M1,21.0,False,0.8484848484848485,0.9166666666666667,0.0,1.0,1.0,2.4545454545454546,33
pad,67,0.15,M2,169.0,False,0.8333333333333334,0.8308333333333334,0.0,1.0,1.0,2.3819444444444446,144
pad,67,0.15,M3,67.0,False,0.7375,0.7154088050314467,0.0,1.0,1.0,2.0125,80
pad,67,0.15,M4,8.0,False,1.0,1.0,0.0,1.0,1.0,4.0,10
pad,67,0.15,M5,2.0,True,1.0,1.0,0.0,1.0,1.0,4.5,4
pad,67,0.15,cov-MEL,,,1.0,,,,,,4
pad,67,0.15,sens-MEL,,,,,,1.0,,,4
pad,67,0.15,cov-NV,,,0.8571428571428571,,,,,,7
pad,67,0.15,cov-BCC,,,0.8666666666666667,,,,,,165
pad,67,0.15,sens-BCC,,,,,,1.0,,,165
pad,67,0.15,cov-AK,,,0.8235294117647058,,,,,,68
pad,67,0.15,sens-AK,,,,,,1.0,,,68
pad,67,0.15,cov-BKL,,,1.0,,,,,,6
pad,67,0.15,cov-SCC,,,0.5294117647058824,,,,,,34
pad,67,0.15,sens-SCC,,,,,,1.0,,,34
hiba,68,0.05,B,171.0,False,0.96875,0.9328358208955224,,1.0,1.0,6.04375,160
hiba,68,0.05,M1,25.0,False,0.9473684210526315,0.8888888888888888,0.0,1.0,1.0,5.7894736842105265,19
hiba,68,0.05,M2,217.0,False,0.9534883720930233,0.9438775510204082,0.0,1.0,1.0,6.488372093023256,129
hiba,68,0.05,M3,23.0,False,1.0,1.0,0.0,1.0,1.0,6.666666666666667,18
hiba,68,0.05,cov-MEL,,,1.0,,,,,,45
hiba,68,0.05,sens-MEL,,,,,,1.0,,,45
hiba,68,0.05,cov-NV,,,1.0,,,,,,126
hiba,68,0.05,cov-BCC,,,0.9866666666666667,,,,,,75
hiba,68,0.05,sens-BCC,,,,,,1.0,,,75
hiba,68,0.05,cov-AK,,,0.9166666666666666,,,,,,12
hiba,68,0.05,sens-AK,,,,,,1.0,,,12
hiba,68,0.05,cov-BKL,,,1.0,,,,,,12
hiba,68,0.05,cov-DF,,,0.7333333333333333,,,,,,15
hiba,68,0.05,cov-VASC,,,0.8571428571428571,,,,,,7
hiba,68,0.05,cov-SCC,,,0.8529411764705882,,,,,,34
hiba,68,0.05,sens-SCC,,,,,,1.0,,,34
hiba,68,0.1,B,171.0,False,0.95625,0.9029850746268657,,1.0,1.0,4.4875,160
hiba,68,0.1,M1,25.0,False,0.9473684210526315,0.8888888888888888,0.0,1.0,1.0,4.315789473684211,19
hiba,68,0.1,M2,217.0,False,0.8914728682170543,0.8857142857142857,0.0,1.0,1.0,4.069767441860465,129
hiba,68,0.1,M3,23.0,False,1.0,1.0,0.0,1.0,1.0,5.166666666666667,18
hiba,68,0.1,cov-MEL,,,0.9777777777777777,,,,,,45
hiba,68,0.1,sens-MEL,,,,,,1.0,,,45
hiba,68,0.1,cov-NV,,,1.0,,,,,,126
hiba,68,0.1,cov-BCC,,,0.9733333333333334,,,,,,75
hiba,68,0.1,sens-BCC,,,,,,1.0,,,75
hiba,68,0.1,cov-AK,,,0.9166666666666666,,,,,,12
hiba,68,0.1,sens-AK,,,,,,1.0,,,12
hiba,68,0.1,cov-BKL,,,1.0,,,,,,12
hiba,68,0.1,cov-DF,,,0.6,,,,,,15
hiba,68,0.1,cov-VASC,,,0.8571428571428571,,,,,,7
hiba,68,0.1,cov-SCC,,,0.6764705882352942,,,,,,34
hiba,68,0.1,sens-SCC,,,,,,1.0,,,34
hiba,68,0.15,B,171.0,False,0.9375,0.8582089552238806,,1.0,1.0,3.93125,160
hiba,68,0.15,M1,25.0,False,0.8947368421052632,0.8518518518518519,0.0,1.0,1.0,3.736842105263158,19
hiba,68,0.15,M2,217.0,False,0.8062015503875969,0.801530612244898,0.0,1.0,1.0,3.4573643410852712,129
hiba,68,0.15,M3,23.0,False,1.0,1.0,0.0,1.0,1.0,4.166666666666667,18
hiba,68,0.15,cov-MEL,,,0.9555555555555556,,,,,,45
hiba,68,0.15,sens-MEL,,,,,,1.0,,,45
hiba,68,0.15,cov-NV,,,0.9841269841269841,,,,,,126
hiba,68,0.15,cov-BCC,,,0.8933333333333333,,,,,,75
hiba,68,0.15,sens-BCC,,,,,,1.0,,,75
hiba,68,0.15,cov-AK,,,0.8333333333333334,,,,,,12
hiba,68,0.15,sens-AK,,,,,,1.0,,,12
hiba,68,0.15,cov-BKL,,,1.0,,,,,,12
hiba,68,0.15,cov-DF,,,0.5333333333333333,,,,,,15
hiba,68,0.15,cov-VASC,,,0.8571428571428571,,,,,,7
hiba,68,0.15,cov-SCC,,,0.5588235294117647,,,,,,34
hiba,68,0.15,sens-SCC,,,,,,1.0,,,34
pad,68,0.05,B,16.0,True,1.0,1.0,,1.0,1.0,6.08,25
pad,68,0.05,M1,22.0,False,0.7857142857142857,0.8148148148148148,0.0,1.0,1.0,6.142857142857143,28
pad,68,0.05,M2,163.0,False,0.9363057324840764,0.9355345911949685,0.0,1.0,1.0,6.54140127388535,157
pad,68,0.05,M3,76.0,False,1.0,1.0,0.0,1.0,1.0,7.1,70
pad,68,0.05,M4,12.0,True,1.0,1.0,0.0,1.0,1.0,8.0,5
pad,68,0.05,M5,3.0,True,1.0,1.0,0.0,1.0,1.0,8.0,3
pad,68,0.05,cov-MEL,,,1.0,,,,,,13
pad,68,0.05,sens-MEL,,,,,,1.0,,,13
pad,68,0.05,cov-NV,,,1.0,,,,,,16
pad,68,0.05,cov-BCC,,,0.971830985915493,,,,,,142
pad,68,0.05,sens-BCC,,,,,,1.0,,,142
pad,68,0.05,cov-AK,,,0.958904109589041,,,,,,73
pad,68,0.05,sens-AK,,,,,,1.0,,,73
pad,68,0.05,cov-BKL,,,1.0,,,,,,9
pad,68,0.05,cov-SCC,,,0.7428571428571429,,,,,,35
pad,68,0.05,sens-SCC,,,,,,1.0,,,35
pad,68,0.1,B,16.0,False,0.96,0.9565217391304348,,1.0,1.0,3.48,25
pad,68,0.1,M1,22.0,False,0.75,0.787037037037037,0.0,1.0,1.0,3.0,28
pad,68,0.1,M2,163.0,False,0.8853503184713376,0.8891509433962265,0.0,1.0,1.0,3.43312101910828,157
pad,68,0.1,M3,76.0,False,1.0,1.0,0.0,1.0,1.0,3.7,70
pad,68,0.1,M4,12.0,False,0.6,0.6,0.0,1.0,1.0,3.8,5
pad,68,0.1,M5,3.0,True,1.0,1.0,0.0,1.0,1.0,5.0,3
pad,68,0.1,cov-MEL,,,0.9230769230769231,,,,,,13
pad,68,0.1,sens-MEL,,,,,,1.0,,,13
pad,68,0.1,cov-NV,,,0.9375,,,,,,16
pad,68,0.1,cov-BCC,,,0.9366197183098591,,,,,,142
pad,68,0.1,sens-BCC,,,,,,1.0,,,142
pad,68,0.1,cov-AK,,,0.9452054794520548,,,,,,73
pad,68,0.1,sens-AK,,,,,,1.0,,,73
pad,68,0.1,cov-BKL,,,1.0,,,,,,9
pad,68,0.1,cov-SCC,,,0.6285714285714286,,,,,,35
pad,68,0.1,sens-SCC,,,,,,1.0,,,35
pad,68,0.15,B,16.0,False,0.84,0.8260869565217391,,1.0,1.0,2.4,25
pad,68,0.15,M1,22.0,False,0.75,0.787037037037037,0.0,1.0,1.0,2.0714285714285716,28
pad,68,0.15,M2,163.0,False,0.8280254777070064,0.813679245283019,0.0,1.0,1.0,2.1146496815286624,157
pad,68,0.15,M3,76.0,False,0.9285714285714286,0.9299242424242425,0.0,1.0,1.0,2.3142857142857145,70
pad,68,0.15,M4,12.0,False,0.6,0.6,0.0,1.0,1.0,2.6,5
pad,68,0.15,M5,3.0,True,1.0,1.0,0.0,1.0,1.0,4.0,3
pad,68,0.15,cov-MEL,,,0.6153846153846154,,,,,,13
pad,68,0.15,sens-MEL,,,,,,1.0,,,13
pad,68,0.15,cov-NV,,,0.8125,,,,,,16
pad,68,0.15,cov-BCC,,,0.9084507042253521,,,,,,142
pad,68,0.15,sens-BCC,,,,,,1.0,,,142
pad,68,0.15,cov-AK,,,0.9041095890410958,,,,,,73
pad,68,0.15,sens-AK,,,,,,1.0,,,73
pad,68,0.15,cov-BKL,,,0.8888888888888888,,,,,,9
pad,68,0.15,cov-SCC,,,0.5428571428571428,,,,,,35
pad,68,0.15,sens-SCC,,,,,,1.0,,,35
hiba,69,0.05,B,160.0,False,0.995475113122172,0.9871794871794872,,1.0,1.0,6.180995475113122,221
hiba,69,0.05,M1,19.0,False,1.0,1.0,0.0,1.0,1.0,6.666666666666667,27
hiba,69,0.05,M2,227.0,False,0.9568965517241379,0.9545454545454546,0.0,1.0,1.0,6.672413793103448,116
hiba,69,0.05,M3,25.0,False,1.0,1.0,0.0,1.0,1.0,6.933333333333334,15
hiba,69,0.05,cov-MEL,,,0.9807692307692307,,,,,,52
hiba,69,0.05,sens-MEL,,,,,,1.0,,,52
hiba,69,0.05,cov-NV,,,1.0,,,,,,189
hiba,69,0.05,cov-BCC,,,1.0,,,,,,71
hiba,69,0.05,sens-BCC,,,,,,1.0,,,71
hiba,69,0.05,cov-AK,,,0.9333333333333333,,,,,,15
hiba,69,0.05,sens-AK,,,,,,1.0,,,15
hiba,69,0.05,cov-BKL,,,1.0,,,,,,19
hiba,69,0.05,cov-DF,,,0.9090909090909091,,,,,,11
hiba,69,0.05,cov-VASC,,,1.0,,,,,,2
hiba,69,0.05,cov-SCC,,,0.85,,,,,,20
hiba,69,0.05,sens-SCC,,,,,,1.0,,,20
hiba,69,0.1,B,160.0,False,0.9773755656108597,0.9487179487179487,,1.0,1.0,4.606334841628959,221
hiba,69,0.1,M1,19.0,False,0.9629629629629629,0.9333333333333333,0.0,1.0,1.0,4.7407407407407405,27
hiba,69,0.1,M2,227.0,False,0.9396551724137931,0.9318181818181818,0.0,1.0,1.0,4.672413793103448,116
hiba,69,0.1,M3,25.0,False,1.0,1.0,0.0,1.0,1.0,5.266666666666667,15
hiba,69,0.1,cov-MEL,,,0.9615384615384616,,,,,,52
hiba,69,0.1,sens-MEL,,,,,,1.0,,,52
hiba,69,0.1,cov-NV,,,1.0,,,,,,189
hiba,69,0.1,cov-BCC,,,0.971830985915493,,,,,,71
hiba,69,0.1,sens-BCC,,,,,,1.0,,,71
hiba,69,0.1,cov-AK,,,0.9333333333333333,,,,,,15
hiba,69,0.1,sens-AK,,,,,,1.0,,,15
hiba,69,0.1,cov-BKL,,,1.0,,,,,,19
hiba,69,0.1,cov-DF,,,0.5454545454545454,,,,,,11
hiba,69,0.1,cov-VASC,,,1.0,,,,,,2
hiba,69,0.1,cov-SCC,,,0.85,,,,,,20
hiba,69,0.1,sens-SCC,,,,,,1.0,,,20
hiba,69,0.15,B,160.0,False,0.9592760180995475,0.9102564102564102,,1.0,1.0,3.669683257918552,221
hiba,69,0.15,M1,19.0,False,0.9259259259259259,0.9111111111111111,0.0,1.0,1.0,3.7777777777777777,27
hiba,69,0.15,M2,227.0,False,0.8189655172413793,0.8115530303030302,0.0,1.0,1.0,3.5948275862068964,116
hiba,69,0.15,M3,25.0,False,1.0,1.0,0.0,1.0,1.0,4.4,15
hiba,69,0.15,cov-MEL,,,0.9038461538461539,,,,,,52
hiba,69,0.15,sens-MEL,,,,,,1.0,,,52
hiba,69,0.15,cov-NV,,,0.9894179894179894,,,,,,189
hiba,69,0.15,cov-BCC,,,0.8591549295774648,,,,,,71
hiba,69,0.15,sens-BCC,,,,,,1.0,,,71
hiba,69,0.15,cov-AK,,,0.8666666666666667,,,,,,15
hiba,69,0.15,sens-AK,,,,,,1.0,,,15
hiba,69,0.15,cov-BKL,,,1.0,,,,,,19
hiba,69,0.15,cov-DF,,,0.45454545454545453,,,,,,11
hiba,69,0.15,cov-VASC,,,0.5,,,,,,2
hiba,69,0.15,cov-SCC,,,0.7,,,,,,20
hiba,69,0.15,sens-SCC,,,,,,1.0,,,20
pad,69,0.05,B,25.0,False,1.0,1.0,,1.0,1.0,4.25,16
pad,69,0.05,M1,22.0,False,0.8518518518518519,0.8981481481481483,0.0,1.0,1.0,3.4814814814814814,27
pad,69,0.05,M2,167.0,False,0.9791666666666666,0.9754901960784313,0.0,1.0,1.0,4.3125,144
pad,69,0.05,M3,60.0,False,0.9787234042553191,0.975,0.0,1.0,1.0,4.191489361702128,94
pad,69,0.05,M4,9.0,True,1.0,1.0,0.0,1.0,1.0,5.2727272727272725,11
pad,69,0.05,M5,4.0,True,1.0,1.0,0.0,1.0,1.0,6.0,1
pad,69,0.05,cov-MEL,,,1.0,,,,,,10
pad,69,0.05,sens-MEL,,,,,,1.0,,,10
pad,69,0.05,cov-NV,,,1.0,,,,,,11
pad,69,0.05,cov-BCC,,,0.9884393063583815,,,,,,173
pad,69,0.05,sens-BCC,,,,,,1.0,,,173
pad,69,0.05,cov-AK,,,0.9655172413793104,,,,,,58
pad,69,0.05,sens-AK,,,,,,1.0,,,58
pad,69,0.05,cov-BKL,,,1.0,,,,,,5
pad,69,0.05,cov-SCC,,,0.8611111111111112,,,,,,36
pad,69,0.05,sens-SCC,,,,,,1.0,,,36
pad,69,0.1,B,25.0,False,1.0,1.0,,1.0,1.0,3.625,16
pad,69,0.1,M1,22.0,False,0.8518518518518519,0.8981481481481483,0.0,1.0,1.0,3.4814814814814814,27
pad,69,0.1,M2,167.0,False,0.9375,0.946311858076564,0.0,1.0,1.0,3.763888888888889,144
pad,69,0.1,M3,60.0,False,0.925531914893617,0.9,0.0,1.0,1.0,3.5851063829787235,94
pad,69,0.1,M4,9.0,False,1.0,1.0,0.0,1.0,1.0,4.7272727272727275,11
pad,69,0.1,M5,4.0,True,1.0,1.0,0.0,1.0,1.0,6.0,1
pad,69,0.1,cov-MEL,,,1.0,,,,,,10
pad,69,0.1,sens-MEL,,,,,,1.0,,,10
pad,69,0.1,cov-NV,,,1.0,,,,,,11
pad,69,0.1,cov-BCC,,,0.976878612716763,,,,,,173
pad,69,0.1,sens-BCC,,,,,,1.0,,,173
pad,69,0.1,cov-AK,,,0.9482758620689655,,,,,,58
pad,69,0.1,sens-AK,,,,,,1.0,,,58
pad,69,0.1,cov-BKL,,,1.0,,,,,,5
pad,69,0.1,cov-SCC,,,0.6388888888888888,,,,,,36
pad,69,0.1,sens-SCC,,,,,,1.0,,,36
pad,69,0.15,B,25.0,False,0.8125,0.7857142857142857,,1.0,1.0,2.5625,16
pad,69,0.15,M1,22.0,False,0.8148148148148148,0.8425925925925926,0.0,1.0,1.0,2.259259259259259,27
pad,69,0.15,M2,167.0,False,0.875,0.8762838468720822,0.0,1.0,1.0,2.3541666666666665,144
pad,69,0.15,M3,60.0,False,0.925531914893617,0.9,0.0,1.0,1.0,2.478723404255319,94
pad,69,0.15,M4,9.0,False,1.0,1.0,0.0,1.0,1.0,3.909090909090909,11
pad,69,0.15,M5,4.0,True,1.0,1.0,0.0,1.0,1.0,5.0,1
pad,69,0.15,cov-MEL,,,0.9,,,,,,10
pad,69,0.15,sens-MEL,,,,,,1.0,,,10
pad,69,0.15,cov-NV,,,0.8181818181818182,,,,,,11
pad,69,0.15,cov-BCC,,,0.9479768786127167,,,,,,173
pad,69,0.15,sens-BCC,,,,,,1.0,,,173
pad,69,0.15,cov-AK,,,0.9482758620689655,,,,,,58
pad,69,0.15,sens-AK,,,,,,1.0,,,58
pad,69,0.15,cov-BKL,,,0.8,,,,,,5
pad,69,0.15,cov-SCC,,,0.5277777777777778,,,,,,36
pad,69,0.15,sens-SCC,,,,,,1.0,,,36
hiba,70,0.05,B,173.0,False,0.9775784753363229,0.9423076923076923,,1.0,1.0,5.695067264573991,223
hiba,70,0.05,M1,23.0,False,1.0,1.0,0.0,1.0,1.0,6.095238095238095,21
hiba,70,0.05,M2,211.0,False,0.9264705882352942,0.9399038461538461,0.0,1.0,1.0,6.169117647058823,136
hiba,70,0.05,M3,25.0,False,0.9285714285714286,0.8888888888888888,0.0,1.0,1.0,6.285714285714286,14
hiba,70,0.05,cov-MEL,,,1.0,,,,,,53
hiba,70,0.05,sens-MEL,,,,,,1.0,,,53
hiba,70,0.05,cov-NV,,,1.0,,,,,,191
hiba,70,0.05,cov-BCC,,,0.9864864864864865,,,,,,74
hiba,70,0.05,sens-BCC,,,,,,1.0,,,74
hiba,70,0.05,cov-AK,,,0.7058823529411765,,,,,,17
hiba,70,0.05,sens-AK,,,,,,1.0,,,17
hiba,70,0.05,cov-BKL,,,1.0,,,,,,15
hiba,70,0.05,cov-DF,,,0.6,,,,,,10
hiba,70,0.05,cov-VASC,,,0.8571428571428571,,,,,,7
hiba,70,0.05,cov-SCC,,,0.8148148148148148,,,,,,27
hiba,70,0.05,sens-SCC,,,,,,1.0,,,27
hiba,70,0.1,B,173.0,False,0.9461883408071748,0.8692307692307693,,1.0,1.0,3.9103139013452917,223
hiba,70,0.1,M1,23.0,False,1.0,1.0,0.0,1.0,1.0,4.428571428571429,21
hiba,70,0.1,M2,211.0,False,0.8602941176470589,0.875,0.0,1.0,1.0,3.9926470588235294,136
hiba,70,0.1,M3,25.0,False,0.9285714285714286,0.8888888888888888,0.0,1.0,1.0,4.571428571428571,14
hiba,70,0.1,cov-MEL,,,0.9811320754716981,,,,,,53
hiba,70,0.1,sens-MEL,,,,,,1.0,,,53
hiba,70,0.1,cov-NV,,,0.9947643979057592,,,,,,191
hiba,70,0.1,cov-BCC,,,0.9459459459459459,,,,,,74
hiba,70,0.1,sens-BCC,,,,,,1.0,,,74
hiba,70,0.1,cov-AK,,,0.6470588235294118,,,,,,17
hiba,70,0.1,sens-AK,,,,,,1.0,,,17
hiba,70,0.1,cov-BKL,,,1.0,,,,,,15
hiba,70,0.1,cov-DF,,,0.3,,,,,,10
hiba,70,0.1,cov-VASC,,,0.42857142857142855,,,,,,7
hiba,70,0.1,cov-SCC,,,0.6666666666666666,,,,,,27
hiba,70,0.1,sens-SCC,,,,,,1.0,,,27
hiba,70,0.15,B,173.0,False,0.9237668161434978,0.8,,1.0,1.0,3.0,223
hiba,70,0.15,M1,23.0,False,1.0,1.0,0.0,1.0,1.0,3.6666666666666665,21
hiba,70,0.15,M2,211.0,False,0.7573529411764706,0.7564102564102563,0.0,1.0,1.0,3.2573529411764706,136
hiba,70,0.15,M3,25.0,False,0.9285714285714286,0.8888888888888888,0.0,1.0,1.0,3.0,14
hiba,70,0.15,cov-MEL,,,0.8867924528301887,,,,,,53
hiba,70,0.15,sens-MEL,,,,,,1.0,,,53
hiba,70,0.15,cov-NV,,,0.9895287958115183,,,,,,191
hiba,70,0.15,cov-BCC,,,0.8783783783783784,,,,,,74
hiba,70,0.15,sens-BCC,,,,,,1.0,,,74
hiba,70,0.15,cov-AK,,,0.5882352941176471,,,,,,17
hiba,70,0.15,sens-AK,,,,,,1.0,,,17
hiba,70,0.15,cov-BKL,,,0.9333333333333333,,,,,,15
hiba,70,0.15,cov-DF,,,0.3,,,,,,10
hiba,70,0.15,cov-VASC,,,0.0,,,,,,7
hiba,70,0.15,cov-SCC,,,0.5555555555555556,,,,,,27
hiba,70,0.15,sens-SCC,,,,,,1.0,,,27
pad,70,0.05,B,24.0,False,1.0,1.0,,1.0,1.0,4.294117647058823,17
pad,70,0.05,M1,25.0,False,1.0,1.0,0.0,1.0,1.0,3.88,25
pad,70,0.05,M2,153.0,False,0.9810126582278481,0.9827586206896551,0.0,1.0,1.0,4.30379746835443,158
pad,70,0.05,M3,74.0,False,1.0,1.0,0.0,1.0,1.0,4.358208955223881,67
pad,70,0.05,M4,10.0,True,1.0,1.0,0.0,1.0,1.0,5.3,10
pad,70,0.05,M5,2.0,True,1.0,1.0,0.0,1.0,1.0,5.25,4
pad,70,0.05,cov-MEL,,,0.8888888888888888,,,,,,9
pad,70,0.05,sens-MEL,,,,,,1.0,,,9
pad,70,0.05,cov-NV,,,1.0,,,,,,9
pad,70,0.05,cov-BCC,,,1.0,,,,,,171
pad,70,0.05,sens-BCC,,,,,,1.0,,,171
pad,70,0.05,cov-AK,,,0.9830508474576272,,,,,,59
pad,70,0.05,sens-AK,,,,,,1.0,,,59
pad,70,0.05,cov-BKL,,,1.0,,,,,,8
pad,70,0.05,cov-SCC,,,0.96,,,,,,25
pad,70,0.05,sens-SCC,,,,,,1.0,,,25
pad,70,0.1,B,24.0,False,0.9411764705882353,0.9333333333333333,,1.0,1.0,3.176470588235294,17
pad,70,0.1,M1,25.0,False,0.92,0.9666666666666667,0.0,1.0,1.0,3.0,25
pad,70,0.1,M2,153.0,False,0.9556962025316456,0.9568965517241379,0.0,1.0,1.0,3.018987341772152,158
pad,70,0.1,M3,74.0,False,0.9402985074626866,0.9239130434782609,0.0,1.0,1.0,3.08955223880597,67
pad,70,0.1,M4,10.0,False,1.0,1.0,0.0,1.0,1.0,4.5,10
pad,70,0.1,M5,2.0,True,1.0,1.0,0.0,1.0,1.0,4.75,4
pad,70,0.1,cov-MEL,,,0.7777777777777778,,,,,,9
pad,70,0.1,sens-MEL,,,,,,1.0,,,9
pad,70,0.1,cov-NV,,,1.0,,,,,,9
pad,70,0.1,cov-BCC,,,0.9707602339181286,,,,,,171
pad,70,0.1,sens-BCC,,,,,,1.0,,,171
pad,70,0.1,cov-AK,,,0.9830508474576272,,,,,,59
pad,70,0.1,sens-AK,,,,,,1.0,,,59
pad,70,0.1,cov-BKL,,,0.875,,,,,,8
pad,70,0.1,cov-SCC,,,0.8,,,,,,25
pad,70,0.1,sens-SCC,,,,,,1.0,,,25
pad,70,0.15,B,24.0,False,0.9411764705882353,0.9333333333333333,,1.0,1.0,3.1176470588235294,17
pad,70,0.15,M1,25.0,False,0.92,0.9666666666666667,0.0,1.0,1.0,3.0,25
pad,70,0.15,M2,153.0,False,0.930379746835443,0.9346264367816091,0.0,1.0,1.0,2.7721518987341773,158
pad,70,0.15,M3,74.0,False,0.8507462686567164,0.8206521739130435,0.0,1.0,1.0,2.462686567164179,67
pad,70,0.15,M4,10.0,False,1.0,1.0,0.0,1.0,1.0,4.5,10
pad,70,0.15,M5,2.0,True,1.0,1.0,0.0,1.0,1.0,4.75,4
pad,70,0.15,cov-MEL,,,0.7777777777777778,,,,,,9
pad,70,0.15,sens-MEL,,,,,,1.0,,,9
pad,70,0.15,cov-NV,,,1.0,,,,,,9
pad,70,0.15,cov-BCC,,,0.9298245614035088,,,,,,171
pad,70,0.15,sens-BCC,,,,,,1.0,,,171
pad,70,0.15,cov-AK,,,0.9830508474576272,,,,,,59
pad,70,0.15,sens-AK,,,,,,1.0,,,59
pad,70,0.15,cov-BKL,,,0.875,,,,,,8
pad,70,0.15,cov-SCC,,,0.68,,,,,,25
pad,70,0.15,sens-SCC,,,,,,1.0,,,25
hiba,71,0.05,B,165.0,False,0.991701244813278,0.9726027397260274,,1.0,1.0,6.008298755186722,241
hiba,71,0.05,M1,27.0,False,1.0,1.0,0.0,1.0,1.0,6.583333333333333,12
hiba,71,0.05,M2,223.0,False,0.943089430894309,0.9347826086956522,0.0,1.0,1.0,6.634146341463414,123
hiba,71,0.05,M3,20.0,False,0.9411764705882353,0.9285714285714286,0.0,1.0,1.0,6.411764705882353,17
hiba,71,0.05,cov-MEL,,,1.0,,,,,,39
hiba,71,0.05,sens-MEL,,,,,,1.0,,,39
hiba,71,0.05,cov-NV,,,1.0,,,,,,206
hiba,71,0.05,cov-BCC,,,0.9866666666666667,,,,,,75
hiba,71,0.05,sens-BCC,,,,,,1.0,,,75
hiba,71,0.05,cov-AK,,,0.9285714285714286,,,,,,14
hiba,71,0.05,sens-AK,,,,,,1.0,,,14
hiba,71,0.05,cov-BKL,,,1.0,,,,,,18
hiba,71,0.05,cov-DF,,,0.7142857142857143,,,,,,7
hiba,71,0.05,cov-VASC,,,1.0,,,,,,10
hiba,71,0.05,cov-SCC,,,0.75,,,,,,24
hiba,71,0.05,sens-SCC,,,,,,1.0,,,24
hiba,71,0.1,B,165.0,False,0.9875518672199171,0.958904109589041,,1.0,1.0,3.925311203319502,241
hiba,71,0.1,M1,27.0,False,0.8333333333333334,0.8214285714285714,0.0,1.0,1.0,4.666666666666667,12
hiba,71,0.1,M2,223.0,False,0.9024390243902439,0.8994565217391305,0.0,1.0,1.0,4.4471544715447155,123
hiba,71,0.1,M3,20.0,False,0.8823529411764706,0.8571428571428571,0.0,1.0,1.0,4.0,17
hiba,71,0.1,cov-MEL,,,0.9487179487179487,,,,,,39
hiba,71,0.1,sens-MEL,,,,,,1.0,,,39
hiba,71,0.1,cov-NV,,,1.0,,,,,,206
hiba,71,0.1,cov-BCC,,,0.96,,,,,,75
hiba,71,0.1,sens-BCC,,,,,,1.0,,,75
hiba,71,0.1,cov-AK,,,0.9285714285714286,,,,,,14
hiba,71,0.1,sens-AK,,,,,,1.0,,,14
hiba,71,0.1,cov-BKL,,,1.0,,,,,,18
hiba,71,0.1,cov-DF,,,0.5714285714285714,,,,,,7
hiba,71,0.1,cov-VASC,,,1.0,,,,,,10
hiba,71,0.1,cov-SCC,,,0.5833333333333334,,,,,,24
hiba,71,0.1,sens-SCC,,,,,,1.0,,,24
hiba,71,0.15,B,165.0,False,0.970954356846473,0.9041095890410958,,1.0,1.0,3.2614107883817427,241
hiba,71,0.15,M1,27.0,False,0.8333333333333334,0.8214285714285714,0.0,1.0,1.0,4.0,12
hiba,71,0.15,M2,223.0,False,0.8048780487804879,0.8070652173913043,0.0,1.0,1.0,3.6260162601626016,123
hiba,71,0.15,M3,20.0,False,0.8235294117647058,0.8214285714285714,0.0,1.0,1.0,3.2941176470588234,17
hiba,71,0.15,cov-MEL,,,0.9230769230769231,,,,,,39
hiba,71,0.15,sens-MEL,,,,,,1.0,,,39
hiba,71,0.15,cov-NV,,,0.9951456310679612,,,,,,206
hiba,71,0.15,cov-BCC,,,0.88,,,,,,75
hiba,71,0.15,sens-BCC,,,,,,1.0,,,75
hiba,71,0.15,cov-AK,,,0.8571428571428571,,,,,,14
hiba,71,0.15,sens-AK,,,,,,1.0,,,14
hiba,71,0.15,cov-BKL,,,1.0,,,,,,18
hiba,71,0.15,cov-DF,,,0.5714285714285714,,,,,,7
hiba,71,0.15,cov-VASC,,,0.7,,,,,,10
hiba,71,0.15,cov-SCC,,,0.375,,,,,,24
hiba,71,0.15,sens-SCC,,,,,,1.0,,,24
pad,71,0.05,B,22.0,False,1.0,1.0,,1.0,1.0,4.421052631578948,19
pad,71,0.05,M1,24.0,False,0.875,0.8854166666666666,0.0,1.0,1.0,3.5416666666666665,24
pad,71,0.05,M2,158.0,False,0.9570552147239264,0.96996996996997,0.0,1.0,1.0,4.294478527607362,163
pad,71,0.05,M3,76.0,False,1.0,1.0,0.0,1.0,1.0,4.406779661016949,59
pad,71,0.05,M4,7.0,True,1.0,1.0,0.0,1.0,1.0,5.5,10
pad,71,0.05,M5,3.0,True,1.0,1.0,0.0,1.0,1.0,5.333333333333333,3
pad,71,0.05,cov-MEL,,,1.0,,,,,,10
pad,71,0.05,sens-MEL,,,,,,1.0,,,10
pad,71,0.05,cov-NV,,,1.0,,,,,,13
pad,71,0.05,cov-BCC,,,1.0,,,,,,163
pad,71,0.05,sens-BCC,,,,,,1.0,,,163
pad,71,0.05,cov-AK,,,0.9444444444444444,,,,,,54
pad,71,0.05,sens-AK,,,,,,1.0,,,54
pad,71,0.05,cov-BKL,,,1.0,,,,,,6
pad,71,0.05,cov-SCC,,,0.78125,,,,,,32
pad,71,0.05,sens-SCC,,,,,,1.0,,,32
pad,71,0.1,B,22.0,False,1.0,1.0,,1.0,1.0,4.0,19
pad,71,0.1,M1,24.0,False,0.875,0.8854166666666666,0.0,1.0,1.0,3.2916666666666665,24
pad,71,0.1,M2,158.0,False,0.8957055214723927,0.9071214071214072,0.0,1.0,1.0,3.687116564417178,163
pad,71,0.1,M3,76.0,False,0.9661016949152542,0.9659090909090909,0.0,1.0,1.0,3.7457627118644066,59
pad,71,0.1,M4,7.0,True,1.0,1.0,0.0,1.0,1.0,5.3,10
pad,71,0.1,M5,3.0,True,1.0,1.0,0.0,1.0,1.0,5.333333333333333,3
pad,71,0.1,cov-MEL,,,0.9,,,,,,10
pad,71,0.1,sens-MEL,,,,,,1.0,,,10
pad,71,0.1,cov-NV,,,1.0,,,,,,13
pad,71,0.1,cov-BCC,,,0.9815950920245399,,,,,,163
pad,71,0.1,sens-BCC,,,,,,1.0,,,163
pad,71,0.1,cov-AK,,,0.9259259259259259,,,,,,54
pad,71,0.1,sens-AK,,,,,,1.0,,,54
pad,71,0.1,cov-BKL,,,1.0,,,,,,6
pad,71,0.1,cov-SCC,,,0.5625,,,,,,32
pad,71,0.1,sens-SCC,,,,,,1.0,,,32
pad,71,0.15,B,22.0,False,0.8947368421052632,0.8823529411764706,,1.0,1.0,2.8947368421052633,19
pad,71,0.15,M1,24.0,False,0.8333333333333334,0.8541666666666666,0.0,1.0,1.0,2.375,24
pad,71,0.15,M2,158.0,False,0.8098159509202454,0.8067353067353068,0.0,1.0,1.0,2.4049079754601226,163
pad,71,0.15,M3,76.0,False,0.9152542372881356,0.8977272727272727,0.0,1.0,1.0,2.559322033898305,59
pad,71,0.15,M4,7.0,False,1.0,1.0,0.0,1.0,1.0,4.2,10
pad,71,0.15,M5,3.0,True,1.0,1.0,0.0,1.0,1.0,4.333333333333333,3
pad,71,0.15,cov-MEL,,,0.8,,,,,,10
pad,71,0.15,sens-MEL,,,,,,1.0,,,10
pad,71,0.15,cov-NV,,,0.9230769230769231,,,,,,13
pad,71,0.15,cov-BCC,,,0.9079754601226994,,,,,,163
pad,71,0.15,sens-BCC,,,,,,1.0,,,163
pad,71,0.15,cov-AK,,,0.9074074074074074,,,,,,54
pad,71,0.15,sens-AK,,,,,,1.0,,,54
pad,71,0.15,cov-BKL,,,0.8333333333333334,,,,,,6
pad,71,0.15,cov-SCC,,,0.4375,,,,,,32
pad,71,0.15,sens-SCC,,,,,,1.0,,,32
hiba,72,0.05,B,177.0,False,0.9871794871794872,0.9672131147540983,,1.0,1.0,6.185897435897436,156
hiba,72,0.05,M1,25.0,False,1.0,1.0,0.0,1.0,1.0,6.5,10
hiba,72,0.05,M2,207.0,False,0.9671052631578947,0.9629629629629629,0.0,1.0,1.0,6.776315789473684,152
hiba,72,0.05,M3,23.0,False,1.0,1.0,0.0,1.0,1.0,6.9411764705882355,17
hiba,72,0.05,cov-MEL,,,1.0,,,,,,52
hiba,72,0.05,sens-MEL,,,,,,1.0,,,52
hiba,72,0.05,cov-NV,,,1.0,,,,,,127
hiba,72,0.05,cov-BCC,,,1.0,,,,,,82
hiba,72,0.05,sens-BCC,,,,,,1.0,,,82
hiba,72,0.05,cov-AK,,,0.9230769230769231,,,,,,13
hiba,72,0.05,sens-AK,,,,,,1.0,,,13
hiba,72,0.05,cov-BKL,,,1.0,,,,,,17
hiba,72,0.05,cov-DF,,,0.75,,,,,,4
hiba,72,0.05,cov-VASC,,,0.875,,,,,,8
hiba,72,0.05,cov-SCC,,,0.875,,,,,,32
hiba,72,0.05,sens-SCC,,,,,,1.0,,,32
hiba,72,0.1,B,177.0,False,0.9871794871794872,0.9672131147540983,,1.0,1.0,4.910256410256411,156
hiba,72,0.1,M1,25.0,False,1.0,1.0,0.0,1.0,1.0,4.7,10
hiba,72,0.1,M2,207.0,False,0.9539473684210527,0.9444444444444444,0.0,1.0,1.0,4.940789473684211,152
hiba,72,0.1,M3,23.0,False,1.0,1.0,0.0,1.0,1.0,5.647058823529412,17
hiba,72,0.1,cov-MEL,,,0.9807692307692307,,,,,,52
hiba,72,0.1,sens-MEL,,,,,,1.0,,,52
hiba,72,0.1,cov-NV,,,1.0,,,,,,127
hiba,72,0.1,cov-BCC,,,1.0,,,,,,82
hiba,72,0.1,sens-BCC,,,,,,1.0,,,82
hiba,72,0.1,cov-AK,,,0.8461538461538461,,,,,,13
hiba,72,0.1,sens-AK,,,,,,1.0,,,13
hiba,72,0.1,cov-BKL,,,1.0,,,,,,17
hiba,72,0.1,cov-DF,,,0.75,,,,,,4
hiba,72,0.1,cov-VASC,,,0.875,,,,,,8
hiba,72,0.1,cov-SCC,,,0.875,,,,,,32
hiba,72,0.1,sens-SCC,,,,,,1.0,,,32
hiba,72,0.15,B,177.0,False,0.9807692307692307,0.9508196721311475,,1.0,1.0,3.769230769230769,156
hiba,72,0.15,M1,25.0,False,1.0,1.0,0.0,1.0,1.0,4.0,10
hiba,72,0.15,M2,207.0,False,0.881578947368421,0.8816358024691359,0.0,1.0,1.0,3.8289473684210527,152
hiba,72,0.15,M3,23.0,False,1.0,1.0,0.0,1.0,1.0,4.470588235294118,17
hiba,72,0.15,cov-MEL,,,0.9423076923076923,,,,,,52
hiba,72,0.15,sens-MEL,,,,,,1.0,,,52
hiba,72,0.15,cov-NV,,,1.0,,,,,,127
hiba,72,0.15,cov-BCC,,,0.975609756097561,,,,,,82
hiba,72,0.15,sens-BCC,,,,,,1.0,,,82
hiba,72,0.15,cov-AK,,,0.7692307692307693,,,,,,13
hiba,72,0.15,sens-AK,,,,,,1.0,,,13
hiba,72,0.15,cov-BKL,,,1.0,,,,,,17
hiba,72,0.15,cov-DF,,,0.5,,,,,,4
hiba,72,0.15,cov-VASC,,,0.875,,,,,,8
hiba,72,0.15,cov-SCC,,,0.6875,,,,,,32
hiba,72,0.15,sens-SCC,,,,,,1.0,,,32
pad,72,0.05,B,27.0,False,1.0,1.0,,1.0,1.0,4.25,16
pad,72,0.05,M1,18.0,True,1.0,1.0,0.0,1.0,1.0,5.054054054054054,37
pad,72,0.05,M2,159.0,False,0.9391891891891891,0.9454545454545454,0.0,1.0,1.0,3.9121621621621623,148
pad,72,0.05,M3,78.0,False,0.9722222222222222,0.9523809523809523,0.0,1.0,1.0,4.111111111111111,72
pad,72,0.05,M4,12.0,True,1.0,1.0,0.0,1.0,1.0,5.6,5
pad,72,0.05,M5,3.0,True,1.0,1.0,0.0,1.0,1.0,5.5,2
pad,72,0.05,cov-MEL,,,0.875,,,,,,8
pad,72,0.05,sens-MEL,,,,,,1.0,,,8
pad,72,0.05,cov-NV,,,1.0,,,,,,9
pad,72,0.05,cov-BCC,,,0.9942196531791907,,,,,,173
pad,72,0.05,sens-BCC,,,,,,1.0,,,173
pad,72,0.05,cov-AK,,,0.9629629629629629,,,,,,54
pad,72,0.05,sens-AK,,,,,,1.0,,,54
pad,72,0.05,cov-BKL,,,1.0,,,,,,7
pad,72,0.05,cov-SCC,,,0.7586206896551724,,,,,,29
pad,72,0.05,sens-SCC,,,,,,1.0,,,29
pad,72,0.1,B,27.0,False,0.9375,0.9166666666666666,,1.0,1.0,3.125,16
pad,72,0.1,M1,18.0,False,0.8648648648648649,0.893939393939394,0.0,1.0,1.0,2.945945945945946,37
pad,72,0.1,M2,159.0,False,0.8581081081081081,0.8704545454545455,0.0,1.0,1.0,2.8175675675675675,148
pad,72,0.1,M3,78.0,False,0.9027777777777778,0.8611111111111113,0.0,1.0,1.0,2.9027777777777777,72
pad,72,0.1,M4,12.0,False,1.0,1.0,0.0,1.0,1.0,4.8,5
pad,72,0.1,M5,3.0,True,1.0,1.0,0.0,1.0,1.0,5.5,2
pad,72,0.1,cov-MEL,,,0.75,,,,,,8
pad,72,0.1,sens-MEL,,,,,,1.0,,,8
pad,72,0.1,cov-NV,,,1.0,,,,,,9
pad,72,0.1,cov-BCC,,,0.930635838150289,,,,,,173
pad,72,0.1,sens-BCC,,,,,,1.0,,,173
pad,72,0.1,cov-AK,,,0.9259259259259259,,,,,,54
pad,72,0.1,sens-AK,,,,,,1.0,,,54
pad,72,0.1,cov-BKL,,,0.8571428571428571,,,,,,7
pad,72,0.1,cov-SCC,,,0.4827586206896552,,,,,,29
pad,72,0.1,sens-SCC,,,,,,1.0,,,29
pad,72,0.15,B,27.0,False,0.9375,0.9166666666666666,,1.0,1.0,2.3125,16
pad,72,0.15,M1,18.0,False,0.6486486486486487,0.6439393939393939,0.0,1.0,1.0,2.108108108108108,37
pad,72,0.15,M2,159.0,False,0.8040540540540541,0.8128787878787879,0.0,1.0,1.0,2.27027027027027,148
pad,72,0.15,M3,78.0,False,0.8055555555555556,0.759920634920635,0.0,1.0,1.0,2.125,72
pad,72,0.15,M4,12.0,False,1.0,1.0,0.0,1.0,1.0,4.4,5
pad,72,0.15,M5,3.0,True,1.0,1.0,0.0,1.0,1.0,4.5,2
pad,72,0.15,cov-MEL,,,0.625,,,,,,8
pad,72,0.15,sens-MEL,,,,,,1.0,,,8
pad,72,0.15,cov-NV,,,1.0,,,,,,9
pad,72,0.15,cov-BCC,,,0.8323699421965318,,,,,,173
pad,72,0.15,sens-BCC,,,,,,1.0,,,173
pad,72,0.15,cov-AK,,,0.8703703703703703,,,,,,54
pad,72,0.15,sens-AK,,,,,,1.0,,,54
pad,72,0.15,cov-BKL,,,0.8571428571428571,,,,,,7
pad,72,0.15,cov-SCC,,,0.41379310344827586,,,,,,29
pad,72,0.15,sens-SCC,,,,,,1.0,,,29
hiba,73,0.05,B,168.0,False,0.9946808510638298,0.9857142857142858,,1.0,1.0,5.909574468085107,188
hiba,73,0.05,M1,26.0,False,1.0,1.0,0.0,1.0,1.0,6.615384615384615,13
hiba,73,0.05,M2,217.0,False,0.936,0.9438775510204082,0.0,1.0,1.0,6.496,125
hiba,73,0.05,M3,22.0,False,1.0,1.0,0.0,1.0,1.0,6.944444444444445,18
hiba,73,0.05,cov-MEL,,,0.9736842105263158,,,,,,38
hiba,73,0.05,sens-MEL,,,,,,1.0,,,38
hiba,73,0.05,cov-NV,,,1.0,,,,,,144
hiba,73,0.05,cov-BCC,,,1.0,,,,,,76
hiba,73,0.05,sens-BCC,,,,,,1.0,,,76
hiba,73,0.05,cov-AK,,,1.0,,,,,,10
hiba,73,0.05,sens-AK,,,,,,1.0,,,10
hiba,73,0.05,cov-BKL,,,1.0,,,,,,21
hiba,73,0.05,cov-DF,,,1.0,,,,,,10
hiba,73,0.05,cov-VASC,,,0.9230769230769231,,,,,,13
hiba,73,0.05,cov-SCC,,,0.78125,,,,,,32
hiba,73,0.05,sens-SCC,,,,,,1.0,,,32
hiba,73,0.1,B,168.0,False,0.9574468085106383,0.8857142857142857,,1.0,1.0,3.984042553191489,188
hiba,73,0.1,M1,26.0,False,0.8461538461538461,0.84375,0.0,1.0,1.0,4.230769230769231,13
hiba,73,0.1,M2,217.0,False,0.88,0.8908163265306123,0.0,1.0,1.0,4.0,125
hiba,73,0.1,M3,22.0,False,0.9444444444444444,0.9166666666666666,0.0,1.0,1.0,4.722222222222222,18
hiba,73,0.1,cov-MEL,,,0.9736842105263158,,,,,,38
hiba,73,0.1,sens-MEL,,,,,,1.0,,,38
hiba,73,0.1,cov-NV,,,0.9930555555555556,,,,,,144
hiba,73,0.1,cov-BCC,,,0.9342105263157895,,,,,,76
hiba,73,0.1,sens-BCC,,,,,,1.0,,,76
hiba,73,0.1,cov-AK,,,1.0,,,,,,10
hiba,73,0.1,sens-AK,,,,,,1.0,,,10
hiba,73,0.1,cov-BKL,,,1.0,,,,,,21
hiba,73,0.1,cov-DF,,,0.7,,,,,,10
hiba,73,0.1,cov-VASC,,,0.6923076923076923,,,,,,13
hiba,73,0.1,cov-SCC,,,0.625,,,,,,32
hiba,73,0.1,sens-SCC,,,,,,1.0,,,32
hiba,73,0.15,B,168.0,False,0.9148936170212766,0.7988095238095239,,1.0,1.0,3.0638297872340425,188
hiba,73,0.15,M1,26.0,False,0.7692307692307693,0.8125,0.0,1.0,1.0,3.076923076923077,13
hiba,73,0.15,M2,217.0,False,0.856,0.860204081632653,0.0,1.0,1.0,3.424,125
hiba,73,0.15,M3,22.0,False,0.9444444444444444,0.9166666666666666,0.0,1.0,1.0,3.0,18
hiba,73,0.15,cov-MEL,,,0.9736842105263158,,,,,,38
hiba,73,0.15,sens-MEL,,,,,,1.0,,,38
hiba,73,0.15,cov-NV,,,0.9791666666666666,,,,,,144
hiba,73,0.15,cov-BCC,,,0.9078947368421053,,,,,,76
hiba,73,0.15,sens-BCC,,,,,,1.0,,,76
hiba,73,0.15,cov-AK,,,0.9,,,,,,10
hiba,73,0.15,sens-AK,,,,,,1.0,,,10
hiba,73,0.15,cov-BKL,,,0.9047619047619048,,,,,,21
hiba,73,0.15,cov-DF,,,0.5,,,,,,10
hiba,73,0.15,cov-VASC,,,0.5384615384615384,,,,,,13
hiba,73,0.15,cov-SCC,,,0.59375,,,,,,32
hiba,73,0.15,sens-SCC,,,,,,1.0,,,32
pad,73,0.05,B,26.0,False,1.0,1.0,,1.0,1.0,4.333333333333333,15
pad,73,0.05,M1,26.0,False,0.9523809523809523,0.9761904761904762,0.0,1.0,1.0,4.0476190476190474,21
pad,73,0.05,M2,150.0,False,0.9226190476190477,0.931372549019608,0.0,1.0,1.0,4.089285714285714,168
pad,73,0.05,M3,72.0,False,0.9841269841269841,0.9791666666666666,0.0,1.0,1.0,4.333333333333333,63
pad,73,0.05,M4,10.0,True,1.0,1.0,0.0,1.0,1.0,5.571428571428571,7
pad,73,0.05,M5,2.0,True,1.0,1.0,0.0,1.0,1.0,5.333333333333333,3
pad,73,0.05,cov-MEL,,,0.8571428571428571,,,,,,7
pad,73,0.05,sens-MEL,,,,,,1.0,,,7
pad,73,0.05,cov-NV,,,1.0,,,,,,11
pad,73,0.05,cov-BCC,,,0.9936305732484076,,,,,,157
pad,73,0.05,sens-BCC,,,,,,1.0,,,157
pad,73,0.05,cov-AK,,,0.9,,,,,,60
pad,73,0.05,sens-AK,,,,,,1.0,,,60
pad,73,0.05,cov-BKL,,,1.0,,,,,,4
pad,73,0.05,cov-SCC,,,0.8157894736842105,,,,,,38
pad,73,0.05,sens-SCC,,,,,,1.0,,,38
pad,73,0.1,B,26.0,False,1.0,1.0,,1.0,1.0,3.6666666666666665,15
pad,73,0.1,M1,26.0,False,0.9523809523809523,0.9761904761904762,0.0,1.0,1.0,3.5238095238095237,21
pad,73,0.1,M2,150.0,False,0.875,0.8788515406162466,0.0,1.0,1.0,3.511904761904762,168
pad,73,0.1,M3,72.0,False,0.9841269841269841,0.9791666666666666,0.0,1.0,1.0,3.7301587301587302,63
pad,73,0.1,M4,10.0,False,0.8571428571428571,0.8571428571428571,0.0,1.0,1.0,4.285714285714286,7
pad,73,0.1,M5,2.0,True,1.0,1.0,0.0,1.0,1.0,5.333333333333333,3
pad,73,0.1,cov-MEL,,,0.7142857142857143,,,,,,7
pad,73,0.1,sens-MEL,,,,,,1.0,,,7
pad,73,0.1,cov-NV,,,1.0,,,,,,11
pad,73,0.1,cov-BCC,,,0.9745222929936306,,,,,,157
pad,73,0.1,sens-BCC,,,,,,1.0,,,157
pad,73,0.1,cov-AK,,,0.9,,,,,,60
pad,73,0.1,sens-AK,,,,,,1.0,,,60
pad,73,0.1,cov-BKL,,,1.0,,,,,,4
pad,73,0.1,cov-SCC,,,0.6842105263157895,,,,,,38
pad,73,0.1,sens-SCC,,,,,,1.0,,,38
pad,73,0.15,B,26.0,False,0.8,0.7692307692307693,,1.0,1.0,2.6,15
pad,73,0.15,M1,26.0,False,0.9523809523809523,0.9761904761904762,0.0,1.0,1.0,2.619047619047619,21
pad,73,0.15,M2,150.0,False,0.8571428571428571,0.8662464985994398,0.0,1.0,1.0,2.3452380952380953,168
pad,73,0.15,M3,72.0,False,0.9682539682539683,0.9583333333333334,0.0,1.0,1.0,2.6666666666666665,63
pad,73,0.15,M4,10.0,False,0.8571428571428571,0.8571428571428571,0.0,1.0,1.0,3.2857142857142856,7
pad,73,0.15,M5,2.0,True,1.0,1.0,0.0,1.0,1.0,4.333333333333333,3
pad,73,0.15,cov-MEL,,,0.7142857142857143,,,,,,7
pad,73,0.15,sens-MEL,,,,,,1.0,,,7
pad,73,0.15,cov-NV,,,0.9090909090909091,,,,,,11
pad,73,0.15,cov-BCC,,,0.9745222929936306,,,,,,157
pad,73,0.15,sens-BCC,,,,,,1.0,,,157
pad,73,0.15,cov-AK,,,0.8833333333333333,,,,,,60
pad,73,0.15,sens-AK,,,,,,1.0,,,60
pad,73,0.15,cov-BKL,,,0.5,,,,,,4
pad,73,0.15,cov-SCC,,,0.6052631578947368,,,,,,38
pad,73,0.15,sens-SCC,,,,,,1.0,,,38
hiba,74,0.05,B,181.0,False,0.9836065573770492,0.9473684210526315,,1.0,1.0,5.896174863387978,183
hiba,74,0.05,M1,25.0,False,1.0,1.0,0.0,1.0,1.0,6.285714285714286,14
hiba,74,0.05,M2,208.0,False,0.9343065693430657,0.9299065420560748,0.0,1.0,1.0,6.401459854014599,137
hiba,74,0.05,M3,23.0,False,1.0,1.0,0.0,1.0,1.0,6.625,16
hiba,74,0.05,cov-MEL,,,0.9827586206896551,,,,,,58
hiba,74,0.05,sens-MEL,,,,,,1.0,,,58
hiba,74,0.05,cov-NV,,,1.0,,,,,,147
hiba,74,0.05,cov-BCC,,,0.9848484848484849,,,,,,66
hiba,74,0.05,sens-BCC,,,,,,1.0,,,66
hiba,74,0.05,cov-AK,,,0.9285714285714286,,,,,,14
hiba,74,0.05,sens-AK,,,,,,1.0,,,14
hiba,74,0.05,cov-BKL,,,1.0,,,,,,15
hiba,74,0.05,cov-DF,,,0.6666666666666666,,,,,,9
hiba,74,0.05,cov-VASC,,,1.0,,,,,,12
hiba,74,0.05,cov-SCC,,,0.7931034482758621,,,,,,29
hiba,74,0.05,sens-SCC,,,,,,1.0,,,29
hiba,74,0.1,B,181.0,False,0.9836065573770492,0.9473684210526315,,1.0,1.0,4.371584699453552,183
hiba,74,0.1,M1,25.0,False,1.0,1.0,0.0,1.0,1.0,5.357142857142857,14
hiba,74,0.1,M2,208.0,False,0.9051094890510949,0.897196261682243,0.0,1.0,1.0,4.364963503649635,137
hiba,74,0.1,M3,23.0,False,1.0,1.0,0.0,1.0,1.0,5.375,16
hiba,74,0.1,cov-MEL,,,0.9655172413793104,,,,,,58
hiba,74,0.1,sens-MEL,,,,,,1.0,,,58
hiba,74,0.1,cov-NV,,,1.0,,,,,,147
hiba,74,0.1,cov-BCC,,,0.9545454545454546,,,,,,66
hiba,74,0.1,sens-BCC,,,,,,1.0,,,66
hiba,74,0.1,cov-AK,,,0.9285714285714286,,,,,,14
hiba,74,0.1,sens-AK,,,,,,1.0,,,14
hiba,74,0.1,cov-BKL,,,1.0,,,,,,15
hiba,74,0.1,cov-DF,,,0.6666666666666666,,,,,,9
hiba,74,0.1,cov-VASC,,,1.0,,,,,,12
hiba,74,0.1,cov-SCC,,,0.7586206896551724,,,,,,29
hiba,74,0.1,sens-SCC,,,,,,1.0,,,29
hiba,74,0.15,B,181.0,False,0.9726775956284153,0.9122807017543859,,1.0,1.0,3.6065573770491803,183
hiba,74,0.15,M1,25.0,False,0.8571428571428571,0.8611111111111112,0.0,1.0,1.0,4.214285714285714,14
hiba,74,0.15,M2,208.0,False,0.8321167883211679,0.8302180685358256,0.0,1.0,1.0,3.656934306569343,137
hiba,74,0.15,M3,23.0,False,1.0,1.0,0.0,1.0,1.0,4.375,16
hiba,74,0.15,cov-MEL,,,0.9482758620689655,,,,,,58
hiba,74,0.15,sens-MEL,,,,,,1.0,,,58
hiba,74,0.15,cov-NV,,,1.0,,,,,,147
hiba,74,0.15,cov-BCC,,,0.8939393939393939,,,,,,66
hiba,74,0.15,sens-BCC,,,,,,1.0,,,66
hiba,74,0.15,cov-AK,,,0.7857142857142857,,,,,,14
hiba,74,0.15,sens-AK,,,,,,1.0,,,14
hiba,74,0.15,cov-BKL,,,1.0,,,,,,15
hiba,74,0.15,cov-DF,,,0.5555555555555556,,,,,,9
hiba,74,0.15,cov-VASC,,,0.9166666666666666,,,,,,12
hiba,74,0.15,cov-SCC,,,0.5862068965517241,,,,,,29
hiba,74,0.15,sens-SCC,,,,,,1.0,,,29
pad,74,0.05,B,22.0,False,0.9473684210526315,0.9411764705882353,,1.0,1.0,4.2105263157894735,19
pad,74,0.05,M1,25.0,False,1.0,1.0,0.0,1.0,1.0,3.8636363636363638,22
pad,74,0.05,M2,159.0,False,0.9440993788819876,0.9456709956709958,0.0,1.0,1.0,4.130434782608695,161
pad,74,0.05,M3,72.0,False,1.0,1.0,0.0,1.0,1.0,4.32258064516129,62
pad,74,0.05,M4,9.0,True,1.0,1.0,0.0,1.0,1.0,5.4,10
pad,74,0.05,M5,3.0,True,1.0,1.0,0.0,1.0,1.0,5.0,3
pad,74,0.05,cov-MEL,,,0.9090909090909091,,,,,,11
pad,74,0.05,sens-MEL,,,,,,1.0,,,11
pad,74,0.05,cov-NV,,,0.9,,,,,,10
pad,74,0.05,cov-BCC,,,0.9935483870967742,,,,,,155
pad,74,0.05,sens-BCC,,,,,,1.0,,,155
pad,74,0.05,cov-AK,,,0.9454545454545454,,,,,,55
pad,74,0.05,sens-AK,,,,,,1.0,,,55
pad,74,0.05,cov-BKL,,,1.0,,,,,,9
pad,74,0.05,cov-SCC,,,0.8918918918918919,,,,,,37
pad,74,0.05,sens-SCC,,,,,,1.0,,,37
pad,74,0.1,B,22.0,False,0.8947368421052632,0.8823529411764706,,1.0,1.0,3.0526315789473686,19
pad,74,0.1,M1,25.0,False,0.8181818181818182,0.8333333333333334,0.0,1.0,1.0,2.590909090909091,22
pad,74,0.1,M2,159.0,False,0.9006211180124224,0.9093073593073594,0.0,1.0,1.0,2.9751552795031055,161
pad,74,0.1,M3,72.0,False,0.8870967741935484,0.875,0.0,1.0,1.0,2.9516129032258065,62
pad,74,0.1,M4,9.0,False,0.8,0.75,0.0,1.0,1.0,3.2,10
pad,74,0.1,M5,3.0,True,1.0,1.0,0.0,1.0,1.0,4.333333333333333,3
pad,74,0.1,cov-MEL,,,0.8181818181818182,,,,,,11
pad,74,0.1,sens-MEL,,,,,,1.0,,,11
pad,74,0.1,cov-NV,,,0.9,,,,,,10
pad,74,0.1,cov-BCC,,,0.9548387096774194,,,,,,155
pad,74,0.1,sens-BCC,,,,,,1.0,,,155
pad,74,0.1,cov-AK,,,0.9272727272727272,,,,,,55
pad,74,0.1,sens-AK,,,,,,1.0,,,55
pad,74,0.1,cov-BKL,,,0.8888888888888888,,,,,,9
pad,74,0.1,cov-SCC,,,0.5675675675675675,,,,,,37
pad,74,0.1,sens-SCC,,,,,,1.0,,,37
pad,74,0.15,B,22.0,False,0.8947368421052632,0.8823529411764706,,1.0,1.0,2.5789473684210527,19
pad,74,0.15,M1,25.0,False,0.7727272727272727,0.8,0.0,1.0,1.0,2.3636363636363638,22
pad,74,0.15,M2,159.0,False,0.8385093167701864,0.8443722943722943,0.0,1.0,1.0,2.459627329192547,161
pad,74,0.15,M3,72.0,False,0.8225806451612904,0.8229166666666666,0.0,1.0,1.0,2.3870967741935485,62
pad,74,0.15,M4,9.0,False,0.8,0.75,0.0,1.0,1.0,3.0,10
pad,74,0.15,M5,3.0,True,1.0,1.0,0.0,1.0,1.0,4.0,3
pad,74,0.15,cov-MEL,,,0.7272727272727273,,,,,,11
pad,74,0.15,sens-MEL,,,,,,1.0,,,11
pad,74,0.15,cov-NV,,,0.9,,,,,,10
pad,74,0.15,cov-BCC,,,0.9032258064516129,,,,,,155
pad,74,0.15,sens-BCC,,,,,,1.0,,,155
pad,74,0.15,cov-AK,,,0.8545454545454545,,,,,,55
pad,74,0.15,sens-AK,,,,,,1.0,,,55
pad,74,0.15,cov-BKL,,,0.8888888888888888,,,,,,9
pad,74,0.15,cov-SCC,,,0.5135135135135135,,,,,,37
pad,74,0.15,sens-SCC,,,,,,1.0,,,37
hiba,75,0.05,B,161.0,False,0.9698795180722891,0.9512987012987013,,1.0,1.0,5.891566265060241,166
hiba,75,0.05,M1,29.0,False,1.0,1.0,0.0,1.0,1.0,6.5,10
hiba,75,0.05,M2,223.0,False,0.9454545454545454,0.9646739130434783,0.0,1.0,1.0,6.336363636363636,110
hiba,75,0.05,M3,22.0,False,1.0,1.0,0.0,1.0,1.0,6.25,16
hiba,75,0.05,cov-MEL,,,1.0,,,,,,54
hiba,75,0.05,sens-MEL,,,,,,1.0,,,54
hiba,75,0.05,cov-NV,,,1.0,,,,,,134
hiba,75,0.05,cov-BCC,,,1.0,,,,,,44
hiba,75,0.05,sens-BCC,,,,,,1.0,,,44
hiba,75,0.05,cov-AK,,,0.7,,,,,,10
hiba,75,0.05,sens-AK,,,,,,1.0,,,10
hiba,75,0.05,cov-BKL,,,1.0,,,,,,13
hiba,75,0.05,cov-DF,,,0.6,,,,,,10
hiba,75,0.05,cov-VASC,,,0.8888888888888888,,,,,,9
hiba,75,0.05,cov-SCC,,,0.8928571428571429,,,,,,28
hiba,75,0.05,sens-SCC,,,,,,1.0,,,28
hiba,75,0.1,B,161.0,False,0.891566265060241,0.8625541125541124,,1.0,1.0,4.0843373493975905,166
hiba,75,0.1,M1,29.0,False,1.0,1.0,0.0,1.0,1.0,4.4,10
hiba,75,0.1,M2,223.0,False,0.8909090909090909,0.907608695652174,0.0,1.0,1.0,3.9727272727272727,110
hiba,75,0.1,M3,22.0,False,1.0,1.0,0.0,1.0,1.0,5.0625,16
hiba,75,0.1,cov-MEL,,,0.9629629629629629,,,,,,54
hiba,75,0.1,sens-MEL,,,,,,1.0,,,54
hiba,75,0.1,cov-NV,,,0.9776119402985075,,,,,,134
hiba,75,0.1,cov-BCC,,,1.0,,,,,,44
hiba,75,0.1,sens-BCC,,,,,,1.0,,,44
hiba,75,0.1,cov-AK,,,0.6,,,,,,10
hiba,75,0.1,sens-AK,,,,,,1.0,,,10
hiba,75,0.1,cov-BKL,,,0.9230769230769231,,,,,,13
hiba,75,0.1,cov-DF,,,0.2,,,,,,10
hiba,75,0.1,cov-VASC,,,0.3333333333333333,,,,,,9
hiba,75,0.1,cov-SCC,,,0.7857142857142857,,,,,,28
hiba,75,0.1,sens-SCC,,,,,,1.0,,,28
hiba,75,0.15,B,161.0,False,0.8734939759036144,0.8300865800865801,,1.0,1.0,3.5903614457831323,166
hiba,75,0.15,M1,29.0,False,1.0,1.0,0.0,1.0,1.0,3.7,10
hiba,75,0.15,M2,223.0,False,0.8181818181818182,0.8333333333333334,0.0,1.0,1.0,3.4363636363636365,110
hiba,75,0.15,M3,22.0,False,1.0,1.0,0.0,1.0,1.0,4.0625,16
hiba,75,0.15,cov-MEL,,,0.9444444444444444,,,,,,54
hiba,75,0.15,sens-MEL,,,,,,1.0,,,54
hiba,75,0.15,cov-NV,,,0.9776119402985075,,,,,,134
hiba,75,0.15,cov-BCC,,,0.9772727272727273,,,,,,44
hiba,75,0.15,sens-BCC,,,,,,1.0,,,44
hiba,75,0.15,cov-AK,,,0.5,,,,,,10
hiba,75,0.15,sens-AK,,,,,,1.0,,,10
hiba,75,0.15,cov-BKL,,,0.7692307692307693,,,,,,13
hiba,75,0.15,cov-DF,,,0.2,,,,,,10
hiba,75,0.15,cov-VASC,,,0.2222222222222222,,,,,,9
hiba,75,0.15,cov-SCC,,,0.6071428571428571,,,,,,28
hiba,75,0.15,sens-SCC,,,,,,1.0,,,28
pad,75,0.05,B,24.0,False,1.0,1.0,,1.0,1.0,4.529411764705882,17
pad,75,0.05,M1,22.0,False,1.0,1.0,0.0,1.0,1.0,4.529411764705882,34
pad,75,0.05,M2,172.0,False,0.9868421052631579,0.986254295532646,0.0,1.0,1.0,4.322368421052632,152
pad,75,0.05,M3,73.0,False,0.9230769230769231,0.9042553191489362,0.0,1.0,1.0,3.8,65
pad,75,0.05,M4,9.0,True,1.0,1.0,0.0,1.0,1.0,5.555555555555555,9
pad,75,0.05,M5,2.0,True,1.0,1.0,0.0,1.0,1.0,5.25,4
pad,75,0.05,cov-MEL,,,0.875,,,,,,8
pad,75,0.05,sens-MEL,,,,,,1.0,,,8
pad,75,0.05,cov-NV,,,1.0,,,,,,9
pad,75,0.05,cov-BCC,,,0.9878048780487805,,,,,,164
pad,75,0.05,sens-BCC,,,,,,1.0,,,164
pad,75,0.05,cov-AK,,,1.0,,,,,,53
pad,75,0.05,sens-AK,,,,,,1.0,,,53
pad,75,0.05,cov-BKL,,,1.0,,,,,,8
pad,75,0.05,cov-SCC,,,0.8974358974358975,,,,,,39
pad,75,0.05,sens-SCC,,,,,,1.0,,,39
pad,75,0.1,B,24.0,False,1.0,1.0,,1.0,1.0,3.764705882352941,17
pad,75,0.1,M1,22.0,False,0.9117647058823529,0.9166666666666666,0.0,1.0,1.0,3.588235294117647,34
pad,75,0.1,M2,172.0,False,0.9144736842105263,0.908321060382916,0.0,1.0,1.0,3.5921052631578947,152
pad,75,0.1,M3,73.0,False,0.8923076923076924,0.8723404255319149,0.0,1.0,1.0,3.292307692307692,65
pad,75,0.1,M4,9.0,False,0.8888888888888888,0.875,0.0,1.0,1.0,4.111111111111111,9
pad,75,0.1,M5,2.0,True,1.0,1.0,0.0,1.0,1.0,5.25,4
pad,75,0.1,cov-MEL,,,0.75,,,,,,8
pad,75,0.1,sens-MEL,,,,,,1.0,,,8
pad,75,0.1,cov-NV,,,1.0,,,,,,9
pad,75,0.1,cov-BCC,,,0.9512195121951219,,,,,,164
pad,75,0.1,sens-BCC,,,,,,1.0,,,164
pad,75,0.1,cov-AK,,,0.9811320754716981,,,,,,53
pad,75,0.1,sens-AK,,,,,,1.0,,,53
pad,75,0.1,cov-BKL,,,1.0,,,,,,8
pad,75,0.1,cov-SCC,,,0.6666666666666666,,,,,,39
pad,75,0.1,sens-SCC,,,,,,1.0,,,39
pad,75,0.15,B,24.0,False,1.0,1.0,,1.0,1.0,3.0588235294117645,17
pad,75,0.15,M1,22.0,False,0.9117647058823529,0.9166666666666666,0.0,1.0,1.0,2.9705882352941178,34
pad,75,0.15,M2,172.0,False,0.8486842105263158,0.8510063819342171,0.0,1.0,1.0,2.5789473684210527,152
pad,75,0.15,M3,73.0,False,0.8153846153846154,0.8085106382978723,0.0,1.0,1.0,2.4923076923076923,65
pad,75,0.15,M4,9.0,False,0.8888888888888888,0.875,0.0,1.0,1.0,3.6666666666666665,9
pad,75,0.15,M5,2.0,True,1.0,1.0,0.0,1.0,1.0,4.75,4
pad,75,0.15,cov-MEL,,,0.625,,,,,,8
pad,75,0.15,sens-MEL,,,,,,1.0,,,8
pad,75,0.15,cov-NV,,,1.0,,,,,,9
pad,75,0.15,cov-BCC,,,0.9146341463414634,,,,,,164
pad,75,0.15,sens-BCC,,,,,,1.0,,,164
pad,75,0.15,cov-AK,,,0.9811320754716981,,,,,,53
pad,75,0.15,sens-AK,,,,,,1.0,,,53
pad,75,0.15,cov-BKL,,,1.0,,,,,,8
pad,75,0.15,cov-SCC,,,0.46153846153846156,,,,,,39
pad,75,0.15,sens-SCC,,,,,,1.0,,,39
hiba,76,0.05,B,167.0,False,1.0,1.0,,1.0,1.0,6.051612903225807,155
hiba,76,0.05,M1,22.0,False,0.8888888888888888,0.8888888888888888,0.0,1.0,1.0,5.666666666666667,18
hiba,76,0.05,M2,223.0,False,0.957983193277311,0.9510869565217391,0.0,1.0,1.0,6.764705882352941,119
hiba,76,0.05,M3,19.0,False,1.0,1.0,0.0,1.0,1.0,6.913043478260869,23
hiba,76,0.05,cov-MEL,,,1.0,,,,,,51
hiba,76,0.05,sens-MEL,,,,,,1.0,,,51
hiba,76,0.05,cov-NV,,,1.0,,,,,,118
hiba,76,0.05,cov-BCC,,,0.9733333333333334,,,,,,75
hiba,76,0.05,sens-BCC,,,,,,1.0,,,75
hiba,76,0.05,cov-AK,,,0.9285714285714286,,,,,,14
hiba,76,0.05,sens-AK,,,,,,1.0,,,14
hiba,76,0.05,cov-BKL,,,1.0,,,,,,19
hiba,76,0.05,cov-DF,,,1.0,,,,,,10
hiba,76,0.05,cov-VASC,,,1.0,,,,,,8
hiba,76,0.05,cov-SCC,,,0.8,,,,,,20
hiba,76,0.05,sens-SCC,,,,,,1.0,,,20
hiba,76,0.1,B,167.0,False,0.967741935483871,0.9530516431924884,,1.0,1.0,4.212903225806452,155
hiba,76,0.1,M1,22.0,False,0.8333333333333334,0.8472222222222222,0.0,1.0,1.0,4.277777777777778,18
hiba,76,0.1,M2,223.0,False,0.9327731092436975,0.9239130434782609,0.0,1.0,1.0,4.495798319327731,119
hiba,76,0.1,M3,19.0,False,1.0,1.0,0.0,1.0,1.0,5.3478260869565215,23
hiba,76,0.1,cov-MEL,,,0.9803921568627451,,,,,,51
hiba,76,0.1,sens-MEL,,,,,,1.0,,,51
hiba,76,0.1,cov-NV,,,1.0,,,,,,118
hiba,76,0.1,cov-BCC,,,0.9466666666666667,,,,,,75
hiba,76,0.1,sens-BCC,,,,,,1.0,,,75
hiba,76,0.1,cov-AK,,,0.9285714285714286,,,,,,14
hiba,76,0.1,sens-AK,,,,,,1.0,,,14
hiba,76,0.1,cov-BKL,,,1.0,,,,,,19
hiba,76,0.1,cov-DF,,,0.6,,,,,,10
hiba,76,0.1,cov-VASC,,,0.875,,,,,,8
hiba,76,0.1,cov-SCC,,,0.75,,,,,,20
hiba,76,0.1,sens-SCC,,,,,,1.0,,,20
hiba,76,0.15,B,167.0,False,0.967741935483871,0.9530516431924884,,1.0,1.0,3.6258064516129034,155
hiba,76,0.15,M1,22.0,False,0.8333333333333334,0.8472222222222222,0.0,1.0,1.0,3.5555555555555554,18
hiba,76,0.15,M2,223.0,False,0.8571428571428571,0.8623188405797101,0.0,1.0,1.0,3.8151260504201683,119
hiba,76,0.15,M3,19.0,False,1.0,1.0,0.0,1.0,1.0,4.478260869565218,23
hiba,76,0.15,cov-MEL,,,0.9607843137254902,,,,,,51
hiba,76,0.15,sens-MEL,,,,,,1.0,,,51
hiba,76,0.15,cov-NV,,,1.0,,,,,,118
hiba,76,0.15,cov-BCC,,,0.9066666666666666,,,,,,75
hiba,76,0.15,sens-BCC,,,,,,1.0,,,75
hiba,76,0.15,cov-AK,,,0.8571428571428571,,,,,,14
hiba,76,0.15,sens-AK,,,,,,1.0,,,14
hiba,76,0.15,cov-BKL,,,1.0,,,,,,19
hiba,76,0.15,cov-DF,,,0.6,,,,,,10
hiba,76,0.15,cov-VASC,,,0.875,,,,,,8
hiba,76,0.15,cov-SCC,,,0.55,,,,,,20
hiba,76,0.15,sens-SCC,,,,,,1.0,,,20
pad,76,0.05,B,26.0,False,0.9333333333333333,0.9230769230769231,,1.0,1.0,4.2,15
pad,76,0.05,M1,20.0,False,0.8055555555555556,0.7958333333333333,0.0,1.0,1.0,3.3333333333333335,36
pad,76,0.05,M2,166.0,False,0.9647887323943662,0.9757281553398058,0.0,1.0,1.0,4.288732394366197,142
pad,76,0.05,M3,71.0,False,0.9358974358974359,0.9183673469387755,0.0,1.0,1.0,3.858974358974359,78
pad,76,0.05,M4,9.0,True,1.0,1.0,0.0,1.0,1.0,5.363636363636363,11
pad,76,0.05,M5,4.0,True,1.0,1.0,0.0,1.0,1.0,5.0,1
pad,76,0.05,cov-MEL,,,0.9,,,,,,10
pad,76,0.05,sens-MEL,,,,,,1.0,,,10
pad,76,0.05,cov-NV,,,0.9090909090909091,,,,,,11
pad,76,0.05,cov-BCC,,,0.9705882352941176,,,,,,170
pad,76,0.05,sens-BCC,,,,,,1.0,,,170
pad,76,0.05,cov-AK,,,0.9245283018867925,,,,,,53
pad,76,0.05,sens-AK,,,,,,1.0,,,53
pad,76,0.05,cov-BKL,,,1.0,,,,,,4
pad,76,0.05,cov-SCC,,,0.8,,,,,,35
pad,76,0.05,sens-SCC,,,,,,1.0,,,35
pad,76,0.1,B,26.0,False,0.9333333333333333,0.9230769230769231,,1.0,1.0,3.066666666666667,15
pad,76,0.1,M1,20.0,False,0.7777777777777778,0.7708333333333333,0.0,1.0,1.0,2.638888888888889,36
pad,76,0.1,M2,166.0,False,0.9295774647887324,0.9368932038834952,0.0,1.0,1.0,3.0704225352112675,142
pad,76,0.1,M3,71.0,False,0.8717948717948718,0.8520408163265306,0.0,1.0,1.0,2.7435897435897436,78
pad,76,0.1,M4,9.0,False,0.9090909090909091,0.875,0.0,1.0,1.0,3.6363636363636362,11
pad,76,0.1,M5,4.0,True,1.0,1.0,0.0,1.0,1.0,4.0,1
pad,76,0.1,cov-MEL,,,0.8,,,,,,10
pad,76,0.1,sens-MEL,,,,,,1.0,,,10
pad,76,0.1,cov-NV,,,0.9090909090909091,,,,,,11
pad,76,0.1,cov-BCC,,,0.9647058823529412,,,,,,170
pad,76,0.1,sens-BCC,,,,,,1.0,,,170
pad,76,0.1,cov-AK,,,0.8679245283018868,,,,,,53
pad,76,0.1,sens-AK,,,,,,1.0,,,53
pad,76,0.1,cov-BKL,,,1.0,,,,,,4
pad,76,0.1,cov-SCC,,,0.6,,,,,,35
pad,76,0.1,sens-SCC,,,,,,1.0,,,35
pad,76,0.15,B,26.0,False,0.9333333333333333,0.9230769230769231,,1.0,1.0,2.6,15
pad,76,0.15,M1,20.0,False,0.7222222222222222,0.7333333333333333,0.0,1.0,1.0,2.1944444444444446,36
pad,76,0.15,M2,166.0,False,0.8661971830985915,0.8543689320388349,0.0,1.0,1.0,2.4788732394366195,142
pad,76,0.15,M3,71.0,False,0.782051282051282,0.75,0.0,1.0,1.0,2.051282051282051,78
pad,76,0.15,M4,9.0,False,0.9090909090909091,0.875,0.0,1.0,1.0,3.3636363636363638,11
pad,76,0.15,M5,4.0,True,1.0,1.0,0.0,1.0,1.0,4.0,1
pad,76,0.15,cov-MEL,,,0.7,,,,,,10
pad,76,0.15,sens-MEL,,,,,,1.0,,,10
pad,76,0.15,cov-NV,,,0.9090909090909091,,,,,,11
pad,76,0.15,cov-BCC,,,0.8764705882352941,,,,,,170
pad,76,0.15,sens-BCC,,,,,,1.0,,,170
pad,76,0.15,cov-AK,,,0.8679245283018868,,,,,,53
pad,76,0.15,sens-AK,,,,,,1.0,,,53
pad,76,0.15,cov-BKL,,,1.0,,,,,,4
pad,76,0.15,cov-SCC,,,0.5428571428571428,,,,,,35
pad,76,0.15,sens-SCC,,,,,,1.0,,,35
hiba,77,0.05,B,157.0,False,0.995049504950495,0.9876543209876543,,1.0,1.0,6.143564356435643,202
hiba,77,0.05,M1,27.0,False,0.75,0.7142857142857143,0.0,1.0,1.0,5.75,8
hiba,77,0.05,M2,225.0,False,0.9907407407407407,0.9888888888888889,0.0,1.0,1.0,6.824074074074074,108
hiba,77,0.05,M3,21.0,False,1.0,1.0,0.0,1.0,1.0,7.0,13
hiba,77,0.05,cov-MEL,,,1.0,,,,,,46
hiba,77,0.05,sens-MEL,,,,,,1.0,,,46
hiba,77,0.05,cov-NV,,,1.0,,,,,,164
hiba,77,0.05,cov-BCC,,,0.96875,,,,,,64
hiba,77,0.05,sens-BCC,,,,,,1.0,,,64
hiba,77,0.05,cov-AK,,,1.0,,,,,,5
hiba,77,0.05,sens-AK,,,,,,1.0,,,5
hiba,77,0.05,cov-BKL,,,1.0,,,,,,14
hiba,77,0.05,cov-DF,,,0.9411764705882353,,,,,,17
hiba,77,0.05,cov-VASC,,,1.0,,,,,,7
hiba,77,0.05,cov-SCC,,,0.9285714285714286,,,,,,14
hiba,77,0.05,sens-SCC,,,,,,1.0,,,14
hiba,77,0.1,B,157.0,False,0.9455445544554455,0.9156378600823044,,1.0,1.0,4.52970297029703,202
hiba,77,0.1,M1,27.0,False,0.75,0.7142857142857143,0.0,1.0,1.0,4.5,8
hiba,77,0.1,M2,225.0,False,0.9629629629629629,0.9555555555555556,0.0,1.0,1.0,4.555555555555555,108
hiba,77,0.1,M3,21.0,False,1.0,1.0,0.0,1.0,1.0,5.076923076923077,13
hiba,77,0.1,cov-MEL,,,0.9782608695652174,,,,,,46
hiba,77,0.1,sens-MEL,,,,,,1.0,,,46
hiba,77,0.1,cov-NV,,,0.9939024390243902,,,,,,164
hiba,77,0.1,cov-BCC,,,0.953125,,,,,,64
hiba,77,0.1,sens-BCC,,,,,,1.0,,,64
hiba,77,0.1,cov-AK,,,1.0,,,,,,5
hiba,77,0.1,sens-AK,,,,,,1.0,,,5
hiba,77,0.1,cov-BKL,,,1.0,,,,,,14
hiba,77,0.1,cov-DF,,,0.5882352941176471,,,,,,17
hiba,77,0.1,cov-VASC,,,0.5714285714285714,,,,,,7
hiba,77,0.1,cov-SCC,,,0.8571428571428571,,,,,,14
hiba,77,0.1,sens-SCC,,,,,,1.0,,,14
hiba,77,0.15,B,157.0,False,0.8960396039603961,0.8127572016460904,,1.0,1.0,3.3118811881188117,202
hiba,77,0.15,M1,27.0,False,0.75,0.7142857142857143,0.0,1.0,1.0,3.5,8
hiba,77,0.15,M2,225.0,False,0.8333333333333334,0.8305555555555556,0.0,1.0,1.0,3.425925925925926,108
hiba,77,0.15,M3,21.0,False,1.0,1.0,0.0,1.0,1.0,3.923076923076923,13
hiba,77,0.15,cov-MEL,,,0.8913043478260869,,,,,,46
hiba,77,0.15,sens-MEL,,,,,,1.0,,,46
hiba,77,0.15,cov-NV,,,0.9817073170731707,,,,,,164
hiba,77,0.15,cov-BCC,,,0.84375,,,,,,64
hiba,77,0.15,sens-BCC,,,,,,1.0,,,64
hiba,77,0.15,cov-AK,,,0.8,,,,,,5
hiba,77,0.15,sens-AK,,,,,,1.0,,,5
hiba,77,0.15,cov-BKL,,,0.7857142857142857,,,,,,14
hiba,77,0.15,cov-DF,,,0.35294117647058826,,,,,,17
hiba,77,0.15,cov-VASC,,,0.42857142857142855,,,,,,7
hiba,77,0.15,cov-SCC,,,0.7142857142857143,,,,,,14
hiba,77,0.15,sens-SCC,,,,,,1.0,,,14
pad,77,0.05,B,25.0,False,1.0,1.0,,1.0,1.0,4.1875,16
pad,77,0.05,M1,29.0,False,0.9333333333333333,0.9090909090909091,0.0,1.0,1.0,3.4,15
pad,77,0.05,M2,165.0,False,0.9113924050632911,0.9184981684981686,0.0,1.0,1.0,3.8354430379746836,158
pad,77,0.05,M3,71.0,False,0.9682539682539683,0.9591836734693877,0.0,1.0,1.0,4.238095238095238,63
pad,77,0.05,M4,9.0,True,1.0,1.0,0.0,1.0,1.0,5.625,8
pad,77,0.05,M5,2.0,True,1.0,1.0,0.0,1.0,1.0,5.25,4
pad,77,0.05,cov-MEL,,,1.0,,,,,,6
pad,77,0.05,sens-MEL,,,,,,1.0,,,6
pad,77,0.05,cov-NV,,,1.0,,,,,,9
pad,77,0.05,cov-BCC,,,0.9798657718120806,,,,,,149
pad,77,0.05,sens-BCC,,,,,,1.0,,,149
pad,77,0.05,cov-AK,,,0.9375,,,,,,48
pad,77,0.05,sens-AK,,,,,,1.0,,,48
pad,77,0.05,cov-BKL,,,1.0,,,,,,7
pad,77,0.05,cov-SCC,,,0.7555555555555555,,,,,,45
pad,77,0.05,sens-SCC,,,,,,1.0,,,45
pad,77,0.1,B,25.0,False,1.0,1.0,,1.0,1.0,3.625,16
pad,77,0.1,M1,29.0,False,0.8666666666666667,0.8181818181818182,0.0,1.0,1.0,3.1333333333333333,15
pad,77,0.1,M2,165.0,False,0.8607594936708861,0.863209706959707,0.0,1.0,1.0,3.5316455696202533,158
pad,77,0.1,M3,71.0,False,0.8888888888888888,0.8673469387755102,0.0,1.0,1.0,3.492063492063492,63
pad,77,0.1,M4,9.0,False,1.0,1.0,0.0,1.0,1.0,5.0,8
pad,77,0.1,M5,2.0,True,1.0,1.0,0.0,1.0,1.0,5.25,4
pad,77,0.1,cov-MEL,,,0.8333333333333334,,,,,,6
pad,77,0.1,sens-MEL,,,,,,1.0,,,6
pad,77,0.1,cov-NV,,,1.0,,,,,,9
pad,77,0.1,cov-BCC,,,0.9328859060402684,,,,,,149
pad,77,0.1,sens-BCC,,,,,,1.0,,,149
pad,77,0.1,cov-AK,,,0.9375,,,,,,48
pad,77,0.1,sens-AK,,,,,,1.0,,,48
pad,77,0.1,cov-BKL,,,1.0,,,,,,7
pad,77,0.1,cov-SCC,,,0.6222222222222222,,,,,,45
pad,77,0.1,sens-SCC,,,,,,1.0,,,45
pad,77,0.15,B,25.0,False,0.875,0.8571428571428571,,1.0,1.0,3.0625,16
pad,77,0.15,M1,29.0,False,0.8666666666666667,0.8181818181818182,0.0,1.0,1.0,2.2666666666666666,15
pad,77,0.15,M2,165.0,False,0.8354430379746836,0.8442078754578755,0.0,1.0,1.0,2.462025316455696,158
pad,77,0.15,M3,71.0,False,0.8253968253968254,0.7959183673469388,0.0,1.0,1.0,2.365079365079365,63
pad,77,0.15,M4,9.0,False,1.0,1.0,0.0,1.0,1.0,4.25,8
pad,77,0.15,M5,2.0,True,1.0,1.0,0.0,1.0,1.0,4.25,4
pad,77,0.15,cov-MEL,,,0.8333333333333334,,,,,,6
pad,77,0.15,sens-MEL,,,,,,1.0,,,6
pad,77,0.15,cov-NV,,,0.8888888888888888,,,,,,9
pad,77,0.15,cov-BCC,,,0.9060402684563759,,,,,,149
pad,77,0.15,sens-BCC,,,,,,1.0,,,149
pad,77,0.15,cov-AK,,,0.9375,,,,,,48
pad,77,0.15,sens-AK,,,,,,1.0,,,48
pad,77,0.15,cov-BKL,,,0.8571428571428571,,,,,,7
pad,77,0.15,cov-SCC,,,0.5333333333333333,,,,,,45
pad,77,0.15,sens-SCC,,,,,,1.0,,,45
hiba,78,0.05,B,164.0,False,0.9826086956521739,0.9459459459459459,,1.0,1.0,5.891304347826087,230
hiba,78,0.05,M1,24.0,False,1.0,1.0,0.0,1.0,1.0,6.2,15
hiba,78,0.05,M2,224.0,False,0.9823008849557522,0.978021978021978,0.0,1.0,1.0,6.389380530973451,113
hiba,78,0.05,M3,23.0,False,1.0,1.0,0.0,1.0,1.0,6.578947368421052,19
hiba,78,0.05,cov-MEL,,,1.0,,,,,,55
hiba,78,0.05,sens-MEL,,,,,,1.0,,,55
hiba,78,0.05,cov-NV,,,1.0,,,,,,188
hiba,78,0.05,cov-BCC,,,1.0,,,,,,56
hiba,78,0.05,sens-BCC,,,,,,1.0,,,56
hiba,78,0.05,cov-AK,,,1.0,,,,,,13
hiba,78,0.05,sens-AK,,,,,,1.0,,,13
hiba,78,0.05,cov-BKL,,,1.0,,,,,,21
hiba,78,0.05,cov-DF,,,0.5555555555555556,,,,,,9
hiba,78,0.05,cov-VASC,,,1.0,,,,,,12
hiba,78,0.05,cov-SCC,,,0.9130434782608695,,,,,,23
hiba,78,0.05,sens-SCC,,,,,,1.0,,,23
hiba,78,0.1,B,164.0,False,0.9565217391304348,0.8873873873873874,,1.0,1.0,3.5695652173913044,230
hiba,78,0.1,M1,24.0,False,1.0,1.0,0.0,1.0,1.0,4.6,15
hiba,78,0.1,M2,224.0,False,0.9026548672566371,0.8901098901098901,0.0,1.0,1.0,4.035398230088496,113
hiba,78,0.1,M3,23.0,False,0.8947368421052632,0.8181818181818182,0.0,1.0,1.0,3.4210526315789473,19
hiba,78,0.1,cov-MEL,,,0.9454545454545454,,,,,,55
hiba,78,0.1,sens-MEL,,,,,,1.0,,,55
hiba,78,0.1,cov-NV,,,0.9946808510638298,,,,,,188
hiba,78,0.1,cov-BCC,,,0.9642857142857143,,,,,,56
hiba,78,0.1,sens-BCC,,,,,,1.0,,,56
hiba,78,0.1,cov-AK,,,0.9230769230769231,,,,,,13
hiba,78,0.1,sens-AK,,,,,,1.0,,,13
hiba,78,0.1,cov-BKL,,,1.0,,,,,,21
hiba,78,0.1,cov-DF,,,0.1111111111111111,,,,,,9
hiba,78,0.1,cov-VASC,,,0.9166666666666666,,,,,,12
hiba,78,0.1,cov-SCC,,,0.6956521739130435,,,,,,23
hiba,78,0.1,sens-SCC,,,,,,1.0,,,23
hiba,78,0.15,B,164.0,False,0.9434782608695652,0.8558558558558559,,1.0,1.0,3.1,230
hiba,78,0.15,M1,24.0,False,0.8666666666666667,0.85,0.0,1.0,1.0,3.6,15
hiba,78,0.15,M2,224.0,False,0.8584070796460177,0.8571428571428571,0.0,1.0,1.0,3.495575221238938,113
hiba,78,0.15,M3,23.0,False,0.7894736842105263,0.7878787878787878,0.0,1.0,1.0,2.6842105263157894,19
hiba,78,0.15,cov-MEL,,,0.9272727272727272,,,,,,55
hiba,78,0.15,sens-MEL,,,,,,1.0,,,55
hiba,78,0.15,cov-NV,,,0.9840425531914894,,,,,,188
hiba,78,0.15,cov-BCC,,,0.875,,,,,,56
hiba,78,0.15,sens-BCC,,,,,,1.0,,,56
hiba,78,0.15,cov-AK,,,0.8461538461538461,,,,,,13
hiba,78,0.15,sens-AK,,,,,,1.0,,,13
hiba,78,0.15,cov-BKL,,,0.9523809523809523,,,,,,21
hiba,78,0.15,cov-DF,,,0.1111111111111111,,,,,,9
hiba,78,0.15,cov-VASC,,,0.9166666666666666,,,,,,12
hiba,78,0.15,cov-SCC,,,0.6086956521739131,,,,,,23
hiba,78,0.15,sens-SCC,,,,,,1.0,,,23
pad,78,0.05,B,25.0,False,1.0,1.0,,1.0,1.0,4.0,14
pad,78,0.05,M1,25.0,False,1.0,1.0,0.0,1.0,1.0,4.2,30
pad,78,0.05,M2,159.0,False,0.9390243902439024,0.9487012987012987,0.0,1.0,1.0,4.128048780487805,164
pad,78,0.05,M3,80.0,False,1.0,1.0,0.0,1.0,1.0,4.345454545454546,55
pad,78,0.05,M4,10.0,True,1.0,1.0,0.0,1.0,1.0,5.333333333333333,9
pad,78,0.05,M5,2.0,True,1.0,1.0,0.0,1.0,1.0,5.25,4
pad,78,0.05,cov-MEL,,,1.0,,,,,,9
pad,78,0.05,sens-MEL,,,,,,1.0,,,9
pad,78,0.05,cov-NV,,,1.0,,,,,,8
pad,78,0.05,cov-BCC,,,0.987012987012987,,,,,,154
pad,78,0.05,sens-BCC,,,,,,1.0,,,154
pad,78,0.05,cov-AK,,,0.9508196721311475,,,,,,61
pad,78,0.05,sens-AK,,,,,,1.0,,,61
pad,78,0.05,cov-BKL,,,1.0,,,,,,6
pad,78,0.05,cov-SCC,,,0.868421052631579,,,,,,38
pad,78,0.05,sens-SCC,,,,,,1.0,,,38
pad,78,0.1,B,25.0,False,1.0,1.0,,1.0,1.0,3.357142857142857,14
pad,78,0.1,M1,25.0,False,0.9,0.8833333333333333,0.0,1.0,1.0,3.5,30
pad,78,0.1,M2,159.0,False,0.9085365853658537,0.9214285714285715,0.0,1.0,1.0,3.6707317073170733,164
pad,78,0.1,M3,80.0,False,0.9818181818181818,0.975,0.0,1.0,1.0,3.8181818181818183,55
pad,78,0.1,M4,10.0,False,1.0,1.0,0.0,1.0,1.0,5.0,9
pad,78,0.1,M5,2.0,True,1.0,1.0,0.0,1.0,1.0,5.25,4
pad,78,0.1,cov-MEL,,,1.0,,,,,,9
pad,78,0.1,sens-MEL,,,,,,1.0,,,9
pad,78,0.1,cov-NV,,,1.0,,,,,,8
pad,78,0.1,cov-BCC,,,0.974025974025974,,,,,,154
pad,78,0.1,sens-BCC,,,,,,1.0,,,154
pad,78,0.1,cov-AK,,,0.9180327868852459,,,,,,61
pad,78,0.1,sens-AK,,,,,,1.0,,,61
pad,78,0.1,cov-BKL,,,1.0,,,,,,6
pad,78,0.1,cov-SCC,,,0.7368421052631579,,,,,,38
pad,78,0.1,sens-SCC,,,,,,1.0,,,38
pad,78,0.15,B,25.0,False,0.9285714285714286,0.9285714285714286,,1.0,1.0,2.857142857142857,14
pad,78,0.15,M1,25.0,False,0.8333333333333334,0.8166666666666667,0.0,1.0,1.0,2.566666666666667,30
pad,78,0.15,M2,159.0,False,0.8780487804878049,0.8865800865800867,0.0,1.0,1.0,2.823170731707317,164
pad,78,0.15,M3,80.0,False,0.9272727272727272,0.9125,0.0,1.0,1.0,2.8363636363636364,55
pad,78,0.15,M4,10.0,False,1.0,1.0,0.0,1.0,1.0,4.444444444444445,9
pad,78,0.15,M5,2.0,True,1.0,1.0,0.0,1.0,1.0,4.75,4
pad,78,0.15,cov-MEL,,,1.0,,,,,,9
pad,78,0.15,sens-MEL,,,,,,1.0,,,9
pad,78,0.15,cov-NV,,,1.0,,,,,,8
pad,78,0.15,cov-BCC,,,0.9415584415584416,,,,,,154
pad,78,0.15,sens-BCC,,,,,,1.0,,,154
pad,78,0.15,cov-AK,,,0.9016393442622951,,,,,,61
pad,78,0.15,sens-AK,,,,,,1.0,,,61
pad,78,0.15,cov-BKL,,,0.8333333333333334,,,,,,6
pad,78,0.15,cov-SCC,,,0.631578947368421,,,,,,38
pad,78,0.15,sens-SCC,,,,,,1.0,,,38
hiba,79,0.05,B,162.0,False,0.9601990049751243,0.9122807017543861,,1.0,1.0,5.378109452736318,201
hiba,79,0.05,M1,27.0,False,1.0,1.0,0.0,1.0,1.0,6.0,11
hiba,79,0.05,M2,220.0,False,0.9763779527559056,0.9736842105263158,0.0,1.0,1.0,6.070866141732283,127
hiba,79,0.05,M3,25.0,False,0.8181818181818182,0.7777777777777778,0.0,1.0,1.0,5.454545454545454,11
hiba,79,0.05,cov-MEL,,,1.0,,,,,,43
hiba,79,0.05,sens-MEL,,,,,,1.0,,,43
hiba,79,0.05,cov-NV,,,1.0,,,,,,164
hiba,79,0.05,cov-BCC,,,0.9852941176470589,,,,,,68
hiba,79,0.05,sens-BCC,,,,,,1.0,,,68
hiba,79,0.05,cov-AK,,,0.9230769230769231,,,,,,13
hiba,79,0.05,sens-AK,,,,,,1.0,,,13
hiba,79,0.05,cov-BKL,,,1.0,,,,,,10
hiba,79,0.05,cov-DF,,,0.6153846153846154,,,,,,13
hiba,79,0.05,cov-VASC,,,0.7857142857142857,,,,,,14
hiba,79,0.05,cov-SCC,,,0.88,,,,,,25
hiba,79,0.05,sens-SCC,,,,,,1.0,,,25
hiba,79,0.1,B,162.0,False,0.9253731343283582,0.8475877192982455,,1.0,1.0,3.671641791044776,201
hiba,79,0.1,M1,27.0,False,1.0,1.0,0.0,1.0,1.0,4.7272727272727275,11
hiba,79,0.1,M2,220.0,False,0.9291338582677166,0.9236842105263158,0.0,1.0,1.0,4.125984251968504,127
hiba,79,0.1,M3,25.0,False,0.8181818181818182,0.7777777777777778,0.0,1.0,1.0,3.909090909090909,11
hiba,79,0.1,cov-MEL,,,1.0,,,,,,43
hiba,79,0.1,sens-MEL,,,,,,1.0,,,43
hiba,79,0.1,cov-NV,,,0.9939024390243902,,,,,,164
hiba,79,0.1,cov-BCC,,,0.9852941176470589,,,,,,68
hiba,79,0.1,sens-BCC,,,,,,1.0,,,68
hiba,79,0.1,cov-AK,,,0.7692307692307693,,,,,,13
hiba,79,0.1,sens-AK,,,,,,1.0,,,13
hiba,79,0.1,cov-BKL,,,0.9,,,,,,10
hiba,79,0.1,cov-DF,,,0.38461538461538464,,,,,,13
hiba,79,0.1,cov-VASC,,,0.6428571428571429,,,,,,14
hiba,79,0.1,cov-SCC,,,0.72,,,,,,25
hiba,79,0.1,sens-SCC,,,,,,1.0,,,25
hiba,79,0.15,B,162.0,False,0.9154228855721394,0.8212719298245613,,0.9950248756218906,0.9997911445279867,3.0696517412935322,201
hiba,79,0.15,M1,27.0,False,1.0,1.0,0.0,1.0,1.0,4.0,11
hiba,79,0.15,M2,220.0,False,0.8267716535433071,0.8242105263157894,0.0,1.0,1.0,3.3622047244094486,127
hiba,79,0.15,M3,25.0,False,0.7272727272727273,0.7222222222222222,0.0,1.0,1.0,3.090909090909091,11
hiba,79,0.15,cov-MEL,,,0.9302325581395349,,,,,,43
hiba,79,0.15,sens-MEL,,,,,,1.0,,,43
hiba,79,0.15,cov-NV,,,0.9878048780487805,,,,,,164
hiba,79,0.15,cov-BCC,,,0.8970588235294118,,,,,,68
hiba,79,0.15,sens-BCC,,,,,,1.0,,,68
hiba,79,0.15,cov-AK,,,0.7692307692307693,,,,,,13
hiba,79,0.15,sens-AK,,,,,,1.0,,,13
hiba,79,0.15,cov-BKL,,,0.9,,,,,,10
hiba,79,0.15,cov-DF,,,0.3076923076923077,,,,,,13
hiba,79,0.15,cov-VASC,,,0.6428571428571429,,,,,,14
hiba,79,0.15,cov-SCC,,,0.52,,,,,,25
hiba,79,0.15,sens-SCC,,,,,,1.0,,,25
pad,79,0.05,B,21.0,False,1.0,1.0,,1.0,1.0,4.368421052631579,19
pad,79,0.05,M1,17.0,True,1.0,1.0,0.0,1.0,1.0,5.162162162162162,37
pad,79,0.05,M2,150.0,False,0.9378531073446328,0.9371748699479792,0.0,1.0,1.0,4.146892655367232,177
pad,79,0.05,M3,76.0,False,0.9516129032258065,0.9318181818181818,0.0,1.0,1.0,4.193548387096774,62
pad,79,0.05,M4,10.0,True,1.0,1.0,0.0,1.0,1.0,5.555555555555555,9
pad,79,0.05,M5,2.0,True,1.0,1.0,0.0,1.0,1.0,5.25,4
pad,79,0.05,cov-MEL,,,0.9,,,,,,10
pad,79,0.05,sens-MEL,,,,,,1.0,,,10
pad,79,0.05,cov-NV,,,1.0,,,,,,10
pad,79,0.05,cov-BCC,,,0.9880239520958084,,,,,,167
pad,79,0.05,sens-BCC,,,,,,1.0,,,167
pad,79,0.05,cov-AK,,,0.9242424242424242,,,,,,66
pad,79,0.05,sens-AK,,,,,,1.0,,,66
pad,79,0.05,cov-BKL,,,1.0,,,,,,9
pad,79,0.05,cov-SCC,,,0.8695652173913043,,,,,,46
pad,79,0.05,sens-SCC,,,,,,1.0,,,46
pad,79,0.1,B,21.0,False,1.0,1.0,,1.0,1.0,3.6842105263157894,19
pad,79,0.1,M1,17.0,False,0.8378378378378378,0.8876811594202899,0.0,1.0,1.0,3.5675675675675675,37
pad,79,0.1,M2,150.0,False,0.847457627118644,0.8440376150460185,0.0,1.0,1.0,3.468926553672316,177
pad,79,0.1,M3,76.0,False,0.9032258064516129,0.8636363636363636,0.0,1.0,1.0,3.6129032258064515,62
pad,79,0.1,M4,10.0,False,1.0,1.0,0.0,1.0,1.0,5.111111111111111,9
pad,79,0.1,M5,2.0,True,1.0,1.0,0.0,1.0,1.0,5.25,4
pad,79,0.1,cov-MEL,,,0.9,,,,,,10
pad,79,0.1,sens-MEL,,,,,,1.0,,,10
pad,79,0.1,cov-NV,,,1.0,,,,,,10
pad,79,0.1,cov-BCC,,,0.9341317365269461,,,,,,167
pad,79,0.1,sens-BCC,,,,,,1.0,,,167
pad,79,0.1,cov-AK,,,0.8939393939393939,,,,,,66
pad,79,0.1,sens-AK,,,,,,1.0,,,66
pad,79,0.1,cov-BKL,,,1.0,,,,,,9
pad,79,0.1,cov-SCC,,,0.5652173913043478,,,,,,46
pad,79,0.1,sens-SCC,,,,,,1.0,,,46
pad,79,0.15,B,21.0,False,0.8421052631578947,0.8333333333333334,,1.0,1.0,2.6315789473684212,19
pad,79,0.15,M1,17.0,False,0.8108108108108109,0.8442028985507247,0.0,1.0,1.0,2.324324324324324,37
pad,79,0.15,M2,150.0,False,0.7796610169491526,0.7786114445778312,0.0,1.0,1.0,2.1920903954802258,177
pad,79,0.15,M3,76.0,False,0.8709677419354839,0.8181818181818182,0.0,1.0,1.0,2.2580645161290325,62
pad,79,0.15,M4,10.0,False,1.0,1.0,0.0,1.0,1.0,4.0,9
pad,79,0.15,M5,2.0,True,1.0,1.0,0.0,1.0,1.0,4.25,4
pad,79,0.15,cov-MEL,,,0.8,,,,,,10
pad,79,0.15,sens-MEL,,,,,,1.0,,,10
pad,79,0.15,cov-NV,,,0.8,,,,,,10
pad,79,0.15,cov-BCC,,,0.8622754491017964,,,,,,167
pad,79,0.15,sens-BCC,,,,,,1.0,,,167
pad,79,0.15,cov-AK,,,0.8939393939393939,,,,,,66
pad,79,0.15,sens-AK,,,,,,1.0,,,66
pad,79,0.15,cov-BKL,,,0.8888888888888888,,,,,,9
pad,79,0.15,cov-SCC,,,0.5217391304347826,,,,,,46
pad,79,0.15,sens-SCC,,,,,,1.0,,,46
hiba,80,0.05,B,163.0,False,0.975609756097561,0.9266666666666666,,1.0,1.0,5.971544715447155,246
hiba,80,0.05,M1,27.0,False,1.0,1.0,0.0,1.0,1.0,6.416666666666667,12
hiba,80,0.05,M2,225.0,False,0.9459459459459459,0.9444444444444444,0.0,1.0,1.0,6.2342342342342345,111
hiba,80,0.05,M3,25.0,False,1.0,1.0,0.0,1.0,1.0,6.5,10
hiba,80,0.05,cov-MEL,,,0.9795918367346939,,,,,,49
hiba,80,0.05,sens-MEL,,,,,,1.0,,,49
hiba,80,0.05,cov-NV,,,1.0,,,,,,206
hiba,80,0.05,cov-BCC,,,1.0,,,,,,56
hiba,80,0.05,sens-BCC,,,,,,1.0,,,56
hiba,80,0.05,cov-AK,,,1.0,,,,,,6
hiba,80,0.05,sens-AK,,,,,,1.0,,,6
hiba,80,0.05,cov-BKL,,,1.0,,,,,,20
hiba,80,0.05,cov-DF,,,0.4444444444444444,,,,,,9
hiba,80,0.05,cov-VASC,,,0.9090909090909091,,,,,,11
hiba,80,0.05,cov-SCC,,,0.7727272727272727,,,,,,22
hiba,80,0.05,sens-SCC,,,,,,1.0,,,22
hiba,80,0.1,B,163.0,False,0.959349593495935,0.8866666666666667,,1.0,1.0,4.463414634146342,246
hiba,80,0.1,M1,27.0,False,1.0,1.0,0.0,1.0,1.0,5.0,12
hiba,80,0.1,M2,225.0,False,0.918918918918919,0.9111111111111111,0.0,1.0,1.0,4.288288288288288,111
hiba,80,0.1,M3,25.0,False,1.0,1.0,0.0,1.0,1.0,5.2,10
hiba,80,0.1,cov-MEL,,,0.9387755102040817,,,,,,49
hiba,80,0.1,sens-MEL,,,,,,1.0,,,49
hiba,80,0.1,cov-NV,,,0.9951456310679612,,,,,,206
hiba,80,0.1,cov-BCC,,,0.9821428571428571,,,,,,56
hiba,80,0.1,sens-BCC,,,,,,1.0,,,56
hiba,80,0.1,cov-AK,,,1.0,,,,,,6
hiba,80,0.1,sens-AK,,,,,,1.0,,,6
hiba,80,0.1,cov-BKL,,,1.0,,,,,,20
hiba,80,0.1,cov-DF,,,0.1111111111111111,,,,,,9
hiba,80,0.1,cov-VASC,,,0.9090909090909091,,,,,,11
hiba,80,0.1,cov-SCC,,,0.7727272727272727,,,,,,22
hiba,80,0.1,sens-SCC,,,,,,1.0,,,22
hiba,80,0.15,B,163.0,False,0.926829268292683,0.7933333333333333,,1.0,1.0,3.524390243902439,246
hiba,80,0.15,M1,27.0,False,0.5833333333333334,0.5714285714285714,0.0,1.0,1.0,3.0,12
hiba,80,0.15,M2,225.0,False,0.8738738738738738,0.8694444444444445,0.0,1.0,1.0,3.4684684684684686,111
hiba,80,0.15,M3,25.0,False,1.0,1.0,0.0,1.0,1.0,4.0,10
hiba,80,0.15,cov-MEL,,,0.9183673469387755,,,,,,49
hiba,80,0.15,sens-MEL,,,,,,1.0,,,49
hiba,80,0.15,cov-NV,,,0.9902912621359223,,,,,,206
hiba,80,0.15,cov-BCC,,,0.875,,,,,,56
hiba,80,0.15,sens-BCC,,,,,,1.0,,,56
hiba,80,0.15,cov-AK,,,0.8333333333333334,,,,,,6
hiba,80,0.15,sens-AK,,,,,,1.0,,,6
hiba,80,0.15,cov-BKL,,,0.9,,,,,,20
hiba,80,0.15,cov-DF,,,0.0,,,,,,9
hiba,80,0.15,cov-VASC,,,0.5454545454545454,,,,,,11
hiba,80,0.15,cov-SCC,,,0.6818181818181818,,,,,,22
hiba,80,0.15,sens-SCC,,,,,,1.0,,,22
pad,80,0.05,B,24.0,False,0.9375,0.9333333333333333,,1.0,1.0,3.875,16
pad,80,0.05,M1,19.0,False,0.875,0.9007936507936508,0.0,1.0,1.0,3.725,40
pad,80,0.05,M2,155.0,False,0.9457831325301205,0.9634502923976609,0.0,1.0,1.0,4.174698795180723,166
pad,80,0.05,M3,83.0,False,0.8888888888888888,0.8783783783783784,0.0,1.0,1.0,3.5555555555555554,45
pad,80,0.05,M4,10.0,True,1.0,1.0,0.0,1.0,1.0,5.375,8
pad,80,0.05,M5,3.0,True,1.0,1.0,0.0,1.0,1.0,6.0,2
pad,80,0.05,cov-MEL,,,0.9166666666666666,,,,,,12
pad,80,0.05,sens-MEL,,,,,,1.0,,,12
pad,80,0.05,cov-NV,,,0.9166666666666666,,,,,,12
pad,80,0.05,cov-BCC,,,0.9872611464968153,,,,,,157
pad,80,0.05,sens-BCC,,,,,,1.0,,,157
pad,80,0.05,cov-AK,,,0.8979591836734694,,,,,,49
pad,80,0.05,sens-AK,,,,,,1.0,,,49
pad,80,0.05,cov-BKL,,,1.0,,,,,,4
pad,80,0.05,cov-SCC,,,0.7441860465116279,,,,,,43
pad,80,0.05,sens-SCC,,,,,,1.0,,,43
pad,80,0.1,B,24.0,False,0.9375,0.9333333333333333,,1.0,1.0,2.875,16
pad,80,0.1,M1,19.0,False,0.8,0.7817460317460319,0.0,1.0,1.0,2.675,40
pad,80,0.1,M2,155.0,False,0.8855421686746988,0.9078947368421053,0.0,1.0,1.0,2.9879518072289155,166
pad,80,0.1,M3,83.0,False,0.8222222222222222,0.8108108108108109,0.0,1.0,1.0,2.8222222222222224,45
pad,80,0.1,M4,10.0,False,1.0,1.0,0.0,1.0,1.0,4.375,8
pad,80,0.1,M5,3.0,True,1.0,1.0,0.0,1.0,1.0,6.0,2
pad,80,0.1,cov-MEL,,,0.9166666666666666,,,,,,12
pad,80,0.1,sens-MEL,,,,,,1.0,,,12
pad,80,0.1,cov-NV,,,0.9166666666666666,,,,,,12
pad,80,0.1,cov-BCC,,,0.9490445859872612,,,,,,157
pad,80,0.1,sens-BCC,,,,,,1.0,,,157
pad,80,0.1,cov-AK,,,0.8775510204081632,,,,,,49
pad,80,0.1,sens-AK,,,,,,1.0,,,49
pad,80,0.1,cov-BKL,,,1.0,,,,,,4
pad,80,0.1,cov-SCC,,,0.5348837209302325,,,,,,43
pad,80,0.1,sens-SCC,,,,,,1.0,,,43
pad,80,0.15,B,24.0,False,0.9375,0.9333333333333333,,1.0,1.0,2.6875,16
pad,80,0.15,M1,19.0,False,0.8,0.7817460317460319,0.0,1.0,1.0,2.575,40
pad,80,0.15,M2,155.0,False,0.8433734939759037,0.8596491228070176,0.0,1.0,1.0,2.6686746987951806,166
pad,80,0.15,M3,83.0,False,0.6888888888888889,0.668918918918919,0.0,1.0,1.0,2.4,45
pad,80,0.15,M4,10.0,False,1.0,1.0,0.0,1.0,1.0,4.375,8
pad,80,0.15,M5,3.0,True,1.0,1.0,0.0,1.0,1.0,6.0,2
pad,80,0.15,cov-MEL,,,0.8333333333333334,,,,,,12
pad,80,0.15,sens-MEL,,,,,,1.0,,,12
pad,80,0.15,cov-NV,,,0.9166666666666666,,,,,,12
pad,80,0.15,cov-BCC,,,0.910828025477707,,,,,,157
pad,80,0.15,sens-BCC,,,,,,1.0,,,157
pad,80,0.15,cov-AK,,,0.8775510204081632,,,,,,49
pad,80,0.15,sens-AK,,,,,,1.0,,,49
pad,80,0.15,cov-BKL,,,1.0,,,,,,4
pad,80,0.15,cov-SCC,,,0.3953488372093023,,,,,,43
pad,80,0.15,sens-SCC,,,,,,1.0,,,43
hiba,81,0.05,B,160.0,False,0.9605263157894737,0.9017094017094016,,1.0,1.0,5.5,228
hiba,81,0.05,M1,25.0,False,1.0,1.0,0.0,1.0,1.0,5.461538461538462,13
hiba,81,0.05,M2,219.0,False,0.9666666666666667,0.9635416666666666,0.0,1.0,1.0,5.575,120
hiba,81,0.05,M3,28.0,False,1.0,1.0,0.0,1.0,1.0,5.714285714285714,7
hiba,81,0.05,cov-MEL,,,1.0,,,,,,53
hiba,81,0.05,sens-MEL,,,,,,1.0,,,53
hiba,81,0.05,cov-NV,,,1.0,,,,,,182
hiba,81,0.05,cov-BCC,,,1.0,,,,,,54
hiba,81,0.05,sens-BCC,,,,,,1.0,,,54
hiba,81,0.05,cov-AK,,,1.0,,,,,,10
hiba,81,0.05,sens-AK,,,,,,1.0,,,10
hiba,81,0.05,cov-BKL,,,1.0,,,,,,21
hiba,81,0.05,cov-DF,,,0.45454545454545453,,,,,,11
hiba,81,0.05,cov-VASC,,,0.7857142857142857,,,,,,14
hiba,81,0.05,cov-SCC,,,0.8260869565217391,,,,,,23
hiba,81,0.05,sens-SCC,,,,,,1.0,,,23
hiba,81,0.1,B,160.0,False,0.9517543859649122,0.8867521367521368,,1.0,1.0,4.399122807017544,228
hiba,81,0.1,M1,25.0,False,1.0,1.0,0.0,1.0,1.0,4.538461538461538,13
hiba,81,0.1,M2,219.0,False,0.925,0.921875,0.0,1.0,1.0,4.091666666666667,120
hiba,81,0.1,M3,28.0,False,1.0,1.0,0.0,1.0,1.0,5.0,7
hiba,81,0.1,cov-MEL,,,0.9811320754716981,,,,,,53
hiba,81,0.1,sens-MEL,,,,,,1.0,,,53
hiba,81,0.1,cov-NV,,,0.9945054945054945,,,,,,182
hiba,81,0.1,cov-BCC,,,0.9629629629629629,,,,,,54
hiba,81,0.1,sens-BCC,,,,,,1.0,,,54
hiba,81,0.1,cov-AK,,,1.0,,,,,,10
hiba,81,0.1,sens-AK,,,,,,1.0,,,10
hiba,81,0.1,cov-BKL,,,1.0,,,,,,21
hiba,81,0.1,cov-DF,,,0.45454545454545453,,,,,,11
hiba,81,0.1,cov-VASC,,,0.7142857142857143,,,,,,14
hiba,81,0.1,cov-SCC,,,0.7391304347826086,,,,,,23
hiba,81,0.1,sens-SCC,,,,,,1.0,,,23
hiba,81,0.15,B,160.0,False,0.9429824561403509,0.8611111111111112,,1.0,1.0,3.5350877192982457,228
hiba,81,0.15,M1,25.0,False,0.9230769230769231,0.9444444444444444,0.0,1.0,1.0,3.6923076923076925,13
hiba,81,0.15,M2,219.0,False,0.8666666666666667,0.8784722222222223,0.0,1.0,1.0,3.566666666666667,120
hiba,81,0.15,M3,28.0,False,0.7142857142857143,0.75,0.0,1.0,1.0,3.142857142857143,7
hiba,81,0.15,cov-MEL,,,0.9622641509433962,,,,,,53
hiba,81,0.15,sens-MEL,,,,,,1.0,,,53
hiba,81,0.15,cov-NV,,,0.9945054945054945,,,,,,182
hiba,81,0.15,cov-BCC,,,0.8888888888888888,,,,,,54
hiba,81,0.15,sens-BCC,,,,,,1.0,,,54
hiba,81,0.15,cov-AK,,,0.8,,,,,,10
hiba,81,0.15,sens-AK,,,,,,1.0,,,10
hiba,81,0.15,cov-BKL,,,1.0,,,,,,21
hiba,81,0.15,cov-DF,,,0.45454545454545453,,,,,,11
hiba,81,0.15,cov-VASC,,,0.5714285714285714,,,,,,14
hiba,81,0.15,cov-SCC,,,0.6086956521739131,,,,,,23
hiba,81,0.15,sens-SCC,,,,,,1.0,,,23
pad,81,0.05,B,26.0,False,1.0,1.0,,1.0,1.0,4.4,15
pad,81,0.05,M1,22.0,False,1.0,1.0,0.0,1.0,1.0,4.0,30
pad,81,0.05,M2,158.0,False,0.937888198757764,0.9446589446589447,0.0,1.0,1.0,4.22360248447205,161
pad,81,0.05,M3,72.0,False,0.9859154929577465,0.9791666666666666,0.0,1.0,1.0,4.140845070422535,71
pad,81,0.05,M4,14.0,True,1.0,1.0,0.0,1.0,1.0,5.666666666666667,3
pad,81,0.05,M5,2.0,True,1.0,1.0,0.0,1.0,1.0,5.25,4
pad,81,0.05,cov-MEL,,,0.8181818181818182,,,,,,11
pad,81,0.05,sens-MEL,,,,,,1.0,,,11
pad,81,0.05,cov-NV,,,1.0,,,,,,10
pad,81,0.05,cov-BCC,,,0.9880239520958084,,,,,,167
pad,81,0.05,sens-BCC,,,,,,1.0,,,167
pad,81,0.05,cov-AK,,,0.9682539682539683,,,,,,63
pad,81,0.05,sens-AK,,,,,,1.0,,,63
pad,81,0.05,cov-BKL,,,1.0,,,,,,5
pad,81,0.05,cov-SCC,,,0.8214285714285714,,,,,,28
pad,81,0.05,sens-SCC,,,,,,1.0,,,28
pad,81,0.1,B,26.0,False,0.9333333333333333,0.9230769230769231,,1.0,1.0,3.2,15
pad,81,0.1,M1,22.0,False,0.9333333333333333,0.9722222222222222,0.0,1.0,1.0,3.0,30
pad,81,0.1,M2,158.0,False,0.9254658385093167,0.9311454311454311,0.0,1.0,1.0,3.0062111801242235,161
pad,81,0.1,M3,72.0,False,0.9577464788732394,0.9479166666666666,0.0,1.0,1.0,3.112676056338028,71
pad,81,0.1,M4,14.0,False,1.0,1.0,0.0,1.0,1.0,4.666666666666667,3
pad,81,0.1,M5,2.0,True,1.0,1.0,0.0,1.0,1.0,4.5,4
pad,81,0.1,cov-MEL,,,0.7272727272727273,,,,,,11
pad,81,0.1,sens-MEL,,,,,,1.0,,,11
pad,81,0.1,cov-NV,,,1.0,,,,,,10
pad,81,0.1,cov-BCC,,,0.9700598802395209,,,,,,167
pad,81,0.1,sens-BCC,,,,,,1.0,,,167
pad,81,0.1,cov-AK,,,0.9682539682539683,,,,,,63
pad,81,0.1,sens-AK,,,,,,1.0,,,63
pad,81,0.1,cov-BKL,,,0.8,,,,,,5
pad,81,0.1,cov-SCC,,,0.75,,,,,,28
pad,81,0.1,sens-SCC,,,,,,1.0,,,28
pad,81,0.15,B,26.0,False,0.8,0.7692307692307693,,1.0,1.0,2.533333333333333,15
pad,81,0.15,M1,22.0,False,0.9333333333333333,0.9722222222222222,0.0,1.0,1.0,2.3,30
pad,81,0.15,M2,158.0,False,0.9006211180124224,0.9123766623766625,0.0,1.0,1.0,2.409937888198758,161
pad,81,0.15,M3,72.0,False,0.8732394366197183,0.84375,0.0,1.0,1.0,2.1549295774647885,71
pad,81,0.15,M4,14.0,False,1.0,1.0,0.0,1.0,1.0,3.6666666666666665,3
pad,81,0.15,M5,2.0,True,1.0,1.0,0.0,1.0,1.0,4.25,4
pad,81,0.15,cov-MEL,,,0.7272727272727273,,,,,,11
pad,81,0.15,sens-MEL,,,,,,1.0,,,11
pad,81,0.15,cov-NV,,,0.9,,,,,,10
pad,81,0.15,cov-BCC,,,0.9281437125748503,,,,,,167
pad,81,0.15,sens-BCC,,,,,,1.0,,,167
pad,81,0.15,cov-AK,,,0.9682539682539683,,,,,,63
pad,81,0.15,sens-AK,,,,,,1.0,,,63
pad,81,0.15,cov-BKL,,,0.6,,,,,,5
pad,81,0.15,cov-SCC,,,0.6428571428571429,,,,,,28
pad,81,0.15,sens-SCC,,,,,,1.0,,,28
hiba,82,0.05,B,163.0,False,0.9712643678160919,0.94,,1.0,1.0,5.775862068965517,174
hiba,82,0.05,M1,23.0,False,1.0,1.0,0.0,1.0,1.0,5.866666666666666,15
hiba,82,0.05,M2,226.0,False,0.9369369369369369,0.9213483146067416,0.0,1.0,1.0,6.171171171171171,111
hiba,82,0.05,M3,20.0,False,0.95,0.9285714285714286,0.0,1.0,1.0,6.25,20
hiba,82,0.05,cov-MEL,,,1.0,,,,,,52
hiba,82,0.05,sens-MEL,,,,,,1.0,,,52
hiba,82,0.05,cov-NV,,,1.0,,,,,,139
hiba,82,0.05,cov-BCC,,,0.9827586206896551,,,,,,58
hiba,82,0.05,sens-BCC,,,,,,1.0,,,58
hiba,82,0.05,cov-AK,,,0.8461538461538461,,,,,,13
hiba,82,0.05,sens-AK,,,,,,1.0,,,13
hiba,82,0.05,cov-BKL,,,1.0,,,,,,18
hiba,82,0.05,cov-DF,,,0.5833333333333334,,,,,,12
hiba,82,0.05,cov-VASC,,,1.0,,,,,,5
hiba,82,0.05,cov-SCC,,,0.782608695652174,,,,,,23
hiba,82,0.05,sens-SCC,,,,,,1.0,,,23
hiba,82,0.1,B,163.0,False,0.9540229885057471,0.9133333333333333,,1.0,1.0,4.14367816091954,174
hiba,82,0.1,M1,23.0,False,0.9333333333333333,0.9696969696969696,0.0,1.0,1.0,4.6,15
hiba,82,0.1,M2,226.0,False,0.9099099099099099,0.8960674157303371,0.0,1.0,1.0,4.405405405405405,111
hiba,82,0.1,M3,20.0,False,0.95,0.9285714285714286,0.0,1.0,1.0,4.5,20
hiba,82,0.1,cov-MEL,,,1.0,,,,,,52
hiba,82,0.1,sens-MEL,,,,,,1.0,,,52
hiba,82,0.1,cov-NV,,,0.9928057553956835,,,,,,139
hiba,82,0.1,cov-BCC,,,0.9482758620689655,,,,,,58
hiba,82,0.1,sens-BCC,,,,,,1.0,,,58
hiba,82,0.1,cov-AK,,,0.8461538461538461,,,,,,13
hiba,82,0.1,sens-AK,,,,,,1.0,,,13
hiba,82,0.1,cov-BKL,,,1.0,,,,,,18
hiba,82,0.1,cov-DF,,,0.4166666666666667,,,,,,12
hiba,82,0.1,cov-VASC,,,1.0,,,,,,5
hiba,82,0.1,cov-SCC,,,0.6956521739130435,,,,,,23
hiba,82,0.1,sens-SCC,,,,,,1.0,,,23
hiba,82,0.15,B,163.0,False,0.9022988505747126,0.8166666666666667,,1.0,1.0,3.1839080459770117,174
hiba,82,0.15,M1,23.0,False,0.9333333333333333,0.9696969696969696,0.0,1.0,1.0,3.4,15
hiba,82,0.15,M2,226.0,False,0.8468468468468469,0.8398876404494382,0.0,1.0,1.0,3.5045045045045047,111
hiba,82,0.15,M3,20.0,False,0.95,0.9285714285714286,0.0,1.0,1.0,3.05,20
hiba,82,0.15,cov-MEL,,,0.9807692307692307,,,,,,52
hiba,82,0.15,sens-MEL,,,,,,1.0,,,52
hiba,82,0.15,cov-NV,,,0.9784172661870504,,,,,,139
hiba,82,0.15,cov-BCC,,,0.9137931034482759,,,,,,58
hiba,82,0.15,sens-BCC,,,,,,1.0,,,58
hiba,82,0.15,cov-AK,,,0.6923076923076923,,,,,,13
hiba,82,0.15,sens-AK,,,,,,1.0,,,13
hiba,82,0.15,cov-BKL,,,0.8333333333333334,,,,,,18
hiba,82,0.15,cov-DF,,,0.3333333333333333,,,,,,12
hiba,82,0.15,cov-VASC,,,0.4,,,,,,5
hiba,82,0.15,cov-SCC,,,0.6086956521739131,,,,,,23
hiba,82,0.15,sens-SCC,,,,,,1.0,,,23
pad,82,0.05,B,24.0,False,1.0,1.0,,1.0,1.0,3.9473684210526314,19
pad,82,0.05,M1,23.0,False,0.9642857142857143,0.9803921568627452,0.0,1.0,1.0,4.214285714285714,28
pad,82,0.05,M2,159.0,False,0.9595375722543352,0.9683982683982684,0.0,1.0,1.0,4.254335260115607,173
pad,82,0.05,M3,74.0,False,0.9428571428571428,0.9130434782608695,0.0,1.0,1.0,3.6285714285714286,70
pad,82,0.05,M4,11.0,True,1.0,1.0,0.0,1.0,1.0,5.833333333333333,6
pad,82,0.05,M5,5.0,True,,,,,,,0
pad,82,0.05,cov-MEL,,,0.7777777777777778,,,,,,9
pad,82,0.05,sens-MEL,,,,,,1.0,,,9
pad,82,0.05,cov-NV,,,1.0,,,,,,11
pad,82,0.05,cov-BCC,,,0.9830508474576272,,,,,,177
pad,82,0.05,sens-BCC,,,,,,1.0,,,177
pad,82,0.05,cov-AK,,,0.9464285714285714,,,,,,56
pad,82,0.05,sens-AK,,,,,,1.0,,,56
pad,82,0.05,cov-BKL,,,1.0,,,,,,8
pad,82,0.05,cov-SCC,,,0.8857142857142857,,,,,,35
pad,82,0.05,sens-SCC,,,,,,1.0,,,35
pad,82,0.1,B,24.0,False,1.0,1.0,,1.0,1.0,3.4210526315789473,19
pad,82,0.1,M1,23.0,False,0.9642857142857143,0.9803921568627452,0.0,1.0,1.0,3.8214285714285716,28
pad,82,0.1,M2,159.0,False,0.8959537572254336,0.8926406926406927,0.0,1.0,1.0,3.6705202312138727,173
pad,82,0.1,M3,74.0,False,0.9285714285714286,0.8913043478260869,0.0,1.0,1.0,3.357142857142857,70
pad,82,0.1,M4,11.0,False,1.0,1.0,0.0,1.0,1.0,5.0,6
pad,82,0.1,M5,5.0,True,,,,,,,0
pad,82,0.1,cov-MEL,,,0.7777777777777778,,,,,,9
pad,82,0.1,sens-MEL,,,,,,1.0,,,9
pad,82,0.1,cov-NV,,,1.0,,,,,,11
pad,82,0.1,cov-BCC,,,0.9548022598870056,,,,,,177
pad,82,0.1,sens-BCC,,,,,,1.0,,,177
pad,82,0.1,cov-AK,,,0.9464285714285714,,,,,,56
pad,82,0.1,sens-AK,,,,,,1.0,,,56
pad,82,0.1,cov-BKL,,,1.0,,,,,,8
pad,82,0.1,cov-SCC,,,0.6857142857142857,,,,,,35
pad,82,0.1,sens-SCC,,,,,,1.0,,,35
pad,82,0.15,B,24.0,False,1.0,1.0,,1.0,1.0,2.8947368421052633,19
pad,82,0.15,M1,23.0,False,0.8928571428571429,0.9362745098039216,0.0,1.0,1.0,2.9285714285714284,28
pad,82,0.15,M2,159.0,False,0.8034682080924855,0.8142857142857143,0.0,1.0,1.0,2.5433526011560694,173
pad,82,0.15,M3,74.0,False,0.9,0.8623188405797102,0.0,1.0,1.0,2.7142857142857144,70
pad,82,0.15,M4,11.0,False,1.0,1.0,0.0,1.0,1.0,4.5,6
pad,82,0.15,M5,5.0,True,,,,,,,0
pad,82,0.15,cov-MEL,,,0.7777777777777778,,,,,,9
pad,82,0.15,sens-MEL,,,,,,1.0,,,9
pad,82,0.15,cov-NV,,,1.0,,,,,,11
pad,82,0.15,cov-BCC,,,0.8926553672316384,,,,,,177
pad,82,0.15,sens-BCC,,,,,,1.0,,,177
pad,82,0.15,cov-AK,,,0.875,,,,,,56
pad,82,0.15,sens-AK,,,,,,1.0,,,56
pad,82,0.15,cov-BKL,,,1.0,,,,,,8
pad,82,0.15,cov-SCC,,,0.5428571428571428,,,,,,35
pad,82,0.15,sens-SCC,,,,,,1.0,,,35
hiba,83,0.05,B,164.0,False,0.993421052631579,0.9864864864864865,,1.0,1.0,6.440789473684211,152
hiba,83,0.05,M1,20.0,False,0.96,0.9285714285714286,0.0,1.0,1.0,6.4,25
hiba,83,0.05,M2,219.0,False,0.9583333333333334,0.953125,0.0,1.0,1.0,6.675,120
hiba,83,0.05,M3,27.0,False,1.0,1.0,0.0,1.0,1.0,6.777777777777778,9
hiba,83,0.05,cov-MEL,,,1.0,,,,,,46
hiba,83,0.05,sens-MEL,,,,,,1.0,,,46
hiba,83,0.05,cov-NV,,,1.0,,,,,,115
hiba,83,0.05,cov-BCC,,,0.9838709677419355,,,,,,62
hiba,83,0.05,sens-BCC,,,,,,1.0,,,62
hiba,83,0.05,cov-AK,,,0.9333333333333333,,,,,,15
hiba,83,0.05,sens-AK,,,,,,1.0,,,15
hiba,83,0.05,cov-BKL,,,1.0,,,,,,17
hiba,83,0.05,cov-DF,,,0.9230769230769231,,,,,,13
hiba,83,0.05,cov-VASC,,,1.0,,,,,,7
hiba,83,0.05,cov-SCC,,,0.8709677419354839,,,,,,31
hiba,83,0.05,sens-SCC,,,,,,1.0,,,31
hiba,83,0.1,B,164.0,False,0.9605263157894737,0.9324324324324325,,1.0,1.0,4.572368421052632,152
hiba,83,0.1,M1,20.0,False,0.92,0.8571428571428571,0.0,1.0,1.0,4.56,25
hiba,83,0.1,M2,219.0,False,0.9333333333333333,0.9270833333333334,0.0,1.0,1.0,4.525,120
hiba,83,0.1,M3,27.0,False,0.8888888888888888,0.8571428571428571,0.0,1.0,1.0,4.666666666666667,9
hiba,83,0.1,cov-MEL,,,0.9782608695652174,,,,,,46
hiba,83,0.1,sens-MEL,,,,,,1.0,,,46
hiba,83,0.1,cov-NV,,,1.0,,,,,,115
hiba,83,0.1,cov-BCC,,,0.9516129032258065,,,,,,62
hiba,83,0.1,sens-BCC,,,,,,1.0,,,62
hiba,83,0.1,cov-AK,,,0.9333333333333333,,,,,,15
hiba,83,0.1,sens-AK,,,,,,1.0,,,15
hiba,83,0.1,cov-BKL,,,1.0,,,,,,17
hiba,83,0.1,cov-DF,,,0.5384615384615384,,,,,,13
hiba,83,0.1,cov-VASC,,,1.0,,,,,,7
hiba,83,0.1,cov-SCC,,,0.8064516129032258,,,,,,31
hiba,83,0.1,sens-SCC,,,,,,1.0,,,31
hiba,83,0.15,B,164.0,False,0.9276315789473685,0.875,,1.0,1.0,3.6578947368421053,152
hiba,83,0.15,M1,20.0,False,0.92,0.8571428571428571,0.0,1.0,1.0,3.76,25
hiba,83,0.15,M2,219.0,False,0.9083333333333333,0.90625,0.0,1.0,1.0,3.6333333333333333,120
hiba,83,0.15,M3,27.0,False,0.7777777777777778,0.7142857142857143,0.0,1.0,1.0,2.888888888888889,9
hiba,83,0.15,cov-MEL,,,0.9565217391304348,,,,,,46
hiba,83,0.15,sens-MEL,,,,,,1.0,,,46
hiba,83,0.15,cov-NV,,,1.0,,,,,,115
hiba,83,0.15,cov-BCC,,,0.9354838709677419,,,,,,62
hiba,83,0.15,sens-BCC,,,,,,1.0,,,62
hiba,83,0.15,cov-AK,,,0.8666666666666667,,,,,,15
hiba,83,0.15,sens-AK,,,,,,1.0,,,15
hiba,83,0.15,cov-BKL,,,0.9411764705882353,,,,,,17
hiba,83,0.15,cov-DF,,,0.38461538461538464,,,,,,13
hiba,83,0.15,cov-VASC,,,0.7142857142857143,,,,,,7
hiba,83,0.15,cov-SCC,,,0.7741935483870968,,,,,,31
hiba,83,0.15,sens-SCC,,,,,,1.0,,,31
pad,83,0.05,B,24.0,False,0.9333333333333333,0.9333333333333333,,1.0,1.0,4.133333333333334,15
pad,83,0.05,M1,25.0,False,0.9666666666666667,0.9777777777777777,0.0,1.0,1.0,4.1,30
pad,83,0.05,M2,154.0,False,0.9631901840490797,0.9623188405797102,0.0,1.0,1.0,4.208588957055214,163
pad,83,0.05,M3,85.0,False,0.9814814814814815,0.9714285714285714,0.0,1.0,1.0,4.12962962962963,54
pad,83,0.05,M4,8.0,True,1.0,1.0,0.0,1.0,1.0,5.333333333333333,9
pad,83,0.05,M5,2.0,True,1.0,1.0,0.0,1.0,1.0,5.25,4
pad,83,0.05,cov-MEL,,,0.8333333333333334,,,,,,6
pad,83,0.05,sens-MEL,,,,,,1.0,,,6
pad,83,0.05,cov-NV,,,0.9,,,,,,10
pad,83,0.05,cov-BCC,,,0.9940828402366864,,,,,,169
pad,83,0.05,sens-BCC,,,,,,1.0,,,169
pad,83,0.05,cov-AK,,,0.9322033898305084,,,,,,59
pad,83,0.05,sens-AK,,,,,,1.0,,,59
pad,83,0.05,cov-BKL,,,1.0,,,,,,5
pad,83,0.05,cov-SCC,,,0.9230769230769231,,,,,,26
pad,83,0.05,sens-SCC,,,,,,1.0,,,26
pad,83,0.1,B,24.0,False,0.9333333333333333,0.9333333333333333,,1.0,1.0,3.2,15
pad,83,0.1,M1,25.0,False,0.8666666666666667,0.9277777777777777,0.0,1.0,1.0,2.966666666666667,30
pad,83,0.1,M2,154.0,False,0.9202453987730062,0.9144927536231885,0.0,1.0,1.0,2.9938650306748467,163
pad,83,0.1,M3,85.0,False,0.9814814814814815,0.9714285714285714,0.0,1.0,1.0,3.185185185185185,54
pad,83,0.1,M4,8.0,True,1.0,1.0,0.0,1.0,1.0,5.111111111111111,9
pad,83,0.1,M5,2.0,True,1.0,1.0,0.0,1.0,1.0,4.75,4
pad,83,0.1,cov-MEL,,,0.8333333333333334,,,,,,6
pad,83,0.1,sens-MEL,,,,,,1.0,,,6
pad,83,0.1,cov-NV,,,0.9,,,,,,10
pad,83,0.1,cov-BCC,,,0.9704142011834319,,,,,,169
pad,83,0.1,sens-BCC,,,,,,1.0,,,169
pad,83,0.1,cov-AK,,,0.8983050847457628,,,,,,59
pad,83,0.1,sens-AK,,,,,,1.0,,,59
pad,83,0.1,cov-BKL,,,1.0,,,,,,5
pad,83,0.1,cov-SCC,,,0.7692307692307693,,,,,,26
pad,83,0.1,sens-SCC,,,,,,1.0,,,26
pad,83,0.15,B,24.0,False,0.8666666666666667,0.8666666666666667,,1.0,1.0,2.6,15
pad,83,0.15,M1,25.0,False,0.8666666666666667,0.9277777777777777,0.0,1.0,1.0,2.7666666666666666,30
pad,83,0.15,M2,154.0,False,0.8404907975460123,0.8289855072463769,0.0,1.0,1.0,2.4049079754601226,163
pad,83,0.15,M3,85.0,False,0.9444444444444444,0.9333333333333335,0.0,1.0,1.0,2.5925925925925926,54
pad,83,0.15,M4,8.0,False,0.7777777777777778,0.7777777777777778,0.0,1.0,1.0,2.888888888888889,9
pad,83,0.15,M5,2.0,True,1.0,1.0,0.0,1.0,1.0,4.5,4
pad,83,0.15,cov-MEL,,,0.6666666666666666,,,,,,6
pad,83,0.15,sens-MEL,,,,,,1.0,,,6
pad,83,0.15,cov-NV,,,0.8,,,,,,10
pad,83,0.15,cov-BCC,,,0.9171597633136095,,,,,,169
pad,83,0.15,sens-BCC,,,,,,1.0,,,169
pad,83,0.15,cov-AK,,,0.864406779661017,,,,,,59
pad,83,0.15,sens-AK,,,,,,1.0,,,59
pad,83,0.15,cov-BKL,,,1.0,,,,,,5
pad,83,0.15,cov-SCC,,,0.5769230769230769,,,,,,26
pad,83,0.15,sens-SCC,,,,,,1.0,,,26
hiba,84,0.05,B,160.0,False,0.9424083769633508,0.9006410256410257,,1.0,1.0,5.4136125654450264,191
hiba,84,0.05,M1,26.0,False,1.0,1.0,0.0,1.0,1.0,6.3125,16
hiba,84,0.05,M2,230.0,False,0.8807339449541285,0.9,0.0,1.0,1.0,5.6422018348623855,109
hiba,84,0.05,M3,21.0,False,0.875,0.8461538461538461,0.0,1.0,1.0,5.4375,16
hiba,84,0.05,cov-MEL,,,0.9761904761904762,,,,,,42
hiba,84,0.05,sens-MEL,,,,,,1.0,,,42
hiba,84,0.05,cov-NV,,,1.0,,,,,,144
hiba,84,0.05,cov-BCC,,,0.9814814814814815,,,,,,54
hiba,84,0.05,sens-BCC,,,,,,1.0,,,54
hiba,84,0.05,cov-AK,,,0.625,,,,,,16
hiba,84,0.05,sens-AK,,,,,,1.0,,,16
hiba,84,0.05,cov-BKL,,,1.0,,,,,,20
hiba,84,0.05,cov-DF,,,0.5882352941176471,,,,,,17
hiba,84,0.05,cov-VASC,,,0.6,,,,,,10
hiba,84,0.05,cov-SCC,,,0.7586206896551724,,,,,,29
hiba,84,0.05,sens-SCC,,,,,,1.0,,,29
hiba,84,0.1,B,160.0,False,0.8900523560209425,0.8066239316239316,,1.0,1.0,3.4554973821989527,191
hiba,84,0.1,M1,26.0,False,1.0,1.0,0.0,1.0,1.0,4.625,16
hiba,84,0.1,M2,230.0,False,0.8165137614678899,0.8441176470588235,0.0,1.0,1.0,3.743119266055046,109
hiba,84,0.1,M3,21.0,False,0.875,0.8461538461538461,0.0,1.0,1.0,3.8125,16
hiba,84,0.1,cov-MEL,,,0.9761904761904762,,,,,,42
hiba,84,0.1,sens-MEL,,,,,,1.0,,,42
hiba,84,0.1,cov-NV,,,0.9930555555555556,,,,,,144
hiba,84,0.1,cov-BCC,,,0.9444444444444444,,,,,,54
hiba,84,0.1,sens-BCC,,,,,,1.0,,,54
hiba,84,0.1,cov-AK,,,0.5,,,,,,16
hiba,84,0.1,sens-AK,,,,,,1.0,,,16
hiba,84,0.1,cov-BKL,,,0.95,,,,,,20
hiba,84,0.1,cov-DF,,,0.35294117647058826,,,,,,17
hiba,84,0.1,cov-VASC,,,0.2,,,,,,10
hiba,84,0.1,cov-SCC,,,0.6551724137931034,,,,,,29
hiba,84,0.1,sens-SCC,,,,,,1.0,,,29
hiba,84,0.15,B,160.0,False,0.8848167539267016,0.7938034188034188,,1.0,1.0,3.1465968586387434,191
hiba,84,0.15,M1,26.0,False,0.75,0.8125,0.0,1.0,1.0,3.125,16
hiba,84,0.15,M2,230.0,False,0.7522935779816514,0.7823529411764706,0.0,1.0,1.0,3.2752293577981653,109
hiba,84,0.15,M3,21.0,False,0.875,0.8461538461538461,0.0,1.0,1.0,3.1875,16
hiba,84,0.15,cov-MEL,,,0.9523809523809523,,,,,,42
hiba,84,0.15,sens-MEL,,,,,,1.0,,,42
hiba,84,0.15,cov-NV,,,0.9930555555555556,,,,,,144
hiba,84,0.15,cov-BCC,,,0.8333333333333334,,,,,,54
hiba,84,0.15,sens-BCC,,,,,,1.0,,,54
hiba,84,0.15,cov-AK,,,0.5,,,,,,16
hiba,84,0.15,sens-AK,,,,,,1.0,,,16
hiba,84,0.15,cov-BKL,,,0.95,,,,,,20
hiba,84,0.15,cov-DF,,,0.35294117647058826,,,,,,17
hiba,84,0.15,cov-VASC,,,0.1,,,,,,10
hiba,84,0.15,cov-SCC,,,0.5172413793103449,,,,,,29
hiba,84,0.15,sens-SCC,,,,,,1.0,,,29
pad,84,0.05,B,26.0,False,1.0,1.0,,1.0,1.0,4.4,15
pad,84,0.05,M1,22.0,False,0.8285714285714286,0.8564814814814814,0.0,1.0,1.0,3.5142857142857142,35
pad,84,0.05,M2,173.0,False,0.9565217391304348,0.953125,0.0,1.0,1.0,4.108695652173913,138
pad,84,0.05,M3,76.0,False,0.9833333333333333,0.9772727272727273,0.0,1.0,1.0,4.333333333333333,60
pad,84,0.05,M4,10.0,True,1.0,1.0,0.0,1.0,1.0,5.571428571428571,7
pad,84,0.05,M5,3.0,True,1.0,1.0,0.0,1.0,1.0,5.5,2
pad,84,0.05,cov-MEL,,,0.8888888888888888,,,,,,9
pad,84,0.05,sens-MEL,,,,,,1.0,,,9
pad,84,0.05,cov-NV,,,1.0,,,,,,10
pad,84,0.05,cov-BCC,,,0.9793103448275862,,,,,,145
pad,84,0.05,sens-BCC,,,,,,1.0,,,145
pad,84,0.05,cov-AK,,,0.9454545454545454,,,,,,55
pad,84,0.05,sens-AK,,,,,,1.0,,,55
pad,84,0.05,cov-BKL,,,1.0,,,,,,5
pad,84,0.05,cov-SCC,,,0.8181818181818182,,,,,,33
pad,84,0.05,sens-SCC,,,,,,1.0,,,33
pad,84,0.1,B,26.0,False,1.0,1.0,,1.0,1.0,3.3333333333333335,15
pad,84,0.1,M1,22.0,False,0.8285714285714286,0.8564814814814814,0.0,1.0,1.0,3.2857142857142856,35
pad,84,0.1,M2,173.0,False,0.9057971014492754,0.9053819444444443,0.0,1.0,1.0,3.5869565217391304,138
pad,84,0.1,M3,76.0,False,0.9166666666666666,0.8977272727272727,0.0,1.0,1.0,3.683333333333333,60
pad,84,0.1,M4,10.0,False,0.5714285714285714,0.5714285714285714,0.0,1.0,1.0,3.0,7
pad,84,0.1,M5,3.0,True,1.0,1.0,0.0,1.0,1.0,5.5,2
pad,84,0.1,cov-MEL,,,0.6666666666666666,,,,,,9
pad,84,0.1,sens-MEL,,,,,,1.0,,,9
pad,84,0.1,cov-NV,,,1.0,,,,,,10
pad,84,0.1,cov-BCC,,,0.9448275862068966,,,,,,145
pad,84,0.1,sens-BCC,,,,,,1.0,,,145
pad,84,0.1,cov-AK,,,0.9272727272727272,,,,,,55
pad,84,0.1,sens-AK,,,,,,1.0,,,55
pad,84,0.1,cov-BKL,,,1.0,,,,,,5
pad,84,0.1,cov-SCC,,,0.6363636363636364,,,,,,33
pad,84,0.1,sens-SCC,,,,,,1.0,,,33
pad,84,0.15,B,26.0,False,0.8666666666666667,0.8461538461538461,,1.0,1.0,2.2666666666666666,15
pad,84,0.15,M1,22.0,False,0.7428571428571429,0.7592592592592592,0.0,1.0,1.0,2.0285714285714285,35
pad,84,0.15,M2,173.0,False,0.8695652173913043,0.8732638888888888,0.0,1.0,1.0,2.3115942028985508,138
pad,84,0.15,M3,76.0,False,0.9,0.8901515151515152,0.0,1.0,1.0,2.433333333333333,60
pad,84,0.15,M4,10.0,False,0.5714285714285714,0.5714285714285714,0.0,1.0,1.0,2.0,7
pad,84,0.15,M5,3.0,True,1.0,1.0,0.0,1.0,1.0,4.5,2
pad,84,0.15,cov-MEL,,,0.5555555555555556,,,,,,9
pad,84,0.15,sens-MEL,,,,,,1.0,,,9
pad,84,0.15,cov-NV,,,0.9,,,,,,10
pad,84,0.15,cov-BCC,,,0.896551724137931,,,,,,145
pad,84,0.15,sens-BCC,,,,,,1.0,,,145
pad,84,0.15,cov-AK,,,0.9272727272727272,,,,,,55
pad,84,0.15,sens-AK,,,,,,1.0,,,55
pad,84,0.15,cov-BKL,,,0.8,,,,,,5
pad,84,0.15,cov-SCC,,,0.6060606060606061,,,,,,33
pad,84,0.15,sens-SCC,,,,,,1.0,,,33
hiba,85,0.05,B,174.0,False,0.9936305732484076,0.984375,,1.0,1.0,6.10828025477707,157
hiba,85,0.05,M1,21.0,False,1.0,1.0,0.0,1.0,1.0,6.416666666666667,24
hiba,85,0.05,M2,218.0,False,0.9338842975206612,0.9329896907216495,0.0,1.0,1.0,6.669421487603306,121
hiba,85,0.05,M3,22.0,False,1.0,1.0,0.0,1.0,1.0,6.846153846153846,13
hiba,85,0.05,cov-MEL,,,0.9830508474576272,,,,,,59
hiba,85,0.05,sens-MEL,,,,,,1.0,,,59
hiba,85,0.05,cov-NV,,,1.0,,,,,,125
hiba,85,0.05,cov-BCC,,,1.0,,,,,,60
hiba,85,0.05,sens-BCC,,,,,,1.0,,,60
hiba,85,0.05,cov-AK,,,0.7692307692307693,,,,,,13
hiba,85,0.05,sens-AK,,,,,,1.0,,,13
hiba,85,0.05,cov-BKL,,,1.0,,,,,,16
hiba,85,0.05,cov-DF,,,0.9,,,,,,10
hiba,85,0.05,cov-VASC,,,1.0,,,,,,6
hiba,85,0.05,cov-SCC,,,0.8461538461538461,,,,,,26
hiba,85,0.05,sens-SCC,,,,,,1.0,,,26
hiba,85,0.1,B,174.0,False,0.9554140127388535,0.90625,,1.0,1.0,4.101910828025478,157
hiba,85,0.1,M1,21.0,False,0.9583333333333334,0.9743589743589743,0.0,1.0,1.0,5.041666666666667,24
hiba,85,0.1,M2,218.0,False,0.8760330578512396,0.8711340206185567,0.0,1.0,1.0,4.289256198347108,121
hiba,85,0.1,M3,22.0,False,0.9230769230769231,0.9166666666666666,0.0,1.0,1.0,4.923076923076923,13
hiba,85,0.1,cov-MEL,,,0.9661016949152542,,,,,,59
hiba,85,0.1,sens-MEL,,,,,,1.0,,,59
hiba,85,0.1,cov-NV,,,1.0,,,,,,125
hiba,85,0.1,cov-BCC,,,0.9333333333333333,,,,,,60
hiba,85,0.1,sens-BCC,,,,,,1.0,,,60
hiba,85,0.1,cov-AK,,,0.7692307692307693,,,,,,13
hiba,85,0.1,sens-AK,,,,,,1.0,,,13
hiba,85,0.1,cov-BKL,,,1.0,,,,,,16
hiba,85,0.1,cov-DF,,,0.4,,,,,,10
hiba,85,0.1,cov-VASC,,,0.8333333333333334,,,,,,6
hiba,85,0.1,cov-SCC,,,0.6923076923076923,,,,,,26
hiba,85,0.1,sens-SCC,,,,,,1.0,,,26
hiba,85,0.15,B,174.0,False,0.9299363057324841,0.859375,,1.0,1.0,3.343949044585987,157
hiba,85,0.15,M1,21.0,False,0.6666666666666666,0.7179487179487178,0.0,1.0,1.0,3.2083333333333335,24
hiba,85,0.15,M2,218.0,False,0.8512396694214877,0.845360824742268,0.0,1.0,1.0,3.6942148760330578,121
hiba,85,0.15,M3,22.0,False,0.9230769230769231,0.9166666666666666,0.0,1.0,1.0,3.3846153846153846,13
hiba,85,0.15,cov-MEL,,,0.9661016949152542,,,,,,59
hiba,85,0.15,sens-MEL,,,,,,1.0,,,59
hiba,85,0.15,cov-NV,,,0.992,,,,,,125
hiba,85,0.15,cov-BCC,,,0.85,,,,,,60
hiba,85,0.15,sens-BCC,,,,,,1.0,,,60
hiba,85,0.15,cov-AK,,,0.6923076923076923,,,,,,13
hiba,85,0.15,sens-AK,,,,,,1.0,,,13
hiba,85,0.15,cov-BKL,,,1.0,,,,,,16
hiba,85,0.15,cov-DF,,,0.3,,,,,,10
hiba,85,0.15,cov-VASC,,,0.5,,,,,,6
hiba,85,0.15,cov-SCC,,,0.5384615384615384,,,,,,26
hiba,85,0.15,sens-SCC,,,,,,1.0,,,26
pad,85,0.05,B,21.0,False,1.0,1.0,,1.0,1.0,4.173913043478261,23
pad,85,0.05,M1,24.0,False,0.8620689655172413,0.890625,0.0,1.0,1.0,3.586206896551724,29
pad,85,0.05,M2,162.0,False,0.958904109589041,0.9579439252336449,0.0,1.0,1.0,4.280821917808219,146
pad,85,0.05,M3,78.0,False,0.9818181818181818,0.9761904761904762,0.0,1.0,1.0,4.218181818181818,55
pad,85,0.05,M4,12.0,True,1.0,1.0,0.0,1.0,1.0,5.8,5
pad,85,0.05,M5,2.0,True,1.0,1.0,0.0,1.0,1.0,5.25,4
pad,85,0.05,cov-MEL,,,1.0,,,,,,9
pad,85,0.05,sens-MEL,,,,,,1.0,,,9
pad,85,0.05,cov-NV,,,1.0,,,,,,17
pad,85,0.05,cov-BCC,,,0.9795918367346939,,,,,,147
pad,85,0.05,sens-BCC,,,,,,1.0,,,147
pad,85,0.05,cov-AK,,,0.9591836734693877,,,,,,49
pad,85,0.05,sens-AK,,,,,,1.0,,,49
pad,85,0.05,cov-BKL,,,1.0,,,,,,6
pad,85,0.05,cov-SCC,,,0.8235294117647058,,,,,,34
pad,85,0.05,sens-SCC,,,,,,1.0,,,34
pad,85,0.1,B,21.0,False,1.0,1.0,,1.0,1.0,3.347826086956522,23
pad,85,0.1,M1,24.0,False,0.7931034482758621,0.765625,0.0,1.0,1.0,3.310344827586207,29
pad,85,0.1,M2,162.0,False,0.8698630136986302,0.863150867823765,0.0,1.0,1.0,3.4863013698630136,146
pad,85,0.1,M3,78.0,False,0.9454545454545454,0.9404761904761905,0.0,1.0,1.0,3.672727272727273,55
pad,85,0.1,M4,12.0,False,1.0,1.0,0.0,1.0,1.0,5.2,5
pad,85,0.1,M5,2.0,True,1.0,1.0,0.0,1.0,1.0,5.25,4
pad,85,0.1,cov-MEL,,,1.0,,,,,,9
pad,85,0.1,sens-MEL,,,,,,1.0,,,9
pad,85,0.1,cov-NV,,,1.0,,,,,,17
pad,85,0.1,cov-BCC,,,0.9183673469387755,,,,,,147
pad,85,0.1,sens-BCC,,,,,,1.0,,,147
pad,85,0.1,cov-AK,,,0.9387755102040817,,,,,,49
pad,85,0.1,sens-AK,,,,,,1.0,,,49
pad,85,0.1,cov-BKL,,,1.0,,,,,,6
pad,85,0.1,cov-SCC,,,0.6176470588235294,,,,,,34
pad,85,0.1,sens-SCC,,,,,,1.0,,,34
pad,85,0.15,B,21.0,False,1.0,1.0,,1.0,1.0,2.8260869565217392,23
pad,85,0.15,M1,24.0,False,0.6896551724137931,0.65625,0.0,1.0,1.0,2.4827586206896552,29
pad,85,0.15,M2,162.0,False,0.863013698630137,0.8618157543391187,0.0,1.0,1.0,2.7465753424657535,146
pad,85,0.15,M3,78.0,False,0.8363636363636363,0.8253968253968255,0.0,1.0,1.0,2.8,55
pad,85,0.15,M4,12.0,False,1.0,1.0,0.0,1.0,1.0,4.4,5
pad,85,0.15,M5,2.0,True,1.0,1.0,0.0,1.0,1.0,4.75,4
pad,85,0.15,cov-MEL,,,1.0,,,,,,9
pad,85,0.15,sens-MEL,,,,,,1.0,,,9
pad,85,0.15,cov-NV,,,1.0,,,,,,17
pad,85,0.15,cov-BCC,,,0.8707482993197279,,,,,,147
pad,85,0.15,sens-BCC,,,,,,1.0,,,147
pad,85,0.15,cov-AK,,,0.9387755102040817,,,,,,49
pad,85,0.15,sens-AK,,,,,,1.0,,,49
pad,85,0.15,cov-BKL,,,1.0,,,,,,6
pad,85,0.15,cov-SCC,,,0.5294117647058824,,,,,,34
pad,85,0.15,sens-SCC,,,,,,1.0,,,34
hiba,86,0.05,B,169.0,False,0.9847328244274809,0.9420289855072463,,1.0,1.0,5.751908396946565,262
hiba,86,0.05,M1,24.0,False,1.0,1.0,0.0,1.0,1.0,6.153846153846154,13
hiba,86,0.05,M2,214.0,False,0.9104477611940298,0.8960396039603961,0.0,1.0,1.0,5.977611940298507,134
hiba,86,0.05,M3,26.0,False,1.0,1.0,0.0,1.0,1.0,6.642857142857143,14
hiba,86,0.05,cov-MEL,,,0.9807692307692307,,,,,,52
hiba,86,0.05,sens-MEL,,,,,,1.0,,,52
hiba,86,0.05,cov-NV,,,1.0,,,,,,229
hiba,86,0.05,cov-BCC,,,0.9848484848484849,,,,,,66
hiba,86,0.05,sens-BCC,,,,,,1.0,,,66
hiba,86,0.05,cov-AK,,,0.9285714285714286,,,,,,14
hiba,86,0.05,sens-AK,,,,,,1.0,,,14
hiba,86,0.05,cov-BKL,,,1.0,,,,,,15
hiba,86,0.05,cov-DF,,,0.6666666666666666,,,,,,9
hiba,86,0.05,cov-VASC,,,0.8888888888888888,,,,,,9
hiba,86,0.05,cov-SCC,,,0.6896551724137931,,,,,,29
hiba,86,0.05,sens-SCC,,,,,,1.0,,,29
hiba,86,0.1,B,169.0,False,0.9694656488549618,0.9057971014492754,,1.0,1.0,4.6106870229007635,262
hiba,86,0.1,M1,24.0,False,1.0,1.0,0.0,1.0,1.0,4.615384615384615,13
hiba,86,0.1,M2,214.0,False,0.8432835820895522,0.842079207920792,0.0,1.0,1.0,4.029850746268656,134
hiba,86,0.1,M3,26.0,False,1.0,1.0,0.0,1.0,1.0,5.142857142857143,14
hiba,86,0.1,cov-MEL,,,0.9615384615384616,,,,,,52
hiba,86,0.1,sens-MEL,,,,,,1.0,,,52
hiba,86,0.1,cov-NV,,,0.9956331877729258,,,,,,229
hiba,86,0.1,cov-BCC,,,0.9393939393939394,,,,,,66
hiba,86,0.1,sens-BCC,,,,,,1.0,,,66
hiba,86,0.1,cov-AK,,,0.7857142857142857,,,,,,14
hiba,86,0.1,sens-AK,,,,,,1.0,,,14
hiba,86,0.1,cov-BKL,,,1.0,,,,,,15
hiba,86,0.1,cov-DF,,,0.4444444444444444,,,,,,9
hiba,86,0.1,cov-VASC,,,0.7777777777777778,,,,,,9
hiba,86,0.1,cov-SCC,,,0.5862068965517241,,,,,,29
hiba,86,0.1,sens-SCC,,,,,,1.0,,,29
hiba,86,0.15,B,169.0,False,0.950381679389313,0.8502415458937199,,1.0,1.0,3.5381679389312977,262
hiba,86,0.15,M1,24.0,False,1.0,1.0,0.0,1.0,1.0,3.923076923076923,13
hiba,86,0.15,M2,214.0,False,0.7985074626865671,0.8016501650165017,0.0,1.0,1.0,3.417910447761194,134
hiba,86,0.15,M3,26.0,False,1.0,1.0,0.0,1.0,1.0,3.142857142857143,14
hiba,86,0.15,cov-MEL,,,0.9230769230769231,,,,,,52
hiba,86,0.15,sens-MEL,,,,,,1.0,,,52
hiba,86,0.15,cov-NV,,,0.9956331877729258,,,,,,229
hiba,86,0.15,cov-BCC,,,0.9090909090909091,,,,,,66
hiba,86,0.15,sens-BCC,,,,,,1.0,,,66
hiba,86,0.15,cov-AK,,,0.7857142857142857,,,,,,14
hiba,86,0.15,sens-AK,,,,,,1.0,,,14
hiba,86,0.15,cov-BKL,,,0.9333333333333333,,,,,,15
hiba,86,0.15,cov-DF,,,0.3333333333333333,,,,,,9
hiba,86,0.15,cov-VASC,,,0.4444444444444444,,,,,,9
hiba,86,0.15,cov-SCC,,,0.5172413793103449,,,,,,29
hiba,86,0.15,sens-SCC,,,,,,1.0,,,29
pad,86,0.05,B,23.0,False,1.0,1.0,,1.0,1.0,4.65,20
pad,86,0.05,M1,23.0,False,0.92,0.9215686274509803,0.0,1.0,1.0,3.68,25
pad,86,0.05,M2,165.0,False,0.987012987012987,0.9935897435897435,0.0,1.0,1.0,4.733766233766234,154
pad,86,0.05,M3,74.0,False,0.9047619047619048,0.8913043478260869,0.0,1.0,1.0,3.746031746031746,63
pad,86,0.05,M4,11.0,True,1.0,1.0,0.0,1.0,1.0,5.571428571428571,7
pad,86,0.05,M5,3.0,True,1.0,1.0,0.0,1.0,1.0,6.0,2
pad,86,0.05,cov-MEL,,,0.8571428571428571,,,,,,7
pad,86,0.05,sens-MEL,,,,,,1.0,,,7
pad,86,0.05,cov-NV,,,1.0,,,,,,11
pad,86,0.05,cov-BCC,,,0.9939393939393939,,,,,,165
pad,86,0.05,sens-BCC,,,,,,1.0,,,165
pad,86,0.05,cov-AK,,,0.9423076923076923,,,,,,52
pad,86,0.05,sens-AK,,,,,,1.0,,,52
pad,86,0.05,cov-BKL,,,1.0,,,,,,9
pad,86,0.05,cov-SCC,,,0.8148148148148148,,,,,,27
pad,86,0.05,sens-SCC,,,,,,1.0,,,27
pad,86,0.1,B,23.0,False,1.0,1.0,,1.0,1.0,3.75,20
pad,86,0.1,M1,23.0,False,0.88,0.892156862745098,0.0,1.0,1.0,3.64,25
pad,86,0.1,M2,165.0,False,0.974025974025974,0.9807692307692307,0.0,1.0,1.0,3.824675324675325,154
pad,86,0.1,M3,74.0,False,0.8888888888888888,0.8695652173913043,0.0,1.0,1.0,3.4761904761904763,63
pad,86,0.1,M4,11.0,False,0.8571428571428571,0.8333333333333334,0.0,1.0,1.0,4.285714285714286,7
pad,86,0.1,M5,3.0,True,1.0,1.0,0.0,1.0,1.0,6.0,2
pad,86,0.1,cov-MEL,,,0.8571428571428571,,,,,,7
pad,86,0.1,sens-MEL,,,,,,1.0,,,7
pad,86,0.1,cov-NV,,,1.0,,,,,,11
pad,86,0.1,cov-BCC,,,0.9878787878787879,,,,,,165
pad,86,0.1,sens-BCC,,,,,,1.0,,,165
pad,86,0.1,cov-AK,,,0.9230769230769231,,,,,,52
pad,86,0.1,sens-AK,,,,,,1.0,,,52
pad,86,0.1,cov-BKL,,,1.0,,,,,,9
pad,86,0.1,cov-SCC,,,0.7037037037037037,,,,,,27
pad,86,0.1,sens-SCC,,,,,,1.0,,,27
pad,86,0.15,B,23.0,False,0.95,0.9375,,1.0,1.0,3.1,20
pad,86,0.15,M1,23.0,False,0.88,0.892156862745098,0.0,1.0,1.0,2.56,25
pad,86,0.15,M2,165.0,False,0.8961038961038961,0.9078525641025641,0.0,1.0,1.0,2.707792207792208,154
pad,86,0.15,M3,74.0,False,0.8253968253968254,0.8152173913043478,0.0,1.0,1.0,2.6031746031746033,63
pad,86,0.15,M4,11.0,False,0.8571428571428571,0.8333333333333334,0.0,1.0,1.0,3.5714285714285716,7
pad,86,0.15,M5,3.0,True,1.0,1.0,0.0,1.0,1.0,6.0,2
pad,86,0.15,cov-MEL,,,0.7142857142857143,,,,,,7
pad,86,0.15,sens-MEL,,,,,,1.0,,,7
pad,86,0.15,cov-NV,,,1.0,,,,,,11
pad,86,0.15,cov-BCC,,,0.9272727272727272,,,,,,165
pad,86,0.15,sens-BCC,,,,,,1.0,,,165
pad,86,0.15,cov-AK,,,0.9038461538461539,,,,,,52
pad,86,0.15,sens-AK,,,,,,1.0,,,52
pad,86,0.15,cov-BKL,,,0.8888888888888888,,,,,,9
pad,86,0.15,cov-SCC,,,0.5555555555555556,,,,,,27
pad,86,0.15,sens-SCC,,,,,,1.0,,,27
hiba,87,0.05,B,171.0,False,0.9741935483870968,0.9664179104477612,,1.0,1.0,6.193548387096774,155
hiba,87,0.05,M1,26.0,False,1.0,1.0,0.0,1.0,1.0,6.533333333333333,15
hiba,87,0.05,M2,210.0,False,0.9538461538461539,0.969047619047619,0.0,1.0,1.0,6.6,130
hiba,87,0.05,M3,23.0,False,1.0,1.0,0.0,1.0,1.0,6.555555555555555,18
hiba,87,0.05,cov-MEL,,,1.0,,,,,,51
hiba,87,0.05,sens-MEL,,,,,,1.0,,,51
hiba,87,0.05,cov-NV,,,1.0,,,,,,109
hiba,87,0.05,cov-BCC,,,1.0,,,,,,65
hiba,87,0.05,sens-BCC,,,,,,1.0,,,65
hiba,87,0.05,cov-AK,,,0.7647058823529411,,,,,,17
hiba,87,0.05,sens-AK,,,,,,1.0,,,17
hiba,87,0.05,cov-BKL,,,1.0,,,,,,18
hiba,87,0.05,cov-DF,,,0.8333333333333334,,,,,,18
hiba,87,0.05,cov-VASC,,,0.9,,,,,,10
hiba,87,0.05,cov-SCC,,,0.9333333333333333,,,,,,30
hiba,87,0.05,sens-SCC,,,,,,1.0,,,30
hiba,87,0.1,B,171.0,False,0.9096774193548387,0.8656716417910447,,1.0,1.0,3.8,155
hiba,87,0.1,M1,26.0,False,1.0,1.0,0.0,1.0,1.0,4.733333333333333,15
hiba,87,0.1,M2,210.0,False,0.8846153846153846,0.9047619047619048,0.0,1.0,1.0,4.053846153846154,130
hiba,87,0.1,M3,23.0,False,0.9444444444444444,0.9090909090909091,0.0,1.0,1.0,4.666666666666667,18
hiba,87,0.1,cov-MEL,,,0.9803921568627451,,,,,,51
hiba,87,0.1,sens-MEL,,,,,,1.0,,,51
hiba,87,0.1,cov-NV,,,1.0,,,,,,109
hiba,87,0.1,cov-BCC,,,0.9538461538461539,,,,,,65
hiba,87,0.1,sens-BCC,,,,,,1.0,,,65
hiba,87,0.1,cov-AK,,,0.7058823529411765,,,,,,17
hiba,87,0.1,sens-AK,,,,,,1.0,,,17
hiba,87,0.1,cov-BKL,,,1.0,,,,,,18
hiba,87,0.1,cov-DF,,,0.4444444444444444,,,,,,18
hiba,87,0.1,cov-VASC,,,0.6,,,,,,10
hiba,87,0.1,cov-SCC,,,0.7666666666666667,,,,,,30
hiba,87,0.1,sens-SCC,,,,,,1.0,,,30
hiba,87,0.15,B,171.0,False,0.8774193548387097,0.8009950248756219,,1.0,1.0,3.1870967741935483,155
hiba,87,0.15,M1,26.0,False,1.0,1.0,0.0,1.0,1.0,3.8,15
hiba,87,0.15,M2,210.0,False,0.8,0.8253968253968255,0.0,1.0,1.0,3.4923076923076923,130
hiba,87,0.15,M3,23.0,False,0.8333333333333334,0.8030303030303031,0.0,1.0,1.0,2.6666666666666665,18
hiba,87,0.15,cov-MEL,,,0.9215686274509803,,,,,,51
hiba,87,0.15,sens-MEL,,,,,,1.0,,,51
hiba,87,0.15,cov-NV,,,0.9908256880733946,,,,,,109
hiba,87,0.15,cov-BCC,,,0.8923076923076924,,,,,,65
hiba,87,0.15,sens-BCC,,,,,,1.0,,,65
hiba,87,0.15,cov-AK,,,0.6470588235294118,,,,,,17
hiba,87,0.15,sens-AK,,,,,,1.0,,,17
hiba,87,0.15,cov-BKL,,,0.8888888888888888,,,,,,18
hiba,87,0.15,cov-DF,,,0.3888888888888889,,,,,,18
hiba,87,0.15,cov-VASC,,,0.5,,,,,,10
hiba,87,0.15,cov-SCC,,,0.6,,,,,,30
hiba,87,0.15,sens-SCC,,,,,,1.0,,,30
pad,87,0.05,B,18.0,True,1.0,1.0,,1.0,1.0,5.961538461538462,26
pad,87,0.05,M1,22.0,False,1.0,1.0,0.0,1.0,1.0,7.352941176470588,34
pad,87,0.05,M2,161.0,False,0.9423076923076923,0.9598765432098766,0.0,1.0,1.0,6.916666666666667,156
pad,87,0.05,M3,75.0,False,0.9473684210526315,0.9333333333333333,0.0,1.0,1.0,6.684210526315789,57
pad,87,0.05,M4,10.0,True,1.0,1.0,0.0,1.0,1.0,8.0,8
pad,87,0.05,M5,4.0,True,1.0,1.0,0.0,1.0,1.0,8.0,1
pad,87,0.05,cov-MEL,,,0.7692307692307693,,,,,,13
pad,87,0.05,sens-MEL,,,,,,1.0,,,13
pad,87,0.05,cov-NV,,,1.0,,,,,,20
pad,87,0.05,cov-BCC,,,1.0,,,,,,146
pad,87,0.05,sens-BCC,,,,,,1.0,,,146
pad,87,0.05,cov-AK,,,0.967741935483871,,,,,,62
pad,87,0.05,sens-AK,,,,,,1.0,,,62
pad,87,0.05,cov-BKL,,,1.0,,,,,,6
pad,87,0.05,cov-SCC,,,0.8,,,,,,35
pad,87,0.05,sens-SCC,,,,,,1.0,,,35
pad,87,0.1,B,18.0,False,0.9615384615384616,0.9523809523809523,,1.0,1.0,3.6923076923076925,26
pad,87,0.1,M1,22.0,False,1.0,1.0,0.0,1.0,1.0,4.029411764705882,34
pad,87,0.1,M2,161.0,False,0.8910256410256411,0.9174382716049384,0.0,1.0,1.0,3.6474358974358974,156
pad,87,0.1,M3,75.0,False,0.8771929824561403,0.8555555555555555,0.0,1.0,1.0,3.456140350877193,57
pad,87,0.1,M4,10.0,False,1.0,1.0,0.0,1.0,1.0,4.875,8
pad,87,0.1,M5,4.0,True,1.0,1.0,0.0,1.0,1.0,5.0,1
pad,87,0.1,cov-MEL,,,0.6923076923076923,,,,,,13
pad,87,0.1,sens-MEL,,,,,,1.0,,,13
pad,87,0.1,cov-NV,,,0.95,,,,,,20
pad,87,0.1,cov-BCC,,,0.9931506849315068,,,,,,146
pad,87,0.1,sens-BCC,,,,,,1.0,,,146
pad,87,0.1,cov-AK,,,0.9516129032258065,,,,,,62
pad,87,0.1,sens-AK,,,,,,1.0,,,62
pad,87,0.1,cov-BKL,,,1.0,,,,,,6
pad,87,0.1,cov-SCC,,,0.5428571428571428,,,,,,35
pad,87,0.1,sens-SCC,,,,,,1.0,,,35
pad,87,0.15,B,18.0,False,0.9230769230769231,0.9047619047619048,,1.0,1.0,3.1153846153846154,26
pad,87,0.15,M1,22.0,False,0.9117647058823529,0.9583333333333334,0.0,1.0,1.0,3.0,34
pad,87,0.15,M2,161.0,False,0.8397435897435898,0.8680555555555556,0.0,1.0,1.0,2.6346153846153846,156
pad,87,0.15,M3,75.0,False,0.8771929824561403,0.8555555555555555,0.0,1.0,1.0,2.7017543859649122,57
pad,87,0.15,M4,10.0,False,1.0,1.0,0.0,1.0,1.0,4.25,8
pad,87,0.15,M5,4.0,True,1.0,1.0,0.0,1.0,1.0,5.0,1
pad,87,0.15,cov-MEL,,,0.5384615384615384,,,,,,13
pad,87,0.15,sens-MEL,,,,,,1.0,,,13
pad,87,0.15,cov-NV,,,0.95,,,,,,20
pad,87,0.15,cov-BCC,,,0.958904109589041,,,,,,146
pad,87,0.15,sens-BCC,,,,,,1.0,,,146
pad,87,0.15,cov-AK,,,0.9193548387096774,,,,,,62
pad,87,0.15,sens-AK,,,,,,1.0,,,62
pad,87,0.15,cov-BKL,,,0.8333333333333334,,,,,,6
pad,87,0.15,cov-SCC,,,0.4857142857142857,,,,,,35
pad,87,0.15,sens-SCC,,,,,,1.0,,,35
hiba,88,0.05,B,163.0,False,0.9696969696969697,0.94,,1.0,1.0,5.8121212121212125,165
hiba,88,0.05,M1,23.0,False,1.0,1.0,0.0,1.0,1.0,6.294117647058823,17
hiba,88,0.05,M2,226.0,False,0.9545454545454546,0.9606741573033708,0.0,1.0,1.0,6.218181818181818,110
hiba,88,0.05,M3,25.0,False,1.0,1.0,0.0,1.0,1.0,6.571428571428571,14
hiba,88,0.05,cov-MEL,,,0.9795918367346939,,,,,,49
hiba,88,0.05,sens-MEL,,,,,,1.0,,,49
hiba,88,0.05,cov-NV,,,1.0,,,,,,120
hiba,88,0.05,cov-BCC,,,1.0,,,,,,57
hiba,88,0.05,sens-BCC,,,,,,1.0,,,57
hiba,88,0.05,cov-AK,,,0.9230769230769231,,,,,,13
hiba,88,0.05,sens-AK,,,,,,1.0,,,13
hiba,88,0.05,cov-BKL,,,1.0,,,,,,19
hiba,88,0.05,cov-DF,,,0.7058823529411765,,,,,,17
hiba,88,0.05,cov-VASC,,,1.0,,,,,,9
hiba,88,0.05,cov-SCC,,,0.8636363636363636,,,,,,22
hiba,88,0.05,sens-SCC,,,,,,1.0,,,22
hiba,88,0.1,B,163.0,False,0.9272727272727272,0.8922222222222221,,1.0,1.0,3.8363636363636364,165
hiba,88,0.1,M1,23.0,False,1.0,1.0,0.0,1.0,1.0,4.647058823529412,17
hiba,88,0.1,M2,226.0,False,0.9090909090909091,0.9101123595505618,0.0,1.0,1.0,4.045454545454546,110
hiba,88,0.1,M3,25.0,False,0.9285714285714286,0.8888888888888888,0.0,1.0,1.0,4.428571428571429,14
hiba,88,0.1,cov-MEL,,,0.9795918367346939,,,,,,49
hiba,88,0.1,sens-MEL,,,,,,1.0,,,49
hiba,88,0.1,cov-NV,,,0.9916666666666667,,,,,,120
hiba,88,0.1,cov-BCC,,,0.9649122807017544,,,,,,57
hiba,88,0.1,sens-BCC,,,,,,1.0,,,57
hiba,88,0.1,cov-AK,,,0.9230769230769231,,,,,,13
hiba,88,0.1,sens-AK,,,,,,1.0,,,13
hiba,88,0.1,cov-BKL,,,0.9473684210526315,,,,,,19
hiba,88,0.1,cov-DF,,,0.5294117647058824,,,,,,17
hiba,88,0.1,cov-VASC,,,0.7777777777777778,,,,,,9
hiba,88,0.1,cov-SCC,,,0.6818181818181818,,,,,,22
hiba,88,0.1,sens-SCC,,,,,,1.0,,,22
hiba,88,0.15,B,163.0,False,0.9212121212121213,0.8788888888888887,,1.0,1.0,3.2484848484848485,165
hiba,88,0.15,M1,23.0,False,1.0,1.0,0.0,1.0,1.0,3.823529411764706,17
hiba,88,0.15,M2,226.0,False,0.8090909090909091,0.8183520599250937,0.0,1.0,1.0,3.463636363636364,110
hiba,88,0.15,M3,25.0,False,0.9285714285714286,0.8888888888888888,0.0,1.0,1.0,3.142857142857143,14
hiba,88,0.15,cov-MEL,,,0.9387755102040817,,,,,,49
hiba,88,0.15,sens-MEL,,,,,,1.0,,,49
hiba,88,0.15,cov-NV,,,0.9916666666666667,,,,,,120
hiba,88,0.15,cov-BCC,,,0.8771929824561403,,,,,,57
hiba,88,0.15,sens-BCC,,,,,,1.0,,,57
hiba,88,0.15,cov-AK,,,0.8461538461538461,,,,,,13
hiba,88,0.15,sens-AK,,,,,,1.0,,,13
hiba,88,0.15,cov-BKL,,,0.9473684210526315,,,,,,19
hiba,88,0.15,cov-DF,,,0.5294117647058824,,,,,,17
hiba,88,0.15,cov-VASC,,,0.6666666666666666,,,,,,9
hiba,88,0.15,cov-SCC,,,0.5454545454545454,,,,,,22
hiba,88,0.15,sens-SCC,,,,,,1.0,,,22
pad,88,0.05,B,23.0,False,0.9444444444444444,0.9375,,1.0,1.0,4.0,18
pad,88,0.05,M1,27.0,False,0.88,0.8205128205128205,0.0,1.0,1.0,3.2,25
pad,88,0.05,M2,168.0,False,0.93125,0.9356435643564357,0.0,1.0,1.0,4.11875,160
pad,88,0.05,M3,66.0,False,0.9772727272727273,0.9629629629629629,0.0,1.0,1.0,4.056818181818182,88
pad,88,0.05,M4,8.0,True,1.0,1.0,0.0,1.0,1.0,5.333333333333333,9
pad,88,0.05,M5,1.0,True,1.0,1.0,0.0,1.0,1.0,5.5,4
pad,88,0.05,cov-MEL,,,0.7777777777777778,,,,,,9
pad,88,0.05,sens-MEL,,,,,,1.0,,,9
pad,88,0.05,cov-NV,,,0.9166666666666666,,,,,,12
pad,88,0.05,cov-BCC,,,0.9825581395348837,,,,,,172
pad,88,0.05,sens-BCC,,,,,,1.0,,,172
pad,88,0.05,cov-AK,,,0.9710144927536232,,,,,,69
pad,88,0.05,sens-AK,,,,,,1.0,,,69
pad,88,0.05,cov-BKL,,,1.0,,,,,,6
pad,88,0.05,cov-SCC,,,0.75,,,,,,36
pad,88,0.05,sens-SCC,,,,,,1.0,,,36
pad,88,0.1,B,23.0,False,0.9444444444444444,0.9375,,1.0,1.0,3.2222222222222223,18
pad,88,0.1,M1,27.0,False,0.84,0.782051282051282,0.0,1.0,1.0,2.52,25
pad,88,0.1,M2,168.0,False,0.8625,0.8613861386138614,0.0,1.0,1.0,2.84375,160
pad,88,0.1,M3,66.0,False,0.9659090909090909,0.9444444444444444,0.0,1.0,1.0,3.159090909090909,88
pad,88,0.1,M4,8.0,True,1.0,1.0,0.0,1.0,1.0,4.888888888888889,9
pad,88,0.1,M5,1.0,True,1.0,1.0,0.0,1.0,1.0,5.25,4
pad,88,0.1,cov-MEL,,,0.7777777777777778,,,,,,9
pad,88,0.1,sens-MEL,,,,,,1.0,,,9
pad,88,0.1,cov-NV,,,0.9166666666666666,,,,,,12
pad,88,0.1,cov-BCC,,,0.9476744186046512,,,,,,172
pad,88,0.1,sens-BCC,,,,,,1.0,,,172
pad,88,0.1,cov-AK,,,0.9565217391304348,,,,,,69
pad,88,0.1,sens-AK,,,,,,1.0,,,69
pad,88,0.1,cov-BKL,,,1.0,,,,,,6
pad,88,0.1,cov-SCC,,,0.5833333333333334,,,,,,36
pad,88,0.1,sens-SCC,,,,,,1.0,,,36
pad,88,0.15,B,23.0,False,0.9444444444444444,0.9375,,1.0,1.0,2.5,18
pad,88,0.15,M1,27.0,False,0.8,0.7435897435897435,0.0,1.0,1.0,2.36,25
pad,88,0.15,M2,168.0,False,0.7875,0.7764026402640263,0.0,1.0,1.0,2.55625,160
pad,88,0.15,M3,66.0,False,0.9204545454545454,0.8935185185185185,0.0,1.0,1.0,2.647727272727273,88
pad,88,0.15,M4,8.0,False,0.6666666666666666,0.6666666666666666,0.0,1.0,1.0,2.4444444444444446,9
pad,88,0.15,M5,1.0,True,1.0,1.0,0.0,1.0,1.0,5.25,4
pad,88,0.15,cov-MEL,,,0.4444444444444444,,,,,,9
pad,88,0.15,sens-MEL,,,,,,1.0,,,9
pad,88,0.15,cov-NV,,,0.9166666666666666,,,,,,12
pad,88,0.15,cov-BCC,,,0.8895348837209303,,,,,,172
pad,88,0.15,sens-BCC,,,,,,1.0,,,172
pad,88,0.15,cov-AK,,,0.8840579710144928,,,,,,69
pad,88,0.15,sens-AK,,,,,,1.0,,,69
pad,88,0.15,cov-BKL,,,1.0,,,,,,6
pad,88,0.15,cov-SCC,,,0.5277777777777778,,,,,,36
pad,88,0.15,sens-SCC,,,,,,1.0,,,36
hiba,89,0.05,B,160.0,False,0.9611111111111111,0.9166666666666666,,1.0,1.0,5.961111111111111,180
hiba,89,0.05,M1,27.0,False,0.8571428571428571,0.8571428571428571,0.0,1.0,1.0,5.428571428571429,7
hiba,89,0.05,M2,217.0,False,0.9923076923076923,0.9897959183673469,0.0,1.0,1.0,6.515384615384615,130
hiba,89,0.05,M3,24.0,False,1.0,1.0,0.0,1.0,1.0,6.2727272727272725,11
hiba,89,0.05,cov-MEL,,,1.0,,,,,,45
hiba,89,0.05,sens-MEL,,,,,,1.0,,,45
hiba,89,0.05,cov-NV,,,1.0,,,,,,133
hiba,89,0.05,cov-BCC,,,0.9859154929577465,,,,,,71
hiba,89,0.05,sens-BCC,,,,,,1.0,,,71
hiba,89,0.05,cov-AK,,,1.0,,,,,,7
hiba,89,0.05,sens-AK,,,,,,1.0,,,7
hiba,89,0.05,cov-BKL,,,1.0,,,,,,24
hiba,89,0.05,cov-DF,,,0.6153846153846154,,,,,,13
hiba,89,0.05,cov-VASC,,,0.8,,,,,,10
hiba,89,0.05,cov-SCC,,,0.96,,,,,,25
hiba,89,0.05,sens-SCC,,,,,,1.0,,,25
hiba,89,0.1,B,160.0,False,0.9333333333333333,0.8888888888888888,,1.0,1.0,4.438888888888889,180
hiba,89,0.1,M1,27.0,False,0.8571428571428571,0.8571428571428571,0.0,1.0,1.0,4.571428571428571,7
hiba,89,0.1,M2,217.0,False,0.9769230769230769,0.9693877551020408,0.0,1.0,1.0,4.7846153846153845,130
hiba,89,0.1,M3,24.0,False,0.9090909090909091,0.9,0.0,1.0,1.0,4.636363636363637,11
hiba,89,0.1,cov-MEL,,,1.0,,,,,,45
hiba,89,0.1,sens-MEL,,,,,,1.0,,,45
hiba,89,0.1,cov-NV,,,0.9924812030075187,,,,,,133
hiba,89,0.1,cov-BCC,,,0.9859154929577465,,,,,,71
hiba,89,0.1,sens-BCC,,,,,,1.0,,,71
hiba,89,0.1,cov-AK,,,0.8571428571428571,,,,,,7
hiba,89,0.1,sens-AK,,,,,,1.0,,,7
hiba,89,0.1,cov-BKL,,,1.0,,,,,,24
hiba,89,0.1,cov-DF,,,0.46153846153846156,,,,,,13
hiba,89,0.1,cov-VASC,,,0.6,,,,,,10
hiba,89,0.1,cov-SCC,,,0.88,,,,,,25
hiba,89,0.1,sens-SCC,,,,,,1.0,,,25
hiba,89,0.15,B,160.0,False,0.9166666666666666,0.8568376068376068,,1.0,1.0,3.188888888888889,180
hiba,89,0.15,M1,27.0,False,0.8571428571428571,0.8571428571428571,0.0,1.0,1.0,3.4285714285714284,7
hiba,89,0.15,M2,217.0,False,0.9307692307692308,0.9307823129251701,0.0,1.0,1.0,3.6384615384615384,130
hiba,89,0.15,M3,24.0,False,0.8181818181818182,0.8,0.0,1.0,1.0,3.0,11
hiba,89,0.15,cov-MEL,,,0.9777777777777777,,,,,,45
hiba,89,0.15,sens-MEL,,,,,,1.0,,,45
hiba,89,0.15,cov-NV,,,0.9849624060150376,,,,,,133
hiba,89,0.15,cov-BCC,,,0.9436619718309859,,,,,,71
hiba,89,0.15,sens-BCC,,,,,,1.0,,,71
hiba,89,0.15,cov-AK,,,0.7142857142857143,,,,,,7
hiba,89,0.15,sens-AK,,,,,,1.0,,,7
hiba,89,0.15,cov-BKL,,,1.0,,,,,,24
hiba,89,0.15,cov-DF,,,0.46153846153846156,,,,,,13
hiba,89,0.15,cov-VASC,,,0.4,,,,,,10
hiba,89,0.15,cov-SCC,,,0.8,,,,,,25
hiba,89,0.15,sens-SCC,,,,,,1.0,,,25
pad,89,0.05,B,25.0,False,1.0,1.0,,1.0,1.0,4.411764705882353,17
pad,89,0.05,M1,18.0,True,1.0,1.0,0.0,1.0,1.0,5.170731707317073,41
pad,89,0.05,M2,164.0,False,0.9533333333333334,0.9523809523809523,0.0,1.0,1.0,4.026666666666666,150
pad,89,0.05,M3,61.0,False,0.9770114942528736,0.9661016949152542,0.0,1.0,1.0,4.103448275862069,87
pad,89,0.05,M4,12.0,True,1.0,1.0,0.0,1.0,1.0,5.4,5
pad,89,0.05,M5,4.0,True,1.0,1.0,0.0,1.0,1.0,5.0,1
pad,89,0.05,cov-MEL,,,1.0,,,,,,8
pad,89,0.05,sens-MEL,,,,,,1.0,,,8
pad,89,0.05,cov-NV,,,1.0,,,,,,12
pad,89,0.05,cov-BCC,,,0.994535519125683,,,,,,183
pad,89,0.05,sens-BCC,,,,,,1.0,,,183
pad,89,0.05,cov-AK,,,0.9655172413793104,,,,,,58
pad,89,0.05,sens-AK,,,,,,1.0,,,58
pad,89,0.05,cov-BKL,,,1.0,,,,,,5
pad,89,0.05,cov-SCC,,,0.8285714285714286,,,,,,35
pad,89,0.05,sens-SCC,,,,,,1.0,,,35
pad,89,0.1,B,25.0,False,1.0,1.0,,1.0,1.0,3.588235294117647,17
pad,89,0.1,M1,18.0,False,0.8780487804878049,0.9053030303030304,0.0,1.0,1.0,3.658536585365854,41
pad,89,0.1,M2,164.0,False,0.88,0.8785714285714286,0.0,1.0,1.0,3.4066666666666667,150
pad,89,0.1,M3,61.0,False,0.9770114942528736,0.9661016949152542,0.0,1.0,1.0,3.6551724137931036,87
pad,89,0.1,M4,12.0,False,1.0,1.0,0.0,1.0,1.0,4.6,5
pad,89,0.1,M5,4.0,True,1.0,1.0,0.0,1.0,1.0,5.0,1
pad,89,0.1,cov-MEL,,,0.875,,,,,,8
pad,89,0.1,sens-MEL,,,,,,1.0,,,8
pad,89,0.1,cov-NV,,,1.0,,,,,,12
pad,89,0.1,cov-BCC,,,0.9562841530054644,,,,,,183
pad,89,0.1,sens-BCC,,,,,,1.0,,,183
pad,89,0.1,cov-AK,,,0.9137931034482759,,,,,,58
pad,89,0.1,sens-AK,,,,,,1.0,,,58
pad,89,0.1,cov-BKL,,,1.0,,,,,,5
pad,89,0.1,cov-SCC,,,0.6857142857142857,,,,,,35
pad,89,0.1,sens-SCC,,,,,,1.0,,,35
pad,89,0.15,B,25.0,False,0.8235294117647058,0.7857142857142857,,1.0,1.0,2.411764705882353,17
pad,89,0.15,M1,18.0,False,0.8780487804878049,0.9053030303030304,0.0,1.0,1.0,2.5853658536585367,41
pad,89,0.15,M2,164.0,False,0.8066666666666666,0.8174603174603176,0.0,1.0,1.0,2.16,150
pad,89,0.15,M3,61.0,False,0.9540229885057471,0.9322033898305084,0.0,1.0,1.0,2.5402298850574714,87
pad,89,0.15,M4,12.0,False,1.0,1.0,0.0,1.0,1.0,3.8,5
pad,89,0.15,M5,4.0,True,1.0,1.0,0.0,1.0,1.0,4.0,1
pad,89,0.15,cov-MEL,,,0.75,,,,,,8
pad,89,0.15,sens-MEL,,,,,,1.0,,,8
pad,89,0.15,cov-NV,,,0.8333333333333334,,,,,,12
pad,89,0.15,cov-BCC,,,0.9234972677595629,,,,,,183
pad,89,0.15,sens-BCC,,,,,,1.0,,,183
pad,89,0.15,cov-AK,,,0.8793103448275862,,,,,,58
pad,89,0.15,sens-AK,,,,,,1.0,,,58
pad,89,0.15,cov-BKL,,,0.8,,,,,,5
pad,89,0.15,cov-SCC,,,0.5714285714285714,,,,,,35
pad,89,0.15,sens-SCC,,,,,,1.0,,,35
hiba,90,0.05,B,166.0,False,0.9837837837837838,0.9652777777777778,,1.0,1.0,5.972972972972973,185
hiba,90,0.05,M1,27.0,False,1.0,1.0,0.0,1.0,1.0,6.2727272727272725,11
hiba,90,0.05,M2,221.0,False,0.944,0.9414893617021277,0.0,1.0,1.0,6.408,125
hiba,90,0.05,M3,22.0,False,0.8823529411764706,0.8333333333333334,0.0,1.0,1.0,5.882352941176471,17
hiba,90,0.05,cov-MEL,,,0.9811320754716981,,,,,,53
hiba,90,0.05,sens-MEL,,,,,,1.0,,,53
hiba,90,0.05,cov-NV,,,1.0,,,,,,152
hiba,90,0.05,cov-BCC,,,0.9830508474576272,,,,,,59
hiba,90,0.05,sens-BCC,,,,,,1.0,,,59
hiba,90,0.05,cov-AK,,,0.9333333333333333,,,,,,15
hiba,90,0.05,sens-AK,,,,,,1.0,,,15
hiba,90,0.05,cov-BKL,,,1.0,,,,,,13
hiba,90,0.05,cov-DF,,,0.8181818181818182,,,,,,11
hiba,90,0.05,cov-VASC,,,0.8888888888888888,,,,,,9
hiba,90,0.05,cov-SCC,,,0.7692307692307693,,,,,,26
hiba,90,0.05,sens-SCC,,,,,,1.0,,,26
hiba,90,0.1,B,166.0,False,0.9567567567567568,0.9097222222222222,,1.0,1.0,3.8756756756756756,185
hiba,90,0.1,M1,27.0,False,0.7272727272727273,0.7142857142857143,0.0,1.0,1.0,4.454545454545454,11
hiba,90,0.1,M2,221.0,False,0.896,0.901595744680851,0.0,1.0,1.0,4.216,125
hiba,90,0.1,M3,22.0,False,0.7058823529411765,0.7222222222222222,0.0,1.0,1.0,3.1176470588235294,17
hiba,90,0.1,cov-MEL,,,0.9433962264150944,,,,,,53
hiba,90,0.1,sens-MEL,,,,,,1.0,,,53
hiba,90,0.1,cov-NV,,,0.993421052631579,,,,,,152
hiba,90,0.1,cov-BCC,,,0.8983050847457628,,,,,,59
hiba,90,0.1,sens-BCC,,,,,,1.0,,,59
hiba,90,0.1,cov-AK,,,0.9333333333333333,,,,,,15
hiba,90,0.1,sens-AK,,,,,,1.0,,,15
hiba,90,0.1,cov-BKL,,,1.0,,,,,,13
hiba,90,0.1,cov-DF,,,0.5454545454545454,,,,,,11
hiba,90,0.1,cov-VASC,,,0.7777777777777778,,,,,,9
hiba,90,0.1,cov-SCC,,,0.5769230769230769,,,,,,26
hiba,90,0.1,sens-SCC,,,,,,1.0,,,26
hiba,90,0.15,B,166.0,False,0.9513513513513514,0.8958333333333334,,1.0,1.0,3.4108108108108106,185
hiba,90,0.15,M1,27.0,False,0.6363636363636364,0.6666666666666666,0.0,1.0,1.0,3.1818181818181817,11
hiba,90,0.15,M2,221.0,False,0.856,0.8693262411347518,0.0,1.0,1.0,3.544,125
hiba,90,0.15,M3,22.0,False,0.7058823529411765,0.7222222222222222,0.0,1.0,1.0,2.7058823529411766,17
hiba,90,0.15,cov-MEL,,,0.9433962264150944,,,,,,53
hiba,90,0.15,sens-MEL,,,,,,1.0,,,53
hiba,90,0.15,cov-NV,,,0.993421052631579,,,,,,152
hiba,90,0.15,cov-BCC,,,0.8813559322033898,,,,,,59
hiba,90,0.15,sens-BCC,,,,,,1.0,,,59
hiba,90,0.15,cov-AK,,,0.8666666666666667,,,,,,15
hiba,90,0.15,sens-AK,,,,,,1.0,,,15
hiba,90,0.15,cov-BKL,,,1.0,,,,,,13
hiba,90,0.15,cov-DF,,,0.5454545454545454,,,,,,11
hiba,90,0.15,cov-VASC,,,0.6666666666666666,,,,,,9
hiba,90,0.15,cov-SCC,,,0.4230769230769231,,,,,,26
hiba,90,0.15,sens-SCC,,,,,,1.0,,,26
pad,90,0.05,B,24.0,False,1.0,1.0,,1.0,1.0,4.647058823529412,17
pad,90,0.05,M1,22.0,False,0.9655172413793104,0.9814814814814815,0.0,1.0,1.0,4.0,29
pad,90,0.05,M2,157.0,False,0.9461077844311377,0.9630102040816327,0.0,1.0,1.0,4.233532934131737,167
pad,90,0.05,M3,70.0,False,0.9876543209876543,0.98,0.0,1.0,1.0,4.271604938271605,81
pad,90,0.05,M4,7.0,True,1.0,1.0,0.0,1.0,1.0,5.416666666666667,12
pad,90,0.05,M5,4.0,True,1.0,1.0,0.0,1.0,1.0,6.0,1
pad,90,0.05,cov-MEL,,,0.9,,,,,,10
pad,90,0.05,sens-MEL,,,,,,1.0,,,10
pad,90,0.05,cov-NV,,,1.0,,,,,,8
pad,90,0.05,cov-BCC,,,0.9946524064171123,,,,,,187
pad,90,0.05,sens-BCC,,,,,,1.0,,,187
pad,90,0.05,cov-AK,,,0.9473684210526315,,,,,,57
pad,90,0.05,sens-AK,,,,,,1.0,,,57
pad,90,0.05,cov-BKL,,,1.0,,,,,,9
pad,90,0.05,cov-SCC,,,0.8333333333333334,,,,,,36
pad,90,0.05,sens-SCC,,,,,,1.0,,,36
pad,90,0.1,B,24.0,False,1.0,1.0,,1.0,1.0,3.9411764705882355,17
pad,90,0.1,M1,22.0,False,0.8275862068965517,0.8287037037037037,0.0,1.0,1.0,3.310344827586207,29
pad,90,0.1,M2,157.0,False,0.9281437125748503,0.9496173469387755,0.0,1.0,1.0,3.718562874251497,167
pad,90,0.1,M3,70.0,False,0.9506172839506173,0.94,0.0,1.0,1.0,3.6666666666666665,81
pad,90,0.1,M4,7.0,True,1.0,1.0,0.0,1.0,1.0,5.416666666666667,12
pad,90,0.1,M5,4.0,True,1.0,1.0,0.0,1.0,1.0,6.0,1
pad,90,0.1,cov-MEL,,,0.8,,,,,,10
pad,90,0.1,sens-MEL,,,,,,1.0,,,10
pad,90,0.1,cov-NV,,,1.0,,,,,,8
pad,90,0.1,cov-BCC,,,0.9786096256684492,,,,,,187
pad,90,0.1,sens-BCC,,,,,,1.0,,,187
pad,90,0.1,cov-AK,,,0.9298245614035088,,,,,,57
pad,90,0.1,sens-AK,,,,,,1.0,,,57
pad,90,0.1,cov-BKL,,,1.0,,,,,,9
pad,90,0.1,cov-SCC,,,0.6944444444444444,,,,,,36
pad,90,0.1,sens-SCC,,,,,,1.0,,,36
pad,90,0.15,B,24.0,False,0.9411764705882353,0.9333333333333333,,0.9411764705882353,0.9333333333333333,2.823529411764706,17
pad,90,0.15,M1,22.0,False,0.6206896551724138,0.6203703703703703,0.0,1.0,1.0,1.793103448275862,29
pad,90,0.15,M2,157.0,False,0.8862275449101796,0.901998299319728,0.0,1.0,1.0,2.7964071856287425,167
pad,90,0.15,M3,70.0,False,0.9259259259259259,0.9133333333333334,0.0,1.0,1.0,2.888888888888889,81
pad,90,0.15,M4,7.0,False,0.6666666666666666,0.6666666666666667,0.0,1.0,1.0,2.3333333333333335,12
pad,90,0.15,M5,4.0,True,1.0,1.0,0.0,1.0,1.0,6.0,1
pad,90,0.15,cov-MEL,,,0.7,,,,,,10
pad,90,0.15,sens-MEL,,,,,,1.0,,,10
pad,90,0.15,cov-NV,,,1.0,,,,,,8
pad,90,0.15,cov-BCC,,,0.9090909090909091,,,,,,187
pad,90,0.15,sens-BCC,,,,,,1.0,,,187
pad,90,0.15,cov-AK,,,0.9122807017543859,,,,,,57
pad,90,0.15,sens-AK,,,,,,1.0,,,57
pad,90,0.15,cov-BKL,,,0.8888888888888888,,,,,,9
pad,90,0.15,cov-SCC,,,0.5833333333333334,,,,,,36
pad,90,0.15,sens-SCC,,,,,,1.0,,,36
hiba,91,0.05,B,157.0,False,0.9771689497716894,0.9537037037037037,,1.0,1.0,5.890410958904109,219
hiba,91,0.05,M1,27.0,False,0.9,0.8571428571428571,0.0,1.0,1.0,5.9,10
hiba,91,0.05,M2,225.0,False,0.9349593495934959,0.9472222222222222,0.0,1.0,1.0,6.3983739837398375,123
hiba,91,0.05,M3,22.0,False,1.0,1.0,0.0,1.0,1.0,6.571428571428571,14
hiba,91,0.05,cov-MEL,,,0.9811320754716981,,,,,,53
hiba,91,0.05,sens-MEL,,,,,,1.0,,,53
hiba,91,0.05,cov-NV,,,1.0,,,,,,182
hiba,91,0.05,cov-BCC,,,0.9821428571428571,,,,,,56
hiba,91,0.05,sens-BCC,,,,,,1.0,,,56
hiba,91,0.05,cov-AK,,,0.6666666666666666,,,,,,12
hiba,91,0.05,sens-AK,,,,,,1.0,,,12
hiba,91,0.05,cov-BKL,,,1.0,,,,,,17
hiba,91,0.05,cov-DF,,,0.6,,,,,,10
hiba,91,0.05,cov-VASC,,,0.9,,,,,,10
hiba,91,0.05,cov-SCC,,,0.8846153846153846,,,,,,26
hiba,91,0.05,sens-SCC,,,,,,1.0,,,26
hiba,91,0.1,B,157.0,False,0.954337899543379,0.9228395061728395,,1.0,1.0,4.342465753424658,219
hiba,91,0.1,M1,27.0,False,0.9,0.8571428571428571,0.0,1.0,1.0,4.8,10
hiba,91,0.1,M2,225.0,False,0.9024390243902439,0.9222222222222223,0.0,1.0,1.0,4.512195121951219,123
hiba,91,0.1,M3,22.0,False,1.0,1.0,0.0,1.0,1.0,5.285714285714286,14
hiba,91,0.1,cov-MEL,,,0.9811320754716981,,,,,,53
hiba,91,0.1,sens-MEL,,,,,,1.0,,,53
hiba,91,0.1,cov-NV,,,0.9945054945054945,,,,,,182
hiba,91,0.1,cov-BCC,,,0.9464285714285714,,,,,,56
hiba,91,0.1,sens-BCC,,,,,,1.0,,,56
hiba,91,0.1,cov-AK,,,0.5833333333333334,,,,,,12
hiba,91,0.1,sens-AK,,,,,,1.0,,,12
hiba,91,0.1,cov-BKL,,,1.0,,,,,,17
hiba,91,0.1,cov-DF,,,0.4,,,,,,10
hiba,91,0.1,cov-VASC,,,0.7,,,,,,10
hiba,91,0.1,cov-SCC,,,0.8461538461538461,,,,,,26
hiba,91,0.1,sens-SCC,,,,,,1.0,,,26
hiba,91,0.15,B,157.0,False,0.9452054794520548,0.9074074074074074,,1.0,1.0,3.4383561643835616,219
hiba,91,0.15,M1,27.0,False,0.9,0.8571428571428571,0.0,1.0,1.0,3.7,10
hiba,91,0.15,M2,225.0,False,0.8211382113821138,0.8574074074074075,0.0,1.0,1.0,3.772357723577236,123
hiba,91,0.15,M3,22.0,False,0.9285714285714286,0.9166666666666666,0.0,1.0,1.0,3.857142857142857,14
hiba,91,0.15,cov-MEL,,,0.9245283018867925,,,,,,53
hiba,91,0.15,sens-MEL,,,,,,1.0,,,53
hiba,91,0.15,cov-NV,,,0.9945054945054945,,,,,,182
hiba,91,0.15,cov-BCC,,,0.9107142857142857,,,,,,56
hiba,91,0.15,sens-BCC,,,,,,1.0,,,56
hiba,91,0.15,cov-AK,,,0.5,,,,,,12
hiba,91,0.15,sens-AK,,,,,,1.0,,,12
hiba,91,0.15,cov-BKL,,,1.0,,,,,,17
hiba,91,0.15,cov-DF,,,0.3,,,,,,10
hiba,91,0.15,cov-VASC,,,0.6,,,,,,10
hiba,91,0.15,cov-SCC,,,0.6538461538461539,,,,,,26
hiba,91,0.15,sens-SCC,,,,,,1.0,,,26
pad,91,0.05,B,24.0,False,1.0,1.0,,1.0,1.0,4.25,16
pad,91,0.05,M1,20.0,False,1.0,1.0,0.0,1.0,1.0,4.5,32
pad,91,0.05,M2,160.0,False,0.9192546583850931,0.9329401485364789,0.0,1.0,1.0,3.869565217391304,161
pad,91,0.05,M3,85.0,False,0.9464285714285714,0.9142857142857143,0.0,1.0,1.0,3.9285714285714284,56
pad,91,0.05,M4,8.0,True,1.0,1.0,0.0,1.0,1.0,5.4,10
pad,91,0.05,M5,3.0,True,1.0,1.0,0.0,1.0,1.0,5.5,2
pad,91,0.05,cov-MEL,,,0.8333333333333334,,,,,,6
pad,91,0.05,sens-MEL,,,,,,1.0,,,6
pad,91,0.05,cov-NV,,,1.0,,,,,,7
pad,91,0.05,cov-BCC,,,0.9878048780487805,,,,,,164
pad,91,0.05,sens-BCC,,,,,,1.0,,,164
pad,91,0.05,cov-AK,,,0.9056603773584906,,,,,,53
pad,91,0.05,sens-AK,,,,,,1.0,,,53
pad,91,0.05,cov-BKL,,,1.0,,,,,,9
pad,91,0.05,cov-SCC,,,0.7894736842105263,,,,,,38
pad,91,0.05,sens-SCC,,,,,,1.0,,,38
pad,91,0.1,B,24.0,False,0.875,0.8666666666666667,,1.0,1.0,3.5,16
pad,91,0.1,M1,20.0,False,0.96875,0.95,0.0,1.0,1.0,3.0,32
pad,91,0.1,M2,160.0,False,0.9006211180124224,0.9100043687199652,0.0,1.0,1.0,2.906832298136646,161
pad,91,0.1,M3,85.0,False,0.8928571428571429,0.8285714285714286,0.0,1.0,1.0,2.8214285714285716,56
pad,91,0.1,M4,8.0,True,1.0,1.0,0.0,1.0,1.0,4.8,10
pad,91,0.1,M5,3.0,True,1.0,1.0,0.0,1.0,1.0,5.0,2
pad,91,0.1,cov-MEL,,,0.8333333333333334,,,,,,6
pad,91,0.1,sens-MEL,,,,,,1.0,,,6
pad,91,0.1,cov-NV,,,1.0,,,,,,7
pad,91,0.1,cov-BCC,,,0.9695121951219512,,,,,,164
pad,91,0.1,sens-BCC,,,,,,1.0,,,164
pad,91,0.1,cov-AK,,,0.8867924528301887,,,,,,53
pad,91,0.1,sens-AK,,,,,,1.0,,,53
pad,91,0.1,cov-BKL,,,0.7777777777777778,,,,,,9
pad,91,0.1,cov-SCC,,,0.7105263157894737,,,,,,38
pad,91,0.1,sens-SCC,,,,,,1.0,,,38
pad,91,0.15,B,24.0,False,0.75,0.7333333333333333,,1.0,1.0,2.3125,16
pad,91,0.15,M1,20.0,False,0.96875,0.95,0.0,1.0,1.0,2.5,32
pad,91,0.15,M2,160.0,False,0.8322981366459627,0.8505897771952818,0.0,1.0,1.0,2.2049689440993787,161
pad,91,0.15,M3,85.0,False,0.875,0.8,0.0,1.0,1.0,2.1964285714285716,56
pad,91,0.15,M4,8.0,False,0.8,0.7777777777777778,0.0,1.0,1.0,2.6,10
pad,91,0.15,M5,3.0,True,1.0,1.0,0.0,1.0,1.0,4.5,2
pad,91,0.15,cov-MEL,,,0.6666666666666666,,,,,,6
pad,91,0.15,sens-MEL,,,,,,1.0,,,6
pad,91,0.15,cov-NV,,,0.8571428571428571,,,,,,7
pad,91,0.15,cov-BCC,,,0.9451219512195121,,,,,,164
pad,91,0.15,sens-BCC,,,,,,1.0,,,164
pad,91,0.15,cov-AK,,,0.8490566037735849,,,,,,53
pad,91,0.15,sens-AK,,,,,,1.0,,,53
pad,91,0.15,cov-BKL,,,0.6666666666666666,,,,,,9
pad,91,0.15,cov-SCC,,,0.5263157894736842,,,,,,38
pad,91,0.15,sens-SCC,,,,,,1.0,,,38
hiba,92,0.05,B,175.0,False,0.9915966386554622,0.9682539682539683,,1.0,1.0,6.2100840336134455,238
hiba,92,0.05,M1,24.0,False,1.0,1.0,0.0,1.0,1.0,6.3125,16
hiba,92,0.05,M2,215.0,False,0.9922480620155039,0.99,0.0,1.0,1.0,6.705426356589148,129
hiba,92,0.05,M3,25.0,False,1.0,1.0,0.0,1.0,1.0,6.666666666666667,9
hiba,92,0.05,cov-MEL,,,1.0,,,,,,48
hiba,92,0.05,sens-MEL,,,,,,1.0,,,48
hiba,92,0.05,cov-NV,,,1.0,,,,,,205
hiba,92,0.05,cov-BCC,,,1.0,,,,,,67
hiba,92,0.05,sens-BCC,,,,,,1.0,,,67
hiba,92,0.05,cov-AK,,,0.9230769230769231,,,,,,13
hiba,92,0.05,sens-AK,,,,,,1.0,,,13
hiba,92,0.05,cov-BKL,,,1.0,,,,,,21
hiba,92,0.05,cov-DF,,,0.7142857142857143,,,,,,7
hiba,92,0.05,cov-VASC,,,1.0,,,,,,5
hiba,92,0.05,cov-SCC,,,1.0,,,,,,26
hiba,92,0.05,sens-SCC,,,,,,1.0,,,26
hiba,92,0.1,B,175.0,False,0.9747899159663865,0.9312169312169313,,1.0,1.0,4.65546218487395,238
hiba,92,0.1,M1,24.0,False,1.0,1.0,0.0,1.0,1.0,4.875,16
hiba,92,0.1,M2,215.0,False,0.9534883720930233,0.945,0.0,1.0,1.0,4.573643410852713,129
hiba,92,0.1,M3,25.0,False,1.0,1.0,0.0,1.0,1.0,5.333333333333333,9
hiba,92,0.1,cov-MEL,,,1.0,,,,,,48
hiba,92,0.1,sens-MEL,,,,,,1.0,,,48
hiba,92,0.1,cov-NV,,,0.9951219512195122,,,,,,205
hiba,92,0.1,cov-BCC,,,0.9701492537313433,,,,,,67
hiba,92,0.1,sens-BCC,,,,,,1.0,,,67
hiba,92,0.1,cov-AK,,,0.8461538461538461,,,,,,13
hiba,92,0.1,sens-AK,,,,,,1.0,,,13
hiba,92,0.1,cov-BKL,,,1.0,,,,,,21
hiba,92,0.1,cov-DF,,,0.5714285714285714,,,,,,7
hiba,92,0.1,cov-VASC,,,0.6,,,,,,5
hiba,92,0.1,cov-SCC,,,0.9230769230769231,,,,,,26
hiba,92,0.1,sens-SCC,,,,,,1.0,,,26
hiba,92,0.15,B,175.0,False,0.9495798319327731,0.8558201058201059,,1.0,1.0,3.592436974789916,238
hiba,92,0.15,M1,24.0,False,1.0,1.0,0.0,1.0,1.0,4.1875,16
hiba,92,0.15,M2,215.0,False,0.8837209302325582,0.8841666666666665,0.0,1.0,1.0,3.503875968992248,129
hiba,92,0.15,M3,25.0,False,1.0,1.0,0.0,1.0,1.0,4.111111111111111,9
hiba,92,0.15,cov-MEL,,,0.9791666666666666,,,,,,48
hiba,92,0.15,sens-MEL,,,,,,1.0,,,48
hiba,92,0.15,cov-NV,,,0.9853658536585366,,,,,,205
hiba,92,0.15,cov-BCC,,,0.9402985074626866,,,,,,67
hiba,92,0.15,sens-BCC,,,,,,1.0,,,67
hiba,92,0.15,cov-AK,,,0.8461538461538461,,,,,,13
hiba,92,0.15,sens-AK,,,,,,1.0,,,13
hiba,92,0.15,cov-BKL,,,0.9047619047619048,,,,,,21
hiba,92,0.15,cov-DF,,,0.42857142857142855,,,,,,7
hiba,92,0.15,cov-VASC,,,0.4,,,,,,5
hiba,92,0.15,cov-SCC,,,0.6923076923076923,,,,,,26
hiba,92,0.15,sens-SCC,,,,,,1.0,,,26
pad,92,0.05,B,24.0,False,0.8125,0.8,,1.0,1.0,3.8125,16
pad,92,0.05,M1,30.0,False,1.0,1.0,0.0,1.0,1.0,3.75,16
pad,92,0.05,M2,152.0,False,0.9239766081871345,0.9387464387464388,0.0,1.0,1.0,3.3391812865497075,171
pad,92,0.05,M3,77.0,False,0.9545454545454546,0.9418604651162791,0.0,1.0,1.0,3.621212121212121,66
pad,92,0.05,M4,12.0,True,1.0,1.0,0.0,1.0,1.0,4.571428571428571,7
pad,92,0.05,M5,3.0,True,1.0,1.0,0.0,1.0,1.0,4.333333333333333,3
pad,92,0.05,cov-MEL,,,0.9230769230769231,,,,,,13
pad,92,0.05,sens-MEL,,,,,,1.0,,,13
pad,92,0.05,cov-NV,,,0.8571428571428571,,,,,,7
pad,92,0.05,cov-BCC,,,1.0,,,,,,157
pad,92,0.05,sens-BCC,,,,,,1.0,,,157
pad,92,0.05,cov-AK,,,0.9019607843137255,,,,,,51
pad,92,0.05,sens-AK,,,,,,1.0,,,51
pad,92,0.05,cov-BKL,,,0.7777777777777778,,,,,,9
pad,92,0.05,cov-SCC,,,0.7619047619047619,,,,,,42
pad,92,0.05,sens-SCC,,,,,,1.0,,,42
pad,92,0.1,B,24.0,False,0.8125,0.8,,1.0,1.0,3.125,16
pad,92,0.1,M1,30.0,False,0.875,0.925,0.0,1.0,1.0,2.75,16
pad,92,0.1,M2,152.0,False,0.8830409356725146,0.8981481481481483,0.0,1.0,1.0,2.690058479532164,171
pad,92,0.1,M3,77.0,False,0.8939393939393939,0.8643410852713179,0.0,1.0,1.0,2.6363636363636362,66
pad,92,0.1,M4,12.0,False,1.0,1.0,0.0,1.0,1.0,3.857142857142857,7
pad,92,0.1,M5,3.0,True,1.0,1.0,0.0,1.0,1.0,4.0,3
pad,92,0.1,cov-MEL,,,0.9230769230769231,,,,,,13
pad,92,0.1,sens-MEL,,,,,,1.0,,,13
pad,92,0.1,cov-NV,,,0.8571428571428571,,,,,,7
pad,92,0.1,cov-BCC,,,0.9745222929936306,,,,,,157
pad,92,0.1,sens-BCC,,,,,,1.0,,,157
pad,92,0.1,cov-AK,,,0.8823529411764706,,,,,,51
pad,92,0.1,sens-AK,,,,,,1.0,,,51
pad,92,0.1,cov-BKL,,,0.7777777777777778,,,,,,9
pad,92,0.1,cov-SCC,,,0.5714285714285714,,,,,,42
pad,92,0.1,sens-SCC,,,,,,1.0,,,42
pad,92,0.15,B,24.0,False,0.8125,0.8,,1.0,1.0,3.0,16
pad,92,0.15,M1,30.0,False,0.875,0.925,0.0,1.0,1.0,2.375,16
pad,92,0.15,M2,152.0,False,0.8538011695906432,0.8725071225071226,0.0,1.0,1.0,2.3976608187134505,171
pad,92,0.15,M3,77.0,False,0.8939393939393939,0.8643410852713179,0.0,1.0,1.0,2.272727272727273,66
pad,92,0.15,M4,12.0,False,1.0,1.0,0.0,1.0,1.0,3.857142857142857,7
pad,92,0.15,M5,3.0,True,1.0,1.0,0.0,1.0,1.0,4.0,3
pad,92,0.15,cov-MEL,,,0.7692307692307693,,,,,,13
pad,92,0.15,sens-MEL,,,,,,1.0,,,13
pad,92,0.15,cov-NV,,,0.8571428571428571,,,,,,7
pad,92,0.15,cov-BCC,,,0.9681528662420382,,,,,,157
pad,92,0.15,sens-BCC,,,,,,1.0,,,157
pad,92,0.15,cov-AK,,,0.8823529411764706,,,,,,51
pad,92,0.15,sens-AK,,,,,,1.0,,,51
pad,92,0.15,cov-BKL,,,0.7777777777777778,,,,,,9
pad,92,0.15,cov-SCC,,,0.5238095238095238,,,,,,42
pad,92,0.15,sens-SCC,,,,,,1.0,,,42
hiba,93,0.05,B,173.0,False,0.973404255319149,0.9230769230769231,,1.0,1.0,5.941489361702128,188
hiba,93,0.05,M1,27.0,False,1.0,1.0,0.0,1.0,1.0,6.4,10
hiba,93,0.05,M2,218.0,False,0.9491525423728814,0.9484536082474226,0.0,1.0,1.0,6.1525423728813555,118
hiba,93,0.05,M3,22.0,False,1.0,1.0,0.0,1.0,1.0,6.588235294117647,17
hiba,93,0.05,cov-MEL,,,0.9782608695652174,,,,,,46
hiba,93,0.05,sens-MEL,,,,,,1.0,,,46
hiba,93,0.05,cov-NV,,,1.0,,,,,,158
hiba,93,0.05,cov-BCC,,,1.0,,,,,,67
hiba,93,0.05,sens-BCC,,,,,,1.0,,,67
hiba,93,0.05,cov-AK,,,1.0,,,,,,6
hiba,93,0.05,sens-AK,,,,,,1.0,,,6
hiba,93,0.05,cov-BKL,,,1.0,,,,,,14
hiba,93,0.05,cov-DF,,,0.5,,,,,,10
hiba,93,0.05,cov-VASC,,,1.0,,,,,,6
hiba,93,0.05,cov-SCC,,,0.8076923076923077,,,,,,26
hiba,93,0.05,sens-SCC,,,,,,1.0,,,26
hiba,93,0.1,B,173.0,False,0.9468085106382979,0.8717948717948718,,1.0,1.0,4.6436170212765955,188
hiba,93,0.1,M1,27.0,False,1.0,1.0,0.0,1.0,1.0,4.6,10
hiba,93,0.1,M2,218.0,False,0.923728813559322,0.9175257731958762,0.0,1.0,1.0,4.3474576271186445,118
hiba,93,0.1,M3,22.0,False,1.0,1.0,0.0,1.0,1.0,5.0588235294117645,17
hiba,93,0.1,cov-MEL,,,0.9782608695652174,,,,,,46
hiba,93,0.1,sens-MEL,,,,,,1.0,,,46
hiba,93,0.1,cov-NV,,,0.9873417721518988,,,,,,158
hiba,93,0.1,cov-BCC,,,0.9701492537313433,,,,,,67
hiba,93,0.1,sens-BCC,,,,,,1.0,,,67
hiba,93,0.1,cov-AK,,,1.0,,,,,,6
hiba,93,0.1,sens-AK,,,,,,1.0,,,6
hiba,93,0.1,cov-BKL,,,1.0,,,,,,14
hiba,93,0.1,cov-DF,,,0.2,,,,,,10
hiba,93,0.1,cov-VASC,,,1.0,,,,,,6
hiba,93,0.1,cov-SCC,,,0.7692307692307693,,,,,,26
hiba,93,0.1,sens-SCC,,,,,,1.0,,,26
hiba,93,0.15,B,173.0,False,0.9361702127659575,0.8487179487179487,,1.0,1.0,3.5904255319148937,188
hiba,93,0.15,M1,27.0,False,0.9,0.9523809523809524,0.0,1.0,1.0,3.5,10
hiba,93,0.15,M2,218.0,False,0.8728813559322034,0.8754295532646048,0.0,1.0,1.0,3.559322033898305,118
hiba,93,0.15,M3,22.0,False,0.9411764705882353,0.9166666666666666,0.0,1.0,1.0,3.0588235294117645,17
hiba,93,0.15,cov-MEL,,,0.9565217391304348,,,,,,46
hiba,93,0.15,sens-MEL,,,,,,1.0,,,46
hiba,93,0.15,cov-NV,,,0.9873417721518988,,,,,,158
hiba,93,0.15,cov-BCC,,,0.9402985074626866,,,,,,67
hiba,93,0.15,sens-BCC,,,,,,1.0,,,67
hiba,93,0.15,cov-AK,,,0.8333333333333334,,,,,,6
hiba,93,0.15,sens-AK,,,,,,1.0,,,6
hiba,93,0.15,cov-BKL,,,0.9285714285714286,,,,,,14
hiba,93,0.15,cov-DF,,,0.2,,,,,,10
hiba,93,0.15,cov-VASC,,,0.8333333333333334,,,,,,6
hiba,93,0.15,cov-SCC,,,0.6153846153846154,,,,,,26
hiba,93,0.15,sens-SCC,,,,,,1.0,,,26
pad,93,0.05,B,21.0,False,1.0,1.0,,1.0,1.0,4.666666666666667,21
pad,93,0.05,M1,17.0,True,1.0,1.0,0.0,1.0,1.0,5.083333333333333,36
pad,93,0.05,M2,171.0,False,0.958041958041958,0.9662293488824103,0.0,1.0,1.0,4.20979020979021,143
pad,93,0.05,M3,70.0,False,0.9859154929577465,0.98,0.0,1.0,1.0,4.253521126760563,71
pad,93,0.05,M4,11.0,True,1.0,1.0,0.0,1.0,1.0,5.25,8
pad,93,0.05,M5,4.0,True,1.0,1.0,0.0,1.0,1.0,6.0,1
pad,93,0.05,cov-MEL,,,1.0,,,,,,8
pad,93,0.05,sens-MEL,,,,,,1.0,,,8
pad,93,0.05,cov-NV,,,1.0,,,,,,12
pad,93,0.05,cov-BCC,,,0.9938271604938271,,,,,,162
pad,93,0.05,sens-BCC,,,,,,1.0,,,162
pad,93,0.05,cov-AK,,,0.9464285714285714,,,,,,56
pad,93,0.05,sens-AK,,,,,,1.0,,,56
pad,93,0.05,cov-BKL,,,1.0,,,,,,9
pad,93,0.05,cov-SCC,,,0.9090909090909091,,,,,,33
pad,93,0.05,sens-SCC,,,,,,1.0,,,33
pad,93,0.1,B,21.0,False,1.0,1.0,,1.0,1.0,3.5714285714285716,21
pad,93,0.1,M1,17.0,False,0.9444444444444444,0.9420289855072465,0.0,1.0,1.0,4.0,36
pad,93,0.1,M2,171.0,False,0.9020979020979021,0.9016034985422741,0.0,1.0,1.0,3.6363636363636362,143
pad,93,0.1,M3,70.0,False,0.8450704225352113,0.8283333333333335,0.0,1.0,1.0,3.1971830985915495,71
pad,93,0.1,M4,11.0,False,1.0,1.0,0.0,1.0,1.0,5.0,8
pad,93,0.1,M5,4.0,True,1.0,1.0,0.0,1.0,1.0,6.0,1
pad,93,0.1,cov-MEL,,,0.75,,,,,,8
pad,93,0.1,sens-MEL,,,,,,1.0,,,8
pad,93,0.1,cov-NV,,,1.0,,,,,,12
pad,93,0.1,cov-BCC,,,0.9506172839506173,,,,,,162
pad,93,0.1,sens-BCC,,,,,,1.0,,,162
pad,93,0.1,cov-AK,,,0.9107142857142857,,,,,,56
pad,93,0.1,sens-AK,,,,,,1.0,,,56
pad,93,0.1,cov-BKL,,,1.0,,,,,,9
pad,93,0.1,cov-SCC,,,0.6363636363636364,,,,,,33
pad,93,0.1,sens-SCC,,,,,,1.0,,,33
pad,93,0.15,B,21.0,False,0.9523809523809523,0.9444444444444444,,1.0,1.0,2.9523809523809526,21
pad,93,0.15,M1,17.0,False,0.7777777777777778,0.746376811594203,0.0,1.0,1.0,2.388888888888889,36
pad,93,0.15,M2,171.0,False,0.8601398601398601,0.8644314868804664,0.0,1.0,1.0,2.7412587412587412,143
pad,93,0.15,M3,70.0,False,0.8169014084507042,0.8183333333333335,0.0,1.0,1.0,2.4788732394366195,71
pad,93,0.15,M4,11.0,False,1.0,1.0,0.0,1.0,1.0,4.5,8
pad,93,0.15,M5,4.0,True,1.0,1.0,0.0,1.0,1.0,6.0,1
pad,93,0.15,cov-MEL,,,0.75,,,,,,8
pad,93,0.15,sens-MEL,,,,,,1.0,,,8
pad,93,0.15,cov-NV,,,1.0,,,,,,12
pad,93,0.15,cov-BCC,,,0.8950617283950617,,,,,,162
pad,93,0.15,sens-BCC,,,,,,1.0,,,162
pad,93,0.15,cov-AK,,,0.8928571428571429,,,,,,56
pad,93,0.15,sens-AK,,,,,,1.0,,,56
pad,93,0.15,cov-BKL,,,0.8888888888888888,,,,,,9
pad,93,0.15,cov-SCC,,,0.5151515151515151,,,,,,33
pad,93,0.15,sens-SCC,,,,,,1.0,,,33
hiba,94,0.05,B,167.0,False,0.9647058823529412,0.9225352112676056,,1.0,1.0,5.752941176470588,170
hiba,94,0.05,M1,26.0,False,0.7,0.6875,0.0,1.0,1.0,4.7,10
hiba,94,0.05,M2,216.0,False,0.968503937007874,0.9646464646464646,0.0,1.0,1.0,6.31496062992126,127
hiba,94,0.05,M3,25.0,False,1.0,1.0,0.0,1.0,1.0,6.888888888888889,9
hiba,94,0.05,cov-MEL,,,1.0,,,,,,50
hiba,94,0.05,sens-MEL,,,,,,1.0,,,50
hiba,94,0.05,cov-NV,,,1.0,,,,,,125
hiba,94,0.05,cov-BCC,,,0.9491525423728814,,,,,,59
hiba,94,0.05,sens-BCC,,,,,,1.0,,,59
hiba,94,0.05,cov-AK,,,0.9,,,,,,10
hiba,94,0.05,sens-AK,,,,,,1.0,,,10
hiba,94,0.05,cov-BKL,,,1.0,,,,,,21
hiba,94,0.05,cov-DF,,,0.5833333333333334,,,,,,12
hiba,94,0.05,cov-VASC,,,0.9166666666666666,,,,,,12
hiba,94,0.05,cov-SCC,,,0.8888888888888888,,,,,,27
hiba,94,0.05,sens-SCC,,,,,,1.0,,,27
hiba,94,0.1,B,167.0,False,0.9352941176470588,0.8591549295774648,,1.0,1.0,3.7470588235294118,170
hiba,94,0.1,M1,26.0,False,0.7,0.6875,0.0,1.0,1.0,3.9,10
hiba,94,0.1,M2,216.0,False,0.8740157480314961,0.8691919191919192,0.0,1.0,1.0,4.047244094488189,127
hiba,94,0.1,M3,25.0,False,1.0,1.0,0.0,1.0,1.0,5.111111111111111,9
hiba,94,0.1,cov-MEL,,,0.92,,,,,,50
hiba,94,0.1,sens-MEL,,,,,,1.0,,,50
hiba,94,0.1,cov-NV,,,0.984,,,,,,125
hiba,94,0.1,cov-BCC,,,0.8983050847457628,,,,,,59
hiba,94,0.1,sens-BCC,,,,,,1.0,,,59
hiba,94,0.1,cov-AK,,,0.9,,,,,,10
hiba,94,0.1,sens-AK,,,,,,1.0,,,10
hiba,94,0.1,cov-BKL,,,1.0,,,,,,21
hiba,94,0.1,cov-DF,,,0.3333333333333333,,,,,,12
hiba,94,0.1,cov-VASC,,,0.9166666666666666,,,,,,12
hiba,94,0.1,cov-SCC,,,0.7037037037037037,,,,,,27
hiba,94,0.1,sens-SCC,,,,,,1.0,,,27
hiba,94,0.15,B,167.0,False,0.9058823529411765,0.8028169014084507,,1.0,1.0,3.1176470588235294,170
hiba,94,0.15,M1,26.0,False,0.7,0.6875,0.0,1.0,1.0,3.2,10
hiba,94,0.15,M2,216.0,False,0.8188976377952756,0.8178451178451178,0.0,1.0,1.0,3.3464566929133857,127
hiba,94,0.15,M3,25.0,False,0.8888888888888888,0.8888888888888888,0.0,1.0,1.0,3.3333333333333335,9
hiba,94,0.15,cov-MEL,,,0.88,,,,,,50
hiba,94,0.15,sens-MEL,,,,,,1.0,,,50
hiba,94,0.15,cov-NV,,,0.976,,,,,,125
hiba,94,0.15,cov-BCC,,,0.864406779661017,,,,,,59
hiba,94,0.15,sens-BCC,,,,,,1.0,,,59
hiba,94,0.15,cov-AK,,,0.9,,,,,,10
hiba,94,0.15,sens-AK,,,,,,1.0,,,10
hiba,94,0.15,cov-BKL,,,0.9047619047619048,,,,,,21
hiba,94,0.15,cov-DF,,,0.3333333333333333,,,,,,12
hiba,94,0.15,cov-VASC,,,0.75,,,,,,12
hiba,94,0.15,cov-SCC,,,0.5555555555555556,,,,,,27
hiba,94,0.15,sens-SCC,,,,,,1.0,,,27
pad,94,0.05,B,24.0,False,1.0,1.0,,1.0,1.0,3.95,20
pad,94,0.05,M1,26.0,False,0.9642857142857143,0.9761904761904762,0.0,1.0,1.0,4.0,28
pad,94,0.05,M2,156.0,False,0.9588235294117647,0.9557522123893806,0.0,1.0,1.0,4.117647058823529,170
pad,94,0.05,M3,63.0,False,0.9891304347826086,0.9824561403508771,0.0,1.0,1.0,4.163043478260869,92
pad,94,0.05,M4,12.0,True,1.0,1.0,0.0,1.0,1.0,5.166666666666667,6
pad,94,0.05,M5,3.0,True,1.0,1.0,0.0,1.0,1.0,5.333333333333333,3
pad,94,0.05,cov-MEL,,,1.0,,,,,,10
pad,94,0.05,sens-MEL,,,,,,1.0,,,10
pad,94,0.05,cov-NV,,,1.0,,,,,,14
pad,94,0.05,cov-BCC,,,0.9945054945054945,,,,,,182
pad,94,0.05,sens-BCC,,,,,,1.0,,,182
pad,94,0.05,cov-AK,,,0.9295774647887324,,,,,,71
pad,94,0.05,sens-AK,,,,,,1.0,,,71
pad,94,0.05,cov-BKL,,,1.0,,,,,,6
pad,94,0.05,cov-SCC,,,0.9166666666666666,,,,,,36
pad,94,0.05,sens-SCC,,,,,,1.0,,,36
pad,94,0.1,B,24.0,False,1.0,1.0,,1.0,1.0,3.55,20
pad,94,0.1,M1,26.0,False,0.9285714285714286,0.9404761904761905,0.0,1.0,1.0,3.607142857142857,28
pad,94,0.1,M2,156.0,False,0.9176470588235294,0.918141592920354,0.0,1.0,1.0,3.623529411764706,170
pad,94,0.1,M3,63.0,False,0.9565217391304348,0.9385964912280702,0.0,1.0,1.0,3.5652173913043477,92
pad,94,0.1,M4,12.0,False,1.0,1.0,0.0,1.0,1.0,4.5,6
pad,94,0.1,M5,3.0,True,1.0,1.0,0.0,1.0,1.0,5.333333333333333,3
pad,94,0.1,cov-MEL,,,1.0,,,,,,10
pad,94,0.1,sens-MEL,,,,,,1.0,,,10
pad,94,0.1,cov-NV,,,1.0,,,,,,14
pad,94,0.1,cov-BCC,,,0.9835164835164835,,,,,,182
pad,94,0.1,sens-BCC,,,,,,1.0,,,182
pad,94,0.1,cov-AK,,,0.9295774647887324,,,,,,71
pad,94,0.1,sens-AK,,,,,,1.0,,,71
pad,94,0.1,cov-BKL,,,1.0,,,,,,6
pad,94,0.1,cov-SCC,,,0.6666666666666666,,,,,,36
pad,94,0.1,sens-SCC,,,,,,1.0,,,36
pad,94,0.15,B,24.0,False,0.9,0.8666666666666667,,1.0,1.0,2.5,20
pad,94,0.15,M1,26.0,False,0.9285714285714286,0.9404761904761905,0.0,1.0,1.0,2.3214285714285716,28
pad,94,0.15,M2,156.0,False,0.8529411764705882,0.8613569321533924,0.0,1.0,1.0,2.429411764705882,170
pad,94,0.15,M3,63.0,False,0.9347826086956522,0.9122807017543859,0.0,1.0,1.0,2.489130434782609,92
pad,94,0.15,M4,12.0,False,1.0,1.0,0.0,1.0,1.0,3.8333333333333335,6
pad,94,0.15,M5,3.0,True,1.0,1.0,0.0,1.0,1.0,4.666666666666667,3
pad,94,0.15,cov-MEL,,,0.9,,,,,,10
pad,94,0.15,sens-MEL,,,,,,1.0,,,10
pad,94,0.15,cov-NV,,,0.9285714285714286,,,,,,14
pad,94,0.15,cov-BCC,,,0.9560439560439561,,,,,,182
pad,94,0.15,sens-BCC,,,,,,1.0,,,182
pad,94,0.15,cov-AK,,,0.9154929577464789,,,,,,71
pad,94,0.15,sens-AK,,,,,,1.0,,,71
pad,94,0.15,cov-BKL,,,0.8333333333333334,,,,,,6
pad,94,0.15,cov-SCC,,,0.5,,,,,,36
pad,94,0.15,sens-SCC,,,,,,1.0,,,36
hiba,95,0.05,B,165.0,False,0.9562043795620438,0.934931506849315,,1.0,1.0,6.036496350364963,137
hiba,95,0.05,M1,23.0,False,1.0,1.0,0.0,1.0,1.0,6.090909090909091,22
hiba,95,0.05,M2,228.0,False,0.9310344827586207,0.9339080459770115,0.0,1.0,1.0,6.241379310344827,116
hiba,95,0.05,M3,18.0,True,1.0,1.0,0.0,1.0,1.0,7.0625,16
hiba,95,0.05,cov-MEL,,,1.0,,,,,,50
hiba,95,0.05,sens-MEL,,,,,,1.0,,,50
hiba,95,0.05,cov-NV,,,1.0,,,,,,98
hiba,95,0.05,cov-BCC,,,1.0,,,,,,61
hiba,95,0.05,sens-BCC,,,,,,1.0,,,61
hiba,95,0.05,cov-AK,,,0.6363636363636364,,,,,,11
hiba,95,0.05,sens-AK,,,,,,1.0,,,11
hiba,95,0.05,cov-BKL,,,1.0,,,,,,17
hiba,95,0.05,cov-DF,,,0.7333333333333333,,,,,,15
hiba,95,0.05,cov-VASC,,,0.7142857142857143,,,,,,7
hiba,95,0.05,cov-SCC,,,0.875,,,,,,32
hiba,95,0.05,sens-SCC,,,,,,1.0,,,32
hiba,95,0.1,B,165.0,False,0.8905109489051095,0.8824200913242007,,1.0,1.0,3.6861313868613137,137
hiba,95,0.1,M1,23.0,False,0.9090909090909091,0.8787878787878788,0.0,1.0,1.0,4.2727272727272725,22
hiba,95,0.1,M2,228.0,False,0.853448275862069,0.8597701149425288,0.0,1.0,1.0,4.060344827586207,116
hiba,95,0.1,M3,18.0,False,0.875,0.875,0.0,1.0,1.0,4.8125,16
hiba,95,0.1,cov-MEL,,,0.96,,,,,,50
hiba,95,0.1,sens-MEL,,,,,,1.0,,,50
hiba,95,0.1,cov-NV,,,0.9897959183673469,,,,,,98
hiba,95,0.1,cov-BCC,,,0.9508196721311475,,,,,,61
hiba,95,0.1,sens-BCC,,,,,,1.0,,,61
hiba,95,0.1,cov-AK,,,0.5454545454545454,,,,,,11
hiba,95,0.1,sens-AK,,,,,,1.0,,,11
hiba,95,0.1,cov-BKL,,,0.9411764705882353,,,,,,17
hiba,95,0.1,cov-DF,,,0.4666666666666667,,,,,,15
hiba,95,0.1,cov-VASC,,,0.2857142857142857,,,,,,7
hiba,95,0.1,cov-SCC,,,0.65625,,,,,,32
hiba,95,0.1,sens-SCC,,,,,,1.0,,,32
hiba,95,0.15,B,165.0,False,0.8467153284671532,0.8070776255707762,,1.0,1.0,3.2262773722627736,137
hiba,95,0.15,M1,23.0,False,0.8636363636363636,0.8484848484848485,0.0,1.0,1.0,3.590909090909091,22
hiba,95,0.15,M2,228.0,False,0.8017241379310345,0.8185823754789272,0.0,1.0,1.0,3.413793103448276,116
hiba,95,0.15,M3,18.0,False,0.875,0.875,0.0,1.0,1.0,3.5625,16
hiba,95,0.15,cov-MEL,,,0.9,,,,,,50
hiba,95,0.15,sens-MEL,,,,,,1.0,,,50
hiba,95,0.15,cov-NV,,,0.9591836734693877,,,,,,98
hiba,95,0.15,cov-BCC,,,0.9180327868852459,,,,,,61
hiba,95,0.15,sens-BCC,,,,,,1.0,,,61
hiba,95,0.15,cov-AK,,,0.5454545454545454,,,,,,11
hiba,95,0.15,sens-AK,,,,,,1.0,,,11
hiba,95,0.15,cov-BKL,,,0.8823529411764706,,,,,,17
hiba,95,0.15,cov-DF,,,0.4,,,,,,15
hiba,95,0.15,cov-VASC,,,0.14285714285714285,,,,,,7
hiba,95,0.15,cov-SCC,,,0.59375,,,,,,32
hiba,95,0.15,sens-SCC,,,,,,1.0,,,32
pad,95,0.05,B,26.0,False,1.0,1.0,,1.0,1.0,4.4,15
pad,95,0.05,M1,27.0,False,1.0,1.0,0.0,1.0,1.0,4.190476190476191,21
pad,95,0.05,M2,153.0,False,0.9226190476190477,0.9298029556650247,0.0,1.0,1.0,3.9642857142857144,168
pad,95,0.05,M3,74.0,False,0.8955223880597015,0.8695652173913043,0.0,1.0,1.0,3.716417910447761,67
pad,95,0.05,M4,13.0,True,1.0,1.0,0.0,1.0,1.0,5.0,4
pad,95,0.05,M5,4.0,True,1.0,1.0,0.0,1.0,1.0,6.0,1
pad,95,0.05,cov-MEL,,,0.75,,,,,,8
pad,95,0.05,sens-MEL,,,,,,1.0,,,8
pad,95,0.05,cov-NV,,,1.0,,,,,,10
pad,95,0.05,cov-BCC,,,0.9878787878787879,,,,,,165
pad,95,0.05,sens-BCC,,,,,,1.0,,,165
pad,95,0.05,cov-AK,,,0.9074074074074074,,,,,,54
pad,95,0.05,sens-AK,,,,,,1.0,,,54
pad,95,0.05,cov-BKL,,,1.0,,,,,,5
pad,95,0.05,cov-SCC,,,0.6764705882352942,,,,,,34
pad,95,0.05,sens-SCC,,,,,,1.0,,,34
pad,95,0.1,B,26.0,False,1.0,1.0,,1.0,1.0,3.8,15
pad,95,0.1,M1,27.0,False,1.0,1.0,0.0,1.0,1.0,4.190476190476191,21
pad,95,0.1,M2,153.0,False,0.875,0.8773604269293924,0.0,1.0,1.0,3.613095238095238,168
pad,95,0.1,M3,74.0,False,0.8208955223880597,0.7717391304347826,0.0,1.0,1.0,3.1791044776119404,67
pad,95,0.1,M4,13.0,False,1.0,1.0,0.0,1.0,1.0,4.5,4
pad,95,0.1,M5,4.0,True,1.0,1.0,0.0,1.0,1.0,6.0,1
pad,95,0.1,cov-MEL,,,0.75,,,,,,8
pad,95,0.1,sens-MEL,,,,,,1.0,,,8
pad,95,0.1,cov-NV,,,1.0,,,,,,10
pad,95,0.1,cov-BCC,,,0.9333333333333333,,,,,,165
pad,95,0.1,sens-BCC,,,,,,1.0,,,165
pad,95,0.1,cov-AK,,,0.8888888888888888,,,,,,54
pad,95,0.1,sens-AK,,,,,,1.0,,,54
pad,95,0.1,cov-BKL,,,1.0,,,,,,5
pad,95,0.1,cov-SCC,,,0.5882352941176471,,,,,,34
pad,95,0.1,sens-SCC,,,,,,1.0,,,34
pad,95,0.15,B,26.0,False,0.8666666666666667,0.8461538461538461,,1.0,1.0,2.6,15
pad,95,0.15,M1,27.0,False,0.8095238095238095,0.8269230769230769,0.0,1.0,1.0,2.238095238095238,21
pad,95,0.15,M2,153.0,False,0.8214285714285714,0.828715106732348,0.0,1.0,1.0,2.2976190476190474,168
pad,95,0.15,M3,74.0,False,0.7611940298507462,0.717391304347826,0.0,1.0,1.0,1.9701492537313432,67
pad,95,0.15,M4,13.0,False,1.0,1.0,0.0,1.0,1.0,3.5,4
pad,95,0.15,M5,4.0,True,1.0,1.0,0.0,1.0,1.0,5.0,1
pad,95,0.15,cov-MEL,,,0.75,,,,,,8
pad,95,0.15,sens-MEL,,,,,,1.0,,,8
pad,95,0.15,cov-NV,,,0.9,,,,,,10
pad,95,0.15,cov-BCC,,,0.8787878787878788,,,,,,165
pad,95,0.15,sens-BCC,,,,,,1.0,,,165
pad,95,0.15,cov-AK,,,0.8333333333333334,,,,,,54
pad,95,0.15,sens-AK,,,,,,1.0,,,54
pad,95,0.15,cov-BKL,,,0.8,,,,,,5
pad,95,0.15,cov-SCC,,,0.4411764705882353,,,,,,34
pad,95,0.15,sens-SCC,,,,,,1.0,,,34
hiba,96,0.05,B,172.0,False,1.0,1.0,,1.0,1.0,6.261437908496732,153
hiba,96,0.05,M1,23.0,False,0.9411764705882353,0.9090909090909091,0.0,1.0,1.0,5.823529411764706,17
hiba,96,0.05,M2,220.0,False,0.9322033898305084,0.9394736842105263,0.0,1.0,1.0,6.661016949152542,118
hiba,96,0.05,M3,20.0,False,0.9444444444444444,0.9285714285714286,0.0,1.0,1.0,6.444444444444445,18
hiba,96,0.05,cov-MEL,,,1.0,,,,,,46
hiba,96,0.05,sens-MEL,,,,,,1.0,,,46
hiba,96,0.05,cov-NV,,,1.0,,,,,,115
hiba,96,0.05,cov-BCC,,,0.9538461538461539,,,,,,65
hiba,96,0.05,sens-BCC,,,,,,1.0,,,65
hiba,96,0.05,cov-AK,,,0.7647058823529411,,,,,,17
hiba,96,0.05,sens-AK,,,,,,1.0,,,17
hiba,96,0.05,cov-BKL,,,1.0,,,,,,9
hiba,96,0.05,cov-DF,,,1.0,,,,,,12
hiba,96,0.05,cov-VASC,,,1.0,,,,,,17
hiba,96,0.05,cov-SCC,,,0.88,,,,,,25
hiba,96,0.05,sens-SCC,,,,,,1.0,,,25
hiba,96,0.1,B,172.0,False,0.934640522875817,0.9381313131313131,,1.0,1.0,3.843137254901961,153
hiba,96,0.1,M1,23.0,False,0.9411764705882353,0.9090909090909091,0.0,1.0,1.0,4.588235294117647,17
hiba,96,0.1,M2,220.0,False,0.8389830508474576,0.8596491228070176,0.0,1.0,1.0,4.127118644067797,118
hiba,96,0.1,M3,20.0,False,0.9444444444444444,0.9285714285714286,0.0,1.0,1.0,4.888888888888889,18
hiba,96,0.1,cov-MEL,,,0.9782608695652174,,,,,,46
hiba,96,0.1,sens-MEL,,,,,,1.0,,,46
hiba,96,0.1,cov-NV,,,0.991304347826087,,,,,,115
hiba,96,0.1,cov-BCC,,,0.8923076923076924,,,,,,65
hiba,96,0.1,sens-BCC,,,,,,1.0,,,65
hiba,96,0.1,cov-AK,,,0.6470588235294118,,,,,,17
hiba,96,0.1,sens-AK,,,,,,1.0,,,17
hiba,96,0.1,cov-BKL,,,1.0,,,,,,9
hiba,96,0.1,cov-DF,,,0.6666666666666666,,,,,,12
hiba,96,0.1,cov-VASC,,,0.7058823529411765,,,,,,17
hiba,96,0.1,cov-SCC,,,0.72,,,,,,25
hiba,96,0.1,sens-SCC,,,,,,1.0,,,25
hiba,96,0.15,B,172.0,False,0.8954248366013072,0.8661616161616161,,1.0,1.0,3.3398692810457518,153
hiba,96,0.15,M1,23.0,False,0.7647058823529411,0.787878787878788,0.0,1.0,1.0,3.3529411764705883,17
hiba,96,0.15,M2,220.0,False,0.7966101694915254,0.8175438596491229,0.0,1.0,1.0,3.542372881355932,118
hiba,96,0.15,M3,20.0,False,0.9444444444444444,0.9285714285714286,0.0,1.0,1.0,3.4444444444444446,18
hiba,96,0.15,cov-MEL,,,0.9347826086956522,,,,,,46
hiba,96,0.15,sens-MEL,,,,,,1.0,,,46
hiba,96,0.15,cov-NV,,,0.9826086956521739,,,,,,115
hiba,96,0.15,cov-BCC,,,0.8615384615384616,,,,,,65
hiba,96,0.15,sens-BCC,,,,,,1.0,,,65
hiba,96,0.15,cov-AK,,,0.6470588235294118,,,,,,17
hiba,96,0.15,sens-AK,,,,,,1.0,,,17
hiba,96,0.15,cov-BKL,,,1.0,,,,,,9
hiba,96,0.15,cov-DF,,,0.4166666666666667,,,,,,12
hiba,96,0.15,cov-VASC,,,0.5882352941176471,,,,,,17
hiba,96,0.15,cov-SCC,,,0.56,,,,,,25
hiba,96,0.15,sens-SCC,,,,,,1.0,,,25
pad,96,0.05,B,30.0,False,1.0,1.0,,1.0,1.0,4.111111111111111,9
pad,96,0.05,M1,23.0,False,0.9629629629629629,0.9803921568627452,0.0,1.0,1.0,3.962962962962963,27
pad,96,0.05,M2,158.0,False,0.961038961038961,0.9714714714714715,0.0,1.0,1.0,4.1103896103896105,154
pad,96,0.05,M3,80.0,False,0.9215686274509803,0.9,0.0,1.0,1.0,3.8627450980392157,51
pad,96,0.05,M4,12.0,True,1.0,1.0,0.0,1.0,1.0,5.2,5
pad,96,0.05,M5,1.0,True,1.0,1.0,0.0,1.0,1.0,5.4,5
pad,96,0.05,cov-MEL,,,0.7777777777777778,,,,,,9
pad,96,0.05,sens-MEL,,,,,,1.0,,,9
pad,96,0.05,cov-NV,,,1.0,,,,,,4
pad,96,0.05,cov-BCC,,,0.9925373134328358,,,,,,134
pad,96,0.05,sens-BCC,,,,,,1.0,,,134
pad,96,0.05,cov-AK,,,0.9516129032258065,,,,,,62
pad,96,0.05,sens-AK,,,,,,1.0,,,62
pad,96,0.05,cov-BKL,,,1.0,,,,,,5
pad,96,0.05,cov-SCC,,,0.8648648648648649,,,,,,37
pad,96,0.05,sens-SCC,,,,,,1.0,,,37
pad,96,0.1,B,30.0,False,0.7777777777777778,0.7777777777777778,,1.0,1.0,3.111111111111111,9
pad,96,0.1,M1,23.0,False,0.9629629629629629,0.9803921568627452,0.0,1.0,1.0,3.185185185185185,27
pad,96,0.1,M2,158.0,False,0.9025974025974026,0.9084084084084085,0.0,1.0,1.0,2.6233766233766236,154
pad,96,0.1,M3,80.0,False,0.9019607843137255,0.875,0.0,1.0,1.0,2.6862745098039214,51
pad,96,0.1,M4,12.0,False,1.0,1.0,0.0,1.0,1.0,4.4,5
pad,96,0.1,M5,1.0,True,1.0,1.0,0.0,1.0,1.0,4.6,5
pad,96,0.1,cov-MEL,,,0.7777777777777778,,,,,,9
pad,96,0.1,sens-MEL,,,,,,1.0,,,9
pad,96,0.1,cov-NV,,,1.0,,,,,,4
pad,96,0.1,cov-BCC,,,0.9552238805970149,,,,,,134
pad,96,0.1,sens-BCC,,,,,,1.0,,,134
pad,96,0.1,cov-AK,,,0.9516129032258065,,,,,,62
pad,96,0.1,sens-AK,,,,,,1.0,,,62
pad,96,0.1,cov-BKL,,,0.6,,,,,,5
pad,96,0.1,cov-SCC,,,0.7297297297297297,,,,,,37
pad,96,0.1,sens-SCC,,,,,,1.0,,,37
pad,96,0.15,B,30.0,False,0.7777777777777778,0.7777777777777778,,1.0,1.0,2.888888888888889,9
pad,96,0.15,M1,23.0,False,0.9259259259259259,0.9509803921568628,0.0,1.0,1.0,2.740740740740741,27
pad,96,0.15,M2,158.0,False,0.8636363636363636,0.8761261261261263,0.0,1.0,1.0,2.3181818181818183,154
pad,96,0.15,M3,80.0,False,0.8823529411764706,0.86875,0.0,1.0,1.0,2.3529411764705883,51
pad,96,0.15,M4,12.0,False,1.0,1.0,0.0,1.0,1.0,4.0,5
pad,96,0.15,M5,1.0,True,1.0,1.0,0.0,1.0,1.0,4.4,5
pad,96,0.15,cov-MEL,,,0.7777777777777778,,,,,,9
pad,96,0.15,sens-MEL,,,,,,1.0,,,9
pad,96,0.15,cov-NV,,,1.0,,,,,,4
pad,96,0.15,cov-BCC,,,0.9402985074626866,,,,,,134
pad,96,0.15,sens-BCC,,,,,,1.0,,,134
pad,96,0.15,cov-AK,,,0.9193548387096774,,,,,,62
pad,96,0.15,sens-AK,,,,,,1.0,,,62
pad,96,0.15,cov-BKL,,,0.6,,,,,,5
pad,96,0.15,cov-SCC,,,0.6216216216216216,,,,,,37
pad,96,0.15,sens-SCC,,,,,,1.0,,,37
hiba,97,0.05,B,169.0,False,0.9393939393939394,0.855072463768116,,1.0,1.0,5.378787878787879,198
hiba,97,0.05,M1,19.0,False,1.0,1.0,0.0,1.0,1.0,5.695652173913044,23
hiba,97,0.05,M2,220.0,False,0.9310344827586207,0.9315789473684211,0.0,1.0,1.0,5.491379310344827,116
hiba,97,0.05,M3,28.0,False,1.0,1.0,0.0,1.0,1.0,5.5,8
hiba,97,0.05,cov-MEL,,,0.9791666666666666,,,,,,48
hiba,97,0.05,sens-MEL,,,,,,1.0,,,48
hiba,97,0.05,cov-NV,,,1.0,,,,,,150
hiba,97,0.05,cov-BCC,,,0.9830508474576272,,,,,,59
hiba,97,0.05,sens-BCC,,,,,,1.0,,,59
hiba,97,0.05,cov-AK,,,0.9166666666666666,,,,,,12
hiba,97,0.05,sens-AK,,,,,,1.0,,,12
hiba,97,0.05,cov-BKL,,,1.0,,,,,,17
hiba,97,0.05,cov-DF,,,0.45,,,,,,20
hiba,97,0.05,cov-VASC,,,0.9090909090909091,,,,,,11
hiba,97,0.05,cov-SCC,,,0.8214285714285714,,,,,,28
hiba,97,0.05,sens-SCC,,,,,,1.0,,,28
hiba,97,0.1,B,169.0,False,0.9090909090909091,0.7753623188405797,,1.0,1.0,4.146464646464646,198
hiba,97,0.1,M1,19.0,False,1.0,1.0,0.0,1.0,1.0,4.391304347826087,23
hiba,97,0.1,M2,220.0,False,0.8362068965517241,0.8315789473684211,0.0,1.0,1.0,3.8793103448275863,116
hiba,97,0.1,M3,28.0,False,1.0,1.0,0.0,1.0,1.0,4.875,8
hiba,97,0.1,cov-MEL,,,0.9375,,,,,,48
hiba,97,0.1,sens-MEL,,,,,,1.0,,,48
hiba,97,0.1,cov-NV,,,0.9933333333333333,,,,,,150
hiba,97,0.1,cov-BCC,,,0.9322033898305084,,,,,,59
hiba,97,0.1,sens-BCC,,,,,,1.0,,,59
hiba,97,0.1,cov-AK,,,0.75,,,,,,12
hiba,97,0.1,sens-AK,,,,,,1.0,,,12
hiba,97,0.1,cov-BKL,,,1.0,,,,,,17
hiba,97,0.1,cov-DF,,,0.3,,,,,,20
hiba,97,0.1,cov-VASC,,,0.7272727272727273,,,,,,11
hiba,97,0.1,cov-SCC,,,0.6785714285714286,,,,,,28
hiba,97,0.1,sens-SCC,,,,,,1.0,,,28
hiba,97,0.15,B,169.0,False,0.8939393939393939,0.7572463768115942,,1.0,1.0,3.04040404040404,198
hiba,97,0.15,M1,19.0,False,1.0,1.0,0.0,1.0,1.0,3.869565217391304,23
hiba,97,0.15,M2,220.0,False,0.7586206896551724,0.7552631578947369,0.0,1.0,1.0,3.293103448275862,116
hiba,97,0.15,M3,28.0,False,1.0,1.0,0.0,1.0,1.0,2.875,8
hiba,97,0.15,cov-MEL,,,0.8958333333333334,,,,,,48
hiba,97,0.15,sens-MEL,,,,,,1.0,,,48
hiba,97,0.15,cov-NV,,,0.9933333333333333,,,,,,150
hiba,97,0.15,cov-BCC,,,0.864406779661017,,,,,,59
hiba,97,0.15,sens-BCC,,,,,,1.0,,,59
hiba,97,0.15,cov-AK,,,0.75,,,,,,12
hiba,97,0.15,sens-AK,,,,,,1.0,,,12
hiba,97,0.15,cov-BKL,,,0.8823529411764706,,,,,,17
hiba,97,0.15,cov-DF,,,0.25,,,,,,20
hiba,97,0.15,cov-VASC,,,0.7272727272727273,,,,,,11
hiba,97,0.15,cov-SCC,,,0.5714285714285714,,,,,,28
hiba,97,0.15,sens-SCC,,,,,,1.0,,,28
pad,97,0.05,B,20.0,False,1.0,1.0,,1.0,1.0,4.043478260869565,23
pad,97,0.05,M1,23.0,False,0.7931034482758621,0.7450980392156863,0.0,1.0,1.0,3.1379310344827585,29
pad,97,0.05,M2,171.0,False,0.9006622516556292,0.9030612244897959,0.0,1.0,1.0,3.847682119205298,151
pad,97,0.05,M3,72.0,False,0.9873417721518988,0.9791666666666666,0.0,1.0,1.0,4.329113924050633,79
pad,97,0.05,M4,9.0,True,1.0,1.0,0.0,1.0,1.0,5.333333333333333,9
pad,97,0.05,M5,4.0,True,1.0,1.0,0.0,1.0,1.0,5.0,1
pad,97,0.05,cov-MEL,,,0.7777777777777778,,,,,,9
pad,97,0.05,sens-MEL,,,,,,1.0,,,9
pad,97,0.05,cov-NV,,,1.0,,,,,,12
pad,97,0.05,cov-BCC,,,0.974025974025974,,,,,,154
pad,97,0.05,sens-BCC,,,,,,1.0,,,154
pad,97,0.05,cov-AK,,,0.9242424242424242,,,,,,66
pad,97,0.05,sens-AK,,,,,,1.0,,,66
pad,97,0.05,cov-BKL,,,1.0,,,,,,11
pad,97,0.05,cov-SCC,,,0.725,,,,,,40
pad,97,0.05,sens-SCC,,,,,,1.0,,,40
pad,97,0.1,B,20.0,False,1.0,1.0,,1.0,1.0,3.4347826086956523,23
pad,97,0.1,M1,23.0,False,0.7931034482758621,0.7450980392156863,0.0,1.0,1.0,3.0344827586206895,29
pad,97,0.1,M2,171.0,False,0.8278145695364238,0.8256802721088434,0.0,1.0,1.0,3.456953642384106,151
pad,97,0.1,M3,72.0,False,0.9113924050632911,0.875,0.0,1.0,1.0,3.4050632911392404,79
pad,97,0.1,M4,9.0,False,0.7777777777777778,0.75,0.0,1.0,1.0,3.6666666666666665,9
pad,97,0.1,M5,4.0,True,1.0,1.0,0.0,1.0,1.0,5.0,1
pad,97,0.1,cov-MEL,,,0.6666666666666666,,,,,,9
pad,97,0.1,sens-MEL,,,,,,1.0,,,9
pad,97,0.1,cov-NV,,,1.0,,,,,,12
pad,97,0.1,cov-BCC,,,0.922077922077922,,,,,,154
pad,97,0.1,sens-BCC,,,,,,1.0,,,154
pad,97,0.1,cov-AK,,,0.9242424242424242,,,,,,66
pad,97,0.1,sens-AK,,,,,,1.0,,,66
pad,97,0.1,cov-BKL,,,1.0,,,,,,11
pad,97,0.1,cov-SCC,,,0.475,,,,,,40
pad,97,0.1,sens-SCC,,,,,,1.0,,,40
pad,97,0.15,B,20.0,False,0.8260869565217391,0.7894736842105263,,1.0,1.0,2.391304347826087,23
pad,97,0.15,M1,23.0,False,0.7241379310344828,0.6862745098039216,0.0,1.0,1.0,1.8620689655172413,29
pad,97,0.15,M2,171.0,False,0.7682119205298014,0.766156462585034,0.0,1.0,1.0,2.0860927152317883,151
pad,97,0.15,M3,72.0,False,0.8987341772151899,0.8697916666666666,0.0,1.0,1.0,2.3037974683544302,79
pad,97,0.15,M4,9.0,False,0.7777777777777778,0.75,0.0,1.0,1.0,2.6666666666666665,9
pad,97,0.15,M5,4.0,True,1.0,1.0,0.0,1.0,1.0,4.0,1
pad,97,0.15,cov-MEL,,,0.4444444444444444,,,,,,9
pad,97,0.15,sens-MEL,,,,,,1.0,,,9
pad,97,0.15,cov-NV,,,0.8333333333333334,,,,,,12
pad,97,0.15,cov-BCC,,,0.8766233766233766,,,,,,154
pad,97,0.15,sens-BCC,,,,,,1.0,,,154
pad,97,0.15,cov-AK,,,0.8787878787878788,,,,,,66
pad,97,0.15,sens-AK,,,,,,1.0,,,66
pad,97,0.15,cov-BKL,,,0.8181818181818182,,,,,,11
pad,97,0.15,cov-SCC,,,0.475,,,,,,40
pad,97,0.15,sens-SCC,,,,,,1.0,,,40
hiba,98,0.05,B,161.0,False,0.9569377990430622,0.9004329004329006,,1.0,1.0,5.7272727272727275,209
hiba,98,0.05,M1,28.0,False,0.9,0.8333333333333334,0.0,1.0,1.0,5.8,10
hiba,98,0.05,M2,219.0,False,0.968,0.9739583333333334,0.0,1.0,1.0,5.872,125
hiba,98,0.05,M3,25.0,False,1.0,1.0,0.0,1.0,1.0,6.230769230769231,13
hiba,98,0.05,cov-MEL,,,0.9791666666666666,,,,,,48
hiba,98,0.05,sens-MEL,,,,,,1.0,,,48
hiba,98,0.05,cov-NV,,,0.9944444444444445,,,,,,180
hiba,98,0.05,cov-BCC,,,0.9841269841269841,,,,,,63
hiba,98,0.05,sens-BCC,,,,,,1.0,,,63
hiba,98,0.05,cov-AK,,,1.0,,,,,,15
hiba,98,0.05,sens-AK,,,,,,1.0,,,15
hiba,98,0.05,cov-BKL,,,1.0,,,,,,10
hiba,98,0.05,cov-DF,,,0.4,,,,,,10
hiba,98,0.05,cov-VASC,,,0.7777777777777778,,,,,,9
hiba,98,0.05,cov-SCC,,,0.8636363636363636,,,,,,22
hiba,98,0.05,sens-SCC,,,,,,1.0,,,22
hiba,98,0.1,B,161.0,False,0.9282296650717703,0.8398268398268397,,1.0,1.0,4.291866028708134,209
hiba,98,0.1,M1,28.0,False,0.9,0.8333333333333334,0.0,1.0,1.0,4.5,10
hiba,98,0.1,M2,219.0,False,0.912,0.9145833333333333,0.0,1.0,1.0,3.968,125
hiba,98,0.1,M3,25.0,False,1.0,1.0,0.0,1.0,1.0,4.923076923076923,13
hiba,98,0.1,cov-MEL,,,0.9791666666666666,,,,,,48
hiba,98,0.1,sens-MEL,,,,,,1.0,,,48
hiba,98,0.1,cov-NV,,,0.9888888888888889,,,,,,180
hiba,98,0.1,cov-BCC,,,0.9206349206349206,,,,,,63
hiba,98,0.1,sens-BCC,,,,,,1.0,,,63
hiba,98,0.1,cov-AK,,,1.0,,,,,,15
hiba,98,0.1,sens-AK,,,,,,1.0,,,15
hiba,98,0.1,cov-BKL,,,1.0,,,,,,10
hiba,98,0.1,cov-DF,,,0.1,,,,,,10
hiba,98,0.1,cov-VASC,,,0.5555555555555556,,,,,,9
hiba,98,0.1,cov-SCC,,,0.7272727272727273,,,,,,22
hiba,98,0.1,sens-SCC,,,,,,1.0,,,22
hiba,98,0.15,B,161.0,False,0.9138755980861244,0.8138528138528138,,1.0,1.0,3.6555023923444976,209
hiba,98,0.15,M1,28.0,False,0.9,0.8333333333333334,0.0,1.0,1.0,3.8,10
hiba,98,0.15,M2,219.0,False,0.856,0.8616319444444445,0.0,1.0,1.0,3.408,125
hiba,98,0.15,M3,25.0,False,1.0,1.0,0.0,1.0,1.0,4.076923076923077,13
hiba,98,0.15,cov-MEL,,,0.9583333333333334,,,,,,48
hiba,98,0.15,sens-MEL,,,,,,1.0,,,48
hiba,98,0.15,cov-NV,,,0.9888888888888889,,,,,,180
hiba,98,0.15,cov-BCC,,,0.8412698412698413,,,,,,63
hiba,98,0.15,sens-BCC,,,,,,1.0,,,63
hiba,98,0.15,cov-AK,,,1.0,,,,,,15
hiba,98,0.15,sens-AK,,,,,,1.0,,,15
hiba,98,0.15,cov-BKL,,,0.8,,,,,,10
hiba,98,0.15,cov-DF,,,0.1,,,,,,10
hiba,98,0.15,cov-VASC,,,0.4444444444444444,,,,,,9
hiba,98,0.15,cov-SCC,,,0.6818181818181818,,,,,,22
hiba,98,0.15,sens-SCC,,,,,,1.0,,,22
pad,98,0.05,B,28.0,False,0.9166666666666666,0.9090909090909091,,1.0,1.0,4.416666666666667,12
pad,98,0.05,M1,26.0,False,0.9583333333333334,0.9761904761904762,0.0,1.0,1.0,4.125,24
pad,98,0.05,M2,166.0,False,0.9387755102040817,0.9449838187702266,0.0,1.0,1.0,4.068027210884353,147
pad,98,0.05,M3,71.0,False,0.9710144927536232,0.9693877551020408,0.0,1.0,1.0,4.086956521739131,69
pad,98,0.05,M4,11.0,True,1.0,1.0,0.0,1.0,1.0,5.5,6
pad,98,0.05,M5,1.0,True,1.0,1.0,0.0,1.0,1.0,5.4,5
pad,98,0.05,cov-MEL,,,0.6666666666666666,,,,,,6
pad,98,0.05,sens-MEL,,,,,,1.0,,,6
pad,98,0.05,cov-NV,,,0.875,,,,,,8
pad,98,0.05,cov-BCC,,,0.9933333333333333,,,,,,150
pad,98,0.05,sens-BCC,,,,,,1.0,,,150
pad,98,0.05,cov-AK,,,0.9473684210526315,,,,,,57
pad,98,0.05,sens-AK,,,,,,1.0,,,57
pad,98,0.05,cov-BKL,,,1.0,,,,,,4
pad,98,0.05,cov-SCC,,,0.8421052631578947,,,,,,38
pad,98,0.05,sens-SCC,,,,,,1.0,,,38
pad,98,0.1,B,28.0,False,0.75,0.7272727272727273,,1.0,1.0,3.5,12
pad,98,0.1,M1,26.0,False,0.9583333333333334,0.9761904761904762,0.0,1.0,1.0,2.875,24
pad,98,0.1,M2,166.0,False,0.8707482993197279,0.8794498381877024,0.0,1.0,1.0,2.687074829931973,147
pad,98,0.1,M3,71.0,False,0.9565217391304348,0.9591836734693877,0.0,1.0,1.0,2.898550724637681,69
pad,98,0.1,M4,11.0,False,1.0,1.0,0.0,1.0,1.0,4.333333333333333,6
pad,98,0.1,M5,1.0,True,1.0,1.0,0.0,1.0,1.0,4.6,5
pad,98,0.1,cov-MEL,,,0.6666666666666666,,,,,,6
pad,98,0.1,sens-MEL,,,,,,1.0,,,6
pad,98,0.1,cov-NV,,,0.75,,,,,,8
pad,98,0.1,cov-BCC,,,0.9666666666666667,,,,,,150
pad,98,0.1,sens-BCC,,,,,,1.0,,,150
pad,98,0.1,cov-AK,,,0.9298245614035088,,,,,,57
pad,98,0.1,sens-AK,,,,,,1.0,,,57
pad,98,0.1,cov-BKL,,,0.75,,,,,,4
pad,98,0.1,cov-SCC,,,0.6842105263157895,,,,,,38
pad,98,0.1,sens-SCC,,,,,,1.0,,,38
pad,98,0.15,B,28.0,False,0.75,0.7272727272727273,,1.0,1.0,2.75,12
pad,98,0.15,M1,26.0,False,0.875,0.8869047619047619,0.0,1.0,1.0,2.3333333333333335,24
pad,98,0.15,M2,166.0,False,0.782312925170068,0.8009708737864079,0.0,1.0,1.0,2.1564625850340136,147
pad,98,0.15,M3,71.0,False,0.9130434782608695,0.9115646258503403,0.0,1.0,1.0,2.347826086956522,69
pad,98,0.15,M4,11.0,False,1.0,1.0,0.0,1.0,1.0,4.0,6
pad,98,0.15,M5,1.0,True,1.0,1.0,0.0,1.0,1.0,4.4,5
pad,98,0.15,cov-MEL,,,0.5,,,,,,6
pad,98,0.15,sens-MEL,,,,,,1.0,,,6
pad,98,0.15,cov-NV,,,0.75,,,,,,8
pad,98,0.15,cov-BCC,,,0.8933333333333333,,,,,,150
pad,98,0.15,sens-BCC,,,,,,1.0,,,150
pad,98,0.15,cov-AK,,,0.8947368421052632,,,,,,57
pad,98,0.15,sens-AK,,,,,,1.0,,,57
pad,98,0.15,cov-BKL,,,0.75,,,,,,4
pad,98,0.15,cov-SCC,,,0.5789473684210527,,,,,,38
pad,98,0.15,sens-SCC,,,,,,1.0,,,38
hiba,99,0.05,B,173.0,False,0.9789915966386554,0.95,,1.0,1.0,5.995798319327731,238
hiba,99,0.05,M1,23.0,False,0.95,0.9090909090909091,0.0,1.0,1.0,5.9,20
hiba,99,0.05,M2,216.0,False,0.937984496124031,0.952020202020202,0.0,1.0,1.0,6.558139534883721,129
hiba,99,0.05,M3,22.0,False,1.0,1.0,0.0,1.0,1.0,6.444444444444445,18
hiba,99,0.05,cov-MEL,,,1.0,,,,,,52
hiba,99,0.05,sens-MEL,,,,,,1.0,,,52
hiba,99,0.05,cov-NV,,,1.0,,,,,,206
hiba,99,0.05,cov-BCC,,,0.9836065573770492,,,,,,61
hiba,99,0.05,sens-BCC,,,,,,1.0,,,61
hiba,99,0.05,cov-AK,,,0.8235294117647058,,,,,,17
hiba,99,0.05,sens-AK,,,,,,1.0,,,17
hiba,99,0.05,cov-BKL,,,1.0,,,,,,14
hiba,99,0.05,cov-DF,,,0.6363636363636364,,,,,,11
hiba,99,0.05,cov-VASC,,,0.8571428571428571,,,,,,7
hiba,99,0.05,cov-SCC,,,0.8648648648648649,,,,,,37
hiba,99,0.05,sens-SCC,,,,,,1.0,,,37
hiba,99,0.1,B,173.0,False,0.9621848739495799,0.926923076923077,,1.0,1.0,4.38655462184874,238
hiba,99,0.1,M1,23.0,False,0.95,0.9090909090909091,0.0,1.0,1.0,4.75,20
hiba,99,0.1,M2,216.0,False,0.875968992248062,0.8888888888888888,0.0,1.0,1.0,4.333333333333333,129
hiba,99,0.1,M3,22.0,False,1.0,1.0,0.0,1.0,1.0,5.166666666666667,18
hiba,99,0.1,cov-MEL,,,0.9615384615384616,,,,,,52
hiba,99,0.1,sens-MEL,,,,,,1.0,,,52
hiba,99,0.1,cov-NV,,,1.0,,,,,,206
hiba,99,0.1,cov-BCC,,,0.9508196721311475,,,,,,61
hiba,99,0.1,sens-BCC,,,,,,1.0,,,61
hiba,99,0.1,cov-AK,,,0.7647058823529411,,,,,,17
hiba,99,0.1,sens-AK,,,,,,1.0,,,17
hiba,99,0.1,cov-BKL,,,1.0,,,,,,14
hiba,99,0.1,cov-DF,,,0.45454545454545453,,,,,,11
hiba,99,0.1,cov-VASC,,,0.5714285714285714,,,,,,7
hiba,99,0.1,cov-SCC,,,0.7837837837837838,,,,,,37
hiba,99,0.1,sens-SCC,,,,,,1.0,,,37
hiba,99,0.15,B,173.0,False,0.9453781512605042,0.8846153846153846,,0.9957983193277311,0.9997557997557998,3.1092436974789917,238
hiba,99,0.15,M1,23.0,False,0.95,0.9090909090909091,0.0,1.0,1.0,3.75,20
hiba,99,0.15,M2,216.0,False,0.8527131782945736,0.8636363636363636,0.0,1.0,1.0,3.682170542635659,129
hiba,99,0.15,M3,22.0,False,0.7777777777777778,0.8055555555555555,0.0,1.0,1.0,2.7222222222222223,18
hiba,99,0.15,cov-MEL,,,0.9230769230769231,,,,,,52
hiba,99,0.15,sens-MEL,,,,,,1.0,,,52
hiba,99,0.15,cov-NV,,,0.9951456310679612,,,,,,206
hiba,99,0.15,cov-BCC,,,0.9180327868852459,,,,,,61
hiba,99,0.15,sens-BCC,,,,,,1.0,,,61
hiba,99,0.15,cov-AK,,,0.7647058823529411,,,,,,17
hiba,99,0.15,sens-AK,,,,,,1.0,,,17
hiba,99,0.15,cov-BKL,,,1.0,,,,,,14
hiba,99,0.15,cov-DF,,,0.2727272727272727,,,,,,11
hiba,99,0.15,cov-VASC,,,0.42857142857142855,,,,,,7
hiba,99,0.15,cov-SCC,,,0.7027027027027027,,,,,,37
hiba,99,0.15,sens-SCC,,,,,,1.0,,,37
pad,99,0.05,B,17.0,True,1.0,1.0,,1.0,1.0,6.826086956521739,23
pad,99,0.05,M1,21.0,False,0.8620689655172413,0.8903508771929823,0.0,1.0,1.0,6.586206896551724,29
pad,99,0.05,M2,167.0,False,0.9865771812080537,0.9934640522875818,0.0,1.0,1.0,7.469798657718121,149
pad,99,0.05,M3,65.0,False,0.9736842105263158,0.9636363636363636,0.0,1.0,1.0,6.921052631578948,76
pad,99,0.05,M4,10.0,True,1.0,1.0,0.0,1.0,1.0,8.0,7
pad,99,0.05,M5,3.0,True,1.0,1.0,0.0,1.0,1.0,8.0,3
pad,99,0.05,cov-MEL,,,1.0,,,,,,7
pad,99,0.05,sens-MEL,,,,,,1.0,,,7
pad,99,0.05,cov-NV,,,1.0,,,,,,13
pad,99,0.05,cov-BCC,,,1.0,,,,,,164
pad,99,0.05,sens-BCC,,,,,,1.0,,,164
pad,99,0.05,cov-AK,,,0.95,,,,,,60
pad,99,0.05,sens-AK,,,,,,1.0,,,60
pad,99,0.05,cov-BKL,,,1.0,,,,,,10
pad,99,0.05,cov-SCC,,,0.8484848484848485,,,,,,33
pad,99,0.05,sens-SCC,,,,,,1.0,,,33
pad,99,0.1,B,17.0,False,1.0,1.0,,1.0,1.0,3.608695652173913,23
pad,99,0.1,M1,21.0,False,0.8620689655172413,0.8903508771929823,0.0,1.0,1.0,3.3448275862068964,29
pad,99,0.1,M2,167.0,False,0.8993288590604027,0.9044117647058824,0.0,1.0,1.0,3.7114093959731544,149
pad,99,0.1,M3,65.0,False,0.9605263157894737,0.9454545454545454,0.0,1.0,1.0,3.8026315789473686,76
pad,99,0.1,M4,10.0,False,0.8571428571428571,0.8571428571428571,0.0,1.0,1.0,4.714285714285714,7
pad,99,0.1,M5,3.0,True,1.0,1.0,0.0,1.0,1.0,5.333333333333333,3
pad,99,0.1,cov-MEL,,,1.0,,,,,,7
pad,99,0.1,sens-MEL,,,,,,1.0,,,7
pad,99,0.1,cov-NV,,,1.0,,,,,,13
pad,99,0.1,cov-BCC,,,0.9695121951219512,,,,,,164
pad,99,0.1,sens-BCC,,,,,,1.0,,,164
pad,99,0.1,cov-AK,,,0.9166666666666666,,,,,,60
pad,99,0.1,sens-AK,,,,,,1.0,,,60
pad,99,0.1,cov-BKL,,,1.0,,,,,,10
pad,99,0.1,cov-SCC,,,0.6060606060606061,,,,,,33
pad,99,0.1,sens-SCC,,,,,,1.0,,,33
pad,99,0.15,B,17.0,False,1.0,1.0,,1.0,1.0,3.5652173913043477,23
pad,99,0.15,M1,21.0,False,0.8620689655172413,0.8903508771929823,0.0,1.0,1.0,3.3448275862068964,29
pad,99,0.15,M2,167.0,False,0.8791946308724832,0.888888888888889,0.0,1.0,1.0,3.4832214765100673,149
pad,99,0.15,M3,65.0,False,0.9605263157894737,0.9454545454545454,0.0,1.0,1.0,3.6315789473684212,76
pad,99,0.15,M4,10.0,False,0.8571428571428571,0.8571428571428571,0.0,1.0,1.0,4.428571428571429,7
pad,99,0.15,M5,3.0,True,1.0,1.0,0.0,1.0,1.0,5.333333333333333,3
pad,99,0.15,cov-MEL,,,1.0,,,,,,7
pad,99,0.15,sens-MEL,,,,,,1.0,,,7
pad,99,0.15,cov-NV,,,1.0,,,,,,13
pad,99,0.15,cov-BCC,,,0.9573170731707317,,,,,,164
pad,99,0.15,sens-BCC,,,,,,1.0,,,164
pad,99,0.15,cov-AK,,,0.9166666666666666,,,,,,60
pad,99,0.15,sens-AK,,,,,,1.0,,,60
pad,99,0.15,cov-BKL,,,1.0,,,,,,10
pad,99,0.15,cov-SCC,,,0.5757575757575758,,,,,,33
pad,99,0.15,sens-SCC,,,,,,1.0,,,33
