cohort,draw,alpha,stratum,n_cal,degenerate,coverage,coverage_pw,miss_rate,referral,referral_pw,set_size,n_test,n_test_pat
hiba,0,0.05,B,170,False,0.9893238434163701,0.9558823529411765,,1.0,1.0,5.608540925266904,281,68.0
hiba,0,0.05,M1,25,False,1.0,1.0,0.0,1.0,1.0,6.388888888888889,18,9.0
hiba,0,0.05,M2,219,False,0.9508196721311475,0.9427083333333334,0.0,1.0,1.0,6.172131147540983,122,96.0
hiba,0,0.05,M3,25,False,1.0,1.0,0.0,1.0,1.0,6.357142857142857,14,9.0
hiba,0,0.05,marginal-M1,396,False,1.0,,0.0,1.0,,6.222222222222222,18,
hiba,0,0.05,marginal-M2,396,False,0.9672131147540983,,0.0,1.0,,5.811475409836065,122,
hiba,0,0.05,marginal-M3,396,False,1.0,,0.0,1.0,,5.714285714285714,14,
hiba,0,0.1,B,170,False,0.9679715302491103,0.8794117647058823,,0.9466192170818505,0.9611362493715435,3.622775800711744,281,68.0
hiba,0,0.1,M1,25,False,1.0,1.0,0.0,1.0,1.0,4.611111111111111,18,9.0
hiba,0,0.1,M2,219,False,0.9098360655737705,0.90625,0.01639344262295082,0.9836065573770492,0.9895833333333334,4.5,122,96.0
hiba,0,0.1,M3,25,False,1.0,1.0,0.0,1.0,1.0,4.357142857142857,14,9.0
hiba,0,0.1,marginal-M1,396,False,1.0,,0.0,1.0,,4.944444444444445,18,
hiba,0,0.1,marginal-M2,396,False,0.9262295081967213,,0.00819672131147541,0.9918032786885246,,4.737704918032787,122,
hiba,0,0.1,marginal-M3,396,False,1.0,,0.0,1.0,,4.785714285714286,14,
hiba,0,0.15,B,170,False,0.9430604982206405,0.817892156862745,,0.797153024911032,0.8889036788804591,2.7508896797153026,281,68.0
hiba,0,0.15,M1,25,False,0.9444444444444444,0.9777777777777779,0.0,1.0,1.0,3.9444444444444446,18,9.0
hiba,0,0.15,M2,219,False,0.8688524590163934,0.859375,0.01639344262295082,0.9836065573770492,0.9895833333333334,3.7049180327868854,122,96.0
hiba,0,0.15,M3,25,False,0.9285714285714286,0.8888888888888888,0.0,1.0,1.0,3.357142857142857,14,9.0
hiba,0,0.15,marginal-M1,396,False,1.0,,0.0,1.0,,3.4444444444444446,18,
hiba,0,0.15,marginal-M2,396,False,0.8688524590163934,,0.02459016393442623,0.9754098360655737,,3.5245901639344264,122,
hiba,0,0.15,marginal-M3,396,False,0.9285714285714286,,0.0,1.0,,3.642857142857143,14,
pad,0,0.05,B,24,False,1.0,1.0,,1.0,1.0,4.052631578947368,19,15.0
pad,0,0.05,M1,29,False,1.0,1.0,0.0,1.0,1.0,4.5625,16,11.0
pad,0,0.05,M2,172,False,0.9632352941176471,0.965635738831615,0.0,1.0,1.0,4.088235294117647,136,97.0
pad,0,0.05,M3,70,False,0.9880952380952381,0.98,0.0,1.0,1.0,4.380952380952381,84,50.0
pad,0,0.05,M4,9,True,1.0,1.0,0.0,1.0,1.0,5.181818181818182,11,8.0
pad,0,0.05,M5,4,True,1.0,1.0,0.0,1.0,1.0,5.0,1,1.0
pad,0,0.05,marginal-M1,299,False,1.0,,0.0,1.0,,4.375,16,
pad,0,0.05,marginal-M2,299,False,0.9705882352941176,,0.0,1.0,,4.132352941176471,136,
pad,0,0.05,marginal-M3,299,False,0.9880952380952381,,0.0,1.0,,4.261904761904762,84,
pad,0,0.05,marginal-M4,299,False,1.0,,0.0,1.0,,4.454545454545454,11,
pad,0,0.05,marginal-M5,299,False,1.0,,0.0,1.0,,4.0,1,
pad,0,0.1,B,24,False,0.9473684210526315,0.9333333333333333,,0.8947368421052632,0.8666666666666667,3.3157894736842106,19,15.0
pad,0,0.1,M1,29,False,1.0,1.0,0.0,1.0,1.0,3.5625,16,11.0
pad,0,0.1,M2,172,False,0.9264705882352942,0.9192439862542955,0.0,1.0,1.0,3.2279411764705883,136,97.0
pad,0,0.1,M3,70,False,0.9761904761904762,0.96,0.0,1.0,1.0,3.261904761904762,84,50.0
pad,0,0.1,M4,9,False,1.0,1.0,0.0,1.0,1.0,3.8181818181818183,11,8.0
pad,0,0.1,M5,4,True,1.0,1.0,0.0,1.0,1.0,4.0,1,1.0
pad,0,0.1,marginal-M1,299,False,0.9375,,0.0,1.0,,3.75,16,
pad,0,0.1,marginal-M2,299,False,0.9264705882352942,,0.0,1.0,,3.6323529411764706,136,
pad,0,0.1,marginal-M3,299,False,0.9880952380952381,,0.0,1.0,,3.761904761904762,84,
pad,0,0.1,marginal-M4,299,False,1.0,,0.0,1.0,,3.8181818181818183,11,
pad,0,0.1,marginal-M5,299,False,1.0,,0.0,1.0,,4.0,1,
pad,0,0.15,B,24,False,0.8947368421052632,0.8666666666666667,,0.8947368421052632,0.8666666666666667,3.0526315789473686,19,15.0
pad,0,0.15,M1,29,False,0.9375,0.9090909090909091,0.0,1.0,1.0,2.9375,16,11.0
pad,0,0.15,M2,172,False,0.875,0.8754295532646047,0.0,1.0,1.0,2.823529411764706,136,97.0
pad,0,0.15,M3,70,False,0.9166666666666666,0.8975,0.0,1.0,1.0,2.9285714285714284,84,50.0
pad,0,0.15,M4,9,False,1.0,1.0,0.0,1.0,1.0,3.8181818181818183,11,8.0
pad,0,0.15,M5,4,True,1.0,1.0,0.0,1.0,1.0,4.0,1,1.0
pad,0,0.15,marginal-M1,299,False,0.875,,0.0,1.0,,2.625,16,
pad,0,0.15,marginal-M2,299,False,0.8676470588235294,,0.0,1.0,,2.9926470588235294,136,
pad,0,0.15,marginal-M3,299,False,0.9166666666666666,,0.0,1.0,,3.107142857142857,84,
pad,0,0.15,marginal-M4,299,False,1.0,,0.0,1.0,,2.8181818181818183,11,
pad,0,0.15,marginal-M5,299,False,1.0,,0.0,1.0,,3.0,1,
hiba,1,0.05,B,161,False,0.9859154929577465,0.961038961038961,,1.0,1.0,5.845070422535211,213,77.0
hiba,1,0.05,M1,20,False,1.0,1.0,0.0,1.0,1.0,6.0,19,14.0
hiba,1,0.05,M2,230,False,0.9811320754716981,0.9823529411764705,0.0,1.0,1.0,6.386792452830188,106,85.0
hiba,1,0.05,M3,24,False,1.0,1.0,0.0,1.0,1.0,6.363636363636363,11,10.0
hiba,1,0.05,marginal-M1,396,False,1.0,,0.0,1.0,,6.2105263157894735,19,
hiba,1,0.05,marginal-M2,396,False,0.9905660377358491,,0.0,1.0,,6.0,106,
hiba,1,0.05,marginal-M3,396,False,1.0,,0.0,1.0,,6.181818181818182,11,
hiba,1,0.1,B,161,False,0.9577464788732394,0.8961038961038961,,0.9577464788732394,0.9755577755577756,3.9342723004694835,213,77.0
hiba,1,0.1,M1,20,False,1.0,1.0,0.0,1.0,1.0,4.526315789473684,19,14.0
hiba,1,0.1,M2,230,False,0.9339622641509434,0.9441176470588235,0.0,1.0,1.0,4.9245283018867925,106,85.0
hiba,1,0.1,M3,24,False,0.8181818181818182,0.8,0.0,1.0,1.0,3.909090909090909,11,10.0
hiba,1,0.1,marginal-M1,396,False,1.0,,0.0,1.0,,4.526315789473684,19,
hiba,1,0.1,marginal-M2,396,False,0.9528301886792453,,0.0,1.0,,4.830188679245283,106,
hiba,1,0.1,marginal-M3,396,False,1.0,,0.0,1.0,,5.090909090909091,11,
hiba,1,0.15,B,161,False,0.9436619718309859,0.8668831168831169,,0.9061032863849765,0.9324342324342323,3.323943661971831,213,77.0
hiba,1,0.15,M1,20,False,1.0,1.0,0.0,1.0,1.0,3.9473684210526314,19,14.0
hiba,1,0.15,M2,230,False,0.8679245283018868,0.8790196078431373,0.018867924528301886,0.9811320754716981,0.9764705882352941,3.9716981132075473,106,85.0
hiba,1,0.15,M3,24,False,0.8181818181818182,0.8,0.0,1.0,1.0,3.6363636363636362,11,10.0
hiba,1,0.15,marginal-M1,396,False,1.0,,0.0,1.0,,3.5789473684210527,19,
hiba,1,0.15,marginal-M2,396,False,0.9056603773584906,,0.009433962264150943,0.9905660377358491,,3.849056603773585,106,
hiba,1,0.15,marginal-M3,396,False,0.9090909090909091,,0.0,1.0,,4.0,11,
pad,1,0.05,B,22,False,0.95,0.9411764705882353,,1.0,1.0,4.4,20,17.0
pad,1,0.05,M1,27,False,1.0,1.0,0.0,1.0,1.0,4.476190476190476,21,13.0
pad,1,0.05,M2,170,False,0.96,0.9629629629629629,0.0,1.0,1.0,4.013333333333334,150,99.0
pad,1,0.05,M3,72,False,0.96,0.9479166666666666,0.0,1.0,1.0,3.8133333333333335,75,48.0
pad,1,0.05,M4,8,True,1.0,1.0,0.0,1.0,1.0,5.2727272727272725,11,9.0
pad,1,0.05,M5,3,True,1.0,1.0,0.0,1.0,1.0,4.666666666666667,3,2.0
pad,1,0.05,marginal-M1,294,False,0.9047619047619048,,0.0,1.0,,4.0,21,
pad,1,0.05,marginal-M2,294,False,0.9333333333333333,,0.0,1.0,,3.8466666666666667,150,
pad,1,0.05,marginal-M3,294,False,0.96,,0.0,1.0,,3.7866666666666666,75,
pad,1,0.05,marginal-M4,294,False,1.0,,0.0,1.0,,4.454545454545454,11,
pad,1,0.05,marginal-M5,294,False,1.0,,0.0,1.0,,3.0,3,
pad,1,0.1,B,22,False,0.95,0.9411764705882353,,1.0,1.0,3.85,20,17.0
pad,1,0.1,M1,27,False,1.0,1.0,0.0,1.0,1.0,3.761904761904762,21,13.0
pad,1,0.1,M2,170,False,0.92,0.9141414141414141,0.0,1.0,1.0,3.22,150,99.0
pad,1,0.1,M3,72,False,0.8666666666666667,0.857638888888889,0.0,1.0,1.0,2.973333333333333,75,48.0
pad,1,0.1,M4,8,True,1.0,1.0,0.0,1.0,1.0,4.636363636363637,11,9.0
pad,1,0.1,M5,3,True,1.0,1.0,0.0,1.0,1.0,4.0,3,2.0
pad,1,0.1,marginal-M1,294,False,0.9047619047619048,,0.0,1.0,,3.238095238095238,21,
pad,1,0.1,marginal-M2,294,False,0.88,,0.0,1.0,,3.2133333333333334,150,
pad,1,0.1,marginal-M3,294,False,0.8933333333333333,,0.0,1.0,,3.3066666666666666,75,
pad,1,0.1,marginal-M4,294,False,1.0,,0.0,1.0,,3.727272727272727,11,
pad,1,0.1,marginal-M5,294,False,0.6666666666666666,,0.0,1.0,,2.0,3,
pad,1,0.15,B,22,False,0.85,0.8235294117647058,,1.0,1.0,3.25,20,17.0
pad,1,0.15,M1,27,False,0.9047619047619048,0.8974358974358974,0.0,1.0,1.0,2.9523809523809526,21,13.0
pad,1,0.15,M2,170,False,0.86,0.8653198653198653,0.0,1.0,1.0,2.8066666666666666,150,99.0
pad,1,0.15,M3,72,False,0.8133333333333334,0.8003472222222223,0.0,1.0,1.0,2.6533333333333333,75,48.0
pad,1,0.15,M4,8,False,1.0,1.0,0.0,1.0,1.0,4.090909090909091,11,9.0
pad,1,0.15,M5,3,True,1.0,1.0,0.0,1.0,1.0,4.0,3,2.0
pad,1,0.15,marginal-M1,294,False,0.8571428571428571,,0.0,1.0,,2.857142857142857,21,
pad,1,0.15,marginal-M2,294,False,0.8266666666666667,,0.0,1.0,,2.8466666666666667,150,
pad,1,0.15,marginal-M3,294,False,0.84,,0.0,1.0,,2.9066666666666667,75,
pad,1,0.15,marginal-M4,294,False,1.0,,0.0,1.0,,3.090909090909091,11,
pad,1,0.15,marginal-M5,294,False,0.6666666666666666,,0.0,1.0,,1.3333333333333333,3,
hiba,2,0.05,B,169,False,0.9878048780487805,0.9710144927536232,,1.0,1.0,5.2682926829268295,164,69.0
hiba,2,0.05,M1,29,False,1.0,1.0,0.0,1.0,1.0,7.090909090909091,11,5.0
hiba,2,0.05,M2,223,False,0.9516129032258065,0.9483695652173914,0.0,1.0,1.0,6.596774193548387,124,92.0
hiba,2,0.05,M3,20,False,0.75,0.75,0.0,1.0,1.0,5.1875,16,14.0
hiba,2,0.05,marginal-M1,396,False,1.0,,0.0,1.0,,6.909090909090909,11,
hiba,2,0.05,marginal-M2,396,False,0.967741935483871,,0.0,1.0,,6.290322580645161,124,
hiba,2,0.05,marginal-M3,396,False,1.0,,0.0,1.0,,6.5625,16,
hiba,2,0.1,B,169,False,0.9634146341463414,0.9371980676328503,,0.9634146341463414,0.9949461166852471,3.6036585365853657,164,69.0
hiba,2,0.1,M1,29,False,0.8181818181818182,0.9,0.0,1.0,1.0,4.7272727272727275,11,5.0
hiba,2,0.1,M2,223,False,0.9354838709677419,0.9320652173913043,0.008064516129032258,0.9919354838709677,0.9945652173913043,4.870967741935484,124,92.0
hiba,2,0.1,M3,20,False,0.75,0.75,0.0,1.0,1.0,4.1875,16,14.0
hiba,2,0.1,marginal-M1,396,False,1.0,,0.0,1.0,,5.545454545454546,11,
hiba,2,0.1,marginal-M2,396,False,0.9516129032258065,,0.0,1.0,,5.008064516129032,124,
hiba,2,0.1,marginal-M3,396,False,0.9375,,0.0,1.0,,5.125,16,
hiba,2,0.15,B,169,False,0.9573170731707317,0.9227053140096619,,0.9085365853658537,0.9565589000371609,3.048780487804878,164,69.0
hiba,2,0.15,M1,29,False,0.8181818181818182,0.9,0.0,1.0,1.0,4.545454545454546,11,5.0
hiba,2,0.15,M2,223,False,0.9112903225806451,0.9103260869565217,0.016129032258064516,0.9838709677419355,0.9918478260869565,4.185483870967742,124,92.0
hiba,2,0.15,M3,20,False,0.6875,0.7142857142857143,0.0,1.0,1.0,3.75,16,14.0
hiba,2,0.15,marginal-M1,396,False,0.9090909090909091,,0.0,1.0,,4.090909090909091,11,
hiba,2,0.15,marginal-M2,396,False,0.9274193548387096,,0.016129032258064516,0.9838709677419355,,3.9919354838709675,124,
hiba,2,0.15,marginal-M3,396,False,0.8125,,0.0,1.0,,4.0625,16,
pad,2,0.05,B,22,False,0.9,0.8823529411764706,,0.95,0.9411764705882353,3.5,20,17.0
pad,2,0.05,M1,23,False,0.9696969696969697,0.9705882352941176,0.0,1.0,1.0,3.606060606060606,33,17.0
pad,2,0.05,M2,162,False,0.8947368421052632,0.8909657320872274,0.0,1.0,1.0,3.2697368421052633,152,107.0
pad,2,0.05,M3,76,False,0.9242424242424242,0.912878787878788,0.0,1.0,1.0,3.196969696969697,66,44.0
pad,2,0.05,M4,10,True,1.0,1.0,0.0,1.0,1.0,4.6,10,7.0
pad,2,0.05,M5,2,True,1.0,1.0,0.0,1.0,1.0,4.666666666666667,3,3.0
pad,2,0.05,marginal-M1,287,False,0.9393939393939394,,0.0,1.0,,3.727272727272727,33,
pad,2,0.05,marginal-M2,287,False,0.8947368421052632,,0.0,1.0,,3.664473684210526,152,
pad,2,0.05,marginal-M3,287,False,0.9393939393939394,,0.0,1.0,,3.6666666666666665,66,
pad,2,0.05,marginal-M4,287,False,1.0,,0.0,1.0,,4.2,10,
pad,2,0.05,marginal-M5,287,False,1.0,,0.0,1.0,,3.3333333333333335,3,
pad,2,0.1,B,22,False,0.9,0.8823529411764706,,0.95,0.9411764705882353,3.1,20,17.0
pad,2,0.1,M1,23,False,0.9696969696969697,0.9705882352941176,0.0,1.0,1.0,3.5454545454545454,33,17.0
pad,2,0.1,M2,162,False,0.8552631578947368,0.8691588785046729,0.0,1.0,1.0,2.960526315789474,152,107.0
pad,2,0.1,M3,76,False,0.8181818181818182,0.7964015151515152,0.0,1.0,1.0,2.742424242424242,66,44.0
pad,2,0.1,M4,10,False,1.0,1.0,0.0,1.0,1.0,4.1,10,7.0
pad,2,0.1,M5,2,True,1.0,1.0,0.0,1.0,1.0,4.666666666666667,3,3.0
pad,2,0.1,marginal-M1,287,False,0.8787878787878788,,0.0,1.0,,3.1515151515151514,33,
pad,2,0.1,marginal-M2,287,False,0.8552631578947368,,0.0,1.0,,3.2171052631578947,152,
pad,2,0.1,marginal-M3,287,False,0.9242424242424242,,0.0,1.0,,3.1818181818181817,66,
pad,2,0.1,marginal-M4,287,False,1.0,,0.0,1.0,,3.7,10,
pad,2,0.1,marginal-M5,287,False,1.0,,0.0,1.0,,3.0,3,
pad,2,0.15,B,22,False,0.9,0.8823529411764706,,0.95,0.9411764705882353,3.1,20,17.0
pad,2,0.15,M1,23,False,0.9696969696969697,0.9705882352941176,0.0,1.0,1.0,3.3636363636363638,33,17.0
pad,2,0.15,M2,162,False,0.8421052631578947,0.8598130841121495,0.0,1.0,1.0,2.7039473684210527,152,107.0
pad,2,0.15,M3,76,False,0.7575757575757576,0.7168560606060607,0.0,1.0,1.0,2.5,66,44.0
pad,2,0.15,M4,10,False,1.0,1.0,0.0,1.0,1.0,4.1,10,7.0
pad,2,0.15,M5,2,True,1.0,1.0,0.0,1.0,1.0,4.666666666666667,3,3.0
pad,2,0.15,marginal-M1,287,False,0.8484848484848485,,0.0,1.0,,2.5757575757575757,33,
pad,2,0.15,marginal-M2,287,False,0.8092105263157895,,0.0,1.0,,2.638157894736842,152,
pad,2,0.15,marginal-M3,287,False,0.7878787878787878,,0.0,1.0,,2.6363636363636362,66,
pad,2,0.15,marginal-M4,287,False,1.0,,0.0,1.0,,2.7,10,
pad,2,0.15,marginal-M5,287,False,0.3333333333333333,,0.0,1.0,,1.6666666666666667,3,
hiba,3,0.05,B,162,False,0.9333333333333333,0.881578947368421,,1.0,1.0,5.333333333333333,180,76.0
hiba,3,0.05,M1,27,False,0.9166666666666666,0.8571428571428571,0.0,1.0,1.0,5.083333333333333,12,7.0
hiba,3,0.05,M2,221,False,0.937007874015748,0.9441489361702128,0.0,1.0,1.0,5.771653543307087,127,94.0
hiba,3,0.05,M3,24,False,1.0,1.0,0.0,1.0,1.0,6.090909090909091,11,10.0
hiba,3,0.05,marginal-M1,396,False,1.0,,0.0,1.0,,5.333333333333333,12,
hiba,3,0.05,marginal-M2,396,False,0.937007874015748,,0.0,1.0,,5.3700787401574805,127,
hiba,3,0.05,marginal-M3,396,False,1.0,,0.0,1.0,,5.454545454545454,11,
hiba,3,0.1,B,162,False,0.8833333333333333,0.7949561403508771,,0.9166666666666666,0.9742240215924428,3.577777777777778,180,76.0
hiba,3,0.1,M1,27,False,0.5833333333333334,0.5,0.0,1.0,1.0,3.25,12,7.0
hiba,3,0.1,M2,221,False,0.9212598425196851,0.9228723404255319,0.0,1.0,1.0,4.543307086614173,127,94.0
hiba,3,0.1,M3,24,False,1.0,1.0,0.0,1.0,1.0,4.363636363636363,11,10.0
hiba,3,0.1,marginal-M1,396,False,0.9166666666666666,,0.0,1.0,,3.8333333333333335,12,
hiba,3,0.1,marginal-M2,396,False,0.9133858267716536,,0.0,1.0,,4.251968503937008,127,
hiba,3,0.1,marginal-M3,396,False,1.0,,0.0,1.0,,4.0,11,
hiba,3,0.15,B,162,False,0.8333333333333334,0.7264189886480908,,0.8555555555555555,0.913259109311741,2.6944444444444446,180,76.0
hiba,3,0.15,M1,27,False,0.5,0.4523809523809524,0.08333333333333333,0.9166666666666666,0.9285714285714286,2.4166666666666665,12,7.0
hiba,3,0.15,M2,221,False,0.8661417322834646,0.8675531914893617,0.007874015748031496,0.9921259842519685,0.9893617021276596,3.3858267716535435,127,94.0
hiba,3,0.15,M3,24,False,1.0,1.0,0.0,1.0,1.0,3.727272727272727,11,10.0
hiba,3,0.15,marginal-M1,396,False,0.9166666666666666,,0.0,1.0,,3.1666666666666665,12,
hiba,3,0.15,marginal-M2,396,False,0.8976377952755905,,0.007874015748031496,0.9921259842519685,,3.5354330708661417,127,
hiba,3,0.15,marginal-M3,396,False,1.0,,0.0,1.0,,3.4545454545454546,11,
pad,3,0.05,B,21,False,0.9545454545454546,0.9444444444444444,,1.0,1.0,3.909090909090909,22,18.0
pad,3,0.05,M1,25,False,1.0,1.0,0.0,1.0,1.0,4.576923076923077,26,15.0
pad,3,0.05,M2,163,False,0.967948717948718,0.9748427672955976,0.0,1.0,1.0,4.089743589743589,156,106.0
pad,3,0.05,M3,64,False,0.9325842696629213,0.931547619047619,0.0,1.0,1.0,3.707865168539326,89,56.0
pad,3,0.05,M4,10,True,1.0,1.0,0.0,1.0,1.0,5.222222222222222,9,7.0
pad,3,0.05,M5,4,True,1.0,1.0,0.0,1.0,1.0,4.5,2,1.0
pad,3,0.05,marginal-M1,281,False,0.9615384615384616,,0.0,1.0,,4.423076923076923,26,
pad,3,0.05,marginal-M2,281,False,0.967948717948718,,0.0,1.0,,4.153846153846154,156,
pad,3,0.05,marginal-M3,281,False,0.9550561797752809,,0.0,1.0,,4.089887640449438,89,
pad,3,0.05,marginal-M4,281,False,0.8888888888888888,,0.0,1.0,,4.444444444444445,9,
pad,3,0.05,marginal-M5,281,False,1.0,,0.0,1.0,,2.5,2,
pad,3,0.1,B,21,False,0.9545454545454546,0.9444444444444444,,0.9545454545454546,0.9444444444444444,3.0454545454545454,22,18.0
pad,3,0.1,M1,25,False,1.0,1.0,0.0,1.0,1.0,4.038461538461538,26,15.0
pad,3,0.1,M2,163,False,0.9230769230769231,0.9355345911949685,0.0,1.0,1.0,3.25,156,106.0
pad,3,0.1,M3,64,False,0.898876404494382,0.9047619047619049,0.0,1.0,1.0,2.9101123595505616,89,56.0
pad,3,0.1,M4,10,False,0.8888888888888888,0.8571428571428571,0.0,1.0,1.0,3.2222222222222223,9,7.0
pad,3,0.1,M5,4,True,1.0,1.0,0.0,1.0,1.0,4.0,2,1.0
pad,3,0.1,marginal-M1,281,False,0.9230769230769231,,0.0,1.0,,3.9615384615384617,26,
pad,3,0.1,marginal-M2,281,False,0.9166666666666666,,0.0,1.0,,3.5128205128205128,156,
pad,3,0.1,marginal-M3,281,False,0.9213483146067416,,0.0,1.0,,3.4719101123595504,89,
pad,3,0.1,marginal-M4,281,False,0.8888888888888888,,0.0,1.0,,3.7777777777777777,9,
pad,3,0.1,marginal-M5,281,False,1.0,,0.0,1.0,,2.0,2,
pad,3,0.15,B,21,False,0.9545454545454546,0.9444444444444444,,0.9545454545454546,0.9444444444444444,3.0,22,18.0
pad,3,0.15,M1,25,False,1.0,1.0,0.0,1.0,1.0,4.038461538461538,26,15.0
pad,3,0.15,M2,163,False,0.8397435897435898,0.8624213836477987,0.0,1.0,1.0,2.8974358974358974,156,106.0
pad,3,0.15,M3,64,False,0.8651685393258427,0.8802083333333334,0.0,1.0,1.0,2.7752808988764044,89,56.0
pad,3,0.15,M4,10,False,0.8888888888888888,0.8571428571428571,0.0,1.0,1.0,3.2222222222222223,9,7.0
pad,3,0.15,M5,4,True,1.0,1.0,0.0,1.0,1.0,4.0,2,1.0
pad,3,0.15,marginal-M1,281,False,0.9230769230769231,,0.0,1.0,,3.5384615384615383,26,
pad,3,0.15,marginal-M2,281,False,0.8397435897435898,,0.0,1.0,,2.980769230769231,156,
pad,3,0.15,marginal-M3,281,False,0.8876404494382022,,0.0,1.0,,2.9887640449438204,89,
pad,3,0.15,marginal-M4,281,False,0.8888888888888888,,0.0,1.0,,3.2222222222222223,9,
pad,3,0.15,marginal-M5,281,False,0.5,,0.0,1.0,,0.5,2,
hiba,4,0.05,B,163,False,0.9759615384615384,0.9433333333333334,,1.0,1.0,5.615384615384615,208,75.0
hiba,4,0.05,M1,23,False,1.0,1.0,0.0,1.0,1.0,6.2105263157894735,19,11.0
hiba,4,0.05,M2,230,False,0.959349593495935,0.9764705882352941,0.0,1.0,1.0,6.308943089430894,123,85.0
hiba,4,0.05,M3,22,False,0.9285714285714286,0.9166666666666666,0.0,1.0,1.0,5.928571428571429,14,12.0
hiba,4,0.05,marginal-M1,396,False,1.0,,0.0,1.0,,6.578947368421052,19,
hiba,4,0.05,marginal-M2,396,False,0.975609756097561,,0.0,1.0,,6.284552845528455,123,
hiba,4,0.05,marginal-M3,396,False,1.0,,0.0,1.0,,6.785714285714286,14,
hiba,4,0.1,B,163,False,0.9471153846153846,0.8966666666666666,,0.9326923076923077,0.936021164021164,3.764423076923077,208,75.0
hiba,4,0.1,M1,23,False,0.9473684210526315,0.9772727272727273,0.0,1.0,1.0,4.578947368421052,19,11.0
hiba,4,0.1,M2,230,False,0.9186991869918699,0.9294117647058824,0.0,1.0,1.0,4.853658536585366,123,85.0
hiba,4,0.1,M3,22,False,0.8571428571428571,0.8333333333333334,0.0,1.0,1.0,4.714285714285714,14,12.0
hiba,4,0.1,marginal-M1,396,False,0.9473684210526315,,0.0,1.0,,4.473684210526316,19,
hiba,4,0.1,marginal-M2,396,False,0.9349593495934959,,0.0,1.0,,4.796747967479675,123,
hiba,4,0.1,marginal-M3,396,False,0.9285714285714286,,0.0,1.0,,5.142857142857143,14,
hiba,4,0.15,B,163,False,0.9182692307692307,0.8626666666666665,,0.8605769230769231,0.9036719576719576,2.860576923076923,208,75.0
hiba,4,0.15,M1,23,False,0.8947368421052632,0.9545454545454546,0.0,1.0,1.0,3.6842105263157894,19,11.0
hiba,4,0.15,M2,230,False,0.8455284552845529,0.8858823529411765,0.016260162601626018,0.983739837398374,0.9931372549019607,3.894308943089431,123,85.0
hiba,4,0.15,M3,22,False,0.8571428571428571,0.8333333333333334,0.0,1.0,1.0,4.142857142857143,14,12.0
hiba,4,0.15,marginal-M1,396,False,0.8947368421052632,,0.0,1.0,,3.210526315789474,19,
hiba,4,0.15,marginal-M2,396,False,0.9024390243902439,,0.0,1.0,,3.7235772357723578,123,
hiba,4,0.15,marginal-M3,396,False,0.9285714285714286,,0.0,1.0,,4.142857142857143,14,
pad,4,0.05,B,23,False,1.0,1.0,,1.0,1.0,4.125,16,16.0
pad,4,0.05,M1,24,False,0.9655172413793104,0.9375,0.0,1.0,1.0,4.0344827586206895,29,16.0
pad,4,0.05,M2,157,False,0.949685534591195,0.9523809523809523,0.0,1.0,1.0,3.9874213836477987,159,112.0
pad,4,0.05,M3,75,False,0.9565217391304348,0.9444444444444444,0.0,1.0,1.0,4.202898550724638,69,45.0
pad,4,0.05,M4,8,True,1.0,1.0,0.0,1.0,1.0,5.666666666666667,9,9.0
pad,4,0.05,M5,2,True,1.0,1.0,0.0,1.0,1.0,5.333333333333333,3,3.0
pad,4,0.05,marginal-M1,280,False,0.9655172413793104,,0.0,1.0,,3.9655172413793105,29,
pad,4,0.05,marginal-M2,280,False,0.949685534591195,,0.0,1.0,,3.9748427672955975,159,
pad,4,0.05,marginal-M3,280,False,0.9565217391304348,,0.0,1.0,,4.246376811594203,69,
pad,4,0.05,marginal-M4,280,False,1.0,,0.0,1.0,,5.0,9,
pad,4,0.05,marginal-M5,280,False,1.0,,0.0,1.0,,4.333333333333333,3,
pad,4,0.1,B,23,False,1.0,1.0,,0.9375,0.9375,3.875,16,16.0
pad,4,0.1,M1,24,False,0.896551724137931,0.84375,0.0,1.0,1.0,3.6206896551724137,29,16.0
pad,4,0.1,M2,157,False,0.9182389937106918,0.9270833333333333,0.0,1.0,1.0,3.7044025157232703,159,112.0
pad,4,0.1,M3,75,False,0.927536231884058,0.9,0.0,1.0,1.0,3.710144927536232,69,45.0
pad,4,0.1,M4,8,True,1.0,1.0,0.0,1.0,1.0,5.555555555555555,9,9.0
pad,4,0.1,M5,2,True,1.0,1.0,0.0,1.0,1.0,5.333333333333333,3,3.0
pad,4,0.1,marginal-M1,280,False,0.896551724137931,,0.0,1.0,,3.1724137931034484,29,
pad,4,0.1,marginal-M2,280,False,0.8805031446540881,,0.0,1.0,,3.1446540880503147,159,
pad,4,0.1,marginal-M3,280,False,0.927536231884058,,0.0,1.0,,3.5942028985507246,69,
pad,4,0.1,marginal-M4,280,False,1.0,,0.0,1.0,,4.111111111111111,9,
pad,4,0.1,marginal-M5,280,False,1.0,,0.0,1.0,,3.6666666666666665,3,
pad,4,0.15,B,23,False,1.0,1.0,,0.875,0.875,3.25,16,16.0
pad,4,0.15,M1,24,False,0.896551724137931,0.84375,0.0,1.0,1.0,2.9655172413793105,29,16.0
pad,4,0.15,M2,157,False,0.7672955974842768,0.7715773809523808,0.0,1.0,1.0,2.5283018867924527,159,112.0
pad,4,0.15,M3,75,False,0.8985507246376812,0.8833333333333333,0.0,1.0,1.0,3.0,69,45.0
pad,4,0.15,M4,8,False,1.0,1.0,0.0,1.0,1.0,4.444444444444445,9,9.0
pad,4,0.15,M5,2,True,1.0,1.0,0.0,1.0,1.0,4.666666666666667,3,3.0
pad,4,0.15,marginal-M1,280,False,0.896551724137931,,0.0,1.0,,2.7241379310344827,29,
pad,4,0.15,marginal-M2,280,False,0.779874213836478,,0.0,1.0,,2.5660377358490565,159,
pad,4,0.15,marginal-M3,280,False,0.8985507246376812,,0.0,1.0,,3.0579710144927534,69,
pad,4,0.15,marginal-M4,280,False,1.0,,0.0,1.0,,3.7777777777777777,9,
pad,4,0.15,marginal-M5,280,False,0.6666666666666666,,0.0,1.0,,3.0,3,
hiba,5,0.05,B,173,False,1.0,1.0,,1.0,1.0,7.053691275167785,149,65.0
hiba,5,0.05,M1,20,False,1.0,1.0,0.0,1.0,1.0,7.090909090909091,22,14.0
hiba,5,0.05,M2,225,False,0.9913793103448276,0.9944444444444445,0.0,1.0,1.0,7.301724137931035,116,90.0
hiba,5,0.05,M3,18,True,1.0,1.0,0.0,1.0,1.0,7.833333333333333,24,16.0
hiba,5,0.05,marginal-M1,396,False,1.0,,0.0,1.0,,6.590909090909091,22,
hiba,5,0.05,marginal-M2,396,False,0.9913793103448276,,0.0,1.0,,6.068965517241379,116,
hiba,5,0.05,marginal-M3,396,False,1.0,,0.0,1.0,,6.333333333333333,24,
hiba,5,0.1,B,173,False,0.9664429530201343,0.9384615384615385,,0.9865771812080537,0.995897435897436,4.154362416107382,149,65.0
hiba,5,0.1,M1,20,False,1.0,1.0,0.0,1.0,1.0,5.318181818181818,22,14.0
hiba,5,0.1,M2,225,False,0.9655172413793104,0.975,0.0,1.0,1.0,5.172413793103448,116,90.0
hiba,5,0.1,M3,18,False,0.9583333333333334,0.9375,0.0,1.0,1.0,4.958333333333333,24,16.0
hiba,5,0.1,marginal-M1,396,False,1.0,,0.0,1.0,,5.2272727272727275,22,
hiba,5,0.1,marginal-M2,396,False,0.9827586206896551,,0.0,1.0,,5.086206896551724,116,
hiba,5,0.1,marginal-M3,396,False,0.9583333333333334,,0.0,1.0,,5.25,24,
hiba,5,0.15,B,173,False,0.9395973154362416,0.8948717948717948,,0.8791946308724832,0.9292307692307692,3.2348993288590604,149,65.0
hiba,5,0.15,M1,20,False,1.0,1.0,0.0,1.0,1.0,4.045454545454546,22,14.0
hiba,5,0.15,M2,225,False,0.9310344827586207,0.9305555555555556,0.008620689655172414,0.9913793103448276,0.9888888888888889,4.2844827586206895,116,90.0
hiba,5,0.15,M3,18,False,0.9583333333333334,0.9375,0.0,1.0,1.0,4.541666666666667,24,16.0
hiba,5,0.15,marginal-M1,396,False,1.0,,0.0,1.0,,4.0,22,
hiba,5,0.15,marginal-M2,396,False,0.9310344827586207,,0.017241379310344827,0.9827586206896551,,4.051724137931035,116,
hiba,5,0.15,marginal-M3,396,False,0.9583333333333334,,0.0,1.0,,4.25,24,
pad,5,0.05,B,27,False,1.0,1.0,,1.0,1.0,4.75,12,12.0
pad,5,0.05,M1,16,True,1.0,1.0,0.0,1.0,1.0,4.833333333333333,42,24.0
pad,5,0.05,M2,155,False,0.9827586206896551,0.9883040935672514,0.0,1.0,1.0,4.212643678160919,174,114.0
pad,5,0.05,M3,66,False,0.9885057471264368,0.9814814814814815,0.0,1.0,1.0,4.402298850574713,87,54.0
pad,5,0.05,M4,10,True,1.0,1.0,0.0,1.0,1.0,5.714285714285714,7,7.0
pad,5,0.05,M5,4,True,1.0,1.0,0.0,1.0,1.0,5.0,1,1.0
pad,5,0.05,marginal-M1,270,False,0.9285714285714286,,0.0,1.0,,3.9523809523809526,42,
pad,5,0.05,marginal-M2,270,False,0.9770114942528736,,0.0,1.0,,4.028735632183908,174,
pad,5,0.05,marginal-M3,270,False,0.9885057471264368,,0.0,1.0,,4.137931034482759,87,
pad,5,0.05,marginal-M4,270,False,0.8571428571428571,,0.0,1.0,,4.857142857142857,7,
pad,5,0.05,marginal-M5,270,False,1.0,,0.0,1.0,,4.0,1,
pad,5,0.1,B,27,False,1.0,1.0,,0.9166666666666666,0.9166666666666666,3.6666666666666665,12,12.0
pad,5,0.1,M1,16,False,0.9523809523809523,0.9375,0.0,1.0,1.0,4.071428571428571,42,24.0
pad,5,0.1,M2,155,False,0.8908045977011494,0.888888888888889,0.0,1.0,1.0,3.5172413793103448,174,114.0
pad,5,0.1,M3,66,False,0.9770114942528736,0.9753086419753088,0.0,1.0,1.0,3.8620689655172415,87,54.0
pad,5,0.1,M4,10,False,0.7142857142857143,0.7142857142857143,0.0,1.0,1.0,3.857142857142857,7,7.0
pad,5,0.1,M5,4,True,1.0,1.0,0.0,1.0,1.0,5.0,1,1.0
pad,5,0.1,marginal-M1,270,False,0.9047619047619048,,0.0,1.0,,3.3333333333333335,42,
pad,5,0.1,marginal-M2,270,False,0.9195402298850575,,0.0,1.0,,3.4770114942528734,174,
pad,5,0.1,marginal-M3,270,False,0.9770114942528736,,0.0,1.0,,3.6551724137931036,87,
pad,5,0.1,marginal-M4,270,False,0.8571428571428571,,0.0,1.0,,4.142857142857143,7,
pad,5,0.1,marginal-M5,270,False,1.0,,0.0,1.0,,4.0,1,
pad,5,0.15,B,27,False,1.0,1.0,,0.9166666666666666,0.9166666666666666,3.0,12,12.0
pad,5,0.15,M1,16,False,0.9047619047619048,0.8819444444444445,0.0,1.0,1.0,3.1904761904761907,42,24.0
pad,5,0.15,M2,155,False,0.8103448275862069,0.8152673350041773,0.0,1.0,1.0,2.660919540229885,174,114.0
pad,5,0.15,M3,66,False,0.9425287356321839,0.9359567901234569,0.0,1.0,1.0,3.045977011494253,87,54.0
pad,5,0.15,M4,10,False,0.7142857142857143,0.7142857142857143,0.0,1.0,1.0,3.5714285714285716,7,7.0
pad,5,0.15,M5,4,True,1.0,1.0,0.0,1.0,1.0,4.0,1,1.0
pad,5,0.15,marginal-M1,270,False,0.8333333333333334,,0.0,1.0,,2.642857142857143,42,
pad,5,0.15,marginal-M2,270,False,0.8218390804597702,,0.0,1.0,,2.7758620689655173,174,
pad,5,0.15,marginal-M3,270,False,0.9080459770114943,,0.0,1.0,,2.954022988505747,87,
pad,5,0.15,marginal-M4,270,False,0.7142857142857143,,0.0,1.0,,4.0,7,
pad,5,0.15,marginal-M5,270,False,1.0,,0.0,1.0,,3.0,1,
hiba,6,0.05,B,165,False,0.9847328244274809,0.9726027397260274,,1.0,1.0,5.396946564885496,131,73.0
hiba,6,0.05,M1,28,False,1.0,1.0,0.0,1.0,1.0,5.5,12,6.0
hiba,6,0.05,M2,221,False,0.9487179487179487,0.9361702127659575,0.0,1.0,1.0,6.222222222222222,117,94.0
hiba,6,0.05,M3,23,False,1.0,1.0,0.0,1.0,1.0,6.384615384615385,13,11.0
hiba,6,0.05,marginal-M1,396,False,1.0,,0.0,1.0,,6.083333333333333,12,
hiba,6,0.05,marginal-M2,396,False,0.9829059829059829,,0.0,1.0,,6.068376068376068,117,
hiba,6,0.05,marginal-M3,396,False,1.0,,0.0,1.0,,6.153846153846154,13,
hiba,6,0.1,B,165,False,0.9236641221374046,0.9155251141552511,,0.9541984732824428,0.9584474885844749,3.564885496183206,131,73.0
hiba,6,0.1,M1,28,False,0.8333333333333334,0.8888888888888888,0.0,1.0,1.0,3.75,12,6.0
hiba,6,0.1,M2,221,False,0.9145299145299145,0.8936170212765957,0.0,1.0,1.0,4.564102564102564,117,94.0
hiba,6,0.1,M3,23,False,1.0,1.0,0.0,1.0,1.0,5.153846153846154,13,11.0
hiba,6,0.1,marginal-M1,396,False,1.0,,0.0,1.0,,3.9166666666666665,12,
hiba,6,0.1,marginal-M2,396,False,0.9230769230769231,,0.008547008547008548,0.9914529914529915,,4.264957264957265,117,
hiba,6,0.1,marginal-M3,396,False,1.0,,0.0,1.0,,4.923076923076923,13,
hiba,6,0.15,B,165,False,0.8778625954198473,0.8602739726027396,,0.9389312977099237,0.9406392694063925,2.9389312977099236,131,73.0
hiba,6,0.15,M1,28,False,0.8333333333333334,0.8888888888888888,0.0,1.0,1.0,3.4166666666666665,12,6.0
hiba,6,0.15,M2,221,False,0.8461538461538461,0.8386524822695036,0.02564102564102564,0.9743589743589743,0.9751773049645389,3.8461538461538463,117,94.0
hiba,6,0.15,M3,23,False,0.8461538461538461,0.8181818181818182,0.0,1.0,1.0,4.384615384615385,13,11.0
hiba,6,0.15,marginal-M1,396,False,0.8333333333333334,,0.08333333333333333,0.9166666666666666,,2.9166666666666665,12,
hiba,6,0.15,marginal-M2,396,False,0.8888888888888888,,0.017094017094017096,0.9829059829059829,,3.4358974358974357,117,
hiba,6,0.15,marginal-M3,396,False,0.9230769230769231,,0.0,1.0,,3.6923076923076925,13,
pad,6,0.05,B,22,False,0.9444444444444444,0.9411764705882353,,1.0,1.0,3.9444444444444446,18,17.0
pad,6,0.05,M1,22,False,1.0,1.0,0.0,1.0,1.0,4.484848484848484,33,18.0
pad,6,0.05,M2,163,False,0.9657534246575342,0.9685534591194969,0.0,1.0,1.0,4.102739726027397,146,106.0
pad,6,0.05,M3,73,False,0.9855072463768116,0.9787234042553191,0.0,1.0,1.0,4.231884057971015,69,47.0
pad,6,0.05,M4,9,True,1.0,1.0,0.0,1.0,1.0,5.375,8,8.0
pad,6,0.05,M5,3,True,1.0,1.0,0.0,1.0,1.0,4.666666666666667,3,2.0
pad,6,0.05,marginal-M1,285,False,0.9696969696969697,,0.0,1.0,,4.181818181818182,33,
pad,6,0.05,marginal-M2,285,False,0.952054794520548,,0.0,1.0,,4.0479452054794525,146,
pad,6,0.05,marginal-M3,285,False,0.9710144927536232,,0.0,1.0,,3.971014492753623,69,
pad,6,0.05,marginal-M4,285,False,1.0,,0.0,1.0,,4.625,8,
pad,6,0.05,marginal-M5,285,False,1.0,,0.0,1.0,,3.0,3,
pad,6,0.1,B,22,False,0.9444444444444444,0.9411764705882353,,0.9444444444444444,0.9411764705882353,3.388888888888889,18,17.0
pad,6,0.1,M1,22,False,1.0,1.0,0.0,1.0,1.0,3.8181818181818183,33,18.0
pad,6,0.1,M2,163,False,0.9246575342465754,0.9229559748427674,0.0,1.0,1.0,3.2260273972602738,146,106.0
pad,6,0.1,M3,73,False,0.8840579710144928,0.8617021276595744,0.0,1.0,1.0,3.1594202898550723,69,47.0
pad,6,0.1,M4,9,False,1.0,1.0,0.0,1.0,1.0,4.125,8,8.0
pad,6,0.1,M5,3,True,1.0,1.0,0.0,1.0,1.0,4.0,3,2.0
pad,6,0.1,marginal-M1,285,False,0.9090909090909091,,0.0,1.0,,3.8181818181818183,33,
pad,6,0.1,marginal-M2,285,False,0.9178082191780822,,0.0,1.0,,3.595890410958904,146,
pad,6,0.1,marginal-M3,285,False,0.9565217391304348,,0.0,1.0,,3.8115942028985508,69,
pad,6,0.1,marginal-M4,285,False,1.0,,0.0,1.0,,4.125,8,
pad,6,0.1,marginal-M5,285,False,1.0,,0.0,1.0,,2.6666666666666665,3,
pad,6,0.15,B,22,False,0.8888888888888888,0.8823529411764706,,0.9444444444444444,0.9411764705882353,3.0555555555555554,18,17.0
pad,6,0.15,M1,22,False,1.0,1.0,0.0,1.0,1.0,3.5757575757575757,33,18.0
pad,6,0.15,M2,163,False,0.8835616438356164,0.8852201257861636,0.0,1.0,1.0,2.7945205479452055,146,106.0
pad,6,0.15,M3,73,False,0.855072463768116,0.8351063829787234,0.0,1.0,1.0,2.9130434782608696,69,47.0
pad,6,0.15,M4,9,False,1.0,1.0,0.0,1.0,1.0,4.125,8,8.0
pad,6,0.15,M5,3,True,1.0,1.0,0.0,1.0,1.0,4.0,3,2.0
pad,6,0.15,marginal-M1,285,False,0.8787878787878788,,0.0,1.0,,2.878787878787879,33,
pad,6,0.15,marginal-M2,285,False,0.8561643835616438,,0.0,1.0,,2.671232876712329,146,
pad,6,0.15,marginal-M3,285,False,0.855072463768116,,0.0,1.0,,3.101449275362319,69,
pad,6,0.15,marginal-M4,285,False,0.875,,0.0,1.0,,3.25,8,
pad,6,0.15,marginal-M5,285,False,0.6666666666666666,,0.0,1.0,,1.3333333333333333,3,
hiba,7,0.05,B,154,False,0.9838709677419355,0.9523809523809523,,1.0,1.0,5.790322580645161,248,84.0
hiba,7,0.05,M1,23,False,0.7894736842105263,0.8303030303030302,0.0,1.0,1.0,5.0,19,11.0
hiba,7,0.05,M2,231,False,0.9821428571428571,0.9910714285714286,0.0,1.0,1.0,6.4375,112,84.0
hiba,7,0.05,M3,29,False,1.0,1.0,0.0,1.0,1.0,7.4,5,5.0
hiba,7,0.05,marginal-M1,396,False,1.0,,0.0,1.0,,6.2105263157894735,19,
hiba,7,0.05,marginal-M2,396,False,0.9910714285714286,,0.0,1.0,,5.973214285714286,112,
hiba,7,0.05,marginal-M3,396,False,1.0,,0.0,1.0,,6.6,5,
hiba,7,0.1,B,154,False,0.9556451612903226,0.9007936507936507,,0.9475806451612904,0.9654863654863655,3.5483870967741935,248,84.0
hiba,7,0.1,M1,23,False,0.7894736842105263,0.8303030303030302,0.0,1.0,1.0,4.052631578947368,19,11.0
hiba,7,0.1,M2,231,False,0.9017857142857143,0.9047619047619048,0.008928571428571428,0.9910714285714286,0.9940476190476191,4.5625,112,84.0
hiba,7,0.1,M3,29,False,1.0,1.0,0.0,1.0,1.0,4.8,5,5.0
hiba,7,0.1,marginal-M1,396,False,0.9473684210526315,,0.0,1.0,,4.2631578947368425,19,
hiba,7,0.1,marginal-M2,396,False,0.9017857142857143,,0.017857142857142856,0.9821428571428571,,4.25,112,
hiba,7,0.1,marginal-M3,396,False,1.0,,0.0,1.0,,5.0,5,
hiba,7,0.15,B,154,False,0.9354838709677419,0.8622023809523809,,0.8629032258064516,0.886841168091168,2.8629032258064515,248,84.0
hiba,7,0.15,M1,23,False,0.6842105263157895,0.7090909090909091,0.05263157894736842,0.9473684210526315,0.9090909090909091,3.6315789473684212,19,11.0
hiba,7,0.15,M2,231,False,0.8303571428571429,0.8392857142857143,0.026785714285714284,0.9732142857142857,0.9791666666666666,3.6785714285714284,112,84.0
hiba,7,0.15,M3,29,False,1.0,1.0,0.0,1.0,1.0,4.0,5,5.0
hiba,7,0.15,marginal-M1,396,False,0.8421052631578947,,0.05263157894736842,0.9473684210526315,,3.1052631578947367,19,
hiba,7,0.15,marginal-M2,396,False,0.8571428571428571,,0.017857142857142856,0.9821428571428571,,3.1875,112,
hiba,7,0.15,marginal-M3,396,False,1.0,,0.0,1.0,,3.8,5,
pad,7,0.05,B,25,False,0.8823529411764706,0.8571428571428571,,1.0,1.0,3.5294117647058822,17,14.0
pad,7,0.05,M1,24,False,1.0,1.0,0.0,1.0,1.0,4.0,22,16.0
pad,7,0.05,M2,160,False,0.9617834394904459,0.966360856269113,0.0,1.0,1.0,3.5859872611464967,157,109.0
pad,7,0.05,M3,73,False,0.9855072463768116,0.9893617021276596,0.0,1.0,1.0,3.710144927536232,69,47.0
pad,7,0.05,M4,13,True,1.0,1.0,0.0,1.0,1.0,4.166666666666667,6,4.0
pad,7,0.05,M5,2,True,1.0,1.0,0.0,1.0,1.0,4.666666666666667,3,3.0
pad,7,0.05,marginal-M1,290,False,0.9090909090909091,,0.0,1.0,,3.9545454545454546,22,
pad,7,0.05,marginal-M2,290,False,0.9554140127388535,,0.0,1.0,,4.057324840764331,157,
pad,7,0.05,marginal-M3,290,False,0.9710144927536232,,0.0,1.0,,3.8550724637681157,69,
pad,7,0.05,marginal-M4,290,False,1.0,,0.0,1.0,,5.0,6,
pad,7,0.05,marginal-M5,290,False,1.0,,0.0,1.0,,3.3333333333333335,3,
pad,7,0.1,B,25,False,0.8235294117647058,0.7857142857142857,,1.0,1.0,3.235294117647059,17,14.0
pad,7,0.1,M1,24,False,0.9090909090909091,0.875,0.0,1.0,1.0,3.409090909090909,22,16.0
pad,7,0.1,M2,160,False,0.9363057324840764,0.9342507645259939,0.0,1.0,1.0,3.2738853503184715,157,109.0
pad,7,0.1,M3,73,False,0.927536231884058,0.9042553191489362,0.0,1.0,1.0,2.753623188405797,69,47.0
pad,7,0.1,M4,13,False,1.0,1.0,0.0,1.0,1.0,4.0,6,4.0
pad,7,0.1,M5,2,True,1.0,1.0,0.0,1.0,1.0,4.666666666666667,3,3.0
pad,7,0.1,marginal-M1,290,False,0.8636363636363636,,0.0,1.0,,3.1363636363636362,22,
pad,7,0.1,marginal-M2,290,False,0.8726114649681529,,0.0,1.0,,3.286624203821656,157,
pad,7,0.1,marginal-M3,290,False,0.927536231884058,,0.0,1.0,,3.028985507246377,69,
pad,7,0.1,marginal-M4,290,False,0.8333333333333334,,0.0,1.0,,3.1666666666666665,6,
pad,7,0.1,marginal-M5,290,False,1.0,,0.0,1.0,,2.6666666666666665,3,
pad,7,0.15,B,25,False,0.7058823529411765,0.6428571428571429,,0.8823529411764706,0.9523809523809524,2.588235294117647,17,14.0
pad,7,0.15,M1,24,False,0.9090909090909091,0.875,0.0,1.0,1.0,3.1818181818181817,22,16.0
pad,7,0.15,M2,160,False,0.8662420382165605,0.8837920489296636,0.0,1.0,1.0,2.828025477707006,157,109.0
pad,7,0.15,M3,73,False,0.8260869565217391,0.8111702127659575,0.0,1.0,1.0,2.4057971014492754,69,47.0
pad,7,0.15,M4,13,False,0.8333333333333334,0.75,0.0,1.0,1.0,2.5,6,4.0
pad,7,0.15,M5,2,True,1.0,1.0,0.0,1.0,1.0,4.666666666666667,3,3.0
pad,7,0.15,marginal-M1,290,False,0.8181818181818182,,0.0,1.0,,2.6818181818181817,22,
pad,7,0.15,marginal-M2,290,False,0.8280254777070064,,0.0,1.0,,2.840764331210191,157,
pad,7,0.15,marginal-M3,290,False,0.8695652173913043,,0.0,1.0,,2.6956521739130435,69,
pad,7,0.15,marginal-M4,290,False,0.8333333333333334,,0.0,1.0,,2.6666666666666665,6,
pad,7,0.15,marginal-M5,290,False,0.3333333333333333,,0.0,1.0,,2.0,3,
hiba,8,0.05,B,169,False,0.985781990521327,0.9565217391304348,,1.0,1.0,5.786729857819905,211,69.0
hiba,8,0.05,M1,23,False,1.0,1.0,0.0,1.0,1.0,6.157894736842105,19,11.0
hiba,8,0.05,M2,217,False,0.96,0.9489795918367347,0.0,1.0,1.0,6.208,125,98.0
hiba,8,0.05,M3,27,False,1.0,1.0,0.0,1.0,1.0,6.555555555555555,9,7.0
hiba,8,0.05,marginal-M1,396,False,1.0,,0.0,1.0,,6.2631578947368425,19,
hiba,8,0.05,marginal-M2,396,False,0.976,,0.0,1.0,,5.968,125,
hiba,8,0.05,marginal-M3,396,False,1.0,,0.0,1.0,,6.222222222222222,9,
hiba,8,0.1,B,169,False,0.966824644549763,0.9227053140096618,,0.9620853080568721,0.9652173913043477,3.971563981042654,211,69.0
hiba,8,0.1,M1,23,False,1.0,1.0,0.0,1.0,1.0,5.2631578947368425,19,11.0
hiba,8,0.1,M2,217,False,0.936,0.9285714285714286,0.016,0.984,0.9897959183673469,4.68,125,98.0
hiba,8,0.1,M3,27,False,1.0,1.0,0.0,1.0,1.0,5.0,9,7.0
hiba,8,0.1,marginal-M1,396,False,1.0,,0.0,1.0,,4.631578947368421,19,
hiba,8,0.1,marginal-M2,396,False,0.944,,0.008,0.992,,4.6,125,
hiba,8,0.1,marginal-M3,396,False,1.0,,0.0,1.0,,5.444444444444445,9,
hiba,8,0.15,B,169,False,0.9478672985781991,0.8894927536231884,,0.8957345971563981,0.9061594202898552,3.255924170616114,211,69.0
hiba,8,0.15,M1,23,False,1.0,1.0,0.0,1.0,1.0,4.315789473684211,19,11.0
hiba,8,0.15,M2,217,False,0.872,0.8840136054421768,0.032,0.968,0.976190476190476,3.832,125,98.0
hiba,8,0.15,M3,27,False,1.0,1.0,0.0,1.0,1.0,4.777777777777778,9,7.0
hiba,8,0.15,marginal-M1,396,False,1.0,,0.0,1.0,,3.8421052631578947,19,
hiba,8,0.15,marginal-M2,396,False,0.936,,0.016,0.984,,3.984,125,
hiba,8,0.15,marginal-M3,396,False,1.0,,0.0,1.0,,4.888888888888889,9,
pad,8,0.05,B,23,False,1.0,1.0,,1.0,1.0,4.105263157894737,19,16.0
pad,8,0.05,M1,21,False,0.972972972972973,0.9473684210526315,0.0,1.0,1.0,4.054054054054054,37,19.0
pad,8,0.05,M2,148,False,0.9775280898876404,0.9848484848484848,0.0,1.0,1.0,4.073033707865169,178,121.0
pad,8,0.05,M3,74,False,0.9857142857142858,0.9782608695652174,0.0,1.0,1.0,4.442857142857143,70,46.0
pad,8,0.05,M4,13,True,1.0,1.0,0.0,1.0,1.0,4.833333333333333,6,4.0
pad,8,0.05,M5,3,True,1.0,1.0,0.0,1.0,1.0,4.333333333333333,3,2.0
pad,8,0.05,marginal-M1,274,False,0.972972972972973,,0.0,1.0,,3.972972972972973,37,
pad,8,0.05,marginal-M2,274,False,0.9775280898876404,,0.0,1.0,,4.03932584269663,178,
pad,8,0.05,marginal-M3,274,False,0.9857142857142858,,0.0,1.0,,4.3,70,
pad,8,0.05,marginal-M4,274,False,1.0,,0.0,1.0,,3.8333333333333335,6,
pad,8,0.05,marginal-M5,274,False,1.0,,0.0,1.0,,2.0,3,
pad,8,0.1,B,23,False,1.0,1.0,,1.0,1.0,3.5789473684210527,19,16.0
pad,8,0.1,M1,21,False,0.972972972972973,0.9473684210526315,0.0,1.0,1.0,3.972972972972973,37,19.0
pad,8,0.1,M2,148,False,0.9438202247191011,0.9504132231404959,0.0,1.0,1.0,3.747191011235955,178,121.0
pad,8,0.1,M3,74,False,0.9857142857142858,0.9782608695652174,0.0,1.0,1.0,3.9714285714285715,70,46.0
pad,8,0.1,M4,13,False,1.0,1.0,0.0,1.0,1.0,4.0,6,4.0
pad,8,0.1,M5,3,True,1.0,1.0,0.0,1.0,1.0,4.333333333333333,3,2.0
pad,8,0.1,marginal-M1,274,False,0.918918918918919,,0.0,1.0,,3.4324324324324325,37,
pad,8,0.1,marginal-M2,274,False,0.9325842696629213,,0.0,1.0,,3.5168539325842696,178,
pad,8,0.1,marginal-M3,274,False,0.9857142857142858,,0.0,1.0,,3.757142857142857,70,
pad,8,0.1,marginal-M4,274,False,1.0,,0.0,1.0,,3.1666666666666665,6,
pad,8,0.1,marginal-M5,274,False,1.0,,0.0,1.0,,1.6666666666666667,3,
pad,8,0.15,B,23,False,1.0,1.0,,0.9473684210526315,0.9791666666666666,2.8947368421052633,19,16.0
pad,8,0.15,M1,21,False,0.918918918918919,0.9078947368421053,0.0,1.0,1.0,3.081081081081081,37,19.0
pad,8,0.15,M2,148,False,0.8820224719101124,0.8966942148760331,0.0,1.0,1.0,2.960674157303371,178,121.0
pad,8,0.15,M3,74,False,0.8857142857142857,0.875,0.0,1.0,1.0,3.1285714285714286,70,46.0
pad,8,0.15,M4,13,False,1.0,1.0,0.0,1.0,1.0,2.5,6,4.0
pad,8,0.15,M5,3,True,1.0,1.0,0.0,1.0,1.0,4.0,3,2.0
pad,8,0.15,marginal-M1,274,False,0.8648648648648649,,0.0,1.0,,2.7837837837837838,37,
pad,8,0.15,marginal-M2,274,False,0.848314606741573,,0.0,1.0,,2.865168539325843,178,
pad,8,0.15,marginal-M3,274,False,0.9,,0.0,1.0,,3.2857142857142856,70,
pad,8,0.15,marginal-M4,274,False,1.0,,0.0,1.0,,2.3333333333333335,6,
pad,8,0.15,marginal-M5,274,False,0.6666666666666666,,0.0,1.0,,0.6666666666666666,3,
hiba,9,0.05,B,169,False,0.9852216748768473,0.967391304347826,,1.0,1.0,5.5763546798029555,203,69.0
hiba,9,0.05,M1,21,False,0.9411764705882353,0.9230769230769231,0.0,1.0,1.0,6.0,17,13.0
hiba,9,0.05,M2,225,False,0.9159663865546218,0.9388888888888889,0.0,1.0,1.0,6.310924369747899,119,90.0
hiba,9,0.05,M3,24,False,1.0,1.0,0.0,1.0,1.0,6.7,10,10.0
hiba,9,0.05,marginal-M1,396,False,1.0,,0.0,1.0,,6.176470588235294,17,
hiba,9,0.05,marginal-M2,396,False,0.9411764705882353,,0.0,1.0,,6.025210084033613,119,
hiba,9,0.05,marginal-M3,396,False,1.0,,0.0,1.0,,6.0,10,
hiba,9,0.1,B,169,False,0.9261083743842364,0.8485507246376811,,0.9605911330049262,0.9875776397515528,3.7881773399014778,203,69.0
hiba,9,0.1,M1,21,False,0.9411764705882353,0.9230769230769231,0.0,1.0,1.0,4.9411764705882355,17,13.0
hiba,9,0.1,M2,225,False,0.8823529411764706,0.9027777777777778,0.0,1.0,1.0,4.697478991596639,119,90.0
hiba,9,0.1,M3,24,False,1.0,1.0,0.0,1.0,1.0,5.1,10,10.0
hiba,9,0.1,marginal-M1,396,False,0.9411764705882353,,0.0,1.0,,4.647058823529412,17,
hiba,9,0.1,marginal-M2,396,False,0.8907563025210085,,0.0,1.0,,4.6722689075630255,119,
hiba,9,0.1,marginal-M3,396,False,1.0,,0.0,1.0,,5.2,10,
hiba,9,0.15,B,169,False,0.9014778325123153,0.8050724637681159,,0.8817733990147784,0.9324821716126065,3.2019704433497536,203,69.0
hiba,9,0.15,M1,21,False,0.9411764705882353,0.9230769230769231,0.0,1.0,1.0,4.117647058823529,17,13.0
hiba,9,0.15,M2,225,False,0.8487394957983193,0.875,0.008403361344537815,0.9915966386554622,0.9972222222222222,4.067226890756302,119,90.0
hiba,9,0.15,M3,24,False,1.0,1.0,0.0,1.0,1.0,4.8,10,10.0
hiba,9,0.15,marginal-M1,396,False,0.9411764705882353,,0.0,1.0,,3.9411764705882355,17,
hiba,9,0.15,marginal-M2,396,False,0.8487394957983193,,0.008403361344537815,0.9915966386554622,,3.6050420168067228,119,
hiba,9,0.15,marginal-M3,396,False,1.0,,0.0,1.0,,4.1,10,
pad,9,0.05,B,17,True,1.0,1.0,,1.0,1.0,6.583333333333333,24,22.0
pad,9,0.05,M1,23,False,1.0,1.0,0.0,1.0,1.0,7.3,30,17.0
pad,9,0.05,M2,157,False,0.98125,0.9791666666666666,0.0,1.0,1.0,7.3875,160,112.0
pad,9,0.05,M3,70,False,0.963855421686747,0.96,0.0,1.0,1.0,6.819277108433735,83,50.0
pad,9,0.05,M4,9,True,1.0,1.0,0.0,1.0,1.0,8.0,11,8.0
pad,9,0.05,M5,3,True,1.0,1.0,0.0,1.0,1.0,8.0,2,2.0
pad,9,0.05,marginal-M1,273,False,0.9333333333333333,,0.0,1.0,,3.933333333333333,30,
pad,9,0.05,marginal-M2,273,False,0.975,,0.0,1.0,,4.1625,160,
pad,9,0.05,marginal-M3,273,False,0.963855421686747,,0.0,1.0,,4.096385542168675,83,
pad,9,0.05,marginal-M4,273,False,0.9090909090909091,,0.0,1.0,,4.909090909090909,11,
pad,9,0.05,marginal-M5,273,False,1.0,,0.0,1.0,,3.0,2,
pad,9,0.1,B,17,False,0.9583333333333334,0.9545454545454546,,0.9583333333333334,0.9545454545454546,3.2916666666666665,24,22.0
pad,9,0.1,M1,23,False,0.9333333333333333,0.9215686274509803,0.0,1.0,1.0,3.9,30,17.0
pad,9,0.1,M2,157,False,0.9625,0.962797619047619,0.0,1.0,1.0,3.9375,160,112.0
pad,9,0.1,M3,70,False,0.8554216867469879,0.8708333333333335,0.0,1.0,1.0,3.325301204819277,83,50.0
pad,9,0.1,M4,9,False,0.45454545454545453,0.4791666666666667,0.09090909090909091,0.9090909090909091,0.9375,2.8181818181818183,11,8.0
pad,9,0.1,M5,3,True,1.0,1.0,0.0,1.0,1.0,5.0,2,2.0
pad,9,0.1,marginal-M1,273,False,0.9333333333333333,,0.0,1.0,,3.3,30,
pad,9,0.1,marginal-M2,273,False,0.925,,0.0,1.0,,3.48125,160,
pad,9,0.1,marginal-M3,273,False,0.9156626506024096,,0.0,1.0,,3.4096385542168677,83,
pad,9,0.1,marginal-M4,273,False,0.9090909090909091,,0.0,1.0,,4.090909090909091,11,
pad,9,0.1,marginal-M5,273,False,1.0,,0.0,1.0,,3.0,2,
pad,9,0.15,B,17,False,0.9583333333333334,0.9545454545454546,,0.9166666666666666,0.9090909090909091,2.75,24,22.0
pad,9,0.15,M1,23,False,0.9333333333333333,0.9215686274509803,0.0,1.0,1.0,2.933333333333333,30,17.0
pad,9,0.15,M2,157,False,0.91875,0.9196428571428571,0.0,1.0,1.0,3.05625,160,112.0
pad,9,0.15,M3,70,False,0.7590361445783133,0.7608333333333335,0.0,1.0,1.0,2.5903614457831323,83,50.0
pad,9,0.15,M4,9,False,0.45454545454545453,0.4791666666666667,0.0,1.0,1.0,2.0,11,8.0
pad,9,0.15,M5,3,True,1.0,1.0,0.0,1.0,1.0,5.0,2,2.0
pad,9,0.15,marginal-M1,273,False,0.8666666666666667,,0.0,1.0,,2.533333333333333,30,
pad,9,0.15,marginal-M2,273,False,0.86875,,0.0,1.0,,2.84375,160,
pad,9,0.15,marginal-M3,273,False,0.8192771084337349,,0.0,1.0,,2.8313253012048194,83,
pad,9,0.15,marginal-M4,273,False,0.8181818181818182,,0.0,1.0,,3.0,11,
pad,9,0.15,marginal-M5,273,False,0.0,,0.0,1.0,,1.5,2,
hiba,10,0.05,B,164,False,0.8947368421052632,0.8569819819819819,,1.0,1.0,5.230263157894737,152,74.0
hiba,10,0.05,M1,26,False,1.0,1.0,0.0,1.0,1.0,5.466666666666667,15,8.0
hiba,10,0.05,M2,218,False,0.9327731092436975,0.9587628865979382,0.0,1.0,1.0,5.697478991596639,119,97.0
hiba,10,0.05,M3,27,False,1.0,1.0,0.0,1.0,1.0,5.416666666666667,12,7.0
hiba,10,0.05,marginal-M1,396,False,1.0,,0.0,1.0,,5.533333333333333,15,
hiba,10,0.05,marginal-M2,396,False,0.9327731092436975,,0.0,1.0,,5.411764705882353,119,
hiba,10,0.05,marginal-M3,396,False,1.0,,0.0,1.0,,5.166666666666667,12,
hiba,10,0.1,B,164,False,0.868421052631579,0.8164414414414414,,0.9802631578947368,0.9707207207207208,3.848684210526316,152,74.0
hiba,10,0.1,M1,26,False,0.8666666666666667,0.9375,0.0,1.0,1.0,4.333333333333333,15,8.0
hiba,10,0.1,M2,218,False,0.907563025210084,0.9278350515463918,0.0,1.0,1.0,4.680672268907563,119,97.0
hiba,10,0.1,M3,27,False,0.9166666666666666,0.8571428571428571,0.0,1.0,1.0,4.333333333333333,12,7.0
hiba,10,0.1,marginal-M1,396,False,0.9333333333333333,,0.0,1.0,,4.266666666666667,15,
hiba,10,0.1,marginal-M2,396,False,0.907563025210084,,0.0,1.0,,4.4789915966386555,119,
hiba,10,0.1,marginal-M3,396,False,1.0,,0.0,1.0,,4.416666666666667,12,
hiba,10,0.15,B,164,False,0.8157894736842105,0.7635135135135134,,0.9276315789473685,0.9403153153153152,3.0197368421052633,152,74.0
hiba,10,0.15,M1,26,False,0.8,0.8125,0.0,1.0,1.0,3.466666666666667,15,8.0
hiba,10,0.15,M2,218,False,0.8823529411764706,0.8969072164948454,0.008403361344537815,0.9915966386554622,0.9974226804123711,3.80672268907563,119,97.0
hiba,10,0.15,M3,27,False,0.9166666666666666,0.8571428571428571,0.0,1.0,1.0,3.25,12,7.0
hiba,10,0.15,marginal-M1,396,False,0.8666666666666667,,0.0,1.0,,3.2,15,
hiba,10,0.15,marginal-M2,396,False,0.8823529411764706,,0.008403361344537815,0.9915966386554622,,3.4453781512605044,119,
hiba,10,0.15,marginal-M3,396,False,0.9166666666666666,,0.0,1.0,,3.4166666666666665,12,
pad,10,0.05,B,27,False,0.9166666666666666,0.9166666666666666,,1.0,1.0,4.333333333333333,12,12.0
pad,10,0.05,M1,27,False,0.9583333333333334,0.9615384615384616,0.0,1.0,1.0,4.0,24,13.0
pad,10,0.05,M2,155,False,0.9518072289156626,0.948830409356725,0.0,1.0,1.0,4.048192771084337,166,114.0
pad,10,0.05,M3,82,False,0.9833333333333333,0.9868421052631579,0.0,1.0,1.0,4.066666666666666,60,38.0
pad,10,0.05,M4,9,True,1.0,1.0,0.0,1.0,1.0,5.2727272727272725,11,8.0
pad,10,0.05,M5,2,True,1.0,1.0,0.0,1.0,1.0,4.666666666666667,3,3.0
pad,10,0.05,marginal-M1,294,False,0.9166666666666666,,0.0,1.0,,3.7083333333333335,24,
pad,10,0.05,marginal-M2,294,False,0.9457831325301205,,0.0,1.0,,4.006024096385542,166,
pad,10,0.05,marginal-M3,294,False,0.9833333333333333,,0.0,1.0,,3.9,60,
pad,10,0.05,marginal-M4,294,False,1.0,,0.0,1.0,,4.454545454545454,11,
pad,10,0.05,marginal-M5,294,False,1.0,,0.0,1.0,,3.0,3,
pad,10,0.1,B,27,False,0.9166666666666666,0.9166666666666666,,1.0,1.0,3.6666666666666665,12,12.0
pad,10,0.1,M1,27,False,0.9583333333333334,0.9615384615384616,0.0,1.0,1.0,3.4583333333333335,24,13.0
pad,10,0.1,M2,155,False,0.9337349397590361,0.9312865497076023,0.0,1.0,1.0,3.325301204819277,166,114.0
pad,10,0.1,M3,82,False,0.95,0.9473684210526315,0.0,1.0,1.0,2.85,60,38.0
pad,10,0.1,M4,9,False,1.0,1.0,0.0,1.0,1.0,4.090909090909091,11,8.0
pad,10,0.1,M5,2,True,1.0,1.0,0.0,1.0,1.0,4.0,3,3.0
pad,10,0.1,marginal-M1,294,False,0.8333333333333334,,0.0,1.0,,2.6666666666666665,24,
pad,10,0.1,marginal-M2,294,False,0.8734939759036144,,0.0,1.0,,3.2048192771084336,166,
pad,10,0.1,marginal-M3,294,False,0.95,,0.0,1.0,,3.1,60,
pad,10,0.1,marginal-M4,294,False,0.9090909090909091,,0.0,1.0,,3.4545454545454546,11,
pad,10,0.1,marginal-M5,294,False,1.0,,0.0,1.0,,2.6666666666666665,3,
pad,10,0.15,B,27,False,0.8333333333333334,0.8333333333333334,,1.0,1.0,3.25,12,12.0
pad,10,0.15,M1,27,False,0.8333333333333334,0.8076923076923077,0.0,1.0,1.0,2.4166666666666665,24,13.0
pad,10,0.15,M2,155,False,0.8313253012048193,0.8494152046783625,0.0,1.0,1.0,2.7048192771084336,166,114.0
pad,10,0.15,M3,82,False,0.9333333333333333,0.944078947368421,0.0,1.0,1.0,2.5833333333333335,60,38.0
pad,10,0.15,M4,9,False,1.0,1.0,0.0,1.0,1.0,4.090909090909091,11,8.0
pad,10,0.15,M5,2,True,1.0,1.0,0.0,1.0,1.0,4.0,3,3.0
pad,10,0.15,marginal-M1,294,False,0.8333333333333334,,0.0,1.0,,2.4583333333333335,24,
pad,10,0.15,marginal-M2,294,False,0.8313253012048193,,0.0,1.0,,2.86144578313253,166,
pad,10,0.15,marginal-M3,294,False,0.9,,0.0,1.0,,2.6666666666666665,60,
pad,10,0.15,marginal-M4,294,False,0.9090909090909091,,0.0,1.0,,2.909090909090909,11,
pad,10,0.15,marginal-M5,294,False,1.0,,0.0,1.0,,2.3333333333333335,3,
hiba,11,0.05,B,173,False,0.9814814814814815,0.9538461538461539,,1.0,1.0,5.469135802469136,162,65.0
hiba,11,0.05,M1,25,False,1.0,1.0,0.0,1.0,1.0,5.947368421052632,19,9.0
hiba,11,0.05,M2,216,False,0.9448818897637795,0.9444444444444444,0.0,1.0,1.0,6.511811023622047,127,99.0
hiba,11,0.05,M3,23,False,0.9166666666666666,0.9090909090909091,0.0,1.0,1.0,5.416666666666667,12,11.0
hiba,11,0.05,marginal-M1,396,False,1.0,,0.0,1.0,,6.157894736842105,19,
hiba,11,0.05,marginal-M2,396,False,0.9606299212598425,,0.0,1.0,,6.086614173228346,127,
hiba,11,0.05,marginal-M3,396,False,1.0,,0.0,1.0,,5.916666666666667,12,
hiba,11,0.1,B,173,False,0.9444444444444444,0.8923076923076924,,0.9259259259259259,0.9297680097680097,3.882716049382716,162,65.0
hiba,11,0.1,M1,25,False,0.7894736842105263,0.8703703703703703,0.0,1.0,1.0,4.157894736842105,19,9.0
hiba,11,0.1,M2,216,False,0.905511811023622,0.9065656565656566,0.0,1.0,1.0,4.866141732283465,127,99.0
hiba,11,0.1,M3,23,False,0.8333333333333334,0.8636363636363636,0.0,1.0,1.0,4.5,12,11.0
hiba,11,0.1,marginal-M1,396,False,1.0,,0.0,1.0,,4.526315789473684,19,
hiba,11,0.1,marginal-M2,396,False,0.937007874015748,,0.0,1.0,,4.929133858267717,127,
hiba,11,0.1,marginal-M3,396,False,0.9166666666666666,,0.0,1.0,,4.916666666666667,12,
hiba,11,0.15,B,173,False,0.9074074074074074,0.8347435897435898,,0.8580246913580247,0.8941086691086692,3.1604938271604937,162,65.0
hiba,11,0.15,M1,25,False,0.7894736842105263,0.8703703703703703,0.0,1.0,1.0,3.5789473684210527,19,9.0
hiba,11,0.15,M2,216,False,0.8740157480314961,0.8897306397306398,0.015748031496062992,0.984251968503937,0.9865319865319865,4.039370078740157,127,99.0
hiba,11,0.15,M3,23,False,0.8333333333333334,0.8636363636363636,0.0,1.0,1.0,3.75,12,11.0
hiba,11,0.15,marginal-M1,396,False,0.8421052631578947,,0.05263157894736842,0.9473684210526315,,3.3684210526315788,19,
hiba,11,0.15,marginal-M2,396,False,0.905511811023622,,0.0,1.0,,4.015748031496063,127,
hiba,11,0.15,marginal-M3,396,False,0.8333333333333334,,0.0,1.0,,4.0,12,
pad,11,0.05,B,23,False,1.0,1.0,,1.0,1.0,4.9375,16,16.0
pad,11,0.05,M1,27,False,1.0,1.0,0.0,1.0,1.0,4.588235294117647,17,13.0
pad,11,0.05,M2,158,False,0.9814814814814815,0.9774774774774775,0.0,1.0,1.0,4.253086419753086,162,111.0
pad,11,0.05,M3,76,False,0.9733333333333334,0.9659090909090909,0.0,1.0,1.0,4.16,75,44.0
pad,11,0.05,M4,7,True,1.0,1.0,0.0,1.0,1.0,5.25,12,10.0
pad,11,0.05,M5,3,True,1.0,1.0,0.0,1.0,1.0,5.0,2,2.0
pad,11,0.05,marginal-M1,287,False,1.0,,0.0,1.0,,4.529411764705882,17,
pad,11,0.05,marginal-M2,287,False,0.9814814814814815,,0.0,1.0,,4.302469135802469,162,
pad,11,0.05,marginal-M3,287,False,0.9733333333333334,,0.0,1.0,,4.2,75,
pad,11,0.05,marginal-M4,287,False,0.9166666666666666,,0.0,1.0,,4.666666666666667,12,
pad,11,0.05,marginal-M5,287,False,1.0,,0.0,1.0,,4.5,2,
pad,11,0.1,B,23,False,1.0,1.0,,0.9375,0.9375,4.75,16,16.0
pad,11,0.1,M1,27,False,1.0,1.0,0.0,1.0,1.0,4.470588235294118,17,13.0
pad,11,0.1,M2,158,False,0.9382716049382716,0.9294294294294293,0.0,1.0,1.0,3.8271604938271606,162,111.0
pad,11,0.1,M3,76,False,0.92,0.9242424242424243,0.0,1.0,1.0,3.48,75,44.0
pad,11,0.1,M4,7,True,1.0,1.0,0.0,1.0,1.0,5.166666666666667,12,10.0
pad,11,0.1,M5,3,True,1.0,1.0,0.0,1.0,1.0,5.0,2,2.0
pad,11,0.1,marginal-M1,287,False,1.0,,0.0,1.0,,3.6470588235294117,17,
pad,11,0.1,marginal-M2,287,False,0.9320987654320988,,0.0,1.0,,3.5617283950617282,162,
pad,11,0.1,marginal-M3,287,False,0.96,,0.0,1.0,,3.5733333333333333,75,
pad,11,0.1,marginal-M4,287,False,0.9166666666666666,,0.0,1.0,,3.9166666666666665,12,
pad,11,0.1,marginal-M5,287,False,1.0,,0.0,1.0,,4.0,2,
pad,11,0.15,B,23,False,1.0,1.0,,0.9375,0.9375,3.5625,16,16.0
pad,11,0.15,M1,27,False,1.0,1.0,0.0,1.0,1.0,3.588235294117647,17,13.0
pad,11,0.15,M2,158,False,0.8888888888888888,0.8903903903903904,0.0,1.0,1.0,2.9691358024691357,162,111.0
pad,11,0.15,M3,76,False,0.8933333333333333,0.8986742424242425,0.0,1.0,1.0,2.92,75,44.0
pad,11,0.15,M4,7,False,0.75,0.7666666666666667,0.0,1.0,1.0,2.5833333333333335,12,10.0
pad,11,0.15,M5,3,True,1.0,1.0,0.0,1.0,1.0,4.0,2,2.0
pad,11,0.15,marginal-M1,287,False,0.8823529411764706,,0.0,1.0,,2.588235294117647,17,
pad,11,0.15,marginal-M2,287,False,0.808641975308642,,0.0,1.0,,2.6419753086419755,162,
pad,11,0.15,marginal-M3,287,False,0.84,,0.0,1.0,,2.7866666666666666,75,
pad,11,0.15,marginal-M4,287,False,0.8333333333333334,,0.0,1.0,,2.9166666666666665,12,
pad,11,0.15,marginal-M5,287,False,1.0,,0.0,1.0,,2.5,2,
hiba,12,0.05,B,155,False,0.981651376146789,0.9608433734939759,,1.0,1.0,5.206422018348624,218,83.0
hiba,12,0.05,M1,25,False,1.0,1.0,0.0,1.0,1.0,6.466666666666667,15,9.0
hiba,12,0.05,M2,230,False,0.9611650485436893,0.9794117647058823,0.0,1.0,1.0,6.592233009708738,103,85.0
hiba,12,0.05,M3,23,False,0.9285714285714286,0.9090909090909091,0.0,1.0,1.0,6.285714285714286,14,11.0
hiba,12,0.05,marginal-M1,396,False,1.0,,0.0,1.0,,6.466666666666667,15,
hiba,12,0.05,marginal-M2,396,False,0.970873786407767,,0.0,1.0,,6.184466019417476,103,
hiba,12,0.05,marginal-M3,396,False,1.0,,0.0,1.0,,6.785714285714286,14,
hiba,12,0.1,B,155,False,0.9587155963302753,0.9367469879518072,,0.9908256880733946,0.9986219387353334,4.018348623853211,218,83.0
hiba,12,0.1,M1,25,False,1.0,1.0,0.0,1.0,1.0,5.6,15,9.0
hiba,12,0.1,M2,230,False,0.9223300970873787,0.95,0.009708737864077669,0.9902912621359223,0.9941176470588236,5.339805825242719,103,85.0
hiba,12,0.1,M3,23,False,0.9285714285714286,0.9090909090909091,0.0,1.0,1.0,5.357142857142857,14,11.0
hiba,12,0.1,marginal-M1,396,False,1.0,,0.0,1.0,,4.866666666666666,15,
hiba,12,0.1,marginal-M2,396,False,0.9320388349514563,,0.009708737864077669,0.9902912621359223,,4.864077669902913,103,
hiba,12,0.1,marginal-M3,396,False,0.9285714285714286,,0.0,1.0,,5.571428571428571,14,
hiba,12,0.15,B,155,False,0.9403669724770642,0.9126506024096386,,0.8394495412844036,0.9349105103888945,2.9220183486238533,218,83.0
hiba,12,0.15,M1,25,False,1.0,1.0,0.0,1.0,1.0,4.266666666666667,15,9.0
hiba,12,0.15,M2,230,False,0.8737864077669902,0.9029411764705882,0.019417475728155338,0.9805825242718447,0.9882352941176471,4.174757281553398,103,85.0
hiba,12,0.15,M3,23,False,0.9285714285714286,0.9090909090909091,0.0,1.0,1.0,4.571428571428571,14,11.0
hiba,12,0.15,marginal-M1,396,False,1.0,,0.0,1.0,,4.0,15,
hiba,12,0.15,marginal-M2,396,False,0.883495145631068,,0.019417475728155338,0.9805825242718447,,3.9611650485436893,103,
hiba,12,0.15,marginal-M3,396,False,0.9285714285714286,,0.0,1.0,,4.428571428571429,14,
pad,12,0.05,B,32,False,1.0,1.0,,1.0,1.0,3.6666666666666665,9,7.0
pad,12,0.05,M1,24,False,0.9642857142857143,0.96875,0.0,1.0,1.0,4.214285714285714,28,16.0
pad,12,0.05,M2,168,False,0.9726027397260274,0.9834983498349834,0.0,1.0,1.0,4.376712328767123,146,101.0
pad,12,0.05,M3,75,False,0.9710144927536232,0.9666666666666667,0.0,1.0,1.0,4.130434782608695,69,45.0
pad,12,0.05,M4,9,True,1.0,1.0,0.0,1.0,1.0,5.2727272727272725,11,8.0
pad,12,0.05,M5,3,True,1.0,1.0,0.0,1.0,1.0,5.0,3,2.0
pad,12,0.05,marginal-M1,299,False,0.9285714285714286,,0.0,1.0,,4.0,28,
pad,12,0.05,marginal-M2,299,False,0.9657534246575342,,0.0,1.0,,4.205479452054795,146,
pad,12,0.05,marginal-M3,299,False,0.9710144927536232,,0.0,1.0,,4.0144927536231885,69,
pad,12,0.05,marginal-M4,299,False,1.0,,0.0,1.0,,4.818181818181818,11,
pad,12,0.05,marginal-M5,299,False,1.0,,0.0,1.0,,3.3333333333333335,3,
pad,12,0.1,B,32,False,1.0,1.0,,1.0,1.0,3.2222222222222223,9,7.0
pad,12,0.1,M1,24,False,0.9642857142857143,0.96875,0.0,1.0,1.0,3.4642857142857144,28,16.0
pad,12,0.1,M2,168,False,0.9246575342465754,0.9257425742574258,0.0,1.0,1.0,3.4452054794520546,146,101.0
pad,12,0.1,M3,75,False,0.9420289855072463,0.9333333333333333,0.0,1.0,1.0,3.0579710144927534,69,45.0
pad,12,0.1,M4,9,False,1.0,1.0,0.0,1.0,1.0,4.2727272727272725,11,8.0
pad,12,0.1,M5,3,True,1.0,1.0,0.0,1.0,1.0,4.666666666666667,3,2.0
pad,12,0.1,marginal-M1,299,False,0.8571428571428571,,0.0,1.0,,3.0714285714285716,28,
pad,12,0.1,marginal-M2,299,False,0.8767123287671232,,0.0,1.0,,3.3904109589041096,146,
pad,12,0.1,marginal-M3,299,False,0.9420289855072463,,0.0,1.0,,3.260869565217391,69,
pad,12,0.1,marginal-M4,299,False,1.0,,0.0,1.0,,3.5454545454545454,11,
pad,12,0.1,marginal-M5,299,False,0.6666666666666666,,0.0,1.0,,2.0,3,
pad,12,0.15,B,32,False,0.8888888888888888,0.8571428571428571,,0.7777777777777778,0.9047619047619048,2.7777777777777777,9,7.0
pad,12,0.15,M1,24,False,0.9285714285714286,0.9479166666666666,0.0,1.0,1.0,3.3214285714285716,28,16.0
pad,12,0.15,M2,168,False,0.8561643835616438,0.8679867986798679,0.0,1.0,1.0,2.8904109589041096,146,101.0
pad,12,0.15,M3,75,False,0.8840579710144928,0.875,0.0,1.0,1.0,2.753623188405797,69,45.0
pad,12,0.15,M4,9,False,1.0,1.0,0.0,1.0,1.0,4.2727272727272725,11,8.0
pad,12,0.15,M5,3,True,1.0,1.0,0.0,1.0,1.0,4.666666666666667,3,2.0
pad,12,0.15,marginal-M1,299,False,0.8571428571428571,,0.0,1.0,,2.6785714285714284,28,
pad,12,0.15,marginal-M2,299,False,0.8493150684931506,,0.0,1.0,,2.9657534246575343,146,
pad,12,0.15,marginal-M3,299,False,0.8840579710144928,,0.0,1.0,,2.9130434782608696,69,
pad,12,0.15,marginal-M4,299,False,1.0,,0.0,1.0,,3.0,11,
pad,12,0.15,marginal-M5,299,False,0.3333333333333333,,0.0,1.0,,1.3333333333333333,3,
hiba,13,0.05,B,166,False,0.9901960784313726,0.9861111111111112,,1.0,1.0,6.147058823529412,102,72.0
hiba,13,0.05,M1,27,False,1.0,1.0,0.0,1.0,1.0,6.333333333333333,12,7.0
hiba,13,0.05,M2,216,False,0.967741935483871,0.9772727272727273,0.0,1.0,1.0,6.774193548387097,124,99.0
hiba,13,0.05,M3,25,False,1.0,1.0,0.0,1.0,1.0,6.777777777777778,9,9.0
hiba,13,0.05,marginal-M1,396,False,1.0,,0.0,1.0,,6.416666666666667,12,
hiba,13,0.05,marginal-M2,396,False,0.9919354838709677,,0.0,1.0,,6.282258064516129,124,
hiba,13,0.05,marginal-M3,396,False,1.0,,0.0,1.0,,6.777777777777778,9,
hiba,13,0.1,B,166,False,0.9117647058823529,0.9074074074074073,,0.9803921568627451,0.9814814814814815,3.823529411764706,102,72.0
hiba,13,0.1,M1,27,False,0.75,0.8333333333333334,0.0,1.0,1.0,3.75,12,7.0
hiba,13,0.1,M2,216,False,0.9032258064516129,0.9015151515151515,0.0,1.0,1.0,4.870967741935484,124,99.0
hiba,13,0.1,M3,25,False,1.0,1.0,0.0,1.0,1.0,5.111111111111111,9,9.0
hiba,13,0.1,marginal-M1,396,False,1.0,,0.0,1.0,,4.666666666666667,12,
hiba,13,0.1,marginal-M2,396,False,0.9274193548387096,,0.0,1.0,,4.959677419354839,124,
hiba,13,0.1,marginal-M3,396,False,1.0,,0.0,1.0,,5.111111111111111,9,
hiba,13,0.15,B,166,False,0.8627450980392157,0.8483796296296295,,0.9215686274509803,0.9467592592592593,3.284313725490196,102,72.0
hiba,13,0.15,M1,27,False,0.75,0.8333333333333334,0.08333333333333333,0.9166666666666666,0.9285714285714286,3.3333333333333335,12,7.0
hiba,13,0.15,M2,216,False,0.8467741935483871,0.851010101010101,0.016129032258064516,0.9838709677419355,0.9873737373737373,4.056451612903226,124,99.0
hiba,13,0.15,M3,25,False,1.0,1.0,0.0,1.0,1.0,4.777777777777778,9,9.0
hiba,13,0.15,marginal-M1,396,False,0.8333333333333334,,0.08333333333333333,0.9166666666666666,,3.0833333333333335,12,
hiba,13,0.15,marginal-M2,396,False,0.8870967741935484,,0.008064516129032258,0.9919354838709677,,3.903225806451613,124,
hiba,13,0.15,marginal-M3,396,False,1.0,,0.0,1.0,,4.555555555555555,9,
pad,13,0.05,B,18,True,1.0,1.0,,1.0,1.0,6.222222222222222,27,21.0
pad,13,0.05,M1,23,False,0.9615384615384616,0.9411764705882353,0.0,1.0,1.0,7.384615384615385,26,17.0
pad,13,0.05,M2,166,False,0.972972972972973,0.9741100323624596,0.0,1.0,1.0,7.148648648648648,148,103.0
pad,13,0.05,M3,74,False,0.9333333333333333,0.9239130434782609,0.0,1.0,1.0,6.8533333333333335,75,46.0
pad,13,0.05,M4,10,True,1.0,1.0,0.0,1.0,1.0,8.0,9,7.0
pad,13,0.05,M5,2,True,1.0,1.0,0.0,1.0,1.0,8.0,4,3.0
pad,13,0.05,marginal-M1,283,False,0.9230769230769231,,0.0,1.0,,4.0,26,
pad,13,0.05,marginal-M2,283,False,0.9121621621621622,,0.0,1.0,,3.6824324324324325,148,
pad,13,0.05,marginal-M3,283,False,0.9466666666666667,,0.0,1.0,,3.92,75,
pad,13,0.05,marginal-M4,283,False,1.0,,0.0,1.0,,4.555555555555555,9,
pad,13,0.05,marginal-M5,283,False,1.0,,0.0,1.0,,3.25,4,
pad,13,0.1,B,18,False,1.0,1.0,,0.9629629629629629,0.9523809523809523,3.4814814814814814,27,21.0
pad,13,0.1,M1,23,False,0.9230769230769231,0.9215686274509803,0.0,1.0,1.0,4.346153846153846,26,17.0
pad,13,0.1,M2,166,False,0.8986486486486487,0.8996763754045306,0.0,1.0,1.0,3.7432432432432434,148,103.0
pad,13,0.1,M3,74,False,0.8666666666666667,0.8559782608695652,0.0,1.0,1.0,3.48,75,46.0
pad,13,0.1,M4,10,False,1.0,1.0,0.0,1.0,1.0,5.0,9,7.0
pad,13,0.1,M5,2,True,1.0,1.0,0.0,1.0,1.0,4.75,4,3.0
pad,13,0.1,marginal-M1,283,False,0.9230769230769231,,0.0,1.0,,3.423076923076923,26,
pad,13,0.1,marginal-M2,283,False,0.8783783783783784,,0.0,1.0,,3.2837837837837838,148,
pad,13,0.1,marginal-M3,283,False,0.9333333333333333,,0.0,1.0,,3.533333333333333,75,
pad,13,0.1,marginal-M4,283,False,1.0,,0.0,1.0,,4.0,9,
pad,13,0.1,marginal-M5,283,False,0.75,,0.0,1.0,,2.5,4,
pad,13,0.15,B,18,False,0.8518518518518519,0.8095238095238095,,0.8888888888888888,0.9206349206349206,2.7777777777777777,27,21.0
pad,13,0.15,M1,23,False,0.9230769230769231,0.9215686274509803,0.0,1.0,1.0,3.423076923076923,26,17.0
pad,13,0.15,M2,166,False,0.8513513513513513,0.8592233009708737,0.0,1.0,1.0,2.75,148,103.0
pad,13,0.15,M3,74,False,0.84,0.8233695652173914,0.0,1.0,1.0,2.7866666666666666,75,46.0
pad,13,0.15,M4,10,False,1.0,1.0,0.0,1.0,1.0,4.333333333333333,9,7.0
pad,13,0.15,M5,2,True,1.0,1.0,0.0,1.0,1.0,4.0,4,3.0
pad,13,0.15,marginal-M1,283,False,0.8846153846153846,,0.0,1.0,,2.8461538461538463,26,
pad,13,0.15,marginal-M2,283,False,0.8108108108108109,,0.0,1.0,,2.5945945945945947,148,
pad,13,0.15,marginal-M3,283,False,0.8533333333333334,,0.0,1.0,,2.933333333333333,75,
pad,13,0.15,marginal-M4,283,False,1.0,,0.0,1.0,,3.4444444444444446,9,
pad,13,0.15,marginal-M5,283,False,0.75,,0.0,1.0,,1.5,4,
hiba,14,0.05,B,167,False,0.9540816326530612,0.8873239436619719,,1.0,1.0,4.663265306122449,196,71.0
hiba,14,0.05,M1,19,False,1.0,1.0,0.0,1.0,1.0,5.5,22,15.0
hiba,14,0.05,M2,222,False,0.952,0.9489247311827957,0.0,1.0,1.0,5.824,125,93.0
hiba,14,0.05,M3,24,False,0.9090909090909091,0.9,0.0,1.0,1.0,5.636363636363637,11,10.0
hiba,14,0.05,marginal-M1,396,False,1.0,,0.0,1.0,,5.590909090909091,22,
hiba,14,0.05,marginal-M2,396,False,0.952,,0.0,1.0,,5.288,125,
hiba,14,0.05,marginal-M3,396,False,0.9090909090909091,,0.0,1.0,,5.454545454545454,11,
hiba,14,0.1,B,167,False,0.9336734693877551,0.8474178403755869,,0.923469387755102,0.9435949027498323,3.372448979591837,196,71.0
hiba,14,0.1,M1,19,False,0.5909090909090909,0.6888888888888889,0.0,1.0,1.0,3.6363636363636362,22,15.0
hiba,14,0.1,M2,222,False,0.92,0.9247311827956989,0.016,0.984,0.989247311827957,4.76,125,93.0
hiba,14,0.1,M3,24,False,0.8181818181818182,0.85,0.0,1.0,1.0,4.545454545454546,11,10.0
hiba,14,0.1,marginal-M1,396,False,0.9545454545454546,,0.0,1.0,,3.9545454545454546,22,
hiba,14,0.1,marginal-M2,396,False,0.92,,0.016,0.984,,4.536,125,
hiba,14,0.1,marginal-M3,396,False,0.9090909090909091,,0.0,1.0,,4.7272727272727275,11,
hiba,14,0.15,B,167,False,0.9030612244897959,0.7863849765258215,,0.7397959183673469,0.8913816230717638,2.607142857142857,196,71.0
hiba,14,0.15,M1,19,False,0.5454545454545454,0.6222222222222221,0.13636363636363635,0.8636363636363636,0.8777777777777778,2.6818181818181817,22,15.0
hiba,14,0.15,M2,222,False,0.896,0.9032258064516129,0.016,0.984,0.989247311827957,3.912,125,93.0
hiba,14,0.15,M3,24,False,0.8181818181818182,0.85,0.0,1.0,1.0,3.0,11,10.0
hiba,14,0.15,marginal-M1,396,False,0.8181818181818182,,0.045454545454545456,0.9545454545454546,,3.0454545454545454,22,
hiba,14,0.15,marginal-M2,396,False,0.896,,0.016,0.984,,3.648,125,
hiba,14,0.15,marginal-M3,396,False,0.8181818181818182,,0.0,1.0,,3.5454545454545454,11,
pad,14,0.05,B,19,False,1.0,1.0,,1.0,1.0,4.0,23,20.0
pad,14,0.05,M1,22,False,0.9032258064516129,0.8611111111111112,0.0,1.0,1.0,3.774193548387097,31,18.0
pad,14,0.05,M2,151,False,0.9482758620689655,0.9378531073446327,0.0,1.0,1.0,4.063218390804598,174,118.0
pad,14,0.05,M3,76,False,0.9855072463768116,0.9772727272727273,0.0,1.0,1.0,4.333333333333333,69,44.0
pad,14,0.05,M4,5,True,1.0,1.0,0.0,1.0,1.0,5.333333333333333,15,12.0
pad,14,0.05,M5,1,True,1.0,1.0,0.0,1.0,1.0,5.0,5,4.0
pad,14,0.05,marginal-M1,266,False,0.8709677419354839,,0.0,1.0,,3.5806451612903225,31,
pad,14,0.05,marginal-M2,266,False,0.9252873563218391,,0.0,1.0,,3.793103448275862,174,
pad,14,0.05,marginal-M3,266,False,0.9855072463768116,,0.0,1.0,,3.9130434782608696,69,
pad,14,0.05,marginal-M4,266,False,1.0,,0.0,1.0,,4.066666666666666,15,
pad,14,0.05,marginal-M5,266,False,1.0,,0.0,1.0,,3.6,5,
pad,14,0.1,B,19,False,0.9565217391304348,0.95,,0.9130434782608695,0.9,3.4782608695652173,23,20.0
pad,14,0.1,M1,22,False,0.8387096774193549,0.8194444444444444,0.0,1.0,1.0,2.6774193548387095,31,18.0
pad,14,0.1,M2,151,False,0.8505747126436781,0.8305084745762712,0.0,1.0,1.0,2.9310344827586206,174,118.0
pad,14,0.1,M3,76,False,0.9565217391304348,0.9469696969696971,0.0,1.0,1.0,3.217391304347826,69,44.0
pad,14,0.1,M4,5,True,1.0,1.0,0.0,1.0,1.0,4.6,15,12.0
pad,14,0.1,M5,1,True,1.0,1.0,0.0,1.0,1.0,4.4,5,4.0
pad,14,0.1,marginal-M1,266,False,0.8387096774193549,,0.0,1.0,,3.0,31,
pad,14,0.1,marginal-M2,266,False,0.8735632183908046,,0.0,1.0,,3.1839080459770117,174,
pad,14,0.1,marginal-M3,266,False,0.9565217391304348,,0.0,1.0,,3.36231884057971,69,
pad,14,0.1,marginal-M4,266,False,0.9333333333333333,,0.0,1.0,,3.2666666666666666,15,
pad,14,0.1,marginal-M5,266,False,0.8,,0.0,1.0,,2.4,5,
pad,14,0.15,B,19,False,0.9565217391304348,0.95,,0.9130434782608695,0.9,3.217391304347826,23,20.0
pad,14,0.15,M1,22,False,0.7741935483870968,0.7777777777777778,0.0,1.0,1.0,2.225806451612903,31,18.0
pad,14,0.15,M2,151,False,0.8218390804597702,0.8059927360774819,0.0,1.0,1.0,2.6839080459770117,174,118.0
pad,14,0.15,M3,76,False,0.8695652173913043,0.8219696969696971,0.0,1.0,1.0,2.8405797101449277,69,44.0
pad,14,0.15,M4,5,True,1.0,1.0,0.0,1.0,1.0,4.6,15,12.0
pad,14,0.15,M5,1,True,1.0,1.0,0.0,1.0,1.0,4.4,5,4.0
pad,14,0.15,marginal-M1,266,False,0.8064516129032258,,0.0,1.0,,2.4838709677419355,31,
pad,14,0.15,marginal-M2,266,False,0.8103448275862069,,0.0,1.0,,2.632183908045977,174,
pad,14,0.15,marginal-M3,266,False,0.8840579710144928,,0.0,1.0,,2.869565217391304,69,
pad,14,0.15,marginal-M4,266,False,0.9333333333333333,,0.0,1.0,,2.8,15,
pad,14,0.15,marginal-M5,266,False,0.6,,0.0,1.0,,1.8,5,
hiba,15,0.05,B,176,False,0.9838709677419355,0.967741935483871,,1.0,1.0,5.709677419354839,124,62.0
hiba,15,0.05,M1,26,False,1.0,1.0,0.0,1.0,1.0,6.3,20,8.0
hiba,15,0.05,M2,212,False,0.968503937007874,0.9684466019417476,0.0,1.0,1.0,6.15748031496063,127,103.0
hiba,15,0.05,M3,21,False,1.0,1.0,0.0,1.0,1.0,6.25,16,13.0
hiba,15,0.05,marginal-M1,396,False,1.0,,0.0,1.0,,6.2,20,
hiba,15,0.05,marginal-M2,396,False,0.9763779527559056,,0.0,1.0,,5.866141732283465,127,
hiba,15,0.05,marginal-M3,396,False,1.0,,0.0,1.0,,6.0,16,
hiba,15,0.1,B,176,False,0.9435483870967742,0.9301075268817204,,0.9838709677419355,0.9981024667931689,3.774193548387097,124,62.0
hiba,15,0.1,M1,26,False,0.9,0.9166666666666666,0.0,1.0,1.0,4.1,20,8.0
hiba,15,0.1,M2,212,False,0.937007874015748,0.9441747572815534,0.023622047244094488,0.9763779527559056,0.9805825242718447,4.692913385826771,127,103.0
hiba,15,0.1,M3,21,False,1.0,1.0,0.0,1.0,1.0,4.75,16,13.0
hiba,15,0.1,marginal-M1,396,False,1.0,,0.0,1.0,,4.75,20,
hiba,15,0.1,marginal-M2,396,False,0.952755905511811,,0.007874015748031496,0.9921259842519685,,4.661417322834645,127,
hiba,15,0.1,marginal-M3,396,False,1.0,,0.0,1.0,,5.1875,16,
hiba,15,0.15,B,176,False,0.8790322580645161,0.825268817204301,,0.9032258064516129,0.9668722327640734,2.9193548387096775,124,62.0
hiba,15,0.15,M1,26,False,0.75,0.725,0.0,1.0,1.0,3.2,20,8.0
hiba,15,0.15,M2,212,False,0.8740157480314961,0.8859223300970874,0.03937007874015748,0.9606299212598425,0.9684466019417476,3.6929133858267718,127,103.0
hiba,15,0.15,M3,21,False,1.0,1.0,0.0,1.0,1.0,4.375,16,13.0
hiba,15,0.15,marginal-M1,396,False,0.9,,0.05,0.95,,3.4,20,
hiba,15,0.15,marginal-M2,396,False,0.8976377952755905,,0.023622047244094488,0.9763779527559056,,3.6141732283464565,127,
hiba,15,0.15,marginal-M3,396,False,1.0,,0.0,1.0,,4.0,16,
pad,15,0.05,B,22,False,1.0,1.0,,1.0,1.0,4.1,20,17.0
pad,15,0.05,M1,29,False,0.9333333333333333,0.9545454545454546,0.0,1.0,1.0,4.133333333333334,15,11.0
pad,15,0.05,M2,157,False,0.9451219512195121,0.9449404761904762,0.0,1.0,1.0,4.146341463414634,164,112.0
pad,15,0.05,M3,69,False,0.9117647058823529,0.9166666666666666,0.0,1.0,1.0,3.6323529411764706,68,51.0
pad,15,0.05,M4,11,True,1.0,1.0,0.0,1.0,1.0,5.666666666666667,6,6.0
pad,15,0.05,M5,2,True,1.0,1.0,0.0,1.0,1.0,4.75,4,3.0
pad,15,0.05,marginal-M1,280,False,0.8666666666666667,,0.0,1.0,,3.7333333333333334,15,
pad,15,0.05,marginal-M2,280,False,0.9451219512195121,,0.0,1.0,,4.103658536585366,164,
pad,15,0.05,marginal-M3,280,False,0.9705882352941176,,0.0,1.0,,3.985294117647059,68,
pad,15,0.05,marginal-M4,280,False,0.8333333333333334,,0.0,1.0,,4.666666666666667,6,
pad,15,0.05,marginal-M5,280,False,1.0,,0.0,1.0,,3.25,4,
pad,15,0.1,B,22,False,0.75,0.7058823529411765,,0.95,0.9411764705882353,2.5,20,17.0
pad,15,0.1,M1,29,False,0.8666666666666667,0.8636363636363636,0.0,1.0,1.0,2.933333333333333,15,11.0
pad,15,0.1,M2,157,False,0.9085365853658537,0.900297619047619,0.0,1.0,1.0,3.1463414634146343,164,112.0
pad,15,0.1,M3,69,False,0.7941176470588235,0.803921568627451,0.0,1.0,1.0,2.661764705882353,68,51.0
pad,15,0.1,M4,11,False,0.5,0.5,0.0,1.0,1.0,2.6666666666666665,6,6.0
pad,15,0.1,M5,2,True,1.0,1.0,0.0,1.0,1.0,4.0,4,3.0
pad,15,0.1,marginal-M1,280,False,0.7333333333333333,,0.0,1.0,,2.533333333333333,15,
pad,15,0.1,marginal-M2,280,False,0.8841463414634146,,0.0,1.0,,3.268292682926829,164,
pad,15,0.1,marginal-M3,280,False,0.8529411764705882,,0.0,1.0,,3.1323529411764706,68,
pad,15,0.1,marginal-M4,280,False,0.6666666666666666,,0.0,1.0,,3.5,6,
pad,15,0.1,marginal-M5,280,False,0.75,,0.0,1.0,,2.0,4,
pad,15,0.15,B,22,False,0.75,0.7058823529411765,,0.9,0.8823529411764706,2.3,20,17.0
pad,15,0.15,M1,29,False,0.7333333333333333,0.7727272727272727,0.0,1.0,1.0,2.4,15,11.0
pad,15,0.15,M2,157,False,0.8597560975609756,0.8586309523809524,0.0,1.0,1.0,2.7621951219512195,164,112.0
pad,15,0.15,M3,69,False,0.7205882352941176,0.7303921568627451,0.0,1.0,1.0,2.3970588235294117,68,51.0
pad,15,0.15,M4,11,False,0.5,0.5,0.0,1.0,1.0,2.6666666666666665,6,6.0
pad,15,0.15,M5,2,True,1.0,1.0,0.0,1.0,1.0,4.0,4,3.0
pad,15,0.15,marginal-M1,280,False,0.7333333333333333,,0.0,1.0,,2.2,15,
pad,15,0.15,marginal-M2,280,False,0.8414634146341463,,0.0,1.0,,2.817073170731707,164,
pad,15,0.15,marginal-M3,280,False,0.7941176470588235,,0.0,1.0,,2.764705882352941,68,
pad,15,0.15,marginal-M4,280,False,0.6666666666666666,,0.0,1.0,,3.1666666666666665,6,
pad,15,0.15,marginal-M5,280,False,0.75,,0.0,1.0,,1.5,4,
hiba,16,0.05,B,170,False,0.9722222222222222,0.9227941176470589,,1.0,1.0,5.064814814814815,216,68.0
hiba,16,0.05,M1,23,False,1.0,1.0,0.0,1.0,1.0,6.2272727272727275,22,11.0
hiba,16,0.05,M2,220,False,0.8503937007874016,0.8578947368421053,0.0,1.0,1.0,5.881889763779528,127,95.0
hiba,16,0.05,M3,24,False,1.0,1.0,0.0,1.0,1.0,6.6,10,10.0
hiba,16,0.05,marginal-M1,396,False,1.0,,0.0,1.0,,5.409090909090909,22,
hiba,16,0.05,marginal-M2,396,False,0.8818897637795275,,0.0,1.0,,5.21259842519685,127,
hiba,16,0.05,marginal-M3,396,False,1.0,,0.0,1.0,,5.8,10,
hiba,16,0.1,B,170,False,0.9398148148148148,0.8683823529411764,,0.9212962962962963,0.908578431372549,3.2083333333333335,216,68.0
hiba,16,0.1,M1,23,False,1.0,1.0,0.0,1.0,1.0,5.0,22,11.0
hiba,16,0.1,M2,220,False,0.8267716535433071,0.8263157894736842,0.007874015748031496,0.9921259842519685,0.9947368421052631,4.275590551181103,127,95.0
hiba,16,0.1,M3,24,False,1.0,1.0,0.0,1.0,1.0,5.0,10,10.0
hiba,16,0.1,marginal-M1,396,False,1.0,,0.0,1.0,,4.045454545454546,22,
hiba,16,0.1,marginal-M2,396,False,0.84251968503937,,0.007874015748031496,0.9921259842519685,,4.196850393700787,127,
hiba,16,0.1,marginal-M3,396,False,1.0,,0.0,1.0,,4.2,10,
hiba,16,0.15,B,170,False,0.9305555555555556,0.8628676470588235,,0.8379629629629629,0.8948704481792716,2.7037037037037037,216,68.0
hiba,16,0.15,M1,23,False,1.0,1.0,0.0,1.0,1.0,4.363636363636363,22,11.0
hiba,16,0.15,M2,220,False,0.7322834645669292,0.7368421052631579,0.031496062992125984,0.968503937007874,0.9833333333333333,3.716535433070866,127,95.0
hiba,16,0.15,M3,24,False,1.0,1.0,0.0,1.0,1.0,4.3,10,10.0
hiba,16,0.15,marginal-M1,396,False,1.0,,0.0,1.0,,3.090909090909091,22,
hiba,16,0.15,marginal-M2,396,False,0.8110236220472441,,0.007874015748031496,0.9921259842519685,,3.409448818897638,127,
hiba,16,0.15,marginal-M3,396,False,1.0,,0.0,1.0,,3.4,10,
pad,16,0.05,B,16,True,1.0,1.0,,1.0,1.0,6.153846153846154,26,23.0
pad,16,0.05,M1,26,False,1.0,1.0,0.0,1.0,1.0,7.545454545454546,22,14.0
pad,16,0.05,M2,163,False,0.9295774647887324,0.9355345911949685,0.0,1.0,1.0,6.852112676056338,142,106.0
pad,16,0.05,M3,76,False,0.9836065573770492,0.9772727272727273,0.0,1.0,1.0,7.147540983606557,61,44.0
pad,16,0.05,M4,8,True,1.0,1.0,0.0,1.0,1.0,8.0,11,9.0
pad,16,0.05,M5,3,True,1.0,1.0,0.0,1.0,1.0,8.0,3,2.0
pad,16,0.05,marginal-M1,286,False,0.9545454545454546,,0.0,1.0,,4.2272727272727275,22,
pad,16,0.05,marginal-M2,286,False,0.9366197183098591,,0.0,1.0,,4.147887323943662,142,
pad,16,0.05,marginal-M3,286,False,0.9836065573770492,,0.0,1.0,,4.131147540983607,61,
pad,16,0.05,marginal-M4,286,False,1.0,,0.0,1.0,,4.7272727272727275,11,
pad,16,0.05,marginal-M5,286,False,1.0,,0.0,1.0,,2.0,3,
pad,16,0.1,B,16,False,0.9615384615384616,0.9565217391304348,,1.0,1.0,3.6538461538461537,26,23.0
pad,16,0.1,M1,26,False,1.0,1.0,0.0,1.0,1.0,4.5,22,14.0
pad,16,0.1,M2,163,False,0.8873239436619719,0.8977987421383646,0.0,1.0,1.0,3.732394366197183,142,106.0
pad,16,0.1,M3,76,False,0.9344262295081968,0.9242424242424243,0.0,1.0,1.0,3.6885245901639343,61,44.0
pad,16,0.1,M4,8,True,1.0,1.0,0.0,1.0,1.0,5.454545454545454,11,9.0
pad,16,0.1,M5,3,True,1.0,1.0,0.0,1.0,1.0,4.333333333333333,3,2.0
pad,16,0.1,marginal-M1,286,False,0.9545454545454546,,0.0,1.0,,3.5454545454545454,22,
pad,16,0.1,marginal-M2,286,False,0.8732394366197183,,0.0,1.0,,3.4577464788732395,142,
pad,16,0.1,marginal-M3,286,False,0.9508196721311475,,0.0,1.0,,3.557377049180328,61,
pad,16,0.1,marginal-M4,286,False,1.0,,0.0,1.0,,3.909090909090909,11,
pad,16,0.1,marginal-M5,286,False,0.6666666666666666,,0.0,1.0,,1.3333333333333333,3,
pad,16,0.15,B,16,False,0.7307692307692307,0.6956521739130435,,1.0,1.0,2.8076923076923075,26,23.0
pad,16,0.15,M1,26,False,0.9545454545454546,0.9761904761904762,0.0,1.0,1.0,3.4545454545454546,22,14.0
pad,16,0.15,M2,163,False,0.8380281690140845,0.8616352201257863,0.0,1.0,1.0,2.788732394366197,142,106.0
pad,16,0.15,M3,76,False,0.9344262295081968,0.9242424242424243,0.01639344262295082,0.9836065573770492,0.9772727272727273,3.0,61,44.0
pad,16,0.15,M4,8,False,1.0,1.0,0.0,1.0,1.0,3.909090909090909,11,9.0
pad,16,0.15,M5,3,True,1.0,1.0,0.0,1.0,1.0,4.0,3,2.0
pad,16,0.15,marginal-M1,286,False,0.9090909090909091,,0.0,1.0,,2.909090909090909,22,
pad,16,0.15,marginal-M2,286,False,0.8380281690140845,,0.0,1.0,,3.035211267605634,142,
pad,16,0.15,marginal-M3,286,False,0.9344262295081968,,0.0,1.0,,3.262295081967213,61,
pad,16,0.15,marginal-M4,286,False,0.9090909090909091,,0.0,1.0,,3.5454545454545454,11,
pad,16,0.15,marginal-M5,286,False,0.6666666666666666,,0.0,1.0,,0.6666666666666666,3,
hiba,17,0.05,B,167,False,0.9933774834437086,0.971830985915493,,1.0,1.0,5.642384105960265,302,71.0
hiba,17,0.05,M1,25,False,1.0,1.0,0.0,1.0,1.0,6.75,16,9.0
hiba,17,0.05,M2,223,False,0.9734513274336283,0.9728260869565217,0.0,1.0,1.0,6.778761061946903,113,92.0
hiba,17,0.05,M3,23,False,1.0,1.0,0.0,1.0,1.0,6.916666666666667,12,11.0
hiba,17,0.05,marginal-M1,396,False,1.0,,0.0,1.0,,6.625,16,
hiba,17,0.05,marginal-M2,396,False,0.9734513274336283,,0.0,1.0,,6.371681415929204,113,
hiba,17,0.05,marginal-M3,396,False,1.0,,0.0,1.0,,6.583333333333333,12,
hiba,17,0.1,B,167,False,0.9900662251655629,0.9647887323943662,,0.9966887417218543,0.9991714995857498,4.162251655629139,302,71.0
hiba,17,0.1,M1,25,False,0.875,0.9444444444444444,0.0,1.0,1.0,5.125,16,9.0
hiba,17,0.1,M2,223,False,0.9469026548672567,0.9456521739130435,0.0,1.0,1.0,5.557522123893805,113,92.0
hiba,17,0.1,M3,23,False,1.0,1.0,0.0,1.0,1.0,5.666666666666667,12,11.0
hiba,17,0.1,marginal-M1,396,False,1.0,,0.0,1.0,,5.5,16,
hiba,17,0.1,marginal-M2,396,False,0.9557522123893806,,0.0,1.0,,5.1415929203539825,113,
hiba,17,0.1,marginal-M3,396,False,1.0,,0.0,1.0,,5.75,12,
hiba,17,0.15,B,167,False,0.9768211920529801,0.9291079812206571,,0.9238410596026491,0.9495484723322337,3.2086092715231787,302,71.0
hiba,17,0.15,M1,25,False,0.875,0.9444444444444444,0.0,1.0,1.0,4.5625,16,9.0
hiba,17,0.15,M2,223,False,0.9292035398230089,0.9293478260869565,0.0,1.0,1.0,4.469026548672566,113,92.0
hiba,17,0.15,M3,23,False,1.0,1.0,0.0,1.0,1.0,5.0,12,11.0
hiba,17,0.15,marginal-M1,396,False,0.9375,,0.0,1.0,,4.5625,16,
hiba,17,0.15,marginal-M2,396,False,0.9469026548672567,,0.0,1.0,,4.504424778761062,113,
hiba,17,0.15,marginal-M3,396,False,1.0,,0.0,1.0,,4.833333333333333,12,
pad,17,0.05,B,19,False,1.0,1.0,,1.0,1.0,4.590909090909091,22,20.0
pad,17,0.05,M1,21,False,1.0,1.0,0.0,1.0,1.0,4.214285714285714,28,19.0
pad,17,0.05,M2,163,False,0.9150326797385621,0.908805031446541,0.0,1.0,1.0,3.8758169934640523,153,106.0
pad,17,0.05,M3,76,False,1.0,1.0,0.0,1.0,1.0,4.735294117647059,68,44.0
pad,17,0.05,M4,12,True,1.0,1.0,0.0,1.0,1.0,5.428571428571429,7,5.0
pad,17,0.05,M5,3,True,1.0,1.0,0.0,1.0,1.0,5.5,2,2.0
pad,17,0.05,marginal-M1,289,False,0.9642857142857143,,0.0,1.0,,3.892857142857143,28,
pad,17,0.05,marginal-M2,289,False,0.9281045751633987,,0.0,1.0,,3.947712418300654,153,
pad,17,0.05,marginal-M3,289,False,1.0,,0.0,1.0,,4.264705882352941,68,
pad,17,0.05,marginal-M4,289,False,0.8571428571428571,,0.0,1.0,,4.714285714285714,7,
pad,17,0.05,marginal-M5,289,False,1.0,,0.0,1.0,,4.5,2,
pad,17,0.1,B,19,False,1.0,1.0,,1.0,1.0,4.045454545454546,22,20.0
pad,17,0.1,M1,21,False,1.0,1.0,0.0,1.0,1.0,4.142857142857143,28,19.0
pad,17,0.1,M2,163,False,0.8758169934640523,0.8820754716981132,0.0,1.0,1.0,3.5163398692810457,153,106.0
pad,17,0.1,M3,76,False,0.9852941176470589,0.9924242424242425,0.0,1.0,1.0,3.985294117647059,68,44.0
pad,17,0.1,M4,12,False,0.8571428571428571,0.8,0.0,1.0,1.0,4.285714285714286,7,5.0
pad,17,0.1,M5,3,True,1.0,1.0,0.0,1.0,1.0,5.5,2,2.0
pad,17,0.1,marginal-M1,289,False,0.9285714285714286,,0.0,1.0,,3.25,28,
pad,17,0.1,marginal-M2,289,False,0.8823529411764706,,0.0,1.0,,3.372549019607843,153,
pad,17,0.1,marginal-M3,289,False,0.9852941176470589,,0.0,1.0,,3.7058823529411766,68,
pad,17,0.1,marginal-M4,289,False,0.8571428571428571,,0.0,1.0,,4.142857142857143,7,
pad,17,0.1,marginal-M5,289,False,1.0,,0.0,1.0,,4.0,2,
pad,17,0.15,B,19,False,0.8636363636363636,0.85,,0.9545454545454546,0.95,3.4545454545454546,22,20.0
pad,17,0.15,M1,21,False,1.0,1.0,0.0,1.0,1.0,3.5714285714285716,28,19.0
pad,17,0.15,M2,163,False,0.8366013071895425,0.8419811320754716,0.0,1.0,1.0,2.633986928104575,153,106.0
pad,17,0.15,M3,76,False,0.9705882352941176,0.9810606060606062,0.0,1.0,1.0,3.161764705882353,68,44.0
pad,17,0.15,M4,12,False,0.8571428571428571,0.8,0.0,1.0,1.0,3.4285714285714284,7,5.0
pad,17,0.15,M5,3,True,1.0,1.0,0.0,1.0,1.0,5.0,2,2.0
pad,17,0.15,marginal-M1,289,False,0.8928571428571429,,0.0,1.0,,2.6785714285714284,28,
pad,17,0.15,marginal-M2,289,False,0.803921568627451,,0.0,1.0,,2.6209150326797386,153,
pad,17,0.15,marginal-M3,289,False,0.8970588235294118,,0.0,1.0,,3.0,68,
pad,17,0.15,marginal-M4,289,False,0.8571428571428571,,0.0,1.0,,3.142857142857143,7,
pad,17,0.15,marginal-M5,289,False,0.5,,0.0,1.0,,3.0,2,
hiba,18,0.05,B,170,False,0.9788359788359788,0.9485294117647058,,1.0,1.0,5.391534391534392,189,68.0
hiba,18,0.05,M1,23,False,1.0,1.0,0.0,1.0,1.0,6.136363636363637,22,11.0
hiba,18,0.05,M2,217,False,0.976,0.9693877551020408,0.0,1.0,1.0,6.28,125,98.0
hiba,18,0.05,M3,24,False,1.0,1.0,0.0,1.0,1.0,6.545454545454546,11,10.0
hiba,18,0.05,marginal-M1,396,False,1.0,,0.0,1.0,,6.363636363636363,22,
hiba,18,0.05,marginal-M2,396,False,0.992,,0.0,1.0,,6.2,125,
hiba,18,0.05,marginal-M3,396,False,1.0,,0.0,1.0,,6.636363636363637,11,
hiba,18,0.1,B,170,False,0.9629629629629629,0.9264705882352942,,0.9312169312169312,0.9585640138408306,3.5555555555555554,189,68.0
hiba,18,0.1,M1,23,False,0.9090909090909091,0.9393939393939394,0.0,1.0,1.0,4.136363636363637,22,11.0
hiba,18,0.1,M2,217,False,0.928,0.9132653061224489,0.008,0.992,0.9897959183673469,4.56,125,98.0
hiba,18,0.1,M3,24,False,1.0,1.0,0.0,1.0,1.0,5.090909090909091,11,10.0
hiba,18,0.1,marginal-M1,396,False,1.0,,0.0,1.0,,4.681818181818182,22,
hiba,18,0.1,marginal-M2,396,False,0.952,,0.0,1.0,,4.504,125,
hiba,18,0.1,marginal-M3,396,False,1.0,,0.0,1.0,,4.909090909090909,11,
hiba,18,0.15,B,170,False,0.8994708994708994,0.8248774509803922,,0.7724867724867724,0.907834663793278,2.5978835978835977,189,68.0
hiba,18,0.15,M1,23,False,0.8181818181818182,0.8484848484848485,0.045454545454545456,0.9545454545454546,0.9545454545454546,3.5,22,11.0
hiba,18,0.15,M2,217,False,0.912,0.8979591836734694,0.008,0.992,0.9897959183673469,3.656,125,98.0
hiba,18,0.15,M3,24,False,0.8181818181818182,0.85,0.0,1.0,1.0,3.8181818181818183,11,10.0
hiba,18,0.15,marginal-M1,396,False,0.9090909090909091,,0.045454545454545456,0.9545454545454546,,3.772727272727273,22,
hiba,18,0.15,marginal-M2,396,False,0.912,,0.008,0.992,,3.72,125,
hiba,18,0.15,marginal-M3,396,False,0.9090909090909091,,0.0,1.0,,4.454545454545454,11,
pad,18,0.05,B,22,False,0.9444444444444444,0.9411764705882353,,0.9444444444444444,0.9411764705882353,3.5555555555555554,18,17.0
pad,18,0.05,M1,26,False,1.0,1.0,0.0,1.0,1.0,4.380952380952381,21,14.0
pad,18,0.05,M2,155,False,0.9364161849710982,0.935672514619883,0.0,1.0,1.0,3.9421965317919074,173,114.0
pad,18,0.05,M3,78,False,0.9642857142857143,0.9642857142857143,0.0,1.0,1.0,4.017857142857143,56,42.0
pad,18,0.05,M4,12,True,1.0,1.0,0.0,1.0,1.0,5.4,5,5.0
pad,18,0.05,M5,4,True,1.0,1.0,0.0,1.0,1.0,4.5,2,1.0
pad,18,0.05,marginal-M1,291,False,0.9047619047619048,,0.0,1.0,,3.8095238095238093,21,
pad,18,0.05,marginal-M2,291,False,0.930635838150289,,0.0,1.0,,3.8554913294797686,173,
pad,18,0.05,marginal-M3,291,False,0.9642857142857143,,0.0,1.0,,3.75,56,
pad,18,0.05,marginal-M4,291,False,1.0,,0.0,1.0,,4.4,5,
pad,18,0.05,marginal-M5,291,False,1.0,,0.0,1.0,,2.5,2,
pad,18,0.1,B,22,False,0.9444444444444444,0.9411764705882353,,0.9444444444444444,0.9411764705882353,3.2222222222222223,18,17.0
pad,18,0.1,M1,26,False,1.0,1.0,0.0,1.0,1.0,3.7142857142857144,21,14.0
pad,18,0.1,M2,155,False,0.8959537572254336,0.9027777777777777,0.0,1.0,1.0,3.1271676300578033,173,114.0
pad,18,0.1,M3,78,False,0.9285714285714286,0.9285714285714286,0.0,1.0,1.0,3.0357142857142856,56,42.0
pad,18,0.1,M4,12,False,1.0,1.0,0.0,1.0,1.0,4.2,5,5.0
pad,18,0.1,M5,4,True,1.0,1.0,0.0,1.0,1.0,4.0,2,1.0
pad,18,0.1,marginal-M1,291,False,0.9047619047619048,,0.0,1.0,,3.2857142857142856,21,
pad,18,0.1,marginal-M2,291,False,0.8728323699421965,,0.0,1.0,,3.2485549132947975,173,
pad,18,0.1,marginal-M3,291,False,0.9285714285714286,,0.0,1.0,,3.1964285714285716,56,
pad,18,0.1,marginal-M4,291,False,1.0,,0.0,1.0,,3.8,5,
pad,18,0.1,marginal-M5,291,False,0.5,,0.0,1.0,,1.0,2,
pad,18,0.15,B,22,False,0.8888888888888888,0.8823529411764706,,0.9444444444444444,0.9411764705882353,2.8333333333333335,18,17.0
pad,18,0.15,M1,26,False,0.8571428571428571,0.7857142857142857,0.0,1.0,1.0,2.6666666666666665,21,14.0
pad,18,0.15,M2,155,False,0.8439306358381503,0.8605889724310777,0.0,1.0,1.0,2.7514450867052025,173,114.0
pad,18,0.15,M3,78,False,0.9107142857142857,0.9047619047619048,0.0,1.0,1.0,2.857142857142857,56,42.0
pad,18,0.15,M4,12,False,1.0,1.0,0.0,1.0,1.0,4.2,5,5.0
pad,18,0.15,M5,4,True,1.0,1.0,0.0,1.0,1.0,4.0,2,1.0
pad,18,0.15,marginal-M1,291,False,0.8571428571428571,,0.0,1.0,,2.9047619047619047,21,
pad,18,0.15,marginal-M2,291,False,0.8439306358381503,,0.0,1.0,,2.9364161849710984,173,
pad,18,0.15,marginal-M3,291,False,0.9107142857142857,,0.0,1.0,,2.982142857142857,56,
pad,18,0.15,marginal-M4,291,False,1.0,,0.0,1.0,,3.6,5,
pad,18,0.15,marginal-M5,291,False,0.5,,0.0,1.0,,0.5,2,
hiba,19,0.05,B,164,False,0.9852941176470589,0.972972972972973,,1.0,1.0,5.3088235294117645,136,74.0
hiba,19,0.05,M1,23,False,0.8,0.8484848484848485,0.0,1.0,1.0,4.933333333333334,15,11.0
hiba,19,0.05,M2,224,False,0.9652173913043478,0.9642857142857143,0.0,1.0,1.0,6.3652173913043475,115,91.0
hiba,19,0.05,M3,26,False,1.0,1.0,0.0,1.0,1.0,7.0,8,8.0
hiba,19,0.05,marginal-M1,396,False,1.0,,0.0,1.0,,6.2,15,
hiba,19,0.05,marginal-M2,396,False,0.9826086956521739,,0.0,1.0,,6.113043478260869,115,
hiba,19,0.05,marginal-M3,396,False,1.0,,0.0,1.0,,6.625,8,
hiba,19,0.1,B,164,False,0.9485294117647058,0.9414414414414413,,0.9558823529411765,0.9868082368082367,3.6470588235294117,136,74.0
hiba,19,0.1,M1,23,False,0.8,0.8484848484848485,0.0,1.0,1.0,3.933333333333333,15,11.0
hiba,19,0.1,M2,224,False,0.9130434782608695,0.9093406593406593,0.008695652173913044,0.991304347826087,0.9945054945054945,4.808695652173913,115,91.0
hiba,19,0.1,M3,26,False,1.0,1.0,0.0,1.0,1.0,5.0,8,8.0
hiba,19,0.1,marginal-M1,396,False,1.0,,0.0,1.0,,4.666666666666667,15,
hiba,19,0.1,marginal-M2,396,False,0.9478260869565217,,0.0,1.0,,5.147826086956521,115,
hiba,19,0.1,marginal-M3,396,False,1.0,,0.0,1.0,,5.625,8,
hiba,19,0.15,B,164,False,0.9338235294117647,0.9245495495495494,,0.8970588235294118,0.9420849420849422,3.0294117647058822,136,74.0
hiba,19,0.15,M1,23,False,0.8,0.8484848484848485,0.0,1.0,1.0,3.533333333333333,15,11.0
hiba,19,0.15,M2,224,False,0.8608695652173913,0.8672161172161171,0.02608695652173913,0.9739130434782609,0.9807692307692307,4.060869565217391,115,91.0
hiba,19,0.15,M3,26,False,1.0,1.0,0.0,1.0,1.0,4.125,8,8.0
hiba,19,0.15,marginal-M1,396,False,0.8,,0.06666666666666667,0.9333333333333333,,3.4,15,
hiba,19,0.15,marginal-M2,396,False,0.9043478260869565,,0.017391304347826087,0.9826086956521739,,4.086956521739131,115,
hiba,19,0.15,marginal-M3,396,False,1.0,,0.0,1.0,,4.0,8,
pad,19,0.05,B,21,False,0.9545454545454546,0.9444444444444444,,1.0,1.0,3.8181818181818183,22,18.0
pad,19,0.05,M1,29,False,1.0,1.0,0.0,1.0,1.0,4.6,20,11.0
pad,19,0.05,M2,165,False,0.9432624113475178,0.9455128205128205,0.0,1.0,1.0,4.042553191489362,141,104.0
pad,19,0.05,M3,67,False,0.9629629629629629,0.9528301886792453,0.0,1.0,1.0,3.9135802469135803,81,53.0
pad,19,0.05,M4,10,True,1.0,1.0,0.0,1.0,1.0,5.125,8,7.0
pad,19,0.05,M5,3,True,1.0,1.0,0.0,1.0,1.0,4.5,2,2.0
pad,19,0.05,marginal-M1,286,False,0.95,,0.0,1.0,,4.4,20,
pad,19,0.05,marginal-M2,286,False,0.9219858156028369,,0.0,1.0,,3.978723404255319,141,
pad,19,0.05,marginal-M3,286,False,0.9629629629629629,,0.0,1.0,,4.012345679012346,81,
pad,19,0.05,marginal-M4,286,False,1.0,,0.0,1.0,,4.0,8,
pad,19,0.05,marginal-M5,286,False,1.0,,0.0,1.0,,2.5,2,
pad,19,0.1,B,21,False,0.9090909090909091,0.8888888888888888,,0.9545454545454546,0.9444444444444444,3.090909090909091,22,18.0
pad,19,0.1,M1,29,False,0.95,0.9696969696969696,0.0,1.0,1.0,3.75,20,11.0
pad,19,0.1,M2,165,False,0.851063829787234,0.8557692307692307,0.0,1.0,1.0,3.0425531914893615,141,104.0
pad,19,0.1,M3,67,False,0.9135802469135802,0.918238993710692,0.0,1.0,1.0,3.197530864197531,81,53.0
pad,19,0.1,M4,10,False,1.0,1.0,0.0,1.0,1.0,3.75,8,7.0
pad,19,0.1,M5,3,True,1.0,1.0,0.0,1.0,1.0,4.0,2,2.0
pad,19,0.1,marginal-M1,286,False,0.95,,0.0,1.0,,3.45,20,
pad,19,0.1,marginal-M2,286,False,0.851063829787234,,0.0,1.0,,3.24822695035461,141,
pad,19,0.1,marginal-M3,286,False,0.9135802469135802,,0.0,1.0,,3.3950617283950617,81,
pad,19,0.1,marginal-M4,286,False,1.0,,0.0,1.0,,3.0,8,
pad,19,0.1,marginal-M5,286,False,1.0,,0.0,1.0,,2.0,2,
pad,19,0.15,B,21,False,0.9090909090909091,0.8888888888888888,,0.8636363636363636,0.9074074074074073,2.590909090909091,22,18.0
pad,19,0.15,M1,29,False,0.95,0.9696969696969696,0.0,1.0,1.0,3.55,20,11.0
pad,19,0.15,M2,165,False,0.7730496453900709,0.7828525641025641,0.0,1.0,1.0,2.6595744680851063,141,104.0
pad,19,0.15,M3,67,False,0.8395061728395061,0.8380503144654089,0.0,1.0,1.0,2.8518518518518516,81,53.0
pad,19,0.15,M4,10,False,1.0,1.0,0.0,1.0,1.0,3.75,8,7.0
pad,19,0.15,M5,3,True,1.0,1.0,0.0,1.0,1.0,4.0,2,2.0
pad,19,0.15,marginal-M1,286,False,0.9,,0.0,1.0,,2.8,20,
pad,19,0.15,marginal-M2,286,False,0.7659574468085106,,0.0,1.0,,2.702127659574468,141,
pad,19,0.15,marginal-M3,286,False,0.8395061728395061,,0.0,1.0,,2.9012345679012346,81,
pad,19,0.15,marginal-M4,286,False,1.0,,0.0,1.0,,2.5,8,
pad,19,0.15,marginal-M5,286,False,0.5,,0.0,1.0,,1.5,2,
hiba,20,0.05,B,162,False,0.9895833333333334,0.9802631578947368,,1.0,1.0,6.208333333333333,192,76.0
hiba,20,0.05,M1,29,False,1.0,1.0,0.0,1.0,1.0,7.0,8,5.0
hiba,20,0.05,M2,216,False,0.984,0.9848484848484849,0.0,1.0,1.0,6.864,125,99.0
hiba,20,0.05,M3,25,False,1.0,1.0,0.0,1.0,1.0,6.888888888888889,9,9.0
hiba,20,0.05,marginal-M1,396,False,1.0,,0.0,1.0,,6.625,8,
hiba,20,0.05,marginal-M2,396,False,0.984,,0.0,1.0,,6.272,125,
hiba,20,0.05,marginal-M3,396,False,1.0,,0.0,1.0,,6.555555555555555,9,
hiba,20,0.1,B,162,False,0.9635416666666666,0.9144736842105263,,0.9947916666666666,0.9986842105263158,4.182291666666667,192,76.0
hiba,20,0.1,M1,29,False,0.75,0.9,0.0,1.0,1.0,5.0,8,5.0
hiba,20,0.1,M2,216,False,0.944,0.9393939393939394,0.008,0.992,0.98989898989899,5.256,125,99.0
hiba,20,0.1,M3,25,False,1.0,1.0,0.0,1.0,1.0,5.333333333333333,9,9.0
hiba,20,0.1,marginal-M1,396,False,1.0,,0.0,1.0,,5.5,8,
hiba,20,0.1,marginal-M2,396,False,0.96,,0.0,1.0,,4.8,125,
hiba,20,0.1,marginal-M3,396,False,1.0,,0.0,1.0,,5.222222222222222,9,
hiba,20,0.15,B,162,False,0.9114583333333334,0.8152412280701755,,0.9010416666666666,0.9158677944862155,2.9947916666666665,192,76.0
hiba,20,0.15,M1,29,False,0.75,0.9,0.0,1.0,1.0,4.375,8,5.0
hiba,20,0.15,M2,216,False,0.904,0.9057239057239056,0.016,0.984,0.9848484848484849,4.08,125,99.0
hiba,20,0.15,M3,25,False,1.0,1.0,0.0,1.0,1.0,4.222222222222222,9,9.0
hiba,20,0.15,marginal-M1,396,False,0.875,,0.0,1.0,,4.0,8,
hiba,20,0.15,marginal-M2,396,False,0.92,,0.016,0.984,,4.008,125,
hiba,20,0.15,marginal-M3,396,False,1.0,,0.0,1.0,,4.222222222222222,9,
pad,20,0.05,B,26,False,0.9411764705882353,0.9230769230769231,,1.0,1.0,3.588235294117647,17,13.0
pad,20,0.05,M1,23,False,0.9642857142857143,0.9411764705882353,0.0,1.0,1.0,4.214285714285714,28,17.0
pad,20,0.05,M2,152,False,0.9444444444444444,0.9415954415954415,0.0,1.0,1.0,3.8271604938271606,162,117.0
pad,20,0.05,M3,79,False,1.0,1.0,0.0,1.0,1.0,4.375,56,41.0
pad,20,0.05,M4,7,True,1.0,1.0,0.0,1.0,1.0,5.090909090909091,11,10.0
pad,20,0.05,M5,4,True,1.0,1.0,0.0,1.0,1.0,5.0,1,1.0
pad,20,0.05,marginal-M1,282,False,0.9285714285714286,,0.0,1.0,,4.071428571428571,28,
pad,20,0.05,marginal-M2,282,False,0.9567901234567902,,0.0,1.0,,3.9876543209876543,162,
pad,20,0.05,marginal-M3,282,False,1.0,,0.0,1.0,,4.303571428571429,56,
pad,20,0.05,marginal-M4,282,False,0.9090909090909091,,0.0,1.0,,4.363636363636363,11,
pad,20,0.05,marginal-M5,282,False,1.0,,0.0,1.0,,4.0,1,
pad,20,0.1,B,26,False,0.8823529411764706,0.8461538461538461,,1.0,1.0,3.176470588235294,17,13.0
pad,20,0.1,M1,23,False,0.8571428571428571,0.8333333333333333,0.0,1.0,1.0,3.142857142857143,28,17.0
pad,20,0.1,M2,152,False,0.9444444444444444,0.9415954415954415,0.0,1.0,1.0,3.2098765432098766,162,117.0
pad,20,0.1,M3,79,False,0.9821428571428571,0.975609756097561,0.0,1.0,1.0,3.4107142857142856,56,41.0
pad,20,0.1,M4,7,True,1.0,1.0,0.0,1.0,1.0,4.636363636363637,11,10.0
pad,20,0.1,M5,4,True,1.0,1.0,0.0,1.0,1.0,4.0,1,1.0
pad,20,0.1,marginal-M1,282,False,0.8571428571428571,,0.0,1.0,,3.607142857142857,28,
pad,20,0.1,marginal-M2,282,False,0.9444444444444444,,0.0,1.0,,3.6296296296296298,162,
pad,20,0.1,marginal-M3,282,False,1.0,,0.0,1.0,,3.9285714285714284,56,
pad,20,0.1,marginal-M4,282,False,0.9090909090909091,,0.0,1.0,,3.909090909090909,11,
pad,20,0.1,marginal-M5,282,False,1.0,,0.0,1.0,,4.0,1,
pad,20,0.15,B,26,False,0.8235294117647058,0.7692307692307693,,1.0,1.0,2.588235294117647,17,13.0
pad,20,0.15,M1,23,False,0.8571428571428571,0.8333333333333333,0.0,1.0,1.0,2.8214285714285716,28,17.0
pad,20,0.15,M2,152,False,0.8888888888888888,0.8896011396011395,0.0,1.0,1.0,2.814814814814815,162,117.0
pad,20,0.15,M3,79,False,0.9642857142857143,0.9634146341463414,0.0,1.0,1.0,3.142857142857143,56,41.0
pad,20,0.15,M4,7,False,0.7272727272727273,0.75,0.0,1.0,1.0,2.6363636363636362,11,10.0
pad,20,0.15,M5,4,True,1.0,1.0,0.0,1.0,1.0,4.0,1,1.0
pad,20,0.15,marginal-M1,282,False,0.8571428571428571,,0.0,1.0,,2.9285714285714284,28,
pad,20,0.15,marginal-M2,282,False,0.8765432098765432,,0.0,1.0,,2.950617283950617,162,
pad,20,0.15,marginal-M3,282,False,0.9642857142857143,,0.0,1.0,,3.357142857142857,56,
pad,20,0.15,marginal-M4,282,False,0.8181818181818182,,0.0,1.0,,3.090909090909091,11,
pad,20,0.15,marginal-M5,282,False,1.0,,0.0,1.0,,3.0,1,
hiba,21,0.05,B,169,False,0.9583333333333334,0.9347826086956522,,1.0,1.0,5.666666666666667,120,69.0
hiba,21,0.05,M1,24,False,1.0,1.0,0.0,1.0,1.0,5.9375,16,10.0
hiba,21,0.05,M2,218,False,0.9747899159663865,0.9690721649484536,0.0,1.0,1.0,6.445378151260504,119,97.0
hiba,21,0.05,M3,24,False,1.0,1.0,0.0,1.0,1.0,6.5,18,10.0
hiba,21,0.05,marginal-M1,396,False,1.0,,0.0,1.0,,5.8125,16,
hiba,21,0.05,marginal-M2,396,False,0.9747899159663865,,0.0,1.0,,5.605042016806722,119,
hiba,21,0.05,marginal-M3,396,False,1.0,,0.0,1.0,,5.444444444444445,18,
hiba,21,0.1,B,169,False,0.875,0.859903381642512,,0.925,0.9439613526570048,3.5833333333333335,120,69.0
hiba,21,0.1,M1,24,False,0.875,0.9333333333333333,0.0,1.0,1.0,4.375,16,10.0
hiba,21,0.1,M2,218,False,0.9411764705882353,0.9381443298969072,0.01680672268907563,0.9831932773109243,0.9896907216494846,4.638655462184874,119,97.0
hiba,21,0.1,M3,24,False,1.0,1.0,0.0,1.0,1.0,4.611111111111111,18,10.0
hiba,21,0.1,marginal-M1,396,False,1.0,,0.0,1.0,,4.4375,16,
hiba,21,0.1,marginal-M2,396,False,0.9411764705882353,,0.01680672268907563,0.9831932773109243,,4.504201680672269,119,
hiba,21,0.1,marginal-M3,396,False,1.0,,0.0,1.0,,4.666666666666667,18,
hiba,21,0.15,B,169,False,0.85,0.8272946859903381,,0.825,0.8869565217391304,2.841666666666667,120,69.0
hiba,21,0.15,M1,24,False,0.75,0.8333333333333334,0.0,1.0,1.0,3.6875,16,10.0
hiba,21,0.15,M2,218,False,0.8487394957983193,0.8553264604810997,0.025210084033613446,0.9747899159663865,0.979381443298969,3.722689075630252,119,97.0
hiba,21,0.15,M3,24,False,0.9444444444444444,0.95,0.0,1.0,1.0,3.8333333333333335,18,10.0
hiba,21,0.15,marginal-M1,396,False,0.875,,0.0625,0.9375,,3.4375,16,
hiba,21,0.15,marginal-M2,396,False,0.8739495798319328,,0.025210084033613446,0.9747899159663865,,3.3949579831932772,119,
hiba,21,0.15,marginal-M3,396,False,0.9444444444444444,,0.0,1.0,,3.388888888888889,18,
pad,21,0.05,B,24,False,1.0,1.0,,0.9411764705882353,0.9333333333333333,4.0588235294117645,17,15.0
pad,21,0.05,M1,22,False,0.9666666666666667,0.9722222222222222,0.0,1.0,1.0,4.2,30,18.0
pad,21,0.05,M2,169,False,0.9124087591240876,0.9116666666666666,0.0,1.0,1.0,4.0510948905109485,137,100.0
pad,21,0.05,M3,74,False,0.9178082191780822,0.8858695652173914,0.0,1.0,1.0,3.493150684931507,73,46.0
pad,21,0.05,M4,11,True,1.0,1.0,0.0,1.0,1.0,5.375,8,6.0
pad,21,0.05,M5,4,True,1.0,1.0,0.0,1.0,1.0,4.0,1,1.0
pad,21,0.05,marginal-M1,298,False,0.9333333333333333,,0.0,1.0,,3.8,30,
pad,21,0.05,marginal-M2,298,False,0.9197080291970803,,0.0,1.0,,3.9927007299270074,137,
pad,21,0.05,marginal-M3,298,False,0.958904109589041,,0.0,1.0,,3.7534246575342465,73,
pad,21,0.05,marginal-M4,298,False,1.0,,0.0,1.0,,4.75,8,
pad,21,0.05,marginal-M5,298,False,1.0,,0.0,1.0,,1.0,1,
pad,21,0.1,B,24,False,1.0,1.0,,0.9411764705882353,0.9333333333333333,3.6470588235294117,17,15.0
pad,21,0.1,M1,22,False,0.9666666666666667,0.9722222222222222,0.0,1.0,1.0,4.1,30,18.0
pad,21,0.1,M2,169,False,0.8832116788321168,0.8866666666666666,0.0,1.0,1.0,3.72992700729927,137,100.0
pad,21,0.1,M3,74,False,0.9041095890410958,0.8804347826086957,0.0,1.0,1.0,3.26027397260274,73,46.0
pad,21,0.1,M4,11,False,1.0,1.0,0.0,1.0,1.0,5.0,8,6.0
pad,21,0.1,M5,4,True,1.0,1.0,0.0,1.0,1.0,4.0,1,1.0
pad,21,0.1,marginal-M1,298,False,0.8333333333333334,,0.0,1.0,,2.933333333333333,30,
pad,21,0.1,marginal-M2,298,False,0.8759124087591241,,0.0,1.0,,3.291970802919708,137,
pad,21,0.1,marginal-M3,298,False,0.9041095890410958,,0.0,1.0,,3.0547945205479454,73,
pad,21,0.1,marginal-M4,298,False,1.0,,0.0,1.0,,3.625,8,
pad,21,0.1,marginal-M5,298,False,1.0,,0.0,1.0,,1.0,1,
pad,21,0.15,B,24,False,1.0,1.0,,0.9411764705882353,0.9333333333333333,3.3529411764705883,17,15.0
pad,21,0.15,M1,22,False,0.9333333333333333,0.9537037037037037,0.0,1.0,1.0,3.466666666666667,30,18.0
pad,21,0.15,M2,169,False,0.8613138686131386,0.8741666666666665,0.0,1.0,1.0,2.948905109489051,137,100.0
pad,21,0.15,M3,74,False,0.8356164383561644,0.8179347826086957,0.0,1.0,1.0,2.547945205479452,73,46.0
pad,21,0.15,M4,11,False,1.0,1.0,0.0,1.0,1.0,4.375,8,6.0
pad,21,0.15,M5,4,True,1.0,1.0,0.0,1.0,1.0,4.0,1,1.0
pad,21,0.15,marginal-M1,298,False,0.8,,0.0,1.0,,2.5,30,
pad,21,0.15,marginal-M2,298,False,0.8540145985401459,,0.0,1.0,,2.8686131386861313,137,
pad,21,0.15,marginal-M3,298,False,0.863013698630137,,0.0,1.0,,2.6575342465753424,73,
pad,21,0.15,marginal-M4,298,False,1.0,,0.0,1.0,,3.25,8,
pad,21,0.15,marginal-M5,298,False,0.0,,0.0,1.0,,0.0,1,
hiba,22,0.05,B,161,False,0.9891304347826086,0.9837662337662337,,1.0,1.0,5.934782608695652,184,77.0
hiba,22,0.05,M1,23,False,1.0,1.0,0.0,1.0,1.0,6.45,20,11.0
hiba,22,0.05,M2,228,False,0.9380530973451328,0.9568965517241379,0.0,1.0,1.0,6.663716814159292,113,87.0
hiba,22,0.05,M3,22,False,1.0,1.0,0.0,1.0,1.0,7.0,18,12.0
hiba,22,0.05,marginal-M1,396,False,1.0,,0.0,1.0,,6.35,20,
hiba,22,0.05,marginal-M2,396,False,0.9469026548672567,,0.0,1.0,,6.1415929203539825,113,
hiba,22,0.05,marginal-M3,396,False,1.0,,0.0,1.0,,6.222222222222222,18,
hiba,22,0.1,B,161,False,0.9619565217391305,0.9448051948051948,,0.9891304347826086,0.9965367965367965,4.2771739130434785,184,77.0
hiba,22,0.1,M1,23,False,0.8,0.8939393939393938,0.0,1.0,1.0,4.85,20,11.0
hiba,22,0.1,M2,228,False,0.9026548672566371,0.9224137931034483,0.0,1.0,1.0,5.3097345132743365,113,87.0
hiba,22,0.1,M3,22,False,1.0,1.0,0.0,1.0,1.0,5.277777777777778,18,12.0
hiba,22,0.1,marginal-M1,396,False,0.95,,0.0,1.0,,4.2,20,
hiba,22,0.1,marginal-M2,396,False,0.9026548672566371,,0.008849557522123894,0.9911504424778761,,4.575221238938053,113,
hiba,22,0.1,marginal-M3,396,False,1.0,,0.0,1.0,,4.777777777777778,18,
hiba,22,0.15,B,161,False,0.9565217391304348,0.9318181818181818,,0.9239130434782609,0.9181508967223252,3.2989130434782608,184,77.0
hiba,22,0.15,M1,23,False,0.8,0.8939393939393938,0.0,1.0,1.0,4.35,20,11.0
hiba,22,0.15,M2,228,False,0.8938053097345132,0.9166666666666666,0.008849557522123894,0.9911504424778761,0.9942528735632183,4.353982300884955,113,87.0
hiba,22,0.15,M3,22,False,1.0,1.0,0.0,1.0,1.0,4.555555555555555,18,12.0
hiba,22,0.15,marginal-M1,396,False,0.9,,0.0,1.0,,3.75,20,
hiba,22,0.15,marginal-M2,396,False,0.9026548672566371,,0.008849557522123894,0.9911504424778761,,4.3097345132743365,113,
hiba,22,0.15,marginal-M3,396,False,1.0,,0.0,1.0,,4.388888888888889,18,
pad,22,0.05,B,24,False,0.7647058823529411,0.7333333333333333,,1.0,1.0,3.235294117647059,17,15.0
pad,22,0.05,M1,20,False,1.0,1.0,0.0,1.0,1.0,3.710526315789474,38,20.0
pad,22,0.05,M2,173,False,0.958041958041958,0.9496527777777778,0.0,1.0,1.0,3.3286713286713288,143,96.0
pad,22,0.05,M3,70,False,0.922077922077922,0.9233333333333335,0.0,1.0,1.0,3.168831168831169,77,50.0
pad,22,0.05,M4,8,True,1.0,1.0,0.0,1.0,1.0,4.7,10,9.0
pad,22,0.05,M5,5,True,,,,,,,0,0.0
pad,22,0.05,marginal-M1,292,False,0.9473684210526315,,0.0,1.0,,3.9210526315789473,38,
pad,22,0.05,marginal-M2,292,False,0.958041958041958,,0.0,1.0,,3.965034965034965,143,
pad,22,0.05,marginal-M3,292,False,0.948051948051948,,0.0,1.0,,4.0519480519480515,77,
pad,22,0.05,marginal-M4,292,False,1.0,,0.0,1.0,,4.4,10,
pad,22,0.1,B,24,False,0.7647058823529411,0.7333333333333333,,0.9411764705882353,0.9333333333333333,3.0588235294117645,17,15.0
pad,22,0.1,M1,20,False,1.0,1.0,0.0,1.0,1.0,3.6315789473684212,38,20.0
pad,22,0.1,M2,173,False,0.9020979020979021,0.8897569444444445,0.0,1.0,1.0,2.937062937062937,143,96.0
pad,22,0.1,M3,70,False,0.8441558441558441,0.8408333333333334,0.0,1.0,1.0,2.7142857142857144,77,50.0
pad,22,0.1,M4,8,True,1.0,1.0,0.0,1.0,1.0,4.7,10,9.0
pad,22,0.1,M5,5,True,,,,,,,0,0.0
pad,22,0.1,marginal-M1,292,False,0.868421052631579,,0.0,1.0,,3.1842105263157894,38,
pad,22,0.1,marginal-M2,292,False,0.8741258741258742,,0.0,1.0,,3.06993006993007,143,
pad,22,0.1,marginal-M3,292,False,0.9090909090909091,,0.0,1.0,,3.272727272727273,77,
pad,22,0.1,marginal-M4,292,False,0.9,,0.0,1.0,,3.4,10,
pad,22,0.15,B,24,False,0.7647058823529411,0.7333333333333333,,0.9411764705882353,0.9333333333333333,2.764705882352941,17,15.0
pad,22,0.15,M1,20,False,1.0,1.0,0.0,1.0,1.0,3.5789473684210527,38,20.0
pad,22,0.15,M2,173,False,0.8041958041958042,0.806671626984127,0.0,1.0,1.0,2.5174825174825175,143,96.0
pad,22,0.15,M3,70,False,0.8311688311688312,0.8308333333333334,0.0,1.0,1.0,2.6103896103896105,77,50.0
pad,22,0.15,M4,8,False,1.0,1.0,0.0,1.0,1.0,4.1,10,9.0
pad,22,0.15,M5,5,True,,,,,,,0,0.0
pad,22,0.15,marginal-M1,292,False,0.8421052631578947,,0.0,1.0,,2.789473684210526,38,
pad,22,0.15,marginal-M2,292,False,0.8041958041958042,,0.0,1.0,,2.629370629370629,143,
pad,22,0.15,marginal-M3,292,False,0.8441558441558441,,0.0,1.0,,2.844155844155844,77,
pad,22,0.15,marginal-M4,292,False,0.9,,0.0,1.0,,3.1,10,
hiba,23,0.05,B,161,False,1.0,1.0,,1.0,1.0,6.2773722627737225,137,77.0
hiba,23,0.05,M1,25,False,1.0,1.0,0.0,1.0,1.0,7.368421052631579,19,9.0
hiba,23,0.05,M2,223,False,0.9375,0.9375,0.0,1.0,1.0,6.919642857142857,112,92.0
hiba,23,0.05,M3,27,False,1.0,1.0,0.0,1.0,1.0,6.875,8,7.0
hiba,23,0.05,marginal-M1,396,False,1.0,,0.0,1.0,,6.526315789473684,19,
hiba,23,0.05,marginal-M2,396,False,0.9732142857142857,,0.0,1.0,,5.9375,112,
hiba,23,0.05,marginal-M3,396,False,1.0,,0.0,1.0,,6.25,8,
hiba,23,0.1,B,161,False,0.948905109489051,0.9372294372294373,,0.9854014598540146,0.9965367965367965,4.226277372262774,137,77.0
hiba,23,0.1,M1,25,False,1.0,1.0,0.0,1.0,1.0,5.7894736842105265,19,9.0
hiba,23,0.1,M2,223,False,0.9196428571428571,0.9157608695652174,0.0,1.0,1.0,5.098214285714286,112,92.0
hiba,23,0.1,M3,27,False,1.0,1.0,0.0,1.0,1.0,5.125,8,7.0
hiba,23,0.1,marginal-M1,396,False,1.0,,0.0,1.0,,4.947368421052632,19,
hiba,23,0.1,marginal-M2,396,False,0.9285714285714286,,0.0,1.0,,4.785714285714286,112,
hiba,23,0.1,marginal-M3,396,False,1.0,,0.0,1.0,,5.0,8,
hiba,23,0.15,B,161,False,0.9124087591240876,0.8787878787878789,,0.927007299270073,0.9251082251082251,3.197080291970803,137,77.0
hiba,23,0.15,M1,25,False,1.0,1.0,0.0,1.0,1.0,4.526315789473684,19,9.0
hiba,23,0.15,M2,223,False,0.8928571428571429,0.8903985507246376,0.008928571428571428,0.9910714285714286,0.9972826086956522,4.125,112,92.0
hiba,23,0.15,M3,27,False,1.0,1.0,0.0,1.0,1.0,4.25,8,7.0
hiba,23,0.15,marginal-M1,396,False,1.0,,0.0,1.0,,3.8947368421052633,19,
hiba,23,0.15,marginal-M2,396,False,0.9017857142857143,,0.0,1.0,,3.9285714285714284,112,
hiba,23,0.15,marginal-M3,396,False,1.0,,0.0,1.0,,4.0,8,
pad,23,0.05,B,26,False,1.0,1.0,,1.0,1.0,4.5,14,13.0
pad,23,0.05,M1,26,False,1.0,1.0,0.0,1.0,1.0,4.461538461538462,26,14.0
pad,23,0.05,M2,165,False,0.959731543624161,0.9631410256410255,0.0,1.0,1.0,4.154362416107382,149,104.0
pad,23,0.05,M3,79,False,0.9846153846153847,0.9878048780487805,0.0,1.0,1.0,4.338461538461538,65,41.0
pad,23,0.05,M4,10,True,1.0,1.0,0.0,1.0,1.0,5.222222222222222,9,7.0
pad,23,0.05,marginal-M1,298,False,0.9615384615384616,,0.0,1.0,,4.1923076923076925,26,
pad,23,0.05,marginal-M2,298,False,0.9530201342281879,,0.0,1.0,,4.053691275167785,149,
pad,23,0.05,marginal-M3,298,False,0.9846153846153847,,0.0,1.0,,4.138461538461539,65,
pad,23,0.05,marginal-M4,298,False,0.8888888888888888,,0.0,1.0,,4.666666666666667,9,
pad,23,0.05,marginal-M5,298,False,1.0,,0.0,1.0,,3.1666666666666665,6,
pad,23,0.1,B,26,False,0.9285714285714286,0.9230769230769231,,1.0,1.0,3.5714285714285716,14,13.0
pad,23,0.1,M1,26,False,1.0,1.0,0.0,1.0,1.0,3.6538461538461537,26,14.0
pad,23,0.1,M2,165,False,0.9328859060402684,0.9358974358974359,0.0,1.0,1.0,3.2818791946308723,149,104.0
pad,23,0.1,M3,79,False,0.9538461538461539,0.9390243902439024,0.0,1.0,1.0,3.1538461538461537,65,41.0
pad,23,0.1,M4,10,False,0.8888888888888888,0.8571428571428571,0.0,1.0,1.0,3.3333333333333335,9,7.0
pad,23,0.1,marginal-M1,298,False,0.9615384615384616,,0.0,1.0,,3.5384615384615383,26,
pad,23,0.1,marginal-M2,298,False,0.912751677852349,,0.0,1.0,,3.51006711409396,149,
pad,23,0.1,marginal-M3,298,False,0.9692307692307692,,0.0,1.0,,3.707692307692308,65,
pad,23,0.1,marginal-M4,298,False,0.8888888888888888,,0.0,1.0,,4.0,9,
pad,23,0.1,marginal-M5,298,False,1.0,,0.0,1.0,,3.0,6,
pad,23,0.15,B,26,False,0.8571428571428571,0.8461538461538461,,1.0,1.0,3.142857142857143,14,13.0
pad,23,0.15,M1,26,False,0.9615384615384616,0.9761904761904762,0.0,1.0,1.0,3.0384615384615383,26,14.0
pad,23,0.15,M2,165,False,0.8859060402684564,0.907051282051282,0.0,1.0,1.0,2.865771812080537,149,104.0
pad,23,0.15,M3,79,False,0.9076923076923077,0.899390243902439,0.0,1.0,1.0,2.876923076923077,65,41.0
pad,23,0.15,M4,10,False,0.8888888888888888,0.8571428571428571,0.0,1.0,1.0,3.3333333333333335,9,7.0
pad,23,0.15,marginal-M1,298,False,0.9230769230769231,,0.0,1.0,,2.730769230769231,26,
pad,23,0.15,marginal-M2,298,False,0.8322147651006712,,0.0,1.0,,2.7114093959731544,149,
pad,23,0.15,marginal-M3,298,False,0.9230769230769231,,0.0,1.0,,3.046153846153846,65,
pad,23,0.15,marginal-M4,298,False,0.8888888888888888,,0.0,1.0,,3.2222222222222223,9,
pad,23,0.15,marginal-M5,298,False,0.5,,0.0,1.0,,1.6666666666666667,6,
hiba,24,0.05,B,163,False,0.9523809523809523,0.9133333333333333,,1.0,1.0,4.660714285714286,168,75.0
hiba,24,0.05,M1,25,False,0.9166666666666666,0.8888888888888888,0.0,1.0,1.0,5.416666666666667,12,9.0
hiba,24,0.05,M2,226,False,0.9107142857142857,0.9185393258426966,0.0,1.0,1.0,5.892857142857143,112,89.0
hiba,24,0.05,M3,24,False,0.9090909090909091,0.9,0.0,1.0,1.0,5.090909090909091,11,10.0
hiba,24,0.05,marginal-M1,396,False,1.0,,0.0,1.0,,5.75,12,
hiba,24,0.05,marginal-M2,396,False,0.9285714285714286,,0.0,1.0,,5.375,112,
hiba,24,0.05,marginal-M3,396,False,0.9090909090909091,,0.0,1.0,,5.454545454545454,11,
hiba,24,0.1,B,163,False,0.9047619047619048,0.8433333333333334,,0.9285714285714286,0.9669597069597069,3.2142857142857144,168,75.0
hiba,24,0.1,M1,25,False,0.9166666666666666,0.8888888888888888,0.0,1.0,1.0,4.083333333333333,12,9.0
hiba,24,0.1,M2,226,False,0.8303571428571429,0.8286516853932584,0.026785714285714284,0.9732142857142857,0.9775280898876404,4.392857142857143,112,89.0
hiba,24,0.1,M3,24,False,0.8181818181818182,0.8,0.0,1.0,1.0,4.0,11,10.0
hiba,24,0.1,marginal-M1,396,False,0.9166666666666666,,0.0,1.0,,4.166666666666667,12,
hiba,24,0.1,marginal-M2,396,False,0.8839285714285714,,0.017857142857142856,0.9821428571428571,,4.589285714285714,112,
hiba,24,0.1,marginal-M3,396,False,0.9090909090909091,,0.0,1.0,,4.545454545454546,11,
hiba,24,0.15,B,163,False,0.8809523809523809,0.8283333333333334,,0.875,0.9220451770451772,2.8095238095238093,168,75.0
hiba,24,0.15,M1,25,False,0.9166666666666666,0.8888888888888888,0.0,1.0,1.0,3.6666666666666665,12,9.0
hiba,24,0.15,M2,226,False,0.8035714285714286,0.800561797752809,0.05357142857142857,0.9464285714285714,0.9438202247191011,3.75,112,89.0
hiba,24,0.15,M3,24,False,0.8181818181818182,0.8,0.0,1.0,1.0,3.727272727272727,11,10.0
hiba,24,0.15,marginal-M1,396,False,0.9166666666666666,,0.0,1.0,,3.25,12,
hiba,24,0.15,marginal-M2,396,False,0.8214285714285714,,0.03571428571428571,0.9642857142857143,,3.3482142857142856,112,
hiba,24,0.15,marginal-M3,396,False,0.8181818181818182,,0.0,1.0,,3.4545454545454546,11,
pad,24,0.05,B,20,False,1.0,1.0,,1.0,1.0,3.909090909090909,22,19.0
pad,24,0.05,M1,27,False,1.0,1.0,0.0,1.0,1.0,4.111111111111111,27,13.0
pad,24,0.05,M2,165,False,0.9862068965517241,0.9871794871794871,0.0,1.0,1.0,4.055172413793104,145,104.0
pad,24,0.05,M3,68,False,0.9878048780487805,0.9807692307692307,0.0,1.0,1.0,4.280487804878049,82,52.0
pad,24,0.05,M4,10,True,1.0,1.0,0.0,1.0,1.0,5.428571428571429,7,7.0
pad,24,0.05,M5,5,True,,,,,,,0,0.0
pad,24,0.05,marginal-M1,286,False,1.0,,0.0,1.0,,3.7777777777777777,27,
pad,24,0.05,marginal-M2,286,False,0.9862068965517241,,0.0,1.0,,4.006896551724138,145,
pad,24,0.05,marginal-M3,286,False,0.975609756097561,,0.0,1.0,,4.048780487804878,82,
pad,24,0.05,marginal-M4,286,False,1.0,,0.0,1.0,,4.714285714285714,7,
pad,24,0.1,B,20,False,1.0,1.0,,0.9545454545454546,0.9473684210526315,3.4545454545454546,22,19.0
pad,24,0.1,M1,27,False,1.0,1.0,0.0,1.0,1.0,3.925925925925926,27,13.0
pad,24,0.1,M2,165,False,0.9310344827586207,0.9310897435897435,0.0,1.0,1.0,3.6,145,104.0
pad,24,0.1,M3,68,False,0.9512195121951219,0.9503205128205128,0.0,1.0,1.0,3.6097560975609757,82,52.0
pad,24,0.1,M4,10,False,1.0,1.0,0.0,1.0,1.0,4.714285714285714,7,7.0
pad,24,0.1,M5,5,True,,,,,,,0,0.0
pad,24,0.1,marginal-M1,286,False,0.9629629629629629,,0.0,1.0,,3.2222222222222223,27,
pad,24,0.1,marginal-M2,286,False,0.9310344827586207,,0.0,1.0,,3.4275862068965517,145,
pad,24,0.1,marginal-M3,286,False,0.9512195121951219,,0.0,1.0,,3.548780487804878,82,
pad,24,0.1,marginal-M4,286,False,1.0,,0.0,1.0,,3.7142857142857144,7,
pad,24,0.15,B,20,False,1.0,1.0,,0.9545454545454546,0.9473684210526315,3.272727272727273,22,19.0
pad,24,0.15,M1,27,False,1.0,1.0,0.0,1.0,1.0,3.3333333333333335,27,13.0
pad,24,0.15,M2,165,False,0.8896551724137931,0.8918269230769231,0.0,1.0,1.0,2.9034482758620688,145,104.0
pad,24,0.15,M3,68,False,0.8414634146341463,0.8445512820512822,0.0,1.0,1.0,2.8536585365853657,82,52.0
pad,24,0.15,M4,10,False,1.0,1.0,0.0,1.0,1.0,4.571428571428571,7,7.0
pad,24,0.15,M5,5,True,,,,,,,0,0.0
pad,24,0.15,marginal-M1,286,False,0.9259259259259259,,0.0,1.0,,2.6296296296296298,27,
pad,24,0.15,marginal-M2,286,False,0.8827586206896552,,0.0,1.0,,2.9793103448275864,145,
pad,24,0.15,marginal-M3,286,False,0.8902439024390244,,0.0,1.0,,3.1341463414634148,82,
pad,24,0.15,marginal-M4,286,False,1.0,,0.0,1.0,,3.5714285714285716,7,
hiba,25,0.05,B,162,False,0.9788359788359788,0.9473684210526315,,1.0,1.0,5.597883597883598,189,76.0
hiba,25,0.05,M1,25,False,1.0,1.0,0.0,1.0,1.0,5.785714285714286,14,9.0
hiba,25,0.05,M2,224,False,0.9727272727272728,0.9725274725274725,0.0,1.0,1.0,6.363636363636363,110,91.0
hiba,25,0.05,M3,26,False,0.8888888888888888,0.875,0.0,1.0,1.0,5.666666666666667,9,8.0
hiba,25,0.05,marginal-M1,396,False,1.0,,0.0,1.0,,6.0,14,
hiba,25,0.05,marginal-M2,396,False,0.9818181818181818,,0.0,1.0,,6.1909090909090905,110,
hiba,25,0.05,marginal-M3,396,False,1.0,,0.0,1.0,,6.222222222222222,9,
hiba,25,0.1,B,162,False,0.9682539682539683,0.9429824561403507,,0.9894179894179894,0.9979532163742689,3.9682539682539684,189,76.0
hiba,25,0.1,M1,25,False,1.0,1.0,0.0,1.0,1.0,5.0,14,9.0
hiba,25,0.1,M2,224,False,0.9,0.8956043956043956,0.00909090909090909,0.990909090909091,0.9945054945054945,4.836363636363636,110,91.0
hiba,25,0.1,M3,26,False,0.6666666666666666,0.6875,0.0,1.0,1.0,3.6666666666666665,9,8.0
hiba,25,0.1,marginal-M1,396,False,1.0,,0.0,1.0,,4.285714285714286,14,
hiba,25,0.1,marginal-M2,396,False,0.9454545454545454,,0.00909090909090909,0.990909090909091,,4.872727272727273,110,
hiba,25,0.1,marginal-M3,396,False,0.8888888888888888,,0.0,1.0,,4.666666666666667,9,
hiba,25,0.15,B,162,False,0.9470899470899471,0.9166666666666665,,0.8941798941798942,0.9069444444444444,2.984126984126984,189,76.0
hiba,25,0.15,M1,25,False,1.0,1.0,0.0,1.0,1.0,4.214285714285714,14,9.0
hiba,25,0.15,M2,224,False,0.8,0.816849816849817,0.03636363636363636,0.9636363636363636,0.9743589743589742,3.8181818181818183,110,91.0
hiba,25,0.15,M3,26,False,0.6666666666666666,0.6875,0.0,1.0,1.0,3.111111111111111,9,8.0
hiba,25,0.15,marginal-M1,396,False,1.0,,0.0,1.0,,3.4285714285714284,14,
hiba,25,0.15,marginal-M2,396,False,0.8636363636363636,,0.01818181818181818,0.9818181818181818,,3.7545454545454544,110,
hiba,25,0.15,marginal-M3,396,False,0.7777777777777778,,0.0,1.0,,3.7777777777777777,9,
pad,25,0.05,B,27,False,1.0,1.0,,0.9375,0.9166666666666666,3.5,16,12.0
pad,25,0.05,M1,26,False,1.0,1.0,0.0,1.0,1.0,4.285714285714286,28,14.0
pad,25,0.05,M2,162,False,0.948051948051948,0.9408099688473519,0.0,1.0,1.0,4.01948051948052,154,107.0
pad,25,0.05,M3,69,False,0.9558823529411765,0.9509803921568627,0.0,1.0,1.0,3.926470588235294,68,51.0
pad,25,0.05,M4,13,True,1.0,1.0,0.0,1.0,1.0,5.75,4,4.0
pad,25,0.05,M5,2,True,1.0,1.0,0.0,1.0,1.0,5.333333333333333,3,3.0
pad,25,0.05,marginal-M1,289,False,0.9285714285714286,,0.0,1.0,,3.75,28,
pad,25,0.05,marginal-M2,289,False,0.948051948051948,,0.0,1.0,,3.8636363636363638,154,
pad,25,0.05,marginal-M3,289,False,0.9705882352941176,,0.0,1.0,,3.8529411764705883,68,
pad,25,0.05,marginal-M4,289,False,0.75,,0.0,1.0,,5.25,4,
pad,25,0.05,marginal-M5,289,False,1.0,,0.0,1.0,,4.333333333333333,3,
pad,25,0.1,B,27,False,0.9375,0.9166666666666666,,0.9375,0.9166666666666666,2.8125,16,12.0
pad,25,0.1,M1,26,False,1.0,1.0,0.0,1.0,1.0,3.7857142857142856,28,14.0
pad,25,0.1,M2,162,False,0.8181818181818182,0.8130841121495328,0.0,1.0,1.0,2.935064935064935,154,107.0
pad,25,0.1,M3,69,False,0.9264705882352942,0.9117647058823529,0.0,1.0,1.0,2.985294117647059,68,51.0
pad,25,0.1,M4,13,False,0.5,0.5,0.0,1.0,1.0,3.25,4,4.0
pad,25,0.1,M5,2,True,1.0,1.0,0.0,1.0,1.0,4.666666666666667,3,3.0
pad,25,0.1,marginal-M1,289,False,0.8928571428571429,,0.0,1.0,,2.7857142857142856,28,
pad,25,0.1,marginal-M2,289,False,0.8181818181818182,,0.0,1.0,,3.0,154,
pad,25,0.1,marginal-M3,289,False,0.9117647058823529,,0.0,1.0,,3.073529411764706,68,
pad,25,0.1,marginal-M4,289,False,0.5,,0.0,1.0,,4.25,4,
pad,25,0.1,marginal-M5,289,False,0.6666666666666666,,0.0,1.0,,3.0,3,
pad,25,0.15,B,27,False,0.8125,0.75,,0.8125,0.8611111111111112,2.5,16,12.0
pad,25,0.15,M1,26,False,0.9285714285714286,0.9107142857142857,0.0,1.0,1.0,3.25,28,14.0
pad,25,0.15,M2,162,False,0.7727272727272727,0.777481085892301,0.0,1.0,1.0,2.6103896103896105,154,107.0
pad,25,0.15,M3,69,False,0.8823529411764706,0.8725490196078431,0.0,1.0,1.0,2.7058823529411766,68,51.0
pad,25,0.15,M4,13,False,0.5,0.5,0.0,1.0,1.0,3.25,4,4.0
pad,25,0.15,M5,2,True,1.0,1.0,0.0,1.0,1.0,4.666666666666667,3,3.0
pad,25,0.15,marginal-M1,289,False,0.8928571428571429,,0.0,1.0,,2.642857142857143,28,
pad,25,0.15,marginal-M2,289,False,0.7922077922077922,,0.0,1.0,,2.772727272727273,154,
pad,25,0.15,marginal-M3,289,False,0.8823529411764706,,0.0,1.0,,2.8088235294117645,68,
pad,25,0.15,marginal-M4,289,False,0.5,,0.0,1.0,,3.75,4,
pad,25,0.15,marginal-M5,289,False,0.6666666666666666,,0.0,1.0,,3.0,3,
hiba,26,0.05,B,161,False,0.967741935483871,0.922077922077922,,1.0,1.0,5.217741935483871,248,77.0
hiba,26,0.05,M1,24,False,1.0,1.0,0.0,1.0,1.0,6.0,17,10.0
hiba,26,0.05,M2,220,False,0.9457364341085271,0.9552631578947368,0.0,1.0,1.0,5.961240310077519,129,95.0
hiba,26,0.05,M3,28,False,1.0,1.0,0.0,1.0,1.0,6.0,11,6.0
hiba,26,0.05,marginal-M1,396,False,1.0,,0.0,1.0,,6.294117647058823,17,
hiba,26,0.05,marginal-M2,396,False,0.9534883720930233,,0.0,1.0,,5.992248062015504,129,
hiba,26,0.05,marginal-M3,396,False,1.0,,0.0,1.0,,5.636363636363637,11,
hiba,26,0.1,B,161,False,0.9516129032258065,0.8961038961038961,,0.9717741935483871,0.9931972789115645,3.806451612903226,248,77.0
hiba,26,0.1,M1,24,False,1.0,1.0,0.0,1.0,1.0,5.176470588235294,17,10.0
hiba,26,0.1,M2,220,False,0.9147286821705426,0.9289473684210526,0.023255813953488372,0.9767441860465116,0.9842105263157894,4.883720930232558,129,95.0
hiba,26,0.1,M3,28,False,1.0,1.0,0.0,1.0,1.0,4.7272727272727275,11,6.0
hiba,26,0.1,marginal-M1,396,False,1.0,,0.0,1.0,,4.529411764705882,17,
hiba,26,0.1,marginal-M2,396,False,0.9147286821705426,,0.023255813953488372,0.9767441860465116,,4.503875968992248,129,
hiba,26,0.1,marginal-M3,396,False,1.0,,0.0,1.0,,4.7272727272727275,11,
hiba,26,0.15,B,161,False,0.8991935483870968,0.7923160173160173,,0.8145161290322581,0.9302360338074626,2.721774193548387,248,77.0
hiba,26,0.15,M1,24,False,0.8823529411764706,0.9333333333333333,0.0,1.0,1.0,4.0,17,10.0
hiba,26,0.15,M2,220,False,0.875968992248062,0.8921052631578947,0.023255813953488372,0.9767441860465116,0.9842105263157894,3.9767441860465116,129,95.0
hiba,26,0.15,M3,28,False,0.7272727272727273,0.638888888888889,0.0,1.0,1.0,3.0,11,6.0
hiba,26,0.15,marginal-M1,396,False,0.8823529411764706,,0.058823529411764705,0.9411764705882353,,3.4705882352941178,17,
hiba,26,0.15,marginal-M2,396,False,0.8837209302325582,,0.031007751937984496,0.9689922480620154,,3.6589147286821704,129,
hiba,26,0.15,marginal-M3,396,False,1.0,,0.0,1.0,,3.5454545454545454,11,
pad,26,0.05,B,24,False,1.0,1.0,,1.0,1.0,3.75,16,15.0
pad,26,0.05,M1,24,False,1.0,1.0,0.0,1.0,1.0,4.269230769230769,26,16.0
pad,26,0.05,M2,160,False,0.9753086419753086,0.9801223241590213,0.0,1.0,1.0,4.074074074074074,162,109.0
pad,26,0.05,M3,69,False,0.972972972972973,0.9705882352941176,0.0,1.0,1.0,4.054054054054054,74,51.0
pad,26,0.05,M4,9,True,1.0,1.0,0.0,1.0,1.0,5.444444444444445,9,8.0
pad,26,0.05,M5,1,True,1.0,1.0,0.0,1.0,1.0,5.0,5,4.0
pad,26,0.05,marginal-M1,277,False,0.9615384615384616,,0.0,1.0,,4.0,26,
pad,26,0.05,marginal-M2,277,False,0.9753086419753086,,0.0,1.0,,4.04320987654321,162,
pad,26,0.05,marginal-M3,277,False,0.972972972972973,,0.0,1.0,,4.054054054054054,74,
pad,26,0.05,marginal-M4,277,False,1.0,,0.0,1.0,,4.666666666666667,9,
pad,26,0.05,marginal-M5,277,False,1.0,,0.0,1.0,,3.6,5,
pad,26,0.1,B,24,False,1.0,1.0,,0.9375,0.9333333333333333,3.25,16,15.0
pad,26,0.1,M1,24,False,1.0,1.0,0.0,1.0,1.0,4.1923076923076925,26,16.0
pad,26,0.1,M2,160,False,0.9506172839506173,0.9617737003058103,0.0,1.0,1.0,3.8395061728395063,162,109.0
pad,26,0.1,M3,69,False,0.9324324324324325,0.9411764705882353,0.0,1.0,1.0,3.608108108108108,74,51.0
pad,26,0.1,M4,9,False,1.0,1.0,0.0,1.0,1.0,4.555555555555555,9,8.0
pad,26,0.1,M5,1,True,1.0,1.0,0.0,1.0,1.0,5.0,5,4.0
pad,26,0.1,marginal-M1,277,False,0.9230769230769231,,0.0,1.0,,3.6538461538461537,26,
pad,26,0.1,marginal-M2,277,False,0.9506172839506173,,0.0,1.0,,3.7839506172839505,162,
pad,26,0.1,marginal-M3,277,False,0.972972972972973,,0.0,1.0,,3.864864864864865,74,
pad,26,0.1,marginal-M4,277,False,1.0,,0.0,1.0,,4.111111111111111,9,
pad,26,0.1,marginal-M5,277,False,1.0,,0.0,1.0,,3.6,5,
pad,26,0.15,B,24,False,1.0,1.0,,0.9375,0.9333333333333333,2.9375,16,15.0
pad,26,0.15,M1,24,False,0.9615384615384616,0.9791666666666666,0.0,1.0,1.0,3.423076923076923,26,16.0
pad,26,0.15,M2,160,False,0.8641975308641975,0.8906727828746177,0.0,1.0,1.0,2.9135802469135803,162,109.0
pad,26,0.15,M3,69,False,0.918918918918919,0.9215686274509803,0.0,1.0,1.0,3.0135135135135136,74,51.0
pad,26,0.15,M4,9,False,1.0,1.0,0.0,1.0,1.0,4.222222222222222,9,8.0
pad,26,0.15,M5,1,True,1.0,1.0,0.0,1.0,1.0,4.4,5,4.0
pad,26,0.15,marginal-M1,277,False,0.8076923076923077,,0.0,1.0,,2.6538461538461537,26,
pad,26,0.15,marginal-M2,277,False,0.8580246913580247,,0.0,1.0,,2.9876543209876543,162,
pad,26,0.15,marginal-M3,277,False,0.918918918918919,,0.0,1.0,,3.108108108108108,74,
pad,26,0.15,marginal-M4,277,False,0.8888888888888888,,0.0,1.0,,2.888888888888889,9,
pad,26,0.15,marginal-M5,277,False,0.6,,0.0,1.0,,2.0,5,
hiba,27,0.05,B,166,False,0.9841897233201581,0.9618055555555556,,1.0,1.0,5.189723320158103,253,72.0
hiba,27,0.05,M1,27,False,1.0,1.0,0.0,1.0,1.0,6.375,16,7.0
hiba,27,0.05,M2,220,False,0.8666666666666667,0.881578947368421,0.0,1.0,1.0,6.075,120,95.0
hiba,27,0.05,M3,24,False,1.0,1.0,0.0,1.0,1.0,6.4,10,10.0
hiba,27,0.05,marginal-M1,396,False,1.0,,0.0,1.0,,5.4375,16,
hiba,27,0.05,marginal-M2,396,False,0.8833333333333333,,0.0,1.0,,5.25,120,
hiba,27,0.05,marginal-M3,396,False,1.0,,0.0,1.0,,5.4,10,
hiba,27,0.1,B,166,False,0.9525691699604744,0.8888888888888888,,0.9367588932806324,0.9446759259259259,3.411067193675889,253,72.0
hiba,27,0.1,M1,27,False,0.875,0.9,0.0,1.0,1.0,3.8125,16,7.0
hiba,27,0.1,M2,220,False,0.8333333333333334,0.8447368421052631,0.016666666666666666,0.9833333333333333,0.9894736842105263,4.425,120,95.0
hiba,27,0.1,M3,24,False,1.0,1.0,0.0,1.0,1.0,4.9,10,10.0
hiba,27,0.1,marginal-M1,396,False,1.0,,0.0,1.0,,4.0,16,
hiba,27,0.1,marginal-M2,396,False,0.85,,0.016666666666666666,0.9833333333333333,,4.416666666666667,120,
hiba,27,0.1,marginal-M3,396,False,1.0,,0.0,1.0,,4.4,10,
hiba,27,0.15,B,166,False,0.9288537549407114,0.8559027777777778,,0.8063241106719368,0.8324790564373898,2.616600790513834,253,72.0
hiba,27,0.15,M1,27,False,0.875,0.9,0.0625,0.9375,0.9285714285714286,3.3125,16,7.0
hiba,27,0.15,M2,220,False,0.7916666666666666,0.8096491228070174,0.025,0.975,0.9789473684210527,3.816666666666667,120,95.0
hiba,27,0.15,M3,24,False,0.9,0.9,0.0,1.0,1.0,3.7,10,10.0
hiba,27,0.15,marginal-M1,396,False,0.9375,,0.0,1.0,,2.875,16,
hiba,27,0.15,marginal-M2,396,False,0.8083333333333333,,0.025,0.975,,3.35,120,
hiba,27,0.15,marginal-M3,396,False,0.9,,0.0,1.0,,3.1,10,
pad,27,0.05,B,23,False,0.9473684210526315,0.9375,,1.0,1.0,4.052631578947368,19,16.0
pad,27,0.05,M1,25,False,0.9523809523809523,0.9666666666666667,0.0,1.0,1.0,3.761904761904762,21,15.0
pad,27,0.05,M2,154,False,0.9102564102564102,0.9014492753623188,0.0,1.0,1.0,3.91025641025641,156,115.0
pad,27,0.05,M3,76,False,1.0,1.0,0.0,1.0,1.0,4.370967741935484,62,44.0
pad,27,0.05,M4,9,True,1.0,1.0,0.0,1.0,1.0,5.2,10,8.0
pad,27,0.05,M5,1,True,1.0,1.0,0.0,1.0,1.0,5.0,5,4.0
pad,27,0.05,marginal-M1,280,False,0.8571428571428571,,0.0,1.0,,3.5238095238095237,21,
pad,27,0.05,marginal-M2,280,False,0.9358974358974359,,0.0,1.0,,4.0576923076923075,156,
pad,27,0.05,marginal-M3,280,False,0.9838709677419355,,0.0,1.0,,3.967741935483871,62,
pad,27,0.05,marginal-M4,280,False,1.0,,0.0,1.0,,4.4,10,
pad,27,0.05,marginal-M5,280,False,1.0,,0.0,1.0,,3.6,5,
pad,27,0.1,B,23,False,0.9473684210526315,0.9375,,1.0,1.0,3.263157894736842,19,16.0
pad,27,0.1,M1,25,False,0.8571428571428571,0.8777777777777778,0.0,1.0,1.0,3.142857142857143,21,15.0
pad,27,0.1,M2,154,False,0.8717948717948718,0.8637681159420291,0.0,1.0,1.0,3.0,156,115.0
pad,27,0.1,M3,76,False,0.967741935483871,0.9696969696969698,0.0,1.0,1.0,3.032258064516129,62,44.0
pad,27,0.1,M4,9,False,1.0,1.0,0.0,1.0,1.0,3.9,10,8.0
pad,27,0.1,M5,1,True,1.0,1.0,0.0,1.0,1.0,4.4,5,4.0
pad,27,0.1,marginal-M1,280,False,0.7619047619047619,,0.0,1.0,,2.5238095238095237,21,
pad,27,0.1,marginal-M2,280,False,0.8717948717948718,,0.0,1.0,,3.217948717948718,156,
pad,27,0.1,marginal-M3,280,False,0.967741935483871,,0.0,1.0,,3.1129032258064515,62,
pad,27,0.1,marginal-M4,280,False,0.9,,0.0,1.0,,3.2,10,
pad,27,0.1,marginal-M5,280,False,0.8,,0.0,1.0,,2.4,5,
pad,27,0.15,B,23,False,0.8421052631578947,0.8125,,1.0,1.0,2.9473684210526314,19,16.0
pad,27,0.15,M1,25,False,0.7619047619047619,0.8111111111111111,0.0,1.0,1.0,2.5238095238095237,21,15.0
pad,27,0.15,M2,154,False,0.8525641025641025,0.8420289855072465,0.0,1.0,1.0,2.673076923076923,156,115.0
pad,27,0.15,M3,76,False,0.9354838709677419,0.944128787878788,0.0,1.0,1.0,2.7419354838709675,62,44.0
pad,27,0.15,M4,9,False,1.0,1.0,0.0,1.0,1.0,3.9,10,8.0
pad,27,0.15,M5,1,True,1.0,1.0,0.0,1.0,1.0,4.4,5,4.0
pad,27,0.15,marginal-M1,280,False,0.7142857142857143,,0.0,1.0,,2.2857142857142856,21,
pad,27,0.15,marginal-M2,280,False,0.8461538461538461,,0.0,1.0,,2.7371794871794872,156,
pad,27,0.15,marginal-M3,280,False,0.9032258064516129,,0.0,1.0,,2.693548387096774,62,
pad,27,0.15,marginal-M4,280,False,0.9,,0.0,1.0,,2.9,10,
pad,27,0.15,marginal-M5,280,False,0.6,,0.0,1.0,,2.0,5,
hiba,28,0.05,B,171,False,0.9866666666666667,0.9776119402985075,,1.0,1.0,6.113333333333333,150,67.0
hiba,28,0.05,M1,19,False,1.0,1.0,0.0,1.0,1.0,6.291666666666667,24,15.0
hiba,28,0.05,M2,219,False,0.967479674796748,0.9635416666666666,0.0,1.0,1.0,6.747967479674797,123,96.0
hiba,28,0.05,M3,26,False,1.0,1.0,0.0,1.0,1.0,6.8125,16,8.0
hiba,28,0.05,marginal-M1,396,False,1.0,,0.0,1.0,,6.333333333333333,24,
hiba,28,0.05,marginal-M2,396,False,1.0,,0.0,1.0,,6.373983739837398,123,
hiba,28,0.05,marginal-M3,396,False,1.0,,0.0,1.0,,6.375,16,
hiba,28,0.1,B,171,False,0.9733333333333334,0.9626865671641791,,0.9933333333333333,0.9991220368744512,4.46,150,67.0
hiba,28,0.1,M1,19,False,0.9166666666666666,0.9555555555555556,0.0,1.0,1.0,4.583333333333333,24,15.0
hiba,28,0.1,M2,219,False,0.9186991869918699,0.90625,0.0,1.0,1.0,5.317073170731708,123,96.0
hiba,28,0.1,M3,26,False,1.0,1.0,0.0,1.0,1.0,4.75,16,8.0
hiba,28,0.1,marginal-M1,396,False,1.0,,0.0,1.0,,4.75,24,
hiba,28,0.1,marginal-M2,396,False,0.943089430894309,,0.0,1.0,,4.9105691056910565,123,
hiba,28,0.1,marginal-M3,396,False,1.0,,0.0,1.0,,5.125,16,
hiba,28,0.15,B,171,False,0.94,0.8880597014925373,,0.8866666666666667,0.9182031021363769,3.3933333333333335,150,67.0
hiba,28,0.15,M1,19,False,0.7916666666666666,0.8222222222222223,0.0,1.0,1.0,3.625,24,15.0
hiba,28,0.15,M2,219,False,0.8699186991869918,0.8680555555555557,0.032520325203252036,0.967479674796748,0.9652777777777777,4.040650406504065,123,96.0
hiba,28,0.15,M3,26,False,0.6875,0.5416666666666667,0.0,1.0,1.0,3.1875,16,8.0
hiba,28,0.15,marginal-M1,396,False,0.9166666666666666,,0.041666666666666664,0.9583333333333334,,3.4583333333333335,24,
hiba,28,0.15,marginal-M2,396,False,0.9105691056910569,,0.008130081300813009,0.991869918699187,,4.056910569105691,123,
hiba,28,0.15,marginal-M3,396,False,1.0,,0.0,1.0,,4.0,16,
pad,28,0.05,B,24,False,0.8823529411764706,0.8666666666666667,,1.0,1.0,4.0,17,15.0
pad,28,0.05,M1,19,False,1.0,1.0,0.0,1.0,1.0,4.0285714285714285,35,21.0
pad,28,0.05,M2,155,False,0.9874213836477987,0.9868421052631579,0.0,1.0,1.0,4.069182389937107,159,114.0
pad,28,0.05,M3,67,False,0.9324324324324325,0.9245283018867925,0.0,1.0,1.0,3.27027027027027,74,53.0
pad,28,0.05,M4,5,True,1.0,1.0,0.0,1.0,1.0,4.785714285714286,14,12.0
pad,28,0.05,M5,2,True,1.0,1.0,0.0,1.0,1.0,4.5,4,3.0
pad,28,0.05,marginal-M1,266,False,1.0,,0.0,1.0,,4.371428571428571,35,
pad,28,0.05,marginal-M2,266,False,0.9685534591194969,,0.0,1.0,,4.176100628930818,159,
pad,28,0.05,marginal-M3,266,False,0.9594594594594594,,0.0,1.0,,4.027027027027027,74,
pad,28,0.05,marginal-M4,266,False,0.9285714285714286,,0.0,1.0,,4.571428571428571,14,
pad,28,0.05,marginal-M5,266,False,1.0,,0.0,1.0,,3.5,4,
pad,28,0.1,B,24,False,0.8823529411764706,0.8666666666666667,,0.9411764705882353,0.9333333333333333,3.6470588235294117,17,15.0
pad,28,0.1,M1,19,False,1.0,1.0,0.0,1.0,1.0,4.0,35,21.0
pad,28,0.1,M2,155,False,0.9182389937106918,0.9239766081871345,0.0,1.0,1.0,3.2830188679245285,159,114.0
pad,28,0.1,M3,67,False,0.8918918918918919,0.8962264150943396,0.0,1.0,1.0,2.9594594594594597,74,53.0
pad,28,0.1,M4,5,True,1.0,1.0,0.0,1.0,1.0,4.785714285714286,14,12.0
pad,28,0.1,M5,2,True,1.0,1.0,0.0,1.0,1.0,4.5,4,3.0
pad,28,0.1,marginal-M1,266,False,0.9142857142857143,,0.0,1.0,,3.4571428571428573,35,
pad,28,0.1,marginal-M2,266,False,0.8616352201257862,,0.0,1.0,,3.238993710691824,159,
pad,28,0.1,marginal-M3,266,False,0.8918918918918919,,0.0,1.0,,3.1621621621621623,74,
pad,28,0.1,marginal-M4,266,False,0.8571428571428571,,0.0,1.0,,3.4285714285714284,14,
pad,28,0.1,marginal-M5,266,False,0.75,,0.0,1.0,,2.25,4,
pad,28,0.15,B,24,False,0.8235294117647058,0.8,,0.9411764705882353,0.9333333333333333,3.411764705882353,17,15.0
pad,28,0.15,M1,19,False,1.0,1.0,0.0,1.0,1.0,3.8,35,21.0
pad,28,0.15,M2,155,False,0.8364779874213837,0.8494152046783626,0.0,1.0,1.0,2.8238993710691824,159,114.0
pad,28,0.15,M3,67,False,0.8378378378378378,0.8207547169811321,0.0,1.0,1.0,2.527027027027027,74,53.0
pad,28,0.15,M4,5,True,1.0,1.0,0.0,1.0,1.0,4.785714285714286,14,12.0
pad,28,0.15,M5,2,True,1.0,1.0,0.0,1.0,1.0,4.5,4,3.0
pad,28,0.15,marginal-M1,266,False,0.9142857142857143,,0.0,1.0,,3.1142857142857143,35,
pad,28,0.15,marginal-M2,266,False,0.8238993710691824,,0.0,1.0,,2.811320754716981,159,
pad,28,0.15,marginal-M3,266,False,0.8648648648648649,,0.0,1.0,,2.7162162162162162,74,
pad,28,0.15,marginal-M4,266,False,0.8571428571428571,,0.0,1.0,,3.2142857142857144,14,
pad,28,0.15,marginal-M5,266,False,0.5,,0.0,1.0,,1.75,4,
hiba,29,0.05,B,155,False,0.9836065573770492,0.9608433734939759,,1.0,1.0,5.64344262295082,244,83.0
hiba,29,0.05,M1,23,False,1.0,1.0,0.0,1.0,1.0,6.0,15,11.0
hiba,29,0.05,M2,231,False,0.926605504587156,0.9434523809523809,0.0,1.0,1.0,6.330275229357798,109,84.0
hiba,29,0.05,M3,20,False,1.0,1.0,0.0,1.0,1.0,6.388888888888889,18,14.0
hiba,29,0.05,marginal-M1,396,False,1.0,,0.0,1.0,,6.0,15,
hiba,29,0.05,marginal-M2,396,False,0.944954128440367,,0.0,1.0,,6.08256880733945,109,
hiba,29,0.05,marginal-M3,396,False,1.0,,0.0,1.0,,6.277777777777778,18,
hiba,29,0.1,B,155,False,0.9467213114754098,0.9176706827309236,,0.9713114754098361,0.991394148020654,3.7540983606557377,244,83.0
hiba,29,0.1,M1,23,False,0.8666666666666667,0.9393939393939394,0.0,1.0,1.0,4.133333333333334,15,11.0
hiba,29,0.1,M2,231,False,0.8899082568807339,0.8958333333333334,0.0,1.0,1.0,4.743119266055046,109,84.0
hiba,29,0.1,M3,20,False,1.0,1.0,0.0,1.0,1.0,4.944444444444445,18,14.0
hiba,29,0.1,marginal-M1,396,False,1.0,,0.0,1.0,,4.066666666666666,15,
hiba,29,0.1,marginal-M2,396,False,0.8990825688073395,,0.0,1.0,,4.513761467889908,109,
hiba,29,0.1,marginal-M3,396,False,1.0,,0.0,1.0,,4.611111111111111,18,
hiba,29,0.15,B,155,False,0.9221311475409836,0.8684738955823292,,0.8483606557377049,0.9468349588831517,2.877049180327869,244,83.0
hiba,29,0.15,M1,23,False,0.8666666666666667,0.9393939393939394,0.0,1.0,1.0,3.8666666666666667,15,11.0
hiba,29,0.15,M2,231,False,0.8073394495412844,0.8323412698412698,0.009174311926605505,0.9908256880733946,0.9880952380952381,3.889908256880734,109,84.0
hiba,29,0.15,M3,20,False,0.8333333333333334,0.8214285714285714,0.0,1.0,1.0,3.9444444444444446,18,14.0
hiba,29,0.15,marginal-M1,396,False,0.8666666666666667,,0.06666666666666667,0.9333333333333333,,2.933333333333333,15,
hiba,29,0.15,marginal-M2,396,False,0.8440366972477065,,0.0,1.0,,3.4403669724770642,109,
hiba,29,0.15,marginal-M3,396,False,0.8888888888888888,,0.0,1.0,,3.3333333333333335,18,
pad,29,0.05,B,19,False,0.9583333333333334,0.95,,1.0,1.0,3.5416666666666665,24,20.0
pad,29,0.05,M1,26,False,1.0,1.0,0.0,1.0,1.0,4.181818181818182,22,14.0
pad,29,0.05,M2,168,False,0.9530201342281879,0.9653465346534653,0.0,1.0,1.0,4.10738255033557,149,101.0
pad,29,0.05,M3,61,False,0.9882352941176471,0.9830508474576272,0.0,1.0,1.0,4.235294117647059,85,59.0
pad,29,0.05,M4,11,True,1.0,1.0,0.0,1.0,1.0,5.0,8,6.0
pad,29,0.05,M5,4,True,1.0,1.0,0.0,1.0,1.0,4.5,2,1.0
pad,29,0.05,marginal-M1,282,False,0.9090909090909091,,0.0,1.0,,3.727272727272727,22,
pad,29,0.05,marginal-M2,282,False,0.9395973154362416,,0.0,1.0,,4.0134228187919465,149,
pad,29,0.05,marginal-M3,282,False,0.9764705882352941,,0.0,1.0,,3.976470588235294,85,
pad,29,0.05,marginal-M4,282,False,1.0,,0.0,1.0,,4.375,8,
pad,29,0.05,marginal-M5,282,False,1.0,,0.0,1.0,,2.5,2,
pad,29,0.1,B,19,False,0.5416666666666666,0.525,,0.9583333333333334,0.95,2.2083333333333335,24,20.0
pad,29,0.1,M1,26,False,1.0,1.0,0.0,1.0,1.0,3.3636363636363638,22,14.0
pad,29,0.1,M2,168,False,0.912751677852349,0.9224422442244223,0.0,1.0,1.0,3.053691275167785,149,101.0
pad,29,0.1,M3,61,False,0.8941176470588236,0.8820621468926553,0.0,1.0,1.0,2.6470588235294117,85,59.0
pad,29,0.1,M4,11,False,1.0,1.0,0.0,1.0,1.0,4.0,8,6.0
pad,29,0.1,M5,4,True,1.0,1.0,0.0,1.0,1.0,4.0,2,1.0
pad,29,0.1,marginal-M1,282,False,0.9090909090909091,,0.0,1.0,,3.1363636363636362,22,
pad,29,0.1,marginal-M2,282,False,0.87248322147651,,0.0,1.0,,3.3691275167785233,149,
pad,29,0.1,marginal-M3,282,False,0.9411764705882353,,0.0,1.0,,3.411764705882353,85,
pad,29,0.1,marginal-M4,282,False,1.0,,0.0,1.0,,3.625,8,
pad,29,0.1,marginal-M5,282,False,0.5,,0.0,1.0,,1.5,2,
pad,29,0.15,B,19,False,0.5416666666666666,0.525,,0.9166666666666666,0.9333333333333333,2.0416666666666665,24,20.0
pad,29,0.15,M1,26,False,0.9090909090909091,0.8571428571428571,0.0,1.0,1.0,2.5454545454545454,22,14.0
pad,29,0.15,M2,168,False,0.87248322147651,0.8960396039603961,0.0,1.0,1.0,2.778523489932886,149,101.0
pad,29,0.15,M3,61,False,0.8823529411764706,0.8735875706214689,0.011764705882352941,0.9882352941176471,0.9830508474576272,2.4941176470588236,85,59.0
pad,29,0.15,M4,11,False,1.0,1.0,0.0,1.0,1.0,4.0,8,6.0
pad,29,0.15,M5,4,True,1.0,1.0,0.0,1.0,1.0,4.0,2,1.0
pad,29,0.15,marginal-M1,282,False,0.9090909090909091,,0.0,1.0,,2.6818181818181817,22,
pad,29,0.15,marginal-M2,282,False,0.8657718120805369,,0.0,1.0,,3.0939597315436242,149,
pad,29,0.15,marginal-M3,282,False,0.8941176470588236,,0.0,1.0,,3.011764705882353,85,
pad,29,0.15,marginal-M4,282,False,1.0,,0.0,1.0,,3.125,8,
pad,29,0.15,marginal-M5,282,False,0.5,,0.0,1.0,,0.5,2,
hiba,30,0.05,B,170,False,0.9722222222222222,0.9191176470588235,,1.0,1.0,5.763888888888889,216,68.0
hiba,30,0.05,M1,25,False,1.0,1.0,0.0,1.0,1.0,6.428571428571429,21,9.0
hiba,30,0.05,M2,218,False,0.975,0.9819587628865979,0.0,1.0,1.0,6.316666666666666,120,97.0
hiba,30,0.05,M3,21,False,1.0,1.0,0.0,1.0,1.0,6.071428571428571,14,13.0
hiba,30,0.05,marginal-M1,396,False,1.0,,0.0,1.0,,6.428571428571429,21,
hiba,30,0.05,marginal-M2,396,False,0.9833333333333333,,0.0,1.0,,6.066666666666666,120,
hiba,30,0.05,marginal-M3,396,False,1.0,,0.0,1.0,,6.071428571428571,14,
hiba,30,0.1,B,170,False,0.9537037037037037,0.892156862745098,,0.9629629629629629,0.9729790106087686,3.888888888888889,216,68.0
hiba,30,0.1,M1,25,False,1.0,1.0,0.0,1.0,1.0,4.476190476190476,21,9.0
hiba,30,0.1,M2,218,False,0.8666666666666667,0.8582474226804123,0.025,0.975,0.979381443298969,4.6,120,97.0
hiba,30,0.1,M3,21,False,0.9285714285714286,0.9230769230769231,0.0,1.0,1.0,4.714285714285714,14,13.0
hiba,30,0.1,marginal-M1,396,False,1.0,,0.0,1.0,,4.9523809523809526,21,
hiba,30,0.1,marginal-M2,396,False,0.95,,0.008333333333333333,0.9916666666666667,,4.808333333333334,120,
hiba,30,0.1,marginal-M3,396,False,1.0,,0.0,1.0,,4.785714285714286,14,
hiba,30,0.15,B,170,False,0.9120370370370371,0.8045343137254901,,0.8333333333333334,0.9182957685336577,2.9444444444444446,216,68.0
hiba,30,0.15,M1,25,False,1.0,1.0,0.0,1.0,1.0,4.0,21,9.0
hiba,30,0.15,M2,218,False,0.8,0.7943298969072164,0.05,0.95,0.9561855670103093,3.55,120,97.0
hiba,30,0.15,M3,21,False,0.8571428571428571,0.8461538461538461,0.0,1.0,1.0,3.7142857142857144,14,13.0
hiba,30,0.15,marginal-M1,396,False,1.0,,0.0,1.0,,3.7142857142857144,21,
hiba,30,0.15,marginal-M2,396,False,0.85,,0.041666666666666664,0.9583333333333334,,3.433333333333333,120,
hiba,30,0.15,marginal-M3,396,False,0.8571428571428571,,0.0,1.0,,3.642857142857143,14,
pad,30,0.05,B,24,False,1.0,1.0,,1.0,1.0,3.85,20,15.0
pad,30,0.05,M1,23,False,1.0,1.0,0.0,1.0,1.0,4.32258064516129,31,17.0
pad,30,0.05,M2,157,False,0.9819277108433735,0.9821428571428571,0.0,1.0,1.0,4.078313253012048,166,112.0
pad,30,0.05,M3,71,False,0.9178082191780822,0.9013605442176872,0.0,1.0,1.0,3.73972602739726,73,49.0
pad,30,0.05,M4,12,True,1.0,1.0,0.0,1.0,1.0,5.5,6,5.0
pad,30,0.05,M5,1,True,1.0,1.0,0.0,1.0,1.0,4.6,5,4.0
pad,30,0.05,marginal-M1,278,False,0.967741935483871,,0.0,1.0,,4.064516129032258,31,
pad,30,0.05,marginal-M2,278,False,0.9819277108433735,,0.0,1.0,,4.048192771084337,166,
pad,30,0.05,marginal-M3,278,False,0.958904109589041,,0.0,1.0,,3.9726027397260273,73,
pad,30,0.05,marginal-M4,278,False,1.0,,0.0,1.0,,4.833333333333333,6,
pad,30,0.05,marginal-M5,278,False,1.0,,0.0,1.0,,2.8,5,
pad,30,0.1,B,24,False,1.0,1.0,,0.95,0.9333333333333333,3.15,20,15.0
pad,30,0.1,M1,23,False,0.9032258064516129,0.8676470588235294,0.0,1.0,1.0,3.7419354838709675,31,17.0
pad,30,0.1,M2,157,False,0.9036144578313253,0.8898809523809523,0.006024096385542169,0.9939759036144579,0.9970238095238094,3.5481927710843375,166,112.0
pad,30,0.1,M3,71,False,0.8493150684931506,0.8273809523809524,0.0,1.0,1.0,3.328767123287671,73,49.0
pad,30,0.1,M4,12,False,1.0,1.0,0.0,1.0,1.0,4.666666666666667,6,5.0
pad,30,0.1,M5,1,True,1.0,1.0,0.0,1.0,1.0,4.6,5,4.0
pad,30,0.1,marginal-M1,278,False,0.9032258064516129,,0.0,1.0,,3.225806451612903,31,
pad,30,0.1,marginal-M2,278,False,0.9036144578313253,,0.0,1.0,,3.283132530120482,166,
pad,30,0.1,marginal-M3,278,False,0.9178082191780822,,0.0,1.0,,3.328767123287671,73,
pad,30,0.1,marginal-M4,278,False,1.0,,0.0,1.0,,3.5,6,
pad,30,0.1,marginal-M5,278,False,0.8,,0.0,1.0,,2.0,5,
pad,30,0.15,B,24,False,1.0,1.0,,0.85,0.888888888888889,2.75,20,15.0
pad,30,0.15,M1,23,False,0.9032258064516129,0.8676470588235294,0.0,1.0,1.0,3.161290322580645,31,17.0
pad,30,0.15,M2,157,False,0.8554216867469879,0.8439625850340136,0.0,1.0,1.0,2.8373493975903616,166,112.0
pad,30,0.15,M3,71,False,0.8493150684931506,0.8273809523809524,0.0,1.0,1.0,2.808219178082192,73,49.0
pad,30,0.15,M4,12,False,1.0,1.0,0.0,1.0,1.0,4.333333333333333,6,5.0
pad,30,0.15,M5,1,True,1.0,1.0,0.0,1.0,1.0,4.0,5,4.0
pad,30,0.15,marginal-M1,278,False,0.8709677419354839,,0.0,1.0,,2.903225806451613,31,
pad,30,0.15,marginal-M2,278,False,0.8433734939759037,,0.0,1.0,,2.789156626506024,166,
pad,30,0.15,marginal-M3,278,False,0.8493150684931506,,0.0,1.0,,2.863013698630137,73,
pad,30,0.15,marginal-M4,278,False,1.0,,0.0,1.0,,3.1666666666666665,6,
pad,30,0.15,marginal-M5,278,False,0.6,,0.0,1.0,,1.4,5,
hiba,31,0.05,B,161,False,0.9657142857142857,0.9318181818181818,,1.0,1.0,5.811428571428571,175,77.0
hiba,31,0.05,M1,25,False,1.0,1.0,0.0,1.0,1.0,5.866666666666666,15,9.0
hiba,31,0.05,M2,221,False,0.968503937007874,0.9813829787234043,0.0,1.0,1.0,6.291338582677166,127,94.0
hiba,31,0.05,M3,26,False,1.0,1.0,0.0,1.0,1.0,6.375,8,8.0
hiba,31,0.05,marginal-M1,396,False,1.0,,0.0,1.0,,6.533333333333333,15,
hiba,31,0.05,marginal-M2,396,False,0.968503937007874,,0.0,1.0,,6.2362204724409445,127,
hiba,31,0.05,marginal-M3,396,False,1.0,,0.0,1.0,,6.75,8,
hiba,31,0.1,B,161,False,0.9314285714285714,0.8831168831168831,,0.96,0.9757575757575757,4.177142857142857,175,77.0
hiba,31,0.1,M1,25,False,0.7333333333333333,0.8703703703703703,0.0,1.0,1.0,4.066666666666666,15,9.0
hiba,31,0.1,M2,221,False,0.937007874015748,0.9521276595744681,0.0,1.0,1.0,4.78740157480315,127,94.0
hiba,31,0.1,M3,26,False,1.0,1.0,0.0,1.0,1.0,5.0,8,8.0
hiba,31,0.1,marginal-M1,396,False,0.9333333333333333,,0.0,1.0,,4.266666666666667,15,
hiba,31,0.1,marginal-M2,396,False,0.9448818897637795,,0.0,1.0,,4.692913385826771,127,
hiba,31,0.1,marginal-M3,396,False,1.0,,0.0,1.0,,5.125,8,
hiba,31,0.15,B,161,False,0.9142857142857143,0.8642857142857142,,0.9028571428571428,0.9249639249639251,3.36,175,77.0
hiba,31,0.15,M1,25,False,0.7333333333333333,0.8703703703703703,0.0,1.0,1.0,3.7333333333333334,15,9.0
hiba,31,0.15,M2,221,False,0.889763779527559,0.9060283687943261,0.0,1.0,1.0,4.070866141732283,127,94.0
hiba,31,0.15,M3,26,False,1.0,1.0,0.0,1.0,1.0,4.125,8,8.0
hiba,31,0.15,marginal-M1,396,False,0.7333333333333333,,0.06666666666666667,0.9333333333333333,,2.933333333333333,15,
hiba,31,0.15,marginal-M2,396,False,0.9133858267716536,,0.007874015748031496,0.9921259842519685,,3.645669291338583,127,
hiba,31,0.15,marginal-M3,396,False,1.0,,0.0,1.0,,3.75,8,
pad,31,0.05,B,20,False,1.0,1.0,,0.9583333333333334,0.9473684210526315,4.041666666666667,24,19.0
pad,31,0.05,M1,27,False,0.9444444444444444,0.9230769230769231,0.0,1.0,1.0,4.444444444444445,18,13.0
pad,31,0.05,M2,167,False,0.9006622516556292,0.90359477124183,0.0,1.0,1.0,3.966887417218543,151,102.0
pad,31,0.05,M3,64,False,0.9777777777777777,0.9821428571428571,0.0,1.0,1.0,4.144444444444445,90,56.0
pad,31,0.05,M4,12,True,1.0,1.0,0.0,1.0,1.0,5.428571428571429,7,5.0
pad,31,0.05,M5,4,True,1.0,1.0,0.0,1.0,1.0,5.0,1,1.0
pad,31,0.05,marginal-M1,287,False,0.8888888888888888,,0.0,1.0,,4.333333333333333,18,
pad,31,0.05,marginal-M2,287,False,0.9139072847682119,,0.0,1.0,,3.9735099337748343,151,
pad,31,0.05,marginal-M3,287,False,0.9777777777777777,,0.0,1.0,,3.933333333333333,90,
pad,31,0.05,marginal-M4,287,False,1.0,,0.0,1.0,,4.285714285714286,7,
pad,31,0.05,marginal-M5,287,False,1.0,,0.0,1.0,,4.0,1,
pad,31,0.1,B,20,False,1.0,1.0,,0.9583333333333334,0.9473684210526315,3.5416666666666665,24,19.0
pad,31,0.1,M1,27,False,0.8888888888888888,0.8974358974358974,0.0,1.0,1.0,4.333333333333333,18,13.0
pad,31,0.1,M2,167,False,0.8675496688741722,0.866013071895425,0.0,1.0,1.0,3.576158940397351,151,102.0
pad,31,0.1,M3,64,False,0.9444444444444444,0.9494047619047619,0.0,1.0,1.0,3.488888888888889,90,56.0
pad,31,0.1,M4,12,False,1.0,1.0,0.0,1.0,1.0,4.571428571428571,7,5.0
pad,31,0.1,M5,4,True,1.0,1.0,0.0,1.0,1.0,5.0,1,1.0
pad,31,0.1,marginal-M1,287,False,0.8888888888888888,,0.0,1.0,,3.388888888888889,18,
pad,31,0.1,marginal-M2,287,False,0.8543046357615894,,0.0,1.0,,3.19205298013245,151,
pad,31,0.1,marginal-M3,287,False,0.9444444444444444,,0.0,1.0,,3.2555555555555555,90,
pad,31,0.1,marginal-M4,287,False,1.0,,0.0,1.0,,3.2857142857142856,7,
pad,31,0.1,marginal-M5,287,False,1.0,,0.0,1.0,,3.0,1,
pad,31,0.15,B,20,False,1.0,1.0,,0.875,0.8421052631578947,3.0,24,19.0
pad,31,0.15,M1,27,False,0.8888888888888888,0.8974358974358974,0.0,1.0,1.0,3.1666666666666665,18,13.0
pad,31,0.15,M2,167,False,0.7880794701986755,0.8033380018674137,0.0,1.0,1.0,2.7086092715231787,151,102.0
pad,31,0.15,M3,64,False,0.9444444444444444,0.9494047619047619,0.0,1.0,1.0,3.0,90,56.0
pad,31,0.15,M4,12,False,1.0,1.0,0.0,1.0,1.0,3.857142857142857,7,5.0
pad,31,0.15,M5,4,True,1.0,1.0,0.0,1.0,1.0,4.0,1,1.0
pad,31,0.15,marginal-M1,287,False,0.8888888888888888,,0.0,1.0,,2.9444444444444446,18,
pad,31,0.15,marginal-M2,287,False,0.7880794701986755,,0.0,1.0,,2.8211920529801326,151,
pad,31,0.15,marginal-M3,287,False,0.9,,0.0,1.0,,2.8777777777777778,90,
pad,31,0.15,marginal-M4,287,False,1.0,,0.0,1.0,,2.857142857142857,7,
pad,31,0.15,marginal-M5,287,False,1.0,,0.0,1.0,,3.0,1,
hiba,32,0.05,B,173,False,0.9699248120300752,0.9576923076923077,,1.0,1.0,5.586466165413534,133,65.0
hiba,32,0.05,M1,24,False,1.0,1.0,0.0,1.0,1.0,5.9,20,10.0
hiba,32,0.05,M2,214,False,0.9323308270676691,0.9554455445544554,0.0,1.0,1.0,6.406015037593985,133,101.0
hiba,32,0.05,M3,28,False,1.0,1.0,0.0,1.0,1.0,6.545454545454546,11,6.0
hiba,32,0.05,marginal-M1,396,False,1.0,,0.0,1.0,,5.75,20,
hiba,32,0.05,marginal-M2,396,False,0.9323308270676691,,0.0,1.0,,5.796992481203008,133,
hiba,32,0.05,marginal-M3,396,False,1.0,,0.0,1.0,,5.363636363636363,11,
hiba,32,0.1,B,173,False,0.9097744360902256,0.9128205128205128,,0.9699248120300752,0.9800000000000001,3.7142857142857144,133,65.0
hiba,32,0.1,M1,24,False,0.9,0.95,0.0,1.0,1.0,4.25,20,10.0
hiba,32,0.1,M2,214,False,0.924812030075188,0.9455445544554455,0.0,1.0,1.0,5.112781954887218,133,101.0
hiba,32,0.1,M3,28,False,1.0,1.0,0.0,1.0,1.0,4.545454545454546,11,6.0
hiba,32,0.1,marginal-M1,396,False,0.95,,0.0,1.0,,4.5,20,
hiba,32,0.1,marginal-M2,396,False,0.924812030075188,,0.0,1.0,,4.864661654135339,133,
hiba,32,0.1,marginal-M3,396,False,1.0,,0.0,1.0,,4.636363636363637,11,
hiba,32,0.15,B,173,False,0.8947368421052632,0.8935897435897435,,0.8872180451127819,0.9205128205128206,3.0225563909774436,133,65.0
hiba,32,0.15,M1,24,False,0.9,0.95,0.0,1.0,1.0,4.05,20,10.0
hiba,32,0.15,M2,214,False,0.8947368421052632,0.9158415841584159,0.0,1.0,1.0,4.353383458646617,133,101.0
hiba,32,0.15,M3,28,False,0.9090909090909091,0.8333333333333334,0.0,1.0,1.0,3.1818181818181817,11,6.0
hiba,32,0.15,marginal-M1,396,False,0.95,,0.0,1.0,,3.7,20,
hiba,32,0.15,marginal-M2,396,False,0.9022556390977443,,0.0,1.0,,3.9774436090225564,133,
hiba,32,0.15,marginal-M3,396,False,1.0,,0.0,1.0,,4.0,11,
pad,32,0.05,B,25,False,0.8888888888888888,0.8571428571428571,,1.0,1.0,3.7222222222222223,18,14.0
pad,32,0.05,M1,24,False,0.9629629629629629,0.96875,0.0,1.0,1.0,3.6666666666666665,27,16.0
pad,32,0.05,M2,157,False,0.9382716049382716,0.9360119047619048,0.0,1.0,1.0,3.5308641975308643,162,112.0
pad,32,0.05,M3,71,False,0.9850746268656716,0.9897959183673469,0.0,1.0,1.0,3.9402985074626864,67,49.0
pad,32,0.05,M4,9,True,1.0,1.0,0.0,1.0,1.0,4.777777777777778,9,8.0
pad,32,0.05,M5,3,True,1.0,1.0,0.0,1.0,1.0,4.0,2,2.0
pad,32,0.05,marginal-M1,280,False,0.8888888888888888,,0.0,1.0,,3.5925925925925926,27,
pad,32,0.05,marginal-M2,280,False,0.9320987654320988,,0.0,1.0,,3.9074074074074074,162,
pad,32,0.05,marginal-M3,280,False,0.9850746268656716,,0.0,1.0,,3.955223880597015,67,
pad,32,0.05,marginal-M4,280,False,0.8888888888888888,,0.0,1.0,,4.444444444444445,9,
pad,32,0.05,marginal-M5,280,False,1.0,,0.0,1.0,,2.5,2,
pad,32,0.1,B,25,False,0.8888888888888888,0.8571428571428571,,1.0,1.0,3.3333333333333335,18,14.0
pad,32,0.1,M1,24,False,0.8888888888888888,0.8854166666666666,0.0,1.0,1.0,3.4074074074074074,27,16.0
pad,32,0.1,M2,157,False,0.8641975308641975,0.8720238095238094,0.0,1.0,1.0,3.0987654320987654,162,112.0
pad,32,0.1,M3,71,False,0.9104477611940298,0.9081632653061225,0.0,1.0,1.0,3.1194029850746268,67,49.0
pad,32,0.1,M4,9,False,0.6666666666666666,0.6875,0.0,1.0,1.0,2.888888888888889,9,8.0
pad,32,0.1,M5,3,True,1.0,1.0,0.0,1.0,1.0,4.0,2,2.0
pad,32,0.1,marginal-M1,280,False,0.8148148148148148,,0.0,1.0,,2.7037037037037037,27,
pad,32,0.1,marginal-M2,280,False,0.8209876543209876,,0.0,1.0,,3.049382716049383,162,
pad,32,0.1,marginal-M3,280,False,0.9104477611940298,,0.0,1.0,,3.1940298507462686,67,
pad,32,0.1,marginal-M4,280,False,0.7777777777777778,,0.0,1.0,,3.3333333333333335,9,
pad,32,0.1,marginal-M5,280,False,1.0,,0.0,1.0,,2.0,2,
pad,32,0.15,B,25,False,0.7777777777777778,0.7142857142857143,,0.8888888888888888,0.9523809523809524,2.7777777777777777,18,14.0
pad,32,0.15,M1,24,False,0.8148148148148148,0.8229166666666666,0.0,1.0,1.0,2.740740740740741,27,16.0
pad,32,0.15,M2,157,False,0.808641975308642,0.8169642857142858,0.0,1.0,1.0,2.697530864197531,162,112.0
pad,32,0.15,M3,71,False,0.8208955223880597,0.8316326530612245,0.0,1.0,1.0,2.671641791044776,67,49.0
pad,32,0.15,M4,9,False,0.6666666666666666,0.6875,0.0,1.0,1.0,2.888888888888889,9,8.0
pad,32,0.15,M5,3,True,1.0,1.0,0.0,1.0,1.0,4.0,2,2.0
pad,32,0.15,marginal-M1,280,False,0.8148148148148148,,0.0,1.0,,2.5555555555555554,27,
pad,32,0.15,marginal-M2,280,False,0.7839506172839507,,0.0,1.0,,2.753086419753086,162,
pad,32,0.15,marginal-M3,280,False,0.8507462686567164,,0.0,1.0,,2.91044776119403,67,
pad,32,0.15,marginal-M4,280,False,0.7777777777777778,,0.0,1.0,,3.2222222222222223,9,
pad,32,0.15,marginal-M5,280,False,0.5,,0.0,1.0,,1.0,2,
hiba,33,0.05,B,170,False,0.9886792452830189,0.9632352941176471,,1.0,1.0,5.913207547169812,265,68.0
hiba,33,0.05,M1,26,False,1.0,1.0,0.0,1.0,1.0,6.875,16,8.0
hiba,33,0.05,M2,214,False,0.952,0.9579207920792079,0.0,1.0,1.0,6.56,125,101.0
hiba,33,0.05,M3,30,False,1.0,1.0,0.0,1.0,1.0,6.6,5,4.0
hiba,33,0.05,marginal-M1,396,False,1.0,,0.0,1.0,,6.125,16,
hiba,33,0.05,marginal-M2,396,False,0.952,,0.0,1.0,,5.416,125,
hiba,33,0.05,marginal-M3,396,False,1.0,,0.0,1.0,,6.2,5,
hiba,33,0.1,B,170,False,0.9622641509433962,0.9068627450980392,,0.9547169811320755,0.9592329239388064,3.8037735849056604,265,68.0
hiba,33,0.1,M1,26,False,0.875,0.9375,0.0,1.0,1.0,4.5,16,8.0
hiba,33,0.1,M2,214,False,0.904,0.9084158415841584,0.008,0.992,0.995049504950495,4.672,125,101.0
hiba,33,0.1,M3,30,False,0.8,0.875,0.0,1.0,1.0,5.0,5,4.0
hiba,33,0.1,marginal-M1,396,False,0.9375,,0.0,1.0,,4.9375,16,
hiba,33,0.1,marginal-M2,396,False,0.928,,0.0,1.0,,4.664,125,
hiba,33,0.1,marginal-M3,396,False,1.0,,0.0,1.0,,5.2,5,
hiba,33,0.15,B,170,False,0.9433962264150944,0.8547794117647058,,0.8528301886792453,0.9079396502190621,3.0,265,68.0
hiba,33,0.15,M1,26,False,0.8125,0.9125,0.0,1.0,1.0,3.875,16,8.0
hiba,33,0.15,M2,214,False,0.856,0.8605610561056105,0.032,0.968,0.9727722772277227,3.84,125,101.0
hiba,33,0.15,M3,30,False,0.8,0.875,0.0,1.0,1.0,3.4,5,4.0
hiba,33,0.15,marginal-M1,396,False,0.875,,0.0,1.0,,2.875,16,
hiba,33,0.15,marginal-M2,396,False,0.856,,0.016,0.984,,3.184,125,
hiba,33,0.15,marginal-M3,396,False,0.8,,0.0,1.0,,2.6,5,
pad,33,0.05,B,20,False,0.9090909090909091,0.8947368421052632,,1.0,1.0,3.909090909090909,22,19.0
pad,33,0.05,M1,16,True,1.0,1.0,0.0,1.0,1.0,4.325,40,24.0
pad,33,0.05,M2,176,False,0.9701492537313433,0.9695340501792113,0.0,1.0,1.0,3.6194029850746268,134,93.0
pad,33,0.05,M3,68,False,0.948051948051948,0.9423076923076923,0.0,1.0,1.0,3.311688311688312,77,52.0
pad,33,0.05,M4,11,True,1.0,1.0,0.0,1.0,1.0,4.714285714285714,7,6.0
pad,33,0.05,M5,2,True,1.0,1.0,0.0,1.0,1.0,4.0,4,3.0
pad,33,0.05,marginal-M1,285,False,0.9,,0.0,1.0,,3.9,40,
pad,33,0.05,marginal-M2,285,False,0.9552238805970149,,0.0,1.0,,4.074626865671642,134,
pad,33,0.05,marginal-M3,285,False,0.961038961038961,,0.0,1.0,,4.077922077922078,77,
pad,33,0.05,marginal-M4,285,False,0.8571428571428571,,0.0,1.0,,4.571428571428571,7,
pad,33,0.05,marginal-M5,285,False,1.0,,0.0,1.0,,3.25,4,
pad,33,0.1,B,20,False,0.9090909090909091,0.8947368421052632,,0.9545454545454546,0.9473684210526315,3.5454545454545454,22,19.0
pad,33,0.1,M1,16,False,0.975,0.9791666666666666,0.0,1.0,1.0,3.575,40,24.0
pad,33,0.1,M2,176,False,0.9253731343283582,0.917562724014337,0.0,1.0,1.0,3.253731343283582,134,93.0
pad,33,0.1,M3,68,False,0.948051948051948,0.9423076923076923,0.0,1.0,1.0,3.064935064935065,77,52.0
pad,33,0.1,M4,11,False,0.8571428571428571,0.8333333333333334,0.0,1.0,1.0,3.4285714285714284,7,6.0
pad,33,0.1,M5,2,True,1.0,1.0,0.0,1.0,1.0,4.0,4,3.0
pad,33,0.1,marginal-M1,285,False,0.85,,0.0,1.0,,3.025,40,
pad,33,0.1,marginal-M2,285,False,0.8805970149253731,,0.0,1.0,,3.2686567164179103,134,
pad,33,0.1,marginal-M3,285,False,0.948051948051948,,0.0,1.0,,3.2467532467532467,77,
pad,33,0.1,marginal-M4,285,False,0.8571428571428571,,0.0,1.0,,3.7142857142857144,7,
pad,33,0.1,marginal-M5,285,False,0.75,,0.0,1.0,,2.0,4,
pad,33,0.15,B,20,False,0.8636363636363636,0.8421052631578947,,0.8636363636363636,0.8421052631578947,2.909090909090909,22,19.0
pad,33,0.15,M1,16,False,0.7,0.6527777777777778,0.0,1.0,1.0,2.15,40,24.0
pad,33,0.15,M2,176,False,0.8059701492537313,0.8001792114695341,0.0,1.0,1.0,2.6865671641791047,134,93.0
pad,33,0.15,M3,68,False,0.8961038961038961,0.8918269230769231,0.0,1.0,1.0,2.688311688311688,77,52.0
pad,33,0.15,M4,11,False,0.8571428571428571,0.8333333333333334,0.0,1.0,1.0,3.4285714285714284,7,6.0
pad,33,0.15,M5,2,True,1.0,1.0,0.0,1.0,1.0,4.0,4,3.0
pad,33,0.15,marginal-M1,285,False,0.825,,0.0,1.0,,2.675,40,
pad,33,0.15,marginal-M2,285,False,0.8059701492537313,,0.0,1.0,,2.7686567164179103,134,
pad,33,0.15,marginal-M3,285,False,0.8961038961038961,,0.0,1.0,,2.8181818181818183,77,
pad,33,0.15,marginal-M4,285,False,0.8571428571428571,,0.0,1.0,,3.142857142857143,7,
pad,33,0.15,marginal-M5,285,False,0.75,,0.0,1.0,,1.75,4,
hiba,34,0.05,B,167,False,0.9538461538461539,0.9025821596244132,,1.0,1.0,5.092307692307692,195,71.0
hiba,34,0.05,M1,22,False,0.8333333333333334,0.8333333333333334,0.0,1.0,1.0,5.166666666666667,18,12.0
hiba,34,0.05,M2,218,False,0.9016393442622951,0.9072164948453608,0.0,1.0,1.0,5.959016393442623,122,97.0
hiba,34,0.05,M3,29,False,0.8333333333333334,0.8,0.0,1.0,1.0,5.666666666666667,6,5.0
hiba,34,0.05,marginal-M1,396,False,1.0,,0.0,1.0,,5.888888888888889,18,
hiba,34,0.05,marginal-M2,396,False,0.9180327868852459,,0.0,1.0,,5.377049180327869,122,
hiba,34,0.05,marginal-M3,396,False,0.8333333333333334,,0.0,1.0,,5.5,6,
hiba,34,0.1,B,167,False,0.9025641025641026,0.8258215962441313,,0.9282051282051282,0.9559585583677503,3.2512820512820513,195,71.0
hiba,34,0.1,M1,22,False,0.8333333333333334,0.8333333333333334,0.0,1.0,1.0,4.111111111111111,18,12.0
hiba,34,0.1,M2,218,False,0.8360655737704918,0.8350515463917526,0.02459016393442623,0.9754098360655737,0.9742268041237113,4.245901639344262,122,97.0
hiba,34,0.1,M3,29,False,0.8333333333333334,0.8,0.0,1.0,1.0,4.833333333333333,6,5.0
hiba,34,0.1,marginal-M1,396,False,0.9444444444444444,,0.0,1.0,,4.222222222222222,18,
hiba,34,0.1,marginal-M2,396,False,0.8360655737704918,,0.02459016393442623,0.9754098360655737,,3.8524590163934427,122,
hiba,34,0.1,marginal-M3,396,False,0.8333333333333334,,0.0,1.0,,4.333333333333333,6,
hiba,34,0.15,B,167,False,0.8512820512820513,0.7484672742336371,,0.8769230769230769,0.9326079282713826,2.594871794871795,195,71.0
hiba,34,0.15,M1,22,False,0.7777777777777778,0.8055555555555557,0.05555555555555555,0.9444444444444444,0.9583333333333334,3.7222222222222223,18,12.0
hiba,34,0.15,M2,218,False,0.8032786885245902,0.8041237113402062,0.02459016393442623,0.9754098360655737,0.9742268041237113,3.540983606557377,122,97.0
hiba,34,0.15,M3,29,False,0.8333333333333334,0.8,0.0,1.0,1.0,4.333333333333333,6,5.0
hiba,34,0.15,marginal-M1,396,False,0.9444444444444444,,0.0,1.0,,3.5555555555555554,18,
hiba,34,0.15,marginal-M2,396,False,0.8278688524590164,,0.02459016393442623,0.9754098360655737,,3.3852459016393444,122,
hiba,34,0.15,marginal-M3,396,False,0.8333333333333334,,0.0,1.0,,4.0,6,
pad,34,0.05,B,24,False,1.0,1.0,,1.0,1.0,4.625,16,15.0
pad,34,0.05,M1,22,False,0.96875,0.9722222222222222,0.0,1.0,1.0,3.875,32,18.0
pad,34,0.05,M2,153,False,0.9548022598870056,0.9554597701149425,0.0,1.0,1.0,4.096045197740113,177,116.0
pad,34,0.05,M3,70,False,0.9710144927536232,0.96,0.0,1.0,1.0,3.8115942028985508,69,50.0
pad,34,0.05,M4,11,True,1.0,1.0,0.0,1.0,1.0,5.666666666666667,6,6.0
pad,34,0.05,M5,3,True,1.0,1.0,0.0,1.0,1.0,5.0,2,2.0
pad,34,0.05,marginal-M1,274,False,0.9375,,0.0,1.0,,3.5,32,
pad,34,0.05,marginal-M2,274,False,0.943502824858757,,0.0,1.0,,3.8983050847457625,177,
pad,34,0.05,marginal-M3,274,False,0.9710144927536232,,0.0,1.0,,3.753623188405797,69,
pad,34,0.05,marginal-M4,274,False,0.8333333333333334,,0.0,1.0,,4.333333333333333,6,
pad,34,0.05,marginal-M5,274,False,1.0,,0.0,1.0,,4.0,2,
pad,34,0.1,B,24,False,0.9375,0.9333333333333333,,0.875,0.8666666666666667,3.3125,16,15.0
pad,34,0.1,M1,22,False,0.9375,0.9166666666666666,0.0,1.0,1.0,3.40625,32,18.0
pad,34,0.1,M2,153,False,0.9209039548022598,0.9195402298850573,0.0,1.0,1.0,3.2994350282485874,177,116.0
pad,34,0.1,M3,70,False,0.9130434782608695,0.9233333333333335,0.0,1.0,1.0,2.8840579710144927,69,50.0
pad,34,0.1,M4,11,False,0.8333333333333334,0.8333333333333334,0.0,1.0,1.0,3.6666666666666665,6,6.0
pad,34,0.1,M5,3,True,1.0,1.0,0.0,1.0,1.0,4.0,2,2.0
pad,34,0.1,marginal-M1,274,False,0.875,,0.0,1.0,,2.84375,32,
pad,34,0.1,marginal-M2,274,False,0.8926553672316384,,0.0,1.0,,3.2655367231638417,177,
pad,34,0.1,marginal-M3,274,False,0.9130434782608695,,0.0,1.0,,3.217391304347826,69,
pad,34,0.1,marginal-M4,274,False,0.8333333333333334,,0.0,1.0,,3.8333333333333335,6,
pad,34,0.1,marginal-M5,274,False,1.0,,0.0,1.0,,3.0,2,
pad,34,0.15,B,24,False,0.875,0.8666666666666667,,0.875,0.8666666666666667,3.25,16,15.0
pad,34,0.15,M1,22,False,0.9375,0.9166666666666666,0.0,1.0,1.0,3.21875,32,18.0
pad,34,0.15,M2,153,False,0.8700564971751412,0.8735632183908045,0.0,1.0,1.0,2.9096045197740112,177,116.0
pad,34,0.15,M3,70,False,0.7681159420289855,0.7683333333333334,0.0,1.0,1.0,2.5072463768115942,69,50.0
pad,34,0.15,M4,11,False,0.8333333333333334,0.8333333333333334,0.0,1.0,1.0,3.6666666666666665,6,6.0
pad,34,0.15,M5,3,True,1.0,1.0,0.0,1.0,1.0,4.0,2,2.0
pad,34,0.15,marginal-M1,274,False,0.84375,,0.0,1.0,,2.5625,32,
pad,34,0.15,marginal-M2,274,False,0.8700564971751412,,0.0,1.0,,3.073446327683616,177,
pad,34,0.15,marginal-M3,274,False,0.8840579710144928,,0.0,1.0,,2.927536231884058,69,
pad,34,0.15,marginal-M4,274,False,0.8333333333333334,,0.0,1.0,,3.5,6,
pad,34,0.15,marginal-M5,274,False,1.0,,0.0,1.0,,3.0,2,
hiba,35,0.05,B,157,False,1.0,1.0,,1.0,1.0,5.978835978835979,189,81.0
hiba,35,0.05,M1,24,False,0.9375,0.9,0.0,1.0,1.0,6.75,16,10.0
hiba,35,0.05,M2,225,False,0.9576271186440678,0.9694444444444444,0.0,1.0,1.0,7.127118644067797,118,90.0
hiba,35,0.05,M3,25,False,0.9285714285714286,0.8888888888888888,0.0,1.0,1.0,6.428571428571429,14,9.0
hiba,35,0.05,marginal-M1,396,False,1.0,,0.0,1.0,,6.625,16,
hiba,35,0.05,marginal-M2,396,False,0.9745762711864406,,0.0,1.0,,6.033898305084746,118,
hiba,35,0.05,marginal-M3,396,False,1.0,,0.0,1.0,,5.785714285714286,14,
hiba,35,0.1,B,157,False,0.9682539682539683,0.9382716049382716,,0.9735449735449735,0.99118050512386,3.873015873015873,189,81.0
hiba,35,0.1,M1,24,False,0.9375,0.9,0.0,1.0,1.0,5.5,16,10.0
hiba,35,0.1,M2,225,False,0.8728813559322034,0.8722222222222222,0.0,1.0,1.0,4.9491525423728815,118,90.0
hiba,35,0.1,M3,25,False,0.9285714285714286,0.8888888888888888,0.0,1.0,1.0,4.571428571428571,14,9.0
hiba,35,0.1,marginal-M1,396,False,0.9375,,0.0,1.0,,4.8125,16,
hiba,35,0.1,marginal-M2,396,False,0.9152542372881356,,0.0,1.0,,4.661016949152542,118,
hiba,35,0.1,marginal-M3,396,False,0.9285714285714286,,0.0,1.0,,4.571428571428571,14,
hiba,35,0.15,B,157,False,0.9470899470899471,0.897119341563786,,0.8412698412698413,0.9314492051964818,2.7830687830687832,189,81.0
hiba,35,0.15,M1,24,False,0.8125,0.8,0.0,1.0,1.0,4.25,16,10.0
hiba,35,0.15,M2,225,False,0.7966101694915254,0.8222222222222222,0.0423728813559322,0.9576271186440678,0.9657407407407407,3.889830508474576,118,90.0
hiba,35,0.15,M3,25,False,0.8571428571428571,0.7777777777777778,0.0,1.0,1.0,3.357142857142857,14,9.0
hiba,35,0.15,marginal-M1,396,False,0.9375,,0.0,1.0,,3.5,16,
hiba,35,0.15,marginal-M2,396,False,0.8135593220338984,,0.01694915254237288,0.9830508474576272,,3.2542372881355934,118,
hiba,35,0.15,marginal-M3,396,False,0.8571428571428571,,0.0,1.0,,3.357142857142857,14,
pad,35,0.05,B,15,True,1.0,1.0,,1.0,1.0,6.357142857142857,28,24.0
pad,35,0.05,M1,22,False,1.0,1.0,0.0,1.0,1.0,7.32258064516129,31,18.0
pad,35,0.05,M2,159,False,0.9487179487179487,0.9484848484848485,0.0,1.0,1.0,6.955128205128205,156,110.0
pad,35,0.05,M3,69,False,0.9558823529411765,0.9509803921568627,0.0,1.0,1.0,6.882352941176471,68,51.0
pad,35,0.05,M4,9,True,1.0,1.0,0.0,1.0,1.0,8.0,11,8.0
pad,35,0.05,M5,4,True,1.0,1.0,0.0,1.0,1.0,8.0,2,1.0
pad,35,0.05,marginal-M1,274,False,0.9354838709677419,,0.0,1.0,,3.870967741935484,31,
pad,35,0.05,marginal-M2,274,False,0.9358974358974359,,0.0,1.0,,3.980769230769231,156,
pad,35,0.05,marginal-M3,274,False,0.9558823529411765,,0.0,1.0,,4.102941176470588,68,
pad,35,0.05,marginal-M4,274,False,1.0,,0.0,1.0,,4.545454545454546,11,
pad,35,0.05,marginal-M5,274,False,1.0,,0.0,1.0,,2.5,2,
pad,35,0.1,B,15,False,0.9285714285714286,0.9166666666666666,,0.9642857142857143,0.9583333333333334,3.392857142857143,28,24.0
pad,35,0.1,M1,22,False,1.0,1.0,0.0,1.0,1.0,3.806451612903226,31,18.0
pad,35,0.1,M2,159,False,0.8782051282051282,0.8727272727272727,0.0,1.0,1.0,3.0576923076923075,156,110.0
pad,35,0.1,M3,69,False,0.9264705882352942,0.9411764705882353,0.0,1.0,1.0,3.161764705882353,68,51.0
pad,35,0.1,M4,9,False,1.0,1.0,0.0,1.0,1.0,4.181818181818182,11,8.0
pad,35,0.1,M5,4,True,1.0,1.0,0.0,1.0,1.0,4.0,2,1.0
pad,35,0.1,marginal-M1,274,False,0.8709677419354839,,0.0,1.0,,3.3870967741935485,31,
pad,35,0.1,marginal-M2,274,False,0.8782051282051282,,0.0,1.0,,3.2756410256410255,156,
pad,35,0.1,marginal-M3,274,False,0.9411764705882353,,0.0,1.0,,3.4705882352941178,68,
pad,35,0.1,marginal-M4,274,False,1.0,,0.0,1.0,,3.5454545454545454,11,
pad,35,0.1,marginal-M5,274,False,0.5,,0.0,1.0,,1.0,2,
pad,35,0.15,B,15,False,0.9285714285714286,0.9166666666666666,,0.9642857142857143,0.9583333333333334,3.2142857142857144,28,24.0
pad,35,0.15,M1,22,False,0.967741935483871,0.9444444444444444,0.0,1.0,1.0,3.7419354838709675,31,18.0
pad,35,0.15,M2,159,False,0.8333333333333334,0.8358225108225109,0.0,1.0,1.0,2.782051282051282,156,110.0
pad,35,0.15,M3,69,False,0.8529411764705882,0.8529411764705882,0.0,1.0,1.0,2.838235294117647,68,51.0
pad,35,0.15,M4,9,False,1.0,1.0,0.0,1.0,1.0,4.181818181818182,11,8.0
pad,35,0.15,M5,4,True,1.0,1.0,0.0,1.0,1.0,4.0,2,1.0
pad,35,0.15,marginal-M1,274,False,0.8709677419354839,,0.0,1.0,,3.0,31,
pad,35,0.15,marginal-M2,274,False,0.8333333333333334,,0.0,1.0,,2.8461538461538463,156,
pad,35,0.15,marginal-M3,274,False,0.8823529411764706,,0.0,1.0,,3.0,68,
pad,35,0.15,marginal-M4,274,False,1.0,,0.0,1.0,,2.909090909090909,11,
pad,35,0.15,marginal-M5,274,False,0.5,,0.0,1.0,,0.5,2,
hiba,36,0.05,B,170,False,0.9850746268656716,0.9816176470588235,,1.0,1.0,6.417910447761194,134,68.0
hiba,36,0.05,M1,20,False,1.0,1.0,0.0,1.0,1.0,6.478260869565218,23,14.0
hiba,36,0.05,M2,217,False,0.9699248120300752,0.9872448979591837,0.0,1.0,1.0,6.894736842105263,133,98.0
hiba,36,0.05,M3,21,False,1.0,1.0,0.0,1.0,1.0,6.5,18,13.0
hiba,36,0.05,marginal-M1,396,False,1.0,,0.0,1.0,,6.086956521739131,23,
hiba,36,0.05,marginal-M2,396,False,0.9699248120300752,,0.0,1.0,,6.067669172932331,133,
hiba,36,0.05,marginal-M3,396,False,1.0,,0.0,1.0,,6.277777777777778,18,
hiba,36,0.1,B,170,False,0.9328358208955224,0.9178921568627452,,0.9925373134328358,0.9975490196078433,4.388059701492537,134,68.0
hiba,36,0.1,M1,20,False,1.0,1.0,0.0,1.0,1.0,4.913043478260869,23,14.0
hiba,36,0.1,M2,217,False,0.9624060150375939,0.9821428571428571,0.0,1.0,1.0,5.12781954887218,133,98.0
hiba,36,0.1,M3,21,False,1.0,1.0,0.0,1.0,1.0,5.055555555555555,18,13.0
hiba,36,0.1,marginal-M1,396,False,1.0,,0.0,1.0,,5.086956521739131,23,
hiba,36,0.1,marginal-M2,396,False,0.9624060150375939,,0.0,1.0,,5.2180451127819545,133,
hiba,36,0.1,marginal-M3,396,False,1.0,,0.0,1.0,,5.444444444444445,18,
hiba,36,0.15,B,170,False,0.9029850746268657,0.877450980392157,,0.9477611940298507,0.9681372549019609,3.3805970149253732,134,68.0
hiba,36,0.15,M1,20,False,0.9130434782608695,0.9285714285714286,0.0,1.0,1.0,4.043478260869565,23,14.0
hiba,36,0.15,M2,217,False,0.8947368421052632,0.9107142857142857,0.007518796992481203,0.9924812030075187,0.9948979591836735,4.195488721804511,133,98.0
hiba,36,0.15,M3,21,False,0.9444444444444444,0.9615384615384616,0.0,1.0,1.0,4.444444444444445,18,13.0
hiba,36,0.15,marginal-M1,396,False,1.0,,0.0,1.0,,3.8260869565217392,23,
hiba,36,0.15,marginal-M2,396,False,0.9022556390977443,,0.015037593984962405,0.9849624060150376,,3.81203007518797,133,
hiba,36,0.15,marginal-M3,396,False,0.9444444444444444,,0.0,1.0,,4.166666666666667,18,
pad,36,0.05,B,30,False,1.0,1.0,,1.0,1.0,4.363636363636363,11,9.0
pad,36,0.05,M1,24,False,1.0,1.0,0.0,1.0,1.0,4.310344827586207,29,16.0
pad,36,0.05,M2,159,False,0.9545454545454546,0.9515151515151514,0.0,1.0,1.0,4.038961038961039,154,110.0
pad,36,0.05,M3,69,False,0.9850746268656716,0.9901960784313726,0.0,1.0,1.0,4.3283582089552235,67,51.0
pad,36,0.05,M4,12,True,1.0,1.0,0.0,1.0,1.0,5.285714285714286,7,5.0
pad,36,0.05,M5,3,True,1.0,1.0,0.0,1.0,1.0,4.333333333333333,3,2.0
pad,36,0.05,marginal-M1,286,False,0.9655172413793104,,0.0,1.0,,4.137931034482759,29,
pad,36,0.05,marginal-M2,286,False,0.961038961038961,,0.0,1.0,,4.097402597402597,154,
pad,36,0.05,marginal-M3,286,False,0.9850746268656716,,0.0,1.0,,4.208955223880597,67,
pad,36,0.05,marginal-M4,286,False,1.0,,0.0,1.0,,4.714285714285714,7,
pad,36,0.05,marginal-M5,286,False,1.0,,0.0,1.0,,2.0,3,
pad,36,0.1,B,30,False,1.0,1.0,,1.0,1.0,3.6363636363636362,11,9.0
pad,36,0.1,M1,24,False,1.0,1.0,0.0,1.0,1.0,3.6206896551724137,29,16.0
pad,36,0.1,M2,159,False,0.8961038961038961,0.9,0.0,1.0,1.0,3.116883116883117,154,110.0
pad,36,0.1,M3,69,False,0.9850746268656716,0.9901960784313726,0.0,1.0,1.0,3.4776119402985075,67,51.0
pad,36,0.1,M4,12,False,1.0,1.0,0.0,1.0,1.0,4.285714285714286,7,5.0
pad,36,0.1,M5,3,True,1.0,1.0,0.0,1.0,1.0,4.0,3,2.0
pad,36,0.1,marginal-M1,286,False,0.9310344827586207,,0.0,1.0,,3.3448275862068964,29,
pad,36,0.1,marginal-M2,286,False,0.8831168831168831,,0.0,1.0,,3.324675324675325,154,
pad,36,0.1,marginal-M3,286,False,0.9701492537313433,,0.0,1.0,,3.5671641791044775,67,
pad,36,0.1,marginal-M4,286,False,1.0,,0.0,1.0,,3.5714285714285716,7,
pad,36,0.1,marginal-M5,286,False,0.6666666666666666,,0.0,1.0,,1.3333333333333333,3,
pad,36,0.15,B,30,False,1.0,1.0,,1.0,1.0,3.4545454545454546,11,9.0
pad,36,0.15,M1,24,False,0.9655172413793104,0.9791666666666666,0.0,1.0,1.0,3.4482758620689653,29,16.0
pad,36,0.15,M2,159,False,0.8051948051948052,0.8196969696969696,0.0,1.0,1.0,2.707792207792208,154,110.0
pad,36,0.15,M3,69,False,0.9402985074626866,0.9705882352941176,0.0,1.0,1.0,3.2238805970149254,67,51.0
pad,36,0.15,M4,12,False,1.0,1.0,0.0,1.0,1.0,4.285714285714286,7,5.0
pad,36,0.15,M5,3,True,1.0,1.0,0.0,1.0,1.0,4.0,3,2.0
pad,36,0.15,marginal-M1,286,False,0.9310344827586207,,0.0,1.0,,2.896551724137931,29,
pad,36,0.15,marginal-M2,286,False,0.8506493506493507,,0.0,1.0,,2.948051948051948,154,
pad,36,0.15,marginal-M3,286,False,0.9253731343283582,,0.0,1.0,,3.283582089552239,67,
pad,36,0.15,marginal-M4,286,False,1.0,,0.0,1.0,,3.0,7,
pad,36,0.15,marginal-M5,286,False,0.6666666666666666,,0.0,1.0,,0.6666666666666666,3,
hiba,37,0.05,B,170,False,0.9776536312849162,0.9485294117647058,,1.0,1.0,5.832402234636872,179,68.0
hiba,37,0.05,M1,24,False,1.0,1.0,0.0,1.0,1.0,6.222222222222222,18,10.0
hiba,37,0.05,M2,222,False,0.956140350877193,0.9516129032258065,0.0,1.0,1.0,6.43859649122807,114,93.0
hiba,37,0.05,M3,24,False,1.0,1.0,0.0,1.0,1.0,6.470588235294118,17,10.0
hiba,37,0.05,marginal-M1,396,False,1.0,,0.0,1.0,,6.277777777777778,18,
hiba,37,0.05,marginal-M2,396,False,0.9736842105263158,,0.0,1.0,,6.157894736842105,114,
hiba,37,0.05,marginal-M3,396,False,1.0,,0.0,1.0,,6.0588235294117645,17,
hiba,37,0.1,B,170,False,0.9608938547486033,0.9215686274509804,,0.9720670391061452,0.9915158371040723,4.067039106145251,179,68.0
hiba,37,0.1,M1,24,False,0.5,0.4833333333333333,0.0,1.0,1.0,3.7777777777777777,18,10.0
hiba,37,0.1,M2,222,False,0.9298245614035088,0.9193548387096774,0.0,1.0,1.0,4.9035087719298245,114,93.0
hiba,37,0.1,M3,24,False,1.0,1.0,0.0,1.0,1.0,4.823529411764706,17,10.0
hiba,37,0.1,marginal-M1,396,False,1.0,,0.0,1.0,,4.777777777777778,18,
hiba,37,0.1,marginal-M2,396,False,0.9473684210526315,,0.0,1.0,,4.9298245614035086,114,
hiba,37,0.1,marginal-M3,396,False,1.0,,0.0,1.0,,4.9411764705882355,17,
hiba,37,0.15,B,170,False,0.9441340782122905,0.877450980392157,,0.8994413407821229,0.8917797888386124,3.4804469273743015,179,68.0
hiba,37,0.15,M1,24,False,0.5,0.4833333333333333,0.1111111111111111,0.8888888888888888,0.8,3.2222222222222223,18,10.0
hiba,37,0.15,M2,222,False,0.8947368421052632,0.8870967741935484,0.0,1.0,1.0,4.228070175438597,114,93.0
hiba,37,0.15,M3,24,False,0.9411764705882353,0.95,0.0,1.0,1.0,4.117647058823529,17,10.0
hiba,37,0.15,marginal-M1,396,False,0.8333333333333334,,0.05555555555555555,0.9444444444444444,,3.5555555555555554,18,
hiba,37,0.15,marginal-M2,396,False,0.9122807017543859,,0.0,1.0,,4.008771929824562,114,
hiba,37,0.15,marginal-M3,396,False,0.9411764705882353,,0.0,1.0,,4.0,17,
pad,37,0.05,B,24,False,1.0,1.0,,0.9473684210526315,0.9333333333333333,3.526315789473684,19,15.0
pad,37,0.05,M1,25,False,0.9583333333333334,0.9666666666666667,0.0,1.0,1.0,4.291666666666667,24,15.0
pad,37,0.05,M2,170,False,0.9259259259259259,0.9309764309764309,0.0,1.0,1.0,4.148148148148148,135,99.0
pad,37,0.05,M3,67,False,0.9397590361445783,0.9276729559748427,0.0,1.0,1.0,3.891566265060241,83,53.0
pad,37,0.05,M4,11,True,1.0,1.0,0.0,1.0,1.0,5.666666666666667,6,6.0
pad,37,0.05,M5,4,True,1.0,1.0,0.0,1.0,1.0,5.0,1,1.0
pad,37,0.05,marginal-M1,292,False,0.9166666666666666,,0.0,1.0,,4.166666666666667,24,
pad,37,0.05,marginal-M2,292,False,0.9333333333333333,,0.0,1.0,,4.177777777777778,135,
pad,37,0.05,marginal-M3,292,False,0.9518072289156626,,0.0,1.0,,4.0,83,
pad,37,0.05,marginal-M4,292,False,1.0,,0.0,1.0,,5.0,6,
pad,37,0.05,marginal-M5,292,False,1.0,,0.0,1.0,,4.0,1,
pad,37,0.1,B,24,False,1.0,1.0,,0.9473684210526315,0.9333333333333333,3.263157894736842,19,15.0
pad,37,0.1,M1,25,False,0.9583333333333334,0.9666666666666667,0.0,1.0,1.0,4.25,24,15.0
pad,37,0.1,M2,170,False,0.8888888888888888,0.8905723905723905,0.0,1.0,1.0,3.762962962962963,135,99.0
pad,37,0.1,M3,67,False,0.9397590361445783,0.9276729559748427,0.0,1.0,1.0,3.5542168674698793,83,53.0
pad,37,0.1,M4,11,False,1.0,1.0,0.0,1.0,1.0,5.166666666666667,6,6.0
pad,37,0.1,M5,4,True,1.0,1.0,0.0,1.0,1.0,5.0,1,1.0
pad,37,0.1,marginal-M1,292,False,0.9166666666666666,,0.0,1.0,,3.4583333333333335,24,
pad,37,0.1,marginal-M2,292,False,0.9037037037037037,,0.0,1.0,,3.7555555555555555,135,
pad,37,0.1,marginal-M3,292,False,0.9397590361445783,,0.0,1.0,,3.5783132530120483,83,
pad,37,0.1,marginal-M4,292,False,1.0,,0.0,1.0,,4.5,6,
pad,37,0.1,marginal-M5,292,False,1.0,,0.0,1.0,,4.0,1,
pad,37,0.15,B,24,False,1.0,1.0,,0.9473684210526315,0.9333333333333333,2.789473684210526,19,15.0
pad,37,0.15,M1,25,False,0.9166666666666666,0.9444444444444444,0.0,1.0,1.0,3.5,24,15.0
pad,37,0.15,M2,170,False,0.8740740740740741,0.8754208754208753,0.0,1.0,1.0,3.0592592592592593,135,99.0
pad,37,0.15,M3,67,False,0.9036144578313253,0.8875786163522013,0.0,1.0,1.0,3.0,83,53.0
pad,37,0.15,M4,11,False,1.0,1.0,0.0,1.0,1.0,4.333333333333333,6,6.0
pad,37,0.15,M5,4,True,1.0,1.0,0.0,1.0,1.0,4.0,1,1.0
pad,37,0.15,marginal-M1,292,False,0.8333333333333334,,0.0,1.0,,2.7916666666666665,24,
pad,37,0.15,marginal-M2,292,False,0.8740740740740741,,0.0,1.0,,3.2,135,
pad,37,0.15,marginal-M3,292,False,0.9036144578313253,,0.0,1.0,,3.0963855421686746,83,
pad,37,0.15,marginal-M4,292,False,0.8333333333333334,,0.0,1.0,,3.6666666666666665,6,
pad,37,0.15,marginal-M5,292,False,1.0,,0.0,1.0,,3.0,1,
hiba,38,0.05,B,162,False,0.9903381642512077,0.9835526315789473,,1.0,1.0,5.855072463768116,207,76.0
hiba,38,0.05,M1,25,False,1.0,1.0,0.0,1.0,1.0,6.176470588235294,17,9.0
hiba,38,0.05,M2,215,False,0.9290780141843972,0.9375,0.0,1.0,1.0,6.51063829787234,141,100.0
hiba,38,0.05,M3,25,False,1.0,1.0,0.0,1.0,1.0,7.0,10,9.0
hiba,38,0.05,marginal-M1,396,False,1.0,,0.0,1.0,,5.764705882352941,17,
hiba,38,0.05,marginal-M2,396,False,0.950354609929078,,0.0,1.0,,6.049645390070922,141,
hiba,38,0.05,marginal-M3,396,False,1.0,,0.0,1.0,,6.4,10,
hiba,38,0.1,B,162,False,0.961352657004831,0.9462719298245613,,0.9951690821256038,0.9978070175438596,4.236714975845411,207,76.0
hiba,38,0.1,M1,25,False,0.8823529411764706,0.9259259259259258,0.0,1.0,1.0,4.294117647058823,17,9.0
hiba,38,0.1,M2,215,False,0.9219858156028369,0.9275,0.0,1.0,1.0,5.049645390070922,141,100.0
hiba,38,0.1,M3,25,False,1.0,1.0,0.0,1.0,1.0,5.4,10,9.0
hiba,38,0.1,marginal-M1,396,False,1.0,,0.0,1.0,,4.352941176470588,17,
hiba,38,0.1,marginal-M2,396,False,0.9219858156028369,,0.0,1.0,,4.709219858156028,141,
hiba,38,0.1,marginal-M3,396,False,1.0,,0.0,1.0,,5.2,10,
hiba,38,0.15,B,162,False,0.9468599033816425,0.9166666666666665,,0.8840579710144928,0.9139515455304931,3.241545893719807,207,76.0
hiba,38,0.15,M1,25,False,0.8235294117647058,0.8703703703703703,0.0,1.0,1.0,3.764705882352941,17,9.0
hiba,38,0.15,M2,215,False,0.8581560283687943,0.8725,0.0070921985815602835,0.9929078014184397,0.9966666666666666,3.9432624113475176,141,100.0
hiba,38,0.15,M3,25,False,0.9,0.9444444444444444,0.0,1.0,1.0,4.6,10,9.0
hiba,38,0.15,marginal-M1,396,False,0.8823529411764706,,0.058823529411764705,0.9411764705882353,,3.3529411764705883,17,
hiba,38,0.15,marginal-M2,396,False,0.900709219858156,,0.0070921985815602835,0.9929078014184397,,3.7163120567375887,141,
hiba,38,0.15,marginal-M3,396,False,0.9,,0.0,1.0,,4.1,10,
pad,38,0.05,B,25,False,1.0,1.0,,1.0,1.0,4.266666666666667,15,14.0
pad,38,0.05,M1,23,False,0.9629629629629629,0.9705882352941176,0.0,1.0,1.0,4.074074074074074,27,17.0
pad,38,0.05,M2,156,False,0.9461077844311377,0.9439528023598819,0.0,1.0,1.0,4.053892215568863,167,113.0
pad,38,0.05,M3,64,False,0.9146341463414634,0.9017857142857143,0.0,1.0,1.0,3.731707317073171,82,56.0
pad,38,0.05,M4,11,True,1.0,1.0,0.0,1.0,1.0,5.333333333333333,9,6.0
pad,38,0.05,M5,4,True,1.0,1.0,0.0,1.0,1.0,5.0,1,1.0
pad,38,0.05,marginal-M1,274,False,0.9259259259259259,,0.0,1.0,,3.888888888888889,27,
pad,38,0.05,marginal-M2,274,False,0.9461077844311377,,0.0,1.0,,4.017964071856287,167,
pad,38,0.05,marginal-M3,274,False,0.9512195121951219,,0.0,1.0,,4.048780487804878,82,
pad,38,0.05,marginal-M4,274,False,1.0,,0.0,1.0,,4.222222222222222,9,
pad,38,0.05,marginal-M5,274,False,1.0,,0.0,1.0,,4.0,1,
pad,38,0.1,B,25,False,1.0,1.0,,0.9333333333333333,0.9285714285714286,3.8666666666666667,15,14.0
pad,38,0.1,M1,23,False,0.9259259259259259,0.9117647058823529,0.0,1.0,1.0,3.888888888888889,27,17.0
pad,38,0.1,M2,156,False,0.8802395209580839,0.8775811209439527,0.0,1.0,1.0,3.5269461077844313,167,113.0
pad,38,0.1,M3,64,False,0.9146341463414634,0.9017857142857143,0.0,1.0,1.0,3.548780487804878,82,56.0
pad,38,0.1,M4,11,False,1.0,1.0,0.0,1.0,1.0,4.333333333333333,9,6.0
pad,38,0.1,M5,4,True,1.0,1.0,0.0,1.0,1.0,5.0,1,1.0
pad,38,0.1,marginal-M1,274,False,0.8148148148148148,,0.0,1.0,,3.074074074074074,27,
pad,38,0.1,marginal-M2,274,False,0.8622754491017964,,0.0,1.0,,3.1736526946107784,167,
pad,38,0.1,marginal-M3,274,False,0.9146341463414634,,0.0,1.0,,3.2804878048780486,82,
pad,38,0.1,marginal-M4,274,False,1.0,,0.0,1.0,,3.111111111111111,9,
pad,38,0.1,marginal-M5,274,False,1.0,,0.0,1.0,,3.0,1,
pad,38,0.15,B,25,False,0.8,0.7857142857142857,,0.8666666666666667,0.8571428571428571,2.7333333333333334,15,14.0
pad,38,0.15,M1,23,False,0.7777777777777778,0.7794117647058824,0.0,1.0,1.0,2.5185185185185186,27,17.0
pad,38,0.15,M2,156,False,0.8562874251497006,0.8569321533923302,0.0,1.0,1.0,2.7664670658682633,167,113.0
pad,38,0.15,M3,64,False,0.8902439024390244,0.8660714285714286,0.0,1.0,1.0,2.8658536585365852,82,56.0
pad,38,0.15,M4,11,False,1.0,1.0,0.0,1.0,1.0,3.6666666666666665,9,6.0
pad,38,0.15,M5,4,True,1.0,1.0,0.0,1.0,1.0,4.0,1,1.0
pad,38,0.15,marginal-M1,274,False,0.7777777777777778,,0.0,1.0,,2.6666666666666665,27,
pad,38,0.15,marginal-M2,274,False,0.844311377245509,,0.0,1.0,,2.838323353293413,167,
pad,38,0.15,marginal-M3,274,False,0.8780487804878049,,0.0,1.0,,2.9878048780487805,82,
pad,38,0.15,marginal-M4,274,False,1.0,,0.0,1.0,,2.6666666666666665,9,
pad,38,0.15,marginal-M5,274,False,1.0,,0.0,1.0,,3.0,1,
hiba,39,0.05,B,161,False,0.9955357142857143,0.987012987012987,,1.0,1.0,5.151785714285714,224,77.0
hiba,39,0.05,M1,27,False,1.0,1.0,0.0,1.0,1.0,6.545454545454546,11,7.0
hiba,39,0.05,M2,225,False,0.9304347826086956,0.9277777777777778,0.0,1.0,1.0,6.6173913043478265,115,90.0
hiba,39,0.05,M3,24,False,0.9411764705882353,0.9,0.0,1.0,1.0,6.0,17,10.0
hiba,39,0.05,marginal-M1,396,False,1.0,,0.0,1.0,,6.363636363636363,11,
hiba,39,0.05,marginal-M2,396,False,0.9739130434782609,,0.0,1.0,,6.339130434782609,115,
hiba,39,0.05,marginal-M3,396,False,1.0,,0.0,1.0,,6.352941176470588,17,
hiba,39,0.1,B,161,False,0.9866071428571429,0.9826839826839826,,0.9955357142857143,0.9987012987012988,3.4955357142857144,224,77.0
hiba,39,0.1,M1,27,False,1.0,1.0,0.0,1.0,1.0,5.545454545454546,11,7.0
hiba,39,0.1,M2,225,False,0.782608695652174,0.7861111111111111,0.0,1.0,1.0,4.913043478260869,115,90.0
hiba,39,0.1,M3,24,False,0.8823529411764706,0.8,0.0,1.0,1.0,4.176470588235294,17,10.0
hiba,39,0.1,marginal-M1,396,False,1.0,,0.0,1.0,,4.454545454545454,11,
hiba,39,0.1,marginal-M2,396,False,0.8869565217391304,,0.0,1.0,,4.521739130434782,115,
hiba,39,0.1,marginal-M3,396,False,0.9411764705882353,,0.0,1.0,,4.470588235294118,17,
hiba,39,0.15,B,161,False,0.9330357142857143,0.8544372294372293,,0.8169642857142857,0.8618480725623581,2.575892857142857,224,77.0
hiba,39,0.15,M1,27,False,1.0,1.0,0.0,1.0,1.0,4.2727272727272725,11,7.0
hiba,39,0.15,M2,225,False,0.7391304347826086,0.7361111111111112,0.017391304347826087,0.9826086956521739,0.985185185185185,3.8347826086956522,115,90.0
hiba,39,0.15,M3,24,False,0.8823529411764706,0.8,0.0,1.0,1.0,3.4705882352941178,17,10.0
hiba,39,0.15,marginal-M1,396,False,1.0,,0.0,1.0,,3.4545454545454546,11,
hiba,39,0.15,marginal-M2,396,False,0.7739130434782608,,0.008695652173913044,0.991304347826087,,3.382608695652174,115,
hiba,39,0.15,marginal-M3,396,False,0.8823529411764706,,0.0,1.0,,3.1176470588235294,17,
pad,39,0.05,B,24,False,0.875,0.8666666666666667,,1.0,1.0,3.875,16,15.0
pad,39,0.05,M1,22,False,1.0,1.0,0.0,1.0,1.0,3.774193548387097,31,18.0
pad,39,0.05,M2,153,False,0.9634146341463414,0.9626436781609194,0.0,1.0,1.0,3.5060975609756095,164,116.0
pad,39,0.05,M3,75,False,0.974025974025974,0.9777777777777777,0.0,1.0,1.0,3.675324675324675,77,45.0
pad,39,0.05,M4,7,True,1.0,1.0,0.0,1.0,1.0,4.8,10,10.0
pad,39,0.05,M5,2,True,1.0,1.0,0.0,1.0,1.0,4.5,4,3.0
pad,39,0.05,marginal-M1,276,False,0.8709677419354839,,0.0,1.0,,3.774193548387097,31,
pad,39,0.05,marginal-M2,276,False,0.9329268292682927,,0.0,1.0,,3.8780487804878048,164,
pad,39,0.05,marginal-M3,276,False,0.974025974025974,,0.0,1.0,,3.727272727272727,77,
pad,39,0.05,marginal-M4,276,False,0.9,,0.0,1.0,,4.5,10,
pad,39,0.05,marginal-M5,276,False,1.0,,0.0,1.0,,3.5,4,
pad,39,0.1,B,24,False,0.875,0.8666666666666667,,1.0,1.0,3.75,16,15.0
pad,39,0.1,M1,22,False,0.8387096774193549,0.787037037037037,0.0,1.0,1.0,2.870967741935484,31,18.0
pad,39,0.1,M2,153,False,0.8902439024390244,0.8943965517241379,0.0,1.0,1.0,3.073170731707317,164,116.0
pad,39,0.1,M3,75,False,0.961038961038961,0.9666666666666667,0.0,1.0,1.0,3.064935064935065,77,45.0
pad,39,0.1,M4,7,True,1.0,1.0,0.0,1.0,1.0,4.8,10,10.0
pad,39,0.1,M5,2,True,1.0,1.0,0.0,1.0,1.0,4.5,4,3.0
pad,39,0.1,marginal-M1,276,False,0.8387096774193549,,0.0,1.0,,3.3225806451612905,31,
pad,39,0.1,marginal-M2,276,False,0.8841463414634146,,0.0,1.0,,3.2865853658536586,164,
pad,39,0.1,marginal-M3,276,False,0.961038961038961,,0.0,1.0,,3.2857142857142856,77,
pad,39,0.1,marginal-M4,276,False,0.9,,0.0,1.0,,3.8,10,
pad,39,0.1,marginal-M5,276,False,0.75,,0.0,1.0,,3.0,4,
pad,39,0.15,B,24,False,0.8125,0.8,,1.0,1.0,3.125,16,15.0
pad,39,0.15,M1,22,False,0.8387096774193549,0.787037037037037,0.0,1.0,1.0,2.4838709677419355,31,18.0
pad,39,0.15,M2,153,False,0.8292682926829268,0.8433908045977011,0.0,1.0,1.0,2.6890243902439024,164,116.0
pad,39,0.15,M3,75,False,0.8571428571428571,0.8305555555555556,0.0,1.0,1.0,2.5974025974025974,77,45.0
pad,39,0.15,M4,7,False,0.9,0.9,0.0,1.0,1.0,3.6,10,10.0
pad,39,0.15,M5,2,True,1.0,1.0,0.0,1.0,1.0,4.5,4,3.0
pad,39,0.15,marginal-M1,276,False,0.8387096774193549,,0.0,1.0,,2.7419354838709675,31,
pad,39,0.15,marginal-M2,276,False,0.8170731707317073,,0.0,1.0,,2.701219512195122,164,
pad,39,0.15,marginal-M3,276,False,0.9090909090909091,,0.0,1.0,,2.792207792207792,77,
pad,39,0.15,marginal-M4,276,False,0.9,,0.0,1.0,,3.4,10,
pad,39,0.15,marginal-M5,276,False,0.5,,0.0,1.0,,1.75,4,
hiba,40,0.05,B,156,False,0.9908256880733946,0.975609756097561,,1.0,1.0,6.137614678899083,218,82.0
hiba,40,0.05,M1,24,False,1.0,1.0,0.0,1.0,1.0,6.523809523809524,21,10.0
hiba,40,0.05,M2,223,False,0.9655172413793104,0.9619565217391305,0.0,1.0,1.0,6.706896551724138,116,92.0
hiba,40,0.05,M3,25,False,1.0,1.0,0.0,1.0,1.0,6.416666666666667,12,9.0
hiba,40,0.05,marginal-M1,396,False,1.0,,0.0,1.0,,6.285714285714286,21,
hiba,40,0.05,marginal-M2,396,False,0.9655172413793104,,0.0,1.0,,6.051724137931035,116,
hiba,40,0.05,marginal-M3,396,False,1.0,,0.0,1.0,,6.0,12,
hiba,40,0.1,B,156,False,0.9724770642201835,0.9532520325203251,,0.9908256880733946,0.998311444652908,4.555045871559633,218,82.0
hiba,40,0.1,M1,24,False,1.0,1.0,0.0,1.0,1.0,5.380952380952381,21,10.0
hiba,40,0.1,M2,223,False,0.9396551724137931,0.9375,0.0,1.0,1.0,5.353448275862069,116,92.0
hiba,40,0.1,M3,25,False,0.9166666666666666,0.8888888888888888,0.0,1.0,1.0,5.0,12,9.0
hiba,40,0.1,marginal-M1,396,False,1.0,,0.0,1.0,,5.238095238095238,21,
hiba,40,0.1,marginal-M2,396,False,0.9568965517241379,,0.0,1.0,,5.094827586206897,116,
hiba,40,0.1,marginal-M3,396,False,1.0,,0.0,1.0,,5.333333333333333,12,
hiba,40,0.15,B,156,False,0.963302752293578,0.9349593495934958,,0.9311926605504587,0.9120856785490932,3.5045871559633026,218,82.0
hiba,40,0.15,M1,24,False,0.8571428571428571,0.8800000000000001,0.0,1.0,1.0,4.190476190476191,21,10.0
hiba,40,0.15,M2,223,False,0.896551724137931,0.8940217391304348,0.0,1.0,1.0,4.267241379310345,116,92.0
hiba,40,0.15,M3,25,False,0.8333333333333334,0.7777777777777778,0.0,1.0,1.0,4.083333333333333,12,9.0
hiba,40,0.15,marginal-M1,396,False,1.0,,0.0,1.0,,3.9523809523809526,21,
hiba,40,0.15,marginal-M2,396,False,0.9051724137931034,,0.0,1.0,,4.0344827586206895,116,
hiba,40,0.15,marginal-M3,396,False,0.9166666666666666,,0.0,1.0,,4.333333333333333,12,
pad,40,0.05,B,24,False,0.7333333333333333,0.7333333333333333,,1.0,1.0,3.6666666666666665,15,15.0
pad,40,0.05,M1,24,False,1.0,1.0,0.0,1.0,1.0,3.8,30,16.0
pad,40,0.05,M2,161,False,0.9802631578947368,0.9830246913580246,0.0,1.0,1.0,3.7302631578947367,152,108.0
pad,40,0.05,M3,71,False,0.9859154929577465,0.9897959183673469,0.0,1.0,1.0,3.563380281690141,71,49.0
pad,40,0.05,M4,10,True,1.0,1.0,0.0,1.0,1.0,4.555555555555555,9,7.0
pad,40,0.05,M5,2,True,1.0,1.0,0.0,1.0,1.0,4.666666666666667,3,3.0
pad,40,0.05,marginal-M1,284,False,1.0,,0.0,1.0,,4.333333333333333,30,
pad,40,0.05,marginal-M2,284,False,0.9736842105263158,,0.0,1.0,,4.184210526315789,152,
pad,40,0.05,marginal-M3,284,False,0.9859154929577465,,0.0,1.0,,4.140845070422535,71,
pad,40,0.05,marginal-M4,284,False,0.8888888888888888,,0.0,1.0,,5.111111111111111,9,
pad,40,0.05,marginal-M5,284,False,1.0,,0.0,1.0,,3.6666666666666665,3,
pad,40,0.1,B,24,False,0.6,0.6,,1.0,1.0,3.1333333333333333,15,15.0
pad,40,0.1,M1,24,False,1.0,1.0,0.0,1.0,1.0,3.7333333333333334,30,16.0
pad,40,0.1,M2,161,False,0.9407894736842105,0.941358024691358,0.0,1.0,1.0,3.2434210526315788,152,108.0
pad,40,0.1,M3,71,False,0.971830985915493,0.9693877551020408,0.0,1.0,1.0,2.732394366197183,71,49.0
pad,40,0.1,M4,10,False,0.8888888888888888,0.8571428571428571,0.0,1.0,1.0,3.5555555555555554,9,7.0
pad,40,0.1,M5,2,True,1.0,1.0,0.0,1.0,1.0,4.666666666666667,3,3.0
pad,40,0.1,marginal-M1,284,False,0.9333333333333333,,0.0,1.0,,3.533333333333333,30,
pad,40,0.1,marginal-M2,284,False,0.9013157894736842,,0.0,1.0,,3.3092105263157894,152,
pad,40,0.1,marginal-M3,284,False,0.971830985915493,,0.0,1.0,,3.1971830985915495,71,
pad,40,0.1,marginal-M4,284,False,0.8888888888888888,,0.0,1.0,,4.0,9,
pad,40,0.1,marginal-M5,284,False,1.0,,0.0,1.0,,3.0,3,
pad,40,0.15,B,24,False,0.6,0.6,,1.0,1.0,2.8666666666666667,15,15.0
pad,40,0.15,M1,24,False,0.9666666666666667,0.9791666666666666,0.0,1.0,1.0,3.566666666666667,30,16.0
pad,40,0.15,M2,161,False,0.8618421052631579,0.8595679012345678,0.0,1.0,1.0,2.789473684210526,152,108.0
pad,40,0.15,M3,71,False,0.9014084507042254,0.9158163265306123,0.0,1.0,1.0,2.5211267605633805,71,49.0
pad,40,0.15,M4,10,False,0.8888888888888888,0.8571428571428571,0.0,1.0,1.0,3.4444444444444446,9,7.0
pad,40,0.15,M5,2,True,1.0,1.0,0.0,1.0,1.0,4.666666666666667,3,3.0
pad,40,0.15,marginal-M1,284,False,0.9,,0.0,1.0,,2.9,30,
pad,40,0.15,marginal-M2,284,False,0.8223684210526315,,0.0,1.0,,2.8026315789473686,152,
pad,40,0.15,marginal-M3,284,False,0.9014084507042254,,0.0,1.0,,2.732394366197183,71,
pad,40,0.15,marginal-M4,284,False,0.8888888888888888,,0.0,1.0,,3.5555555555555554,9,
pad,40,0.15,marginal-M5,284,False,0.3333333333333333,,0.0,1.0,,2.0,3,
hiba,41,0.05,B,165,False,0.9907407407407407,0.9726027397260274,,1.0,1.0,5.050925925925926,216,73.0
hiba,41,0.05,M1,23,False,0.8888888888888888,0.8863636363636364,0.0,1.0,1.0,6.277777777777778,18,11.0
hiba,41,0.05,M2,224,False,0.9642857142857143,0.9560439560439561,0.0,1.0,1.0,6.6875,112,91.0
hiba,41,0.05,M3,23,False,0.9411764705882353,0.9090909090909091,0.0,1.0,1.0,6.470588235294118,17,11.0
hiba,41,0.05,marginal-M1,396,False,1.0,,0.0,1.0,,5.944444444444445,18,
hiba,41,0.05,marginal-M2,396,False,0.9642857142857143,,0.0,1.0,,5.526785714285714,112,
hiba,41,0.05,marginal-M3,396,False,1.0,,0.0,1.0,,5.529411764705882,17,
hiba,41,0.1,B,165,False,0.9629629629629629,0.910958904109589,,0.9398148148148148,0.9766537876126917,3.3472222222222223,216,73.0
hiba,41,0.1,M1,23,False,0.8333333333333334,0.8636363636363636,0.0,1.0,1.0,4.777777777777778,18,11.0
hiba,41,0.1,M2,224,False,0.9464285714285714,0.9423076923076923,0.0,1.0,1.0,4.973214285714286,112,91.0
hiba,41,0.1,M3,23,False,0.8823529411764706,0.8181818181818182,0.0,1.0,1.0,4.117647058823529,17,11.0
hiba,41,0.1,marginal-M1,396,False,0.8888888888888888,,0.0,1.0,,4.666666666666667,18,
hiba,41,0.1,marginal-M2,396,False,0.9464285714285714,,0.0,1.0,,4.625,112,
hiba,41,0.1,marginal-M3,396,False,0.9411764705882353,,0.0,1.0,,4.764705882352941,17,
hiba,41,0.15,B,165,False,0.9305555555555556,0.8397260273972602,,0.8148148148148148,0.9039119576250073,2.7037037037037037,216,73.0
hiba,41,0.15,M1,23,False,0.7222222222222222,0.7727272727272727,0.0,1.0,1.0,4.277777777777778,18,11.0
hiba,41,0.15,M2,224,False,0.9017857142857143,0.9056776556776556,0.0,1.0,1.0,4.214285714285714,112,91.0
hiba,41,0.15,M3,23,False,0.8823529411764706,0.8181818181818182,0.0,1.0,1.0,4.0,17,11.0
hiba,41,0.15,marginal-M1,396,False,0.8333333333333334,,0.0,1.0,,3.7777777777777777,18,
hiba,41,0.15,marginal-M2,396,False,0.9196428571428571,,0.017857142857142856,0.9821428571428571,,3.7857142857142856,112,
hiba,41,0.15,marginal-M3,396,False,0.8823529411764706,,0.0,1.0,,3.823529411764706,17,
pad,41,0.05,B,18,True,1.0,1.0,,1.0,1.0,6.434782608695652,23,21.0
pad,41,0.05,M1,23,False,0.9230769230769231,0.9117647058823529,0.0,1.0,1.0,7.076923076923077,26,17.0
pad,41,0.05,M2,162,False,0.9602649006622517,0.9595015576323987,0.0,1.0,1.0,6.966887417218543,151,107.0
pad,41,0.05,M3,68,False,0.925,0.9134615384615384,0.0,1.0,1.0,6.7125,80,52.0
pad,41,0.05,M4,9,True,1.0,1.0,0.0,1.0,1.0,8.0,10,8.0
pad,41,0.05,M5,2,True,1.0,1.0,0.0,1.0,1.0,8.0,4,3.0
pad,41,0.05,marginal-M1,276,False,0.8846153846153846,,0.0,1.0,,3.4615384615384617,26,
pad,41,0.05,marginal-M2,276,False,0.9536423841059603,,0.0,1.0,,3.8609271523178808,151,
pad,41,0.05,marginal-M3,276,False,0.95,,0.0,1.0,,3.95,80,
pad,41,0.05,marginal-M4,276,False,1.0,,0.0,1.0,,4.1,10,
pad,41,0.05,marginal-M5,276,False,1.0,,0.0,1.0,,3.5,4,
pad,41,0.1,B,18,False,0.9565217391304348,0.9523809523809523,,1.0,1.0,3.6956521739130435,23,21.0
pad,41,0.1,M1,23,False,0.8076923076923077,0.7941176470588235,0.0,1.0,1.0,3.0,26,17.0
pad,41,0.1,M2,162,False,0.9403973509933775,0.940809968847352,0.0,1.0,1.0,3.80794701986755,151,107.0
pad,41,0.1,M3,68,False,0.9,0.8846153846153846,0.0,1.0,1.0,3.525,80,52.0
pad,41,0.1,M4,9,False,1.0,1.0,0.0,1.0,1.0,4.4,10,8.0
pad,41,0.1,M5,2,True,1.0,1.0,0.0,1.0,1.0,5.0,4,3.0
pad,41,0.1,marginal-M1,276,False,0.8076923076923077,,0.0,1.0,,2.6923076923076925,26,
pad,41,0.1,marginal-M2,276,False,0.8807947019867549,,0.0,1.0,,3.172185430463576,151,
pad,41,0.1,marginal-M3,276,False,0.9125,,0.0,1.0,,3.3625,80,
pad,41,0.1,marginal-M4,276,False,1.0,,0.0,1.0,,3.1,10,
pad,41,0.1,marginal-M5,276,False,0.75,,0.0,1.0,,2.25,4,
pad,41,0.15,B,18,False,0.9565217391304348,0.9523809523809523,,0.9565217391304348,0.9523809523809523,3.217391304347826,23,21.0
pad,41,0.15,M1,23,False,0.8076923076923077,0.7941176470588235,0.0,1.0,1.0,2.4615384615384617,26,17.0
pad,41,0.15,M2,162,False,0.8741721854304636,0.8847352024922119,0.0,1.0,1.0,2.947019867549669,151,107.0
pad,41,0.15,M3,68,False,0.875,0.8725961538461539,0.0,1.0,1.0,2.8625,80,52.0
pad,41,0.15,M4,9,False,1.0,1.0,0.0,1.0,1.0,3.7,10,8.0
pad,41,0.15,M5,2,True,1.0,1.0,0.0,1.0,1.0,4.5,4,3.0
pad,41,0.15,marginal-M1,276,False,0.8076923076923077,,0.0,1.0,,2.423076923076923,26,
pad,41,0.15,marginal-M2,276,False,0.8609271523178808,,0.0,1.0,,2.80794701986755,151,
pad,41,0.15,marginal-M3,276,False,0.875,,0.0,1.0,,2.9875,80,
pad,41,0.15,marginal-M4,276,False,1.0,,0.0,1.0,,2.8,10,
pad,41,0.15,marginal-M5,276,False,0.5,,0.0,1.0,,1.75,4,
hiba,42,0.05,B,168,False,0.967948717948718,0.9285714285714286,,1.0,1.0,5.423076923076923,156,70.0
hiba,42,0.05,M1,17,True,1.0,1.0,0.0,1.0,1.0,6.875,32,17.0
hiba,42,0.05,M2,224,False,0.9622641509433962,0.9697802197802198,0.0,1.0,1.0,6.19811320754717,106,91.0
hiba,42,0.05,M3,26,False,1.0,1.0,0.0,1.0,1.0,6.363636363636363,11,8.0
hiba,42,0.05,marginal-M1,396,False,1.0,,0.0,1.0,,5.5,32,
hiba,42,0.05,marginal-M2,396,False,0.9622641509433962,,0.0,1.0,,5.5,106,
hiba,42,0.05,marginal-M3,396,False,1.0,,0.0,1.0,,5.454545454545454,11,
hiba,42,0.1,B,168,False,0.9102564102564102,0.8495238095238095,,0.9294871794871795,0.9498599439775912,3.6025641025641026,156,70.0
hiba,42,0.1,M1,17,False,1.0,1.0,0.0,1.0,1.0,5.03125,32,17.0
hiba,42,0.1,M2,224,False,0.9150943396226415,0.9203296703296703,0.0,1.0,1.0,4.783018867924528,106,91.0
hiba,42,0.1,M3,26,False,1.0,1.0,0.0,1.0,1.0,4.636363636363637,11,8.0
hiba,42,0.1,marginal-M1,396,False,0.96875,,0.0,1.0,,4.4375,32,
hiba,42,0.1,marginal-M2,396,False,0.9245283018867925,,0.0,1.0,,4.669811320754717,106,
hiba,42,0.1,marginal-M3,396,False,1.0,,0.0,1.0,,4.7272727272727275,11,
hiba,42,0.15,B,168,False,0.8782051282051282,0.8090476190476189,,0.7628205128205128,0.8675070028011205,2.6666666666666665,156,70.0
hiba,42,0.15,M1,17,False,0.84375,0.9019607843137255,0.03125,0.96875,0.980392156862745,3.28125,32,17.0
hiba,42,0.15,M2,224,False,0.8867924528301887,0.8983516483516484,0.009433962264150943,0.9905660377358491,0.9972527472527473,3.792452830188679,106,91.0
hiba,42,0.15,M3,26,False,0.7272727272727273,0.6875,0.0,1.0,1.0,2.909090909090909,11,8.0
hiba,42,0.15,marginal-M1,396,False,0.875,,0.03125,0.96875,,3.0,32,
hiba,42,0.15,marginal-M2,396,False,0.8773584905660378,,0.0,1.0,,3.4622641509433962,106,
hiba,42,0.15,marginal-M3,396,False,0.8181818181818182,,0.0,1.0,,3.272727272727273,11,
pad,42,0.05,B,22,False,0.95,0.9411764705882353,,0.95,0.9411764705882353,3.3,20,17.0
pad,42,0.05,M1,25,False,0.9655172413793104,0.9333333333333333,0.0,1.0,1.0,4.0344827586206895,29,15.0
pad,42,0.05,M2,158,False,0.9240506329113924,0.9234234234234234,0.0,1.0,1.0,3.892405063291139,158,111.0
pad,42,0.05,M3,63,False,0.9367088607594937,0.9415204678362573,0.0,1.0,1.0,3.607594936708861,79,57.0
pad,42,0.05,M4,12,True,1.0,1.0,0.0,1.0,1.0,5.4,5,5.0
pad,42,0.05,M5,4,True,1.0,1.0,0.0,1.0,1.0,5.0,1,1.0
pad,42,0.05,marginal-M1,276,False,0.9310344827586207,,0.0,1.0,,3.9310344827586206,29,
pad,42,0.05,marginal-M2,276,False,0.9240506329113924,,0.0,1.0,,3.867088607594937,158,
pad,42,0.05,marginal-M3,276,False,0.9620253164556962,,0.0,1.0,,3.7468354430379747,79,
pad,42,0.05,marginal-M4,276,False,1.0,,0.0,1.0,,4.6,5,
pad,42,0.05,marginal-M5,276,False,1.0,,0.0,1.0,,4.0,1,
pad,42,0.1,B,22,False,0.95,0.9411764705882353,,0.8,0.8431372549019608,2.75,20,17.0
pad,42,0.1,M1,25,False,0.9310344827586207,0.9111111111111111,0.0,1.0,1.0,3.3448275862068964,29,15.0
pad,42,0.1,M2,158,False,0.8734177215189873,0.8693693693693694,0.0,1.0,1.0,3.151898734177215,158,111.0
pad,42,0.1,M3,63,False,0.810126582278481,0.8230994152046784,0.0,1.0,1.0,2.670886075949367,79,57.0
pad,42,0.1,M4,12,False,1.0,1.0,0.0,1.0,1.0,4.4,5,5.0
pad,42,0.1,M5,4,True,1.0,1.0,0.0,1.0,1.0,4.0,1,1.0
pad,42,0.1,marginal-M1,276,False,0.8620689655172413,,0.0,1.0,,3.206896551724138,29,
pad,42,0.1,marginal-M2,276,False,0.8670886075949367,,0.0,1.0,,3.2911392405063293,158,
pad,42,0.1,marginal-M3,276,False,0.9113924050632911,,0.0,1.0,,3.278481012658228,79,
pad,42,0.1,marginal-M4,276,False,1.0,,0.0,1.0,,4.0,5,
pad,42,0.1,marginal-M5,276,False,1.0,,0.0,1.0,,4.0,1,
pad,42,0.15,B,22,False,0.95,0.9411764705882353,,0.8,0.8431372549019608,2.6,20,17.0
pad,42,0.15,M1,25,False,0.8620689655172413,0.861111111111111,0.0,1.0,1.0,2.9655172413793105,29,15.0
pad,42,0.15,M2,158,False,0.810126582278481,0.8123123123123124,0.0,1.0,1.0,2.8037974683544302,158,111.0
pad,42,0.15,M3,63,False,0.759493670886076,0.7660818713450294,0.0,1.0,1.0,2.481012658227848,79,57.0
pad,42,0.15,M4,12,False,1.0,1.0,0.0,1.0,1.0,4.4,5,5.0
pad,42,0.15,M5,4,True,1.0,1.0,0.0,1.0,1.0,4.0,1,1.0
pad,42,0.15,marginal-M1,276,False,0.8620689655172413,,0.0,1.0,,2.6206896551724137,29,
pad,42,0.15,marginal-M2,276,False,0.810126582278481,,0.0,1.0,,2.829113924050633,158,
pad,42,0.15,marginal-M3,276,False,0.810126582278481,,0.0,1.0,,2.7974683544303796,79,
pad,42,0.15,marginal-M4,276,False,1.0,,0.0,1.0,,4.0,5,
pad,42,0.15,marginal-M5,276,False,1.0,,0.0,1.0,,3.0,1,
hiba,43,0.05,B,156,False,0.9482758620689655,0.9024390243902439,,0.9942528735632183,0.9992826398852224,5.005747126436781,174,82.0
hiba,43,0.05,M1,21,False,1.0,1.0,0.0,1.0,1.0,5.9,20,13.0
hiba,43,0.05,M2,225,False,0.9819819819819819,0.9833333333333333,0.0,1.0,1.0,5.8558558558558556,111,90.0
hiba,43,0.05,M3,25,False,1.0,1.0,0.0,1.0,1.0,6.545454545454546,11,9.0
hiba,43,0.05,marginal-M1,396,False,1.0,,0.0,1.0,,5.9,20,
hiba,43,0.05,marginal-M2,396,False,0.9819819819819819,,0.0,1.0,,5.63963963963964,111,
hiba,43,0.05,marginal-M3,396,False,1.0,,0.0,1.0,,6.0,11,
hiba,43,0.1,B,156,False,0.896551724137931,0.8252032520325204,,0.896551724137931,0.9498360319737652,3.4195402298850577,174,82.0
hiba,43,0.1,M1,21,False,1.0,1.0,0.0,1.0,1.0,4.35,20,13.0
hiba,43,0.1,M2,225,False,0.9369369369369369,0.95,0.036036036036036036,0.963963963963964,0.9722222222222222,4.5675675675675675,111,90.0
hiba,43,0.1,M3,25,False,1.0,1.0,0.0,1.0,1.0,5.090909090909091,11,9.0
hiba,43,0.1,marginal-M1,396,False,1.0,,0.0,1.0,,4.45,20,
hiba,43,0.1,marginal-M2,396,False,0.954954954954955,,0.018018018018018018,0.9819819819819819,,4.558558558558558,111,
hiba,43,0.1,marginal-M3,396,False,1.0,,0.0,1.0,,5.363636363636363,11,
hiba,43,0.15,B,156,False,0.8850574712643678,0.8089430894308944,,0.8218390804597702,0.8800044408007105,2.7528735632183907,174,82.0
hiba,43,0.15,M1,21,False,1.0,1.0,0.0,1.0,1.0,3.95,20,13.0
hiba,43,0.15,M2,225,False,0.8468468468468469,0.8629629629629628,0.04504504504504504,0.954954954954955,0.9611111111111111,3.6576576576576576,111,90.0
hiba,43,0.15,M3,25,False,1.0,1.0,0.0,1.0,1.0,4.7272727272727275,11,9.0
hiba,43,0.15,marginal-M1,396,False,1.0,,0.0,1.0,,3.5,20,
hiba,43,0.15,marginal-M2,396,False,0.8738738738738738,,0.036036036036036036,0.963963963963964,,3.5765765765765765,111,
hiba,43,0.15,marginal-M3,396,False,1.0,,0.0,1.0,,3.5454545454545454,11,
pad,43,0.05,B,24,False,1.0,1.0,,1.0,1.0,4.055555555555555,18,15.0
pad,43,0.05,M1,27,False,1.0,1.0,0.0,1.0,1.0,4.125,24,13.0
pad,43,0.05,M2,151,False,0.9294117647058824,0.9307909604519774,0.0,1.0,1.0,4.0,170,118.0
pad,43,0.05,M3,67,False,0.8850574712643678,0.8805031446540882,0.0,1.0,1.0,3.5057471264367814,87,53.0
pad,43,0.05,M4,11,True,1.0,1.0,0.0,1.0,1.0,5.25,8,6.0
pad,43,0.05,M5,3,True,1.0,1.0,0.0,1.0,1.0,5.0,2,2.0
pad,43,0.05,marginal-M1,273,False,0.9166666666666666,,0.0,1.0,,3.75,24,
pad,43,0.05,marginal-M2,273,False,0.9294117647058824,,0.0,1.0,,3.929411764705882,170,
pad,43,0.05,marginal-M3,273,False,0.9540229885057471,,0.0,1.0,,3.793103448275862,87,
pad,43,0.05,marginal-M4,273,False,1.0,,0.0,1.0,,4.875,8,
pad,43,0.05,marginal-M5,273,False,1.0,,0.0,1.0,,4.0,2,
pad,43,0.1,B,24,False,1.0,1.0,,1.0,1.0,3.611111111111111,18,15.0
pad,43,0.1,M1,27,False,1.0,1.0,0.0,1.0,1.0,4.125,24,13.0
pad,43,0.1,M2,151,False,0.8705882352941177,0.8686440677966102,0.0,1.0,1.0,3.6411764705882352,170,118.0
pad,43,0.1,M3,67,False,0.8620689655172413,0.8687106918238995,0.0,1.0,1.0,3.2873563218390807,87,53.0
pad,43,0.1,M4,11,False,1.0,1.0,0.0,1.0,1.0,5.0,8,6.0
pad,43,0.1,M5,3,True,1.0,1.0,0.0,1.0,1.0,5.0,2,2.0
pad,43,0.1,marginal-M1,273,False,0.875,,0.0,1.0,,2.9166666666666665,24,
pad,43,0.1,marginal-M2,273,False,0.8352941176470589,,0.0,1.0,,3.1,170,
pad,43,0.1,marginal-M3,273,False,0.8620689655172413,,0.0,1.0,,3.0,87,
pad,43,0.1,marginal-M4,273,False,1.0,,0.0,1.0,,3.75,8,
pad,43,0.1,marginal-M5,273,False,1.0,,0.0,1.0,,3.0,2,
pad,43,0.15,B,24,False,1.0,1.0,,1.0,1.0,3.3333333333333335,18,15.0
pad,43,0.15,M1,27,False,0.9166666666666666,0.8974358974358974,0.0,1.0,1.0,3.3333333333333335,24,13.0
pad,43,0.15,M2,151,False,0.8352941176470589,0.8375706214689265,0.0,1.0,1.0,2.9647058823529413,170,118.0
pad,43,0.15,M3,67,False,0.7816091954022989,0.7602201257861636,0.0,1.0,1.0,2.632183908045977,87,53.0
pad,43,0.15,M4,11,False,1.0,1.0,0.0,1.0,1.0,4.375,8,6.0
pad,43,0.15,M5,3,True,1.0,1.0,0.0,1.0,1.0,4.0,2,2.0
pad,43,0.15,marginal-M1,273,False,0.8333333333333334,,0.0,1.0,,2.7083333333333335,24,
pad,43,0.15,marginal-M2,273,False,0.8117647058823529,,0.0,1.0,,2.8058823529411763,170,
pad,43,0.15,marginal-M3,273,False,0.8505747126436781,,0.0,1.0,,2.8620689655172415,87,
pad,43,0.15,marginal-M4,273,False,1.0,,0.0,1.0,,3.5,8,
pad,43,0.15,marginal-M5,273,False,1.0,,0.0,1.0,,3.0,2,
hiba,44,0.05,B,167,False,0.960352422907489,0.8967136150234741,,0.9955947136563876,0.9991714995857498,4.850220264317181,227,71.0
hiba,44,0.05,M1,26,False,1.0,1.0,0.0,1.0,1.0,5.8,15,8.0
hiba,44,0.05,M2,221,False,0.9916666666666667,0.9893617021276596,0.0,1.0,1.0,6.216666666666667,120,94.0
hiba,44,0.05,M3,22,False,0.8461538461538461,0.8333333333333334,0.0,1.0,1.0,5.461538461538462,13,12.0
hiba,44,0.05,marginal-M1,396,False,1.0,,0.0,1.0,,6.0,15,
hiba,44,0.05,marginal-M2,396,False,0.9833333333333333,,0.0,1.0,,5.5,120,
hiba,44,0.05,marginal-M3,396,False,1.0,,0.0,1.0,,5.923076923076923,13,
hiba,44,0.1,B,167,False,0.9559471365638766,0.8896713615023474,,0.933920704845815,0.988214252837285,3.7048458149779737,227,71.0
hiba,44,0.1,M1,26,False,1.0,1.0,0.0,1.0,1.0,4.733333333333333,15,8.0
hiba,44,0.1,M2,221,False,0.9583333333333334,0.9601063829787234,0.0,1.0,1.0,5.033333333333333,120,94.0
hiba,44,0.1,M3,22,False,0.8461538461538461,0.8333333333333334,0.0,1.0,1.0,5.153846153846154,13,12.0
hiba,44,0.1,marginal-M1,396,False,1.0,,0.0,1.0,,4.666666666666667,15,
hiba,44,0.1,marginal-M2,396,False,0.9583333333333334,,0.0,1.0,,4.716666666666667,120,
hiba,44,0.1,marginal-M3,396,False,0.9230769230769231,,0.0,1.0,,5.230769230769231,13,
hiba,44,0.15,B,167,False,0.933920704845815,0.8399061032863848,,0.788546255506608,0.9219171236569744,2.947136563876652,227,71.0
hiba,44,0.15,M1,26,False,0.6666666666666666,0.6833333333333333,0.06666666666666667,0.9333333333333333,0.875,3.3333333333333335,15,8.0
hiba,44,0.15,M2,221,False,0.9333333333333333,0.9335106382978723,0.016666666666666666,0.9833333333333333,0.9840425531914894,4.25,120,94.0
hiba,44,0.15,M3,22,False,0.7692307692307693,0.75,0.0,1.0,1.0,4.461538461538462,13,12.0
hiba,44,0.15,marginal-M1,396,False,1.0,,0.0,1.0,,3.2666666666666666,15,
hiba,44,0.15,marginal-M2,396,False,0.925,,0.016666666666666666,0.9833333333333333,,3.6083333333333334,120,
hiba,44,0.15,marginal-M3,396,False,0.8461538461538461,,0.0,1.0,,4.230769230769231,13,
pad,44,0.05,B,23,False,0.95,0.9375,,1.0,1.0,4.15,20,16.0
pad,44,0.05,M1,25,False,0.9230769230769231,0.9,0.0,1.0,1.0,4.0,26,15.0
pad,44,0.05,M2,172,False,0.9594594594594594,0.9501718213058419,0.0,1.0,1.0,3.939189189189189,148,97.0
pad,44,0.05,M3,76,False,0.9857142857142858,0.9886363636363636,0.0,1.0,1.0,4.185714285714286,70,44.0
pad,44,0.05,M4,11,True,1.0,1.0,0.0,1.0,1.0,5.142857142857143,7,6.0
pad,44,0.05,M5,4,True,1.0,1.0,0.0,1.0,1.0,5.0,1,1.0
pad,44,0.05,marginal-M1,301,False,0.8846153846153846,,0.0,1.0,,3.769230769230769,26,
pad,44,0.05,marginal-M2,301,False,0.9527027027027027,,0.0,1.0,,3.8378378378378377,148,
pad,44,0.05,marginal-M3,301,False,0.9714285714285714,,0.0,1.0,,3.9,70,
pad,44,0.05,marginal-M4,301,False,1.0,,0.0,1.0,,4.142857142857143,7,
pad,44,0.05,marginal-M5,301,False,1.0,,0.0,1.0,,4.0,1,
pad,44,0.1,B,23,False,0.95,0.9375,,1.0,1.0,3.65,20,16.0
pad,44,0.1,M1,25,False,0.8846153846153846,0.8777777777777778,0.0,1.0,1.0,3.230769230769231,26,15.0
pad,44,0.1,M2,172,False,0.9054054054054054,0.8994845360824743,0.0,1.0,1.0,3.0675675675675675,148,97.0
pad,44,0.1,M3,76,False,0.9428571428571428,0.9204545454545454,0.0,1.0,1.0,3.1142857142857143,70,44.0
pad,44,0.1,M4,11,False,1.0,1.0,0.0,1.0,1.0,3.857142857142857,7,6.0
pad,44,0.1,M5,4,True,1.0,1.0,0.0,1.0,1.0,4.0,1,1.0
pad,44,0.1,marginal-M1,301,False,0.8076923076923077,,0.0,1.0,,2.8076923076923075,26,
pad,44,0.1,marginal-M2,301,False,0.8851351351351351,,0.0,1.0,,3.189189189189189,148,
pad,44,0.1,marginal-M3,301,False,0.9428571428571428,,0.0,1.0,,3.3,70,
pad,44,0.1,marginal-M4,301,False,1.0,,0.0,1.0,,3.0,7,
pad,44,0.1,marginal-M5,301,False,1.0,,0.0,1.0,,3.0,1,
pad,44,0.15,B,23,False,0.95,0.9375,,1.0,1.0,3.4,20,16.0
pad,44,0.15,M1,25,False,0.8846153846153846,0.8777777777777778,0.0,1.0,1.0,3.1923076923076925,26,15.0
pad,44,0.15,M2,172,False,0.8378378378378378,0.8524791359842908,0.0,1.0,1.0,2.7364864864864864,148,97.0
pad,44,0.15,M3,76,False,0.9285714285714286,0.9176136363636364,0.0,1.0,1.0,2.942857142857143,70,44.0
pad,44,0.15,M4,11,False,1.0,1.0,0.0,1.0,1.0,3.857142857142857,7,6.0
pad,44,0.15,M5,4,True,1.0,1.0,0.0,1.0,1.0,4.0,1,1.0
pad,44,0.15,marginal-M1,301,False,0.8076923076923077,,0.0,1.0,,2.423076923076923,26,
pad,44,0.15,marginal-M2,301,False,0.8378378378378378,,0.0,1.0,,2.7905405405405403,148,
pad,44,0.15,marginal-M3,301,False,0.9142857142857143,,0.0,1.0,,2.9571428571428573,70,
pad,44,0.15,marginal-M4,301,False,1.0,,0.0,1.0,,2.857142857142857,7,
pad,44,0.15,marginal-M5,301,False,1.0,,0.0,1.0,,3.0,1,
hiba,45,0.05,B,167,False,0.9831932773109243,0.971830985915493,,1.0,1.0,5.764705882352941,119,71.0
hiba,45,0.05,M1,27,False,1.0,1.0,0.0,1.0,1.0,6.923076923076923,13,7.0
hiba,45,0.05,M2,210,False,0.9626865671641791,0.9642857142857143,0.0,1.0,1.0,6.708955223880597,134,105.0
hiba,45,0.05,M3,29,False,1.0,1.0,0.0,1.0,1.0,6.4,5,5.0
hiba,45,0.05,marginal-M1,396,False,1.0,,0.0,1.0,,6.076923076923077,13,
hiba,45,0.05,marginal-M2,396,False,0.9626865671641791,,0.0,1.0,,5.492537313432836,134,
hiba,45,0.05,marginal-M3,396,False,1.0,,0.0,1.0,,5.2,5,
hiba,45,0.1,B,167,False,0.957983193277311,0.9366197183098591,,0.9243697478991597,0.9643192488262909,3.7563025210084033,119,71.0
hiba,45,0.1,M1,27,False,0.8461538461538461,0.9285714285714286,0.0,1.0,1.0,4.923076923076923,13,7.0
hiba,45,0.1,M2,210,False,0.9104477611940298,0.9071428571428571,0.0,1.0,1.0,4.82089552238806,134,105.0
hiba,45,0.1,M3,29,False,0.8,0.8,0.0,1.0,1.0,3.4,5,5.0
hiba,45,0.1,marginal-M1,396,False,0.9230769230769231,,0.0,1.0,,4.230769230769231,13,
hiba,45,0.1,marginal-M2,396,False,0.9104477611940298,,0.007462686567164179,0.9925373134328358,,4.335820895522388,134,
hiba,45,0.1,marginal-M3,396,False,1.0,,0.0,1.0,,4.0,5,
hiba,45,0.15,B,167,False,0.8991596638655462,0.8492957746478873,,0.8571428571428571,0.9143192488262909,2.957983193277311,119,71.0
hiba,45,0.15,M1,27,False,0.7692307692307693,0.7857142857142857,0.0,1.0,1.0,3.769230769230769,13,7.0
hiba,45,0.15,M2,210,False,0.8656716417910447,0.8706349206349205,0.014925373134328358,0.9850746268656716,0.9880952380952381,3.8582089552238807,134,105.0
hiba,45,0.15,M3,29,False,0.8,0.8,0.0,1.0,1.0,3.0,5,5.0
hiba,45,0.15,marginal-M1,396,False,0.8461538461538461,,0.0,1.0,,3.3846153846153846,13,
hiba,45,0.15,marginal-M2,396,False,0.8805970149253731,,0.022388059701492536,0.9776119402985075,,3.5522388059701493,134,
hiba,45,0.15,marginal-M3,396,False,0.8,,0.0,1.0,,3.2,5,
pad,45,0.05,B,20,False,1.0,1.0,,1.0,1.0,4.043478260869565,23,19.0
pad,45,0.05,M1,25,False,1.0,1.0,0.0,1.0,1.0,4.333333333333333,30,15.0
pad,45,0.05,M2,165,False,0.9473684210526315,0.9503205128205129,0.0,1.0,1.0,3.9802631578947367,152,104.0
pad,45,0.05,M3,75,False,1.0,1.0,0.0,1.0,1.0,4.181818181818182,66,45.0
pad,45,0.05,M4,10,True,1.0,1.0,0.0,1.0,1.0,5.555555555555555,9,7.0
pad,45,0.05,M5,3,True,1.0,1.0,0.0,1.0,1.0,5.0,2,2.0
pad,45,0.05,marginal-M1,291,False,1.0,,0.0,1.0,,4.066666666666666,30,
pad,45,0.05,marginal-M2,291,False,0.9473684210526315,,0.0,1.0,,3.9473684210526314,152,
pad,45,0.05,marginal-M3,291,False,1.0,,0.0,1.0,,3.984848484848485,66,
pad,45,0.05,marginal-M4,291,False,0.8888888888888888,,0.0,1.0,,4.777777777777778,9,
pad,45,0.05,marginal-M5,291,False,1.0,,0.0,1.0,,4.0,2,
pad,45,0.1,B,20,False,1.0,1.0,,1.0,1.0,3.5217391304347827,23,19.0
pad,45,0.1,M1,25,False,1.0,1.0,0.0,1.0,1.0,4.233333333333333,30,15.0
pad,45,0.1,M2,165,False,0.9078947368421053,0.9150641025641024,0.0,1.0,1.0,3.651315789473684,152,104.0
pad,45,0.1,M3,75,False,0.9545454545454546,0.9666666666666667,0.0,1.0,1.0,3.5,66,45.0
pad,45,0.1,M4,10,False,0.8888888888888888,0.8571428571428571,0.0,1.0,1.0,4.222222222222222,9,7.0
pad,45,0.1,M5,3,True,1.0,1.0,0.0,1.0,1.0,5.0,2,2.0
pad,45,0.1,marginal-M1,291,False,1.0,,0.0,1.0,,3.4,30,
pad,45,0.1,marginal-M2,291,False,0.8618421052631579,,0.0,1.0,,3.125,152,
pad,45,0.1,marginal-M3,291,False,0.9696969696969697,,0.0,1.0,,3.3636363636363638,66,
pad,45,0.1,marginal-M4,291,False,0.8888888888888888,,0.0,1.0,,3.888888888888889,9,
pad,45,0.1,marginal-M5,291,False,1.0,,0.0,1.0,,3.5,2,
pad,45,0.15,B,20,False,1.0,1.0,,0.9565217391304348,0.9473684210526315,3.130434782608696,23,19.0
pad,45,0.15,M1,25,False,1.0,1.0,0.0,1.0,1.0,3.7,30,15.0
pad,45,0.15,M2,165,False,0.8223684210526315,0.8399725274725275,0.0,1.0,1.0,2.6315789473684212,152,104.0
pad,45,0.15,M3,75,False,0.9393939393939394,0.9555555555555556,0.0,1.0,1.0,2.984848484848485,66,45.0
pad,45,0.15,M4,10,False,0.8888888888888888,0.8571428571428571,0.0,1.0,1.0,3.5555555555555554,9,7.0
pad,45,0.15,M5,3,True,1.0,1.0,0.0,1.0,1.0,4.0,2,2.0
pad,45,0.15,marginal-M1,291,False,0.9666666666666667,,0.0,1.0,,3.0,30,
pad,45,0.15,marginal-M2,291,False,0.8289473684210527,,0.0,1.0,,2.6907894736842106,152,
pad,45,0.15,marginal-M3,291,False,0.9090909090909091,,0.0,1.0,,2.9242424242424243,66,
pad,45,0.15,marginal-M4,291,False,0.8888888888888888,,0.0,1.0,,3.5555555555555554,9,
pad,45,0.15,marginal-M5,291,False,1.0,,0.0,1.0,,3.0,2,
hiba,46,0.05,B,171,False,0.9847715736040609,0.9664179104477612,,1.0,1.0,5.451776649746193,197,67.0
hiba,46,0.05,M1,24,False,1.0,1.0,0.0,1.0,1.0,6.375,16,10.0
hiba,46,0.05,M2,221,False,0.9083333333333333,0.9228723404255319,0.0,1.0,1.0,6.366666666666666,120,94.0
hiba,46,0.05,M3,22,False,1.0,1.0,0.0,1.0,1.0,6.6923076923076925,13,12.0
hiba,46,0.05,marginal-M1,396,False,1.0,,0.0,1.0,,6.125,16,
hiba,46,0.05,marginal-M2,396,False,0.925,,0.0,1.0,,5.941666666666666,120,
hiba,46,0.05,marginal-M3,396,False,1.0,,0.0,1.0,,6.3076923076923075,13,
hiba,46,0.1,B,171,False,0.9543147208121827,0.931592039800995,,0.9898477157360406,0.9985967597907897,3.8883248730964466,197,67.0
hiba,46,0.1,M1,24,False,1.0,1.0,0.0,1.0,1.0,5.0,16,10.0
hiba,46,0.1,M2,221,False,0.85,0.8563829787234043,0.0,1.0,1.0,4.858333333333333,120,94.0
hiba,46,0.1,M3,22,False,0.9230769230769231,0.9166666666666666,0.0,1.0,1.0,5.538461538461538,13,12.0
hiba,46,0.1,marginal-M1,396,False,1.0,,0.0,1.0,,4.3125,16,
hiba,46,0.1,marginal-M2,396,False,0.875,,0.0,1.0,,4.416666666666667,120,
hiba,46,0.1,marginal-M3,396,False,1.0,,0.0,1.0,,5.230769230769231,13,
hiba,46,0.15,B,171,False,0.9187817258883249,0.8781094527363184,,0.8527918781725888,0.894693920027777,2.8934010152284264,197,67.0
hiba,46,0.15,M1,24,False,0.875,0.9,0.0,1.0,1.0,3.875,16,10.0
hiba,46,0.15,M2,221,False,0.7833333333333333,0.7872340425531915,0.0,1.0,1.0,3.75,120,94.0
hiba,46,0.15,M3,22,False,0.9230769230769231,0.9166666666666666,0.0,1.0,1.0,4.615384615384615,13,12.0
hiba,46,0.15,marginal-M1,396,False,1.0,,0.0,1.0,,3.5,16,
hiba,46,0.15,marginal-M2,396,False,0.825,,0.016666666666666666,0.9833333333333333,,3.5,120,
hiba,46,0.15,marginal-M3,396,False,0.9230769230769231,,0.0,1.0,,3.923076923076923,13,
pad,46,0.05,B,26,False,1.0,1.0,,1.0,1.0,3.3125,16,13.0
pad,46,0.05,M1,25,False,0.9655172413793104,0.9666666666666667,0.0,1.0,1.0,4.0,29,15.0
pad,46,0.05,M2,159,False,0.9801324503311258,0.9833333333333333,0.0,1.0,1.0,4.086092715231788,151,110.0
pad,46,0.05,M3,71,False,1.0,1.0,0.0,1.0,1.0,4.285714285714286,70,49.0
pad,46,0.05,M4,9,True,1.0,1.0,0.0,1.0,1.0,5.363636363636363,11,8.0
pad,46,0.05,M5,2,True,1.0,1.0,0.0,1.0,1.0,5.0,4,3.0
pad,46,0.05,marginal-M1,281,False,0.9310344827586207,,0.0,1.0,,3.793103448275862,29,
pad,46,0.05,marginal-M2,281,False,0.9735099337748344,,0.0,1.0,,4.039735099337748,151,
pad,46,0.05,marginal-M3,281,False,1.0,,0.0,1.0,,4.1,70,
pad,46,0.05,marginal-M4,281,False,1.0,,0.0,1.0,,4.818181818181818,11,
pad,46,0.05,marginal-M5,281,False,1.0,,0.0,1.0,,3.5,4,
pad,46,0.1,B,26,False,1.0,1.0,,0.9375,0.9230769230769231,3.125,16,13.0
pad,46,0.1,M1,25,False,0.9655172413793104,0.9666666666666667,0.0,1.0,1.0,3.896551724137931,29,15.0
pad,46,0.1,M2,159,False,0.9470198675496688,0.9545454545454546,0.0,1.0,1.0,3.801324503311258,151,110.0
pad,46,0.1,M3,71,False,0.9428571428571428,0.9421768707482994,0.0,1.0,1.0,3.585714285714286,70,49.0
pad,46,0.1,M4,9,False,1.0,1.0,0.0,1.0,1.0,4.909090909090909,11,8.0
pad,46,0.1,M5,2,True,1.0,1.0,0.0,1.0,1.0,5.0,4,3.0
pad,46,0.1,marginal-M1,281,False,0.8275862068965517,,0.0,1.0,,2.9310344827586206,29,
pad,46,0.1,marginal-M2,281,False,0.8940397350993378,,0.0,1.0,,3.198675496688742,151,
pad,46,0.1,marginal-M3,281,False,0.9714285714285714,,0.0,1.0,,3.5,70,
pad,46,0.1,marginal-M4,281,False,1.0,,0.0,1.0,,3.727272727272727,11,
pad,46,0.1,marginal-M5,281,False,0.75,,0.0,1.0,,2.75,4,
pad,46,0.15,B,26,False,0.875,0.8461538461538461,,0.8125,0.8717948717948718,2.5625,16,13.0
pad,46,0.15,M1,25,False,0.9310344827586207,0.9444444444444444,0.0,1.0,1.0,3.1724137931034484,29,15.0
pad,46,0.15,M2,159,False,0.8741721854304636,0.8893939393939392,0.0,1.0,1.0,2.7880794701986753,151,110.0
pad,46,0.15,M3,71,False,0.8714285714285714,0.8860544217687076,0.0,1.0,1.0,2.8285714285714287,70,49.0
pad,46,0.15,M4,9,False,1.0,1.0,0.0,1.0,1.0,4.363636363636363,11,8.0
pad,46,0.15,M5,2,True,1.0,1.0,0.0,1.0,1.0,4.5,4,3.0
pad,46,0.15,marginal-M1,281,False,0.7931034482758621,,0.0,1.0,,2.4827586206896552,29,
pad,46,0.15,marginal-M2,281,False,0.8543046357615894,,0.0,1.0,,2.7682119205298013,151,
pad,46,0.15,marginal-M3,281,False,0.9142857142857143,,0.0,1.0,,3.085714285714286,70,
pad,46,0.15,marginal-M4,281,False,1.0,,0.0,1.0,,3.272727272727273,11,
pad,46,0.15,marginal-M5,281,False,0.5,,0.0,1.0,,1.75,4,
hiba,47,0.05,B,165,False,0.9622641509433962,0.9178082191780822,,1.0,1.0,4.773584905660377,159,73.0
hiba,47,0.05,M1,24,False,0.8888888888888888,0.875,0.0,1.0,1.0,5.388888888888889,18,10.0
hiba,47,0.05,M2,220,False,0.9051724137931034,0.9,0.008620689655172414,0.9913793103448276,0.9947368421052631,5.327586206896552,116,95.0
hiba,47,0.05,M3,26,False,1.0,1.0,0.0,1.0,1.0,6.0,8,8.0
hiba,47,0.05,marginal-M1,396,False,1.0,,0.0,1.0,,5.611111111111111,18,
hiba,47,0.05,marginal-M2,396,False,0.9310344827586207,,0.0,1.0,,5.086206896551724,116,
hiba,47,0.05,marginal-M3,396,False,1.0,,0.0,1.0,,5.75,8,
hiba,47,0.1,B,165,False,0.9371069182389937,0.8721461187214613,,0.9119496855345912,0.9256259722013146,3.3333333333333335,159,73.0
hiba,47,0.1,M1,24,False,0.8333333333333334,0.85,0.0,1.0,1.0,4.333333333333333,18,10.0
hiba,47,0.1,M2,220,False,0.8275862068965517,0.8210526315789474,0.034482758620689655,0.9655172413793104,0.9736842105263158,4.068965517241379,116,95.0
hiba,47,0.1,M3,26,False,1.0,1.0,0.0,1.0,1.0,5.375,8,8.0
hiba,47,0.1,marginal-M1,396,False,0.9444444444444444,,0.0,1.0,,4.888888888888889,18,
hiba,47,0.1,marginal-M2,396,False,0.9051724137931034,,0.008620689655172414,0.9913793103448276,,4.543103448275862,116,
hiba,47,0.1,marginal-M3,396,False,1.0,,0.0,1.0,,5.25,8,
hiba,47,0.15,B,165,False,0.9245283018867925,0.8447488584474887,,0.8553459119496856,0.9021275528124844,2.9245283018867925,159,73.0
hiba,47,0.15,M1,24,False,0.8333333333333334,0.85,0.0,1.0,1.0,4.166666666666667,18,10.0
hiba,47,0.15,M2,220,False,0.8103448275862069,0.8070175438596491,0.05172413793103448,0.9482758620689655,0.9526315789473684,3.706896551724138,116,95.0
hiba,47,0.15,M3,26,False,1.0,1.0,0.0,1.0,1.0,4.75,8,8.0
hiba,47,0.15,marginal-M1,396,False,0.8333333333333334,,0.0,1.0,,3.2222222222222223,18,
hiba,47,0.15,marginal-M2,396,False,0.8275862068965517,,0.05172413793103448,0.9482758620689655,,3.336206896551724,116,
hiba,47,0.15,marginal-M3,396,False,1.0,,0.0,1.0,,4.5,8,
pad,47,0.05,B,23,False,0.9444444444444444,0.9375,,1.0,1.0,4.055555555555555,18,16.0
pad,47,0.05,M1,22,False,1.0,1.0,0.0,1.0,1.0,4.703703703703703,27,18.0
pad,47,0.05,M2,164,False,0.9673202614379085,0.965079365079365,0.0,1.0,1.0,4.0,153,105.0
pad,47,0.05,M3,74,False,0.9264705882352942,0.9239130434782609,0.0,1.0,1.0,3.764705882352941,68,46.0
pad,47,0.05,M4,9,True,1.0,1.0,0.0,1.0,1.0,5.333333333333333,9,8.0
pad,47,0.05,M5,2,True,1.0,1.0,0.0,1.0,1.0,5.0,4,3.0
pad,47,0.05,marginal-M1,286,False,0.8888888888888888,,0.0,1.0,,4.333333333333333,27,
pad,47,0.05,marginal-M2,286,False,0.954248366013072,,0.0,1.0,,3.9411764705882355,153,
pad,47,0.05,marginal-M3,286,False,0.9558823529411765,,0.0,1.0,,3.9705882352941178,68,
pad,47,0.05,marginal-M4,286,False,0.8888888888888888,,0.0,1.0,,4.444444444444445,9,
pad,47,0.05,marginal-M5,286,False,1.0,,0.0,1.0,,3.5,4,
pad,47,0.1,B,23,False,0.8888888888888888,0.875,,1.0,1.0,3.388888888888889,18,16.0
pad,47,0.1,M1,22,False,0.9629629629629629,0.9444444444444444,0.0,1.0,1.0,3.8518518518518516,27,18.0
pad,47,0.1,M2,164,False,0.934640522875817,0.9333333333333333,0.0,1.0,1.0,3.2745098039215685,153,105.0
pad,47,0.1,M3,74,False,0.8529411764705882,0.8559782608695652,0.0,1.0,1.0,2.8676470588235294,68,46.0
pad,47,0.1,M4,9,False,0.8888888888888888,0.875,0.0,1.0,1.0,3.3333333333333335,9,8.0
pad,47,0.1,M5,2,True,1.0,1.0,0.0,1.0,1.0,4.5,4,3.0
pad,47,0.1,marginal-M1,286,False,0.8888888888888888,,0.0,1.0,,3.4444444444444446,27,
pad,47,0.1,marginal-M2,286,False,0.8823529411764706,,0.0,1.0,,3.2483660130718954,153,
pad,47,0.1,marginal-M3,286,False,0.9264705882352942,,0.0,1.0,,3.338235294117647,68,
pad,47,0.1,marginal-M4,286,False,0.8888888888888888,,0.0,1.0,,3.6666666666666665,9,
pad,47,0.1,marginal-M5,286,False,0.75,,0.0,1.0,,2.5,4,
pad,47,0.15,B,23,False,0.8333333333333334,0.8125,,1.0,1.0,3.111111111111111,18,16.0
pad,47,0.15,M1,22,False,0.8888888888888888,0.8703703703703703,0.0,1.0,1.0,3.4444444444444446,27,18.0
pad,47,0.15,M2,164,False,0.8562091503267973,0.8714285714285714,0.0,1.0,1.0,2.8366013071895426,153,105.0
pad,47,0.15,M3,74,False,0.8235294117647058,0.8125,0.0,1.0,1.0,2.661764705882353,68,46.0
pad,47,0.15,M4,9,False,0.8888888888888888,0.875,0.0,1.0,1.0,3.3333333333333335,9,8.0
pad,47,0.15,M5,2,True,1.0,1.0,0.0,1.0,1.0,4.5,4,3.0
pad,47,0.15,marginal-M1,286,False,0.8518518518518519,,0.0,1.0,,2.888888888888889,27,
pad,47,0.15,marginal-M2,286,False,0.8366013071895425,,0.0,1.0,,2.803921568627451,153,
pad,47,0.15,marginal-M3,286,False,0.8529411764705882,,0.0,1.0,,2.9411764705882355,68,
pad,47,0.15,marginal-M4,286,False,0.8888888888888888,,0.0,1.0,,3.2222222222222223,9,
pad,47,0.15,marginal-M5,286,False,0.5,,0.0,1.0,,1.75,4,
hiba,48,0.05,B,179,False,1.0,1.0,,1.0,1.0,5.705882352941177,119,59.0
hiba,48,0.05,M1,23,False,0.7857142857142857,0.8484848484848485,0.0,1.0,1.0,5.571428571428571,14,11.0
hiba,48,0.05,M2,213,False,0.9603174603174603,0.9558823529411765,0.0,1.0,1.0,6.492063492063492,126,102.0
hiba,48,0.05,M3,21,False,0.9285714285714286,0.9230769230769231,0.0,1.0,1.0,6.142857142857143,14,13.0
hiba,48,0.05,marginal-M1,396,False,1.0,,0.0,1.0,,6.5,14,
hiba,48,0.05,marginal-M2,396,False,0.9761904761904762,,0.0,1.0,,6.238095238095238,126,
hiba,48,0.05,marginal-M3,396,False,1.0,,0.0,1.0,,6.785714285714286,14,
hiba,48,0.1,B,179,False,1.0,1.0,,1.0,1.0,4.294117647058823,119,59.0
hiba,48,0.1,M1,23,False,0.7857142857142857,0.8484848484848485,0.0,1.0,1.0,5.0,14,11.0
hiba,48,0.1,M2,213,False,0.8571428571428571,0.8553921568627451,0.015873015873015872,0.9841269841269841,0.9852941176470589,4.992063492063492,126,102.0
hiba,48,0.1,M3,21,False,0.8571428571428571,0.8846153846153846,0.0,1.0,1.0,5.428571428571429,14,13.0
hiba,48,0.1,marginal-M1,396,False,0.9285714285714286,,0.0,1.0,,4.785714285714286,14,
hiba,48,0.1,marginal-M2,396,False,0.9126984126984127,,0.015873015873015872,0.9841269841269841,,4.555555555555555,126,
hiba,48,0.1,marginal-M3,396,False,0.9285714285714286,,0.0,1.0,,4.785714285714286,14,
hiba,48,0.15,B,179,False,0.957983193277311,0.9519774011299434,,0.865546218487395,0.8779257465698143,3.369747899159664,119,59.0
hiba,48,0.15,M1,23,False,0.7857142857142857,0.8484848484848485,0.0,1.0,1.0,4.0,14,11.0
hiba,48,0.15,M2,213,False,0.8095238095238095,0.812908496732026,0.031746031746031744,0.9682539682539683,0.9754901960784313,3.8968253968253967,126,102.0
hiba,48,0.15,M3,21,False,0.7857142857142857,0.8076923076923077,0.0,1.0,1.0,3.9285714285714284,14,13.0
hiba,48,0.15,marginal-M1,396,False,0.7857142857142857,,0.07142857142857142,0.9285714285714286,,3.642857142857143,14,
hiba,48,0.15,marginal-M2,396,False,0.8492063492063492,,0.031746031746031744,0.9682539682539683,,3.5396825396825395,126,
hiba,48,0.15,marginal-M3,396,False,0.8571428571428571,,0.0,1.0,,3.7142857142857144,14,
pad,48,0.05,B,27,False,0.9285714285714286,0.9166666666666666,,1.0,1.0,4.0,14,12.0
pad,48,0.05,M1,22,False,0.9655172413793104,0.9722222222222222,0.0,1.0,1.0,4.206896551724138,29,18.0
pad,48,0.05,M2,163,False,0.9691358024691358,0.9685534591194968,0.0,1.0,1.0,4.018518518518518,162,106.0
pad,48,0.05,M3,74,False,1.0,1.0,0.0,1.0,1.0,4.365079365079365,63,46.0
pad,48,0.05,M4,9,True,1.0,1.0,0.0,1.0,1.0,5.5,8,8.0
pad,48,0.05,M5,2,True,1.0,1.0,0.0,1.0,1.0,5.0,4,3.0
pad,48,0.05,marginal-M1,289,False,0.9655172413793104,,0.0,1.0,,4.137931034482759,29,
pad,48,0.05,marginal-M2,289,False,0.9691358024691358,,0.0,1.0,,4.104938271604938,162,
pad,48,0.05,marginal-M3,289,False,0.9682539682539683,,0.0,1.0,,4.317460317460317,63,
pad,48,0.05,marginal-M4,289,False,0.875,,0.0,1.0,,4.25,8,
pad,48,0.05,marginal-M5,289,False,1.0,,0.0,1.0,,3.5,4,
pad,48,0.1,B,27,False,0.9285714285714286,0.9166666666666666,,1.0,1.0,3.142857142857143,14,12.0
pad,48,0.1,M1,22,False,0.9655172413793104,0.9722222222222222,0.0,1.0,1.0,3.793103448275862,29,18.0
pad,48,0.1,M2,163,False,0.9382716049382716,0.9276729559748427,0.0,1.0,1.0,3.246913580246914,162,106.0
pad,48,0.1,M3,74,False,0.9047619047619048,0.9239130434782609,0.0,1.0,1.0,3.2063492063492065,63,46.0
pad,48,0.1,M4,9,False,0.875,0.875,0.0,1.0,1.0,3.25,8,8.0
pad,48,0.1,M5,2,True,1.0,1.0,0.0,1.0,1.0,4.5,4,3.0
pad,48,0.1,marginal-M1,289,False,0.896551724137931,,0.0,1.0,,3.1379310344827585,29,
pad,48,0.1,marginal-M2,289,False,0.8950617283950617,,0.0,1.0,,3.234567901234568,162,
pad,48,0.1,marginal-M3,289,False,0.9047619047619048,,0.0,1.0,,3.365079365079365,63,
pad,48,0.1,marginal-M4,289,False,0.875,,0.0,1.0,,3.5,8,
pad,48,0.1,marginal-M5,289,False,0.75,,0.0,1.0,,2.25,4,
pad,48,0.15,B,27,False,0.8571428571428571,0.8333333333333334,,1.0,1.0,2.857142857142857,14,12.0
pad,48,0.15,M1,22,False,0.896551724137931,0.8888888888888888,0.0,1.0,1.0,2.896551724137931,29,18.0
pad,48,0.15,M2,163,False,0.8580246913580247,0.8577044025157232,0.0,1.0,1.0,2.808641975308642,162,106.0
pad,48,0.15,M3,74,False,0.8888888888888888,0.9130434782608695,0.0,1.0,1.0,2.9206349206349205,63,46.0
pad,48,0.15,M4,9,False,0.875,0.875,0.0,1.0,1.0,3.25,8,8.0
pad,48,0.15,M5,2,True,1.0,1.0,0.0,1.0,1.0,4.5,4,3.0
pad,48,0.15,marginal-M1,289,False,0.896551724137931,,0.0,1.0,,2.689655172413793,29,
pad,48,0.15,marginal-M2,289,False,0.8333333333333334,,0.0,1.0,,2.765432098765432,162,
pad,48,0.15,marginal-M3,289,False,0.873015873015873,,0.0,1.0,,2.9523809523809526,63,
pad,48,0.15,marginal-M4,289,False,0.875,,0.0,1.0,,3.125,8,
pad,48,0.15,marginal-M5,289,False,0.5,,0.0,1.0,,1.75,4,
hiba,49,0.05,B,166,False,0.983957219251337,0.9583333333333334,,1.0,1.0,5.759358288770054,187,72.0
hiba,49,0.05,M1,23,False,0.8421052631578947,0.8484848484848485,0.0,1.0,1.0,4.947368421052632,19,11.0
hiba,49,0.05,M2,223,False,0.9224137931034483,0.9239130434782609,0.0,1.0,1.0,6.181034482758621,116,92.0
hiba,49,0.05,M3,23,False,0.9375,0.9090909090909091,0.0,1.0,1.0,5.8125,16,11.0
hiba,49,0.05,marginal-M1,396,False,1.0,,0.0,1.0,,6.052631578947368,19,
hiba,49,0.05,marginal-M2,396,False,0.9396551724137931,,0.0,1.0,,6.0,116,
hiba,49,0.05,marginal-M3,396,False,1.0,,0.0,1.0,,5.625,16,
hiba,49,0.1,B,166,False,0.9572192513368984,0.9166666666666666,,0.9946524064171123,0.9986111111111112,4.470588235294118,187,72.0
hiba,49,0.1,M1,23,False,0.8421052631578947,0.8484848484848485,0.0,1.0,1.0,4.368421052631579,19,11.0
hiba,49,0.1,M2,223,False,0.8793103448275862,0.8804347826086957,0.008620689655172414,0.9913793103448276,0.9945652173913043,4.939655172413793,116,92.0
hiba,49,0.1,M3,23,False,0.9375,0.9090909090909091,0.0,1.0,1.0,4.8125,16,11.0
hiba,49,0.1,marginal-M1,396,False,0.9473684210526315,,0.0,1.0,,4.2105263157894735,19,
hiba,49,0.1,marginal-M2,396,False,0.896551724137931,,0.017241379310344827,0.9827586206896551,,4.362068965517241,116,
hiba,49,0.1,marginal-M3,396,False,0.9375,,0.0,1.0,,4.8125,16,
hiba,49,0.15,B,166,False,0.8983957219251337,0.803587962962963,,0.9732620320855615,0.9633101851851852,3.3957219251336896,187,72.0
hiba,49,0.15,M1,23,False,0.7894736842105263,0.7575757575757577,0.0,1.0,1.0,3.6315789473684212,19,11.0
hiba,49,0.15,M2,223,False,0.8275862068965517,0.8369565217391305,0.02586206896551724,0.9741379310344828,0.9782608695652174,3.663793103448276,116,92.0
hiba,49,0.15,M3,23,False,0.9375,0.9090909090909091,0.0,1.0,1.0,4.1875,16,11.0
hiba,49,0.15,marginal-M1,396,False,0.8421052631578947,,0.05263157894736842,0.9473684210526315,,3.0,19,
hiba,49,0.15,marginal-M2,396,False,0.8362068965517241,,0.02586206896551724,0.9741379310344828,,3.3017241379310347,116,
hiba,49,0.15,marginal-M3,396,False,0.9375,,0.0,1.0,,3.5625,16,
pad,49,0.05,B,26,False,1.0,1.0,,1.0,1.0,4.2,15,13.0
pad,49,0.05,M1,22,False,1.0,1.0,0.0,1.0,1.0,4.3,30,18.0
pad,49,0.05,M2,157,False,0.9741935483870968,0.96875,0.0,1.0,1.0,4.148387096774194,155,112.0
pad,49,0.05,M3,82,False,0.9833333333333333,0.9736842105263158,0.0,1.0,1.0,4.15,60,38.0
pad,49,0.05,M4,7,True,1.0,1.0,0.0,1.0,1.0,5.384615384615385,13,10.0
pad,49,0.05,M5,2,True,1.0,1.0,0.0,1.0,1.0,5.0,3,3.0
pad,49,0.05,marginal-M1,288,False,0.9333333333333333,,0.0,1.0,,4.066666666666666,30,
pad,49,0.05,marginal-M2,288,False,0.9741935483870968,,0.0,1.0,,4.148387096774194,155,
pad,49,0.05,marginal-M3,288,False,0.9833333333333333,,0.0,1.0,,4.066666666666666,60,
pad,49,0.05,marginal-M4,288,False,0.9230769230769231,,0.0,1.0,,4.923076923076923,13,
pad,49,0.05,marginal-M5,288,False,1.0,,0.0,1.0,,3.3333333333333335,3,
pad,49,0.1,B,26,False,0.9333333333333333,0.9230769230769231,,1.0,1.0,3.6666666666666665,15,13.0
pad,49,0.1,M1,22,False,0.9666666666666667,0.9444444444444444,0.0,1.0,1.0,3.6,30,18.0
pad,49,0.1,M2,157,False,0.9354838709677419,0.925595238095238,0.0,1.0,1.0,3.2,155,112.0
pad,49,0.1,M3,82,False,0.9666666666666667,0.9473684210526315,0.0,1.0,1.0,3.0833333333333335,60,38.0
pad,49,0.1,M4,7,True,1.0,1.0,0.0,1.0,1.0,4.615384615384615,13,10.0
pad,49,0.1,M5,2,True,1.0,1.0,0.0,1.0,1.0,4.666666666666667,3,3.0
pad,49,0.1,marginal-M1,288,False,0.8666666666666667,,0.0,1.0,,3.1333333333333333,30,
pad,49,0.1,marginal-M2,288,False,0.9096774193548387,,0.0,1.0,,3.2774193548387096,155,
pad,49,0.1,marginal-M3,288,False,0.9666666666666667,,0.0,1.0,,3.2666666666666666,60,
pad,49,0.1,marginal-M4,288,False,0.9230769230769231,,0.0,1.0,,3.8461538461538463,13,
pad,49,0.1,marginal-M5,288,False,1.0,,0.0,1.0,,2.6666666666666665,3,
pad,49,0.15,B,26,False,0.9333333333333333,0.9230769230769231,,1.0,1.0,3.1333333333333333,15,13.0
pad,49,0.15,M1,22,False,0.9333333333333333,0.925925925925926,0.0,1.0,1.0,3.3666666666666667,30,18.0
pad,49,0.15,M2,157,False,0.8903225806451613,0.8958333333333333,0.0,1.0,1.0,2.8838709677419354,155,112.0
pad,49,0.15,M3,82,False,0.95,0.944078947368421,0.0,1.0,1.0,2.9,60,38.0
pad,49,0.15,M4,7,False,0.9230769230769231,0.9,0.0,1.0,1.0,3.3846153846153846,13,10.0
pad,49,0.15,M5,2,True,1.0,1.0,0.0,1.0,1.0,4.666666666666667,3,3.0
pad,49,0.15,marginal-M1,288,False,0.8,,0.0,1.0,,2.7333333333333334,30,
pad,49,0.15,marginal-M2,288,False,0.8709677419354839,,0.0,1.0,,2.9806451612903224,155,
pad,49,0.15,marginal-M3,288,False,0.95,,0.0,1.0,,3.05,60,
pad,49,0.15,marginal-M4,288,False,0.9230769230769231,,0.0,1.0,,3.3076923076923075,13,
pad,49,0.15,marginal-M5,288,False,0.6666666666666666,,0.0,1.0,,2.3333333333333335,3,
hiba,50,0.05,B,173,False,0.9958333333333333,0.9846153846153847,,1.0,1.0,5.891666666666667,240,65.0
hiba,50,0.05,M1,28,False,1.0,1.0,0.0,1.0,1.0,6.6923076923076925,13,6.0
hiba,50,0.05,M2,210,False,0.9927007299270073,0.9904761904761905,0.0,1.0,1.0,7.014598540145985,137,105.0
hiba,50,0.05,M3,25,False,1.0,1.0,0.0,1.0,1.0,6.647058823529412,17,9.0
hiba,50,0.05,marginal-M1,396,False,1.0,,0.0,1.0,,6.6923076923076925,13,
hiba,50,0.05,marginal-M2,396,False,0.9927007299270073,,0.0,1.0,,6.306569343065694,137,
hiba,50,0.05,marginal-M3,396,False,1.0,,0.0,1.0,,6.235294117647059,17,
hiba,50,0.1,B,173,False,0.9833333333333333,0.9461538461538461,,0.9541666666666667,0.9687394957983193,3.7416666666666667,240,65.0
hiba,50,0.1,M1,28,False,1.0,1.0,0.0,1.0,1.0,4.923076923076923,13,6.0
hiba,50,0.1,M2,210,False,0.9343065693430657,0.9428571428571428,0.021897810218978103,0.9781021897810219,0.9857142857142858,4.868613138686132,137,105.0
hiba,50,0.1,M3,25,False,1.0,1.0,0.0,1.0,1.0,4.529411764705882,17,9.0
hiba,50,0.1,marginal-M1,396,False,1.0,,0.0,1.0,,4.846153846153846,13,
hiba,50,0.1,marginal-M2,396,False,0.9416058394160584,,0.014598540145985401,0.9854014598540146,,4.62043795620438,137,
hiba,50,0.1,marginal-M3,396,False,1.0,,0.0,1.0,,4.764705882352941,17,
hiba,50,0.15,B,173,False,0.9625,0.903974358974359,,0.8125,0.9421643286194371,2.7666666666666666,240,65.0
hiba,50,0.15,M1,28,False,1.0,1.0,0.0,1.0,1.0,4.153846153846154,13,6.0
hiba,50,0.15,M2,210,False,0.927007299270073,0.9333333333333333,0.021897810218978103,0.9781021897810219,0.9857142857142858,4.313868613138686,137,105.0
hiba,50,0.15,M3,25,False,0.9411764705882353,0.8888888888888888,0.0,1.0,1.0,3.764705882352941,17,9.0
hiba,50,0.15,marginal-M1,396,False,1.0,,0.0,1.0,,4.153846153846154,13,
hiba,50,0.15,marginal-M2,396,False,0.927007299270073,,0.021897810218978103,0.9781021897810219,,3.9051094890510947,137,
hiba,50,0.15,marginal-M3,396,False,1.0,,0.0,1.0,,4.117647058823529,17,
pad,50,0.05,B,26,False,1.0,1.0,,1.0,1.0,4.0,16,13.0
pad,50,0.05,M1,18,True,1.0,1.0,0.0,1.0,1.0,4.942857142857143,35,22.0
pad,50,0.05,M2,171,False,0.9724137931034482,0.9727891156462586,0.0,1.0,1.0,4.117241379310345,145,98.0
pad,50,0.05,M3,83,False,0.9622641509433962,0.972972972972973,0.0,1.0,1.0,3.9245283018867925,53,37.0
pad,50,0.05,M4,9,True,1.0,1.0,0.0,1.0,1.0,5.4,10,8.0
pad,50,0.05,M5,2,True,1.0,1.0,0.0,1.0,1.0,5.333333333333333,3,3.0
pad,50,0.05,marginal-M1,300,False,0.9714285714285714,,0.0,1.0,,3.9714285714285715,35,
pad,50,0.05,marginal-M2,300,False,0.9724137931034482,,0.0,1.0,,4.117241379310345,145,
pad,50,0.05,marginal-M3,300,False,0.9622641509433962,,0.0,1.0,,4.056603773584905,53,
pad,50,0.05,marginal-M4,300,False,1.0,,0.0,1.0,,4.5,10,
pad,50,0.05,marginal-M5,300,False,1.0,,0.0,1.0,,4.333333333333333,3,
pad,50,0.1,B,26,False,1.0,1.0,,1.0,1.0,3.6875,16,13.0
pad,50,0.1,M1,18,False,0.9714285714285714,0.9772727272727273,0.0,1.0,1.0,4.085714285714285,35,22.0
pad,50,0.1,M2,171,False,0.9310344827586207,0.9251700680272108,0.0,1.0,1.0,3.8,145,98.0
pad,50,0.1,M3,83,False,0.9056603773584906,0.9054054054054054,0.0,1.0,1.0,3.358490566037736,53,37.0
pad,50,0.1,M4,9,False,1.0,1.0,0.0,1.0,1.0,4.6,10,8.0
pad,50,0.1,M5,2,True,1.0,1.0,0.0,1.0,1.0,5.333333333333333,3,3.0
pad,50,0.1,marginal-M1,300,False,0.9428571428571428,,0.0,1.0,,3.3142857142857145,35,
pad,50,0.1,marginal-M2,300,False,0.9310344827586207,,0.0,1.0,,3.5586206896551724,145,
pad,50,0.1,marginal-M3,300,False,0.9433962264150944,,0.0,1.0,,3.4716981132075473,53,
pad,50,0.1,marginal-M4,300,False,1.0,,0.0,1.0,,3.6,10,
pad,50,0.1,marginal-M5,300,False,1.0,,0.0,1.0,,4.333333333333333,3,
pad,50,0.15,B,26,False,1.0,1.0,,0.8125,0.8717948717948718,3.25,16,13.0
pad,50,0.15,M1,18,False,0.9714285714285714,0.9772727272727273,0.0,1.0,1.0,3.4571428571428573,35,22.0
pad,50,0.15,M2,171,False,0.8896551724137931,0.8928571428571429,0.0,1.0,1.0,2.9931034482758623,145,98.0
pad,50,0.15,M3,83,False,0.9056603773584906,0.9054054054054054,0.0,1.0,1.0,2.849056603773585,53,37.0
pad,50,0.15,M4,9,False,1.0,1.0,0.0,1.0,1.0,4.1,10,8.0
pad,50,0.15,M5,2,True,1.0,1.0,0.0,1.0,1.0,4.666666666666667,3,3.0
pad,50,0.15,marginal-M1,300,False,0.8857142857142857,,0.0,1.0,,2.7142857142857144,35,
pad,50,0.15,marginal-M2,300,False,0.8758620689655172,,0.0,1.0,,3.0551724137931036,145,
pad,50,0.15,marginal-M3,300,False,0.9056603773584906,,0.0,1.0,,3.018867924528302,53,
pad,50,0.15,marginal-M4,300,False,0.9,,0.0,1.0,,3.1,10,
pad,50,0.15,marginal-M5,300,False,0.6666666666666666,,0.0,1.0,,3.0,3,
hiba,51,0.05,B,175,False,0.9937888198757764,0.9841269841269841,,1.0,1.0,5.838509316770186,161,63.0
hiba,51,0.05,M1,31,False,1.0,1.0,0.0,1.0,1.0,5.666666666666667,3,3.0
hiba,51,0.05,M2,205,False,0.9716312056737588,0.9704545454545455,0.0,1.0,1.0,6.673758865248227,141,110.0
hiba,51,0.05,M3,26,False,1.0,1.0,0.0,1.0,1.0,7.0,8,8.0
hiba,51,0.05,marginal-M1,396,False,1.0,,0.0,1.0,,6.0,3,
hiba,51,0.05,marginal-M2,396,False,0.9858156028368794,,0.0,1.0,,6.01418439716312,141,
hiba,51,0.05,marginal-M3,396,False,1.0,,0.0,1.0,,6.5,8,
hiba,51,0.1,B,175,False,0.968944099378882,0.9550264550264551,,0.9813664596273292,0.993775287892935,4.130434782608695,161,63.0
hiba,51,0.1,M1,31,False,1.0,1.0,0.0,1.0,1.0,4.666666666666667,3,3.0
hiba,51,0.1,M2,205,False,0.9361702127659575,0.925,0.0,1.0,1.0,5.212765957446808,141,110.0
hiba,51,0.1,M3,26,False,1.0,1.0,0.0,1.0,1.0,5.125,8,8.0
hiba,51,0.1,marginal-M1,396,False,1.0,,0.0,1.0,,4.333333333333333,3,
hiba,51,0.1,marginal-M2,396,False,0.950354609929078,,0.0,1.0,,4.829787234042553,141,
hiba,51,0.1,marginal-M3,396,False,1.0,,0.0,1.0,,5.125,8,
hiba,51,0.15,B,175,False,0.9503105590062112,0.9153439153439155,,0.8571428571428571,0.9377142669933471,3.1614906832298137,161,63.0
hiba,51,0.15,M1,31,False,1.0,1.0,0.0,1.0,1.0,4.333333333333333,3,3.0
hiba,51,0.15,M2,205,False,0.9148936170212766,0.9022727272727272,0.0070921985815602835,0.9929078014184397,0.990909090909091,4.3120567375886525,141,110.0
hiba,51,0.15,M3,26,False,1.0,1.0,0.0,1.0,1.0,3.875,8,8.0
hiba,51,0.15,marginal-M1,396,False,1.0,,0.0,1.0,,4.0,3,
hiba,51,0.15,marginal-M2,396,False,0.9148936170212766,,0.0,1.0,,3.872340425531915,141,
hiba,51,0.15,marginal-M3,396,False,1.0,,0.0,1.0,,4.0,8,
pad,51,0.05,B,22,False,0.9473684210526315,0.9411764705882353,,0.9473684210526315,0.9411764705882353,4.2105263157894735,19,17.0
pad,51,0.05,M1,19,False,0.875,0.8650793650793651,0.0,1.0,1.0,3.625,32,21.0
pad,51,0.05,M2,161,False,0.9044585987261147,0.8996913580246912,0.0,1.0,1.0,3.662420382165605,157,108.0
pad,51,0.05,M3,70,False,0.974025974025974,0.97,0.0,1.0,1.0,4.064935064935065,77,50.0
pad,51,0.05,M4,9,True,1.0,1.0,0.0,1.0,1.0,5.3,10,8.0
pad,51,0.05,M5,3,True,1.0,1.0,0.0,1.0,1.0,4.333333333333333,3,2.0
pad,51,0.05,marginal-M1,280,False,0.875,,0.0,1.0,,3.34375,32,
pad,51,0.05,marginal-M2,280,False,0.9044585987261147,,0.0,1.0,,3.611464968152866,157,
pad,51,0.05,marginal-M3,280,False,0.974025974025974,,0.0,1.0,,4.025974025974026,77,
pad,51,0.05,marginal-M4,280,False,0.9,,0.0,1.0,,4.5,10,
pad,51,0.05,marginal-M5,280,False,1.0,,0.0,1.0,,2.0,3,
pad,51,0.1,B,22,False,0.9473684210526315,0.9411764705882353,,0.9473684210526315,0.9411764705882353,3.0526315789473686,19,17.0
pad,51,0.1,M1,19,False,0.71875,0.7222222222222222,0.0,1.0,1.0,2.25,32,21.0
pad,51,0.1,M2,161,False,0.8152866242038217,0.8287037037037037,0.0,1.0,1.0,2.7770700636942673,157,108.0
pad,51,0.1,M3,70,False,0.935064935064935,0.93,0.0,1.0,1.0,3.207792207792208,77,50.0
pad,51,0.1,M4,9,False,0.8,0.75,0.0,1.0,1.0,3.1,10,8.0
pad,51,0.1,M5,3,True,1.0,1.0,0.0,1.0,1.0,4.0,3,2.0
pad,51,0.1,marginal-M1,280,False,0.78125,,0.0,1.0,,2.5,32,
pad,51,0.1,marginal-M2,280,False,0.8089171974522293,,0.0,1.0,,2.8089171974522293,157,
pad,51,0.1,marginal-M3,280,False,0.922077922077922,,0.0,1.0,,3.220779220779221,77,
pad,51,0.1,marginal-M4,280,False,0.8,,0.0,1.0,,3.6,10,
pad,51,0.1,marginal-M5,280,False,0.6666666666666666,,0.0,1.0,,1.0,3,
pad,51,0.15,B,22,False,0.9473684210526315,0.9411764705882353,,0.8947368421052632,0.8823529411764706,2.6842105263157894,19,17.0
pad,51,0.15,M1,19,False,0.6875,0.6746031746031745,0.0,1.0,1.0,1.9375,32,21.0
pad,51,0.15,M2,161,False,0.7579617834394905,0.775683421516755,0.0,1.0,1.0,2.5605095541401273,157,108.0
pad,51,0.15,M3,70,False,0.8831168831168831,0.885,0.0,1.0,1.0,2.9220779220779223,77,50.0
pad,51,0.15,M4,9,False,0.8,0.75,0.0,1.0,1.0,3.1,10,8.0
pad,51,0.15,M5,3,True,1.0,1.0,0.0,1.0,1.0,4.0,3,2.0
pad,51,0.15,marginal-M1,280,False,0.71875,,0.0,1.0,,2.25,32,
pad,51,0.15,marginal-M2,280,False,0.7452229299363057,,0.0,1.0,,2.5286624203821657,157,
pad,51,0.15,marginal-M3,280,False,0.8701298701298701,,0.0,1.0,,2.896103896103896,77,
pad,51,0.15,marginal-M4,280,False,0.8,,0.0,1.0,,3.1,10,
pad,51,0.15,marginal-M5,280,False,0.3333333333333333,,0.0,1.0,,0.3333333333333333,3,
hiba,52,0.05,B,164,False,0.992,0.9864864864864865,,1.0,1.0,5.632,125,74.0
hiba,52,0.05,M1,25,False,1.0,1.0,0.0,1.0,1.0,6.4,15,9.0
hiba,52,0.05,M2,222,False,0.9669421487603306,0.9623655913978495,0.0,1.0,1.0,6.785123966942149,121,93.0
hiba,52,0.05,M3,22,False,0.7777777777777778,0.7083333333333334,0.0,1.0,1.0,5.111111111111111,18,12.0
hiba,52,0.05,marginal-M1,396,False,1.0,,0.0,1.0,,6.4,15,
hiba,52,0.05,marginal-M2,396,False,0.9834710743801653,,0.0,1.0,,6.2809917355371905,121,
hiba,52,0.05,marginal-M3,396,False,1.0,,0.0,1.0,,6.055555555555555,18,
hiba,52,0.1,B,164,False,0.928,0.9110360360360361,,0.928,0.9477477477477476,3.664,125,74.0
hiba,52,0.1,M1,25,False,1.0,1.0,0.0,1.0,1.0,4.466666666666667,15,9.0
hiba,52,0.1,M2,222,False,0.9504132231404959,0.9408602150537635,0.0,1.0,1.0,4.9421487603305785,121,93.0
hiba,52,0.1,M3,22,False,0.7222222222222222,0.625,0.0,1.0,1.0,3.5555555555555554,18,12.0
hiba,52,0.1,marginal-M1,396,False,1.0,,0.0,1.0,,4.266666666666667,15,
hiba,52,0.1,marginal-M2,396,False,0.9504132231404959,,0.0,1.0,,4.636363636363637,121,
hiba,52,0.1,marginal-M3,396,False,0.9444444444444444,,0.0,1.0,,4.944444444444445,18,
hiba,52,0.15,B,164,False,0.832,0.8047297297297297,,0.8,0.8445945945945946,2.768,125,74.0
hiba,52,0.15,M1,25,False,1.0,1.0,0.0,1.0,1.0,3.6,15,9.0
hiba,52,0.15,M2,222,False,0.8842975206611571,0.8906810035842295,0.0,1.0,1.0,3.6942148760330578,121,93.0
hiba,52,0.15,M3,22,False,0.6666666666666666,0.6111111111111112,0.0,1.0,1.0,3.0555555555555554,18,12.0
hiba,52,0.15,marginal-M1,396,False,1.0,,0.0,1.0,,3.3333333333333335,15,
hiba,52,0.15,marginal-M2,396,False,0.8925619834710744,,0.0,1.0,,3.371900826446281,121,
hiba,52,0.15,marginal-M3,396,False,0.7777777777777778,,0.0,1.0,,3.2777777777777777,18,
pad,52,0.05,B,18,True,1.0,1.0,,1.0,1.0,6.666666666666667,24,21.0
pad,52,0.05,M1,22,False,1.0,1.0,0.0,1.0,1.0,7.592592592592593,27,18.0
pad,52,0.05,M2,147,False,0.9418604651162791,0.9453551912568305,0.0,1.0,1.0,6.97093023255814,172,122.0
pad,52,0.05,M3,80,False,0.9846153846153847,0.9875,0.0,1.0,1.0,7.184615384615385,65,40.0
pad,52,0.05,M4,9,True,1.0,1.0,0.0,1.0,1.0,8.0,11,8.0
pad,52,0.05,M5,3,True,1.0,1.0,0.0,1.0,1.0,8.0,3,2.0
pad,52,0.05,marginal-M1,273,False,0.9629629629629629,,0.0,1.0,,4.111111111111111,27,
pad,52,0.05,marginal-M2,273,False,0.936046511627907,,0.0,1.0,,3.947674418604651,172,
pad,52,0.05,marginal-M3,273,False,0.9846153846153847,,0.0,1.0,,3.953846153846154,65,
pad,52,0.05,marginal-M4,273,False,0.9090909090909091,,0.0,1.0,,4.2727272727272725,11,
pad,52,0.05,marginal-M5,273,False,1.0,,0.0,1.0,,3.0,3,
pad,52,0.1,B,18,False,1.0,1.0,,1.0,1.0,3.8333333333333335,24,21.0
pad,52,0.1,M1,22,False,1.0,1.0,0.0,1.0,1.0,4.444444444444445,27,18.0
pad,52,0.1,M2,147,False,0.877906976744186,0.8845628415300546,0.0,1.0,1.0,3.5988372093023258,172,122.0
pad,52,0.1,M3,80,False,0.9230769230769231,0.9166666666666667,0.0,1.0,1.0,3.4461538461538463,65,40.0
pad,52,0.1,M4,9,False,0.9090909090909091,0.875,0.0,1.0,1.0,3.6363636363636362,11,8.0
pad,52,0.1,M5,3,True,1.0,1.0,0.0,1.0,1.0,4.666666666666667,3,2.0
pad,52,0.1,marginal-M1,273,False,0.9629629629629629,,0.0,1.0,,3.259259259259259,27,
pad,52,0.1,marginal-M2,273,False,0.8313953488372093,,0.0,1.0,,2.994186046511628,172,
pad,52,0.1,marginal-M3,273,False,0.9230769230769231,,0.0,1.0,,3.1538461538461537,65,
pad,52,0.1,marginal-M4,273,False,0.9090909090909091,,0.0,1.0,,3.090909090909091,11,
pad,52,0.1,marginal-M5,273,False,0.6666666666666666,,0.0,1.0,,1.6666666666666667,3,
pad,52,0.15,B,18,False,1.0,1.0,,1.0,1.0,3.75,24,21.0
pad,52,0.15,M1,22,False,1.0,1.0,0.0,1.0,1.0,4.333333333333333,27,18.0
pad,52,0.15,M2,147,False,0.7848837209302325,0.8025956284153005,0.023255813953488372,0.9767441860465116,0.9726775956284154,3.1627906976744184,172,122.0
pad,52,0.15,M3,80,False,0.7692307692307693,0.7385416666666667,0.0,1.0,1.0,3.0307692307692307,65,40.0
pad,52,0.15,M4,9,False,0.9090909090909091,0.875,0.0,1.0,1.0,3.5454545454545454,11,8.0
pad,52,0.15,M5,3,True,1.0,1.0,0.0,1.0,1.0,4.666666666666667,3,2.0
pad,52,0.15,marginal-M1,273,False,0.9259259259259259,,0.0,1.0,,3.037037037037037,27,
pad,52,0.15,marginal-M2,273,False,0.7790697674418605,,0.0,1.0,,2.6511627906976742,172,
pad,52,0.15,marginal-M3,273,False,0.8615384615384616,,0.0,1.0,,2.8923076923076922,65,
pad,52,0.15,marginal-M4,273,False,0.9090909090909091,,0.0,1.0,,2.727272727272727,11,
pad,52,0.15,marginal-M5,273,False,0.6666666666666666,,0.0,1.0,,1.3333333333333333,3,
hiba,53,0.05,B,161,False,1.0,1.0,,1.0,1.0,6.3391812865497075,171,77.0
hiba,53,0.05,M1,23,False,0.9473684210526315,0.9090909090909091,0.0,1.0,1.0,6.578947368421052,19,11.0
hiba,53,0.05,M2,221,False,0.9583333333333334,0.9574468085106383,0.0,1.0,1.0,6.983333333333333,120,94.0
hiba,53,0.05,M3,24,False,0.9090909090909091,0.9,0.0,1.0,1.0,5.636363636363637,11,10.0
hiba,53,0.05,marginal-M1,396,False,1.0,,0.0,1.0,,6.526315789473684,19,
hiba,53,0.05,marginal-M2,396,False,0.9833333333333333,,0.0,1.0,,6.225,120,
hiba,53,0.05,marginal-M3,396,False,1.0,,0.0,1.0,,6.363636363636363,11,
hiba,53,0.1,B,161,False,0.9824561403508771,0.974025974025974,,0.9883040935672515,0.9956709956709956,4.538011695906433,171,77.0
hiba,53,0.1,M1,23,False,0.7368421052631579,0.7545454545454546,0.0,1.0,1.0,4.631578947368421,19,11.0
hiba,53,0.1,M2,221,False,0.9416666666666667,0.9361702127659575,0.0,1.0,1.0,5.2,120,94.0
hiba,53,0.1,M3,24,False,0.9090909090909091,0.9,0.0,1.0,1.0,4.545454545454546,11,10.0
hiba,53,0.1,marginal-M1,396,False,0.9473684210526315,,0.0,1.0,,4.947368421052632,19,
hiba,53,0.1,marginal-M2,396,False,0.9583333333333334,,0.0,1.0,,4.775,120,
hiba,53,0.1,marginal-M3,396,False,0.9090909090909091,,0.0,1.0,,4.636363636363637,11,
hiba,53,0.15,B,161,False,0.9473684210526315,0.9150432900432902,,0.9298245614035088,0.9280303030303032,3.56140350877193,171,77.0
hiba,53,0.15,M1,23,False,0.7368421052631579,0.7545454545454546,0.0,1.0,1.0,3.6315789473684212,19,11.0
hiba,53,0.15,M2,221,False,0.875,0.8968085106382978,0.016666666666666666,0.9833333333333333,0.9858156028368793,4.008333333333334,120,94.0
hiba,53,0.15,M3,24,False,0.9090909090909091,0.9,0.0,1.0,1.0,3.5454545454545454,11,10.0
hiba,53,0.15,marginal-M1,396,False,0.9473684210526315,,0.0,1.0,,3.9473684210526314,19,
hiba,53,0.15,marginal-M2,396,False,0.9333333333333333,,0.0,1.0,,3.9166666666666665,120,
hiba,53,0.15,marginal-M3,396,False,0.9090909090909091,,0.0,1.0,,3.5454545454545454,11,
pad,53,0.05,B,24,False,0.9411764705882353,0.9333333333333333,,1.0,1.0,4.0,17,15.0
pad,53,0.05,M1,25,False,1.0,1.0,0.0,1.0,1.0,4.08,25,15.0
pad,53,0.05,M2,169,False,0.9591836734693877,0.9666666666666666,0.0,1.0,1.0,4.061224489795919,147,100.0
pad,53,0.05,M3,68,False,0.9848484848484849,0.9807692307692307,0.0,1.0,1.0,4.46969696969697,66,52.0
pad,53,0.05,M4,8,True,1.0,1.0,0.0,1.0,1.0,5.363636363636363,11,9.0
pad,53,0.05,M5,4,True,1.0,1.0,0.0,1.0,1.0,5.0,1,1.0
pad,53,0.05,marginal-M1,292,False,0.88,,0.0,1.0,,3.76,25,
pad,53,0.05,marginal-M2,292,False,0.9523809523809523,,0.0,1.0,,4.034013605442177,147,
pad,53,0.05,marginal-M3,292,False,0.9696969696969697,,0.0,1.0,,4.287878787878788,66,
pad,53,0.05,marginal-M4,292,False,0.9090909090909091,,0.0,1.0,,4.363636363636363,11,
pad,53,0.05,marginal-M5,292,False,1.0,,0.0,1.0,,4.0,1,
pad,53,0.1,B,24,False,0.8823529411764706,0.8666666666666667,,1.0,1.0,3.6470588235294117,17,15.0
pad,53,0.1,M1,25,False,0.88,0.8444444444444444,0.0,1.0,1.0,2.84,25,15.0
pad,53,0.1,M2,169,False,0.8843537414965986,0.89,0.0,1.0,1.0,3.197278911564626,147,100.0
pad,53,0.1,M3,68,False,0.9393939393939394,0.9230769230769231,0.0,1.0,1.0,3.1666666666666665,66,52.0
pad,53,0.1,M4,8,True,1.0,1.0,0.0,1.0,1.0,4.909090909090909,11,9.0
pad,53,0.1,M5,4,True,1.0,1.0,0.0,1.0,1.0,4.0,1,1.0
pad,53,0.1,marginal-M1,292,False,0.88,,0.0,1.0,,2.8,25,
pad,53,0.1,marginal-M2,292,False,0.8843537414965986,,0.0,1.0,,3.326530612244898,147,
pad,53,0.1,marginal-M3,292,False,0.9393939393939394,,0.0,1.0,,3.484848484848485,66,
pad,53,0.1,marginal-M4,292,False,0.9090909090909091,,0.0,1.0,,3.6363636363636362,11,
pad,53,0.1,marginal-M5,292,False,1.0,,0.0,1.0,,3.0,1,
pad,53,0.15,B,24,False,0.8823529411764706,0.8666666666666667,,0.8823529411764706,0.9555555555555556,2.8823529411764706,17,15.0
pad,53,0.15,M1,25,False,0.88,0.8444444444444444,0.0,1.0,1.0,2.56,25,15.0
pad,53,0.15,M2,169,False,0.8299319727891157,0.8391666666666667,0.0,1.0,1.0,2.802721088435374,147,100.0
pad,53,0.15,M3,68,False,0.8484848484848485,0.8269230769230769,0.0,1.0,1.0,2.696969696969697,66,52.0
pad,53,0.15,M4,8,False,0.9090909090909091,0.8888888888888888,0.0,1.0,1.0,3.3636363636363638,11,9.0
pad,53,0.15,M5,4,True,1.0,1.0,0.0,1.0,1.0,4.0,1,1.0
pad,53,0.15,marginal-M1,292,False,0.8,,0.0,1.0,,2.28,25,
pad,53,0.15,marginal-M2,292,False,0.8299319727891157,,0.0,1.0,,2.8843537414965987,147,
pad,53,0.15,marginal-M3,292,False,0.8787878787878788,,0.0,1.0,,2.909090909090909,66,
pad,53,0.15,marginal-M4,292,False,0.9090909090909091,,0.0,1.0,,3.3636363636363638,11,
pad,53,0.15,marginal-M5,292,False,1.0,,0.0,1.0,,3.0,1,
hiba,54,0.05,B,162,False,0.9961832061068703,0.9868421052631579,,1.0,1.0,6.156488549618321,262,76.0
hiba,54,0.05,M1,28,False,0.9166666666666666,0.8333333333333334,0.0,1.0,1.0,6.833333333333333,12,6.0
hiba,54,0.05,M2,219,False,0.9444444444444444,0.9375,0.0,1.0,1.0,7.055555555555555,126,96.0
hiba,54,0.05,M3,25,False,1.0,1.0,0.0,1.0,1.0,7.0,13,9.0
hiba,54,0.05,marginal-M1,396,False,1.0,,0.0,1.0,,6.0,12,
hiba,54,0.05,marginal-M2,396,False,0.9682539682539683,,0.0,1.0,,5.753968253968254,126,
hiba,54,0.05,marginal-M3,396,False,1.0,,0.0,1.0,,5.615384615384615,13,
hiba,54,0.1,B,162,False,0.9656488549618321,0.9254385964912281,,0.9923664122137404,0.9987199333174566,4.152671755725191,262,76.0
hiba,54,0.1,M1,28,False,0.9166666666666666,0.8333333333333334,0.0,1.0,1.0,4.916666666666667,12,6.0
hiba,54,0.1,M2,219,False,0.8809523809523809,0.8671875,0.0,1.0,1.0,5.031746031746032,126,96.0
hiba,54,0.1,M3,25,False,1.0,1.0,0.0,1.0,1.0,5.076923076923077,13,9.0
hiba,54,0.1,marginal-M1,396,False,0.9166666666666666,,0.0,1.0,,5.0,12,
hiba,54,0.1,marginal-M2,396,False,0.9285714285714286,,0.0,1.0,,4.761904761904762,126,
hiba,54,0.1,marginal-M3,396,False,1.0,,0.0,1.0,,4.538461538461538,13,
hiba,54,0.15,B,162,False,0.9541984732824428,0.9063596491228069,,0.8625954198473282,0.9167341629456669,3.1297709923664123,262,76.0
hiba,54,0.15,M1,28,False,0.8333333333333334,0.7999999999999999,0.0,1.0,1.0,4.083333333333333,12,6.0
hiba,54,0.15,M2,219,False,0.8174603174603174,0.7994791666666666,0.015873015873015872,0.9841269841269841,0.984375,3.857142857142857,126,96.0
hiba,54,0.15,M3,25,False,0.9230769230769231,0.9444444444444444,0.0,1.0,1.0,4.230769230769231,13,9.0
hiba,54,0.15,marginal-M1,396,False,0.9166666666666666,,0.0,1.0,,3.6666666666666665,12,
hiba,54,0.15,marginal-M2,396,False,0.873015873015873,,0.015873015873015872,0.9841269841269841,,3.6587301587301586,126,
hiba,54,0.15,marginal-M3,396,False,0.9230769230769231,,0.0,1.0,,3.8461538461538463,13,
pad,54,0.05,B,27,False,0.9285714285714286,0.9166666666666666,,0.9285714285714286,0.9166666666666666,3.5,14,12.0
pad,54,0.05,M1,22,False,0.9696969696969697,0.9722222222222222,0.0,1.0,1.0,4.03030303030303,33,18.0
pad,54,0.05,M2,167,False,0.9300699300699301,0.9248366013071896,0.0,1.0,1.0,3.7552447552447554,143,102.0
pad,54,0.05,M3,67,False,0.9642857142857143,0.9528301886792453,0.0,1.0,1.0,3.9047619047619047,84,53.0
pad,54,0.05,M4,9,True,1.0,1.0,0.0,1.0,1.0,5.333333333333333,9,8.0
pad,54,0.05,M5,5,True,,,,,,,0,0.0
pad,54,0.05,marginal-M1,289,False,0.9696969696969697,,0.0,1.0,,3.8181818181818183,33,
pad,54,0.05,marginal-M2,289,False,0.9300699300699301,,0.0,1.0,,3.7902097902097904,143,
pad,54,0.05,marginal-M3,289,False,0.9761904761904762,,0.0,1.0,,4.071428571428571,84,
pad,54,0.05,marginal-M4,289,False,0.8888888888888888,,0.0,1.0,,4.555555555555555,9,
pad,54,0.1,B,27,False,0.8571428571428571,0.8333333333333334,,0.8571428571428571,0.8333333333333334,2.5714285714285716,14,12.0
pad,54,0.1,M1,22,False,0.9696969696969697,0.9722222222222222,0.0,1.0,1.0,3.393939393939394,33,18.0
pad,54,0.1,M2,167,False,0.8461538461538461,0.8267973856209151,0.0,1.0,1.0,2.7552447552447554,143,102.0
pad,54,0.1,M3,67,False,0.9523809523809523,0.9465408805031446,0.0,1.0,1.0,3.1904761904761907,84,53.0
pad,54,0.1,M4,9,False,0.6666666666666666,0.6875,0.0,1.0,1.0,2.7777777777777777,9,8.0
pad,54,0.1,M5,5,True,,,,,,,0,0.0
pad,54,0.1,marginal-M1,289,False,0.8787878787878788,,0.0,1.0,,2.484848484848485,33,
pad,54,0.1,marginal-M2,289,False,0.8251748251748252,,0.0,1.0,,2.7482517482517483,143,
pad,54,0.1,marginal-M3,289,False,0.9166666666666666,,0.0,1.0,,3.0833333333333335,84,
pad,54,0.1,marginal-M4,289,False,0.7777777777777778,,0.0,1.0,,3.3333333333333335,9,
pad,54,0.15,B,27,False,0.8571428571428571,0.8333333333333334,,0.8571428571428571,0.8333333333333334,2.357142857142857,14,12.0
pad,54,0.15,M1,22,False,0.9696969696969697,0.9722222222222222,0.0,1.0,1.0,3.3636363636363638,33,18.0
pad,54,0.15,M2,167,False,0.7622377622377622,0.744514472455649,0.0,1.0,1.0,2.2447552447552446,143,102.0
pad,54,0.15,M3,67,False,0.9166666666666666,0.9158805031446541,0.0,1.0,1.0,2.857142857142857,84,53.0
pad,54,0.15,M4,9,False,0.6666666666666666,0.6875,0.0,1.0,1.0,2.7777777777777777,9,8.0
pad,54,0.15,M5,5,True,,,,,,,0,0.0
pad,54,0.15,marginal-M1,289,False,0.8787878787878788,,0.0,1.0,,2.3636363636363638,33,
pad,54,0.15,marginal-M2,289,False,0.7902097902097902,,0.0,1.0,,2.5174825174825175,143,
pad,54,0.15,marginal-M3,289,False,0.9166666666666666,,0.0,1.0,,2.9285714285714284,84,
pad,54,0.15,marginal-M4,289,False,0.7777777777777778,,0.0,1.0,,3.111111111111111,9,
hiba,55,0.05,B,166,False,0.9727272727272728,0.9236111111111112,,1.0,1.0,4.840909090909091,220,72.0
hiba,55,0.05,M1,22,False,1.0,1.0,0.0,1.0,1.0,5.85,20,12.0
hiba,55,0.05,M2,223,False,0.9173553719008265,0.904891304347826,0.0,1.0,1.0,5.892561983471074,121,92.0
hiba,55,0.05,M3,23,False,0.9444444444444444,0.9090909090909091,0.0,1.0,1.0,5.5,18,11.0
hiba,55,0.05,marginal-M1,396,False,1.0,,0.0,1.0,,5.3,20,
hiba,55,0.05,marginal-M2,396,False,0.9338842975206612,,0.0,1.0,,5.24793388429752,121,
hiba,55,0.05,marginal-M3,396,False,1.0,,0.0,1.0,,5.611111111111111,18,
hiba,55,0.1,B,166,False,0.9454545454545454,0.8738425925925926,,0.9227272727272727,0.9730781201369436,3.440909090909091,220,72.0
hiba,55,0.1,M1,22,False,0.9,0.9444444444444445,0.0,1.0,1.0,4.15,20,12.0
hiba,55,0.1,M2,223,False,0.8181818181818182,0.7961956521739131,0.03305785123966942,0.9669421487603306,0.9809782608695652,4.041322314049586,121,92.0
hiba,55,0.1,M3,23,False,0.9444444444444444,0.9090909090909091,0.0,1.0,1.0,4.666666666666667,18,11.0
hiba,55,0.1,marginal-M1,396,False,1.0,,0.0,1.0,,4.15,20,
hiba,55,0.1,marginal-M2,396,False,0.8760330578512396,,0.024793388429752067,0.9752066115702479,,4.2809917355371905,121,
hiba,55,0.1,marginal-M3,396,False,0.9444444444444444,,0.0,1.0,,4.777777777777778,18,
hiba,55,0.15,B,166,False,0.8863636363636364,0.7696759259259259,,0.6954545454545454,0.8904126465400977,2.5727272727272728,220,72.0
hiba,55,0.15,M1,22,False,0.9,0.9444444444444445,0.05,0.95,0.9722222222222222,3.45,20,12.0
hiba,55,0.15,M2,223,False,0.7768595041322314,0.7668478260869565,0.03305785123966942,0.9669421487603306,0.9728260869565217,3.347107438016529,121,92.0
hiba,55,0.15,M3,23,False,0.9444444444444444,0.9090909090909091,0.0,1.0,1.0,3.888888888888889,18,11.0
hiba,55,0.15,marginal-M1,396,False,0.85,,0.05,0.95,,2.8,20,
hiba,55,0.15,marginal-M2,396,False,0.7851239669421488,,0.024793388429752067,0.9752066115702479,,3.0165289256198347,121,
hiba,55,0.15,marginal-M3,396,False,0.9444444444444444,,0.0,1.0,,3.3333333333333335,18,
pad,55,0.05,B,25,False,1.0,1.0,,1.0,1.0,3.823529411764706,17,14.0
pad,55,0.05,M1,27,False,1.0,1.0,0.0,1.0,1.0,4.157894736842105,19,13.0
pad,55,0.05,M2,173,False,0.9854014598540146,0.9895833333333334,0.0,1.0,1.0,4.124087591240876,137,96.0
pad,55,0.05,M3,70,False,1.0,1.0,0.0,1.0,1.0,4.529411764705882,68,50.0
pad,55,0.05,M4,8,True,1.0,1.0,0.0,1.0,1.0,5.4,10,9.0
pad,55,0.05,M5,4,True,1.0,1.0,0.0,1.0,1.0,6.0,1,1.0
pad,55,0.05,marginal-M1,298,False,1.0,,0.0,1.0,,4.421052631578948,19,
pad,55,0.05,marginal-M2,298,False,0.9927007299270073,,0.0,1.0,,4.554744525547445,137,
pad,55,0.05,marginal-M3,298,False,1.0,,0.0,1.0,,4.794117647058823,68,
pad,55,0.05,marginal-M4,298,False,1.0,,0.0,1.0,,5.1,10,
pad,55,0.05,marginal-M5,298,False,1.0,,0.0,1.0,,5.0,1,
pad,55,0.1,B,25,False,0.9411764705882353,0.9285714285714286,,1.0,1.0,3.411764705882353,17,14.0
pad,55,0.1,M1,27,False,1.0,1.0,0.0,1.0,1.0,3.526315789473684,19,13.0
pad,55,0.1,M2,173,False,0.9562043795620438,0.9583333333333334,0.0,1.0,1.0,3.291970802919708,137,96.0
pad,55,0.1,M3,70,False,1.0,1.0,0.0,1.0,1.0,3.426470588235294,68,50.0
pad,55,0.1,M4,8,True,1.0,1.0,0.0,1.0,1.0,4.7,10,9.0
pad,55,0.1,M5,4,True,1.0,1.0,0.0,1.0,1.0,6.0,1,1.0
pad,55,0.1,marginal-M1,298,False,0.8947368421052632,,0.0,1.0,,3.473684210526316,19,
pad,55,0.1,marginal-M2,298,False,0.9708029197080292,,0.0,1.0,,3.8394160583941606,137,
pad,55,0.1,marginal-M3,298,False,1.0,,0.0,1.0,,4.029411764705882,68,
pad,55,0.1,marginal-M4,298,False,1.0,,0.0,1.0,,4.0,10,
pad,55,0.1,marginal-M5,298,False,1.0,,0.0,1.0,,5.0,1,
pad,55,0.15,B,25,False,0.9411764705882353,0.9285714285714286,,1.0,1.0,3.2941176470588234,17,14.0
pad,55,0.15,M1,27,False,0.8947368421052632,0.8461538461538461,0.0,1.0,1.0,3.0,19,13.0
pad,55,0.15,M2,173,False,0.8759124087591241,0.8854166666666666,0.0,1.0,1.0,2.9635036496350367,137,96.0
pad,55,0.15,M3,70,False,0.9705882352941176,0.97,0.0,1.0,1.0,3.2058823529411766,68,50.0
pad,55,0.15,M4,8,False,1.0,1.0,0.0,1.0,1.0,4.0,10,9.0
pad,55,0.15,M5,4,True,1.0,1.0,0.0,1.0,1.0,6.0,1,1.0
pad,55,0.15,marginal-M1,298,False,0.8421052631578947,,0.0,1.0,,2.3157894736842106,19,
pad,55,0.15,marginal-M2,298,False,0.8467153284671532,,0.0,1.0,,2.8394160583941606,137,
pad,55,0.15,marginal-M3,298,False,0.9264705882352942,,0.0,1.0,,3.073529411764706,68,
pad,55,0.15,marginal-M4,298,False,0.9,,0.0,1.0,,2.8,10,
pad,55,0.15,marginal-M5,298,False,0.0,,0.0,1.0,,3.0,1,
hiba,56,0.05,B,163,False,0.9767441860465116,0.9466666666666667,,1.0,1.0,6.058139534883721,172,75.0
hiba,56,0.05,M1,21,False,0.96,0.9230769230769231,0.0,1.0,1.0,6.12,25,13.0
hiba,56,0.05,M2,227,False,0.9821428571428571,0.9829545454545454,0.0,1.0,1.0,6.366071428571429,112,88.0
hiba,56,0.05,M3,25,False,1.0,1.0,0.0,1.0,1.0,6.0,10,9.0
hiba,56,0.05,marginal-M1,396,False,1.0,,0.0,1.0,,6.36,25,
hiba,56,0.05,marginal-M2,396,False,0.9821428571428571,,0.0,1.0,,6.107142857142857,112,
hiba,56,0.05,marginal-M3,396,False,1.0,,0.0,1.0,,6.3,10,
hiba,56,0.1,B,163,False,0.9476744186046512,0.8866666666666667,,0.9534883720930233,0.98,4.122093023255814,172,75.0
hiba,56,0.1,M1,21,False,0.8,0.7923076923076924,0.0,1.0,1.0,4.4,25,13.0
hiba,56,0.1,M2,227,False,0.9375,0.9403409090909091,0.008928571428571428,0.9910714285714286,0.9943181818181818,4.794642857142857,112,88.0
hiba,56,0.1,M3,25,False,1.0,1.0,0.0,1.0,1.0,4.8,10,9.0
hiba,56,0.1,marginal-M1,396,False,0.96,,0.0,1.0,,4.92,25,
hiba,56,0.1,marginal-M2,396,False,0.9642857142857143,,0.0,1.0,,4.732142857142857,112,
hiba,56,0.1,marginal-M3,396,False,1.0,,0.0,1.0,,4.9,10,
hiba,56,0.15,B,163,False,0.936046511627907,0.8706666666666666,,0.9069767441860465,0.9511111111111112,3.4709302325581395,172,75.0
hiba,56,0.15,M1,21,False,0.8,0.7923076923076924,0.0,1.0,1.0,4.04,25,13.0
hiba,56,0.15,M2,227,False,0.9107142857142857,0.9176136363636364,0.008928571428571428,0.9910714285714286,0.9943181818181818,4.035714285714286,112,88.0
hiba,56,0.15,M3,25,False,0.9,0.9444444444444444,0.0,1.0,1.0,4.1,10,9.0
hiba,56,0.15,marginal-M1,396,False,0.96,,0.0,1.0,,3.84,25,
hiba,56,0.15,marginal-M2,396,False,0.9196428571428571,,0.008928571428571428,0.9910714285714286,,3.7142857142857144,112,
hiba,56,0.15,marginal-M3,396,False,0.9,,0.0,1.0,,3.5,10,
pad,56,0.05,B,23,False,1.0,1.0,,1.0,1.0,3.4210526315789473,19,16.0
pad,56,0.05,M1,22,False,0.84,0.8148148148148148,0.0,1.0,1.0,3.92,25,18.0
pad,56,0.05,M2,156,False,0.9753086419753086,0.9808259587020649,0.0,1.0,1.0,4.12962962962963,162,113.0
pad,56,0.05,M3,71,False,0.9736842105263158,0.9693877551020408,0.0,1.0,1.0,4.171052631578948,76,49.0
pad,56,0.05,M4,14,True,1.0,1.0,0.0,1.0,1.0,5.5,4,3.0
pad,56,0.05,M5,4,True,1.0,1.0,0.0,1.0,1.0,4.0,1,1.0
pad,56,0.05,marginal-M1,282,False,0.96,,0.0,1.0,,4.36,25,
pad,56,0.05,marginal-M2,282,False,0.9814814814814815,,0.0,1.0,,4.271604938271605,162,
pad,56,0.05,marginal-M3,282,False,0.9736842105263158,,0.0,1.0,,4.223684210526316,76,
pad,56,0.05,marginal-M4,282,False,1.0,,0.0,1.0,,4.5,4,
pad,56,0.05,marginal-M5,282,False,1.0,,0.0,1.0,,1.0,1,
pad,56,0.1,B,23,False,0.7368421052631579,0.6875,,0.9473684210526315,0.9375,2.6315789473684212,19,16.0
pad,56,0.1,M1,22,False,0.84,0.8148148148148148,0.0,1.0,1.0,2.88,25,18.0
pad,56,0.1,M2,156,False,0.8580246913580247,0.859882005899705,0.0,1.0,1.0,2.8395061728395063,162,113.0
pad,56,0.1,M3,71,False,0.9605263157894737,0.9591836734693877,0.0,1.0,1.0,2.9210526315789473,76,49.0
pad,56,0.1,M4,14,False,1.0,1.0,0.0,1.0,1.0,4.0,4,3.0
pad,56,0.1,M5,4,True,1.0,1.0,0.0,1.0,1.0,4.0,1,1.0
pad,56,0.1,marginal-M1,282,False,0.84,,0.0,1.0,,3.12,25,
pad,56,0.1,marginal-M2,282,False,0.8580246913580247,,0.0,1.0,,3.197530864197531,162,
pad,56,0.1,marginal-M3,282,False,0.9473684210526315,,0.0,1.0,,3.1842105263157894,76,
pad,56,0.1,marginal-M4,282,False,1.0,,0.0,1.0,,3.0,4,
pad,56,0.1,marginal-M5,282,False,1.0,,0.0,1.0,,1.0,1,
pad,56,0.15,B,23,False,0.7368421052631579,0.6875,,0.8947368421052632,0.875,2.4210526315789473,19,16.0
pad,56,0.15,M1,22,False,0.84,0.8148148148148148,0.0,1.0,1.0,2.76,25,18.0
pad,56,0.15,M2,156,False,0.808641975308642,0.8104719764011801,0.0,1.0,1.0,2.5,162,113.0
pad,56,0.15,M3,71,False,0.9078947368421053,0.9158163265306123,0.0,1.0,1.0,2.6578947368421053,76,49.0
pad,56,0.15,M4,14,False,1.0,1.0,0.0,1.0,1.0,2.5,4,3.0
pad,56,0.15,M5,4,True,1.0,1.0,0.0,1.0,1.0,4.0,1,1.0
pad,56,0.15,marginal-M1,282,False,0.76,,0.0,1.0,,2.32,25,
pad,56,0.15,marginal-M2,282,False,0.7716049382716049,,0.0,1.0,,2.5185185185185186,162,
pad,56,0.15,marginal-M3,282,False,0.8157894736842105,,0.0,1.0,,2.5526315789473686,76,
pad,56,0.15,marginal-M4,282,False,0.75,,0.0,1.0,,2.5,4,
pad,56,0.15,marginal-M5,282,False,0.0,,0.0,1.0,,0.0,1,
hiba,57,0.05,B,167,False,0.9923954372623575,0.9823943661971831,,1.0,1.0,5.429657794676806,263,71.0
hiba,57,0.05,M1,25,False,0.9090909090909091,0.8888888888888888,0.0,1.0,1.0,5.909090909090909,11,9.0
hiba,57,0.05,M2,217,False,0.9453125,0.951530612244898,0.0,1.0,1.0,6.625,128,98.0
hiba,57,0.05,M3,23,False,0.9230769230769231,0.9090909090909091,0.0,1.0,1.0,6.076923076923077,13,11.0
hiba,57,0.05,marginal-M1,396,False,1.0,,0.0,1.0,,6.454545454545454,11,
hiba,57,0.05,marginal-M2,396,False,0.953125,,0.0,1.0,,6.015625,128,
hiba,57,0.05,marginal-M3,396,False,1.0,,0.0,1.0,,6.076923076923077,13,
hiba,57,0.1,B,167,False,0.973384030418251,0.9471830985915493,,0.9961977186311787,0.9991714995857498,4.254752851711027,263,71.0
hiba,57,0.1,M1,25,False,0.9090909090909091,0.8888888888888888,0.0,1.0,1.0,5.090909090909091,11,9.0
hiba,57,0.1,M2,217,False,0.8984375,0.9132653061224489,0.015625,0.984375,0.9846938775510204,5.203125,128,98.0
hiba,57,0.1,M3,23,False,0.9230769230769231,0.9090909090909091,0.0,1.0,1.0,5.230769230769231,13,11.0
hiba,57,0.1,marginal-M1,396,False,0.9090909090909091,,0.0,1.0,,4.909090909090909,11,
hiba,57,0.1,marginal-M2,396,False,0.9296875,,0.0078125,0.9921875,,4.8203125,128,
hiba,57,0.1,marginal-M3,396,False,0.9230769230769231,,0.0,1.0,,5.3076923076923075,13,
hiba,57,0.15,B,167,False,0.9581749049429658,0.9115023474178404,,0.844106463878327,0.9416583782017873,3.011406844106464,263,71.0
hiba,57,0.15,M1,25,False,0.8181818181818182,0.8333333333333334,0.0,1.0,1.0,4.090909090909091,11,9.0
hiba,57,0.15,M2,217,False,0.84375,0.8537414965986394,0.03125,0.96875,0.9693877551020408,4.0546875,128,98.0
hiba,57,0.15,M3,23,False,0.8461538461538461,0.8181818181818182,0.0,1.0,1.0,4.538461538461538,13,11.0
hiba,57,0.15,marginal-M1,396,False,0.9090909090909091,,0.0,1.0,,4.0,11,
hiba,57,0.15,marginal-M2,396,False,0.875,,0.03125,0.96875,,3.8828125,128,
hiba,57,0.15,marginal-M3,396,False,0.9230769230769231,,0.0,1.0,,4.615384615384615,13,
pad,57,0.05,B,24,False,0.8333333333333334,0.8,,1.0,1.0,3.388888888888889,18,15.0
pad,57,0.05,M1,29,False,1.0,1.0,0.0,1.0,1.0,4.055555555555555,18,11.0
pad,57,0.05,M2,162,False,0.9612903225806452,0.954828660436137,0.0,1.0,1.0,3.4,155,107.0
pad,57,0.05,M3,74,False,1.0,1.0,0.0,1.0,1.0,3.6825396825396823,63,46.0
pad,57,0.05,M4,11,True,1.0,1.0,0.0,1.0,1.0,4.875,8,6.0
pad,57,0.05,M5,2,True,1.0,1.0,0.0,1.0,1.0,4.666666666666667,3,3.0
pad,57,0.05,marginal-M1,293,False,0.9444444444444444,,0.0,1.0,,4.444444444444445,18,
pad,57,0.05,marginal-M2,293,False,0.9612903225806452,,0.0,1.0,,3.9741935483870967,155,
pad,57,0.05,marginal-M3,293,False,1.0,,0.0,1.0,,3.9047619047619047,63,
pad,57,0.05,marginal-M4,293,False,1.0,,0.0,1.0,,5.125,8,
pad,57,0.05,marginal-M5,293,False,1.0,,0.0,1.0,,3.3333333333333335,3,
pad,57,0.1,B,24,False,0.8333333333333334,0.8,,1.0,1.0,3.0555555555555554,18,15.0
pad,57,0.1,M1,29,False,1.0,1.0,0.0,1.0,1.0,3.888888888888889,18,11.0
pad,57,0.1,M2,162,False,0.9032258064516129,0.9018691588785047,0.0,1.0,1.0,2.9290322580645163,155,107.0
pad,57,0.1,M3,74,False,0.9523809523809523,0.967391304347826,0.0,1.0,1.0,2.9523809523809526,63,46.0
pad,57,0.1,M4,11,False,1.0,1.0,0.0,1.0,1.0,4.625,8,6.0
pad,57,0.1,M5,2,True,1.0,1.0,0.0,1.0,1.0,4.666666666666667,3,3.0
pad,57,0.1,marginal-M1,293,False,0.9444444444444444,,0.0,1.0,,3.388888888888889,18,
pad,57,0.1,marginal-M2,293,False,0.896774193548387,,0.0,1.0,,3.2,155,
pad,57,0.1,marginal-M3,293,False,0.9682539682539683,,0.0,1.0,,3.2063492063492065,63,
pad,57,0.1,marginal-M4,293,False,1.0,,0.0,1.0,,4.25,8,
pad,57,0.1,marginal-M5,293,False,1.0,,0.0,1.0,,3.3333333333333335,3,
pad,57,0.15,B,24,False,0.8333333333333334,0.8,,1.0,1.0,2.9444444444444446,18,15.0
pad,57,0.15,M1,29,False,0.9444444444444444,0.9696969696969696,0.0,1.0,1.0,3.6666666666666665,18,11.0
pad,57,0.15,M2,162,False,0.8903225806451613,0.8940809968847351,0.0,1.0,1.0,2.7483870967741937,155,107.0
pad,57,0.15,M3,74,False,0.9523809523809523,0.967391304347826,0.0,1.0,1.0,2.857142857142857,63,46.0
pad,57,0.15,M4,11,False,1.0,1.0,0.0,1.0,1.0,4.625,8,6.0
pad,57,0.15,M5,2,True,1.0,1.0,0.0,1.0,1.0,4.666666666666667,3,3.0
pad,57,0.15,marginal-M1,293,False,0.8888888888888888,,0.0,1.0,,2.8333333333333335,18,
pad,57,0.15,marginal-M2,293,False,0.8193548387096774,,0.0,1.0,,2.541935483870968,155,
pad,57,0.15,marginal-M3,293,False,0.9047619047619048,,0.0,1.0,,2.6507936507936507,63,
pad,57,0.15,marginal-M4,293,False,0.875,,0.0,1.0,,3.5,8,
pad,57,0.15,marginal-M5,293,False,0.3333333333333333,,0.0,1.0,,1.6666666666666667,3,
hiba,58,0.05,B,163,False,0.9775784753363229,0.94,,1.0,1.0,5.358744394618834,223,75.0
hiba,58,0.05,M1,23,False,0.9333333333333333,0.9090909090909091,0.0,1.0,1.0,5.533333333333333,15,11.0
hiba,58,0.05,M2,223,False,0.9375,0.9429347826086957,0.0,1.0,1.0,6.276785714285714,112,92.0
hiba,58,0.05,M3,24,False,1.0,1.0,0.0,1.0,1.0,6.666666666666667,12,10.0
hiba,58,0.05,marginal-M1,396,False,1.0,,0.0,1.0,,6.0,15,
hiba,58,0.05,marginal-M2,396,False,0.9553571428571429,,0.0,1.0,,5.964285714285714,112,
hiba,58,0.05,marginal-M3,396,False,1.0,,0.0,1.0,,6.083333333333333,12,
hiba,58,0.1,B,163,False,0.9730941704035875,0.9266666666666666,,0.9641255605381166,0.9922539682539683,3.6995515695067263,223,75.0
hiba,58,0.1,M1,23,False,0.9333333333333333,0.9090909090909091,0.0,1.0,1.0,4.2,15,11.0
hiba,58,0.1,M2,223,False,0.9285714285714286,0.9320652173913043,0.0,1.0,1.0,4.892857142857143,112,92.0
hiba,58,0.1,M3,24,False,1.0,1.0,0.0,1.0,1.0,5.166666666666667,12,10.0
hiba,58,0.1,marginal-M1,396,False,0.9333333333333333,,0.0,1.0,,4.533333333333333,15,
hiba,58,0.1,marginal-M2,396,False,0.9285714285714286,,0.0,1.0,,4.866071428571429,112,
hiba,58,0.1,marginal-M3,396,False,1.0,,0.0,1.0,,5.583333333333333,12,
hiba,58,0.15,B,163,False,0.9596412556053812,0.9101111111111112,,0.874439461883408,0.927116402116402,3.071748878923767,223,75.0
hiba,58,0.15,M1,23,False,0.9333333333333333,0.9090909090909091,0.0,1.0,1.0,3.933333333333333,15,11.0
hiba,58,0.15,M2,223,False,0.8928571428571429,0.8994565217391305,0.0,1.0,1.0,4.285714285714286,112,92.0
hiba,58,0.15,M3,24,False,1.0,1.0,0.0,1.0,1.0,5.083333333333333,12,10.0
hiba,58,0.15,marginal-M1,396,False,0.9333333333333333,,0.0,1.0,,3.466666666666667,15,
hiba,58,0.15,marginal-M2,396,False,0.9017857142857143,,0.008928571428571428,0.9910714285714286,,3.919642857142857,112,
hiba,58,0.15,marginal-M3,396,False,1.0,,0.0,1.0,,4.666666666666667,12,
pad,58,0.05,B,15,True,1.0,1.0,,1.0,1.0,6.133333333333334,30,24.0
pad,58,0.05,M1,23,False,0.92,0.9117647058823529,0.0,1.0,1.0,7.32,25,17.0
pad,58,0.05,M2,165,False,0.9166666666666666,0.9134615384615384,0.0,1.0,1.0,6.833333333333333,156,104.0
pad,58,0.05,M3,77,False,0.9649122807017544,0.9651162790697675,0.0,1.0,1.0,7.087719298245614,57,43.0
pad,58,0.05,M4,8,True,1.0,1.0,0.0,1.0,1.0,8.0,12,9.0
pad,58,0.05,M5,3,True,1.0,1.0,0.0,1.0,1.0,8.0,2,2.0
pad,58,0.05,marginal-M1,287,False,0.88,,0.0,1.0,,3.84,25,
pad,58,0.05,marginal-M2,287,False,0.9166666666666666,,0.0,1.0,,3.7756410256410255,156,
pad,58,0.05,marginal-M3,287,False,0.9649122807017544,,0.0,1.0,,3.789473684210526,57,
pad,58,0.05,marginal-M4,287,False,1.0,,0.0,1.0,,4.083333333333333,12,
pad,58,0.05,marginal-M5,287,False,1.0,,0.0,1.0,,4.5,2,
pad,58,0.1,B,15,False,0.8666666666666667,0.8333333333333334,,0.9666666666666667,0.9583333333333334,3.1,30,24.0
pad,58,0.1,M1,23,False,0.88,0.8529411764705882,0.0,1.0,1.0,3.28,25,17.0
pad,58,0.1,M2,165,False,0.8846153846153846,0.8862179487179487,0.0,1.0,1.0,3.0833333333333335,156,104.0
pad,58,0.1,M3,77,False,0.8947368421052632,0.8992248062015505,0.0,1.0,1.0,2.9649122807017543,57,43.0
pad,58,0.1,M4,8,True,1.0,1.0,0.0,1.0,1.0,4.666666666666667,12,9.0
pad,58,0.1,M5,3,True,1.0,1.0,0.0,1.0,1.0,5.0,2,2.0
pad,58,0.1,marginal-M1,287,False,0.8,,0.0,1.0,,3.28,25,
pad,58,0.1,marginal-M2,287,False,0.8653846153846154,,0.0,1.0,,3.2435897435897436,156,
pad,58,0.1,marginal-M3,287,False,0.9298245614035088,,0.0,1.0,,3.2982456140350878,57,
pad,58,0.1,marginal-M4,287,False,0.9166666666666666,,0.0,1.0,,3.25,12,
pad,58,0.1,marginal-M5,287,False,1.0,,0.0,1.0,,3.5,2,
pad,58,0.15,B,15,False,0.8,0.75,,0.8666666666666667,0.8888888888888888,2.433333333333333,30,24.0
pad,58,0.15,M1,23,False,0.8,0.7941176470588235,0.0,1.0,1.0,2.88,25,17.0
pad,58,0.15,M2,165,False,0.7884615384615384,0.7916666666666666,0.0,1.0,1.0,2.5705128205128207,156,104.0
pad,58,0.15,M3,77,False,0.8245614035087719,0.8294573643410854,0.0,1.0,1.0,2.6666666666666665,57,43.0
pad,58,0.15,M4,8,False,1.0,1.0,0.0,1.0,1.0,4.0,12,9.0
pad,58,0.15,M5,3,True,1.0,1.0,0.0,1.0,1.0,5.0,2,2.0
pad,58,0.15,marginal-M1,287,False,0.8,,0.0,1.0,,2.8,25,
pad,58,0.15,marginal-M2,287,False,0.7756410256410257,,0.0,1.0,,2.6666666666666665,156,
pad,58,0.15,marginal-M3,287,False,0.8245614035087719,,0.0,1.0,,2.789473684210526,57,
pad,58,0.15,marginal-M4,287,False,0.9166666666666666,,0.0,1.0,,2.75,12,
pad,58,0.15,marginal-M5,287,False,0.5,,0.0,1.0,,3.0,2,
hiba,59,0.05,B,177,False,0.9940119760479041,0.9836065573770492,,1.0,1.0,5.251497005988024,167,61.0
hiba,59,0.05,M1,22,False,1.0,1.0,0.0,1.0,1.0,6.2631578947368425,19,12.0
hiba,59,0.05,M2,209,False,0.9701492537313433,0.9693396226415094,0.0,1.0,1.0,6.567164179104478,134,106.0
hiba,59,0.05,M3,25,False,0.8888888888888888,0.8888888888888888,0.0,1.0,1.0,6.0,9,9.0
hiba,59,0.05,marginal-M1,396,False,1.0,,0.0,1.0,,6.315789473684211,19,
hiba,59,0.05,marginal-M2,396,False,0.9925373134328358,,0.0,1.0,,6.201492537313433,134,
hiba,59,0.05,marginal-M3,396,False,1.0,,0.0,1.0,,6.444444444444445,9,
hiba,59,0.1,B,177,False,0.9760479041916168,0.9453551912568307,,1.0,1.0,3.8802395209580838,167,61.0
hiba,59,0.1,M1,22,False,0.7368421052631579,0.7777777777777778,0.0,1.0,1.0,4.368421052631579,19,12.0
hiba,59,0.1,M2,209,False,0.9253731343283582,0.9174528301886793,0.007462686567164179,0.9925373134328358,0.9905660377358491,5.08955223880597,134,106.0
hiba,59,0.1,M3,25,False,0.8888888888888888,0.8888888888888888,0.0,1.0,1.0,5.111111111111111,9,9.0
hiba,59,0.1,marginal-M1,396,False,1.0,,0.0,1.0,,4.631578947368421,19,
hiba,59,0.1,marginal-M2,396,False,0.9552238805970149,,0.0,1.0,,4.873134328358209,134,
hiba,59,0.1,marginal-M3,396,False,0.8888888888888888,,0.0,1.0,,5.0,9,
hiba,59,0.15,B,177,False,0.9401197604790419,0.8710382513661202,,0.7964071856287425,0.9183060109289616,2.5988023952095807,167,61.0
hiba,59,0.15,M1,22,False,0.7368421052631579,0.7777777777777778,0.0,1.0,1.0,3.6842105263157894,19,12.0
hiba,59,0.15,M2,209,False,0.8432835820895522,0.8372641509433962,0.029850746268656716,0.9701492537313433,0.9693396226415094,3.8582089552238807,134,106.0
hiba,59,0.15,M3,25,False,0.7777777777777778,0.7777777777777778,0.0,1.0,1.0,3.5555555555555554,9,9.0
hiba,59,0.15,marginal-M1,396,False,0.8947368421052632,,0.05263157894736842,0.9473684210526315,,3.736842105263158,19,
hiba,59,0.15,marginal-M2,396,False,0.917910447761194,,0.014925373134328358,0.9850746268656716,,4.119402985074627,134,
hiba,59,0.15,marginal-M3,396,False,0.8888888888888888,,0.0,1.0,,4.333333333333333,9,
pad,59,0.05,B,24,False,0.9444444444444444,0.9333333333333333,,1.0,1.0,3.7222222222222223,18,15.0
pad,59,0.05,M1,31,False,1.0,1.0,0.0,1.0,1.0,4.0588235294117645,17,9.0
pad,59,0.05,M2,167,False,0.9655172413793104,0.9689542483660132,0.0,1.0,1.0,4.13103448275862,145,102.0
pad,59,0.05,M3,74,False,1.0,1.0,0.0,1.0,1.0,4.101449275362318,69,46.0
pad,59,0.05,M4,8,True,1.0,1.0,0.0,1.0,1.0,5.4,10,9.0
pad,59,0.05,M5,4,True,1.0,1.0,0.0,1.0,1.0,6.0,1,1.0
pad,59,0.05,marginal-M1,300,False,0.9411764705882353,,0.0,1.0,,3.764705882352941,17,
pad,59,0.05,marginal-M2,300,False,0.9655172413793104,,0.0,1.0,,4.144827586206897,145,
pad,59,0.05,marginal-M3,300,False,1.0,,0.0,1.0,,3.9420289855072466,69,
pad,59,0.05,marginal-M4,300,False,1.0,,0.0,1.0,,4.8,10,
pad,59,0.05,marginal-M5,300,False,1.0,,0.0,1.0,,5.0,1,
pad,59,0.1,B,24,False,0.9444444444444444,0.9333333333333333,,0.9444444444444444,0.9333333333333333,3.388888888888889,18,15.0
pad,59,0.1,M1,31,False,0.8823529411764706,0.8611111111111112,0.0,1.0,1.0,3.1176470588235294,17,9.0
pad,59,0.1,M2,167,False,0.9517241379310345,0.9624183006535947,0.0,1.0,1.0,3.317241379310345,145,102.0
pad,59,0.1,M3,74,False,1.0,1.0,0.0,1.0,1.0,3.217391304347826,69,46.0
pad,59,0.1,M4,8,True,1.0,1.0,0.0,1.0,1.0,4.9,10,9.0
pad,59,0.1,M5,4,True,1.0,1.0,0.0,1.0,1.0,6.0,1,1.0
pad,59,0.1,marginal-M1,300,False,0.8823529411764706,,0.0,1.0,,3.235294117647059,17,
pad,59,0.1,marginal-M2,300,False,0.8896551724137931,,0.0,1.0,,3.310344827586207,145,
pad,59,0.1,marginal-M3,300,False,1.0,,0.0,1.0,,3.347826086956522,69,
pad,59,0.1,marginal-M4,300,False,1.0,,0.0,1.0,,3.8,10,
pad,59,0.1,marginal-M5,300,False,1.0,,0.0,1.0,,5.0,1,
pad,59,0.15,B,24,False,0.9444444444444444,0.9333333333333333,,0.9444444444444444,0.9333333333333333,3.0555555555555554,18,15.0
pad,59,0.15,M1,31,False,0.8823529411764706,0.8611111111111112,0.0,1.0,1.0,3.0588235294117645,17,9.0
pad,59,0.15,M2,167,False,0.8551724137931035,0.8872549019607843,0.0,1.0,1.0,2.8620689655172415,145,102.0
pad,59,0.15,M3,74,False,0.9420289855072463,0.9429347826086957,0.0,1.0,1.0,2.8840579710144927,69,46.0
pad,59,0.15,M4,8,False,1.0,1.0,0.0,1.0,1.0,4.2,10,9.0
pad,59,0.15,M5,4,True,1.0,1.0,0.0,1.0,1.0,6.0,1,1.0
pad,59,0.15,marginal-M1,300,False,0.8823529411764706,,0.0,1.0,,3.0588235294117645,17,
pad,59,0.15,marginal-M2,300,False,0.8413793103448276,,0.0,1.0,,2.9172413793103447,145,
pad,59,0.15,marginal-M3,300,False,0.9420289855072463,,0.0,1.0,,2.9855072463768115,69,
pad,59,0.15,marginal-M4,300,False,0.9,,0.0,1.0,,3.3,10,
pad,59,0.15,marginal-M5,300,False,0.0,,0.0,1.0,,3.0,1,
hiba,60,0.05,B,169,False,0.9811320754716981,0.9565217391304348,,1.0,1.0,5.6415094339622645,159,69.0
hiba,60,0.05,M1,28,False,1.0,1.0,0.0,1.0,1.0,6.25,8,6.0
hiba,60,0.05,M2,214,False,0.975,0.9752475247524752,0.0,1.0,1.0,6.333333333333333,120,101.0
hiba,60,0.05,M3,26,False,1.0,1.0,0.0,1.0,1.0,6.555555555555555,9,8.0
hiba,60,0.05,marginal-M1,396,False,1.0,,0.0,1.0,,6.125,8,
hiba,60,0.05,marginal-M2,396,False,0.975,,0.0,1.0,,5.816666666666666,120,
hiba,60,0.05,marginal-M3,396,False,1.0,,0.0,1.0,,6.111111111111111,9,
hiba,60,0.1,B,169,False,0.949685534591195,0.9057971014492754,,0.9559748427672956,0.9601794340924775,3.779874213836478,159,69.0
hiba,60,0.1,M1,28,False,1.0,1.0,0.0,1.0,1.0,4.375,8,6.0
hiba,60,0.1,M2,214,False,0.9416666666666667,0.9356435643564357,0.008333333333333333,0.9916666666666667,0.9900990099009901,4.666666666666667,120,101.0
hiba,60,0.1,M3,26,False,1.0,1.0,0.0,1.0,1.0,5.444444444444445,9,8.0
hiba,60,0.1,marginal-M1,396,False,1.0,,0.0,1.0,,4.75,8,
hiba,60,0.1,marginal-M2,396,False,0.975,,0.0,1.0,,4.775,120,
hiba,60,0.1,marginal-M3,396,False,1.0,,0.0,1.0,,5.444444444444445,9,
hiba,60,0.15,B,169,False,0.9245283018867925,0.8739130434782608,,0.8805031446540881,0.9243156199677939,2.9056603773584904,159,69.0
hiba,60,0.15,M1,28,False,1.0,1.0,0.0,1.0,1.0,3.5,8,6.0
hiba,60,0.15,M2,214,False,0.8916666666666667,0.8811881188118812,0.016666666666666666,0.9833333333333333,0.9801980198019802,3.8833333333333333,120,101.0
hiba,60,0.15,M3,26,False,1.0,1.0,0.0,1.0,1.0,5.0,9,8.0
hiba,60,0.15,marginal-M1,396,False,1.0,,0.0,1.0,,3.25,8,
hiba,60,0.15,marginal-M2,396,False,0.9166666666666666,,0.016666666666666666,0.9833333333333333,,3.8,120,
hiba,60,0.15,marginal-M3,396,False,1.0,,0.0,1.0,,4.666666666666667,9,
pad,60,0.05,B,26,False,0.9230769230769231,0.9230769230769231,,1.0,1.0,3.5384615384615383,13,13.0
pad,60,0.05,M1,27,False,0.9565217391304348,0.9615384615384616,0.0,1.0,1.0,4.130434782608695,23,13.0
pad,60,0.05,M2,171,False,0.9854014598540146,0.9863945578231291,0.0,1.0,1.0,4.145985401459854,137,98.0
pad,60,0.05,M3,69,False,0.9142857142857143,0.9150326797385622,0.0,1.0,1.0,3.6285714285714286,70,51.0
pad,60,0.05,M4,12,True,1.0,1.0,0.0,1.0,1.0,5.166666666666667,6,5.0
pad,60,0.05,M5,1,True,1.0,1.0,0.0,1.0,1.0,5.0,4,4.0
pad,60,0.05,marginal-M1,295,False,0.8695652173913043,,0.0,1.0,,3.739130434782609,23,
pad,60,0.05,marginal-M2,295,False,0.9635036496350365,,0.0,1.0,,4.043795620437956,137,
pad,60,0.05,marginal-M3,295,False,0.9571428571428572,,0.0,1.0,,3.8714285714285714,70,
pad,60,0.05,marginal-M4,295,False,1.0,,0.0,1.0,,4.5,6,
pad,60,0.05,marginal-M5,295,False,1.0,,0.0,1.0,,3.5,4,
pad,60,0.1,B,26,False,0.8461538461538461,0.8461538461538461,,0.9230769230769231,0.9230769230769231,2.8461538461538463,13,13.0
pad,60,0.1,M1,27,False,0.9565217391304348,0.9615384615384616,0.0,1.0,1.0,3.608695652173913,23,13.0
pad,60,0.1,M2,171,False,0.9416058394160584,0.9438775510204082,0.0,1.0,1.0,3.2773722627737225,137,98.0
pad,60,0.1,M3,69,False,0.8714285714285714,0.866013071895425,0.0,1.0,1.0,2.857142857142857,70,51.0
pad,60,0.1,M4,12,False,1.0,1.0,0.0,1.0,1.0,4.5,6,5.0
pad,60,0.1,M5,1,True,1.0,1.0,0.0,1.0,1.0,4.5,4,4.0
pad,60,0.1,marginal-M1,295,False,0.8695652173913043,,0.0,1.0,,3.0434782608695654,23,
pad,60,0.1,marginal-M2,295,False,0.9343065693430657,,0.0,1.0,,3.54014598540146,137,
pad,60,0.1,marginal-M3,295,False,0.9142857142857143,,0.0,1.0,,3.442857142857143,70,
pad,60,0.1,marginal-M4,295,False,1.0,,0.0,1.0,,4.0,6,
pad,60,0.1,marginal-M5,295,False,1.0,,0.0,1.0,,3.25,4,
pad,60,0.15,B,26,False,0.8461538461538461,0.8461538461538461,,0.9230769230769231,0.9230769230769231,2.6153846153846154,13,13.0
pad,60,0.15,M1,27,False,0.782608695652174,0.782051282051282,0.0,1.0,1.0,2.5217391304347827,23,13.0
pad,60,0.15,M2,171,False,0.8978102189781022,0.9047619047619047,0.0,1.0,1.0,2.8613138686131387,137,98.0
pad,60,0.15,M3,69,False,0.8714285714285714,0.866013071895425,0.0,1.0,1.0,2.7142857142857144,70,51.0
pad,60,0.15,M4,12,False,1.0,1.0,0.0,1.0,1.0,4.5,6,5.0
pad,60,0.15,M5,1,True,1.0,1.0,0.0,1.0,1.0,4.5,4,4.0
pad,60,0.15,marginal-M1,295,False,0.782608695652174,,0.0,1.0,,2.608695652173913,23,
pad,60,0.15,marginal-M2,295,False,0.8978102189781022,,0.0,1.0,,3.0875912408759123,137,
pad,60,0.15,marginal-M3,295,False,0.8857142857142857,,0.0,1.0,,3.0285714285714285,70,
pad,60,0.15,marginal-M4,295,False,1.0,,0.0,1.0,,2.8333333333333335,6,
pad,60,0.15,marginal-M5,295,False,1.0,,0.0,1.0,,2.75,4,
hiba,61,0.05,B,158,False,0.9811320754716981,0.96875,,1.0,1.0,5.7924528301886795,159,80.0
hiba,61,0.05,M1,24,False,0.625,0.6333333333333333,0.0,1.0,1.0,5.4375,16,10.0
hiba,61,0.05,M2,224,False,0.9821428571428571,0.978021978021978,0.0,1.0,1.0,6.794642857142857,112,91.0
hiba,61,0.05,M3,24,False,1.0,1.0,0.0,1.0,1.0,6.7272727272727275,11,10.0
hiba,61,0.05,marginal-M1,396,False,1.0,,0.0,1.0,,6.375,16,
hiba,61,0.05,marginal-M2,396,False,0.9910714285714286,,0.0,1.0,,6.366071428571429,112,
hiba,61,0.05,marginal-M3,396,False,1.0,,0.0,1.0,,6.636363636363637,11,
hiba,61,0.1,B,158,False,0.9433962264150944,0.9208333333333332,,0.9937106918238994,0.9979166666666666,4.0,159,80.0
hiba,61,0.1,M1,24,False,0.625,0.6333333333333333,0.0,1.0,1.0,4.625,16,10.0
hiba,61,0.1,M2,224,False,0.9107142857142857,0.9038461538461539,0.0,1.0,1.0,5.080357142857143,112,91.0
hiba,61,0.1,M3,24,False,0.8181818181818182,0.85,0.0,1.0,1.0,4.818181818181818,11,10.0
hiba,61,0.1,marginal-M1,396,False,0.9375,,0.0,1.0,,4.6875,16,
hiba,61,0.1,marginal-M2,396,False,0.9285714285714286,,0.0,1.0,,4.482142857142857,112,
hiba,61,0.1,marginal-M3,396,False,1.0,,0.0,1.0,,4.818181818181818,11,
hiba,61,0.15,B,158,False,0.8867924528301887,0.8348958333333332,,0.9245283018867925,0.9390624999999998,2.949685534591195,159,80.0
hiba,61,0.15,M1,24,False,0.625,0.6333333333333333,0.0625,0.9375,0.95,3.875,16,10.0
hiba,61,0.15,M2,224,False,0.8571428571428571,0.8617216117216117,0.017857142857142856,0.9821428571428571,0.978021978021978,3.794642857142857,112,91.0
hiba,61,0.15,M3,24,False,0.8181818181818182,0.85,0.0,1.0,1.0,3.272727272727273,11,10.0
hiba,61,0.15,marginal-M1,396,False,0.75,,0.0625,0.9375,,3.375,16,
hiba,61,0.15,marginal-M2,396,False,0.8482142857142857,,0.008928571428571428,0.9910714285714286,,3.25,112,
hiba,61,0.15,marginal-M3,396,False,0.8181818181818182,,0.0,1.0,,2.727272727272727,11,
pad,61,0.05,B,22,False,0.9523809523809523,0.9411764705882353,,1.0,1.0,3.8095238095238093,21,17.0
pad,61,0.05,M1,24,False,1.0,1.0,0.0,1.0,1.0,4.285714285714286,28,16.0
pad,61,0.05,M2,166,False,0.98,0.9757281553398058,0.0,1.0,1.0,4.026666666666666,150,103.0
pad,61,0.05,M3,67,False,0.9710144927536232,0.9716981132075472,0.0,1.0,1.0,4.304347826086956,69,53.0
pad,61,0.05,M4,11,True,1.0,1.0,0.0,1.0,1.0,5.0,9,6.0
pad,61,0.05,M5,2,True,1.0,1.0,0.0,1.0,1.0,5.333333333333333,3,3.0
pad,61,0.05,marginal-M1,286,False,0.8928571428571429,,0.0,1.0,,3.9642857142857144,28,
pad,61,0.05,marginal-M2,286,False,0.96,,0.0,1.0,,3.933333333333333,150,
pad,61,0.05,marginal-M3,286,False,0.9710144927536232,,0.0,1.0,,4.115942028985507,69,
pad,61,0.05,marginal-M4,286,False,1.0,,0.0,1.0,,4.111111111111111,9,
pad,61,0.05,marginal-M5,286,False,1.0,,0.0,1.0,,4.333333333333333,3,
pad,61,0.1,B,22,False,0.9523809523809523,0.9411764705882353,,0.9523809523809523,0.9411764705882353,3.3333333333333335,21,17.0
pad,61,0.1,M1,24,False,0.8928571428571429,0.8541666666666666,0.0,1.0,1.0,3.1785714285714284,28,16.0
pad,61,0.1,M2,166,False,0.9533333333333334,0.941747572815534,0.0,1.0,1.0,3.32,150,103.0
pad,61,0.1,M3,67,False,0.8840579710144928,0.8805031446540882,0.0,1.0,1.0,2.9855072463768115,69,53.0
pad,61,0.1,M4,11,False,1.0,1.0,0.0,1.0,1.0,3.6666666666666665,9,6.0
pad,61,0.1,M5,2,True,1.0,1.0,0.0,1.0,1.0,4.666666666666667,3,3.0
pad,61,0.1,marginal-M1,286,False,0.8928571428571429,,0.0,1.0,,2.9285714285714284,28,
pad,61,0.1,marginal-M2,286,False,0.9133333333333333,,0.0,1.0,,3.24,150,
pad,61,0.1,marginal-M3,286,False,0.8985507246376812,,0.0,1.0,,3.246376811594203,69,
pad,61,0.1,marginal-M4,286,False,1.0,,0.0,1.0,,3.0,9,
pad,61,0.1,marginal-M5,286,False,1.0,,0.0,1.0,,3.3333333333333335,3,
pad,61,0.15,B,22,False,0.9523809523809523,0.9411764705882353,,0.8571428571428571,0.9019607843137255,3.0476190476190474,21,17.0
pad,61,0.15,M1,24,False,0.8928571428571429,0.8541666666666666,0.0,1.0,1.0,3.0,28,16.0
pad,61,0.15,M2,166,False,0.9133333333333333,0.9045307443365697,0.0,1.0,1.0,3.006666666666667,150,103.0
pad,61,0.15,M3,67,False,0.7971014492753623,0.7861635220125787,0.0,1.0,1.0,2.536231884057971,69,53.0
pad,61,0.15,M4,11,False,1.0,1.0,0.0,1.0,1.0,3.6666666666666665,9,6.0
pad,61,0.15,M5,2,True,1.0,1.0,0.0,1.0,1.0,4.666666666666667,3,3.0
pad,61,0.15,marginal-M1,286,False,0.8928571428571429,,0.0,1.0,,2.5,28,
pad,61,0.15,marginal-M2,286,False,0.8866666666666667,,0.0,1.0,,2.8733333333333335,150,
pad,61,0.15,marginal-M3,286,False,0.8260869565217391,,0.0,1.0,,2.7246376811594204,69,
pad,61,0.15,marginal-M4,286,False,1.0,,0.0,1.0,,2.5555555555555554,9,
pad,61,0.15,marginal-M5,286,False,0.6666666666666666,,0.0,1.0,,3.0,3,
hiba,62,0.05,B,169,False,0.9567901234567902,0.9239130434782609,,1.0,1.0,4.895061728395062,162,69.0
hiba,62,0.05,M1,22,False,0.8823529411764706,0.8958333333333334,0.0,1.0,1.0,5.470588235294118,17,12.0
hiba,62,0.05,M2,220,False,0.8992248062015504,0.9131578947368421,0.0,1.0,1.0,6.023255813953488,129,95.0
hiba,62,0.05,M3,23,False,0.9375,0.9090909090909091,0.0,1.0,1.0,5.8125,16,11.0
hiba,62,0.05,marginal-M1,396,False,1.0,,0.0,1.0,,5.764705882352941,17,
hiba,62,0.05,marginal-M2,396,False,0.9147286821705426,,0.0,1.0,,5.364341085271318,129,
hiba,62,0.05,marginal-M3,396,False,1.0,,0.0,1.0,,5.5625,16,
hiba,62,0.1,B,169,False,0.9259259259259259,0.8731884057971014,,0.9444444444444444,0.9814593618941445,3.537037037037037,162,69.0
hiba,62,0.1,M1,22,False,0.7647058823529411,0.8333333333333334,0.0,1.0,1.0,4.352941176470588,17,12.0
hiba,62,0.1,M2,220,False,0.8294573643410853,0.8368421052631579,0.007751937984496124,0.9922480620155039,0.9947368421052631,4.51937984496124,129,95.0
hiba,62,0.1,M3,23,False,0.9375,0.9090909090909091,0.0,1.0,1.0,4.875,16,11.0
hiba,62,0.1,marginal-M1,396,False,0.8823529411764706,,0.0,1.0,,4.352941176470588,17,
hiba,62,0.1,marginal-M2,396,False,0.8682170542635659,,0.015503875968992248,0.9844961240310077,,4.534883720930233,129,
hiba,62,0.1,marginal-M3,396,False,0.9375,,0.0,1.0,,4.875,16,
hiba,62,0.15,B,169,False,0.9012345679012346,0.8291062801932367,,0.8765432098765432,0.9397307603829343,2.9012345679012346,162,69.0
hiba,62,0.15,M1,22,False,0.7058823529411765,0.75,0.058823529411764705,0.9411764705882353,0.9583333333333334,3.823529411764706,17,12.0
hiba,62,0.15,M2,220,False,0.751937984496124,0.7733333333333333,0.015503875968992248,0.9844961240310077,0.9842105263157894,3.875968992248062,129,95.0
hiba,62,0.15,M3,23,False,0.9375,0.9090909090909091,0.0,1.0,1.0,4.375,16,11.0
hiba,62,0.15,marginal-M1,396,False,0.7647058823529411,,0.0,1.0,,3.1176470588235294,17,
hiba,62,0.15,marginal-M2,396,False,0.8062015503875969,,0.015503875968992248,0.9844961240310077,,3.3488372093023258,129,
hiba,62,0.15,marginal-M3,396,False,0.9375,,0.0,1.0,,3.3125,16,
pad,62,0.05,B,25,False,1.0,1.0,,1.0,1.0,4.4,15,14.0
pad,62,0.05,M1,21,False,1.0,1.0,0.0,1.0,1.0,4.303030303030303,33,19.0
pad,62,0.05,M2,150,False,0.9705882352941176,0.9719887955182072,0.0,1.0,1.0,4.323529411764706,170,119.0
pad,62,0.05,M3,68,False,0.974025974025974,0.9807692307692307,0.0,1.0,1.0,4.2727272727272725,77,52.0
pad,62,0.05,M4,14,True,1.0,1.0,0.0,1.0,1.0,5.333333333333333,3,3.0
pad,62,0.05,M5,4,True,1.0,1.0,0.0,1.0,1.0,4.5,2,1.0
pad,62,0.05,marginal-M1,272,False,0.9696969696969697,,0.0,1.0,,3.9696969696969697,33,
pad,62,0.05,marginal-M2,272,False,0.9470588235294117,,0.0,1.0,,4.08235294117647,170,
pad,62,0.05,marginal-M3,272,False,0.974025974025974,,0.0,1.0,,4.025974025974026,77,
pad,62,0.05,marginal-M4,272,False,1.0,,0.0,1.0,,4.666666666666667,3,
pad,62,0.05,marginal-M5,272,False,1.0,,0.0,1.0,,2.5,2,
pad,62,0.1,B,25,False,1.0,1.0,,0.9333333333333333,0.9285714285714286,3.8666666666666667,15,14.0
pad,62,0.1,M1,21,False,0.9696969696969697,0.9473684210526315,0.0,1.0,1.0,4.090909090909091,33,19.0
pad,62,0.1,M2,150,False,0.9294117647058824,0.9257703081232492,0.0,1.0,1.0,3.864705882352941,170,119.0
pad,62,0.1,M3,68,False,0.935064935064935,0.9326923076923077,0.0,1.0,1.0,3.4935064935064934,77,52.0
pad,62,0.1,M4,14,False,1.0,1.0,0.0,1.0,1.0,5.0,3,3.0
pad,62,0.1,M5,4,True,1.0,1.0,0.0,1.0,1.0,4.5,2,1.0
pad,62,0.1,marginal-M1,272,False,0.9393939393939394,,0.0,1.0,,3.303030303030303,33,
pad,62,0.1,marginal-M2,272,False,0.9,,0.0,1.0,,3.4941176470588236,170,
pad,62,0.1,marginal-M3,272,False,0.948051948051948,,0.0,1.0,,3.4025974025974026,77,
pad,62,0.1,marginal-M4,272,False,1.0,,0.0,1.0,,3.6666666666666665,3,
pad,62,0.1,marginal-M5,272,False,0.5,,0.0,1.0,,1.5,2,
pad,62,0.15,B,25,False,1.0,1.0,,0.9333333333333333,0.9285714285714286,3.3333333333333335,15,14.0
pad,62,0.15,M1,21,False,0.9696969696969697,0.9473684210526315,0.0,1.0,1.0,3.484848484848485,33,19.0
pad,62,0.15,M2,150,False,0.8823529411764706,0.8809523809523809,0.0,1.0,1.0,3.0764705882352943,170,119.0
pad,62,0.15,M3,68,False,0.9090909090909091,0.9206730769230769,0.0,1.0,1.0,2.8701298701298703,77,52.0
pad,62,0.15,M4,14,False,0.6666666666666666,0.6666666666666666,0.0,1.0,1.0,3.3333333333333335,3,3.0
pad,62,0.15,M5,4,True,1.0,1.0,0.0,1.0,1.0,4.0,2,1.0
pad,62,0.15,marginal-M1,272,False,0.9090909090909091,,0.0,1.0,,2.8181818181818183,33,
pad,62,0.15,marginal-M2,272,False,0.8411764705882353,,0.0,1.0,,3.0294117647058822,170,
pad,62,0.15,marginal-M3,272,False,0.9090909090909091,,0.0,1.0,,2.9220779220779223,77,
pad,62,0.15,marginal-M4,272,False,0.6666666666666666,,0.0,1.0,,3.3333333333333335,3,
pad,62,0.15,marginal-M5,272,False,0.5,,0.0,1.0,,0.5,2,
hiba,63,0.05,B,171,False,0.9951219512195122,0.9925373134328358,,1.0,1.0,5.88780487804878,205,67.0
hiba,63,0.05,M1,25,False,1.0,1.0,0.0,1.0,1.0,6.9411764705882355,17,9.0
hiba,63,0.05,M2,217,False,0.952,0.9489795918367347,0.0,1.0,1.0,6.416,125,98.0
hiba,63,0.05,M3,21,False,1.0,1.0,0.0,1.0,1.0,6.6,15,13.0
hiba,63,0.05,marginal-M1,396,False,1.0,,0.0,1.0,,6.117647058823529,17,
hiba,63,0.05,marginal-M2,396,False,0.952,,0.0,1.0,,5.272,125,
hiba,63,0.05,marginal-M3,396,False,1.0,,0.0,1.0,,5.666666666666667,15,
hiba,63,0.1,B,171,False,0.9609756097560975,0.9278606965174129,,0.9658536585365853,0.9910812239170448,4.078048780487805,205,67.0
hiba,63,0.1,M1,25,False,0.9411764705882353,0.9722222222222222,0.0,1.0,1.0,4.9411764705882355,17,9.0
hiba,63,0.1,M2,217,False,0.92,0.9158163265306123,0.008,0.992,0.9897959183673469,4.64,125,98.0
hiba,63,0.1,M3,21,False,1.0,1.0,0.0,1.0,1.0,5.133333333333334,15,13.0
hiba,63,0.1,marginal-M1,396,False,0.9411764705882353,,0.0,1.0,,4.529411764705882,17,
hiba,63,0.1,marginal-M2,396,False,0.928,,0.0,1.0,,4.304,125,
hiba,63,0.1,marginal-M3,396,False,1.0,,0.0,1.0,,4.933333333333334,15,
hiba,63,0.15,B,171,False,0.9024390243902439,0.8019900497512438,,0.8195121951219512,0.8933054507681374,2.9560975609756097,205,67.0
hiba,63,0.15,M1,25,False,0.8823529411764706,0.9444444444444444,0.0,1.0,1.0,3.9411764705882355,17,9.0
hiba,63,0.15,M2,217,False,0.872,0.8698979591836735,0.016,0.984,0.9795918367346939,3.648,125,98.0
hiba,63,0.15,M3,21,False,0.7333333333333333,0.7307692307692307,0.0,1.0,1.0,3.6,15,13.0
hiba,63,0.15,marginal-M1,396,False,0.8823529411764706,,0.0,1.0,,3.6470588235294117,17,
hiba,63,0.15,marginal-M2,396,False,0.88,,0.008,0.992,,3.568,125,
hiba,63,0.15,marginal-M3,396,False,0.9333333333333333,,0.0,1.0,,4.133333333333334,15,
pad,63,0.05,B,24,False,0.9444444444444444,0.9333333333333333,,1.0,1.0,3.6666666666666665,18,15.0
pad,63,0.05,M1,20,False,1.0,1.0,0.0,1.0,1.0,4.333333333333333,36,20.0
pad,63,0.05,M2,167,False,0.9612903225806452,0.9624183006535948,0.0,1.0,1.0,4.051612903225807,155,102.0
pad,63,0.05,M3,68,False,1.0,1.0,0.0,1.0,1.0,4.506849315068493,73,52.0
pad,63,0.05,M4,13,True,1.0,1.0,0.0,1.0,1.0,6.0,4,4.0
pad,63,0.05,M5,3,True,1.0,1.0,0.0,1.0,1.0,4.5,2,2.0
pad,63,0.05,marginal-M1,288,False,1.0,,0.0,1.0,,4.277777777777778,36,
pad,63,0.05,marginal-M2,288,False,0.967741935483871,,0.0,1.0,,4.2387096774193544,155,
pad,63,0.05,marginal-M3,288,False,0.9863013698630136,,0.0,1.0,,4.47945205479452,73,
pad,63,0.05,marginal-M4,288,False,0.75,,0.0,1.0,,5.5,4,
pad,63,0.05,marginal-M5,288,False,1.0,,0.0,1.0,,2.5,2,
pad,63,0.1,B,24,False,0.9444444444444444,0.9333333333333333,,0.8888888888888888,0.8666666666666667,3.0,18,15.0
pad,63,0.1,M1,20,False,1.0,1.0,0.0,1.0,1.0,3.75,36,20.0
pad,63,0.1,M2,167,False,0.9419354838709677,0.9444444444444445,0.0,1.0,1.0,3.2838709677419353,155,102.0
pad,63,0.1,M3,68,False,0.9315068493150684,0.935897435897436,0.0,1.0,1.0,3.410958904109589,73,52.0
pad,63,0.1,M4,13,False,0.5,0.5,0.0,1.0,1.0,3.75,4,4.0
pad,63,0.1,M5,3,True,1.0,1.0,0.0,1.0,1.0,4.0,2,2.0
pad,63,0.1,marginal-M1,288,False,0.9444444444444444,,0.0,1.0,,3.5,36,
pad,63,0.1,marginal-M2,288,False,0.9161290322580645,,0.0,1.0,,3.4064516129032256,155,
pad,63,0.1,marginal-M3,288,False,0.9452054794520548,,0.0,1.0,,3.767123287671233,73,
pad,63,0.1,marginal-M4,288,False,0.75,,0.0,1.0,,4.75,4,
pad,63,0.1,marginal-M5,288,False,1.0,,0.0,1.0,,2.5,2,
pad,63,0.15,B,24,False,0.9444444444444444,0.9333333333333333,,0.8888888888888888,0.8666666666666667,2.7777777777777777,18,15.0
pad,63,0.15,M1,20,False,1.0,1.0,0.0,1.0,1.0,3.6944444444444446,36,20.0
pad,63,0.15,M2,167,False,0.8774193548387097,0.9019607843137256,0.0,1.0,1.0,2.9548387096774196,155,102.0
pad,63,0.15,M3,68,False,0.9041095890410958,0.9166666666666667,0.0,1.0,1.0,3.191780821917808,73,52.0
pad,63,0.15,M4,13,False,0.5,0.5,0.0,1.0,1.0,3.75,4,4.0
pad,63,0.15,M5,3,True,1.0,1.0,0.0,1.0,1.0,4.0,2,2.0
pad,63,0.15,marginal-M1,288,False,0.9166666666666666,,0.0,1.0,,3.0277777777777777,36,
pad,63,0.15,marginal-M2,288,False,0.864516129032258,,0.0,1.0,,2.9741935483870967,155,
pad,63,0.15,marginal-M3,288,False,0.9178082191780822,,0.0,1.0,,3.3424657534246576,73,
pad,63,0.15,marginal-M4,288,False,0.5,,0.0,1.0,,4.0,4,
pad,63,0.15,marginal-M5,288,False,1.0,,0.0,1.0,,2.0,2,
hiba,64,0.05,B,162,False,0.96,0.9342105263157895,,1.0,1.0,5.432,125,76.0
hiba,64,0.05,M1,28,False,1.0,1.0,0.0,1.0,1.0,5.833333333333333,6,6.0
hiba,64,0.05,M2,219,False,0.9538461538461539,0.9557291666666666,0.0,1.0,1.0,6.061538461538461,130,96.0
hiba,64,0.05,M3,22,False,0.5,0.5,0.0,1.0,1.0,4.214285714285714,14,12.0
hiba,64,0.05,marginal-M1,396,False,1.0,,0.0,1.0,,5.333333333333333,6,
hiba,64,0.05,marginal-M2,396,False,0.9538461538461539,,0.0,1.0,,5.376923076923077,130,
hiba,64,0.05,marginal-M3,396,False,1.0,,0.0,1.0,,5.642857142857143,14,
hiba,64,0.1,B,162,False,0.92,0.8771929824561404,,0.976,0.982456140350877,3.568,125,76.0
hiba,64,0.1,M1,28,False,1.0,1.0,0.0,1.0,1.0,4.333333333333333,6,6.0
hiba,64,0.1,M2,219,False,0.8615384615384616,0.859375,0.023076923076923078,0.9769230769230769,0.984375,4.384615384615385,130,96.0
hiba,64,0.1,M3,22,False,0.42857142857142855,0.4166666666666667,0.0,1.0,1.0,3.2142857142857144,14,12.0
hiba,64,0.1,marginal-M1,396,False,1.0,,0.0,1.0,,3.6666666666666665,6,
hiba,64,0.1,marginal-M2,396,False,0.8692307692307693,,0.03076923076923077,0.9692307692307692,,3.9692307692307693,130,
hiba,64,0.1,marginal-M3,396,False,0.8571428571428571,,0.0,1.0,,4.142857142857143,14,
hiba,64,0.15,B,162,False,0.88,0.8377192982456141,,0.864,0.8834064327485379,2.96,125,76.0
hiba,64,0.15,M1,28,False,1.0,1.0,0.0,1.0,1.0,3.6666666666666665,6,6.0
hiba,64,0.15,M2,219,False,0.7923076923076923,0.7916666666666666,0.038461538461538464,0.9615384615384616,0.9713541666666666,3.5923076923076924,130,96.0
hiba,64,0.15,M3,22,False,0.42857142857142855,0.4166666666666667,0.07142857142857142,0.9285714285714286,0.9166666666666666,2.7857142857142856,14,12.0
hiba,64,0.15,marginal-M1,396,False,1.0,,0.0,1.0,,3.1666666666666665,6,
hiba,64,0.15,marginal-M2,396,False,0.8307692307692308,,0.03076923076923077,0.9692307692307692,,3.3076923076923075,130,
hiba,64,0.15,marginal-M3,396,False,0.7142857142857143,,0.0,1.0,,3.357142857142857,14,
pad,64,0.05,B,24,False,0.8823529411764706,0.8666666666666667,,0.9411764705882353,0.9333333333333333,3.823529411764706,17,15.0
pad,64,0.05,M1,18,True,1.0,1.0,0.0,1.0,1.0,4.325,40,22.0
pad,64,0.05,M2,153,False,0.9482758620689655,0.9396551724137931,0.0,1.0,1.0,3.4310344827586206,174,116.0
pad,64,0.05,M3,74,False,0.96875,0.9782608695652174,0.0,1.0,1.0,3.8125,64,46.0
pad,64,0.05,M4,7,True,1.0,1.0,0.0,1.0,1.0,4.7272727272727275,11,10.0
pad,64,0.05,M5,2,True,1.0,1.0,0.0,1.0,1.0,4.0,3,3.0
pad,64,0.05,marginal-M1,270,False,0.925,,0.0,1.0,,3.85,40,
pad,64,0.05,marginal-M2,270,False,0.9482758620689655,,0.0,1.0,,3.9655172413793105,174,
pad,64,0.05,marginal-M3,270,False,0.96875,,0.0,1.0,,4.015625,64,
pad,64,0.05,marginal-M4,270,False,0.9090909090909091,,0.0,1.0,,4.454545454545454,11,
pad,64,0.05,marginal-M5,270,False,1.0,,0.0,1.0,,3.0,3,
pad,64,0.1,B,24,False,0.8235294117647058,0.8,,0.9411764705882353,0.9333333333333333,3.3529411764705883,17,15.0
pad,64,0.1,M1,18,False,0.975,0.9772727272727273,0.0,1.0,1.0,3.425,40,22.0
pad,64,0.1,M2,153,False,0.8793103448275862,0.8692528735632183,0.0,1.0,1.0,2.9597701149425286,174,116.0
pad,64,0.1,M3,74,False,0.90625,0.9130434782608695,0.0,1.0,1.0,3.015625,64,46.0
pad,64,0.1,M4,7,True,1.0,1.0,0.0,1.0,1.0,4.7272727272727275,11,10.0
pad,64,0.1,M5,2,True,1.0,1.0,0.0,1.0,1.0,4.0,3,3.0
pad,64,0.1,marginal-M1,270,False,0.825,,0.0,1.0,,2.7,40,
pad,64,0.1,marginal-M2,270,False,0.8505747126436781,,0.0,1.0,,3.0344827586206895,174,
pad,64,0.1,marginal-M3,270,False,0.90625,,0.0,1.0,,3.28125,64,
pad,64,0.1,marginal-M4,270,False,0.8181818181818182,,0.0,1.0,,3.3636363636363638,11,
pad,64,0.1,marginal-M5,270,False,1.0,,0.0,1.0,,2.3333333333333335,3,
pad,64,0.15,B,24,False,0.7647058823529411,0.7333333333333333,,0.9411764705882353,0.9333333333333333,3.0588235294117645,17,15.0
pad,64,0.15,M1,18,False,0.975,0.9772727272727273,0.0,1.0,1.0,3.375,40,22.0
pad,64,0.15,M2,153,False,0.8333333333333334,0.8311781609195402,0.0,1.0,1.0,2.735632183908046,174,116.0
pad,64,0.15,M3,74,False,0.828125,0.8369565217391305,0.0,1.0,1.0,2.71875,64,46.0
pad,64,0.15,M4,7,False,0.7272727272727273,0.75,0.0,1.0,1.0,2.6363636363636362,11,10.0
pad,64,0.15,M5,2,True,1.0,1.0,0.0,1.0,1.0,4.0,3,3.0
pad,64,0.15,marginal-M1,270,False,0.8,,0.0,1.0,,2.4,40,
pad,64,0.15,marginal-M2,270,False,0.7873563218390804,,0.0,1.0,,2.6206896551724137,174,
pad,64,0.15,marginal-M3,270,False,0.828125,,0.0,1.0,,2.859375,64,
pad,64,0.15,marginal-M4,270,False,0.8181818181818182,,0.0,1.0,,3.0,11,
pad,64,0.15,marginal-M5,270,False,0.6666666666666666,,0.0,1.0,,1.6666666666666667,3,
hiba,65,0.05,B,160,False,0.9852216748768473,0.9615384615384616,,1.0,1.0,5.758620689655173,203,78.0
hiba,65,0.05,M1,24,False,0.9333333333333333,0.9,0.0,1.0,1.0,5.6,15,10.0
hiba,65,0.05,M2,221,False,0.9824561403508771,0.9787234042553191,0.0,1.0,1.0,6.508771929824562,114,94.0
hiba,65,0.05,M3,24,False,1.0,1.0,0.0,1.0,1.0,6.285714285714286,14,10.0
hiba,65,0.05,marginal-M1,396,False,1.0,,0.0,1.0,,6.333333333333333,15,
hiba,65,0.05,marginal-M2,396,False,0.9912280701754386,,0.0,1.0,,6.192982456140351,114,
hiba,65,0.05,marginal-M3,396,False,1.0,,0.0,1.0,,6.214285714285714,14,
hiba,65,0.1,B,160,False,0.9655172413793104,0.9380341880341879,,0.9852216748768473,0.9974707042580345,4.113300492610837,203,78.0
hiba,65,0.1,M1,24,False,0.9333333333333333,0.9,0.0,1.0,1.0,4.733333333333333,15,10.0
hiba,65,0.1,M2,221,False,0.9473684210526315,0.9414893617021277,0.0,1.0,1.0,5.2105263157894735,114,94.0
hiba,65,0.1,M3,24,False,1.0,1.0,0.0,1.0,1.0,5.0,14,10.0
hiba,65,0.1,marginal-M1,396,False,0.9333333333333333,,0.0,1.0,,4.8,15,
hiba,65,0.1,marginal-M2,396,False,0.9649122807017544,,0.0,1.0,,4.780701754385965,114,
hiba,65,0.1,marginal-M3,396,False,1.0,,0.0,1.0,,5.285714285714286,14,
hiba,65,0.15,B,160,False,0.9556650246305419,0.9123931623931623,,0.8768472906403941,0.9137893027033298,3.2955665024630543,203,78.0
hiba,65,0.15,M1,24,False,0.9333333333333333,0.9,0.0,1.0,1.0,4.0,15,10.0
hiba,65,0.15,M2,221,False,0.9385964912280702,0.9308510638297872,0.008771929824561403,0.9912280701754386,0.9893617021276596,4.271929824561403,114,94.0
hiba,65,0.15,M3,24,False,1.0,1.0,0.0,1.0,1.0,4.714285714285714,14,10.0
hiba,65,0.15,marginal-M1,396,False,0.9333333333333333,,0.0,1.0,,3.8666666666666667,15,
hiba,65,0.15,marginal-M2,396,False,0.9385964912280702,,0.0,1.0,,3.956140350877193,114,
hiba,65,0.15,marginal-M3,396,False,1.0,,0.0,1.0,,4.285714285714286,14,
pad,65,0.05,B,23,False,1.0,1.0,,1.0,1.0,4.411764705882353,17,16.0
pad,65,0.05,M1,24,False,1.0,1.0,0.0,1.0,1.0,4.083333333333333,24,16.0
pad,65,0.05,M2,168,False,0.9808917197452229,0.9752475247524752,0.0,1.0,1.0,4.050955414012739,157,101.0
pad,65,0.05,M3,78,False,0.9696969696969697,0.9523809523809523,0.0,1.0,1.0,3.9393939393939394,66,42.0
pad,65,0.05,M4,8,True,1.0,1.0,0.0,1.0,1.0,5.363636363636363,11,9.0
pad,65,0.05,M5,3,True,1.0,1.0,0.0,1.0,1.0,5.5,2,2.0
pad,65,0.05,marginal-M1,295,False,0.9583333333333334,,0.0,1.0,,3.875,24,
pad,65,0.05,marginal-M2,295,False,0.9808917197452229,,0.0,1.0,,4.019108280254777,157,
pad,65,0.05,marginal-M3,295,False,0.9696969696969697,,0.0,1.0,,4.045454545454546,66,
pad,65,0.05,marginal-M4,295,False,0.9090909090909091,,0.0,1.0,,5.0,11,
pad,65,0.05,marginal-M5,295,False,1.0,,0.0,1.0,,4.5,2,
pad,65,0.1,B,23,False,0.8823529411764706,0.875,,1.0,1.0,4.0,17,16.0
pad,65,0.1,M1,24,False,0.9583333333333334,0.9375,0.0,1.0,1.0,3.25,24,16.0
pad,65,0.1,M2,168,False,0.9681528662420382,0.9603960396039604,0.0,1.0,1.0,3.305732484076433,157,101.0
pad,65,0.1,M3,78,False,0.9242424242424242,0.9325396825396827,0.0,1.0,1.0,2.9545454545454546,66,42.0
pad,65,0.1,M4,8,True,1.0,1.0,0.0,1.0,1.0,4.818181818181818,11,9.0
pad,65,0.1,M5,3,True,1.0,1.0,0.0,1.0,1.0,5.0,2,2.0
pad,65,0.1,marginal-M1,295,False,0.9166666666666666,,0.0,1.0,,3.0833333333333335,24,
pad,65,0.1,marginal-M2,295,False,0.9171974522292994,,0.0,1.0,,3.2420382165605095,157,
pad,65,0.1,marginal-M3,295,False,0.9393939393939394,,0.0,1.0,,3.272727272727273,66,
pad,65,0.1,marginal-M4,295,False,0.9090909090909091,,0.0,1.0,,4.090909090909091,11,
pad,65,0.1,marginal-M5,295,False,1.0,,0.0,1.0,,4.0,2,
pad,65,0.15,B,23,False,0.8235294117647058,0.8125,,1.0,1.0,3.1176470588235294,17,16.0
pad,65,0.15,M1,24,False,0.9166666666666666,0.90625,0.0,1.0,1.0,2.875,24,16.0
pad,65,0.15,M2,168,False,0.8535031847133758,0.8475954738330976,0.0,1.0,1.0,2.656050955414013,157,101.0
pad,65,0.15,M3,78,False,0.8636363636363636,0.8670634920634922,0.0,1.0,1.0,2.515151515151515,66,42.0
pad,65,0.15,M4,8,False,0.9090909090909091,0.8888888888888888,0.0,1.0,1.0,3.8181818181818183,11,9.0
pad,65,0.15,M5,3,True,1.0,1.0,0.0,1.0,1.0,5.0,2,2.0
pad,65,0.15,marginal-M1,295,False,0.9166666666666666,,0.0,1.0,,2.6666666666666665,24,
pad,65,0.15,marginal-M2,295,False,0.8535031847133758,,0.0,1.0,,2.8089171974522293,157,
pad,65,0.15,marginal-M3,295,False,0.8787878787878788,,0.0,1.0,,2.757575757575758,66,
pad,65,0.15,marginal-M4,295,False,0.9090909090909091,,0.0,1.0,,3.727272727272727,11,
pad,65,0.15,marginal-M5,295,False,0.5,,0.0,1.0,,3.0,2,
hiba,66,0.05,B,172,False,0.9789473684210527,0.9583333333333334,,1.0,1.0,5.0,190,66.0
hiba,66,0.05,M1,28,False,1.0,1.0,0.0,1.0,1.0,5.333333333333333,6,6.0
hiba,66,0.05,M2,209,False,0.9558823529411765,0.964622641509434,0.0,1.0,1.0,6.25,136,106.0
hiba,66,0.05,M3,24,False,0.8,0.8,0.0,1.0,1.0,5.7,10,10.0
hiba,66,0.05,marginal-M1,396,False,1.0,,0.0,1.0,,5.833333333333333,6,
hiba,66,0.05,marginal-M2,396,False,0.9632352941176471,,0.0,1.0,,5.9411764705882355,136,
hiba,66,0.05,marginal-M3,396,False,1.0,,0.0,1.0,,6.1,10,
hiba,66,0.1,B,172,False,0.9315789473684211,0.8737373737373738,,0.9421052631578948,0.9785397838029416,3.4842105263157896,190,66.0
hiba,66,0.1,M1,28,False,1.0,1.0,0.0,1.0,1.0,4.0,6,6.0
hiba,66,0.1,M2,209,False,0.9485294117647058,0.9551886792452831,0.0,1.0,1.0,4.897058823529412,136,106.0
hiba,66,0.1,M3,24,False,0.7,0.7,0.0,1.0,1.0,3.7,10,10.0
hiba,66,0.1,marginal-M1,396,False,1.0,,0.0,1.0,,4.0,6,
hiba,66,0.1,marginal-M2,396,False,0.9485294117647058,,0.0,1.0,,4.735294117647059,136,
hiba,66,0.1,marginal-M3,396,False,0.9,,0.0,1.0,,5.1,10,
hiba,66,0.15,B,172,False,0.9,0.8252525252525252,,0.7789473684210526,0.8998727880306827,2.6736842105263157,190,66.0
hiba,66,0.15,M1,28,False,1.0,1.0,0.0,1.0,1.0,3.0,6,6.0
hiba,66,0.15,M2,209,False,0.9044117647058824,0.9080188679245284,0.007352941176470588,0.9926470588235294,0.9905660377358491,3.9191176470588234,136,106.0
hiba,66,0.15,M3,24,False,0.7,0.7,0.0,1.0,1.0,3.6,10,10.0
hiba,66,0.15,marginal-M1,396,False,1.0,,0.0,1.0,,2.8333333333333335,6,
hiba,66,0.15,marginal-M2,396,False,0.9117647058823529,,0.007352941176470588,0.9926470588235294,,3.8455882352941178,136,
hiba,66,0.15,marginal-M3,396,False,0.8,,0.0,1.0,,4.2,10,
pad,66,0.05,B,26,False,0.7857142857142857,0.7692307692307693,,0.9285714285714286,0.9230769230769231,3.5714285714285716,14,13.0
pad,66,0.05,M1,22,False,0.8571428571428571,0.8425925925925926,0.0,1.0,1.0,3.2857142857142856,28,18.0
pad,66,0.05,M2,161,False,0.9433962264150944,0.9429012345679012,0.0,1.0,1.0,3.5345911949685536,159,108.0
pad,66,0.05,M3,74,False,0.9672131147540983,0.9565217391304348,0.0,1.0,1.0,3.4754098360655736,61,46.0
pad,66,0.05,M4,11,True,1.0,1.0,0.0,1.0,1.0,4.428571428571429,7,6.0
pad,66,0.05,M5,2,True,1.0,1.0,0.0,1.0,1.0,4.666666666666667,3,3.0
pad,66,0.05,marginal-M1,287,False,0.8571428571428571,,0.0,1.0,,3.857142857142857,28,
pad,66,0.05,marginal-M2,287,False,0.9371069182389937,,0.0,1.0,,3.993710691823899,159,
pad,66,0.05,marginal-M3,287,False,0.9672131147540983,,0.0,1.0,,4.131147540983607,61,
pad,66,0.05,marginal-M4,287,False,1.0,,0.0,1.0,,4.142857142857143,7,
pad,66,0.05,marginal-M5,287,False,1.0,,0.0,1.0,,3.3333333333333335,3,
pad,66,0.1,B,26,False,0.7857142857142857,0.7692307692307693,,0.9285714285714286,0.9230769230769231,3.142857142857143,14,13.0
pad,66,0.1,M1,22,False,0.7857142857142857,0.787037037037037,0.0,1.0,1.0,2.6785714285714284,28,18.0
pad,66,0.1,M2,161,False,0.9308176100628931,0.9243827160493827,0.0,1.0,1.0,3.2767295597484276,159,108.0
pad,66,0.1,M3,74,False,0.8688524590163934,0.8369565217391305,0.0,1.0,1.0,2.737704918032787,61,46.0
pad,66,0.1,M4,11,False,1.0,1.0,0.0,1.0,1.0,3.857142857142857,7,6.0
pad,66,0.1,M5,2,True,1.0,1.0,0.0,1.0,1.0,4.666666666666667,3,3.0
pad,66,0.1,marginal-M1,287,False,0.7857142857142857,,0.0,1.0,,2.857142857142857,28,
pad,66,0.1,marginal-M2,287,False,0.8616352201257862,,0.0,1.0,,3.270440251572327,159,
pad,66,0.1,marginal-M3,287,False,0.9344262295081968,,0.0,1.0,,3.2950819672131146,61,
pad,66,0.1,marginal-M4,287,False,0.8571428571428571,,0.0,1.0,,2.857142857142857,7,
pad,66,0.1,marginal-M5,287,False,1.0,,0.0,1.0,,2.6666666666666665,3,
pad,66,0.15,B,26,False,0.6428571428571429,0.6153846153846154,,0.9285714285714286,0.9230769230769231,2.857142857142857,14,13.0
pad,66,0.15,M1,22,False,0.7857142857142857,0.787037037037037,0.0,1.0,1.0,2.5,28,18.0
pad,66,0.15,M2,161,False,0.8490566037735849,0.8603395061728395,0.0,1.0,1.0,2.79874213836478,159,108.0
pad,66,0.15,M3,74,False,0.819672131147541,0.782608695652174,0.0,1.0,1.0,2.5245901639344264,61,46.0
pad,66,0.15,M4,11,False,1.0,1.0,0.0,1.0,1.0,3.7142857142857144,7,6.0
pad,66,0.15,M5,2,True,1.0,1.0,0.0,1.0,1.0,4.666666666666667,3,3.0
pad,66,0.15,marginal-M1,287,False,0.7857142857142857,,0.0,1.0,,2.5,28,
pad,66,0.15,marginal-M2,287,False,0.8113207547169812,,0.0,1.0,,2.8050314465408803,159,
pad,66,0.15,marginal-M3,287,False,0.8688524590163934,,0.0,1.0,,2.8688524590163933,61,
pad,66,0.15,marginal-M4,287,False,0.8571428571428571,,0.0,1.0,,2.5714285714285716,7,
pad,66,0.15,marginal-M5,287,False,0.3333333333333333,,0.0,1.0,,2.0,3,
hiba,67,0.05,B,180,False,0.9504950495049505,0.9310344827586207,,1.0,1.0,5.405940594059406,101,58.0
hiba,67,0.05,M1,19,False,1.0,1.0,0.0,1.0,1.0,5.892857142857143,28,15.0
hiba,67,0.05,M2,221,False,0.9758064516129032,0.9787234042553191,0.0,1.0,1.0,6.17741935483871,124,94.0
hiba,67,0.05,M3,20,False,1.0,1.0,0.0,1.0,1.0,6.333333333333333,15,14.0
hiba,67,0.05,marginal-M1,396,False,1.0,,0.0,1.0,,6.285714285714286,28,
hiba,67,0.05,marginal-M2,396,False,0.9838709677419355,,0.0,1.0,,5.983870967741935,124,
hiba,67,0.05,marginal-M3,396,False,1.0,,0.0,1.0,,6.266666666666667,15,
hiba,67,0.1,B,180,False,0.8910891089108911,0.853448275862069,,0.9702970297029703,0.9706896551724138,3.6930693069306932,101,58.0
hiba,67,0.1,M1,19,False,0.8928571428571429,0.9333333333333333,0.0,1.0,1.0,4.214285714285714,28,15.0
hiba,67,0.1,M2,221,False,0.9193548387096774,0.925531914893617,0.024193548387096774,0.9758064516129032,0.9840425531914894,4.758064516129032,124,94.0
hiba,67,0.1,M3,20,False,0.7333333333333333,0.75,0.0,1.0,1.0,3.8,15,14.0
hiba,67,0.1,marginal-M1,396,False,1.0,,0.0,1.0,,4.678571428571429,28,
hiba,67,0.1,marginal-M2,396,False,0.9435483870967742,,0.008064516129032258,0.9919354838709677,,4.661290322580645,124,
hiba,67,0.1,marginal-M3,396,False,1.0,,0.0,1.0,,5.066666666666666,15,
hiba,67,0.15,B,180,False,0.8217821782178217,0.7752873563218391,,0.9108910891089109,0.9051724137931034,2.900990099009901,101,58.0
hiba,67,0.15,M1,19,False,0.8928571428571429,0.9333333333333333,0.0,1.0,1.0,3.5,28,15.0
hiba,67,0.15,M2,221,False,0.8629032258064516,0.8723404255319149,0.024193548387096774,0.9758064516129032,0.9840425531914894,3.5403225806451615,124,94.0
hiba,67,0.15,M3,20,False,0.7333333333333333,0.75,0.0,1.0,1.0,3.0,15,14.0
hiba,67,0.15,marginal-M1,396,False,0.9285714285714286,,0.0,1.0,,3.357142857142857,28,
hiba,67,0.15,marginal-M2,396,False,0.8870967741935484,,0.03225806451612903,0.967741935483871,,3.532258064516129,124,
hiba,67,0.15,marginal-M3,396,False,0.8666666666666667,,0.0,1.0,,3.8,15,
pad,67,0.05,B,16,True,1.0,1.0,,1.0,1.0,6.178571428571429,28,23.0
pad,67,0.05,M1,23,False,1.0,1.0,0.0,1.0,1.0,7.310344827586207,29,17.0
pad,67,0.05,M2,160,False,0.9551282051282052,0.9617737003058103,0.0,1.0,1.0,7.038461538461538,156,109.0
pad,67,0.05,M3,74,False,1.0,1.0,0.0,1.0,1.0,7.3076923076923075,65,46.0
pad,67,0.05,M4,7,True,1.0,1.0,0.0,1.0,1.0,8.0,11,10.0
pad,67,0.05,M5,3,True,1.0,1.0,0.0,1.0,1.0,8.0,3,2.0
pad,67,0.05,marginal-M1,277,False,0.9655172413793104,,0.0,1.0,,4.0,29,
pad,67,0.05,marginal-M2,277,False,0.9551282051282052,,0.0,1.0,,4.083333333333333,156,
pad,67,0.05,marginal-M3,277,False,1.0,,0.0,1.0,,4.123076923076923,65,
pad,67,0.05,marginal-M4,277,False,1.0,,0.0,1.0,,4.818181818181818,11,
pad,67,0.05,marginal-M5,277,False,1.0,,0.0,1.0,,3.0,3,
pad,67,0.1,B,16,False,1.0,1.0,,1.0,1.0,3.642857142857143,28,23.0
pad,67,0.1,M1,23,False,0.9655172413793104,0.9411764705882353,0.0,1.0,1.0,4.068965517241379,29,17.0
pad,67,0.1,M2,160,False,0.8525641025641025,0.8700305810397554,0.0,1.0,1.0,3.6538461538461537,156,109.0
pad,67,0.1,M3,74,False,0.9538461538461539,0.9492753623188407,0.0,1.0,1.0,3.769230769230769,65,46.0
pad,67,0.1,M4,7,True,1.0,1.0,0.0,1.0,1.0,5.363636363636363,11,10.0
pad,67,0.1,M5,3,True,1.0,1.0,0.0,1.0,1.0,4.666666666666667,3,2.0
pad,67,0.1,marginal-M1,277,False,0.896551724137931,,0.0,1.0,,3.206896551724138,29,
pad,67,0.1,marginal-M2,277,False,0.8846153846153846,,0.0,1.0,,3.448717948717949,156,
pad,67,0.1,marginal-M3,277,False,0.9692307692307692,,0.0,1.0,,3.646153846153846,65,
pad,67,0.1,marginal-M4,277,False,1.0,,0.0,1.0,,3.909090909090909,11,
pad,67,0.1,marginal-M5,277,False,1.0,,0.0,1.0,,2.6666666666666665,3,
pad,67,0.15,B,16,False,1.0,1.0,,1.0,1.0,3.2857142857142856,28,23.0
pad,67,0.15,M1,23,False,0.9655172413793104,0.9411764705882353,0.0,1.0,1.0,4.068965517241379,29,17.0
pad,67,0.15,M2,160,False,0.8333333333333334,0.8425076452599389,0.00641025641025641,0.9935897435897436,0.9908256880733946,3.3525641025641026,156,109.0
pad,67,0.15,M3,74,False,0.9230769230769231,0.9248188405797102,0.0,1.0,1.0,3.476923076923077,65,46.0
pad,67,0.15,M4,7,False,1.0,1.0,0.0,1.0,1.0,4.7272727272727275,11,10.0
pad,67,0.15,M5,3,True,1.0,1.0,0.0,1.0,1.0,4.666666666666667,3,2.0
pad,67,0.15,marginal-M1,277,False,0.8620689655172413,,0.0,1.0,,2.586206896551724,29,
pad,67,0.15,marginal-M2,277,False,0.8333333333333334,,0.0,1.0,,2.9423076923076925,156,
pad,67,0.15,marginal-M3,277,False,0.9230769230769231,,0.0,1.0,,3.1384615384615384,65,
pad,67,0.15,marginal-M4,277,False,0.9090909090909091,,0.0,1.0,,2.909090909090909,11,
pad,67,0.15,marginal-M5,277,False,0.6666666666666666,,0.0,1.0,,1.3333333333333333,3,
hiba,68,0.05,B,171,False,0.96875,0.9328358208955224,,1.0,1.0,5.78125,160,67.0
hiba,68,0.05,M1,25,False,0.9473684210526315,0.8888888888888888,0.0,1.0,1.0,6.0,19,9.0
hiba,68,0.05,M2,217,False,0.9612403100775194,0.9540816326530612,0.0,1.0,1.0,6.441860465116279,129,98.0
hiba,68,0.05,M3,23,False,1.0,1.0,0.0,1.0,1.0,6.611111111111111,18,11.0
hiba,68,0.05,marginal-M1,396,False,1.0,,0.0,1.0,,6.421052631578948,19,
hiba,68,0.05,marginal-M2,396,False,0.9612403100775194,,0.0,1.0,,6.0,129,
hiba,68,0.05,marginal-M3,396,False,1.0,,0.0,1.0,,6.055555555555555,18,
hiba,68,0.1,B,171,False,0.95625,0.9029850746268657,,0.95,0.9635285112897054,4.08125,160,67.0
hiba,68,0.1,M1,25,False,0.9473684210526315,0.8888888888888888,0.0,1.0,1.0,4.631578947368421,19,9.0
hiba,68,0.1,M2,217,False,0.9302325581395349,0.9260204081632653,0.0,1.0,1.0,4.937984496124031,129,98.0
hiba,68,0.1,M3,23,False,1.0,1.0,0.0,1.0,1.0,5.055555555555555,18,11.0
hiba,68,0.1,marginal-M1,396,False,0.9473684210526315,,0.0,1.0,,4.631578947368421,19,
hiba,68,0.1,marginal-M2,396,False,0.9302325581395349,,0.0,1.0,,4.604651162790698,129,
hiba,68,0.1,marginal-M3,396,False,1.0,,0.0,1.0,,4.888888888888889,18,
hiba,68,0.15,B,171,False,0.925,0.8577114427860696,,0.8875,0.9229174639622401,3.36875,160,67.0
hiba,68,0.15,M1,25,False,0.9473684210526315,0.8888888888888888,0.0,1.0,1.0,4.315789473684211,19,9.0
hiba,68,0.15,M2,217,False,0.8604651162790697,0.8695578231292517,0.007751937984496124,0.9922480620155039,0.9897959183673469,3.9844961240310077,129,98.0
hiba,68,0.15,M3,23,False,0.9444444444444444,0.9545454545454546,0.0,1.0,1.0,4.333333333333333,18,11.0
hiba,68,0.15,marginal-M1,396,False,0.9473684210526315,,0.0,1.0,,3.6315789473684212,19,
hiba,68,0.15,marginal-M2,396,False,0.875968992248062,,0.007751937984496124,0.9922480620155039,,3.4186046511627906,129,
hiba,68,0.15,marginal-M3,396,False,0.9444444444444444,,0.0,1.0,,3.5,18,
pad,68,0.05,B,25,False,1.0,1.0,,1.0,1.0,4.5,14,14.0
pad,68,0.05,M1,22,False,1.0,1.0,0.0,1.0,1.0,4.037037037037037,27,18.0
pad,68,0.05,M2,164,False,0.9673202614379085,0.9682539682539681,0.0,1.0,1.0,4.163398692810458,153,105.0
pad,68,0.05,M3,67,False,1.0,1.0,0.0,1.0,1.0,4.476190476190476,84,53.0
pad,68,0.05,M4,10,True,1.0,1.0,0.0,1.0,1.0,5.0,10,7.0
pad,68,0.05,M5,5,True,,,,,,,0,0.0
pad,68,0.05,marginal-M1,285,False,0.8888888888888888,,0.0,1.0,,3.5185185185185186,27,
pad,68,0.05,marginal-M2,285,False,0.954248366013072,,0.0,1.0,,3.9607843137254903,153,
pad,68,0.05,marginal-M3,285,False,0.9880952380952381,,0.0,1.0,,3.9047619047619047,84,
pad,68,0.05,marginal-M4,285,False,0.9,,0.0,1.0,,3.9,10,
pad,68,0.1,B,25,False,0.8571428571428571,0.8571428571428571,,1.0,1.0,3.7142857142857144,14,14.0
pad,68,0.1,M1,22,False,0.9259259259259259,0.8888888888888888,0.0,1.0,1.0,3.111111111111111,27,18.0
pad,68,0.1,M2,164,False,0.9215686274509803,0.9126984126984127,0.0,1.0,1.0,3.241830065359477,153,105.0
pad,68,0.1,M3,67,False,0.9761904761904762,0.9748427672955975,0.0,1.0,1.0,3.4166666666666665,84,53.0
pad,68,0.1,M4,10,False,0.9,0.8571428571428571,0.0,1.0,1.0,2.6,10,7.0
pad,68,0.1,M5,5,True,,,,,,,0,0.0
pad,68,0.1,marginal-M1,285,False,0.8888888888888888,,0.0,1.0,,2.7777777777777777,27,
pad,68,0.1,marginal-M2,285,False,0.8888888888888888,,0.0,1.0,,3.2222222222222223,153,
pad,68,0.1,marginal-M3,285,False,0.9523809523809523,,0.0,1.0,,3.380952380952381,84,
pad,68,0.1,marginal-M4,285,False,0.9,,0.0,1.0,,3.0,10,
pad,68,0.15,B,25,False,0.7857142857142857,0.7857142857142857,,1.0,1.0,3.357142857142857,14,14.0
pad,68,0.15,M1,22,False,0.8888888888888888,0.8333333333333334,0.0,1.0,1.0,2.7777777777777777,27,18.0
pad,68,0.15,M2,164,False,0.8823529411764706,0.8809523809523809,0.0,1.0,1.0,2.8823529411764706,153,105.0
pad,68,0.15,M3,67,False,0.8452380952380952,0.8404088050314467,0.0,1.0,1.0,2.7142857142857144,84,53.0
pad,68,0.15,M4,10,False,0.9,0.8571428571428571,0.0,1.0,1.0,2.6,10,7.0
pad,68,0.15,M5,5,True,,,,,,,0,0.0
pad,68,0.15,marginal-M1,285,False,0.8518518518518519,,0.0,1.0,,2.3333333333333335,27,
pad,68,0.15,marginal-M2,285,False,0.8169934640522876,,0.0,1.0,,2.7712418300653594,153,
pad,68,0.15,marginal-M3,285,False,0.8571428571428571,,0.0,1.0,,2.892857142857143,84,
pad,68,0.15,marginal-M4,285,False,0.9,,0.0,1.0,,2.4,10,
hiba,69,0.05,B,160,False,0.9864253393665159,0.967948717948718,,1.0,1.0,5.760180995475113,221,78.0
hiba,69,0.05,M1,19,False,1.0,1.0,0.0,1.0,1.0,6.592592592592593,27,15.0
hiba,69,0.05,M2,227,False,0.9396551724137931,0.9318181818181818,0.0,1.0,1.0,6.474137931034483,116,88.0
hiba,69,0.05,M3,25,False,1.0,1.0,0.0,1.0,1.0,6.866666666666666,15,9.0
hiba,69,0.05,marginal-M1,396,False,1.0,,0.0,1.0,,6.37037037037037,27,
hiba,69,0.05,marginal-M2,396,False,0.9568965517241379,,0.0,1.0,,5.974137931034483,116,
hiba,69,0.05,marginal-M3,396,False,1.0,,0.0,1.0,,5.866666666666666,15,
hiba,69,0.1,B,160,False,0.9819004524886877,0.9615384615384616,,0.995475113122172,0.9987179487179488,4.067873303167421,221,78.0
hiba,69,0.1,M1,19,False,1.0,1.0,0.0,1.0,1.0,5.185185185185185,27,15.0
hiba,69,0.1,M2,227,False,0.896551724137931,0.9005681818181818,0.017241379310344827,0.9827586206896551,0.9829545454545454,4.870689655172414,116,88.0
hiba,69,0.1,M3,25,False,1.0,1.0,0.0,1.0,1.0,4.6,15,9.0
hiba,69,0.1,marginal-M1,396,False,1.0,,0.0,1.0,,4.62962962962963,27,
hiba,69,0.1,marginal-M2,396,False,0.9224137931034483,,0.008620689655172414,0.9913793103448276,,4.5344827586206895,116,
hiba,69,0.1,marginal-M3,396,False,1.0,,0.0,1.0,,4.6,15,
hiba,69,0.15,B,160,False,0.9592760180995475,0.9141025641025641,,0.8868778280542986,0.9331908831908832,3.0361990950226243,221,78.0
hiba,69,0.15,M1,19,False,1.0,1.0,0.0,1.0,1.0,4.074074074074074,27,15.0
hiba,69,0.15,M2,227,False,0.853448275862069,0.8551136363636364,0.034482758620689655,0.9655172413793104,0.9715909090909091,3.7672413793103448,116,88.0
hiba,69,0.15,M3,25,False,1.0,1.0,0.0,1.0,1.0,4.333333333333333,15,9.0
hiba,69,0.15,marginal-M1,396,False,1.0,,0.0,1.0,,3.5185185185185186,27,
hiba,69,0.15,marginal-M2,396,False,0.8706896551724138,,0.034482758620689655,0.9655172413793104,,3.663793103448276,116,
hiba,69,0.15,marginal-M3,396,False,1.0,,0.0,1.0,,3.8,15,
pad,69,0.05,B,21,False,0.9545454545454546,0.9444444444444444,,1.0,1.0,4.090909090909091,22,18.0
pad,69,0.05,M1,25,False,0.9545454545454546,0.9666666666666667,0.0,1.0,1.0,4.318181818181818,22,15.0
pad,69,0.05,M2,165,False,0.9726027397260274,0.9775641025641024,0.0,1.0,1.0,4.239726027397261,146,104.0
pad,69,0.05,M3,67,False,0.9714285714285714,0.9716981132075472,0.0,1.0,1.0,4.042857142857143,70,53.0
pad,69,0.05,M4,9,True,1.0,1.0,0.0,1.0,1.0,5.75,8,8.0
pad,69,0.05,M5,2,True,1.0,1.0,0.0,1.0,1.0,4.666666666666667,3,3.0
pad,69,0.05,marginal-M1,281,False,0.9090909090909091,,0.0,1.0,,4.090909090909091,22,
pad,69,0.05,marginal-M2,281,False,0.9726027397260274,,0.0,1.0,,4.315068493150685,146,
pad,69,0.05,marginal-M3,281,False,0.9714285714285714,,0.0,1.0,,4.042857142857143,70,
pad,69,0.05,marginal-M4,281,False,0.875,,0.0,1.0,,5.25,8,
pad,69,0.05,marginal-M5,281,False,1.0,,0.0,1.0,,3.0,3,
pad,69,0.1,B,21,False,0.9545454545454546,0.9444444444444444,,1.0,1.0,3.227272727272727,22,18.0
pad,69,0.1,M1,25,False,0.9545454545454546,0.9666666666666667,0.0,1.0,1.0,3.4545454545454546,22,15.0
pad,69,0.1,M2,165,False,0.9452054794520548,0.9439102564102563,0.0,1.0,1.0,3.4383561643835616,146,104.0
pad,69,0.1,M3,67,False,0.8857142857142857,0.8867924528301887,0.0,1.0,1.0,2.9714285714285715,70,53.0
pad,69,0.1,M4,9,False,0.75,0.75,0.0,1.0,1.0,3.75,8,8.0
pad,69,0.1,M5,2,True,1.0,1.0,0.0,1.0,1.0,4.0,3,3.0
pad,69,0.1,marginal-M1,281,False,0.8636363636363636,,0.0,1.0,,3.090909090909091,22,
pad,69,0.1,marginal-M2,281,False,0.9452054794520548,,0.0,1.0,,3.7465753424657535,146,
pad,69,0.1,marginal-M3,281,False,0.9428571428571428,,0.0,1.0,,3.557142857142857,70,
pad,69,0.1,marginal-M4,281,False,0.875,,0.0,1.0,,4.625,8,
pad,69,0.1,marginal-M5,281,False,1.0,,0.0,1.0,,3.0,3,
pad,69,0.15,B,21,False,0.8636363636363636,0.8333333333333334,,0.9090909090909091,0.9629629629629629,2.8636363636363638,22,18.0
pad,69,0.15,M1,25,False,0.8636363636363636,0.8777777777777778,0.0,1.0,1.0,3.090909090909091,22,15.0
pad,69,0.15,M2,165,False,0.9178082191780822,0.9262820512820512,0.0,1.0,1.0,3.0821917808219177,146,104.0
pad,69,0.15,M3,67,False,0.8428571428571429,0.839622641509434,0.0,1.0,1.0,2.642857142857143,70,53.0
pad,69,0.15,M4,9,False,0.75,0.75,0.0,1.0,1.0,3.75,8,8.0
pad,69,0.15,M5,2,True,1.0,1.0,0.0,1.0,1.0,4.0,3,3.0
pad,69,0.15,marginal-M1,281,False,0.7727272727272727,,0.0,1.0,,2.4545454545454546,22,
pad,69,0.15,marginal-M2,281,False,0.8972602739726028,,0.0,1.0,,3.232876712328767,146,
pad,69,0.15,marginal-M3,281,False,0.8857142857142857,,0.0,1.0,,3.085714285714286,70,
pad,69,0.15,marginal-M4,281,False,0.75,,0.0,1.0,,4.125,8,
pad,69,0.15,marginal-M5,281,False,1.0,,0.0,1.0,,2.3333333333333335,3,
hiba,70,0.05,B,173,False,0.9775784753363229,0.9423076923076923,,1.0,1.0,4.968609865470852,223,65.0
hiba,70,0.05,M1,23,False,1.0,1.0,0.0,1.0,1.0,6.0476190476190474,21,11.0
hiba,70,0.05,M2,211,False,0.9191176470588235,0.9302884615384616,0.0,1.0,1.0,6.117647058823529,136,104.0
hiba,70,0.05,M3,25,False,0.9285714285714286,0.8888888888888888,0.0,1.0,1.0,5.714285714285714,14,9.0
hiba,70,0.05,marginal-M1,396,False,1.0,,0.0,1.0,,5.476190476190476,21,
hiba,70,0.05,marginal-M2,396,False,0.9191176470588235,,0.0,1.0,,5.242647058823529,136,
hiba,70,0.05,marginal-M3,396,False,0.9285714285714286,,0.0,1.0,,5.214285714285714,14,
hiba,70,0.1,B,173,False,0.9596412556053812,0.9038461538461539,,0.9282511210762332,0.9636235006823243,3.4798206278026904,223,65.0
hiba,70,0.1,M1,23,False,1.0,1.0,0.0,1.0,1.0,4.809523809523809,21,11.0
hiba,70,0.1,M2,211,False,0.8529411764705882,0.8581730769230769,0.007352941176470588,0.9926470588235294,0.9951923076923077,4.492647058823529,136,104.0
hiba,70,0.1,M3,25,False,0.9285714285714286,0.8888888888888888,0.0,1.0,1.0,4.5,14,9.0
hiba,70,0.1,marginal-M1,396,False,1.0,,0.0,1.0,,4.0,21,
hiba,70,0.1,marginal-M2,396,False,0.8823529411764706,,0.007352941176470588,0.9926470588235294,,4.470588235294118,136,
hiba,70,0.1,marginal-M3,396,False,0.9285714285714286,,0.0,1.0,,4.571428571428571,14,
hiba,70,0.15,B,173,False,0.9282511210762332,0.8292307692307692,,0.7713004484304933,0.9176168929110105,2.6053811659192827,223,65.0
hiba,70,0.15,M1,23,False,1.0,1.0,0.0,1.0,1.0,3.9047619047619047,21,11.0
hiba,70,0.15,M2,211,False,0.8088235294117647,0.8293269230769231,0.014705882352941176,0.9852941176470589,0.9919871794871794,3.838235294117647,136,104.0
hiba,70,0.15,M3,25,False,0.9285714285714286,0.8888888888888888,0.0,1.0,1.0,4.071428571428571,14,9.0
hiba,70,0.15,marginal-M1,396,False,1.0,,0.0,1.0,,3.142857142857143,21,
hiba,70,0.15,marginal-M2,396,False,0.8529411764705882,,0.014705882352941176,0.9852941176470589,,3.573529411764706,136,
hiba,70,0.15,marginal-M3,396,False,0.9285714285714286,,0.0,1.0,,3.7857142857142856,14,
pad,70,0.05,B,20,False,0.95,0.9473684210526315,,1.0,1.0,4.2,20,19.0
pad,70,0.05,M1,25,False,1.0,1.0,0.0,1.0,1.0,4.185185185185185,27,15.0
pad,70,0.05,M2,152,False,0.9132947976878613,0.9102564102564102,0.0,1.0,1.0,3.6820809248554913,173,117.0
pad,70,0.05,M3,82,False,1.0,1.0,0.0,1.0,1.0,4.55,60,38.0
pad,70,0.05,M4,12,True,1.0,1.0,0.0,1.0,1.0,5.0,8,5.0
pad,70,0.05,M5,2,True,1.0,1.0,0.0,1.0,1.0,5.0,4,3.0
pad,70,0.05,marginal-M1,287,False,0.9629629629629629,,0.0,1.0,,3.814814814814815,27,
pad,70,0.05,marginal-M2,287,False,0.9132947976878613,,0.0,1.0,,3.6358381502890174,173,
pad,70,0.05,marginal-M3,287,False,0.9833333333333333,,0.0,1.0,,4.15,60,
pad,70,0.05,marginal-M4,287,False,1.0,,0.0,1.0,,4.0,8,
pad,70,0.05,marginal-M5,287,False,1.0,,0.0,1.0,,3.5,4,
pad,70,0.1,B,20,False,0.95,0.9473684210526315,,0.95,0.9473684210526315,3.6,20,19.0
pad,70,0.1,M1,25,False,1.0,1.0,0.0,1.0,1.0,3.740740740740741,27,15.0
pad,70,0.1,M2,152,False,0.8728323699421965,0.8689458689458689,0.0,1.0,1.0,2.8959537572254335,173,117.0
pad,70,0.1,M3,82,False,0.9333333333333333,0.9122807017543861,0.0,1.0,1.0,3.4,60,38.0
pad,70,0.1,M4,12,False,1.0,1.0,0.0,1.0,1.0,3.875,8,5.0
pad,70,0.1,M5,2,True,1.0,1.0,0.0,1.0,1.0,4.5,4,3.0
pad,70,0.1,marginal-M1,287,False,0.9629629629629629,,0.0,1.0,,3.2962962962962963,27,
pad,70,0.1,marginal-M2,287,False,0.8670520231213873,,0.0,1.0,,3.046242774566474,173,
pad,70,0.1,marginal-M3,287,False,0.9333333333333333,,0.0,1.0,,3.6666666666666665,60,
pad,70,0.1,marginal-M4,287,False,1.0,,0.0,1.0,,3.125,8,
pad,70,0.1,marginal-M5,287,False,0.75,,0.0,1.0,,2.25,4,
pad,70,0.15,B,20,False,0.8,0.7894736842105263,,0.95,0.9473684210526315,3.25,20,19.0
pad,70,0.15,M1,25,False,0.9629629629629629,0.9333333333333333,0.0,1.0,1.0,3.074074074074074,27,15.0
pad,70,0.15,M2,152,False,0.8323699421965318,0.8283475783475782,0.0,1.0,1.0,2.6184971098265897,173,117.0
pad,70,0.15,M3,82,False,0.8833333333333333,0.8464912280701755,0.0,1.0,1.0,2.9,60,38.0
pad,70,0.15,M4,12,False,1.0,1.0,0.0,1.0,1.0,3.875,8,5.0
pad,70,0.15,M5,2,True,1.0,1.0,0.0,1.0,1.0,4.5,4,3.0
pad,70,0.15,marginal-M1,287,False,0.9259259259259259,,0.0,1.0,,2.814814814814815,27,
pad,70,0.15,marginal-M2,287,False,0.7861271676300579,,0.0,1.0,,2.520231213872832,173,
pad,70,0.15,marginal-M3,287,False,0.8666666666666667,,0.0,1.0,,2.966666666666667,60,
pad,70,0.15,marginal-M4,287,False,1.0,,0.0,1.0,,2.375,8,
pad,70,0.15,marginal-M5,287,False,0.5,,0.0,1.0,,1.5,4,
hiba,71,0.05,B,165,False,0.995850622406639,0.9863013698630136,,1.0,1.0,5.282157676348548,241,73.0
hiba,71,0.05,M1,27,False,1.0,1.0,0.0,1.0,1.0,6.75,12,7.0
hiba,71,0.05,M2,223,False,0.943089430894309,0.9429347826086957,0.0,1.0,1.0,6.585365853658536,123,92.0
hiba,71,0.05,M3,20,False,0.9411764705882353,0.9285714285714286,0.0,1.0,1.0,6.0588235294117645,17,14.0
hiba,71,0.05,marginal-M1,396,False,1.0,,0.0,1.0,,6.666666666666667,12,
hiba,71,0.05,marginal-M2,396,False,0.975609756097561,,0.0,1.0,,6.2682926829268295,123,
hiba,71,0.05,marginal-M3,396,False,1.0,,0.0,1.0,,6.823529411764706,17,
hiba,71,0.1,B,165,False,0.991701244813278,0.9726027397260274,,1.0,1.0,3.896265560165975,241,73.0
hiba,71,0.1,M1,27,False,0.9166666666666666,0.9642857142857143,0.0,1.0,1.0,5.333333333333333,12,7.0
hiba,71,0.1,M2,223,False,0.9105691056910569,0.907608695652174,0.0,1.0,1.0,5.276422764227642,123,92.0
hiba,71,0.1,M3,20,False,0.8823529411764706,0.8571428571428571,0.0,1.0,1.0,4.9411764705882355,17,14.0
hiba,71,0.1,marginal-M1,396,False,1.0,,0.0,1.0,,4.5,12,
hiba,71,0.1,marginal-M2,396,False,0.9349593495934959,,0.0,1.0,,4.788617886178862,123,
hiba,71,0.1,marginal-M3,396,False,0.9411764705882353,,0.0,1.0,,5.294117647058823,17,
hiba,71,0.15,B,165,False,0.983402489626556,0.9452054794520548,,0.8340248962655602,0.9180172947296236,2.8423236514522823,241,73.0
hiba,71,0.15,M1,27,False,0.8333333333333334,0.9285714285714286,0.0,1.0,1.0,4.083333333333333,12,7.0
hiba,71,0.15,M2,223,False,0.8536585365853658,0.8550724637681159,0.016260162601626018,0.983739837398374,0.9864130434782609,4.056910569105691,123,92.0
hiba,71,0.15,M3,20,False,0.8823529411764706,0.8571428571428571,0.0,1.0,1.0,4.117647058823529,17,14.0
hiba,71,0.15,marginal-M1,396,False,0.9166666666666666,,0.0,1.0,,3.5,12,
hiba,71,0.15,marginal-M2,396,False,0.8943089430894309,,0.0,1.0,,3.951219512195122,123,
hiba,71,0.15,marginal-M3,396,False,0.9411764705882353,,0.0,1.0,,4.470588235294118,17,
pad,71,0.05,B,22,False,1.0,1.0,,1.0,1.0,4.142857142857143,21,17.0
pad,71,0.05,M1,25,False,1.0,1.0,0.0,1.0,1.0,4.461538461538462,26,15.0
pad,71,0.05,M2,166,False,1.0,1.0,0.0,1.0,1.0,4.722222222222222,144,103.0
pad,71,0.05,M3,73,False,0.9710144927536232,0.9680851063829787,0.0,1.0,1.0,4.188405797101449,69,47.0
pad,71,0.05,M4,11,True,1.0,1.0,0.0,1.0,1.0,5.5,6,6.0
pad,71,0.05,M5,3,True,1.0,1.0,0.0,1.0,1.0,5.5,2,2.0
pad,71,0.05,marginal-M1,291,False,0.9615384615384616,,0.0,1.0,,4.230769230769231,26,
pad,71,0.05,marginal-M2,291,False,1.0,,0.0,1.0,,4.3125,144,
pad,71,0.05,marginal-M3,291,False,0.9710144927536232,,0.0,1.0,,4.086956521739131,69,
pad,71,0.05,marginal-M4,291,False,0.8333333333333334,,0.0,1.0,,4.166666666666667,6,
pad,71,0.05,marginal-M5,291,False,1.0,,0.0,1.0,,4.5,2,
pad,71,0.1,B,22,False,0.9523809523809523,0.9411764705882353,,1.0,1.0,3.0952380952380953,21,17.0
pad,71,0.1,M1,25,False,1.0,1.0,0.0,1.0,1.0,3.576923076923077,26,15.0
pad,71,0.1,M2,166,False,0.9861111111111112,0.9854368932038835,0.0,1.0,1.0,3.513888888888889,144,103.0
pad,71,0.1,M3,73,False,0.9130434782608695,0.8936170212765957,0.0,1.0,1.0,3.0434782608695654,69,47.0
pad,71,0.1,M4,11,False,0.8333333333333334,0.8333333333333334,0.0,1.0,1.0,3.0,6,6.0
pad,71,0.1,M5,3,True,1.0,1.0,0.0,1.0,1.0,5.0,2,2.0
pad,71,0.1,marginal-M1,291,False,0.9615384615384616,,0.0,1.0,,3.1923076923076925,26,
pad,71,0.1,marginal-M2,291,False,0.9236111111111112,,0.0,1.0,,3.451388888888889,144,
pad,71,0.1,marginal-M3,291,False,0.927536231884058,,0.0,1.0,,3.463768115942029,69,
pad,71,0.1,marginal-M4,291,False,0.8333333333333334,,0.0,1.0,,3.3333333333333335,6,
pad,71,0.1,marginal-M5,291,False,1.0,,0.0,1.0,,4.5,2,
pad,71,0.15,B,22,False,0.9523809523809523,0.9411764705882353,,1.0,1.0,3.0476190476190474,21,17.0
pad,71,0.15,M1,25,False,1.0,1.0,0.0,1.0,1.0,3.5,26,15.0
pad,71,0.15,M2,166,False,0.8958333333333334,0.8964401294498382,0.0,1.0,1.0,3.0625,144,103.0
pad,71,0.15,M3,73,False,0.8840579710144928,0.8696808510638298,0.0,1.0,1.0,2.9855072463768115,69,47.0
pad,71,0.15,M4,11,False,0.8333333333333334,0.8333333333333334,0.0,1.0,1.0,3.0,6,6.0
pad,71,0.15,M5,3,True,1.0,1.0,0.0,1.0,1.0,5.0,2,2.0
pad,71,0.15,marginal-M1,291,False,0.9230769230769231,,0.0,1.0,,2.5,26,
pad,71,0.15,marginal-M2,291,False,0.875,,0.0,1.0,,2.9722222222222223,144,
pad,71,0.15,marginal-M3,291,False,0.8840579710144928,,0.0,1.0,,3.028985507246377,69,
pad,71,0.15,marginal-M4,291,False,0.8333333333333334,,0.0,1.0,,2.8333333333333335,6,
pad,71,0.15,marginal-M5,291,False,0.5,,0.0,1.0,,3.0,2,
hiba,72,0.05,B,177,False,1.0,1.0,,1.0,1.0,5.641025641025641,156,61.0
hiba,72,0.05,M1,25,False,1.0,1.0,0.0,1.0,1.0,6.1,10,9.0
hiba,72,0.05,M2,207,False,0.9539473684210527,0.9467592592592593,0.0,1.0,1.0,6.657894736842105,152,108.0
hiba,72,0.05,M3,23,False,1.0,1.0,0.0,1.0,1.0,6.9411764705882355,17,11.0
hiba,72,0.05,marginal-M1,396,False,1.0,,0.0,1.0,,6.2,10,
hiba,72,0.05,marginal-M2,396,False,0.9868421052631579,,0.0,1.0,,6.190789473684211,152,
hiba,72,0.05,marginal-M3,396,False,1.0,,0.0,1.0,,6.529411764705882,17,
hiba,72,0.1,B,177,False,0.9871794871794872,0.9672131147540983,,0.9935897435897436,0.9990356798457087,3.891025641025641,156,61.0
hiba,72,0.1,M1,25,False,1.0,1.0,0.0,1.0,1.0,5.3,10,9.0
hiba,72,0.1,M2,207,False,0.8947368421052632,0.8842592592592593,0.013157894736842105,0.9868421052631579,0.9861111111111112,5.0394736842105265,152,108.0
hiba,72,0.1,M3,23,False,1.0,1.0,0.0,1.0,1.0,5.352941176470588,17,11.0
hiba,72,0.1,marginal-M1,396,False,1.0,,0.0,1.0,,4.3,10,
hiba,72,0.1,marginal-M2,396,False,0.9276315789473685,,0.006578947368421052,0.993421052631579,,4.7368421052631575,152,
hiba,72,0.1,marginal-M3,396,False,1.0,,0.0,1.0,,5.294117647058823,17,
hiba,72,0.15,B,177,False,0.9615384615384616,0.9262295081967213,,0.8205128205128205,0.8886704744949683,2.8974358974358974,156,61.0
hiba,72,0.15,M1,25,False,1.0,1.0,0.0,1.0,1.0,4.1,10,9.0
hiba,72,0.15,M2,207,False,0.8223684210526315,0.8222222222222222,0.046052631578947366,0.9539473684210527,0.9575617283950616,3.8092105263157894,152,108.0
hiba,72,0.15,M3,23,False,1.0,1.0,0.0,1.0,1.0,4.588235294117647,17,11.0
hiba,72,0.15,marginal-M1,396,False,1.0,,0.0,1.0,,3.4,10,
hiba,72,0.15,marginal-M2,396,False,0.881578947368421,,0.02631578947368421,0.9736842105263158,,3.6578947368421053,152,
hiba,72,0.15,marginal-M3,396,False,1.0,,0.0,1.0,,3.823529411764706,17,
pad,72,0.05,B,22,False,1.0,1.0,,1.0,1.0,4.0,19,17.0
pad,72,0.05,M1,24,False,0.9090909090909091,0.875,0.0,1.0,1.0,3.909090909090909,22,16.0
pad,72,0.05,M2,163,False,0.9594594594594594,0.9591194968553458,0.0,1.0,1.0,4.135135135135135,148,106.0
pad,72,0.05,M3,59,False,0.9662921348314607,0.9590163934426229,0.0,1.0,1.0,3.943820224719101,89,61.0
pad,72,0.05,M4,13,True,1.0,1.0,0.0,1.0,1.0,5.75,4,4.0
pad,72,0.05,M5,3,True,1.0,1.0,0.0,1.0,1.0,5.5,2,2.0
pad,72,0.05,marginal-M1,277,False,0.9090909090909091,,0.0,1.0,,3.909090909090909,22,
pad,72,0.05,marginal-M2,277,False,0.9594594594594594,,0.0,1.0,,4.121621621621622,148,
pad,72,0.05,marginal-M3,277,False,0.9662921348314607,,0.0,1.0,,4.01123595505618,89,
pad,72,0.05,marginal-M4,277,False,1.0,,0.0,1.0,,5.0,4,
pad,72,0.05,marginal-M5,277,False,1.0,,0.0,1.0,,4.5,2,
pad,72,0.1,B,22,False,1.0,1.0,,0.9473684210526315,0.9411764705882353,3.736842105263158,19,17.0
pad,72,0.1,M1,24,False,0.9090909090909091,0.875,0.0,1.0,1.0,3.8181818181818183,22,16.0
pad,72,0.1,M2,163,False,0.918918918918919,0.9229559748427673,0.0,1.0,1.0,3.7837837837837838,148,106.0
pad,72,0.1,M3,59,False,0.8876404494382022,0.8797814207650273,0.0,1.0,1.0,3.393258426966292,89,61.0
pad,72,0.1,M4,13,False,1.0,1.0,0.0,1.0,1.0,4.75,4,4.0
pad,72,0.1,M5,3,True,1.0,1.0,0.0,1.0,1.0,5.5,2,2.0
pad,72,0.1,marginal-M1,277,False,0.8636363636363636,,0.0,1.0,,3.1818181818181817,22,
pad,72,0.1,marginal-M2,277,False,0.918918918918919,,0.0,1.0,,3.5472972972972974,148,
pad,72,0.1,marginal-M3,277,False,0.9438202247191011,,0.0,1.0,,3.539325842696629,89,
pad,72,0.1,marginal-M4,277,False,1.0,,0.0,1.0,,4.0,4,
pad,72,0.1,marginal-M5,277,False,1.0,,0.0,1.0,,4.5,2,
pad,72,0.15,B,22,False,1.0,1.0,,0.9473684210526315,0.9411764705882353,3.3684210526315788,19,17.0
pad,72,0.15,M1,24,False,0.8636363636363636,0.84375,0.0,1.0,1.0,2.8636363636363638,22,16.0
pad,72,0.15,M2,163,False,0.8986486486486487,0.9056603773584906,0.0,1.0,1.0,3.0405405405405403,148,106.0
pad,72,0.15,M3,59,False,0.7865168539325843,0.7732240437158471,0.0,1.0,1.0,2.6741573033707864,89,61.0
pad,72,0.15,M4,13,False,1.0,1.0,0.0,1.0,1.0,3.75,4,4.0
pad,72,0.15,M5,3,True,1.0,1.0,0.0,1.0,1.0,5.0,2,2.0
pad,72,0.15,marginal-M1,277,False,0.8181818181818182,,0.0,1.0,,2.6818181818181817,22,
pad,72,0.15,marginal-M2,277,False,0.8378378378378378,,0.0,1.0,,2.8445945945945947,148,
pad,72,0.15,marginal-M3,277,False,0.8764044943820225,,0.0,1.0,,2.943820224719101,89,
pad,72,0.15,marginal-M4,277,False,1.0,,0.0,1.0,,3.25,4,
pad,72,0.15,marginal-M5,277,False,0.5,,0.0,1.0,,3.0,2,
hiba,73,0.05,B,168,False,0.9893617021276596,0.9714285714285714,,1.0,1.0,5.468085106382978,188,70.0
hiba,73,0.05,M1,26,False,1.0,1.0,0.0,1.0,1.0,6.769230769230769,13,8.0
hiba,73,0.05,M2,217,False,0.952,0.9591836734693877,0.0,1.0,1.0,6.384,125,98.0
hiba,73,0.05,M3,22,False,1.0,1.0,0.0,1.0,1.0,6.833333333333333,18,12.0
hiba,73,0.05,marginal-M1,396,False,1.0,,0.0,1.0,,6.769230769230769,13,
hiba,73,0.05,marginal-M2,396,False,0.976,,0.0,1.0,,6.248,125,
hiba,73,0.05,marginal-M3,396,False,1.0,,0.0,1.0,,6.388888888888889,18,
hiba,73,0.1,B,168,False,0.973404255319149,0.9285714285714286,,0.9946808510638298,0.9994505494505493,3.978723404255319,188,70.0
hiba,73,0.1,M1,26,False,0.9230769230769231,0.96875,0.0,1.0,1.0,6.076923076923077,13,8.0
hiba,73,0.1,M2,217,False,0.912,0.9183673469387755,0.0,1.0,1.0,5.136,125,98.0
hiba,73,0.1,M3,22,False,0.9444444444444444,0.9166666666666666,0.0,1.0,1.0,5.111111111111111,18,12.0
hiba,73,0.1,marginal-M1,396,False,1.0,,0.0,1.0,,5.3076923076923075,13,
hiba,73,0.1,marginal-M2,396,False,0.928,,0.0,1.0,,4.848,125,
hiba,73,0.1,marginal-M3,396,False,1.0,,0.0,1.0,,5.333333333333333,18,
hiba,73,0.15,B,168,False,0.9521276595744681,0.8828571428571428,,0.8670212765957447,0.9269972091400662,2.856382978723404,188,70.0
hiba,73,0.15,M1,26,False,0.8461538461538461,0.9375,0.0,1.0,1.0,4.461538461538462,13,8.0
hiba,73,0.15,M2,217,False,0.816,0.8329931972789115,0.024,0.976,0.9812925170068026,3.88,125,98.0
hiba,73,0.15,M3,22,False,0.9444444444444444,0.9166666666666666,0.0,1.0,1.0,4.611111111111111,18,12.0
hiba,73,0.15,marginal-M1,396,False,0.9230769230769231,,0.0,1.0,,4.384615384615385,13,
hiba,73,0.15,marginal-M2,396,False,0.896,,0.008,0.992,,4.024,125,
hiba,73,0.15,marginal-M3,396,False,0.9444444444444444,,0.0,1.0,,4.5,18,
pad,73,0.05,B,19,False,1.0,1.0,,1.0,1.0,4.304347826086956,23,20.0
pad,73,0.05,M1,23,False,0.9615384615384616,0.9705882352941176,0.0,1.0,1.0,4.0,26,17.0
pad,73,0.05,M2,163,False,0.9698795180722891,0.9669811320754716,0.0,1.0,1.0,3.9819277108433737,166,106.0
pad,73,0.05,M3,69,False,0.9759036144578314,0.9803921568627451,0.0,1.0,1.0,4.024096385542169,83,51.0
pad,73,0.05,M4,12,True,1.0,1.0,0.0,1.0,1.0,5.2,5,5.0
pad,73,0.05,M5,5,True,,,,,,,0,0.0
pad,73,0.05,marginal-M1,283,False,0.9230769230769231,,0.0,1.0,,3.730769230769231,26,
pad,73,0.05,marginal-M2,283,False,0.9759036144578314,,0.0,1.0,,4.048192771084337,166,
pad,73,0.05,marginal-M3,283,False,0.9759036144578314,,0.0,1.0,,3.9397590361445785,83,
pad,73,0.05,marginal-M4,283,False,0.8,,0.0,1.0,,4.6,5,
pad,73,0.1,B,19,False,0.8695652173913043,0.85,,1.0,1.0,3.347826086956522,23,20.0
pad,73,0.1,M1,23,False,0.9230769230769231,0.9117647058823529,0.0,1.0,1.0,3.230769230769231,26,17.0
pad,73,0.1,M2,163,False,0.9156626506024096,0.9158805031446541,0.0,1.0,1.0,2.9939759036144578,166,106.0
pad,73,0.1,M3,69,False,0.9036144578313253,0.9150326797385622,0.0,1.0,1.0,2.7590361445783134,83,51.0
pad,73,0.1,M4,12,False,0.8,0.8,0.0,1.0,1.0,3.6,5,5.0
pad,73,0.1,M5,5,True,,,,,,,0,0.0
pad,73,0.1,marginal-M1,283,False,0.7692307692307693,,0.0,1.0,,2.423076923076923,26,
pad,73,0.1,marginal-M2,283,False,0.891566265060241,,0.0,1.0,,3.1506024096385543,166,
pad,73,0.1,marginal-M3,283,False,0.9036144578313253,,0.0,1.0,,2.9518072289156625,83,
pad,73,0.1,marginal-M4,283,False,0.8,,0.0,1.0,,3.8,5,
pad,73,0.15,B,19,False,0.8695652173913043,0.85,,0.9565217391304348,0.95,2.9565217391304346,23,20.0
pad,73,0.15,M1,23,False,0.6923076923076923,0.6764705882352942,0.0,1.0,1.0,1.7307692307692308,26,17.0
pad,73,0.15,M2,163,False,0.8614457831325302,0.8584905660377359,0.0,1.0,1.0,2.7349397590361444,166,106.0
pad,73,0.15,M3,69,False,0.8674698795180723,0.8733660130718955,0.0,1.0,1.0,2.5783132530120483,83,51.0
pad,73,0.15,M4,12,False,0.8,0.8,0.0,1.0,1.0,3.6,5,5.0
pad,73,0.15,M5,5,True,,,,,,,0,0.0
pad,73,0.15,marginal-M1,283,False,0.7307692307692307,,0.0,1.0,,2.1538461538461537,26,
pad,73,0.15,marginal-M2,283,False,0.8373493975903614,,0.0,1.0,,2.6867469879518073,166,
pad,73,0.15,marginal-M3,283,False,0.8674698795180723,,0.0,1.0,,2.6265060240963853,83,
pad,73,0.15,marginal-M4,283,False,0.8,,0.0,1.0,,3.6,5,
hiba,74,0.05,B,181,False,0.9890710382513661,0.9649122807017544,,1.0,1.0,5.655737704918033,183,57.0
hiba,74,0.05,M1,25,False,1.0,1.0,0.0,1.0,1.0,6.285714285714286,14,9.0
hiba,74,0.05,M2,208,False,0.9708029197080292,0.9719626168224299,0.0,1.0,1.0,6.481751824817518,137,107.0
hiba,74,0.05,M3,23,False,1.0,1.0,0.0,1.0,1.0,6.625,16,11.0
hiba,74,0.05,marginal-M1,396,False,1.0,,0.0,1.0,,6.214285714285714,14,
hiba,74,0.05,marginal-M2,396,False,0.9708029197080292,,0.0,1.0,,6.036496350364963,137,
hiba,74,0.05,marginal-M3,396,False,1.0,,0.0,1.0,,5.9375,16,
hiba,74,0.1,B,181,False,0.9836065573770492,0.9473684210526315,,0.9836065573770492,0.996538858458363,3.879781420765027,183,57.0
hiba,74,0.1,M1,25,False,0.9285714285714286,0.9722222222222222,0.0,1.0,1.0,5.357142857142857,14,9.0
hiba,74,0.1,M2,208,False,0.8394160583941606,0.8294392523364486,0.014598540145985401,0.9854014598540146,0.985981308411215,4.8321167883211675,137,107.0
hiba,74,0.1,M3,23,False,1.0,1.0,0.0,1.0,1.0,4.875,16,11.0
hiba,74,0.1,marginal-M1,396,False,1.0,,0.0,1.0,,5.142857142857143,14,
hiba,74,0.1,marginal-M2,396,False,0.9343065693430657,,0.0072992700729927005,0.9927007299270073,,4.875912408759124,137,
hiba,74,0.1,marginal-M3,396,False,1.0,,0.0,1.0,,5.0,16,
hiba,74,0.15,B,181,False,0.9453551912568307,0.8904970760233918,,0.8633879781420765,0.9182761768675082,2.8743169398907105,183,57.0
hiba,74,0.15,M1,25,False,0.8571428571428571,0.9444444444444444,0.0,1.0,1.0,4.428571428571429,14,9.0
hiba,74,0.15,M2,208,False,0.7956204379562044,0.8014018691588785,0.0364963503649635,0.9635036496350365,0.968847352024922,3.854014598540146,137,107.0
hiba,74,0.15,M3,23,False,1.0,1.0,0.0,1.0,1.0,3.9375,16,11.0
hiba,74,0.15,marginal-M1,396,False,0.8571428571428571,,0.0,1.0,,3.4285714285714284,14,
hiba,74,0.15,marginal-M2,396,False,0.8029197080291971,,0.0364963503649635,0.9635036496350365,,3.2481751824817517,137,
hiba,74,0.15,marginal-M3,396,False,1.0,,0.0,1.0,,3.4375,16,
pad,74,0.05,B,22,False,1.0,1.0,,1.0,1.0,4.35,20,17.0
pad,74,0.05,M1,21,False,1.0,1.0,0.0,1.0,1.0,4.466666666666667,30,19.0
pad,74,0.05,M2,151,False,0.9826589595375722,0.9887005649717513,0.0,1.0,1.0,4.375722543352601,173,118.0
pad,74,0.05,M3,77,False,1.0,1.0,0.0,1.0,1.0,4.136363636363637,66,43.0
pad,74,0.05,M4,10,True,1.0,1.0,0.0,1.0,1.0,5.714285714285714,7,7.0
pad,74,0.05,M5,2,True,1.0,1.0,0.0,1.0,1.0,4.75,4,3.0
pad,74,0.05,marginal-M1,278,False,1.0,,0.0,1.0,,4.333333333333333,30,
pad,74,0.05,marginal-M2,278,False,0.9826589595375722,,0.0,1.0,,4.381502890173411,173,
pad,74,0.05,marginal-M3,278,False,1.0,,0.0,1.0,,4.257575757575758,66,
pad,74,0.05,marginal-M4,278,False,1.0,,0.0,1.0,,4.857142857142857,7,
pad,74,0.05,marginal-M5,278,False,1.0,,0.0,1.0,,3.0,4,
pad,74,0.1,B,22,False,1.0,1.0,,1.0,1.0,4.05,20,17.0
pad,74,0.1,M1,21,False,1.0,1.0,0.0,1.0,1.0,4.3,30,19.0
pad,74,0.1,M2,151,False,0.976878612716763,0.9858757062146892,0.0,1.0,1.0,4.034682080924855,173,118.0
pad,74,0.1,M3,77,False,0.9393939393939394,0.9418604651162791,0.0,1.0,1.0,3.484848484848485,66,43.0
pad,74,0.1,M4,10,False,1.0,1.0,0.0,1.0,1.0,4.428571428571429,7,7.0
pad,74,0.1,M5,2,True,1.0,1.0,0.0,1.0,1.0,4.75,4,3.0
pad,74,0.1,marginal-M1,278,False,0.9666666666666667,,0.0,1.0,,3.566666666666667,30,
pad,74,0.1,marginal-M2,278,False,0.9595375722543352,,0.0,1.0,,3.8439306358381504,173,
pad,74,0.1,marginal-M3,278,False,1.0,,0.0,1.0,,3.6818181818181817,66,
pad,74,0.1,marginal-M4,278,False,1.0,,0.0,1.0,,4.285714285714286,7,
pad,74,0.1,marginal-M5,278,False,1.0,,0.0,1.0,,2.5,4,
pad,74,0.15,B,22,False,1.0,1.0,,1.0,1.0,3.7,20,17.0
pad,74,0.15,M1,21,False,1.0,1.0,0.0,1.0,1.0,3.533333333333333,30,19.0
pad,74,0.15,M2,151,False,0.930635838150289,0.943502824858757,0.0,1.0,1.0,3.2023121387283235,173,118.0
pad,74,0.15,M3,77,False,0.8636363636363636,0.875,0.0,1.0,1.0,2.6666666666666665,66,43.0
pad,74,0.15,M4,10,False,1.0,1.0,0.0,1.0,1.0,3.857142857142857,7,7.0
pad,74,0.15,M5,2,True,1.0,1.0,0.0,1.0,1.0,4.5,4,3.0
pad,74,0.15,marginal-M1,278,False,0.9,,0.0,1.0,,2.8,30,
pad,74,0.15,marginal-M2,278,False,0.884393063583815,,0.0,1.0,,3.046242774566474,173,
pad,74,0.15,marginal-M3,278,False,0.9090909090909091,,0.0,1.0,,2.8636363636363638,66,
pad,74,0.15,marginal-M4,278,False,1.0,,0.0,1.0,,3.142857142857143,7,
pad,74,0.15,marginal-M5,278,False,0.5,,0.0,1.0,,1.25,4,
hiba,75,0.05,B,161,False,0.9759036144578314,0.9577922077922078,,1.0,1.0,5.602409638554217,166,77.0
hiba,75,0.05,M1,29,False,1.0,1.0,0.0,1.0,1.0,6.6,10,5.0
hiba,75,0.05,M2,223,False,0.9636363636363636,0.9809782608695652,0.0,1.0,1.0,6.336363636363636,110,92.0
hiba,75,0.05,M3,22,False,1.0,1.0,0.0,1.0,1.0,6.25,16,12.0
hiba,75,0.05,marginal-M1,396,False,1.0,,0.0,1.0,,6.3,10,
hiba,75,0.05,marginal-M2,396,False,0.9636363636363636,,0.0,1.0,,5.618181818181818,110,
hiba,75,0.05,marginal-M3,396,False,1.0,,0.0,1.0,,5.75,16,
hiba,75,0.1,B,161,False,0.9216867469879518,0.9015151515151514,,0.9457831325301205,0.9563570882898614,3.602409638554217,166,77.0
hiba,75,0.1,M1,29,False,1.0,1.0,0.0,1.0,1.0,4.5,10,5.0
hiba,75,0.1,M2,223,False,0.8727272727272727,0.8885869565217391,0.01818181818181818,0.9818181818181818,0.9891304347826086,4.5,110,92.0
hiba,75,0.1,M3,22,False,1.0,1.0,0.0,1.0,1.0,4.8125,16,12.0
hiba,75,0.1,marginal-M1,396,False,1.0,,0.0,1.0,,4.8,10,
hiba,75,0.1,marginal-M2,396,False,0.9090909090909091,,0.01818181818181818,0.9818181818181818,,4.372727272727273,110,
hiba,75,0.1,marginal-M3,396,False,1.0,,0.0,1.0,,4.8125,16,
hiba,75,0.15,B,161,False,0.8795180722891566,0.8452380952380951,,0.8253012048192772,0.8557958111474254,2.855421686746988,166,77.0
hiba,75,0.15,M1,29,False,1.0,1.0,0.0,1.0,1.0,4.1,10,5.0
hiba,75,0.15,M2,223,False,0.8181818181818182,0.8288043478260869,0.02727272727272727,0.9727272727272728,0.9782608695652174,3.727272727272727,110,92.0
hiba,75,0.15,M3,22,False,0.9375,0.9583333333333334,0.0,1.0,1.0,4.0,16,12.0
hiba,75,0.15,marginal-M1,396,False,1.0,,0.0,1.0,,4.0,10,
hiba,75,0.15,marginal-M2,396,False,0.8454545454545455,,0.01818181818181818,0.9818181818181818,,3.536363636363636,110,
hiba,75,0.15,marginal-M3,396,False,0.9375,,0.0,1.0,,3.3125,16,
pad,75,0.05,B,20,False,1.0,1.0,,1.0,1.0,3.8333333333333335,24,19.0
pad,75,0.05,M1,23,False,0.9642857142857143,0.9705882352941176,0.0,1.0,1.0,4.392857142857143,28,17.0
pad,75,0.05,M2,162,False,0.8947368421052632,0.9018691588785047,0.0,1.0,1.0,4.0131578947368425,152,107.0
pad,75,0.05,M3,72,False,0.9714285714285714,0.96875,0.0,1.0,1.0,4.042857142857143,70,48.0
pad,75,0.05,M4,10,True,1.0,1.0,0.0,1.0,1.0,5.222222222222222,9,7.0
pad,75,0.05,M5,3,True,1.0,1.0,0.0,1.0,1.0,4.333333333333333,3,2.0
pad,75,0.05,marginal-M1,283,False,0.8571428571428571,,0.0,1.0,,4.0,28,
pad,75,0.05,marginal-M2,283,False,0.8947368421052632,,0.0,1.0,,3.901315789473684,152,
pad,75,0.05,marginal-M3,283,False,0.9571428571428572,,0.0,1.0,,3.657142857142857,70,
pad,75,0.05,marginal-M4,283,False,1.0,,0.0,1.0,,4.0,9,
pad,75,0.05,marginal-M5,283,False,1.0,,0.0,1.0,,2.0,3,
pad,75,0.1,B,20,False,0.9583333333333334,0.9473684210526315,,0.9583333333333334,0.9473684210526315,3.25,24,19.0
pad,75,0.1,M1,23,False,0.9642857142857143,0.9705882352941176,0.0,1.0,1.0,3.8214285714285716,28,17.0
pad,75,0.1,M2,162,False,0.8618421052631579,0.8769470404984424,0.0,1.0,1.0,3.0921052631578947,152,107.0
pad,75,0.1,M3,72,False,0.9571428571428572,0.9479166666666666,0.0,1.0,1.0,3.0142857142857142,70,48.0
pad,75,0.1,M4,10,False,1.0,1.0,0.0,1.0,1.0,3.888888888888889,9,7.0
pad,75,0.1,M5,3,True,1.0,1.0,0.0,1.0,1.0,4.0,3,2.0
pad,75,0.1,marginal-M1,283,False,0.7857142857142857,,0.0,1.0,,3.3214285714285716,28,
pad,75,0.1,marginal-M2,283,False,0.8486842105263158,,0.0,1.0,,3.2434210526315788,152,
pad,75,0.1,marginal-M3,283,False,0.9428571428571428,,0.0,1.0,,3.1285714285714286,70,
pad,75,0.1,marginal-M4,283,False,1.0,,0.0,1.0,,3.111111111111111,9,
pad,75,0.1,marginal-M5,283,False,0.6666666666666666,,0.0,1.0,,1.0,3,
pad,75,0.15,B,20,False,0.9583333333333334,0.9473684210526315,,0.9166666666666666,0.8947368421052632,2.9166666666666665,24,19.0
pad,75,0.15,M1,23,False,0.6785714285714286,0.6862745098039216,0.0,1.0,1.0,2.357142857142857,28,17.0
pad,75,0.15,M2,162,False,0.8355263157894737,0.8551401869158879,0.0,1.0,1.0,2.861842105263158,152,107.0
pad,75,0.15,M3,72,False,0.9428571428571428,0.9375,0.0,1.0,1.0,2.8857142857142857,70,48.0
pad,75,0.15,M4,10,False,1.0,1.0,0.0,1.0,1.0,3.888888888888889,9,7.0
pad,75,0.15,M5,3,True,1.0,1.0,0.0,1.0,1.0,4.0,3,2.0
pad,75,0.15,marginal-M1,283,False,0.75,,0.0,1.0,,2.7142857142857144,28,
pad,75,0.15,marginal-M2,283,False,0.7894736842105263,,0.0,1.0,,2.7039473684210527,152,
pad,75,0.15,marginal-M3,283,False,0.8857142857142857,,0.0,1.0,,2.7285714285714286,70,
pad,75,0.15,marginal-M4,283,False,1.0,,0.0,1.0,,2.888888888888889,9,
pad,75,0.15,marginal-M5,283,False,0.3333333333333333,,0.0,1.0,,0.3333333333333333,3,
hiba,76,0.05,B,167,False,1.0,1.0,,1.0,1.0,6.2064516129032254,155,71.0
hiba,76,0.05,M1,22,False,0.9444444444444444,0.9166666666666666,0.0,1.0,1.0,6.166666666666667,18,12.0
hiba,76,0.05,M2,223,False,0.9663865546218487,0.9619565217391305,0.0,1.0,1.0,7.260504201680672,119,92.0
hiba,76,0.05,M3,19,False,1.0,1.0,0.0,1.0,1.0,7.304347826086956,23,15.0
hiba,76,0.05,marginal-M1,396,False,1.0,,0.0,1.0,,5.833333333333333,18,
hiba,76,0.05,marginal-M2,396,False,0.9663865546218487,,0.0,1.0,,6.042016806722689,119,
hiba,76,0.05,marginal-M3,396,False,1.0,,0.0,1.0,,5.956521739130435,23,
hiba,76,0.1,B,167,False,0.9741935483870968,0.9577464788732394,,0.9806451612903225,0.9945226917057903,3.935483870967742,155,71.0
hiba,76,0.1,M1,22,False,0.7222222222222222,0.7777777777777778,0.0,1.0,1.0,4.111111111111111,18,12.0
hiba,76,0.1,M2,223,False,0.9159663865546218,0.904891304347826,0.008403361344537815,0.9915966386554622,0.9891304347826086,5.176470588235294,119,92.0
hiba,76,0.1,M3,19,False,1.0,1.0,0.0,1.0,1.0,5.173913043478261,23,15.0
hiba,76,0.1,marginal-M1,396,False,0.9444444444444444,,0.0,1.0,,4.166666666666667,18,
hiba,76,0.1,marginal-M2,396,False,0.9495798319327731,,0.0,1.0,,4.907563025210084,119,
hiba,76,0.1,marginal-M3,396,False,1.0,,0.0,1.0,,5.130434782608695,23,
hiba,76,0.15,B,167,False,0.9612903225806452,0.9389671361502349,,0.832258064516129,0.901017214397496,2.9870967741935486,155,71.0
hiba,76,0.15,M1,22,False,0.6666666666666666,0.6944444444444445,0.05555555555555555,0.9444444444444444,0.9166666666666666,3.1666666666666665,18,12.0
hiba,76,0.15,M2,223,False,0.8571428571428571,0.8596014492753624,0.03361344537815126,0.9663865546218487,0.9637681159420289,4.033613445378151,119,92.0
hiba,76,0.15,M3,19,False,1.0,1.0,0.0,1.0,1.0,4.695652173913044,23,15.0
hiba,76,0.15,marginal-M1,396,False,0.8333333333333334,,0.05555555555555555,0.9444444444444444,,3.2777777777777777,18,
hiba,76,0.15,marginal-M2,396,False,0.9159663865546218,,0.01680672268907563,0.9831932773109243,,4.142857142857143,119,
hiba,76,0.15,marginal-M3,396,False,1.0,,0.0,1.0,,4.304347826086956,23,
pad,76,0.05,B,24,False,0.9444444444444444,0.9333333333333333,,0.9444444444444444,0.9333333333333333,3.611111111111111,18,15.0
pad,76,0.05,M1,28,False,1.0,1.0,0.0,1.0,1.0,4.315789473684211,19,12.0
pad,76,0.05,M2,153,False,0.9161676646706587,0.9094827586206896,0.0,1.0,1.0,3.8622754491017965,167,116.0
pad,76,0.05,M3,79,False,0.9365079365079365,0.926829268292683,0.0,1.0,1.0,3.7142857142857144,63,41.0
pad,76,0.05,M4,12,True,1.0,1.0,0.0,1.0,1.0,5.166666666666667,6,5.0
pad,76,0.05,M5,3,True,1.0,1.0,0.0,1.0,1.0,4.333333333333333,3,2.0
pad,76,0.05,marginal-M1,288,False,1.0,,0.0,1.0,,4.0,19,
pad,76,0.05,marginal-M2,288,False,0.9221556886227545,,0.0,1.0,,3.8622754491017965,167,
pad,76,0.05,marginal-M3,288,False,0.9523809523809523,,0.0,1.0,,3.9047619047619047,63,
pad,76,0.05,marginal-M4,288,False,1.0,,0.0,1.0,,4.166666666666667,6,
pad,76,0.05,marginal-M5,288,False,1.0,,0.0,1.0,,2.0,3,
pad,76,0.1,B,24,False,0.9444444444444444,0.9333333333333333,,0.9444444444444444,0.9333333333333333,3.1666666666666665,18,15.0
pad,76,0.1,M1,28,False,1.0,1.0,0.0,1.0,1.0,3.6842105263157894,19,12.0
pad,76,0.1,M2,153,False,0.844311377245509,0.8390804597701149,0.0,1.0,1.0,2.940119760479042,167,116.0
pad,76,0.1,M3,79,False,0.9206349206349206,0.9024390243902439,0.0,1.0,1.0,3.0476190476190474,63,41.0
pad,76,0.1,M4,12,False,1.0,1.0,0.0,1.0,1.0,4.166666666666667,6,5.0
pad,76,0.1,M5,3,True,1.0,1.0,0.0,1.0,1.0,4.0,3,2.0
pad,76,0.1,marginal-M1,288,False,1.0,,0.0,1.0,,3.3157894736842106,19,
pad,76,0.1,marginal-M2,288,False,0.8562874251497006,,0.0,1.0,,3.1736526946107784,167,
pad,76,0.1,marginal-M3,288,False,0.9206349206349206,,0.0,1.0,,3.253968253968254,63,
pad,76,0.1,marginal-M4,288,False,1.0,,0.0,1.0,,3.3333333333333335,6,
pad,76,0.1,marginal-M5,288,False,0.6666666666666666,,0.0,1.0,,1.0,3,
pad,76,0.15,B,24,False,0.9444444444444444,0.9333333333333333,,0.9444444444444444,0.9333333333333333,2.888888888888889,18,15.0
pad,76,0.15,M1,28,False,1.0,1.0,0.0,1.0,1.0,3.6842105263157894,19,12.0
pad,76,0.15,M2,153,False,0.7904191616766467,0.790948275862069,0.0,1.0,1.0,2.658682634730539,167,116.0
pad,76,0.15,M3,79,False,0.9047619047619048,0.8902439024390244,0.0,1.0,1.0,2.9682539682539684,63,41.0
pad,76,0.15,M4,12,False,1.0,1.0,0.0,1.0,1.0,4.166666666666667,6,5.0
pad,76,0.15,M5,3,True,1.0,1.0,0.0,1.0,1.0,4.0,3,2.0
pad,76,0.15,marginal-M1,288,False,1.0,,0.0,1.0,,3.0526315789473686,19,
pad,76,0.15,marginal-M2,288,False,0.7904191616766467,,0.0,1.0,,2.694610778443114,167,
pad,76,0.15,marginal-M3,288,False,0.873015873015873,,0.0,1.0,,2.888888888888889,63,
pad,76,0.15,marginal-M4,288,False,1.0,,0.0,1.0,,3.1666666666666665,6,
pad,76,0.15,marginal-M5,288,False,0.3333333333333333,,0.0,1.0,,0.3333333333333333,3,
hiba,77,0.05,B,157,False,0.9851485148514851,0.9629629629629629,,1.0,1.0,5.742574257425742,202,81.0
hiba,77,0.05,M1,27,False,0.875,0.8571428571428571,0.0,1.0,1.0,6.5,8,7.0
hiba,77,0.05,M2,225,False,0.9722222222222222,0.9666666666666667,0.0,1.0,1.0,6.537037037037037,108,90.0
hiba,77,0.05,M3,21,False,1.0,1.0,0.0,1.0,1.0,6.846153846153846,13,13.0
hiba,77,0.05,marginal-M1,396,False,1.0,,0.0,1.0,,6.0,8,
hiba,77,0.05,marginal-M2,396,False,0.9907407407407407,,0.0,1.0,,5.962962962962963,108,
hiba,77,0.05,marginal-M3,396,False,1.0,,0.0,1.0,,6.384615384615385,13,
hiba,77,0.1,B,157,False,0.9455445544554455,0.9156378600823044,,0.9257425742574258,0.9595441595441595,3.5544554455445545,202,81.0
hiba,77,0.1,M1,27,False,0.875,0.8571428571428571,0.0,1.0,1.0,5.25,8,7.0
hiba,77,0.1,M2,225,False,0.8796296296296297,0.8666666666666667,0.027777777777777776,0.9722222222222222,0.9777777777777777,4.537037037037037,108,90.0
hiba,77,0.1,M3,21,False,1.0,1.0,0.0,1.0,1.0,5.0,13,13.0
hiba,77,0.1,marginal-M1,396,False,0.875,,0.0,1.0,,5.125,8,
hiba,77,0.1,marginal-M2,396,False,0.9074074074074074,,0.037037037037037035,0.9629629629629629,,4.416666666666667,108,
hiba,77,0.1,marginal-M3,396,False,1.0,,0.0,1.0,,4.461538461538462,13,
hiba,77,0.15,B,157,False,0.8960396039603961,0.8246913580246912,,0.8514851485148515,0.9235517568850901,2.7475247524752477,202,81.0
hiba,77,0.15,M1,27,False,0.875,0.8571428571428571,0.0,1.0,1.0,4.875,8,7.0
hiba,77,0.15,M2,225,False,0.8333333333333334,0.8222222222222222,0.037037037037037035,0.9629629629629629,0.9666666666666667,3.8055555555555554,108,90.0
hiba,77,0.15,M3,21,False,1.0,1.0,0.0,1.0,1.0,4.0,13,13.0
hiba,77,0.15,marginal-M1,396,False,0.875,,0.0,1.0,,4.25,8,
hiba,77,0.15,marginal-M2,396,False,0.8703703703703703,,0.046296296296296294,0.9537037037037037,,3.4814814814814814,108,
hiba,77,0.15,marginal-M3,396,False,1.0,,0.0,1.0,,3.1538461538461537,13,
pad,77,0.05,B,16,True,1.0,1.0,,1.0,1.0,6.178571428571429,28,23.0
pad,77,0.05,M1,22,False,1.0,1.0,0.0,1.0,1.0,7.357142857142857,28,18.0
pad,77,0.05,M2,165,False,0.9605263157894737,0.9551282051282051,0.0,1.0,1.0,6.875,152,104.0
pad,77,0.05,M3,76,False,0.9701492537313433,0.9659090909090909,0.0,1.0,1.0,7.104477611940299,67,44.0
pad,77,0.05,M4,10,True,1.0,1.0,0.0,1.0,1.0,8.0,7,7.0
pad,77,0.05,M5,1,True,1.0,1.0,0.0,1.0,1.0,8.0,5,4.0
pad,77,0.05,marginal-M1,285,False,0.9642857142857143,,0.0,1.0,,4.071428571428571,28,
pad,77,0.05,marginal-M2,285,False,0.9605263157894737,,0.0,1.0,,3.9276315789473686,152,
pad,77,0.05,marginal-M3,285,False,0.9701492537313433,,0.0,1.0,,3.91044776119403,67,
pad,77,0.05,marginal-M4,285,False,1.0,,0.0,1.0,,4.571428571428571,7,
pad,77,0.05,marginal-M5,285,False,1.0,,0.0,1.0,,2.8,5,
pad,77,0.1,B,16,False,0.9642857142857143,0.9565217391304348,,0.9642857142857143,0.9565217391304348,3.4285714285714284,28,23.0
pad,77,0.1,M1,22,False,1.0,1.0,0.0,1.0,1.0,4.214285714285714,28,18.0
pad,77,0.1,M2,165,False,0.9276315789473685,0.9246794871794871,0.0,1.0,1.0,3.6907894736842106,152,104.0
pad,77,0.1,M3,76,False,0.9104477611940298,0.9204545454545454,0.0,1.0,1.0,3.3582089552238807,67,44.0
pad,77,0.1,M4,10,False,1.0,1.0,0.0,1.0,1.0,4.285714285714286,7,7.0
pad,77,0.1,M5,1,True,1.0,1.0,0.0,1.0,1.0,4.6,5,4.0
pad,77,0.1,marginal-M1,285,False,0.9285714285714286,,0.0,1.0,,3.2857142857142856,28,
pad,77,0.1,marginal-M2,285,False,0.8881578947368421,,0.0,1.0,,3.2434210526315788,152,
pad,77,0.1,marginal-M3,285,False,0.9402985074626866,,0.0,1.0,,3.1641791044776117,67,
pad,77,0.1,marginal-M4,285,False,1.0,,0.0,1.0,,3.7142857142857144,7,
pad,77,0.1,marginal-M5,285,False,0.8,,0.0,1.0,,2.0,5,
pad,77,0.15,B,16,False,0.9285714285714286,0.9130434782608695,,0.9285714285714286,0.9130434782608695,3.0357142857142856,28,23.0
pad,77,0.15,M1,22,False,0.9642857142857143,0.9444444444444444,0.0,1.0,1.0,3.5714285714285716,28,18.0
pad,77,0.15,M2,165,False,0.881578947368421,0.8926282051282052,0.0,1.0,1.0,2.9802631578947367,152,104.0
pad,77,0.15,M3,76,False,0.8805970149253731,0.90625,0.0,1.0,1.0,2.6865671641791047,67,44.0
pad,77,0.15,M4,10,False,1.0,1.0,0.0,1.0,1.0,3.857142857142857,7,7.0
pad,77,0.15,M5,1,True,1.0,1.0,0.0,1.0,1.0,4.0,5,4.0
pad,77,0.15,marginal-M1,285,False,0.9285714285714286,,0.0,1.0,,2.9642857142857144,28,
pad,77,0.15,marginal-M2,285,False,0.875,,0.0,1.0,,3.0065789473684212,152,
pad,77,0.15,marginal-M3,285,False,0.8955223880597015,,0.0,1.0,,2.925373134328358,67,
pad,77,0.15,marginal-M4,285,False,1.0,,0.0,1.0,,3.2857142857142856,7,
pad,77,0.15,marginal-M5,285,False,0.8,,0.0,1.0,,1.8,5,
hiba,78,0.05,B,164,False,0.9869565217391304,0.9594594594594594,,1.0,1.0,5.743478260869566,230,74.0
hiba,78,0.05,M1,24,False,1.0,1.0,0.0,1.0,1.0,6.0,15,10.0
hiba,78,0.05,M2,224,False,0.9911504424778761,0.989010989010989,0.0,1.0,1.0,6.654867256637168,113,91.0
hiba,78,0.05,M3,23,False,1.0,1.0,0.0,1.0,1.0,6.631578947368421,19,11.0
hiba,78,0.05,marginal-M1,396,False,1.0,,0.0,1.0,,6.266666666666667,15,
hiba,78,0.05,marginal-M2,396,False,0.9911504424778761,,0.0,1.0,,6.0265486725663715,113,
hiba,78,0.05,marginal-M3,396,False,1.0,,0.0,1.0,,5.894736842105263,19,
hiba,78,0.1,B,164,False,0.9652173913043478,0.9177927927927929,,0.9434782608695652,0.9829538329538329,3.4478260869565216,230,74.0
hiba,78,0.1,M1,24,False,1.0,1.0,0.0,1.0,1.0,5.0,15,10.0
hiba,78,0.1,M2,224,False,0.9469026548672567,0.9340659340659341,0.0,1.0,1.0,4.823008849557522,113,91.0
hiba,78,0.1,M3,23,False,0.8421052631578947,0.7272727272727273,0.0,1.0,1.0,3.9473684210526314,19,11.0
hiba,78,0.1,marginal-M1,396,False,1.0,,0.0,1.0,,4.533333333333333,15,
hiba,78,0.1,marginal-M2,396,False,0.9557522123893806,,0.0,1.0,,4.646017699115045,113,
hiba,78,0.1,marginal-M3,396,False,1.0,,0.0,1.0,,4.947368421052632,19,
hiba,78,0.15,B,164,False,0.9565217391304348,0.9076576576576577,,0.8347826086956521,0.9409934659934659,2.8956521739130436,230,74.0
hiba,78,0.15,M1,24,False,1.0,1.0,0.0,1.0,1.0,4.4,15,10.0
hiba,78,0.15,M2,224,False,0.9203539823008849,0.9065934065934066,0.0,1.0,1.0,4.15929203539823,113,91.0
hiba,78,0.15,M3,23,False,0.7368421052631579,0.6666666666666667,0.0,1.0,1.0,3.5789473684210527,19,11.0
hiba,78,0.15,marginal-M1,396,False,1.0,,0.0,1.0,,3.7333333333333334,15,
hiba,78,0.15,marginal-M2,396,False,0.9203539823008849,,0.008849557522123894,0.9911504424778761,,3.6991150442477876,113,
hiba,78,0.15,marginal-M3,396,False,0.9473684210526315,,0.0,1.0,,4.105263157894737,19,
pad,78,0.05,B,31,False,0.8888888888888888,0.875,,1.0,1.0,4.555555555555555,9,8.0
pad,78,0.05,M1,26,False,1.0,1.0,0.0,1.0,1.0,4.083333333333333,24,14.0
pad,78,0.05,M2,154,False,0.9704142011834319,0.9623188405797101,0.0,1.0,1.0,3.8579881656804735,169,115.0
pad,78,0.05,M3,66,False,0.9764705882352941,0.9722222222222222,0.0,1.0,1.0,3.847058823529412,85,54.0
pad,78,0.05,M4,12,True,1.0,1.0,0.0,1.0,1.0,5.6,5,5.0
pad,78,0.05,M5,3,True,1.0,1.0,0.0,1.0,1.0,5.0,3,2.0
pad,78,0.05,marginal-M1,281,False,1.0,,0.0,1.0,,3.8333333333333335,24,
pad,78,0.05,marginal-M2,281,False,0.9585798816568047,,0.0,1.0,,3.8224852071005917,169,
pad,78,0.05,marginal-M3,281,False,0.9764705882352941,,0.0,1.0,,3.988235294117647,85,
pad,78,0.05,marginal-M4,281,False,1.0,,0.0,1.0,,5.0,5,
pad,78,0.05,marginal-M5,281,False,1.0,,0.0,1.0,,3.3333333333333335,3,
pad,78,0.1,B,31,False,0.8888888888888888,0.875,,0.8888888888888888,0.875,3.111111111111111,9,8.0
pad,78,0.1,M1,26,False,1.0,1.0,0.0,1.0,1.0,3.375,24,14.0
pad,78,0.1,M2,154,False,0.9349112426035503,0.9202898550724637,0.0,1.0,1.0,3.100591715976331,169,115.0
pad,78,0.1,M3,66,False,0.9176470588235294,0.9012345679012347,0.0,1.0,1.0,3.1411764705882352,85,54.0
pad,78,0.1,M4,12,False,1.0,1.0,0.0,1.0,1.0,4.6,5,5.0
pad,78,0.1,M5,3,True,1.0,1.0,0.0,1.0,1.0,4.666666666666667,3,2.0
pad,78,0.1,marginal-M1,281,False,0.9583333333333334,,0.0,1.0,,2.9583333333333335,24,
pad,78,0.1,marginal-M2,281,False,0.9171597633136095,,0.0,1.0,,3.1834319526627217,169,
pad,78,0.1,marginal-M3,281,False,0.9529411764705882,,0.0,1.0,,3.4235294117647057,85,
pad,78,0.1,marginal-M4,281,False,1.0,,0.0,1.0,,4.8,5,
pad,78,0.1,marginal-M5,281,False,0.6666666666666666,,0.0,1.0,,2.6666666666666665,3,
pad,78,0.15,B,31,False,0.8888888888888888,0.875,,0.8888888888888888,0.875,2.7777777777777777,9,8.0
pad,78,0.15,M1,26,False,1.0,1.0,0.0,1.0,1.0,3.1666666666666665,24,14.0
pad,78,0.15,M2,154,False,0.9112426035502958,0.9014492753623188,0.0,1.0,1.0,2.8224852071005917,169,115.0
pad,78,0.15,M3,66,False,0.8588235294117647,0.8572530864197532,0.0,1.0,1.0,2.7176470588235295,85,54.0
pad,78,0.15,M4,12,False,1.0,1.0,0.0,1.0,1.0,4.6,5,5.0
pad,78,0.15,M5,3,True,1.0,1.0,0.0,1.0,1.0,4.666666666666667,3,2.0
pad,78,0.15,marginal-M1,281,False,0.9583333333333334,,0.0,1.0,,2.4583333333333335,24,
pad,78,0.15,marginal-M2,281,False,0.8698224852071006,,0.0,1.0,,2.769230769230769,169,
pad,78,0.15,marginal-M3,281,False,0.8823529411764706,,0.0,1.0,,3.011764705882353,85,
pad,78,0.15,marginal-M4,281,False,1.0,,0.0,1.0,,3.8,5,
pad,78,0.15,marginal-M5,281,False,0.3333333333333333,,0.0,1.0,,1.3333333333333333,3,
hiba,79,0.05,B,162,False,0.9601990049751243,0.9122807017543861,,1.0,1.0,4.880597014925373,201,76.0
hiba,79,0.05,M1,27,False,1.0,1.0,0.0,1.0,1.0,6.181818181818182,11,7.0
hiba,79,0.05,M2,220,False,0.968503937007874,0.9710526315789474,0.0,1.0,1.0,6.094488188976378,127,95.0
hiba,79,0.05,M3,25,False,0.7272727272727273,0.7222222222222222,0.0,1.0,1.0,5.181818181818182,11,9.0
hiba,79,0.05,marginal-M1,396,False,1.0,,0.0,1.0,,5.909090909090909,11,
hiba,79,0.05,marginal-M2,396,False,0.9763779527559056,,0.0,1.0,,5.889763779527559,127,
hiba,79,0.05,marginal-M3,396,False,1.0,,0.0,1.0,,6.2727272727272725,11,
hiba,79,0.1,B,162,False,0.9203980099502488,0.8245614035087719,,0.9402985074626866,0.9891395154553048,3.4228855721393034,201,76.0
hiba,79,0.1,M1,27,False,1.0,1.0,0.0,1.0,1.0,4.909090909090909,11,7.0
hiba,79,0.1,M2,220,False,0.9291338582677166,0.9342105263157895,0.015748031496062992,0.984251968503937,0.9894736842105263,4.748031496062992,127,95.0
hiba,79,0.1,M3,25,False,0.7272727272727273,0.7222222222222222,0.0,1.0,1.0,4.0,11,9.0
hiba,79,0.1,marginal-M1,396,False,1.0,,0.0,1.0,,4.7272727272727275,11,
hiba,79,0.1,marginal-M2,396,False,0.937007874015748,,0.015748031496062992,0.984251968503937,,4.535433070866142,127,
hiba,79,0.1,marginal-M3,396,False,0.9090909090909091,,0.0,1.0,,4.636363636363637,11,
hiba,79,0.15,B,162,False,0.8955223880597015,0.7911184210526315,,0.835820895522388,0.9804459064327485,2.810945273631841,201,76.0
hiba,79,0.15,M1,27,False,1.0,1.0,0.0,1.0,1.0,4.2727272727272725,11,7.0
hiba,79,0.15,M2,220,False,0.889763779527559,0.8952631578947368,0.023622047244094488,0.9763779527559056,0.9868421052631579,3.8346456692913384,127,95.0
hiba,79,0.15,M3,25,False,0.7272727272727273,0.7222222222222222,0.0,1.0,1.0,3.6363636363636362,11,9.0
hiba,79,0.15,marginal-M1,396,False,1.0,,0.0,1.0,,4.181818181818182,11,
hiba,79,0.15,marginal-M2,396,False,0.905511811023622,,0.015748031496062992,0.984251968503937,,3.84251968503937,127,
hiba,79,0.15,marginal-M3,396,False,0.7272727272727273,,0.0,1.0,,3.909090909090909,11,
pad,79,0.05,B,26,False,0.9333333333333333,0.9230769230769231,,0.9333333333333333,0.9230769230769231,3.1333333333333333,15,13.0
pad,79,0.05,M1,22,False,0.6666666666666666,0.6527777777777778,0.0,1.0,1.0,2.962962962962963,27,18.0
pad,79,0.05,M2,152,False,0.9161676646706587,0.9145299145299145,0.0,1.0,1.0,3.9221556886227544,167,117.0
pad,79,0.05,M3,77,False,1.0,1.0,0.0,1.0,1.0,4.203125,64,43.0
pad,79,0.05,M4,9,True,1.0,1.0,0.0,1.0,1.0,5.375,8,8.0
pad,79,0.05,M5,4,True,1.0,1.0,0.0,1.0,1.0,4.5,2,1.0
pad,79,0.05,marginal-M1,280,False,0.8148148148148148,,0.0,1.0,,3.7037037037037037,27,
pad,79,0.05,marginal-M2,280,False,0.9101796407185628,,0.0,1.0,,3.7964071856287425,167,
pad,79,0.05,marginal-M3,280,False,1.0,,0.0,1.0,,3.8125,64,
pad,79,0.05,marginal-M4,280,False,0.875,,0.0,1.0,,4.875,8,
pad,79,0.05,marginal-M5,280,False,1.0,,0.0,1.0,,2.5,2,
pad,79,0.1,B,26,False,0.8666666666666667,0.8461538461538461,,0.8666666666666667,0.8461538461538461,2.533333333333333,15,13.0
pad,79,0.1,M1,22,False,0.5925925925925926,0.5833333333333334,0.0,1.0,1.0,2.185185185185185,27,18.0
pad,79,0.1,M2,152,False,0.8562874251497006,0.8632478632478633,0.0,1.0,1.0,3.029940119760479,167,117.0
pad,79,0.1,M3,77,False,0.921875,0.9302325581395349,0.0,1.0,1.0,3.125,64,43.0
pad,79,0.1,M4,9,False,0.875,0.875,0.0,1.0,1.0,4.0,8,8.0
pad,79,0.1,M5,4,True,1.0,1.0,0.0,1.0,1.0,4.0,2,1.0
pad,79,0.1,marginal-M1,280,False,0.7037037037037037,,0.0,1.0,,2.962962962962963,27,
pad,79,0.1,marginal-M2,280,False,0.844311377245509,,0.0,1.0,,3.0838323353293413,167,
pad,79,0.1,marginal-M3,280,False,0.921875,,0.0,1.0,,3.171875,64,
pad,79,0.1,marginal-M4,280,False,0.875,,0.0,1.0,,4.0,8,
pad,79,0.1,marginal-M5,280,False,0.5,,0.0,1.0,,1.0,2,
pad,79,0.15,B,26,False,0.8666666666666667,0.8461538461538461,,0.8666666666666667,0.8461538461538461,2.2666666666666666,15,13.0
pad,79,0.15,M1,22,False,0.5925925925925926,0.5833333333333334,0.0,1.0,1.0,2.074074074074074,27,18.0
pad,79,0.15,M2,152,False,0.8203592814371258,0.8276353276353275,0.0,1.0,1.0,2.718562874251497,167,117.0
pad,79,0.15,M3,77,False,0.8125,0.8197674418604651,0.0,1.0,1.0,2.703125,64,43.0
pad,79,0.15,M4,9,False,0.875,0.875,0.0,1.0,1.0,4.0,8,8.0
pad,79,0.15,M5,4,True,1.0,1.0,0.0,1.0,1.0,4.0,2,1.0
pad,79,0.15,marginal-M1,280,False,0.6666666666666666,,0.0,1.0,,2.5925925925925926,27,
pad,79,0.15,marginal-M2,280,False,0.7904191616766467,,0.0,1.0,,2.658682634730539,167,
pad,79,0.15,marginal-M3,280,False,0.8125,,0.0,1.0,,2.8125,64,
pad,79,0.15,marginal-M4,280,False,0.875,,0.0,1.0,,3.75,8,
pad,79,0.15,marginal-M5,280,False,0.5,,0.0,1.0,,0.5,2,
hiba,80,0.05,B,163,False,0.975609756097561,0.9266666666666666,,1.0,1.0,5.772357723577236,246,75.0
hiba,80,0.05,M1,27,False,1.0,1.0,0.0,1.0,1.0,6.166666666666667,12,7.0
hiba,80,0.05,M2,225,False,0.963963963963964,0.9666666666666667,0.0,1.0,1.0,6.225225225225225,111,90.0
hiba,80,0.05,M3,25,False,1.0,1.0,0.0,1.0,1.0,6.4,10,9.0
hiba,80,0.05,marginal-M1,396,False,1.0,,0.0,1.0,,6.583333333333333,12,
hiba,80,0.05,marginal-M2,396,False,0.963963963963964,,0.0,1.0,,5.576576576576577,111,
hiba,80,0.05,marginal-M3,396,False,1.0,,0.0,1.0,,6.1,10,
hiba,80,0.1,B,163,False,0.9634146341463414,0.8933333333333333,,0.975609756097561,0.9925266106442577,3.983739837398374,246,75.0
hiba,80,0.1,M1,27,False,0.8333333333333334,0.9285714285714286,0.0,1.0,1.0,5.0,12,7.0
hiba,80,0.1,M2,225,False,0.918918918918919,0.9111111111111111,0.009009009009009009,0.990990990990991,0.9888888888888889,4.693693693693693,111,90.0
hiba,80,0.1,M3,25,False,1.0,1.0,0.0,1.0,1.0,5.1,10,9.0
hiba,80,0.1,marginal-M1,396,False,1.0,,0.0,1.0,,4.833333333333333,12,
hiba,80,0.1,marginal-M2,396,False,0.9279279279279279,,0.0,1.0,,4.657657657657658,111,
hiba,80,0.1,marginal-M3,396,False,1.0,,0.0,1.0,,4.9,10,
hiba,80,0.15,B,163,False,0.943089430894309,0.855,,0.8943089430894309,0.9573948105558012,3.341463414634146,246,75.0
hiba,80,0.15,M1,27,False,0.5833333333333334,0.6428571428571429,0.0,1.0,1.0,4.083333333333333,12,7.0
hiba,80,0.15,M2,225,False,0.9009009009009009,0.9,0.009009009009009009,0.990990990990991,0.9888888888888889,4.072072072072072,111,90.0
hiba,80,0.15,M3,25,False,0.9,0.9444444444444444,0.0,1.0,1.0,4.3,10,9.0
hiba,80,0.15,marginal-M1,396,False,0.8333333333333334,,0.0,1.0,,3.8333333333333335,12,
hiba,80,0.15,marginal-M2,396,False,0.9009009009009009,,0.009009009009009009,0.990990990990991,,3.5135135135135136,111,
hiba,80,0.15,marginal-M3,396,False,0.9,,0.0,1.0,,3.7,10,
pad,80,0.05,B,23,False,1.0,1.0,,1.0,1.0,3.9473684210526314,19,16.0
pad,80,0.05,M1,25,False,1.0,1.0,0.0,1.0,1.0,4.6923076923076925,26,15.0
pad,80,0.05,M2,152,False,0.9588235294117647,0.9686609686609686,0.0,1.0,1.0,4.1647058823529415,170,117.0
pad,80,0.05,M3,76,False,0.8783783783783784,0.8674242424242425,0.0,1.0,1.0,3.5945945945945947,74,44.0
pad,80,0.05,M4,13,True,1.0,1.0,0.0,1.0,1.0,5.75,4,4.0
pad,80,0.05,M5,1,True,1.0,1.0,0.0,1.0,1.0,5.0,5,4.0
pad,80,0.05,marginal-M1,281,False,1.0,,0.0,1.0,,4.576923076923077,26,
pad,80,0.05,marginal-M2,281,False,0.9588235294117647,,0.0,1.0,,4.141176470588236,170,
pad,80,0.05,marginal-M3,281,False,0.972972972972973,,0.0,1.0,,4.0,74,
pad,80,0.05,marginal-M4,281,False,1.0,,0.0,1.0,,5.0,4,
pad,80,0.05,marginal-M5,281,False,1.0,,0.0,1.0,,3.6,5,
pad,80,0.1,B,23,False,0.9473684210526315,0.9375,,0.8947368421052632,0.875,3.1578947368421053,19,16.0
pad,80,0.1,M1,25,False,1.0,1.0,0.0,1.0,1.0,4.115384615384615,26,15.0
pad,80,0.1,M2,152,False,0.8764705882352941,0.8817663817663817,0.0,1.0,1.0,3.123529411764706,170,117.0
pad,80,0.1,M3,76,False,0.7972972972972973,0.7850378787878789,0.0,1.0,1.0,2.72972972972973,74,44.0
pad,80,0.1,M4,13,False,1.0,1.0,0.0,1.0,1.0,3.75,4,4.0
pad,80,0.1,M5,1,True,1.0,1.0,0.0,1.0,1.0,4.4,5,4.0
pad,80,0.1,marginal-M1,281,False,0.9615384615384616,,0.0,1.0,,4.0,26,
pad,80,0.1,marginal-M2,281,False,0.8588235294117647,,0.0,1.0,,3.2411764705882353,170,
pad,80,0.1,marginal-M3,281,False,0.8783783783783784,,0.0,1.0,,3.2432432432432434,74,
pad,80,0.1,marginal-M4,281,False,0.75,,0.0,1.0,,3.25,4,
pad,80,0.1,marginal-M5,281,False,0.8,,0.0,1.0,,2.4,5,
pad,80,0.15,B,23,False,0.9473684210526315,0.9375,,0.8947368421052632,0.875,2.9473684210526314,19,16.0
pad,80,0.15,M1,25,False,1.0,1.0,0.0,1.0,1.0,4.115384615384615,26,15.0
pad,80,0.15,M2,152,False,0.8352941176470589,0.844017094017094,0.0,1.0,1.0,2.911764705882353,170,117.0
pad,80,0.15,M3,76,False,0.7702702702702703,0.756628787878788,0.0,1.0,1.0,2.6621621621621623,74,44.0
pad,80,0.15,M4,13,False,0.5,0.5,0.0,1.0,1.0,2.5,4,4.0
pad,80,0.15,M5,1,True,1.0,1.0,0.0,1.0,1.0,4.4,5,4.0
pad,80,0.15,marginal-M1,281,False,0.9615384615384616,,0.0,1.0,,3.423076923076923,26,
pad,80,0.15,marginal-M2,281,False,0.8058823529411765,,0.0,1.0,,2.7,170,
pad,80,0.15,marginal-M3,281,False,0.7972972972972973,,0.0,1.0,,2.77027027027027,74,
pad,80,0.15,marginal-M4,281,False,0.75,,0.0,1.0,,3.25,4,
pad,80,0.15,marginal-M5,281,False,0.6,,0.0,1.0,,1.8,5,
hiba,81,0.05,B,160,False,0.956140350877193,0.8995726495726496,,1.0,1.0,5.18859649122807,228,78.0
hiba,81,0.05,M1,25,False,1.0,1.0,0.0,1.0,1.0,5.615384615384615,13,9.0
hiba,81,0.05,M2,219,False,0.9416666666666667,0.9322916666666666,0.0,1.0,1.0,5.625,120,96.0
hiba,81,0.05,M3,28,False,1.0,1.0,0.0,1.0,1.0,6.0,7,6.0
hiba,81,0.05,marginal-M1,396,False,1.0,,0.0,1.0,,5.384615384615385,13,
hiba,81,0.05,marginal-M2,396,False,0.9416666666666667,,0.0,1.0,,5.2,120,
hiba,81,0.05,marginal-M3,396,False,1.0,,0.0,1.0,,5.714285714285714,7,
hiba,81,0.1,B,160,False,0.9254385964912281,0.8457264957264957,,0.9429824561403509,0.9591982091982092,3.5833333333333335,228,78.0
hiba,81,0.1,M1,25,False,1.0,1.0,0.0,1.0,1.0,4.384615384615385,13,9.0
hiba,81,0.1,M2,219,False,0.8583333333333333,0.8463541666666666,0.016666666666666666,0.9833333333333333,0.984375,4.308333333333334,120,96.0
hiba,81,0.1,M3,28,False,1.0,1.0,0.0,1.0,1.0,4.857142857142857,7,6.0
hiba,81,0.1,marginal-M1,396,False,1.0,,0.0,1.0,,3.8461538461538463,13,
hiba,81,0.1,marginal-M2,396,False,0.875,,0.025,0.975,,4.208333333333333,120,
hiba,81,0.1,marginal-M3,396,False,1.0,,0.0,1.0,,4.571428571428571,7,
hiba,81,0.15,B,160,False,0.9035087719298246,0.788034188034188,,0.7675438596491229,0.880850630850631,2.789473684210526,228,78.0
hiba,81,0.15,M1,25,False,0.8461538461538461,0.8888888888888888,0.0,1.0,1.0,3.076923076923077,13,9.0
hiba,81,0.15,M2,219,False,0.825,0.8272569444444443,0.025,0.975,0.9739583333333334,3.5166666666666666,120,96.0
hiba,81,0.15,M3,28,False,0.8571428571428571,0.8333333333333334,0.0,1.0,1.0,3.7142857142857144,7,6.0
hiba,81,0.15,marginal-M1,396,False,0.9230769230769231,,0.0,1.0,,2.8461538461538463,13,
hiba,81,0.15,marginal-M2,396,False,0.8416666666666667,,0.025,0.975,,3.2583333333333333,120,
hiba,81,0.15,marginal-M3,396,False,0.8571428571428571,,0.0,1.0,,3.4285714285714284,7,
pad,81,0.05,B,26,False,0.9444444444444444,0.9230769230769231,,1.0,1.0,3.3333333333333335,18,13.0
pad,81,0.05,M1,27,False,1.0,1.0,0.0,1.0,1.0,4.423076923076923,26,13.0
pad,81,0.05,M2,162,False,0.9559748427672956,0.9501557632398753,0.0,1.0,1.0,3.943396226415094,159,107.0
pad,81,0.05,M3,63,False,0.9333333333333333,0.9327485380116959,0.0,1.0,1.0,3.611111111111111,90,57.0
pad,81,0.05,M4,13,True,1.0,1.0,0.0,1.0,1.0,5.5,4,4.0
pad,81,0.05,M5,4,True,1.0,1.0,0.0,1.0,1.0,5.0,1,1.0
pad,81,0.05,marginal-M1,285,False,0.9615384615384616,,0.0,1.0,,4.076923076923077,26,
pad,81,0.05,marginal-M2,285,False,0.9559748427672956,,0.0,1.0,,3.993710691823899,159,
pad,81,0.05,marginal-M3,285,False,0.9666666666666667,,0.0,1.0,,3.8555555555555556,90,
pad,81,0.05,marginal-M4,285,False,1.0,,0.0,1.0,,5.5,4,
pad,81,0.05,marginal-M5,285,False,1.0,,0.0,1.0,,4.0,1,
pad,81,0.1,B,26,False,0.9444444444444444,0.9230769230769231,,1.0,1.0,2.9444444444444446,18,13.0
pad,81,0.1,M1,27,False,0.9615384615384616,0.9230769230769231,0.0,1.0,1.0,3.6153846153846154,26,13.0
pad,81,0.1,M2,162,False,0.8742138364779874,0.8753894080996883,0.0,1.0,1.0,3.069182389937107,159,107.0
pad,81,0.1,M3,63,False,0.9111111111111111,0.9239766081871346,0.0,1.0,1.0,2.977777777777778,90,57.0
pad,81,0.1,M4,13,False,1.0,1.0,0.0,1.0,1.0,5.0,4,4.0
pad,81,0.1,M5,4,True,1.0,1.0,0.0,1.0,1.0,4.0,1,1.0
pad,81,0.1,marginal-M1,285,False,0.9230769230769231,,0.0,1.0,,3.3461538461538463,26,
pad,81,0.1,marginal-M2,285,False,0.8742138364779874,,0.0,1.0,,3.238993710691824,159,
pad,81,0.1,marginal-M3,285,False,0.9222222222222223,,0.0,1.0,,3.2333333333333334,90,
pad,81,0.1,marginal-M4,285,False,1.0,,0.0,1.0,,4.5,4,
pad,81,0.1,marginal-M5,285,False,1.0,,0.0,1.0,,3.0,1,
pad,81,0.15,B,26,False,0.9444444444444444,0.9230769230769231,,0.8888888888888888,0.9487179487179488,2.5555555555555554,18,13.0
pad,81,0.15,M1,27,False,0.9230769230769231,0.9038461538461539,0.0,1.0,1.0,3.1923076923076925,26,13.0
pad,81,0.15,M2,162,False,0.8490566037735849,0.8535825545171339,0.0,1.0,1.0,2.792452830188679,159,107.0
pad,81,0.15,M3,63,False,0.8666666666666667,0.8823099415204679,0.0,1.0,1.0,2.6555555555555554,90,57.0
pad,81,0.15,M4,13,False,1.0,1.0,0.0,1.0,1.0,4.25,4,4.0
pad,81,0.15,M5,4,True,1.0,1.0,0.0,1.0,1.0,4.0,1,1.0
pad,81,0.15,marginal-M1,285,False,0.9230769230769231,,0.0,1.0,,2.9615384615384617,26,
pad,81,0.15,marginal-M2,285,False,0.8490566037735849,,0.0,1.0,,2.9874213836477987,159,
pad,81,0.15,marginal-M3,285,False,0.8888888888888888,,0.0,1.0,,2.933333333333333,90,
pad,81,0.15,marginal-M4,285,False,1.0,,0.0,1.0,,4.0,4,
pad,81,0.15,marginal-M5,285,False,1.0,,0.0,1.0,,3.0,1,
hiba,82,0.05,B,163,False,0.9770114942528736,0.9533333333333334,,1.0,1.0,5.35632183908046,174,75.0
hiba,82,0.05,M1,23,False,1.0,1.0,0.0,1.0,1.0,5.733333333333333,15,11.0
hiba,82,0.05,M2,226,False,0.9369369369369369,0.9297752808988764,0.0,1.0,1.0,6.243243243243243,111,89.0
hiba,82,0.05,M3,20,False,0.95,0.9285714285714286,0.0,1.0,1.0,5.65,20,14.0
hiba,82,0.05,marginal-M1,396,False,1.0,,0.0,1.0,,5.933333333333334,15,
hiba,82,0.05,marginal-M2,396,False,0.972972972972973,,0.0,1.0,,6.009009009009009,111,
hiba,82,0.05,marginal-M3,396,False,1.0,,0.0,1.0,,5.8,20,
hiba,82,0.1,B,163,False,0.9482758620689655,0.9,,0.9540229885057471,0.9746666666666666,3.6551724137931036,174,75.0
hiba,82,0.1,M1,23,False,0.8,0.893939393939394,0.0,1.0,1.0,3.6666666666666665,15,11.0
hiba,82,0.1,M2,226,False,0.8918918918918919,0.8792134831460674,0.009009009009009009,0.990990990990991,0.9943820224719101,4.72972972972973,111,89.0
hiba,82,0.1,M3,20,False,0.95,0.9285714285714286,0.0,1.0,1.0,4.4,20,14.0
hiba,82,0.1,marginal-M1,396,False,1.0,,0.0,1.0,,3.8666666666666667,15,
hiba,82,0.1,marginal-M2,396,False,0.9009009009009009,,0.009009009009009009,0.990990990990991,,4.594594594594595,111,
hiba,82,0.1,marginal-M3,396,False,0.95,,0.0,1.0,,4.45,20,
hiba,82,0.15,B,163,False,0.9252873563218391,0.8566666666666667,,0.8735632183908046,0.8881481481481482,2.9885057471264367,174,75.0
hiba,82,0.15,M1,23,False,0.8,0.893939393939394,0.06666666666666667,0.9333333333333333,0.9545454545454546,3.2,15,11.0
hiba,82,0.15,M2,226,False,0.8378378378378378,0.8192883895131086,0.036036036036036036,0.963963963963964,0.9691011235955056,3.936936936936937,111,89.0
hiba,82,0.15,M3,20,False,0.95,0.9285714285714286,0.0,1.0,1.0,3.8,20,14.0
hiba,82,0.15,marginal-M1,396,False,0.8666666666666667,,0.06666666666666667,0.9333333333333333,,2.933333333333333,15,
hiba,82,0.15,marginal-M2,396,False,0.8738738738738738,,0.018018018018018018,0.9819819819819819,,3.6126126126126126,111,
hiba,82,0.15,marginal-M3,396,False,0.95,,0.0,1.0,,3.2,20,
pad,82,0.05,B,24,False,1.0,1.0,,1.0,1.0,3.8,20,15.0
pad,82,0.05,M1,24,False,0.9545454545454546,0.96875,0.0,1.0,1.0,4.181818181818182,22,16.0
pad,82,0.05,M2,155,False,0.9779005524861878,0.9809941520467835,0.0,1.0,1.0,4.165745856353591,181,114.0
pad,82,0.05,M3,67,False,0.9230769230769231,0.9056603773584906,0.0,1.0,1.0,3.6923076923076925,78,53.0
pad,82,0.05,M4,13,True,1.0,1.0,0.0,1.0,1.0,5.0,6,4.0
pad,82,0.05,M5,4,True,1.0,1.0,0.0,1.0,1.0,4.0,1,1.0
pad,82,0.05,marginal-M1,279,False,0.9545454545454546,,0.0,1.0,,4.045454545454546,22,
pad,82,0.05,marginal-M2,279,False,0.9668508287292817,,0.0,1.0,,3.994475138121547,181,
pad,82,0.05,marginal-M3,279,False,0.9615384615384616,,0.0,1.0,,4.012820512820513,78,
pad,82,0.05,marginal-M4,279,False,1.0,,0.0,1.0,,4.5,6,
pad,82,0.05,marginal-M5,279,False,1.0,,0.0,1.0,,1.0,1,
pad,82,0.1,B,24,False,1.0,1.0,,1.0,1.0,3.45,20,15.0
pad,82,0.1,M1,24,False,0.9545454545454546,0.96875,0.0,1.0,1.0,4.045454545454546,22,16.0
pad,82,0.1,M2,155,False,0.9060773480662984,0.9005847953216374,0.0,1.0,1.0,3.613259668508287,181,114.0
pad,82,0.1,M3,67,False,0.9230769230769231,0.9056603773584906,0.0,1.0,1.0,3.4615384615384617,78,53.0
pad,82,0.1,M4,13,False,1.0,1.0,0.0,1.0,1.0,4.833333333333333,6,4.0
pad,82,0.1,M5,4,True,1.0,1.0,0.0,1.0,1.0,4.0,1,1.0
pad,82,0.1,marginal-M1,279,False,0.8181818181818182,,0.0,1.0,,2.8636363636363638,22,
pad,82,0.1,marginal-M2,279,False,0.8784530386740331,,0.0,1.0,,3.2375690607734806,181,
pad,82,0.1,marginal-M3,279,False,0.9230769230769231,,0.0,1.0,,3.2948717948717947,78,
pad,82,0.1,marginal-M4,279,False,1.0,,0.0,1.0,,3.5,6,
pad,82,0.1,marginal-M5,279,False,1.0,,0.0,1.0,,1.0,1,
pad,82,0.15,B,24,False,1.0,1.0,,0.85,0.888888888888889,2.85,20,15.0
pad,82,0.15,M1,24,False,0.9545454545454546,0.96875,0.0,1.0,1.0,3.5,22,16.0
pad,82,0.15,M2,155,False,0.7955801104972375,0.795530492898914,0.0,1.0,1.0,2.723756906077348,181,114.0
pad,82,0.15,M3,67,False,0.8461538461538461,0.8278301886792453,0.0,1.0,1.0,2.6794871794871793,78,53.0
pad,82,0.15,M4,13,False,1.0,1.0,0.0,1.0,1.0,3.1666666666666665,6,4.0
pad,82,0.15,M5,4,True,1.0,1.0,0.0,1.0,1.0,4.0,1,1.0
pad,82,0.15,marginal-M1,279,False,0.7727272727272727,,0.0,1.0,,2.272727272727273,22,
pad,82,0.15,marginal-M2,279,False,0.7569060773480663,,0.0,1.0,,2.591160220994475,181,
pad,82,0.15,marginal-M3,279,False,0.8333333333333334,,0.0,1.0,,2.6153846153846154,78,
pad,82,0.15,marginal-M4,279,False,1.0,,0.0,1.0,,2.8333333333333335,6,
pad,82,0.15,marginal-M5,279,False,0.0,,0.0,1.0,,0.0,1,
hiba,83,0.05,B,164,False,0.9868421052631579,0.972972972972973,,1.0,1.0,5.9605263157894735,152,74.0
hiba,83,0.05,M1,20,False,0.96,0.9285714285714286,0.0,1.0,1.0,6.36,25,14.0
hiba,83,0.05,M2,219,False,0.9666666666666667,0.9635416666666666,0.0,1.0,1.0,6.625,120,96.0
hiba,83,0.05,M3,27,False,1.0,1.0,0.0,1.0,1.0,6.555555555555555,9,7.0
hiba,83,0.05,marginal-M1,396,False,1.0,,0.0,1.0,,6.4,25,
hiba,83,0.05,marginal-M2,396,False,0.9666666666666667,,0.0,1.0,,5.975,120,
hiba,83,0.05,marginal-M3,396,False,1.0,,0.0,1.0,,6.111111111111111,9,
hiba,83,0.1,B,164,False,0.9605263157894737,0.9324324324324325,,0.9539473684210527,0.9662162162162162,3.9276315789473686,152,74.0
hiba,83,0.1,M1,20,False,0.92,0.9142857142857144,0.0,1.0,1.0,4.68,25,14.0
hiba,83,0.1,M2,219,False,0.9166666666666666,0.9114583333333334,0.025,0.975,0.9791666666666666,4.716666666666667,120,96.0
hiba,83,0.1,M3,27,False,0.8888888888888888,0.8571428571428571,0.0,1.0,1.0,4.555555555555555,9,7.0
hiba,83,0.1,marginal-M1,396,False,0.96,,0.0,1.0,,5.2,25,
hiba,83,0.1,marginal-M2,396,False,0.95,,0.008333333333333333,0.9916666666666667,,4.858333333333333,120,
hiba,83,0.1,marginal-M3,396,False,1.0,,0.0,1.0,,5.444444444444445,9,
hiba,83,0.15,B,164,False,0.9276315789473685,0.8840090090090089,,0.881578947368421,0.9042792792792792,3.3289473684210527,152,74.0
hiba,83,0.15,M1,20,False,0.92,0.9142857142857144,0.0,1.0,1.0,4.4,25,14.0
hiba,83,0.15,M2,219,False,0.9083333333333333,0.90625,0.025,0.975,0.9791666666666666,4.0,120,96.0
hiba,83,0.15,M3,27,False,0.7777777777777778,0.7142857142857143,0.0,1.0,1.0,3.6666666666666665,9,7.0
hiba,83,0.15,marginal-M1,396,False,0.96,,0.0,1.0,,4.16,25,
hiba,83,0.15,marginal-M2,396,False,0.9083333333333333,,0.03333333333333333,0.9666666666666667,,3.5166666666666666,120,
hiba,83,0.15,marginal-M3,396,False,0.8888888888888888,,0.0,1.0,,4.0,9,
pad,83,0.05,B,19,False,0.8571428571428571,0.85,,0.9523809523809523,0.95,3.1904761904761907,21,20.0
pad,83,0.05,M1,24,False,0.9666666666666667,0.96875,0.0,1.0,1.0,3.6666666666666665,30,16.0
pad,83,0.05,M2,163,False,0.9155844155844156,0.9150943396226415,0.0,1.0,1.0,3.357142857142857,154,106.0
pad,83,0.05,M3,79,False,0.9433962264150944,0.926829268292683,0.0,1.0,1.0,3.3773584905660377,53,41.0
pad,83,0.05,M4,9,True,1.0,1.0,0.0,1.0,1.0,4.5,10,8.0
pad,83,0.05,M5,3,True,1.0,1.0,0.0,1.0,1.0,4.0,2,2.0
pad,83,0.05,marginal-M1,293,False,0.9666666666666667,,0.0,1.0,,3.8333333333333335,30,
pad,83,0.05,marginal-M2,293,False,0.922077922077922,,0.0,1.0,,3.8766233766233764,154,
pad,83,0.05,marginal-M3,293,False,0.9622641509433962,,0.0,1.0,,3.8867924528301887,53,
pad,83,0.05,marginal-M4,293,False,0.9,,0.0,1.0,,4.9,10,
pad,83,0.05,marginal-M5,293,False,1.0,,0.0,1.0,,4.0,2,
pad,83,0.1,B,19,False,0.7142857142857143,0.7,,0.9523809523809523,0.95,2.7142857142857144,21,20.0
pad,83,0.1,M1,24,False,0.9666666666666667,0.96875,0.0,1.0,1.0,3.5,30,16.0
pad,83,0.1,M2,163,False,0.9025974025974026,0.8962264150943396,0.0,1.0,1.0,3.012987012987013,154,106.0
pad,83,0.1,M3,79,False,0.8867924528301887,0.8902439024390244,0.0,1.0,1.0,2.7735849056603774,53,41.0
pad,83,0.1,M4,9,False,0.8,0.75,0.0,1.0,1.0,3.1,10,8.0
pad,83,0.1,M5,3,True,1.0,1.0,0.0,1.0,1.0,4.0,2,2.0
pad,83,0.1,marginal-M1,293,False,0.8666666666666667,,0.0,1.0,,3.1666666666666665,30,
pad,83,0.1,marginal-M2,293,False,0.8831168831168831,,0.0,1.0,,3.292207792207792,154,
pad,83,0.1,marginal-M3,293,False,0.9056603773584906,,0.0,1.0,,3.2641509433962264,53,
pad,83,0.1,marginal-M4,293,False,0.8,,0.0,1.0,,3.7,10,
pad,83,0.1,marginal-M5,293,False,1.0,,0.0,1.0,,3.0,2,
pad,83,0.15,B,19,False,0.7142857142857143,0.7,,0.9523809523809523,0.95,2.619047619047619,21,20.0
pad,83,0.15,M1,24,False,0.9666666666666667,0.96875,0.0,1.0,1.0,3.433333333333333,30,16.0
pad,83,0.15,M2,163,False,0.8636363636363636,0.8632075471698113,0.0,1.0,1.0,2.792207792207792,154,106.0
pad,83,0.15,M3,79,False,0.8867924528301887,0.8902439024390244,0.018867924528301886,0.9811320754716981,0.975609756097561,2.6226415094339623,53,41.0
pad,83,0.15,M4,9,False,0.8,0.75,0.0,1.0,1.0,3.0,10,8.0
pad,83,0.15,M5,3,True,1.0,1.0,0.0,1.0,1.0,4.0,2,2.0
pad,83,0.15,marginal-M1,293,False,0.8,,0.0,1.0,,2.6,30,
pad,83,0.15,marginal-M2,293,False,0.8116883116883117,,0.0,1.0,,2.6103896103896105,154,
pad,83,0.15,marginal-M3,293,False,0.8301886792452831,,0.0,1.0,,2.7169811320754715,53,
pad,83,0.15,marginal-M4,293,False,0.8,,0.0,1.0,,3.2,10,
pad,83,0.15,marginal-M5,293,False,1.0,,0.0,1.0,,2.5,2,
hiba,84,0.05,B,160,False,0.9633507853403142,0.9198717948717948,,1.0,1.0,5.036649214659686,191,78.0
hiba,84,0.05,M1,26,False,1.0,1.0,0.0,1.0,1.0,6.4375,16,8.0
hiba,84,0.05,M2,230,False,0.8899082568807339,0.9117647058823529,0.0,1.0,1.0,5.889908256880734,109,85.0
hiba,84,0.05,M3,21,False,0.875,0.8461538461538461,0.0,1.0,1.0,5.875,16,13.0
hiba,84,0.05,marginal-M1,396,False,1.0,,0.0,1.0,,5.5625,16,
hiba,84,0.05,marginal-M2,396,False,0.8990825688073395,,0.0,1.0,,5.128440366972477,109,
hiba,84,0.05,marginal-M3,396,False,0.9375,,0.0,1.0,,5.5,16,
hiba,84,0.1,B,160,False,0.9109947643979057,0.8418803418803419,,0.9319371727748691,0.9455369192211298,3.6387434554973823,191,78.0
hiba,84,0.1,M1,26,False,0.875,0.9375,0.0,1.0,1.0,4.25,16,8.0
hiba,84,0.1,M2,230,False,0.8532110091743119,0.8735294117647059,0.0,1.0,1.0,4.4036697247706424,109,85.0
hiba,84,0.1,M3,21,False,0.875,0.8461538461538461,0.0,1.0,1.0,4.75,16,13.0
hiba,84,0.1,marginal-M1,396,False,0.9375,,0.0,1.0,,4.5625,16,
hiba,84,0.1,marginal-M2,396,False,0.8623853211009175,,0.0,1.0,,4.192660550458716,109,
hiba,84,0.1,marginal-M3,396,False,0.9375,,0.0,1.0,,4.8125,16,
hiba,84,0.15,B,160,False,0.8638743455497382,0.7922008547008547,,0.8481675392670157,0.8894712743396954,2.8795811518324608,191,78.0
hiba,84,0.15,M1,26,False,0.875,0.9375,0.0,1.0,1.0,3.75,16,8.0
hiba,84,0.15,M2,230,False,0.8073394495412844,0.8323529411764706,0.009174311926605505,0.9908256880733946,0.9970588235294118,3.6788990825688073,109,85.0
hiba,84,0.15,M3,21,False,0.875,0.8461538461538461,0.0,1.0,1.0,4.0,16,13.0
hiba,84,0.15,marginal-M1,396,False,0.875,,0.0,1.0,,3.1875,16,
hiba,84,0.15,marginal-M2,396,False,0.8073394495412844,,0.009174311926605505,0.9908256880733946,,3.128440366972477,109,
hiba,84,0.15,marginal-M3,396,False,0.875,,0.0,1.0,,3.3125,16,
pad,84,0.05,B,22,False,1.0,1.0,,1.0,1.0,3.75,20,17.0
pad,84,0.05,M1,24,False,1.0,1.0,0.0,1.0,1.0,4.269230769230769,26,16.0
pad,84,0.05,M2,180,False,0.9838709677419355,0.9775280898876404,0.0,1.0,1.0,4.233870967741935,124,89.0
pad,84,0.05,M3,63,False,0.9146341463414634,0.9108187134502925,0.0,1.0,1.0,3.7560975609756095,82,57.0
pad,84,0.05,M4,8,True,1.0,1.0,0.0,1.0,1.0,5.4,10,9.0
pad,84,0.05,M5,2,True,1.0,1.0,0.0,1.0,1.0,5.0,4,3.0
pad,84,0.05,marginal-M1,291,False,1.0,,0.0,1.0,,4.076923076923077,26,
pad,84,0.05,marginal-M2,291,False,0.9838709677419355,,0.0,1.0,,4.185483870967742,124,
pad,84,0.05,marginal-M3,291,False,0.9512195121951219,,0.0,1.0,,4.073170731707317,82,
pad,84,0.05,marginal-M4,291,False,1.0,,0.0,1.0,,4.8,10,
pad,84,0.05,marginal-M5,291,False,1.0,,0.0,1.0,,3.5,4,
pad,84,0.1,B,22,False,0.95,0.9411764705882353,,0.95,0.9411764705882353,3.4,20,17.0
pad,84,0.1,M1,24,False,1.0,1.0,0.0,1.0,1.0,3.6538461538461537,26,16.0
pad,84,0.1,M2,180,False,0.967741935483871,0.9606741573033708,0.0,1.0,1.0,3.411290322580645,124,89.0
pad,84,0.1,M3,63,False,0.8780487804878049,0.8801169590643275,0.0,1.0,1.0,3.073170731707317,82,57.0
pad,84,0.1,M4,8,True,1.0,1.0,0.0,1.0,1.0,4.7,10,9.0
pad,84,0.1,M5,2,True,1.0,1.0,0.0,1.0,1.0,4.5,4,3.0
pad,84,0.1,marginal-M1,291,False,1.0,,0.0,1.0,,3.5384615384615383,26,
pad,84,0.1,marginal-M2,291,False,0.9516129032258065,,0.0,1.0,,3.6129032258064515,124,
pad,84,0.1,marginal-M3,291,False,0.9146341463414634,,0.0,1.0,,3.5609756097560976,82,
pad,84,0.1,marginal-M4,291,False,1.0,,0.0,1.0,,3.9,10,
pad,84,0.1,marginal-M5,291,False,1.0,,0.0,1.0,,3.25,4,
pad,84,0.15,B,22,False,0.95,0.9411764705882353,,0.95,0.9411764705882353,3.05,20,17.0
pad,84,0.15,M1,24,False,1.0,1.0,0.0,1.0,1.0,3.6538461538461537,26,16.0
pad,84,0.15,M2,180,False,0.9193548387096774,0.9176029962546816,0.0,1.0,1.0,3.024193548387097,124,89.0
pad,84,0.15,M3,63,False,0.7804878048780488,0.7836257309941521,0.0,1.0,1.0,2.8048780487804876,82,57.0
pad,84,0.15,M4,8,False,1.0,1.0,0.0,1.0,1.0,4.2,10,9.0
pad,84,0.15,M5,2,True,1.0,1.0,0.0,1.0,1.0,4.5,4,3.0
pad,84,0.15,marginal-M1,291,False,1.0,,0.0,1.0,,3.1538461538461537,26,
pad,84,0.15,marginal-M2,291,False,0.9193548387096774,,0.0,1.0,,3.1774193548387095,124,
pad,84,0.15,marginal-M3,291,False,0.8902439024390244,,0.0,1.0,,3.207317073170732,82,
pad,84,0.15,marginal-M4,291,False,1.0,,0.0,1.0,,3.2,10,
pad,84,0.15,marginal-M5,291,False,0.75,,0.0,1.0,,2.25,4,
hiba,85,0.05,B,174,False,0.9872611464968153,0.96875,,1.0,1.0,5.452229299363057,157,64.0
hiba,85,0.05,M1,21,False,1.0,1.0,0.0,1.0,1.0,6.041666666666667,24,13.0
hiba,85,0.05,M2,218,False,0.9586776859504132,0.9639175257731959,0.0,1.0,1.0,6.479338842975206,121,97.0
hiba,85,0.05,M3,22,False,1.0,1.0,0.0,1.0,1.0,6.538461538461538,13,12.0
hiba,85,0.05,marginal-M1,396,False,1.0,,0.0,1.0,,6.0,24,
hiba,85,0.05,marginal-M2,396,False,0.9586776859504132,,0.0,1.0,,5.809917355371901,121,
hiba,85,0.05,marginal-M3,396,False,1.0,,0.0,1.0,,6.0,13,
hiba,85,0.1,B,174,False,0.9617834394904459,0.921875,,0.9044585987261147,0.9688462885154062,3.3184713375796178,157,64.0
hiba,85,0.1,M1,21,False,0.7916666666666666,0.8717948717948718,0.0,1.0,1.0,4.541666666666667,24,13.0
hiba,85,0.1,M2,218,False,0.8842975206611571,0.8788659793814433,0.0,1.0,1.0,4.644628099173554,121,97.0
hiba,85,0.1,M3,22,False,0.9230769230769231,0.9166666666666666,0.0,1.0,1.0,5.153846153846154,13,12.0
hiba,85,0.1,marginal-M1,396,False,0.9583333333333334,,0.0,1.0,,4.208333333333333,24,
hiba,85,0.1,marginal-M2,396,False,0.8925619834710744,,0.0,1.0,,4.338842975206612,121,
hiba,85,0.1,marginal-M3,396,False,1.0,,0.0,1.0,,4.923076923076923,13,
hiba,85,0.15,B,174,False,0.9299363057324841,0.859375,,0.7834394904458599,0.910874766573296,2.6369426751592355,157,64.0
hiba,85,0.15,M1,21,False,0.7083333333333334,0.7564102564102565,0.0,1.0,1.0,3.75,24,13.0
hiba,85,0.15,M2,218,False,0.8512396694214877,0.8548109965635737,0.008264462809917356,0.9917355371900827,0.9896907216494846,3.9173553719008263,121,97.0
hiba,85,0.15,M3,22,False,0.9230769230769231,0.9166666666666666,0.0,1.0,1.0,4.846153846153846,13,12.0
hiba,85,0.15,marginal-M1,396,False,0.8333333333333334,,0.041666666666666664,0.9583333333333334,,3.0416666666666665,24,
hiba,85,0.15,marginal-M2,396,False,0.8512396694214877,,0.008264462809917356,0.9917355371900827,,3.2892561983471076,121,
hiba,85,0.15,marginal-M3,396,False,0.9230769230769231,,0.0,1.0,,3.6923076923076925,13,
pad,85,0.05,B,22,False,1.0,1.0,,1.0,1.0,3.8421052631578947,19,17.0
pad,85,0.05,M1,21,False,1.0,1.0,0.0,1.0,1.0,4.290322580645161,31,19.0
pad,85,0.05,M2,164,False,0.9664429530201343,0.9730158730158731,0.0,1.0,1.0,4.221476510067114,149,105.0
pad,85,0.05,M3,76,False,0.9852941176470589,0.9772727272727273,0.0,1.0,1.0,3.8970588235294117,68,44.0
pad,85,0.05,M4,8,True,1.0,1.0,0.0,1.0,1.0,5.333333333333333,12,9.0
pad,85,0.05,M5,2,True,1.0,1.0,0.0,1.0,1.0,4.666666666666667,3,3.0
pad,85,0.05,marginal-M1,286,False,0.967741935483871,,0.0,1.0,,4.064516129032258,31,
pad,85,0.05,marginal-M2,286,False,0.9530201342281879,,0.0,1.0,,4.006711409395973,149,
pad,85,0.05,marginal-M3,286,False,0.9852941176470589,,0.0,1.0,,4.029411764705882,68,
pad,85,0.05,marginal-M4,286,False,0.9166666666666666,,0.0,1.0,,4.5,12,
pad,85,0.05,marginal-M5,286,False,1.0,,0.0,1.0,,3.0,3,
pad,85,0.1,B,22,False,1.0,1.0,,0.9473684210526315,0.9411764705882353,3.5789473684210527,19,17.0
pad,85,0.1,M1,21,False,1.0,1.0,0.0,1.0,1.0,4.161290322580645,31,19.0
pad,85,0.1,M2,164,False,0.9060402684563759,0.9015873015873016,0.0,1.0,1.0,3.6778523489932886,149,105.0
pad,85,0.1,M3,76,False,0.9411764705882353,0.9356060606060607,0.0,1.0,1.0,3.3823529411764706,68,44.0
pad,85,0.1,M4,8,True,1.0,1.0,0.0,1.0,1.0,5.166666666666667,12,9.0
pad,85,0.1,M5,2,True,1.0,1.0,0.0,1.0,1.0,4.666666666666667,3,3.0
pad,85,0.1,marginal-M1,286,False,0.9354838709677419,,0.0,1.0,,3.4516129032258065,31,
pad,85,0.1,marginal-M2,286,False,0.8926174496644296,,0.0,1.0,,3.3221476510067114,149,
pad,85,0.1,marginal-M3,286,False,0.9558823529411765,,0.0,1.0,,3.3676470588235294,68,
pad,85,0.1,marginal-M4,286,False,0.9166666666666666,,0.0,1.0,,3.5833333333333335,12,
pad,85,0.1,marginal-M5,286,False,1.0,,0.0,1.0,,2.6666666666666665,3,
pad,85,0.15,B,22,False,0.8947368421052632,0.8823529411764706,,0.8947368421052632,0.8823529411764706,2.8947368421052633,19,17.0
pad,85,0.15,M1,21,False,0.967741935483871,0.9824561403508772,0.0,1.0,1.0,3.4516129032258065,31,19.0
pad,85,0.15,M2,164,False,0.8791946308724832,0.8777777777777778,0.0,1.0,1.0,2.7986577181208054,149,105.0
pad,85,0.15,M3,76,False,0.9117647058823529,0.9214015151515152,0.0,1.0,1.0,2.838235294117647,68,44.0
pad,85,0.15,M4,8,False,0.9166666666666666,0.8888888888888888,0.0,1.0,1.0,3.0,12,9.0
pad,85,0.15,M5,2,True,1.0,1.0,0.0,1.0,1.0,4.0,3,3.0
pad,85,0.15,marginal-M1,286,False,0.9354838709677419,,0.0,1.0,,3.096774193548387,31,
pad,85,0.15,marginal-M2,286,False,0.87248322147651,,0.0,1.0,,2.966442953020134,149,
pad,85,0.15,marginal-M3,286,False,0.9411764705882353,,0.0,1.0,,3.1029411764705883,68,
pad,85,0.15,marginal-M4,286,False,0.9166666666666666,,0.0,1.0,,3.0833333333333335,12,
pad,85,0.15,marginal-M5,286,False,1.0,,0.0,1.0,,2.3333333333333335,3,
hiba,86,0.05,B,169,False,0.9770992366412213,0.9202898550724637,,1.0,1.0,5.286259541984733,262,69.0
hiba,86,0.05,M1,24,False,1.0,1.0,0.0,1.0,1.0,5.615384615384615,13,10.0
hiba,86,0.05,M2,214,False,0.917910447761194,0.9084158415841584,0.0,1.0,1.0,5.865671641791045,134,101.0
hiba,86,0.05,M3,26,False,1.0,1.0,0.0,1.0,1.0,6.142857142857143,14,8.0
hiba,86,0.05,marginal-M1,396,False,1.0,,0.0,1.0,,5.615384615384615,13,
hiba,86,0.05,marginal-M2,396,False,0.9477611940298507,,0.0,1.0,,5.350746268656716,134,
hiba,86,0.05,marginal-M3,396,False,1.0,,0.0,1.0,,5.5,14,
hiba,86,0.1,B,169,False,0.9618320610687023,0.8840579710144928,,0.9427480916030534,0.9625948930296756,3.6755725190839694,262,69.0
hiba,86,0.1,M1,24,False,1.0,1.0,0.0,1.0,1.0,4.0,13,10.0
hiba,86,0.1,M2,214,False,0.8805970149253731,0.8638613861386139,0.014925373134328358,0.9850746268656716,0.9851485148514851,4.470149253731344,134,101.0
hiba,86,0.1,M3,26,False,1.0,1.0,0.0,1.0,1.0,4.785714285714286,14,8.0
hiba,86,0.1,marginal-M1,396,False,1.0,,0.0,1.0,,3.923076923076923,13,
hiba,86,0.1,marginal-M2,396,False,0.9029850746268657,,0.014925373134328358,0.9850746268656716,,4.343283582089552,134,
hiba,86,0.1,marginal-M3,396,False,1.0,,0.0,1.0,,4.714285714285714,14,
hiba,86,0.15,B,169,False,0.9389312977099237,0.835144927536232,,0.7480916030534351,0.8980782269683872,2.7404580152671754,262,69.0
hiba,86,0.15,M1,24,False,0.7692307692307693,0.8,0.07692307692307693,0.9230769230769231,0.95,3.230769230769231,13,10.0
hiba,86,0.15,M2,214,False,0.8432835820895522,0.842079207920792,0.022388059701492536,0.9776119402985075,0.9826732673267327,3.6194029850746268,134,101.0
hiba,86,0.15,M3,26,False,1.0,1.0,0.0,1.0,1.0,3.7857142857142856,14,8.0
hiba,86,0.15,marginal-M1,396,False,1.0,,0.0,1.0,,2.6923076923076925,13,
hiba,86,0.15,marginal-M2,396,False,0.8582089552238806,,0.014925373134328358,0.9850746268656716,,3.4477611940298507,134,
hiba,86,0.15,marginal-M3,396,False,1.0,,0.0,1.0,,3.7142857142857144,14,
pad,86,0.05,B,19,False,0.7727272727272727,0.75,,1.0,1.0,3.909090909090909,22,20.0
pad,86,0.05,M1,25,False,1.0,1.0,0.0,1.0,1.0,3.7333333333333334,30,15.0
pad,86,0.05,M2,161,False,0.9523809523809523,0.9552469135802468,0.0,1.0,1.0,3.496598639455782,147,108.0
pad,86,0.05,M3,75,False,0.9375,0.9333333333333333,0.0,1.0,1.0,3.234375,64,45.0
pad,86,0.05,M4,10,True,1.0,1.0,0.0,1.0,1.0,4.555555555555555,9,7.0
pad,86,0.05,M5,3,True,1.0,1.0,0.0,1.0,1.0,4.0,2,2.0
pad,86,0.05,marginal-M1,286,False,0.9666666666666667,,0.0,1.0,,3.966666666666667,30,
pad,86,0.05,marginal-M2,286,False,0.9387755102040817,,0.0,1.0,,4.108843537414966,147,
pad,86,0.05,marginal-M3,286,False,0.96875,,0.0,1.0,,4.0,64,
pad,86,0.05,marginal-M4,286,False,1.0,,0.0,1.0,,4.444444444444445,9,
pad,86,0.05,marginal-M5,286,False,1.0,,0.0,1.0,,2.5,2,
pad,86,0.1,B,19,False,0.5,0.5,,1.0,1.0,3.1363636363636362,22,20.0
pad,86,0.1,M1,25,False,1.0,1.0,0.0,1.0,1.0,3.6,30,15.0
pad,86,0.1,M2,161,False,0.9047619047619048,0.904320987654321,0.0,1.0,1.0,3.0340136054421767,147,108.0
pad,86,0.1,M3,75,False,0.875,0.8444444444444444,0.015625,0.984375,0.9777777777777777,2.546875,64,45.0
pad,86,0.1,M4,10,False,1.0,1.0,0.0,1.0,1.0,3.5555555555555554,9,7.0
pad,86,0.1,M5,3,True,1.0,1.0,0.0,1.0,1.0,4.0,2,2.0
pad,86,0.1,marginal-M1,286,False,0.8666666666666667,,0.0,1.0,,3.1333333333333333,30,
pad,86,0.1,marginal-M2,286,False,0.8707482993197279,,0.0,1.0,,3.258503401360544,147,
pad,86,0.1,marginal-M3,286,False,0.890625,,0.0,1.0,,3.09375,64,
pad,86,0.1,marginal-M4,286,False,0.8888888888888888,,0.0,1.0,,3.2222222222222223,9,
pad,86,0.1,marginal-M5,286,False,1.0,,0.0,1.0,,2.0,2,
pad,86,0.15,B,19,False,0.45454545454545453,0.45,,1.0,1.0,3.0,22,20.0
pad,86,0.15,M1,25,False,0.9666666666666667,0.9777777777777777,0.0,1.0,1.0,3.3666666666666667,30,15.0
pad,86,0.15,M2,161,False,0.8639455782312925,0.8734567901234569,0.0,1.0,1.0,2.7823129251700682,147,108.0
pad,86,0.15,M3,75,False,0.8125,0.7777777777777778,0.015625,0.984375,0.9777777777777777,2.359375,64,45.0
pad,86,0.15,M4,10,False,1.0,1.0,0.0,1.0,1.0,3.5555555555555554,9,7.0
pad,86,0.15,M5,3,True,1.0,1.0,0.0,1.0,1.0,4.0,2,2.0
pad,86,0.15,marginal-M1,286,False,0.8333333333333334,,0.0,1.0,,2.966666666666667,30,
pad,86,0.15,marginal-M2,286,False,0.8571428571428571,,0.0,1.0,,3.0884353741496597,147,
pad,86,0.15,marginal-M3,286,False,0.875,,0.0,1.0,,2.921875,64,
pad,86,0.15,marginal-M4,286,False,0.8888888888888888,,0.0,1.0,,3.0,9,
pad,86,0.15,marginal-M5,286,False,1.0,,0.0,1.0,,2.0,2,
hiba,87,0.05,B,171,False,0.9806451612903225,0.9738805970149254,,1.0,1.0,5.95483870967742,155,67.0
hiba,87,0.05,M1,26,False,1.0,1.0,0.0,1.0,1.0,6.6,15,8.0
hiba,87,0.05,M2,210,False,0.9461538461538461,0.9595238095238096,0.0,1.0,1.0,6.684615384615385,130,105.0
hiba,87,0.05,M3,23,False,1.0,1.0,0.0,1.0,1.0,6.722222222222222,18,11.0
hiba,87,0.05,marginal-M1,396,False,1.0,,0.0,1.0,,5.8,15,
hiba,87,0.05,marginal-M2,396,False,0.9461538461538461,,0.0,1.0,,5.546153846153846,130,
hiba,87,0.05,marginal-M3,396,False,1.0,,0.0,1.0,,5.333333333333333,18,
hiba,87,0.1,B,171,False,0.9225806451612903,0.8843283582089553,,0.9806451612903225,0.9917517674783974,4.025806451612903,155,67.0
hiba,87,0.1,M1,26,False,1.0,1.0,0.0,1.0,1.0,5.0,15,8.0
hiba,87,0.1,M2,210,False,0.9384615384615385,0.95,0.0,1.0,1.0,4.969230769230769,130,105.0
hiba,87,0.1,M3,23,False,0.8888888888888888,0.8636363636363636,0.0,1.0,1.0,4.222222222222222,18,11.0
hiba,87,0.1,marginal-M1,396,False,1.0,,0.0,1.0,,4.6,15,
hiba,87,0.1,marginal-M2,396,False,0.9384615384615385,,0.0,1.0,,4.776923076923077,130,
hiba,87,0.1,marginal-M3,396,False,1.0,,0.0,1.0,,4.5,18,
hiba,87,0.15,B,171,False,0.864516129032258,0.8078358208955225,,0.9032258064516129,0.9469429169939775,3.167741935483871,155,67.0
hiba,87,0.15,M1,26,False,1.0,1.0,0.0,1.0,1.0,3.8666666666666667,15,8.0
hiba,87,0.15,M2,210,False,0.9153846153846154,0.9214285714285714,0.0,1.0,1.0,4.084615384615384,130,105.0
hiba,87,0.15,M3,23,False,0.8888888888888888,0.8636363636363636,0.0,1.0,1.0,3.0,18,11.0
hiba,87,0.15,marginal-M1,396,False,1.0,,0.0,1.0,,3.6,15,
hiba,87,0.15,marginal-M2,396,False,0.9076923076923077,,0.007692307692307693,0.9923076923076923,,3.6153846153846154,130,
hiba,87,0.15,marginal-M3,396,False,0.8888888888888888,,0.0,1.0,,3.4444444444444446,18,
pad,87,0.05,B,25,False,0.9411764705882353,0.9285714285714286,,1.0,1.0,3.4705882352941178,17,14.0
pad,87,0.05,M1,29,False,1.0,1.0,0.0,1.0,1.0,4.294117647058823,17,11.0
pad,87,0.05,M2,166,False,0.9527027027027027,0.9498381877022655,0.0,1.0,1.0,3.9864864864864864,148,103.0
pad,87,0.05,M3,67,False,0.974025974025974,0.9622641509433962,0.0,1.0,1.0,3.935064935064935,77,53.0
pad,87,0.05,M4,10,True,1.0,1.0,0.0,1.0,1.0,5.444444444444445,9,7.0
pad,87,0.05,M5,1,True,1.0,1.0,0.0,1.0,1.0,4.8,5,4.0
pad,87,0.05,marginal-M1,289,False,0.9411764705882353,,0.0,1.0,,4.117647058823529,17,
pad,87,0.05,marginal-M2,289,False,0.9324324324324325,,0.0,1.0,,3.925675675675676,148,
pad,87,0.05,marginal-M3,289,False,0.974025974025974,,0.0,1.0,,4.025974025974026,77,
pad,87,0.05,marginal-M4,289,False,1.0,,0.0,1.0,,4.666666666666667,9,
pad,87,0.05,marginal-M5,289,False,1.0,,0.0,1.0,,3.0,5,
pad,87,0.1,B,25,False,0.9411764705882353,0.9285714285714286,,0.8823529411764706,0.8571428571428571,2.7058823529411766,17,14.0
pad,87,0.1,M1,29,False,1.0,1.0,0.0,1.0,1.0,3.6470588235294117,17,11.0
pad,87,0.1,M2,166,False,0.9121621621621622,0.9012944983818771,0.0,1.0,1.0,3.1554054054054053,148,103.0
pad,87,0.1,M3,67,False,0.935064935064935,0.9465408805031446,0.0,1.0,1.0,3.1298701298701297,77,53.0
pad,87,0.1,M4,10,False,1.0,1.0,0.0,1.0,1.0,4.222222222222222,9,7.0
pad,87,0.1,M5,1,True,1.0,1.0,0.0,1.0,1.0,4.4,5,4.0
pad,87,0.1,marginal-M1,289,False,0.8823529411764706,,0.0,1.0,,3.235294117647059,17,
pad,87,0.1,marginal-M2,289,False,0.8986486486486487,,0.0,1.0,,3.27027027027027,148,
pad,87,0.1,marginal-M3,289,False,0.948051948051948,,0.0,1.0,,3.4285714285714284,77,
pad,87,0.1,marginal-M4,289,False,1.0,,0.0,1.0,,3.888888888888889,9,
pad,87,0.1,marginal-M5,289,False,0.8,,0.0,1.0,,2.4,5,
pad,87,0.15,B,25,False,0.9411764705882353,0.9285714285714286,,0.7058823529411765,0.7380952380952381,2.2941176470588234,17,14.0
pad,87,0.15,M1,29,False,0.9411764705882353,0.9696969696969696,0.0,1.0,1.0,3.5294117647058822,17,11.0
pad,87,0.15,M2,166,False,0.8108108108108109,0.8036292186777625,0.0,1.0,1.0,2.7364864864864864,148,103.0
pad,87,0.15,M3,67,False,0.8181818181818182,0.8003144654088051,0.0,1.0,1.0,2.675324675324675,77,53.0
pad,87,0.15,M4,10,False,1.0,1.0,0.0,1.0,1.0,4.222222222222222,9,7.0
pad,87,0.15,M5,1,True,1.0,1.0,0.0,1.0,1.0,4.4,5,4.0
pad,87,0.15,marginal-M1,289,False,0.8823529411764706,,0.0,1.0,,2.588235294117647,17,
pad,87,0.15,marginal-M2,289,False,0.8108108108108109,,0.0,1.0,,2.77027027027027,148,
pad,87,0.15,marginal-M3,289,False,0.8831168831168831,,0.0,1.0,,2.831168831168831,77,
pad,87,0.15,marginal-M4,289,False,0.8888888888888888,,0.0,1.0,,3.0,9,
pad,87,0.15,marginal-M5,289,False,0.4,,0.0,1.0,,1.4,5,
hiba,88,0.05,B,163,False,0.9757575757575757,0.9466666666666667,,1.0,1.0,5.624242424242424,165,75.0
hiba,88,0.05,M1,23,False,1.0,1.0,0.0,1.0,1.0,6.352941176470588,17,11.0
hiba,88,0.05,M2,226,False,0.9636363636363636,0.9662921348314607,0.0,1.0,1.0,6.3090909090909095,110,89.0
hiba,88,0.05,M3,25,False,1.0,1.0,0.0,1.0,1.0,6.5,14,9.0
hiba,88,0.05,marginal-M1,396,False,1.0,,0.0,1.0,,5.9411764705882355,17,
hiba,88,0.05,marginal-M2,396,False,0.9636363636363636,,0.0,1.0,,5.618181818181818,110,
hiba,88,0.05,marginal-M3,396,False,1.0,,0.0,1.0,,5.428571428571429,14,
hiba,88,0.1,B,163,False,0.9333333333333333,0.8888888888888887,,0.9272727272727272,0.958095238095238,3.4909090909090907,165,75.0
hiba,88,0.1,M1,23,False,1.0,1.0,0.0,1.0,1.0,4.588235294117647,17,11.0
hiba,88,0.1,M2,226,False,0.8818181818181818,0.8764044943820225,0.00909090909090909,0.990909090909091,0.9887640449438202,4.554545454545455,110,89.0
hiba,88,0.1,M3,25,False,0.9285714285714286,0.8888888888888888,0.0,1.0,1.0,4.142857142857143,14,9.0
hiba,88,0.1,marginal-M1,396,False,1.0,,0.0,1.0,,4.647058823529412,17,
hiba,88,0.1,marginal-M2,396,False,0.9363636363636364,,0.0,1.0,,4.7727272727272725,110,
hiba,88,0.1,marginal-M3,396,False,1.0,,0.0,1.0,,4.785714285714286,14,
hiba,88,0.15,B,163,False,0.9030303030303031,0.8584444444444443,,0.8666666666666667,0.8997460317460316,2.83030303030303,165,75.0
hiba,88,0.15,M1,23,False,0.9411764705882353,0.9545454545454546,0.058823529411764705,0.9411764705882353,0.9545454545454546,3.8823529411764706,17,11.0
hiba,88,0.15,M2,226,False,0.8545454545454545,0.8632958801498128,0.01818181818181818,0.9818181818181818,0.9850187265917602,3.8636363636363638,110,89.0
hiba,88,0.15,M3,25,False,0.8571428571428571,0.7777777777777778,0.0,1.0,1.0,3.4285714285714284,14,9.0
hiba,88,0.15,marginal-M1,396,False,0.9411764705882353,,0.0,1.0,,3.235294117647059,17,
hiba,88,0.15,marginal-M2,396,False,0.8545454545454545,,0.00909090909090909,0.990909090909091,,3.3181818181818183,110,
hiba,88,0.15,marginal-M3,396,False,0.9285714285714286,,0.0,1.0,,3.142857142857143,14,
pad,88,0.05,B,24,False,0.9375,0.9333333333333333,,1.0,1.0,4.5,16,15.0
pad,88,0.05,M1,27,False,1.0,1.0,0.0,1.0,1.0,4.4,25,13.0
pad,88,0.05,M2,149,False,0.9828571428571429,0.9888888888888888,0.0,1.0,1.0,4.428571428571429,175,120.0
pad,88,0.05,M3,75,False,1.0,1.0,0.0,1.0,1.0,4.164179104477612,67,45.0
pad,88,0.05,M4,11,True,1.0,1.0,0.0,1.0,1.0,5.0,7,6.0
pad,88,0.05,M5,3,True,1.0,1.0,0.0,1.0,1.0,4.5,2,2.0
pad,88,0.05,marginal-M1,280,False,0.96,,0.0,1.0,,4.2,25,
pad,88,0.05,marginal-M2,280,False,0.9428571428571428,,0.0,1.0,,3.994285714285714,175,
pad,88,0.05,marginal-M3,280,False,0.9850746268656716,,0.0,1.0,,3.9402985074626864,67,
pad,88,0.05,marginal-M4,280,False,0.8571428571428571,,0.0,1.0,,4.857142857142857,7,
pad,88,0.05,marginal-M5,280,False,1.0,,0.0,1.0,,2.5,2,
pad,88,0.1,B,24,False,0.875,0.8666666666666667,,0.9375,0.9333333333333333,3.1875,16,15.0
pad,88,0.1,M1,27,False,0.96,0.9230769230769231,0.0,1.0,1.0,3.72,25,13.0
pad,88,0.1,M2,149,False,0.8742857142857143,0.8729166666666667,0.0,1.0,1.0,3.1085714285714285,175,120.0
pad,88,0.1,M3,75,False,0.9402985074626866,0.9648148148148149,0.0,1.0,1.0,3.0,67,45.0
pad,88,0.1,M4,11,False,0.5714285714285714,0.5833333333333334,0.0,1.0,1.0,2.2857142857142856,7,6.0
pad,88,0.1,M5,3,True,1.0,1.0,0.0,1.0,1.0,4.0,2,2.0
pad,88,0.1,marginal-M1,280,False,0.92,,0.0,1.0,,3.6,25,
pad,88,0.1,marginal-M2,280,False,0.8457142857142858,,0.0,1.0,,3.2,175,
pad,88,0.1,marginal-M3,280,False,0.9253731343283582,,0.0,1.0,,3.074626865671642,67,
pad,88,0.1,marginal-M4,280,False,0.7142857142857143,,0.0,1.0,,3.5714285714285716,7,
pad,88,0.1,marginal-M5,280,False,1.0,,0.0,1.0,,2.0,2,
pad,88,0.15,B,24,False,0.8125,0.8,,0.9375,0.9333333333333333,2.9375,16,15.0
pad,88,0.15,M1,27,False,0.92,0.9038461538461539,0.0,1.0,1.0,3.08,25,13.0
pad,88,0.15,M2,149,False,0.84,0.8527777777777777,0.0,1.0,1.0,2.817142857142857,175,120.0
pad,88,0.15,M3,75,False,0.9104477611940298,0.9481481481481483,0.0,1.0,1.0,2.7611940298507465,67,45.0
pad,88,0.15,M4,11,False,0.5714285714285714,0.5833333333333334,0.0,1.0,1.0,2.2857142857142856,7,6.0
pad,88,0.15,M5,3,True,1.0,1.0,0.0,1.0,1.0,4.0,2,2.0
pad,88,0.15,marginal-M1,280,False,0.92,,0.0,1.0,,3.12,25,
pad,88,0.15,marginal-M2,280,False,0.7828571428571428,,0.0,1.0,,2.6857142857142855,175,
pad,88,0.15,marginal-M3,280,False,0.8507462686567164,,0.0,1.0,,2.5970149253731343,67,
pad,88,0.15,marginal-M4,280,False,0.7142857142857143,,0.0,1.0,,3.142857142857143,7,
pad,88,0.15,marginal-M5,280,False,0.5,,0.0,1.0,,1.0,2,
hiba,89,0.05,B,160,False,0.9444444444444444,0.9059829059829059,,1.0,1.0,5.55,180,78.0
hiba,89,0.05,M1,27,False,0.8571428571428571,0.8571428571428571,0.0,1.0,1.0,4.857142857142857,7,7.0
hiba,89,0.05,M2,217,False,0.9923076923076923,0.9897959183673469,0.0,1.0,1.0,6.230769230769231,130,98.0
hiba,89,0.05,M3,24,False,1.0,1.0,0.0,1.0,1.0,5.909090909090909,11,10.0
hiba,89,0.05,marginal-M1,396,False,1.0,,0.0,1.0,,5.714285714285714,7,
hiba,89,0.05,marginal-M2,396,False,0.9923076923076923,,0.0,1.0,,6.038461538461538,130,
hiba,89,0.05,marginal-M3,396,False,1.0,,0.0,1.0,,6.0,11,
hiba,89,0.1,B,160,False,0.9055555555555556,0.8414529914529914,,0.9166666666666666,0.9488603988603987,3.716666666666667,180,78.0
hiba,89,0.1,M1,27,False,0.8571428571428571,0.8571428571428571,0.0,1.0,1.0,4.0,7,7.0
hiba,89,0.1,M2,217,False,0.9692307692307692,0.9668367346938775,0.0,1.0,1.0,4.846153846153846,130,98.0
hiba,89,0.1,M3,24,False,0.9090909090909091,0.9,0.0,1.0,1.0,4.363636363636363,11,10.0
hiba,89,0.1,marginal-M1,396,False,0.8571428571428571,,0.0,1.0,,4.571428571428571,7,
hiba,89,0.1,marginal-M2,396,False,0.9769230769230769,,0.0,1.0,,4.8076923076923075,130,
hiba,89,0.1,marginal-M3,396,False,1.0,,0.0,1.0,,4.818181818181818,11,
hiba,89,0.15,B,160,False,0.8777777777777778,0.8113247863247863,,0.8388888888888889,0.917094017094017,2.9444444444444446,180,78.0
hiba,89,0.15,M1,27,False,0.8571428571428571,0.8571428571428571,0.0,1.0,1.0,3.5714285714285716,7,7.0
hiba,89,0.15,M2,217,False,0.9307692307692308,0.9209183673469388,0.015384615384615385,0.9846153846153847,0.9846938775510204,4.161538461538462,130,98.0
hiba,89,0.15,M3,24,False,0.9090909090909091,0.9,0.0,1.0,1.0,4.0,11,10.0
hiba,89,0.15,marginal-M1,396,False,0.8571428571428571,,0.0,1.0,,2.857142857142857,7,
hiba,89,0.15,marginal-M2,396,False,0.9230769230769231,,0.023076923076923078,0.9769230769230769,,3.5076923076923077,130,
hiba,89,0.15,marginal-M3,396,False,0.9090909090909091,,0.0,1.0,,3.3636363636363638,11,
pad,89,0.05,B,24,False,0.7647058823529411,0.7333333333333333,,0.9411764705882353,0.9333333333333333,3.3529411764705883,17,15.0
pad,89,0.05,M1,29,False,1.0,1.0,0.0,1.0,1.0,3.5,18,11.0
pad,89,0.05,M2,153,False,0.9333333333333333,0.9281609195402298,0.0,1.0,1.0,3.3212121212121213,165,116.0
pad,89,0.05,M3,72,False,0.927536231884058,0.9166666666666666,0.0,1.0,1.0,3.0869565217391304,69,48.0
pad,89,0.05,M4,11,True,1.0,1.0,0.0,1.0,1.0,5.166666666666667,6,6.0
pad,89,0.05,M5,3,True,1.0,1.0,0.0,1.0,1.0,4.0,3,2.0
pad,89,0.05,marginal-M1,280,False,0.8888888888888888,,0.0,1.0,,3.611111111111111,18,
pad,89,0.05,marginal-M2,280,False,0.9272727272727272,,0.0,1.0,,3.727272727272727,165,
pad,89,0.05,marginal-M3,280,False,0.9420289855072463,,0.0,1.0,,3.739130434782609,69,
pad,89,0.05,marginal-M4,280,False,1.0,,0.0,1.0,,5.0,6,
pad,89,0.05,marginal-M5,280,False,1.0,,0.0,1.0,,3.0,3,
pad,89,0.1,B,24,False,0.7647058823529411,0.7333333333333333,,0.9411764705882353,0.9333333333333333,3.0588235294117645,17,15.0
pad,89,0.1,M1,29,False,0.8888888888888888,0.8181818181818182,0.0,1.0,1.0,2.4444444444444446,18,11.0
pad,89,0.1,M2,153,False,0.9030303030303031,0.8936781609195401,0.0,1.0,1.0,3.0606060606060606,165,116.0
pad,89,0.1,M3,72,False,0.8840579710144928,0.8854166666666666,0.0,1.0,1.0,2.7246376811594204,69,48.0
pad,89,0.1,M4,11,False,1.0,1.0,0.0,1.0,1.0,4.833333333333333,6,6.0
pad,89,0.1,M5,3,True,1.0,1.0,0.0,1.0,1.0,4.0,3,2.0
pad,89,0.1,marginal-M1,280,False,0.8888888888888888,,0.0,1.0,,2.888888888888889,18,
pad,89,0.1,marginal-M2,280,False,0.8666666666666667,,0.0,1.0,,3.1575757575757577,165,
pad,89,0.1,marginal-M3,280,False,0.8840579710144928,,0.0,1.0,,3.0869565217391304,69,
pad,89,0.1,marginal-M4,280,False,0.8333333333333334,,0.0,1.0,,4.166666666666667,6,
pad,89,0.1,marginal-M5,280,False,0.6666666666666666,,0.0,1.0,,1.6666666666666667,3,
pad,89,0.15,B,24,False,0.7647058823529411,0.7333333333333333,,0.9411764705882353,0.9333333333333333,2.764705882352941,17,15.0
pad,89,0.15,M1,29,False,0.7777777777777778,0.7272727272727273,0.0,1.0,1.0,1.8888888888888888,18,11.0
pad,89,0.15,M2,153,False,0.8424242424242424,0.8441091954022989,0.0,1.0,1.0,2.757575757575758,165,116.0
pad,89,0.15,M3,72,False,0.855072463768116,0.84375,0.0,1.0,1.0,2.5652173913043477,69,48.0
pad,89,0.15,M4,11,False,1.0,1.0,0.0,1.0,1.0,4.833333333333333,6,6.0
pad,89,0.15,M5,3,True,1.0,1.0,0.0,1.0,1.0,4.0,3,2.0
pad,89,0.15,marginal-M1,280,False,0.8888888888888888,,0.0,1.0,,2.5,18,
pad,89,0.15,marginal-M2,280,False,0.8242424242424242,,0.0,1.0,,2.7636363636363637,165,
pad,89,0.15,marginal-M3,280,False,0.8695652173913043,,0.0,1.0,,2.7971014492753623,69,
pad,89,0.15,marginal-M4,280,False,0.8333333333333334,,0.0,1.0,,3.8333333333333335,6,
pad,89,0.15,marginal-M5,280,False,0.6666666666666666,,0.0,1.0,,1.3333333333333333,3,
hiba,90,0.05,B,166,False,0.9945945945945946,0.9930555555555556,,1.0,1.0,5.572972972972973,185,72.0
hiba,90,0.05,M1,27,False,1.0,1.0,0.0,1.0,1.0,6.454545454545454,11,7.0
hiba,90,0.05,M2,221,False,0.928,0.9281914893617021,0.0,1.0,1.0,6.488,125,94.0
hiba,90,0.05,M3,22,False,0.8823529411764706,0.8333333333333334,0.0,1.0,1.0,5.764705882352941,17,12.0
hiba,90,0.05,marginal-M1,396,False,1.0,,0.0,1.0,,6.0,11,
hiba,90,0.05,marginal-M2,396,False,0.96,,0.0,1.0,,5.944,125,
hiba,90,0.05,marginal-M3,396,False,1.0,,0.0,1.0,,5.588235294117647,17,
hiba,90,0.1,B,166,False,0.9621621621621622,0.9166666666666666,,0.9783783783783784,0.9956196581196581,3.9351351351351354,185,72.0
hiba,90,0.1,M1,27,False,1.0,1.0,0.0,1.0,1.0,4.909090909090909,11,7.0
hiba,90,0.1,M2,221,False,0.92,0.9228723404255319,0.0,1.0,1.0,4.776,125,94.0
hiba,90,0.1,M3,22,False,0.8823529411764706,0.8333333333333334,0.0,1.0,1.0,3.764705882352941,17,12.0
hiba,90,0.1,marginal-M1,396,False,1.0,,0.0,1.0,,4.909090909090909,11,
hiba,90,0.1,marginal-M2,396,False,0.92,,0.0,1.0,,4.648,125,
hiba,90,0.1,marginal-M3,396,False,0.9411764705882353,,0.0,1.0,,4.764705882352941,17,
hiba,90,0.15,B,166,False,0.9243243243243243,0.8600694444444444,,0.9405405405405406,0.9736912393162392,3.3513513513513513,185,72.0
hiba,90,0.15,M1,27,False,1.0,1.0,0.0,1.0,1.0,4.363636363636363,11,7.0
hiba,90,0.15,M2,221,False,0.888,0.8909574468085106,0.0,1.0,1.0,4.048,125,94.0
hiba,90,0.15,M3,22,False,0.8235294117647058,0.75,0.0,1.0,1.0,3.411764705882353,17,12.0
hiba,90,0.15,marginal-M1,396,False,1.0,,0.0,1.0,,4.0,11,
hiba,90,0.15,marginal-M2,396,False,0.896,,0.0,1.0,,3.776,125,
hiba,90,0.15,marginal-M3,396,False,0.8823529411764706,,0.0,1.0,,3.9411764705882355,17,
pad,90,0.05,B,21,False,1.0,1.0,,1.0,1.0,4.086956521739131,23,18.0
pad,90,0.05,M1,22,False,0.9354838709677419,0.8888888888888888,0.0,1.0,1.0,3.935483870967742,31,18.0
pad,90,0.05,M2,161,False,0.9671052631578947,0.9629629629629629,0.0,1.0,1.0,4.0394736842105265,152,108.0
pad,90,0.05,M3,78,False,0.9552238805970149,0.9523809523809523,0.0,1.0,1.0,3.8507462686567164,67,42.0
pad,90,0.05,M4,12,True,1.0,1.0,0.0,1.0,1.0,5.6,5,5.0
pad,90,0.05,M5,1,True,1.0,1.0,0.0,1.0,1.0,4.6,5,4.0
pad,90,0.05,marginal-M1,287,False,0.9354838709677419,,0.0,1.0,,3.903225806451613,31,
pad,90,0.05,marginal-M2,287,False,0.9671052631578947,,0.0,1.0,,4.006578947368421,152,
pad,90,0.05,marginal-M3,287,False,0.9552238805970149,,0.0,1.0,,3.985074626865672,67,
pad,90,0.05,marginal-M4,287,False,1.0,,0.0,1.0,,4.4,5,
pad,90,0.05,marginal-M5,287,False,1.0,,0.0,1.0,,2.8,5,
pad,90,0.1,B,21,False,0.9565217391304348,0.9444444444444444,,0.9565217391304348,0.9444444444444444,3.5217391304347827,23,18.0
pad,90,0.1,M1,22,False,0.9354838709677419,0.8888888888888888,0.0,1.0,1.0,3.129032258064516,31,18.0
pad,90,0.1,M2,161,False,0.9539473684210527,0.95679012345679,0.0,1.0,1.0,3.2565789473684212,152,108.0
pad,90,0.1,M3,78,False,0.8955223880597015,0.896825396825397,0.0,1.0,1.0,2.91044776119403,67,42.0
pad,90,0.1,M4,12,False,1.0,1.0,0.0,1.0,1.0,3.6,5,5.0
pad,90,0.1,M5,1,True,1.0,1.0,0.0,1.0,1.0,4.0,5,4.0
pad,90,0.1,marginal-M1,287,False,0.9354838709677419,,0.0,1.0,,3.129032258064516,31,
pad,90,0.1,marginal-M2,287,False,0.8947368421052632,,0.0,1.0,,3.276315789473684,152,
pad,90,0.1,marginal-M3,287,False,0.9253731343283582,,0.0,1.0,,3.298507462686567,67,
pad,90,0.1,marginal-M4,287,False,1.0,,0.0,1.0,,3.4,5,
pad,90,0.1,marginal-M5,287,False,0.8,,0.0,1.0,,2.2,5,
pad,90,0.15,B,21,False,0.9565217391304348,0.9444444444444444,,0.8695652173913043,0.9074074074074073,3.1739130434782608,23,18.0
pad,90,0.15,M1,22,False,0.9354838709677419,0.8888888888888888,0.0,1.0,1.0,2.838709677419355,31,18.0
pad,90,0.15,M2,161,False,0.875,0.8981481481481481,0.0,1.0,1.0,2.8223684210526314,152,108.0
pad,90,0.15,M3,78,False,0.835820895522388,0.834325396825397,0.0,1.0,1.0,2.701492537313433,67,42.0
pad,90,0.15,M4,12,False,1.0,1.0,0.0,1.0,1.0,3.6,5,5.0
pad,90,0.15,M5,1,True,1.0,1.0,0.0,1.0,1.0,4.0,5,4.0
pad,90,0.15,marginal-M1,287,False,0.9032258064516129,,0.0,1.0,,2.6129032258064515,31,
pad,90,0.15,marginal-M2,287,False,0.868421052631579,,0.0,1.0,,2.848684210526316,152,
pad,90,0.15,marginal-M3,287,False,0.8656716417910447,,0.0,1.0,,2.955223880597015,67,
pad,90,0.15,marginal-M4,287,False,1.0,,0.0,1.0,,2.8,5,
pad,90,0.15,marginal-M5,287,False,0.8,,0.0,1.0,,1.6,5,
hiba,91,0.05,B,157,False,0.9817351598173516,0.9598765432098766,,1.0,1.0,5.575342465753424,219,81.0
hiba,91,0.05,M1,27,False,0.9,0.8571428571428571,0.0,1.0,1.0,5.5,10,7.0
hiba,91,0.05,M2,225,False,0.943089430894309,0.9583333333333334,0.0,1.0,1.0,6.373983739837398,123,90.0
hiba,91,0.05,M3,22,False,1.0,1.0,0.0,1.0,1.0,6.642857142857143,14,12.0
hiba,91,0.05,marginal-M1,396,False,1.0,,0.0,1.0,,5.5,10,
hiba,91,0.05,marginal-M2,396,False,0.9512195121951219,,0.0,1.0,,5.479674796747967,123,
hiba,91,0.05,marginal-M3,396,False,1.0,,0.0,1.0,,5.928571428571429,14,
hiba,91,0.1,B,157,False,0.954337899543379,0.9228395061728395,,0.9634703196347032,0.9840176526451038,3.730593607305936,219,81.0
hiba,91,0.1,M1,27,False,0.9,0.8571428571428571,0.0,1.0,1.0,4.3,10,7.0
hiba,91,0.1,M2,225,False,0.8943089430894309,0.9083333333333333,0.024390243902439025,0.975609756097561,0.9833333333333333,4.658536585365853,123,90.0
hiba,91,0.1,M3,22,False,1.0,1.0,0.0,1.0,1.0,5.142857142857143,14,12.0
hiba,91,0.1,marginal-M1,396,False,0.9,,0.0,1.0,,4.3,10,
hiba,91,0.1,marginal-M2,396,False,0.8943089430894309,,0.024390243902439025,0.975609756097561,,4.390243902439025,123,
hiba,91,0.1,marginal-M3,396,False,1.0,,0.0,1.0,,5.0,14,
hiba,91,0.15,B,157,False,0.9269406392694064,0.875514403292181,,0.8721461187214612,0.9473297581140719,2.8858447488584473,219,81.0
hiba,91,0.15,M1,27,False,0.9,0.8571428571428571,0.0,1.0,1.0,3.9,10,7.0
hiba,91,0.15,M2,225,False,0.8455284552845529,0.8731481481481482,0.032520325203252036,0.967479674796748,0.9796296296296295,3.861788617886179,123,90.0
hiba,91,0.15,M3,22,False,0.8571428571428571,0.8333333333333334,0.0,1.0,1.0,4.0,14,12.0
hiba,91,0.15,marginal-M1,396,False,0.9,,0.0,1.0,,3.6,10,
hiba,91,0.15,marginal-M2,396,False,0.8861788617886179,,0.024390243902439025,0.975609756097561,,3.845528455284553,123,
hiba,91,0.15,marginal-M3,396,False,1.0,,0.0,1.0,,4.214285714285714,14,
pad,91,0.05,B,21,False,1.0,1.0,,1.0,1.0,3.9130434782608696,23,18.0
pad,91,0.05,M1,27,False,0.92,0.8846153846153846,0.0,1.0,1.0,3.84,25,13.0
pad,91,0.05,M2,154,False,0.9447852760736196,0.9420289855072463,0.0,1.0,1.0,4.042944785276074,163,115.0
pad,91,0.05,M3,71,False,0.9743589743589743,0.9591836734693877,0.0,1.0,1.0,4.038461538461538,78,49.0
pad,91,0.05,M4,11,True,1.0,1.0,0.0,1.0,1.0,5.333333333333333,6,6.0
pad,91,0.05,M5,3,True,1.0,1.0,0.0,1.0,1.0,4.5,2,2.0
pad,91,0.05,marginal-M1,277,False,0.92,,0.0,1.0,,3.76,25,
pad,91,0.05,marginal-M2,277,False,0.9447852760736196,,0.0,1.0,,4.012269938650307,163,
pad,91,0.05,marginal-M3,277,False,0.9743589743589743,,0.0,1.0,,4.102564102564102,78,
pad,91,0.05,marginal-M4,277,False,0.8333333333333334,,0.0,1.0,,4.5,6,
pad,91,0.05,marginal-M5,277,False,1.0,,0.0,1.0,,2.5,2,
pad,91,0.1,B,21,False,1.0,1.0,,0.9565217391304348,0.9444444444444444,3.347826086956522,23,18.0
pad,91,0.1,M1,27,False,0.92,0.8846153846153846,0.0,1.0,1.0,3.76,25,13.0
pad,91,0.1,M2,154,False,0.8834355828220859,0.8782608695652174,0.0,1.0,1.0,3.5705521472392636,163,115.0
pad,91,0.1,M3,71,False,0.9615384615384616,0.9387755102040817,0.0,1.0,1.0,3.641025641025641,78,49.0
pad,91,0.1,M4,11,False,0.8333333333333334,0.8333333333333334,0.0,1.0,1.0,4.166666666666667,6,6.0
pad,91,0.1,M5,3,True,1.0,1.0,0.0,1.0,1.0,4.5,2,2.0
pad,91,0.1,marginal-M1,277,False,0.84,,0.0,1.0,,2.8,25,
pad,91,0.1,marginal-M2,277,False,0.852760736196319,,0.0,1.0,,3.1104294478527605,163,
pad,91,0.1,marginal-M3,277,False,0.9487179487179487,,0.0,1.0,,3.269230769230769,78,
pad,91,0.1,marginal-M4,277,False,0.8333333333333334,,0.0,1.0,,3.6666666666666665,6,
pad,91,0.1,marginal-M5,277,False,1.0,,0.0,1.0,,2.0,2,
pad,91,0.15,B,21,False,0.9565217391304348,0.9444444444444444,,0.9565217391304348,0.9444444444444444,2.9130434782608696,23,18.0
pad,91,0.15,M1,27,False,0.84,0.8269230769230769,0.0,1.0,1.0,2.76,25,13.0
pad,91,0.15,M2,154,False,0.8466257668711656,0.8507246376811595,0.0,1.0,1.0,2.8834355828220857,163,115.0
pad,91,0.15,M3,71,False,0.9230769230769231,0.8954081632653061,0.0,1.0,1.0,3.076923076923077,78,49.0
pad,91,0.15,M4,11,False,0.8333333333333334,0.8333333333333334,0.0,1.0,1.0,3.6666666666666665,6,6.0
pad,91,0.15,M5,3,True,1.0,1.0,0.0,1.0,1.0,4.0,2,2.0
pad,91,0.15,marginal-M1,277,False,0.8,,0.0,1.0,,2.56,25,
pad,91,0.15,marginal-M2,277,False,0.8220858895705522,,0.0,1.0,,2.766871165644172,163,
pad,91,0.15,marginal-M3,277,False,0.8974358974358975,,0.0,1.0,,3.0256410256410255,78,
pad,91,0.15,marginal-M4,277,False,0.8333333333333334,,0.0,1.0,,3.5,6,
pad,91,0.15,marginal-M5,277,False,0.5,,0.0,1.0,,1.5,2,
hiba,92,0.05,B,175,False,0.9915966386554622,0.9682539682539683,,1.0,1.0,6.079831932773109,238,63.0
hiba,92,0.05,M1,24,False,1.0,1.0,0.0,1.0,1.0,6.4375,16,10.0
hiba,92,0.05,M2,215,False,0.9922480620155039,0.99,0.0,1.0,1.0,6.961240310077519,129,100.0
hiba,92,0.05,M3,25,False,1.0,1.0,0.0,1.0,1.0,7.0,9,9.0
hiba,92,0.05,marginal-M1,396,False,1.0,,0.0,1.0,,6.4375,16,
hiba,92,0.05,marginal-M2,396,False,0.9922480620155039,,0.0,1.0,,6.24031007751938,129,
hiba,92,0.05,marginal-M3,396,False,1.0,,0.0,1.0,,6.555555555555555,9,
hiba,92,0.1,B,175,False,0.9789915966386554,0.9470899470899472,,0.9957983193277311,0.9973544973544974,4.142857142857143,238,63.0
hiba,92,0.1,M1,24,False,1.0,1.0,0.0,1.0,1.0,5.1875,16,10.0
hiba,92,0.1,M2,215,False,0.9302325581395349,0.9325,0.007751937984496124,0.9922480620155039,0.995,5.1937984496124034,129,100.0
hiba,92,0.1,M3,25,False,1.0,1.0,0.0,1.0,1.0,5.555555555555555,9,9.0
hiba,92,0.1,marginal-M1,396,False,1.0,,0.0,1.0,,4.875,16,
hiba,92,0.1,marginal-M2,396,False,0.9534883720930233,,0.007751937984496124,0.9922480620155039,,4.868217054263566,129,
hiba,92,0.1,marginal-M3,396,False,1.0,,0.0,1.0,,5.666666666666667,9,
hiba,92,0.15,B,175,False,0.9747899159663865,0.9312169312169313,,0.9285714285714286,0.9497858402620307,3.361344537815126,238,63.0
hiba,92,0.15,M1,24,False,1.0,1.0,0.0,1.0,1.0,4.75,16,10.0
hiba,92,0.15,M2,215,False,0.9224806201550387,0.9225,0.015503875968992248,0.9844961240310077,0.99,4.410852713178294,129,100.0
hiba,92,0.15,M3,25,False,1.0,1.0,0.0,1.0,1.0,5.333333333333333,9,9.0
hiba,92,0.15,marginal-M1,396,False,1.0,,0.0,1.0,,4.125,16,
hiba,92,0.15,marginal-M2,396,False,0.9302325581395349,,0.015503875968992248,0.9844961240310077,,4.232558139534884,129,
hiba,92,0.15,marginal-M3,396,False,1.0,,0.0,1.0,,4.666666666666667,9,
pad,92,0.05,B,19,False,1.0,1.0,,1.0,1.0,3.869565217391304,23,20.0
pad,92,0.05,M1,25,False,0.96,0.9333333333333333,0.0,1.0,1.0,4.4,25,15.0
pad,92,0.05,M2,158,False,0.9707602339181286,0.9714714714714715,0.0,1.0,1.0,4.12280701754386,171,111.0
pad,92,0.05,M3,78,False,0.9866666666666667,0.9761904761904762,0.0,1.0,1.0,4.4,75,42.0
pad,92,0.05,M4,13,True,1.0,1.0,0.0,1.0,1.0,6.0,4,4.0
pad,92,0.05,M5,2,True,1.0,1.0,0.0,1.0,1.0,5.0,4,3.0
pad,92,0.05,marginal-M1,287,False,0.96,,0.0,1.0,,4.24,25,
pad,92,0.05,marginal-M2,287,False,0.9707602339181286,,0.0,1.0,,4.046783625730995,171,
pad,92,0.05,marginal-M3,287,False,0.9866666666666667,,0.0,1.0,,4.226666666666667,75,
pad,92,0.05,marginal-M4,287,False,1.0,,0.0,1.0,,5.0,4,
pad,92,0.05,marginal-M5,287,False,1.0,,0.0,1.0,,3.5,4,
pad,92,0.1,B,19,False,1.0,1.0,,1.0,1.0,3.4782608695652173,23,20.0
pad,92,0.1,M1,25,False,0.96,0.9333333333333333,0.0,1.0,1.0,4.2,25,15.0
pad,92,0.1,M2,158,False,0.935672514619883,0.9324324324324325,0.0,1.0,1.0,3.783625730994152,171,111.0
pad,92,0.1,M3,78,False,0.9333333333333333,0.9087301587301588,0.0,1.0,1.0,3.493333333333333,75,42.0
pad,92,0.1,M4,13,False,1.0,1.0,0.0,1.0,1.0,5.0,4,4.0
pad,92,0.1,M5,2,True,1.0,1.0,0.0,1.0,1.0,5.0,4,3.0
pad,92,0.1,marginal-M1,287,False,0.96,,0.0,1.0,,3.56,25,
pad,92,0.1,marginal-M2,287,False,0.9181286549707602,,0.0,1.0,,3.345029239766082,171,
pad,92,0.1,marginal-M3,287,False,0.9733333333333334,,0.0,1.0,,3.5733333333333333,75,
pad,92,0.1,marginal-M4,287,False,1.0,,0.0,1.0,,4.25,4,
pad,92,0.1,marginal-M5,287,False,1.0,,0.0,1.0,,3.25,4,
pad,92,0.15,B,19,False,0.9130434782608695,0.9,,0.8695652173913043,0.9166666666666666,2.6956521739130435,23,20.0
pad,92,0.15,M1,25,False,0.96,0.9333333333333333,0.0,1.0,1.0,3.04,25,15.0
pad,92,0.15,M2,158,False,0.847953216374269,0.8460960960960962,0.0,1.0,1.0,2.654970760233918,171,111.0
pad,92,0.15,M3,78,False,0.88,0.8640873015873017,0.0,1.0,1.0,2.7466666666666666,75,42.0
pad,92,0.15,M4,13,False,0.75,0.75,0.0,1.0,1.0,3.5,4,4.0
pad,92,0.15,M5,2,True,1.0,1.0,0.0,1.0,1.0,4.5,4,3.0
pad,92,0.15,marginal-M1,287,False,0.92,,0.0,1.0,,2.96,25,
pad,92,0.15,marginal-M2,287,False,0.8421052631578947,,0.0,1.0,,2.7251461988304095,171,
pad,92,0.15,marginal-M3,287,False,0.88,,0.0,1.0,,2.973333333333333,75,
pad,92,0.15,marginal-M4,287,False,0.75,,0.0,1.0,,3.5,4,
pad,92,0.15,marginal-M5,287,False,0.5,,0.0,1.0,,1.75,4,
hiba,93,0.05,B,173,False,0.973404255319149,0.9230769230769231,,1.0,1.0,5.542553191489362,188,65.0
hiba,93,0.05,M1,27,False,1.0,1.0,0.0,1.0,1.0,6.1,10,7.0
hiba,93,0.05,M2,218,False,0.940677966101695,0.9381443298969072,0.0,1.0,1.0,6.093220338983051,118,97.0
hiba,93,0.05,M3,22,False,1.0,1.0,0.0,1.0,1.0,6.470588235294118,17,12.0
hiba,93,0.05,marginal-M1,396,False,1.0,,0.0,1.0,,6.1,10,
hiba,93,0.05,marginal-M2,396,False,0.9491525423728814,,0.0,1.0,,5.677966101694915,118,
hiba,93,0.05,marginal-M3,396,False,1.0,,0.0,1.0,,5.352941176470588,17,
hiba,93,0.1,B,173,False,0.9521276595744681,0.891025641025641,,0.9574468085106383,0.9461021331609567,3.7925531914893615,188,65.0
hiba,93,0.1,M1,27,False,1.0,1.0,0.0,1.0,1.0,4.7,10,7.0
hiba,93,0.1,M2,218,False,0.8559322033898306,0.8530927835051546,0.025423728813559324,0.9745762711864406,0.979381443298969,4.466101694915254,118,97.0
hiba,93,0.1,M3,22,False,1.0,1.0,0.0,1.0,1.0,4.705882352941177,17,12.0
hiba,93,0.1,marginal-M1,396,False,1.0,,0.0,1.0,,4.6,10,
hiba,93,0.1,marginal-M2,396,False,0.8983050847457628,,0.01694915254237288,0.9830508474576272,,4.415254237288136,118,
hiba,93,0.1,marginal-M3,396,False,1.0,,0.0,1.0,,4.705882352941177,17,
hiba,93,0.15,B,173,False,0.9095744680851063,0.826025641025641,,0.8617021276595744,0.8691810408373876,3.0372340425531914,188,65.0
hiba,93,0.15,M1,27,False,1.0,1.0,0.0,1.0,1.0,3.8,10,7.0
hiba,93,0.15,M2,218,False,0.8389830508474576,0.8445017182130583,0.025423728813559324,0.9745762711864406,0.979381443298969,3.6440677966101696,118,97.0
hiba,93,0.15,M3,22,False,1.0,1.0,0.0,1.0,1.0,4.294117647058823,17,12.0
hiba,93,0.15,marginal-M1,396,False,1.0,,0.0,1.0,,3.2,10,
hiba,93,0.15,marginal-M2,396,False,0.8389830508474576,,0.025423728813559324,0.9745762711864406,,3.2711864406779663,118,
hiba,93,0.15,marginal-M3,396,False,0.9411764705882353,,0.0,1.0,,3.411764705882353,17,
pad,93,0.05,B,18,True,1.0,1.0,,1.0,1.0,6.230769230769231,26,21.0
pad,93,0.05,M1,24,False,1.0,1.0,0.0,1.0,1.0,7.40625,32,16.0
pad,93,0.05,M2,170,False,0.9366197183098591,0.9309764309764309,0.0,1.0,1.0,6.992957746478873,142,99.0
pad,93,0.05,M3,70,False,1.0,1.0,0.0,1.0,1.0,7.225352112676056,71,50.0
pad,93,0.05,M4,8,True,1.0,1.0,0.0,1.0,1.0,8.0,11,9.0
pad,93,0.05,M5,2,True,1.0,1.0,0.0,1.0,1.0,8.0,3,3.0
pad,93,0.05,marginal-M1,286,False,1.0,,0.0,1.0,,3.9375,32,
pad,93,0.05,marginal-M2,286,False,0.9507042253521126,,0.0,1.0,,4.119718309859155,142,
pad,93,0.05,marginal-M3,286,False,1.0,,0.0,1.0,,4.014084507042254,71,
pad,93,0.05,marginal-M4,286,False,0.9090909090909091,,0.0,1.0,,4.7272727272727275,11,
pad,93,0.05,marginal-M5,286,False,1.0,,0.0,1.0,,3.3333333333333335,3,
pad,93,0.1,B,18,False,0.9615384615384616,0.9523809523809523,,0.9615384615384616,0.9523809523809523,3.423076923076923,26,21.0
pad,93,0.1,M1,24,False,1.0,1.0,0.0,1.0,1.0,4.125,32,16.0
pad,93,0.1,M2,170,False,0.8380281690140845,0.8350168350168349,0.014084507042253521,0.9859154929577465,0.9865319865319865,3.4859154929577465,142,99.0
pad,93,0.1,M3,70,False,0.9436619718309859,0.95,0.0,1.0,1.0,3.591549295774648,71,50.0
pad,93,0.1,M4,8,True,1.0,1.0,0.0,1.0,1.0,5.454545454545454,11,9.0
pad,93,0.1,M5,2,True,1.0,1.0,0.0,1.0,1.0,5.0,3,3.0
pad,93,0.1,marginal-M1,286,False,0.96875,,0.0,1.0,,3.4375,32,
pad,93,0.1,marginal-M2,286,False,0.8802816901408451,,0.0,1.0,,3.4788732394366195,142,
pad,93,0.1,marginal-M3,286,False,0.9577464788732394,,0.0,1.0,,3.4507042253521125,71,
pad,93,0.1,marginal-M4,286,False,0.9090909090909091,,0.0,1.0,,3.909090909090909,11,
pad,93,0.1,marginal-M5,286,False,1.0,,0.0,1.0,,3.3333333333333335,3,
pad,93,0.15,B,18,False,0.9615384615384616,0.9523809523809523,,0.8846153846153846,0.9206349206349206,2.576923076923077,26,21.0
pad,93,0.15,M1,24,False,1.0,1.0,0.0,1.0,1.0,3.59375,32,16.0
pad,93,0.15,M2,170,False,0.8028169014084507,0.8122895622895622,0.0,1.0,1.0,2.7183098591549295,142,99.0
pad,93,0.15,M3,70,False,0.8873239436619719,0.88,0.0,1.0,1.0,2.943661971830986,71,50.0
pad,93,0.15,M4,8,False,0.8181818181818182,0.7777777777777778,0.0,1.0,1.0,3.1818181818181817,11,9.0
pad,93,0.15,M5,2,True,1.0,1.0,0.0,1.0,1.0,4.666666666666667,3,3.0
pad,93,0.15,marginal-M1,286,False,0.9375,,0.0,1.0,,2.75,32,
pad,93,0.15,marginal-M2,286,False,0.8098591549295775,,0.0,1.0,,2.788732394366197,142,
pad,93,0.15,marginal-M3,286,False,0.9014084507042254,,0.0,1.0,,2.971830985915493,71,
pad,93,0.15,marginal-M4,286,False,0.8181818181818182,,0.0,1.0,,3.3636363636363638,11,
pad,93,0.15,marginal-M5,286,False,0.3333333333333333,,0.0,1.0,,2.0,3,
hiba,94,0.05,B,167,False,0.9647058823529412,0.9225352112676056,,1.0,1.0,5.435294117647059,170,71.0
hiba,94,0.05,M1,26,False,0.9,0.875,0.0,1.0,1.0,4.9,10,8.0
hiba,94,0.05,M2,216,False,0.952755905511811,0.952020202020202,0.0,1.0,1.0,6.2362204724409445,127,99.0
hiba,94,0.05,M3,25,False,1.0,1.0,0.0,1.0,1.0,6.888888888888889,9,9.0
hiba,94,0.05,marginal-M1,396,False,1.0,,0.0,1.0,,5.8,10,
hiba,94,0.05,marginal-M2,396,False,0.9606299212598425,,0.0,1.0,,5.724409448818897,127,
hiba,94,0.05,marginal-M3,396,False,1.0,,0.0,1.0,,6.222222222222222,9,
hiba,94,0.1,B,167,False,0.9352941176470588,0.8591549295774648,,0.9352941176470588,0.9579437408766324,3.764705882352941,170,71.0
hiba,94,0.1,M1,26,False,0.7,0.75,0.0,1.0,1.0,4.3,10,8.0
hiba,94,0.1,M2,216,False,0.937007874015748,0.9318181818181818,0.0,1.0,1.0,4.834645669291339,127,99.0
hiba,94,0.1,M3,25,False,1.0,1.0,0.0,1.0,1.0,5.222222222222222,9,9.0
hiba,94,0.1,marginal-M1,396,False,0.9,,0.0,1.0,,4.2,10,
hiba,94,0.1,marginal-M2,396,False,0.937007874015748,,0.0,1.0,,4.535433070866142,127,
hiba,94,0.1,marginal-M3,396,False,1.0,,0.0,1.0,,5.444444444444445,9,
hiba,94,0.15,B,167,False,0.9117647058823529,0.8339201877934272,,0.8588235294117647,0.9136436264646706,2.735294117647059,170,71.0
hiba,94,0.15,M1,26,False,0.5,0.5,0.1,0.9,0.9375,3.1,10,8.0
hiba,94,0.15,M2,216,False,0.8110236220472441,0.8119528619528619,0.023622047244094488,0.9763779527559056,0.9772727272727273,3.622047244094488,127,99.0
hiba,94,0.15,M3,25,False,1.0,1.0,0.0,1.0,1.0,4.444444444444445,9,9.0
hiba,94,0.15,marginal-M1,396,False,0.9,,0.0,1.0,,3.2,10,
hiba,94,0.15,marginal-M2,396,False,0.84251968503937,,0.015748031496062992,0.984251968503937,,3.354330708661417,127,
hiba,94,0.15,marginal-M3,396,False,0.8888888888888888,,0.0,1.0,,3.3333333333333335,9,
pad,94,0.05,B,22,False,0.7222222222222222,0.7058823529411765,,1.0,1.0,3.611111111111111,18,17.0
pad,94,0.05,M1,31,False,1.0,1.0,0.0,1.0,1.0,3.875,16,9.0
pad,94,0.05,M2,157,False,0.9161676646706587,0.9092261904761905,0.0,1.0,1.0,3.2754491017964074,167,112.0
pad,94,0.05,M3,68,False,0.8970588235294118,0.9070512820512822,0.0,1.0,1.0,3.264705882352941,68,52.0
pad,94,0.05,M4,10,True,1.0,1.0,0.0,1.0,1.0,4.666666666666667,9,7.0
pad,94,0.05,M5,4,True,1.0,1.0,0.0,1.0,1.0,6.0,1,1.0
pad,94,0.05,marginal-M1,282,False,1.0,,0.0,1.0,,3.75,16,
pad,94,0.05,marginal-M2,282,False,0.9161676646706587,,0.0,1.0,,3.7365269461077846,167,
pad,94,0.05,marginal-M3,282,False,0.9264705882352942,,0.0,1.0,,3.8088235294117645,68,
pad,94,0.05,marginal-M4,282,False,1.0,,0.0,1.0,,4.222222222222222,9,
pad,94,0.05,marginal-M5,282,False,1.0,,0.0,1.0,,5.0,1,
pad,94,0.1,B,22,False,0.7222222222222222,0.7058823529411765,,1.0,1.0,3.3333333333333335,18,17.0
pad,94,0.1,M1,31,False,1.0,1.0,0.0,1.0,1.0,3.6875,16,9.0
pad,94,0.1,M2,157,False,0.8982035928143712,0.8913690476190476,0.0,1.0,1.0,3.0179640718562872,167,112.0
pad,94,0.1,M3,68,False,0.8529411764705882,0.8493589743589745,0.0,1.0,1.0,2.9705882352941178,68,52.0
pad,94,0.1,M4,10,False,1.0,1.0,0.0,1.0,1.0,4.111111111111111,9,7.0
pad,94,0.1,M5,4,True,1.0,1.0,0.0,1.0,1.0,6.0,1,1.0
pad,94,0.1,marginal-M1,282,False,0.9375,,0.0,1.0,,3.25,16,
pad,94,0.1,marginal-M2,282,False,0.874251497005988,,0.0,1.0,,3.2395209580838324,167,
pad,94,0.1,marginal-M3,282,False,0.8823529411764706,,0.0,1.0,,3.3088235294117645,68,
pad,94,0.1,marginal-M4,282,False,1.0,,0.0,1.0,,3.4444444444444446,9,
pad,94,0.1,marginal-M5,282,False,1.0,,0.0,1.0,,4.0,1,
pad,94,0.15,B,22,False,0.7222222222222222,0.7058823529411765,,1.0,1.0,2.9444444444444446,18,17.0
pad,94,0.15,M1,31,False,0.9375,0.9444444444444444,0.0,1.0,1.0,3.125,16,9.0
pad,94,0.15,M2,157,False,0.8143712574850299,0.8149447278911565,0.0,1.0,1.0,2.6107784431137726,167,112.0
pad,94,0.15,M3,68,False,0.8529411764705882,0.8493589743589745,0.014705882352941176,0.9852941176470589,0.9807692307692307,2.676470588235294,68,52.0
pad,94,0.15,M4,10,False,1.0,1.0,0.0,1.0,1.0,4.0,9,7.0
pad,94,0.15,M5,4,True,1.0,1.0,0.0,1.0,1.0,6.0,1,1.0
pad,94,0.15,marginal-M1,282,False,0.875,,0.0,1.0,,2.9375,16,
pad,94,0.15,marginal-M2,282,False,0.7784431137724551,,0.0,1.0,,2.6167664670658684,167,
pad,94,0.15,marginal-M3,282,False,0.8235294117647058,,0.0,1.0,,2.7205882352941178,68,
pad,94,0.15,marginal-M4,282,False,1.0,,0.0,1.0,,3.0,9,
pad,94,0.15,marginal-M5,282,False,0.0,,0.0,1.0,,3.0,1,
hiba,95,0.05,B,165,False,0.9562043795620438,0.934931506849315,,1.0,1.0,5.605839416058394,137,73.0
hiba,95,0.05,M1,23,False,1.0,1.0,0.0,1.0,1.0,5.7727272727272725,22,11.0
hiba,95,0.05,M2,228,False,0.9396551724137931,0.9454022988505747,0.0,1.0,1.0,6.232758620689655,116,87.0
hiba,95,0.05,M3,18,True,1.0,1.0,0.0,1.0,1.0,7.0,16,16.0
hiba,95,0.05,marginal-M1,396,False,1.0,,0.0,1.0,,5.409090909090909,22,
hiba,95,0.05,marginal-M2,396,False,0.9396551724137931,,0.0,1.0,,5.413793103448276,116,
hiba,95,0.05,marginal-M3,396,False,1.0,,0.0,1.0,,5.5625,16,
hiba,95,0.1,B,165,False,0.9124087591240876,0.8961187214611871,,0.9562043795620438,0.9611872146118722,3.7664233576642334,137,73.0
hiba,95,0.1,M1,23,False,0.9090909090909091,0.9393939393939394,0.0,1.0,1.0,4.2272727272727275,22,11.0
hiba,95,0.1,M2,228,False,0.9224137931034483,0.9224137931034483,0.0,1.0,1.0,4.827586206896552,116,87.0
hiba,95,0.1,M3,18,False,0.875,0.875,0.0,1.0,1.0,4.875,16,16.0
hiba,95,0.1,marginal-M1,396,False,1.0,,0.0,1.0,,4.5,22,
hiba,95,0.1,marginal-M2,396,False,0.9224137931034483,,0.0,1.0,,4.681034482758621,116,
hiba,95,0.1,marginal-M3,396,False,0.9375,,0.0,1.0,,5.0625,16,
hiba,95,0.15,B,165,False,0.8905109489051095,0.865296803652968,,0.9051094890510949,0.9132420091324199,2.978102189781022,137,73.0
hiba,95,0.15,M1,23,False,0.8636363636363636,0.9212121212121214,0.0,1.0,1.0,3.909090909090909,22,11.0
hiba,95,0.15,M2,228,False,0.8017241379310345,0.7994252873563218,0.0,1.0,1.0,3.793103448275862,116,87.0
hiba,95,0.15,M3,18,False,0.875,0.875,0.0,1.0,1.0,4.6875,16,16.0
hiba,95,0.15,marginal-M1,396,False,0.8636363636363636,,0.045454545454545456,0.9545454545454546,,3.090909090909091,22,
hiba,95,0.15,marginal-M2,396,False,0.8017241379310345,,0.0,1.0,,3.0,116,
hiba,95,0.15,marginal-M3,396,False,0.875,,0.0,1.0,,3.25,16,
pad,95,0.05,B,27,False,1.0,1.0,,1.0,1.0,3.7857142857142856,14,12.0
pad,95,0.05,M1,27,False,1.0,1.0,0.0,1.0,1.0,4.380952380952381,21,13.0
pad,95,0.05,M2,161,False,0.9691358024691358,0.9737654320987653,0.0,1.0,1.0,4.12962962962963,162,108.0
pad,95,0.05,M3,74,False,0.9848484848484849,0.9891304347826086,0.0,1.0,1.0,4.181818181818182,66,46.0
pad,95,0.05,M4,14,True,1.0,1.0,0.0,1.0,1.0,5.666666666666667,3,3.0
pad,95,0.05,M5,4,True,1.0,1.0,0.0,1.0,1.0,5.0,1,1.0
pad,95,0.05,marginal-M1,296,False,1.0,,0.0,1.0,,4.190476190476191,21,
pad,95,0.05,marginal-M2,296,False,0.9691358024691358,,0.0,1.0,,4.12962962962963,162,
pad,95,0.05,marginal-M3,296,False,0.9848484848484849,,0.0,1.0,,4.0606060606060606,66,
pad,95,0.05,marginal-M4,296,False,1.0,,0.0,1.0,,5.0,3,
pad,95,0.05,marginal-M5,296,False,1.0,,0.0,1.0,,4.0,1,
pad,95,0.1,B,27,False,1.0,1.0,,0.9285714285714286,0.9166666666666666,3.4285714285714284,14,12.0
pad,95,0.1,M1,27,False,1.0,1.0,0.0,1.0,1.0,4.333333333333333,21,13.0
pad,95,0.1,M2,161,False,0.9197530864197531,0.9212962962962963,0.0,1.0,1.0,3.6049382716049383,162,108.0
pad,95,0.1,M3,74,False,0.9242424242424242,0.9021739130434783,0.0,1.0,1.0,3.393939393939394,66,46.0
pad,95,0.1,M4,14,False,1.0,1.0,0.0,1.0,1.0,5.0,3,3.0
pad,95,0.1,M5,4,True,1.0,1.0,0.0,1.0,1.0,5.0,1,1.0
pad,95,0.1,marginal-M1,296,False,1.0,,0.0,1.0,,3.5714285714285716,21,
pad,95,0.1,marginal-M2,296,False,0.9197530864197531,,0.0,1.0,,3.45679012345679,162,
pad,95,0.1,marginal-M3,296,False,0.9545454545454546,,0.0,1.0,,3.484848484848485,66,
pad,95,0.1,marginal-M4,296,False,1.0,,0.0,1.0,,4.666666666666667,3,
pad,95,0.1,marginal-M5,296,False,1.0,,0.0,1.0,,4.0,1,
pad,95,0.15,B,27,False,0.9285714285714286,0.9166666666666666,,0.9285714285714286,0.9166666666666666,3.0714285714285716,14,12.0
pad,95,0.15,M1,27,False,1.0,1.0,0.0,1.0,1.0,3.6666666666666665,21,13.0
pad,95,0.15,M2,161,False,0.8950617283950617,0.904320987654321,0.0,1.0,1.0,2.8703703703703702,162,108.0
pad,95,0.15,M3,74,False,0.8333333333333334,0.8125,0.0,1.0,1.0,2.6818181818181817,66,46.0
pad,95,0.15,M4,14,False,1.0,1.0,0.0,1.0,1.0,4.333333333333333,3,3.0
pad,95,0.15,M5,4,True,1.0,1.0,0.0,1.0,1.0,4.0,1,1.0
pad,95,0.15,marginal-M1,296,False,0.9523809523809523,,0.0,1.0,,3.0952380952380953,21,
pad,95,0.15,marginal-M2,296,False,0.8703703703703703,,0.0,1.0,,2.950617283950617,162,
pad,95,0.15,marginal-M3,296,False,0.8787878787878788,,0.0,1.0,,2.9696969696969697,66,
pad,95,0.15,marginal-M4,296,False,1.0,,0.0,1.0,,4.0,3,
pad,95,0.15,marginal-M5,296,False,1.0,,0.0,1.0,,3.0,1,
hiba,96,0.05,B,172,False,1.0,1.0,,1.0,1.0,5.862745098039215,153,66.0
hiba,96,0.05,M1,23,False,0.9411764705882353,0.9090909090909091,0.0,1.0,1.0,7.0,17,11.0
hiba,96,0.05,M2,220,False,0.923728813559322,0.9289473684210526,0.0,1.0,1.0,6.923728813559322,118,95.0
hiba,96,0.05,M3,20,False,0.9444444444444444,0.9285714285714286,0.0,1.0,1.0,6.611111111111111,18,14.0
hiba,96,0.05,marginal-M1,396,False,1.0,,0.0,1.0,,5.647058823529412,17,
hiba,96,0.05,marginal-M2,396,False,0.9322033898305084,,0.0,1.0,,5.364406779661017,118,
hiba,96,0.05,marginal-M3,396,False,1.0,,0.0,1.0,,5.611111111111111,18,
hiba,96,0.1,B,172,False,0.9411764705882353,0.9457070707070707,,1.0,1.0,3.934640522875817,153,66.0
hiba,96,0.1,M1,23,False,0.9411764705882353,0.9090909090909091,0.0,1.0,1.0,5.470588235294118,17,11.0
hiba,96,0.1,M2,220,False,0.8813559322033898,0.881578947368421,0.0,1.0,1.0,4.9491525423728815,118,95.0
hiba,96,0.1,M3,20,False,0.8888888888888888,0.8928571428571429,0.0,1.0,1.0,4.888888888888889,18,14.0
hiba,96,0.1,marginal-M1,396,False,0.9411764705882353,,0.0,1.0,,4.764705882352941,17,
hiba,96,0.1,marginal-M2,396,False,0.9067796610169492,,0.00847457627118644,0.9915254237288136,,4.5508474576271185,118,
hiba,96,0.1,marginal-M3,396,False,0.9444444444444444,,0.0,1.0,,4.833333333333333,18,
hiba,96,0.15,B,172,False,0.8888888888888888,0.8441919191919192,,0.9215686274509803,0.924963924963925,2.947712418300654,153,66.0
hiba,96,0.15,M1,23,False,0.8823529411764706,0.8636363636363636,0.0,1.0,1.0,4.411764705882353,17,11.0
hiba,96,0.15,M2,220,False,0.8135593220338984,0.825438596491228,0.025423728813559324,0.9745762711864406,0.9736842105263158,3.889830508474576,118,95.0
hiba,96,0.15,M3,20,False,0.8888888888888888,0.8928571428571429,0.0,1.0,1.0,4.166666666666667,18,14.0
hiba,96,0.15,marginal-M1,396,False,0.9411764705882353,,0.0,1.0,,4.235294117647059,17,
hiba,96,0.15,marginal-M2,396,False,0.864406779661017,,0.01694915254237288,0.9830508474576272,,3.8728813559322033,118,
hiba,96,0.15,marginal-M3,396,False,0.8888888888888888,,0.0,1.0,,4.277777777777778,18,
pad,96,0.05,B,20,False,1.0,1.0,,1.0,1.0,3.739130434782609,23,19.0
pad,96,0.05,M1,26,False,1.0,1.0,0.0,1.0,1.0,4.166666666666667,24,14.0
pad,96,0.05,M2,165,False,0.94375,0.9471153846153846,0.0,1.0,1.0,4.1125,160,104.0
pad,96,0.05,M3,67,False,1.0,1.0,0.0,1.0,1.0,4.526315789473684,76,53.0
pad,96,0.05,M4,11,True,1.0,1.0,0.0,1.0,1.0,5.833333333333333,6,6.0
pad,96,0.05,M5,1,True,1.0,1.0,0.0,1.0,1.0,5.0,5,4.0
pad,96,0.05,marginal-M1,282,False,0.9583333333333334,,0.0,1.0,,3.9583333333333335,24,
pad,96,0.05,marginal-M2,282,False,0.94375,,0.0,1.0,,4.0875,160,
pad,96,0.05,marginal-M3,282,False,1.0,,0.0,1.0,,4.2368421052631575,76,
pad,96,0.05,marginal-M4,282,False,1.0,,0.0,1.0,,5.166666666666667,6,
pad,96,0.05,marginal-M5,282,False,1.0,,0.0,1.0,,3.6,5,
pad,96,0.1,B,20,False,1.0,1.0,,1.0,1.0,3.3043478260869565,23,19.0
pad,96,0.1,M1,26,False,1.0,1.0,0.0,1.0,1.0,4.041666666666667,24,14.0
pad,96,0.1,M2,165,False,0.9,0.891025641025641,0.0,1.0,1.0,3.70625,160,104.0
pad,96,0.1,M3,67,False,0.9868421052631579,0.9811320754716981,0.0,1.0,1.0,3.9078947368421053,76,53.0
pad,96,0.1,M4,11,False,1.0,1.0,0.0,1.0,1.0,5.0,6,6.0
pad,96,0.1,M5,1,True,1.0,1.0,0.0,1.0,1.0,5.0,5,4.0
pad,96,0.1,marginal-M1,282,False,0.875,,0.0,1.0,,3.0,24,
pad,96,0.1,marginal-M2,282,False,0.8875,,0.0,1.0,,3.39375,160,
pad,96,0.1,marginal-M3,282,False,0.9736842105263158,,0.0,1.0,,3.5,76,
pad,96,0.1,marginal-M4,282,False,1.0,,0.0,1.0,,4.166666666666667,6,
pad,96,0.1,marginal-M5,282,False,0.8,,0.0,1.0,,3.0,5,
pad,96,0.15,B,20,False,0.9130434782608695,0.8947368421052632,,0.9565217391304348,0.9473684210526315,2.782608695652174,23,19.0
pad,96,0.15,M1,26,False,0.875,0.8214285714285714,0.0,1.0,1.0,1.9166666666666667,24,14.0
pad,96,0.15,M2,165,False,0.8625,0.8565705128205129,0.0,1.0,1.0,2.875,160,104.0
pad,96,0.15,M3,67,False,0.8947368421052632,0.8773584905660378,0.0,1.0,1.0,2.9210526315789473,76,53.0
pad,96,0.15,M4,11,False,1.0,1.0,0.0,1.0,1.0,4.5,6,6.0
pad,96,0.15,M5,1,True,1.0,1.0,0.0,1.0,1.0,4.4,5,4.0
pad,96,0.15,marginal-M1,282,False,0.875,,0.0,1.0,,2.5,24,
pad,96,0.15,marginal-M2,282,False,0.85,,0.0,1.0,,2.91875,160,
pad,96,0.15,marginal-M3,282,False,0.8947368421052632,,0.0,1.0,,3.0657894736842106,76,
pad,96,0.15,marginal-M4,282,False,0.8333333333333334,,0.0,1.0,,3.5,6,
pad,96,0.15,marginal-M5,282,False,0.6,,0.0,1.0,,2.0,5,
hiba,97,0.05,B,169,False,0.9292929292929293,0.8260869565217391,,0.9949494949494949,0.9991474850809888,4.732323232323233,198,69.0
hiba,97,0.05,M1,19,False,1.0,1.0,0.0,1.0,1.0,5.739130434782608,23,15.0
hiba,97,0.05,M2,220,False,0.9396551724137931,0.9421052631578948,0.0,1.0,1.0,5.663793103448276,116,95.0
hiba,97,0.05,M3,28,False,1.0,1.0,0.0,1.0,1.0,5.75,8,6.0
hiba,97,0.05,marginal-M1,396,False,1.0,,0.0,1.0,,5.826086956521739,23,
hiba,97,0.05,marginal-M2,396,False,0.9396551724137931,,0.0,1.0,,5.379310344827586,116,
hiba,97,0.05,marginal-M3,396,False,1.0,,0.0,1.0,,5.5,8,
hiba,97,0.1,B,169,False,0.9141414141414141,0.7971014492753623,,0.8939393939393939,0.9626990892975548,3.1363636363636362,198,69.0
hiba,97,0.1,M1,19,False,0.9130434782608695,0.9666666666666667,0.0,1.0,1.0,4.130434782608695,23,15.0
hiba,97,0.1,M2,220,False,0.8793103448275862,0.8736842105263158,0.008620689655172414,0.9913793103448276,0.9894736842105263,4.482758620689655,116,95.0
hiba,97,0.1,M3,28,False,1.0,1.0,0.0,1.0,1.0,4.625,8,6.0
hiba,97,0.1,marginal-M1,396,False,0.9565217391304348,,0.0,1.0,,4.086956521739131,23,
hiba,97,0.1,marginal-M2,396,False,0.8793103448275862,,0.008620689655172414,0.9913793103448276,,4.327586206896552,116,
hiba,97,0.1,marginal-M3,396,False,1.0,,0.0,1.0,,4.375,8,
hiba,97,0.15,B,169,False,0.8838383838383839,0.7584541062801932,,0.696969696969697,0.8863381101232763,2.3434343434343434,198,69.0
hiba,97,0.15,M1,19,False,0.7391304347826086,0.7666666666666667,0.043478260869565216,0.9565217391304348,0.9666666666666667,3.260869565217391,23,15.0
hiba,97,0.15,M2,220,False,0.8103448275862069,0.8210526315789474,0.008620689655172414,0.9913793103448276,0.9894736842105263,3.603448275862069,116,95.0
hiba,97,0.15,M3,28,False,1.0,1.0,0.0,1.0,1.0,3.5,8,6.0
hiba,97,0.15,marginal-M1,396,False,0.9130434782608695,,0.0,1.0,,3.3043478260869565,23,
hiba,97,0.15,marginal-M2,396,False,0.8448275862068966,,0.008620689655172414,0.9913793103448276,,3.5172413793103448,116,
hiba,97,0.15,marginal-M3,396,False,1.0,,0.0,1.0,,3.625,8,
pad,97,0.05,B,27,False,0.8333333333333334,0.8333333333333334,,1.0,1.0,3.5,12,12.0
pad,97,0.05,M1,21,False,0.9393939393939394,0.9210526315789473,0.0,1.0,1.0,3.727272727272727,33,19.0
pad,97,0.05,M2,160,False,0.9738562091503268,0.974006116207951,0.0,1.0,1.0,3.542483660130719,153,109.0
pad,97,0.05,M3,73,False,0.9878048780487805,0.9787234042553191,0.0,1.0,1.0,3.658536585365854,82,47.0
pad,97,0.05,M4,8,True,1.0,1.0,0.0,1.0,1.0,4.9,10,9.0
pad,97,0.05,M5,2,True,1.0,1.0,0.0,1.0,1.0,4.666666666666667,3,3.0
pad,97,0.05,marginal-M1,282,False,0.8787878787878788,,0.0,1.0,,3.909090909090909,33,
pad,97,0.05,marginal-M2,282,False,0.954248366013072,,0.0,1.0,,4.006535947712418,153,
pad,97,0.05,marginal-M3,282,False,0.9878048780487805,,0.0,1.0,,3.8780487804878048,82,
pad,97,0.05,marginal-M4,282,False,0.9,,0.0,1.0,,4.5,10,
pad,97,0.05,marginal-M5,282,False,1.0,,0.0,1.0,,4.333333333333333,3,
pad,97,0.1,B,27,False,0.8333333333333334,0.8333333333333334,,0.9166666666666666,0.9166666666666666,3.0833333333333335,12,12.0
pad,97,0.1,M1,21,False,0.7575757575757576,0.7324561403508771,0.0,1.0,1.0,2.5454545454545454,33,19.0
pad,97,0.1,M2,160,False,0.934640522875817,0.929663608562691,0.0,1.0,1.0,3.281045751633987,153,109.0
pad,97,0.1,M3,73,False,0.8780487804878049,0.8590425531914894,0.0,1.0,1.0,2.792682926829268,82,47.0
pad,97,0.1,M4,8,True,1.0,1.0,0.0,1.0,1.0,4.9,10,9.0
pad,97,0.1,M5,2,True,1.0,1.0,0.0,1.0,1.0,4.666666666666667,3,3.0
pad,97,0.1,marginal-M1,282,False,0.7878787878787878,,0.0,1.0,,3.0,33,
pad,97,0.1,marginal-M2,282,False,0.8954248366013072,,0.0,1.0,,3.261437908496732,153,
pad,97,0.1,marginal-M3,282,False,0.9512195121951219,,0.0,1.0,,3.231707317073171,82,
pad,97,0.1,marginal-M4,282,False,0.8,,0.0,1.0,,3.5,10,
pad,97,0.1,marginal-M5,282,False,1.0,,0.0,1.0,,3.6666666666666665,3,
pad,97,0.15,B,27,False,0.6666666666666666,0.6666666666666666,,0.8333333333333334,0.8333333333333334,2.1666666666666665,12,12.0
pad,97,0.15,M1,21,False,0.696969696969697,0.6929824561403508,0.0,1.0,1.0,2.0303030303030303,33,19.0
pad,97,0.15,M2,160,False,0.8888888888888888,0.9036697247706422,0.0,1.0,1.0,2.888888888888889,153,109.0
pad,97,0.15,M3,73,False,0.8048780487804879,0.7845744680851063,0.012195121951219513,0.9878048780487805,0.9787234042553191,2.3902439024390243,82,47.0
pad,97,0.15,M4,8,False,0.7,0.7222222222222222,0.0,1.0,1.0,2.6,10,9.0
pad,97,0.15,M5,2,True,1.0,1.0,0.0,1.0,1.0,4.666666666666667,3,3.0
pad,97,0.15,marginal-M1,282,False,0.7575757575757576,,0.0,1.0,,2.6363636363636362,33,
pad,97,0.15,marginal-M2,282,False,0.8431372549019608,,0.0,1.0,,2.7516339869281046,153,
pad,97,0.15,marginal-M3,282,False,0.8414634146341463,,0.0,1.0,,2.707317073170732,82,
pad,97,0.15,marginal-M4,282,False,0.8,,0.0,1.0,,3.2,10,
pad,97,0.15,marginal-M5,282,False,0.6666666666666666,,0.0,1.0,,3.0,3,
hiba,98,0.05,B,161,False,0.937799043062201,0.8658008658008657,,1.0,1.0,5.239234449760765,209,77.0
hiba,98,0.05,M1,28,False,0.9,0.8333333333333334,0.0,1.0,1.0,5.5,10,6.0
hiba,98,0.05,M2,219,False,0.984,0.9895833333333334,0.0,1.0,1.0,5.744,125,96.0
hiba,98,0.05,M3,25,False,1.0,1.0,0.0,1.0,1.0,6.153846153846154,13,9.0
hiba,98,0.05,marginal-M1,396,False,1.0,,0.0,1.0,,6.0,10,
hiba,98,0.05,marginal-M2,396,False,0.968,,0.0,1.0,,5.216,125,
hiba,98,0.05,marginal-M3,396,False,1.0,,0.0,1.0,,6.0,13,
hiba,98,0.1,B,161,False,0.9234449760765551,0.8463203463203463,,0.9617224880382775,0.9734075448361162,3.8660287081339715,209,77.0
hiba,98,0.1,M1,28,False,0.9,0.8333333333333334,0.0,1.0,1.0,4.7,10,6.0
hiba,98,0.1,M2,219,False,0.936,0.9322916666666666,0.0,1.0,1.0,4.712,125,96.0
hiba,98,0.1,M3,25,False,1.0,1.0,0.0,1.0,1.0,5.153846153846154,13,9.0
hiba,98,0.1,marginal-M1,396,False,0.9,,0.0,1.0,,4.7,10,
hiba,98,0.1,marginal-M2,396,False,0.952,,0.0,1.0,,4.624,125,
hiba,98,0.1,marginal-M3,396,False,1.0,,0.0,1.0,,5.538461538461538,13,
hiba,98,0.15,B,161,False,0.9138755980861244,0.8365800865800864,,0.84688995215311,0.9437229437229436,3.1626794258373208,209,77.0
hiba,98,0.15,M1,28,False,0.9,0.8333333333333334,0.0,1.0,1.0,4.2,10,6.0
hiba,98,0.15,M2,219,False,0.92,0.9166666666666666,0.008,0.992,0.9895833333333334,3.944,125,96.0
hiba,98,0.15,M3,25,False,1.0,1.0,0.0,1.0,1.0,4.538461538461538,13,9.0
hiba,98,0.15,marginal-M1,396,False,0.9,,0.0,1.0,,3.9,10,
hiba,98,0.15,marginal-M2,396,False,0.92,,0.008,0.992,,3.56,125,
hiba,98,0.15,marginal-M3,396,False,1.0,,0.0,1.0,,4.153846153846154,13,
pad,98,0.05,B,26,False,1.0,1.0,,1.0,1.0,3.6875,16,13.0
pad,98,0.05,M1,23,False,1.0,1.0,0.0,1.0,1.0,4.46875,32,17.0
pad,98,0.05,M2,160,False,0.9520958083832335,0.9525993883792049,0.0,1.0,1.0,3.9880239520958085,167,109.0
pad,98,0.05,M3,70,False,0.9710144927536232,0.97,0.0,1.0,1.0,3.8550724637681157,69,50.0
pad,98,0.05,M4,7,True,1.0,1.0,0.0,1.0,1.0,5.25,12,10.0
pad,98,0.05,M5,3,True,1.0,1.0,0.0,1.0,1.0,5.0,3,2.0
pad,98,0.05,marginal-M1,280,False,0.9375,,0.0,1.0,,4.03125,32,
pad,98,0.05,marginal-M2,280,False,0.9520958083832335,,0.0,1.0,,3.8682634730538923,167,
pad,98,0.05,marginal-M3,280,False,0.9710144927536232,,0.0,1.0,,3.8840579710144927,69,
pad,98,0.05,marginal-M4,280,False,1.0,,0.0,1.0,,4.25,12,
pad,98,0.05,marginal-M5,280,False,1.0,,0.0,1.0,,3.3333333333333335,3,
pad,98,0.1,B,26,False,1.0,1.0,,1.0,1.0,3.375,16,13.0
pad,98,0.1,M1,23,False,1.0,1.0,0.0,1.0,1.0,4.375,32,17.0
pad,98,0.1,M2,160,False,0.9341317365269461,0.9357798165137615,0.0,1.0,1.0,3.754491017964072,167,109.0
pad,98,0.1,M3,70,False,0.8840579710144928,0.9,0.0,1.0,1.0,3.289855072463768,69,50.0
pad,98,0.1,M4,7,True,1.0,1.0,0.0,1.0,1.0,5.166666666666667,12,10.0
pad,98,0.1,M5,3,True,1.0,1.0,0.0,1.0,1.0,5.0,3,2.0
pad,98,0.1,marginal-M1,280,False,0.9375,,0.0,1.0,,3.1875,32,
pad,98,0.1,marginal-M2,280,False,0.8982035928143712,,0.0,1.0,,3.2395209580838324,167,
pad,98,0.1,marginal-M3,280,False,0.927536231884058,,0.0,1.0,,3.217391304347826,69,
pad,98,0.1,marginal-M4,280,False,1.0,,0.0,1.0,,3.5,12,
pad,98,0.1,marginal-M5,280,False,0.6666666666666666,,0.0,1.0,,2.0,3,
pad,98,0.15,B,26,False,0.9375,0.9230769230769231,,1.0,1.0,2.9375,16,13.0
pad,98,0.15,M1,23,False,1.0,1.0,0.0,1.0,1.0,3.59375,32,17.0
pad,98,0.15,M2,160,False,0.8922155688622755,0.9067278287461774,0.0,1.0,1.0,2.910179640718563,167,109.0
pad,98,0.15,M3,70,False,0.8260869565217391,0.855,0.0,1.0,1.0,2.5942028985507246,69,50.0
pad,98,0.15,M4,7,False,1.0,1.0,0.0,1.0,1.0,4.0,12,10.0
pad,98,0.15,M5,3,True,1.0,1.0,0.0,1.0,1.0,4.666666666666667,3,2.0
pad,98,0.15,marginal-M1,280,False,0.9375,,0.0,1.0,,2.625,32,
pad,98,0.15,marginal-M2,280,False,0.8083832335329342,,0.0,1.0,,2.6706586826347305,167,
pad,98,0.15,marginal-M3,280,False,0.8260869565217391,,0.0,1.0,,2.681159420289855,69,
pad,98,0.15,marginal-M4,280,False,1.0,,0.0,1.0,,3.0,12,
pad,98,0.15,marginal-M5,280,False,0.3333333333333333,,0.0,1.0,,1.3333333333333333,3,
hiba,99,0.05,B,173,False,0.9873949579831933,0.9730769230769231,,1.0,1.0,5.697478991596639,238,65.0
hiba,99,0.05,M1,23,False,0.95,0.9090909090909091,0.0,1.0,1.0,6.65,20,11.0
hiba,99,0.05,M2,216,False,0.9302325581395349,0.9419191919191919,0.0,1.0,1.0,6.604651162790698,129,99.0
hiba,99,0.05,M3,22,False,1.0,1.0,0.0,1.0,1.0,6.666666666666667,18,12.0
hiba,99,0.05,marginal-M1,396,False,1.0,,0.0,1.0,,6.45,20,
hiba,99,0.05,marginal-M2,396,False,0.9612403100775194,,0.0,1.0,,6.294573643410852,129,
hiba,99,0.05,marginal-M3,396,False,1.0,,0.0,1.0,,6.222222222222222,18,
hiba,99,0.1,B,173,False,0.957983193277311,0.9115384615384615,,0.9705882352941176,0.9866882137470371,3.6092436974789917,238,65.0
hiba,99,0.1,M1,23,False,0.95,0.9090909090909091,0.0,1.0,1.0,4.3,20,11.0
hiba,99,0.1,M2,216,False,0.8992248062015504,0.9065656565656566,0.007751937984496124,0.9922480620155039,0.9949494949494949,4.604651162790698,129,99.0
hiba,99,0.1,M3,22,False,1.0,1.0,0.0,1.0,1.0,4.5,18,12.0
hiba,99,0.1,marginal-M1,396,False,0.95,,0.0,1.0,,4.55,20,
hiba,99,0.1,marginal-M2,396,False,0.9069767441860465,,0.007751937984496124,0.9922480620155039,,4.457364341085271,129,
hiba,99,0.1,marginal-M3,396,False,1.0,,0.0,1.0,,4.388888888888889,18,
hiba,99,0.15,B,173,False,0.9285714285714286,0.8501282051282051,,0.8823529411764706,0.9158676291029232,2.823529411764706,238,65.0
hiba,99,0.15,M1,23,False,0.95,0.9090909090909091,0.0,1.0,1.0,3.85,20,11.0
hiba,99,0.15,M2,216,False,0.8372093023255814,0.8526936026936026,0.007751937984496124,0.9922480620155039,0.9949494949494949,3.689922480620155,129,99.0
hiba,99,0.15,M3,22,False,1.0,1.0,0.0,1.0,1.0,4.111111111111111,18,12.0
hiba,99,0.15,marginal-M1,396,False,0.95,,0.0,1.0,,3.75,20,
hiba,99,0.15,marginal-M2,396,False,0.8837209302325582,,0.007751937984496124,0.9922480620155039,,3.75968992248062,129,
hiba,99,0.15,marginal-M3,396,False,1.0,,0.0,1.0,,3.7777777777777777,18,
pad,99,0.05,B,27,False,1.0,1.0,,1.0,1.0,4.0,14,12.0
pad,99,0.05,M1,18,True,1.0,1.0,0.0,1.0,1.0,4.951219512195122,41,22.0
pad,99,0.05,M2,171,False,0.9513888888888888,0.9523809523809523,0.0,1.0,1.0,3.9722222222222223,144,98.0
pad,99,0.05,M3,67,False,0.9305555555555556,0.9339622641509434,0.0,1.0,1.0,3.9583333333333335,72,53.0
pad,99,0.05,M4,14,True,1.0,1.0,0.0,1.0,1.0,5.666666666666667,3,3.0
pad,99,0.05,M5,3,True,1.0,1.0,0.0,1.0,1.0,4.666666666666667,3,2.0
pad,99,0.05,marginal-M1,289,False,0.9512195121951219,,0.0,1.0,,4.097560975609756,41,
pad,99,0.05,marginal-M2,289,False,0.9513888888888888,,0.0,1.0,,3.9444444444444446,144,
pad,99,0.05,marginal-M3,289,False,0.9583333333333334,,0.0,1.0,,4.138888888888889,72,
pad,99,0.05,marginal-M4,289,False,1.0,,0.0,1.0,,5.333333333333333,3,
pad,99,0.05,marginal-M5,289,False,1.0,,0.0,1.0,,3.0,3,
pad,99,0.1,B,27,False,1.0,1.0,,1.0,1.0,3.5,14,12.0
pad,99,0.1,M1,18,False,0.975609756097561,0.9772727272727273,0.0,1.0,1.0,4.2926829268292686,41,22.0
pad,99,0.1,M2,171,False,0.9027777777777778,0.898809523809524,0.0,1.0,1.0,3.5694444444444446,144,98.0
pad,99,0.1,M3,67,False,0.9305555555555556,0.9339622641509434,0.0,1.0,1.0,3.5833333333333335,72,53.0
pad,99,0.1,M4,14,False,1.0,1.0,0.0,1.0,1.0,5.333333333333333,3,3.0
pad,99,0.1,M5,3,True,1.0,1.0,0.0,1.0,1.0,4.666666666666667,3,2.0
pad,99,0.1,marginal-M1,289,False,0.9024390243902439,,0.0,1.0,,3.1219512195121952,41,
pad,99,0.1,marginal-M2,289,False,0.875,,0.0,1.0,,3.125,144,
pad,99,0.1,marginal-M3,289,False,0.8888888888888888,,0.0,1.0,,3.263888888888889,72,
pad,99,0.1,marginal-M4,289,False,1.0,,0.0,1.0,,4.333333333333333,3,
pad,99,0.1,marginal-M5,289,False,0.6666666666666666,,0.0,1.0,,1.6666666666666667,3,
pad,99,0.15,B,27,False,1.0,1.0,,1.0,1.0,3.142857142857143,14,12.0
pad,99,0.15,M1,18,False,0.975609756097561,0.9772727272727273,0.0,1.0,1.0,3.7560975609756095,41,22.0
pad,99,0.15,M2,171,False,0.8611111111111112,0.8622448979591837,0.0,1.0,1.0,2.8958333333333335,144,98.0
pad,99,0.15,M3,67,False,0.8472222222222222,0.8537735849056604,0.0,1.0,1.0,2.9027777777777777,72,53.0
pad,99,0.15,M4,14,False,1.0,1.0,0.0,1.0,1.0,4.333333333333333,3,3.0
pad,99,0.15,M5,3,True,1.0,1.0,0.0,1.0,1.0,4.0,3,2.0
pad,99,0.15,marginal-M1,289,False,0.8780487804878049,,0.0,1.0,,2.8048780487804876,41,
pad,99,0.15,marginal-M2,289,False,0.8194444444444444,,0.0,1.0,,2.7083333333333335,144,
pad,99,0.15,marginal-M3,289,False,0.8472222222222222,,0.0,1.0,,2.9722222222222223,72,
pad,99,0.15,marginal-M4,289,False,1.0,,0.0,1.0,,4.333333333333333,3,
pad,99,0.15,marginal-M5,289,False,0.6666666666666666,,0.0,1.0,,1.3333333333333333,3,
