cohort,draw,variant,alpha,group,tau,T,miss,n_mal,release,n_ben
hiba,0,softmax,0.05,1,0.9830216461227286,1.0,0.0,13.0,,
hiba,0,softmax,0.05,2,0.9830216461227286,1.0,0.046875,128.0,,
hiba,0,softmax,0.05,3,0.9830216461227286,1.0,0.0,13.0,,
hiba,0,softmax,0.05,0,0.9830216461227286,1.0,,,0.27672955974842767,159.0
hiba,0,softmax,0.1,1,0.9429742632640773,1.0,0.0,13.0,,
hiba,0,softmax,0.1,2,0.9429742632640773,1.0,0.0859375,128.0,,
hiba,0,softmax,0.1,3,0.9429742632640773,1.0,0.0,13.0,,
hiba,0,softmax,0.1,0,0.9429742632640773,1.0,,,0.4088050314465409,159.0
hiba,0,softmax,0.15,1,0.7803394752463498,1.0,0.07692307692307693,13.0,,
hiba,0,softmax,0.15,2,0.7803394752463498,1.0,0.1171875,128.0,,
hiba,0,softmax,0.15,3,0.7803394752463498,1.0,0.0,13.0,,
hiba,0,softmax,0.15,0,0.7803394752463498,1.0,,,0.6666666666666666,159.0
hiba,0,temp,0.05,1,0.4867724335045594,4.659522476938271,0.0,13.0,,
hiba,0,temp,0.05,2,0.4867724335045594,4.659522476938271,0.0625,128.0,,
hiba,0,temp,0.05,3,0.4867724335045594,4.659522476938271,0.0,13.0,,
hiba,0,temp,0.05,0,0.4867724335045594,4.659522476938271,,,0.3584905660377358,159.0
hiba,0,temp,0.1,1,0.3904653876827729,4.659522476938271,0.0,13.0,,
hiba,0,temp,0.1,2,0.3904653876827729,4.659522476938271,0.0859375,128.0,,
hiba,0,temp,0.1,3,0.3904653876827729,4.659522476938271,0.07692307692307693,13.0,,
hiba,0,temp,0.1,0,0.3904653876827729,4.659522476938271,,,0.6226415094339622,159.0
hiba,0,temp,0.15,1,0.3442577076735651,4.659522476938271,0.07692307692307693,13.0,,
hiba,0,temp,0.15,2,0.3442577076735651,4.659522476938271,0.140625,128.0,,
hiba,0,temp,0.15,3,0.3442577076735651,4.659522476938271,0.07692307692307693,13.0,,
hiba,0,temp,0.15,0,0.3442577076735651,4.659522476938271,,,0.7610062893081762,159.0
pad,0,softmax,0.05,1,0.5753962061874184,1.0,0.0,18.0,,
pad,0,softmax,0.05,2,0.5753962061874184,1.0,0.05202312138728324,173.0,,
pad,0,softmax,0.05,3,0.5753962061874184,1.0,0.05555555555555555,72.0,,
pad,0,softmax,0.05,4,0.5753962061874184,1.0,0.14285714285714285,7.0,,
pad,0,softmax,0.05,5,0.5753962061874184,1.0,0.0,3.0,,
pad,0,softmax,0.05,0,0.5753962061874184,1.0,,,0.5882352941176471,17.0
pad,0,softmax,0.1,1,0.0,1.0,0.0,18.0,,
pad,0,softmax,0.1,2,0.0,1.0,0.057803468208092484,173.0,,
pad,0,softmax,0.1,3,0.0,1.0,0.08333333333333333,72.0,,
pad,0,softmax,0.1,4,0.0,1.0,0.14285714285714285,7.0,,
pad,0,softmax,0.1,5,0.0,1.0,0.0,3.0,,
pad,0,softmax,0.1,0,0.0,1.0,,,0.6470588235294118,17.0
pad,0,softmax,0.15,1,0.0,1.0,0.0,18.0,,
pad,0,softmax,0.15,2,0.0,1.0,0.057803468208092484,173.0,,
pad,0,softmax,0.15,3,0.0,1.0,0.08333333333333333,72.0,,
pad,0,softmax,0.15,4,0.0,1.0,0.14285714285714285,7.0,,
pad,0,softmax,0.15,5,0.0,1.0,0.0,3.0,,
pad,0,softmax,0.15,0,0.0,1.0,,,0.6470588235294118,17.0
pad,0,temp,0.05,1,0.3906021080041878,3.627361952000161,0.0,18.0,,
pad,0,temp,0.05,2,0.3906021080041878,3.627361952000161,0.04046242774566474,173.0,,
pad,0,temp,0.05,3,0.3906021080041878,3.627361952000161,0.041666666666666664,72.0,,
pad,0,temp,0.05,4,0.3906021080041878,3.627361952000161,0.14285714285714285,7.0,,
pad,0,temp,0.05,5,0.3906021080041878,3.627361952000161,0.0,3.0,,
pad,0,temp,0.05,0,0.3906021080041878,3.627361952000161,,,0.5882352941176471,17.0
pad,0,temp,0.1,1,0.0,3.627361952000161,0.0,18.0,,
pad,0,temp,0.1,2,0.0,3.627361952000161,0.057803468208092484,173.0,,
pad,0,temp,0.1,3,0.0,3.627361952000161,0.08333333333333333,72.0,,
pad,0,temp,0.1,4,0.0,3.627361952000161,0.14285714285714285,7.0,,
pad,0,temp,0.1,5,0.0,3.627361952000161,0.0,3.0,,
pad,0,temp,0.1,0,0.0,3.627361952000161,,,0.6470588235294118,17.0
pad,0,temp,0.15,1,0.0,3.627361952000161,0.0,18.0,,
pad,0,temp,0.15,2,0.0,3.627361952000161,0.057803468208092484,173.0,,
pad,0,temp,0.15,3,0.0,3.627361952000161,0.08333333333333333,72.0,,
pad,0,temp,0.15,4,0.0,3.627361952000161,0.14285714285714285,7.0,,
pad,0,temp,0.15,5,0.0,3.627361952000161,0.0,3.0,,
pad,0,temp,0.15,0,0.0,3.627361952000161,,,0.6470588235294118,17.0
hiba,1,softmax,0.05,1,0.9800332405039188,1.0,0.11764705882352941,17.0,,
hiba,1,softmax,0.05,2,0.9800332405039188,1.0,0.04878048780487805,123.0,,
hiba,1,softmax,0.05,3,0.9800332405039188,1.0,0.07692307692307693,13.0,,
hiba,1,softmax,0.05,0,0.9800332405039188,1.0,,,0.3359375,256.0
hiba,1,softmax,0.1,1,0.9445072574669466,1.0,0.11764705882352941,17.0,,
hiba,1,softmax,0.1,2,0.9445072574669466,1.0,0.056910569105691054,123.0,,
hiba,1,softmax,0.1,3,0.9445072574669466,1.0,0.07692307692307693,13.0,,
hiba,1,softmax,0.1,0,0.9445072574669466,1.0,,,0.5078125,256.0
hiba,1,softmax,0.15,1,0.7158810020486885,1.0,0.17647058823529413,17.0,,
hiba,1,softmax,0.15,2,0.7158810020486885,1.0,0.13008130081300814,123.0,,
hiba,1,softmax,0.15,3,0.7158810020486885,1.0,0.23076923076923078,13.0,,
hiba,1,softmax,0.15,0,0.7158810020486885,1.0,,,0.80078125,256.0
hiba,1,temp,0.05,1,0.4718636845678642,5.069041146320323,0.11764705882352941,17.0,,
hiba,1,temp,0.05,2,0.4718636845678642,5.069041146320323,0.04878048780487805,123.0,,
hiba,1,temp,0.05,3,0.4718636845678642,5.069041146320323,0.0,13.0,,
hiba,1,temp,0.05,0,0.4718636845678642,5.069041146320323,,,0.4921875,256.0
hiba,1,temp,0.1,1,0.38163500888189644,5.069041146320323,0.17647058823529413,17.0,,
hiba,1,temp,0.1,2,0.38163500888189644,5.069041146320323,0.06504065040650407,123.0,,
hiba,1,temp,0.1,3,0.38163500888189644,5.069041146320323,0.07692307692307693,13.0,,
hiba,1,temp,0.1,0,0.38163500888189644,5.069041146320323,,,0.7421875,256.0
hiba,1,temp,0.15,1,0.32020211967208784,5.069041146320323,0.17647058823529413,17.0,,
hiba,1,temp,0.15,2,0.32020211967208784,5.069041146320323,0.11382113821138211,123.0,,
hiba,1,temp,0.15,3,0.32020211967208784,5.069041146320323,0.23076923076923078,13.0,,
hiba,1,temp,0.15,0,0.32020211967208784,5.069041146320323,,,0.84375,256.0
pad,1,softmax,0.05,1,0.5686599618437645,1.0,0.0,26.0,,
pad,1,softmax,0.05,2,0.5686599618437645,1.0,0.05128205128205128,156.0,,
pad,1,softmax,0.05,3,0.5686599618437645,1.0,0.04081632653061224,49.0,,
pad,1,softmax,0.05,4,0.5686599618437645,1.0,0.16666666666666666,6.0,,
pad,1,softmax,0.05,5,0.5686599618437645,1.0,0.0,1.0,,
pad,1,softmax,0.05,0,0.5686599618437645,1.0,,,0.631578947368421,19.0
pad,1,softmax,0.1,1,0.0,1.0,0.0,26.0,,
pad,1,softmax,0.1,2,0.0,1.0,0.057692307692307696,156.0,,
pad,1,softmax,0.1,3,0.0,1.0,0.04081632653061224,49.0,,
pad,1,softmax,0.1,4,0.0,1.0,0.16666666666666666,6.0,,
pad,1,softmax,0.1,5,0.0,1.0,0.0,1.0,,
pad,1,softmax,0.1,0,0.0,1.0,,,0.7368421052631579,19.0
pad,1,softmax,0.15,1,0.0,1.0,0.0,26.0,,
pad,1,softmax,0.15,2,0.0,1.0,0.057692307692307696,156.0,,
pad,1,softmax,0.15,3,0.0,1.0,0.04081632653061224,49.0,,
pad,1,softmax,0.15,4,0.0,1.0,0.16666666666666666,6.0,,
pad,1,softmax,0.15,5,0.0,1.0,0.0,1.0,,
pad,1,softmax,0.15,0,0.0,1.0,,,0.7368421052631579,19.0
pad,1,temp,0.05,1,0.3796865178466336,3.765343073005368,0.0,26.0,,
pad,1,temp,0.05,2,0.3796865178466336,3.765343073005368,0.04487179487179487,156.0,,
pad,1,temp,0.05,3,0.3796865178466336,3.765343073005368,0.04081632653061224,49.0,,
pad,1,temp,0.05,4,0.3796865178466336,3.765343073005368,0.16666666666666666,6.0,,
pad,1,temp,0.05,5,0.3796865178466336,3.765343073005368,0.0,1.0,,
pad,1,temp,0.05,0,0.3796865178466336,3.765343073005368,,,0.631578947368421,19.0
pad,1,temp,0.1,1,0.0,3.765343073005368,0.0,26.0,,
pad,1,temp,0.1,2,0.0,3.765343073005368,0.057692307692307696,156.0,,
pad,1,temp,0.1,3,0.0,3.765343073005368,0.04081632653061224,49.0,,
pad,1,temp,0.1,4,0.0,3.765343073005368,0.16666666666666666,6.0,,
pad,1,temp,0.1,5,0.0,3.765343073005368,0.0,1.0,,
pad,1,temp,0.1,0,0.0,3.765343073005368,,,0.7368421052631579,19.0
pad,1,temp,0.15,1,0.0,3.765343073005368,0.0,26.0,,
pad,1,temp,0.15,2,0.0,3.765343073005368,0.057692307692307696,156.0,,
pad,1,temp,0.15,3,0.0,3.765343073005368,0.04081632653061224,49.0,,
pad,1,temp,0.15,4,0.0,3.765343073005368,0.16666666666666666,6.0,,
pad,1,temp,0.15,5,0.0,3.765343073005368,0.0,1.0,,
pad,1,temp,0.15,0,0.0,3.765343073005368,,,0.7368421052631579,19.0
hiba,2,softmax,0.05,1,0.9830216461227286,1.0,0.0,12.0,,
hiba,2,softmax,0.05,2,0.9830216461227286,1.0,0.06299212598425197,127.0,,
hiba,2,softmax,0.05,3,0.9830216461227286,1.0,0.0,12.0,,
hiba,2,softmax,0.05,0,0.9830216461227286,1.0,,,0.25471698113207547,106.0
hiba,2,softmax,0.1,1,0.9124559383272177,1.0,0.08333333333333333,12.0,,
hiba,2,softmax,0.1,2,0.9124559383272177,1.0,0.11023622047244094,127.0,,
hiba,2,softmax,0.1,3,0.9124559383272177,1.0,0.08333333333333333,12.0,,
hiba,2,softmax,0.1,0,0.9124559383272177,1.0,,,0.46226415094339623,106.0
hiba,2,softmax,0.15,1,0.7698540731249162,1.0,0.08333333333333333,12.0,,
hiba,2,softmax,0.15,2,0.7698540731249162,1.0,0.14960629921259844,127.0,,
hiba,2,softmax,0.15,3,0.7698540731249162,1.0,0.08333333333333333,12.0,,
hiba,2,softmax,0.15,0,0.7698540731249162,1.0,,,0.6226415094339622,106.0
hiba,2,temp,0.05,1,0.4558265867847205,5.415452732552337,0.0,12.0,,
hiba,2,temp,0.05,2,0.4558265867847205,5.415452732552337,0.047244094488188976,127.0,,
hiba,2,temp,0.05,3,0.4558265867847205,5.415452732552337,0.0,12.0,,
hiba,2,temp,0.05,0,0.4558265867847205,5.415452732552337,,,0.3490566037735849,106.0
hiba,2,temp,0.1,1,0.36033174859102385,5.415452732552337,0.0,12.0,,
hiba,2,temp,0.1,2,0.36033174859102385,5.415452732552337,0.11023622047244094,127.0,,
hiba,2,temp,0.1,3,0.36033174859102385,5.415452732552337,0.16666666666666666,12.0,,
hiba,2,temp,0.1,0,0.36033174859102385,5.415452732552337,,,0.5754716981132075,106.0
hiba,2,temp,0.15,1,0.3237777215514256,5.415452732552337,0.08333333333333333,12.0,,
hiba,2,temp,0.15,2,0.3237777215514256,5.415452732552337,0.15748031496062992,127.0,,
hiba,2,temp,0.15,3,0.3237777215514256,5.415452732552337,0.16666666666666666,12.0,,
hiba,2,temp,0.15,0,0.3237777215514256,5.415452732552337,,,0.6698113207547169,106.0
pad,2,softmax,0.05,1,0.3895924011467718,1.0,0.0,24.0,,
pad,2,softmax,0.05,2,0.3895924011467718,1.0,0.05714285714285714,140.0,,
pad,2,softmax,0.05,3,0.3895924011467718,1.0,0.036585365853658534,82.0,,
pad,2,softmax,0.05,4,0.3895924011467718,1.0,0.2,5.0,,
pad,2,softmax,0.05,5,0.3895924011467718,1.0,0.0,2.0,,
pad,2,softmax,0.05,0,0.3895924011467718,1.0,,,0.7727272727272727,22.0
pad,2,softmax,0.1,1,0.0,1.0,0.0,24.0,,
pad,2,softmax,0.1,2,0.0,1.0,0.05714285714285714,140.0,,
pad,2,softmax,0.1,3,0.0,1.0,0.036585365853658534,82.0,,
pad,2,softmax,0.1,4,0.0,1.0,0.2,5.0,,
pad,2,softmax,0.1,5,0.0,1.0,0.0,2.0,,
pad,2,softmax,0.1,0,0.0,1.0,,,0.7727272727272727,22.0
pad,2,softmax,0.15,1,0.0,1.0,0.0,24.0,,
pad,2,softmax,0.15,2,0.0,1.0,0.05714285714285714,140.0,,
pad,2,softmax,0.15,3,0.0,1.0,0.036585365853658534,82.0,,
pad,2,softmax,0.15,4,0.0,1.0,0.2,5.0,,
pad,2,softmax,0.15,5,0.0,1.0,0.0,2.0,,
pad,2,softmax,0.15,0,0.0,1.0,,,0.7727272727272727,22.0
pad,2,temp,0.05,1,0.2655709700656846,3.7565670060522285,0.0,24.0,,
pad,2,temp,0.05,2,0.2655709700656846,3.7565670060522285,0.05714285714285714,140.0,,
pad,2,temp,0.05,3,0.2655709700656846,3.7565670060522285,0.036585365853658534,82.0,,
pad,2,temp,0.05,4,0.2655709700656846,3.7565670060522285,0.2,5.0,,
pad,2,temp,0.05,5,0.2655709700656846,3.7565670060522285,0.0,2.0,,
pad,2,temp,0.05,0,0.2655709700656846,3.7565670060522285,,,0.7727272727272727,22.0
pad,2,temp,0.1,1,0.0,3.7565670060522285,0.0,24.0,,
pad,2,temp,0.1,2,0.0,3.7565670060522285,0.05714285714285714,140.0,,
pad,2,temp,0.1,3,0.0,3.7565670060522285,0.036585365853658534,82.0,,
pad,2,temp,0.1,4,0.0,3.7565670060522285,0.2,5.0,,
pad,2,temp,0.1,5,0.0,3.7565670060522285,0.0,2.0,,
pad,2,temp,0.1,0,0.0,3.7565670060522285,,,0.7727272727272727,22.0
pad,2,temp,0.15,1,0.0,3.7565670060522285,0.0,24.0,,
pad,2,temp,0.15,2,0.0,3.7565670060522285,0.05714285714285714,140.0,,
pad,2,temp,0.15,3,0.0,3.7565670060522285,0.036585365853658534,82.0,,
pad,2,temp,0.15,4,0.0,3.7565670060522285,0.2,5.0,,
pad,2,temp,0.15,5,0.0,3.7565670060522285,0.0,2.0,,
pad,2,temp,0.15,0,0.0,3.7565670060522285,,,0.7727272727272727,22.0
hiba,3,softmax,0.05,1,0.9830216461227286,1.0,0.0,11.0,,
hiba,3,softmax,0.05,2,0.9830216461227286,1.0,0.06766917293233082,133.0,,
hiba,3,softmax,0.05,3,0.9830216461227286,1.0,0.0,10.0,,
hiba,3,softmax,0.05,0,0.9830216461227286,1.0,,,0.375,200.0
hiba,3,softmax,0.1,1,0.8937617858160561,1.0,0.0,11.0,,
hiba,3,softmax,0.1,2,0.8937617858160561,1.0,0.12781954887218044,133.0,,
hiba,3,softmax,0.1,3,0.8937617858160561,1.0,0.1,10.0,,
hiba,3,softmax,0.1,0,0.8937617858160561,1.0,,,0.61,200.0
hiba,3,softmax,0.15,1,0.716957992277597,1.0,0.0,11.0,,
hiba,3,softmax,0.15,2,0.716957992277597,1.0,0.19548872180451127,133.0,,
hiba,3,softmax,0.15,3,0.716957992277597,1.0,0.1,10.0,,
hiba,3,softmax,0.15,0,0.716957992277597,1.0,,,0.76,200.0
hiba,3,temp,0.05,1,0.5073166268606482,4.431632164605563,0.0,11.0,,
hiba,3,temp,0.05,2,0.5073166268606482,4.431632164605563,0.06766917293233082,133.0,,
hiba,3,temp,0.05,3,0.5073166268606482,4.431632164605563,0.0,10.0,,
hiba,3,temp,0.05,0,0.5073166268606482,4.431632164605563,,,0.52,200.0
hiba,3,temp,0.1,1,0.40143837364316753,4.431632164605563,0.0,11.0,,
hiba,3,temp,0.1,2,0.40143837364316753,4.431632164605563,0.12030075187969924,133.0,,
hiba,3,temp,0.1,3,0.40143837364316753,4.431632164605563,0.0,10.0,,
hiba,3,temp,0.1,0,0.40143837364316753,4.431632164605563,,,0.695,200.0
hiba,3,temp,0.15,1,0.3466233562287612,4.431632164605563,0.09090909090909091,11.0,,
hiba,3,temp,0.15,2,0.3466233562287612,4.431632164605563,0.18796992481203006,133.0,,
hiba,3,temp,0.15,3,0.3466233562287612,4.431632164605563,0.1,10.0,,
hiba,3,temp,0.15,0,0.3466233562287612,4.431632164605563,,,0.785,200.0
pad,3,softmax,0.05,1,0.4953659012397932,1.0,0.0,26.0,,
pad,3,softmax,0.05,2,0.4953659012397932,1.0,0.054945054945054944,182.0,,
pad,3,softmax,0.05,3,0.4953659012397932,1.0,0.041666666666666664,72.0,,
pad,3,softmax,0.05,4,0.4953659012397932,1.0,0.07692307692307693,13.0,,
pad,3,softmax,0.05,5,0.4953659012397932,1.0,0.0,1.0,,
pad,3,softmax,0.05,0,0.4953659012397932,1.0,,,0.7619047619047619,21.0
pad,3,softmax,0.1,1,0.0,1.0,0.0,26.0,,
pad,3,softmax,0.1,2,0.0,1.0,0.06043956043956044,182.0,,
pad,3,softmax,0.1,3,0.0,1.0,0.041666666666666664,72.0,,
pad,3,softmax,0.1,4,0.0,1.0,0.07692307692307693,13.0,,
pad,3,softmax,0.1,5,0.0,1.0,0.0,1.0,,
pad,3,softmax,0.1,0,0.0,1.0,,,0.7619047619047619,21.0
pad,3,softmax,0.15,1,0.0,1.0,0.0,26.0,,
pad,3,softmax,0.15,2,0.0,1.0,0.06043956043956044,182.0,,
pad,3,softmax,0.15,3,0.0,1.0,0.041666666666666664,72.0,,
pad,3,softmax,0.15,4,0.0,1.0,0.07692307692307693,13.0,,
pad,3,softmax,0.15,5,0.0,1.0,0.0,1.0,,
pad,3,softmax,0.15,0,0.0,1.0,,,0.7619047619047619,21.0
pad,3,temp,0.05,1,0.33724386139624246,4.106917320195125,0.0,26.0,,
pad,3,temp,0.05,2,0.33724386139624246,4.106917320195125,0.06043956043956044,182.0,,
pad,3,temp,0.05,3,0.33724386139624246,4.106917320195125,0.041666666666666664,72.0,,
pad,3,temp,0.05,4,0.33724386139624246,4.106917320195125,0.07692307692307693,13.0,,
pad,3,temp,0.05,5,0.33724386139624246,4.106917320195125,0.0,1.0,,
pad,3,temp,0.05,0,0.33724386139624246,4.106917320195125,,,0.7619047619047619,21.0
pad,3,temp,0.1,1,0.0,4.106917320195125,0.0,26.0,,
pad,3,temp,0.1,2,0.0,4.106917320195125,0.06043956043956044,182.0,,
pad,3,temp,0.1,3,0.0,4.106917320195125,0.041666666666666664,72.0,,
pad,3,temp,0.1,4,0.0,4.106917320195125,0.07692307692307693,13.0,,
pad,3,temp,0.1,5,0.0,4.106917320195125,0.0,1.0,,
pad,3,temp,0.1,0,0.0,4.106917320195125,,,0.7619047619047619,21.0
pad,3,temp,0.15,1,0.0,4.106917320195125,0.0,26.0,,
pad,3,temp,0.15,2,0.0,4.106917320195125,0.06043956043956044,182.0,,
pad,3,temp,0.15,3,0.0,4.106917320195125,0.041666666666666664,72.0,,
pad,3,temp,0.15,4,0.0,4.106917320195125,0.07692307692307693,13.0,,
pad,3,temp,0.15,5,0.0,4.106917320195125,0.0,1.0,,
pad,3,temp,0.15,0,0.0,4.106917320195125,,,0.7619047619047619,21.0
hiba,4,softmax,0.05,1,0.9768202254826834,1.0,0.0,18.0,,
hiba,4,softmax,0.05,2,0.9768202254826834,1.0,0.0703125,128.0,,
hiba,4,softmax,0.05,3,0.9768202254826834,1.0,0.13333333333333333,15.0,,
hiba,4,softmax,0.05,0,0.9768202254826834,1.0,,,0.3141025641025641,156.0
hiba,4,softmax,0.1,1,0.9193350798679852,1.0,0.1111111111111111,18.0,,
hiba,4,softmax,0.1,2,0.9193350798679852,1.0,0.109375,128.0,,
hiba,4,softmax,0.1,3,0.9193350798679852,1.0,0.13333333333333333,15.0,,
hiba,4,softmax,0.1,0,0.9193350798679852,1.0,,,0.46794871794871795,156.0
hiba,4,softmax,0.15,1,0.7632905652065394,1.0,0.16666666666666666,18.0,,
hiba,4,softmax,0.15,2,0.7632905652065394,1.0,0.1484375,128.0,,
hiba,4,softmax,0.15,3,0.7632905652065394,1.0,0.2,15.0,,
hiba,4,softmax,0.15,0,0.7632905652065394,1.0,,,0.6346153846153846,156.0
hiba,4,temp,0.05,1,0.48779867011407724,4.873119918473564,0.0,18.0,,
hiba,4,temp,0.05,2,0.48779867011407724,4.873119918473564,0.0625,128.0,,
hiba,4,temp,0.05,3,0.48779867011407724,4.873119918473564,0.0,15.0,,
hiba,4,temp,0.05,0,0.48779867011407724,4.873119918473564,,,0.3782051282051282,156.0
hiba,4,temp,0.1,1,0.3814969468036538,4.873119918473564,0.05555555555555555,18.0,,
hiba,4,temp,0.1,2,0.3814969468036538,4.873119918473564,0.1015625,128.0,,
hiba,4,temp,0.1,3,0.3814969468036538,4.873119918473564,0.13333333333333333,15.0,,
hiba,4,temp,0.1,0,0.3814969468036538,4.873119918473564,,,0.6089743589743589,156.0
hiba,4,temp,0.15,1,0.33631445027751167,4.873119918473564,0.2222222222222222,18.0,,
hiba,4,temp,0.15,2,0.33631445027751167,4.873119918473564,0.140625,128.0,,
hiba,4,temp,0.15,3,0.33631445027751167,4.873119918473564,0.2,15.0,,
hiba,4,temp,0.15,0,0.33631445027751167,4.873119918473564,,,0.7307692307692307,156.0
pad,4,softmax,0.05,1,0.5686599618437645,1.0,0.0,21.0,,
pad,4,softmax,0.05,2,0.5686599618437645,1.0,0.05263157894736842,152.0,,
pad,4,softmax,0.05,3,0.5686599618437645,1.0,0.06451612903225806,62.0,,
pad,4,softmax,0.05,4,0.5686599618437645,1.0,0.14285714285714285,7.0,,
pad,4,softmax,0.05,5,0.5686599618437645,1.0,0.0,4.0,,
pad,4,softmax,0.05,0,0.5686599618437645,1.0,,,0.5238095238095238,21.0
pad,4,softmax,0.1,1,0.0,1.0,0.0,21.0,,
pad,4,softmax,0.1,2,0.0,1.0,0.05263157894736842,152.0,,
pad,4,softmax,0.1,3,0.0,1.0,0.06451612903225806,62.0,,
pad,4,softmax,0.1,4,0.0,1.0,0.14285714285714285,7.0,,
pad,4,softmax,0.1,5,0.0,1.0,0.0,4.0,,
pad,4,softmax,0.1,0,0.0,1.0,,,0.6190476190476191,21.0
pad,4,softmax,0.15,1,0.0,1.0,0.0,21.0,,
pad,4,softmax,0.15,2,0.0,1.0,0.05263157894736842,152.0,,
pad,4,softmax,0.15,3,0.0,1.0,0.06451612903225806,62.0,,
pad,4,softmax,0.15,4,0.0,1.0,0.14285714285714285,7.0,,
pad,4,softmax,0.15,5,0.0,1.0,0.0,4.0,,
pad,4,softmax,0.15,0,0.0,1.0,,,0.6190476190476191,21.0
pad,4,temp,0.05,1,0.36472583519345037,3.8455849869098113,0.0,21.0,,
pad,4,temp,0.05,2,0.36472583519345037,3.8455849869098113,0.046052631578947366,152.0,,
pad,4,temp,0.05,3,0.36472583519345037,3.8455849869098113,0.06451612903225806,62.0,,
pad,4,temp,0.05,4,0.36472583519345037,3.8455849869098113,0.14285714285714285,7.0,,
pad,4,temp,0.05,5,0.36472583519345037,3.8455849869098113,0.0,4.0,,
pad,4,temp,0.05,0,0.36472583519345037,3.8455849869098113,,,0.5238095238095238,21.0
pad,4,temp,0.1,1,0.0,3.8455849869098113,0.0,21.0,,
pad,4,temp,0.1,2,0.0,3.8455849869098113,0.05263157894736842,152.0,,
pad,4,temp,0.1,3,0.0,3.8455849869098113,0.06451612903225806,62.0,,
pad,4,temp,0.1,4,0.0,3.8455849869098113,0.14285714285714285,7.0,,
pad,4,temp,0.1,5,0.0,3.8455849869098113,0.0,4.0,,
pad,4,temp,0.1,0,0.0,3.8455849869098113,,,0.6190476190476191,21.0
pad,4,temp,0.15,1,0.0,3.8455849869098113,0.0,21.0,,
pad,4,temp,0.15,2,0.0,3.8455849869098113,0.05263157894736842,152.0,,
pad,4,temp,0.15,3,0.0,3.8455849869098113,0.06451612903225806,62.0,,
pad,4,temp,0.15,4,0.0,3.8455849869098113,0.14285714285714285,7.0,,
pad,4,temp,0.15,5,0.0,3.8455849869098113,0.0,4.0,,
pad,4,temp,0.15,0,0.0,3.8455849869098113,,,0.6190476190476191,21.0
hiba,5,softmax,0.05,1,0.9648869570121437,1.0,0.045454545454545456,22.0,,
hiba,5,softmax,0.05,2,0.9648869570121437,1.0,0.0975609756097561,123.0,,
hiba,5,softmax,0.05,3,0.9648869570121437,1.0,0.0,11.0,,
hiba,5,softmax,0.05,0,0.9648869570121437,1.0,,,0.3592814371257485,167.0
hiba,5,softmax,0.1,1,0.8543339950602022,1.0,0.09090909090909091,22.0,,
hiba,5,softmax,0.1,2,0.8543339950602022,1.0,0.15447154471544716,123.0,,
hiba,5,softmax,0.1,3,0.8543339950602022,1.0,0.0,11.0,,
hiba,5,softmax,0.1,0,0.8543339950602022,1.0,,,0.6047904191616766,167.0
hiba,5,softmax,0.15,1,0.6964472637357667,1.0,0.18181818181818182,22.0,,
hiba,5,softmax,0.15,2,0.6964472637357667,1.0,0.2032520325203252,123.0,,
hiba,5,softmax,0.15,3,0.6964472637357667,1.0,0.0,11.0,,
hiba,5,softmax,0.15,0,0.6964472637357667,1.0,,,0.7904191616766467,167.0
hiba,5,temp,0.05,1,0.467358370464948,4.800472880032821,0.045454545454545456,22.0,,
hiba,5,temp,0.05,2,0.467358370464948,4.800472880032821,0.07317073170731707,123.0,,
hiba,5,temp,0.05,3,0.467358370464948,4.800472880032821,0.0,11.0,,
hiba,5,temp,0.05,0,0.467358370464948,4.800472880032821,,,0.4251497005988024,167.0
hiba,5,temp,0.1,1,0.3675829873227364,4.800472880032821,0.09090909090909091,22.0,,
hiba,5,temp,0.1,2,0.3675829873227364,4.800472880032821,0.15447154471544716,123.0,,
hiba,5,temp,0.1,3,0.3675829873227364,4.800472880032821,0.0,11.0,,
hiba,5,temp,0.1,0,0.3675829873227364,4.800472880032821,,,0.7425149700598802,167.0
hiba,5,temp,0.15,1,0.3222437668969217,4.800472880032821,0.18181818181818182,22.0,,
hiba,5,temp,0.15,2,0.3222437668969217,4.800472880032821,0.21138211382113822,123.0,,
hiba,5,temp,0.15,3,0.3222437668969217,4.800472880032821,0.09090909090909091,11.0,,
hiba,5,temp,0.15,0,0.3222437668969217,4.800472880032821,,,0.8682634730538922,167.0
pad,5,softmax,0.05,1,0.6882093147471173,1.0,0.024390243902439025,41.0,,
pad,5,softmax,0.05,2,0.6882093147471173,1.0,0.04666666666666667,150.0,,
pad,5,softmax,0.05,3,0.6882093147471173,1.0,0.03508771929824561,57.0,,
pad,5,softmax,0.05,4,0.6882093147471173,1.0,0.0,12.0,,
pad,5,softmax,0.05,5,0.6882093147471173,1.0,0.0,1.0,,
pad,5,softmax,0.05,0,0.6882093147471173,1.0,,,0.5714285714285714,14.0
pad,5,softmax,0.1,1,0.0,1.0,0.024390243902439025,41.0,,
pad,5,softmax,0.1,2,0.0,1.0,0.05333333333333334,150.0,,
pad,5,softmax,0.1,3,0.0,1.0,0.05263157894736842,57.0,,
pad,5,softmax,0.1,4,0.0,1.0,0.0,12.0,,
pad,5,softmax,0.1,5,0.0,1.0,0.0,1.0,,
pad,5,softmax,0.1,0,0.0,1.0,,,0.6428571428571429,14.0
pad,5,softmax,0.15,1,0.0,1.0,0.024390243902439025,41.0,,
pad,5,softmax,0.15,2,0.0,1.0,0.05333333333333334,150.0,,
pad,5,softmax,0.15,3,0.0,1.0,0.05263157894736842,57.0,,
pad,5,softmax,0.15,4,0.0,1.0,0.0,12.0,,
pad,5,softmax,0.15,5,0.0,1.0,0.0,1.0,,
pad,5,softmax,0.15,0,0.0,1.0,,,0.6428571428571429,14.0
pad,5,temp,0.05,1,0.39520751940308935,3.899251265832436,0.024390243902439025,41.0,,
pad,5,temp,0.05,2,0.39520751940308935,3.899251265832436,0.05333333333333334,150.0,,
pad,5,temp,0.05,3,0.39520751940308935,3.899251265832436,0.017543859649122806,57.0,,
pad,5,temp,0.05,4,0.39520751940308935,3.899251265832436,0.0,12.0,,
pad,5,temp,0.05,5,0.39520751940308935,3.899251265832436,0.0,1.0,,
pad,5,temp,0.05,0,0.39520751940308935,3.899251265832436,,,0.6428571428571429,14.0
pad,5,temp,0.1,1,0.0,3.899251265832436,0.024390243902439025,41.0,,
pad,5,temp,0.1,2,0.0,3.899251265832436,0.05333333333333334,150.0,,
pad,5,temp,0.1,3,0.0,3.899251265832436,0.05263157894736842,57.0,,
pad,5,temp,0.1,4,0.0,3.899251265832436,0.0,12.0,,
pad,5,temp,0.1,5,0.0,3.899251265832436,0.0,1.0,,
pad,5,temp,0.1,0,0.0,3.899251265832436,,,0.6428571428571429,14.0
pad,5,temp,0.15,1,0.0,3.899251265832436,0.024390243902439025,41.0,,
pad,5,temp,0.15,2,0.0,3.899251265832436,0.05333333333333334,150.0,,
pad,5,temp,0.15,3,0.0,3.899251265832436,0.05263157894736842,57.0,,
pad,5,temp,0.15,4,0.0,3.899251265832436,0.0,12.0,,
pad,5,temp,0.15,5,0.0,3.899251265832436,0.0,1.0,,
pad,5,temp,0.15,0,0.0,3.899251265832436,,,0.6428571428571429,14.0
hiba,6,softmax,0.05,1,0.9850375494594769,1.0,0.0,20.0,,
hiba,6,softmax,0.05,2,0.9850375494594769,1.0,0.03508771929824561,114.0,,
hiba,6,softmax,0.05,3,0.9850375494594769,1.0,0.0,11.0,,
hiba,6,softmax,0.05,0,0.9850375494594769,1.0,,,0.3681592039800995,201.0
hiba,6,softmax,0.1,1,0.9531106113696587,1.0,0.05,20.0,,
hiba,6,softmax,0.1,2,0.9531106113696587,1.0,0.05263157894736842,114.0,,
hiba,6,softmax,0.1,3,0.9531106113696587,1.0,0.0,11.0,,
hiba,6,softmax,0.1,0,0.9531106113696587,1.0,,,0.5024875621890548,201.0
hiba,6,softmax,0.15,1,0.7756530674599961,1.0,0.2,20.0,,
hiba,6,softmax,0.15,2,0.7756530674599961,1.0,0.11403508771929824,114.0,,
hiba,6,softmax,0.15,3,0.7756530674599961,1.0,0.0,11.0,,
hiba,6,softmax,0.15,0,0.7756530674599961,1.0,,,0.7164179104477612,201.0
hiba,6,temp,0.05,1,0.4888606737621277,5.030645526897218,0.0,20.0,,
hiba,6,temp,0.05,2,0.4888606737621277,5.030645526897218,0.02631578947368421,114.0,,
hiba,6,temp,0.05,3,0.4888606737621277,5.030645526897218,0.0,11.0,,
hiba,6,temp,0.05,0,0.4888606737621277,5.030645526897218,,,0.47761194029850745,201.0
hiba,6,temp,0.1,1,0.40659977314113904,5.030645526897218,0.0,20.0,,
hiba,6,temp,0.1,2,0.40659977314113904,5.030645526897218,0.07017543859649122,114.0,,
hiba,6,temp,0.1,3,0.40659977314113904,5.030645526897218,0.0,11.0,,
hiba,6,temp,0.1,0,0.40659977314113904,5.030645526897218,,,0.6517412935323383,201.0
hiba,6,temp,0.15,1,0.33452760853413066,5.030645526897218,0.2,20.0,,
hiba,6,temp,0.15,2,0.33452760853413066,5.030645526897218,0.12280701754385964,114.0,,
hiba,6,temp,0.15,3,0.33452760853413066,5.030645526897218,0.0,11.0,,
hiba,6,temp,0.15,0,0.33452760853413066,5.030645526897218,,,0.7711442786069652,201.0
pad,6,softmax,0.05,1,0.4262509540532948,1.0,0.045454545454545456,22.0,,
pad,6,softmax,0.05,2,0.4262509540532948,1.0,0.041379310344827586,145.0,,
pad,6,softmax,0.05,3,0.4262509540532948,1.0,0.02631578947368421,76.0,,
pad,6,softmax,0.05,4,0.4262509540532948,1.0,0.1111111111111111,9.0,,
pad,6,softmax,0.05,5,0.4262509540532948,1.0,0.0,4.0,,
pad,6,softmax,0.05,0,0.4262509540532948,1.0,,,0.631578947368421,19.0
pad,6,softmax,0.1,1,0.0,1.0,0.045454545454545456,22.0,,
pad,6,softmax,0.1,2,0.0,1.0,0.041379310344827586,145.0,,
pad,6,softmax,0.1,3,0.0,1.0,0.02631578947368421,76.0,,
pad,6,softmax,0.1,4,0.0,1.0,0.1111111111111111,9.0,,
pad,6,softmax,0.1,5,0.0,1.0,0.0,4.0,,
pad,6,softmax,0.1,0,0.0,1.0,,,0.631578947368421,19.0
pad,6,softmax,0.15,1,0.0,1.0,0.045454545454545456,22.0,,
pad,6,softmax,0.15,2,0.0,1.0,0.041379310344827586,145.0,,
pad,6,softmax,0.15,3,0.0,1.0,0.02631578947368421,76.0,,
pad,6,softmax,0.15,4,0.0,1.0,0.1111111111111111,9.0,,
pad,6,softmax,0.15,5,0.0,1.0,0.0,4.0,,
pad,6,softmax,0.15,0,0.0,1.0,,,0.631578947368421,19.0
pad,6,temp,0.05,1,0.26409389156550134,4.0638604536930005,0.045454545454545456,22.0,,
pad,6,temp,0.05,2,0.26409389156550134,4.0638604536930005,0.041379310344827586,145.0,,
pad,6,temp,0.05,3,0.26409389156550134,4.0638604536930005,0.02631578947368421,76.0,,
pad,6,temp,0.05,4,0.26409389156550134,4.0638604536930005,0.1111111111111111,9.0,,
pad,6,temp,0.05,5,0.26409389156550134,4.0638604536930005,0.0,4.0,,
pad,6,temp,0.05,0,0.26409389156550134,4.0638604536930005,,,0.631578947368421,19.0
pad,6,temp,0.1,1,0.0,4.0638604536930005,0.045454545454545456,22.0,,
pad,6,temp,0.1,2,0.0,4.0638604536930005,0.041379310344827586,145.0,,
pad,6,temp,0.1,3,0.0,4.0638604536930005,0.02631578947368421,76.0,,
pad,6,temp,0.1,4,0.0,4.0638604536930005,0.1111111111111111,9.0,,
pad,6,temp,0.1,5,0.0,4.0638604536930005,0.0,4.0,,
pad,6,temp,0.1,0,0.0,4.0638604536930005,,,0.631578947368421,19.0
pad,6,temp,0.15,1,0.0,4.0638604536930005,0.045454545454545456,22.0,,
pad,6,temp,0.15,2,0.0,4.0638604536930005,0.041379310344827586,145.0,,
pad,6,temp,0.15,3,0.0,4.0638604536930005,0.02631578947368421,76.0,,
pad,6,temp,0.15,4,0.0,4.0638604536930005,0.1111111111111111,9.0,,
pad,6,temp,0.15,5,0.0,4.0638604536930005,0.0,4.0,,
pad,6,temp,0.15,0,0.0,4.0638604536930005,,,0.631578947368421,19.0
hiba,7,softmax,0.05,1,0.976967225675208,1.0,0.0,13.0,,
hiba,7,softmax,0.05,2,0.976967225675208,1.0,0.04477611940298507,134.0,,
hiba,7,softmax,0.05,3,0.976967225675208,1.0,0.1111111111111111,9.0,,
hiba,7,softmax,0.05,0,0.976967225675208,1.0,,,0.3080568720379147,211.0
hiba,7,softmax,0.1,1,0.907472447353234,1.0,0.15384615384615385,13.0,,
hiba,7,softmax,0.1,2,0.907472447353234,1.0,0.08208955223880597,134.0,,
hiba,7,softmax,0.1,3,0.907472447353234,1.0,0.1111111111111111,9.0,,
hiba,7,softmax,0.1,0,0.907472447353234,1.0,,,0.5402843601895735,211.0
hiba,7,softmax,0.15,1,0.7087114600675901,1.0,0.15384615384615385,13.0,,
hiba,7,softmax,0.15,2,0.7087114600675901,1.0,0.15671641791044777,134.0,,
hiba,7,softmax,0.15,3,0.7087114600675901,1.0,0.1111111111111111,9.0,,
hiba,7,softmax,0.15,0,0.7087114600675901,1.0,,,0.7677725118483413,211.0
hiba,7,temp,0.05,1,0.5212946439586083,4.529704535952458,0.0,13.0,,
hiba,7,temp,0.05,2,0.5212946439586083,4.529704535952458,0.022388059701492536,134.0,,
hiba,7,temp,0.05,3,0.5212946439586083,4.529704535952458,0.0,9.0,,
hiba,7,temp,0.05,0,0.5212946439586083,4.529704535952458,,,0.3981042654028436,211.0
hiba,7,temp,0.1,1,0.389903616814472,4.529704535952458,0.07692307692307693,13.0,,
hiba,7,temp,0.1,2,0.389903616814472,4.529704535952458,0.08955223880597014,134.0,,
hiba,7,temp,0.1,3,0.389903616814472,4.529704535952458,0.1111111111111111,9.0,,
hiba,7,temp,0.1,0,0.389903616814472,4.529704535952458,,,0.7251184834123223,211.0
hiba,7,temp,0.15,1,0.35089974256130996,4.529704535952458,0.23076923076923078,13.0,,
hiba,7,temp,0.15,2,0.35089974256130996,4.529704535952458,0.1044776119402985,134.0,,
hiba,7,temp,0.15,3,0.35089974256130996,4.529704535952458,0.1111111111111111,9.0,,
hiba,7,temp,0.15,0,0.35089974256130996,4.529704535952458,,,0.8436018957345972,211.0
pad,7,softmax,0.05,1,0.0,1.0,0.0,25.0,,
pad,7,softmax,0.05,2,0.0,1.0,0.0425531914893617,141.0,,
pad,7,softmax,0.05,3,0.0,1.0,0.06818181818181818,88.0,,
pad,7,softmax,0.05,4,0.0,1.0,0.1111111111111111,9.0,,
pad,7,softmax,0.05,5,0.0,1.0,0.0,3.0,,
pad,7,softmax,0.05,0,0.0,1.0,,,0.5454545454545454,11.0
pad,7,softmax,0.1,1,0.0,1.0,0.0,25.0,,
pad,7,softmax,0.1,2,0.0,1.0,0.0425531914893617,141.0,,
pad,7,softmax,0.1,3,0.0,1.0,0.06818181818181818,88.0,,
pad,7,softmax,0.1,4,0.0,1.0,0.1111111111111111,9.0,,
pad,7,softmax,0.1,5,0.0,1.0,0.0,3.0,,
pad,7,softmax,0.1,0,0.0,1.0,,,0.5454545454545454,11.0
pad,7,softmax,0.15,1,0.0,1.0,0.0,25.0,,
pad,7,softmax,0.15,2,0.0,1.0,0.0425531914893617,141.0,,
pad,7,softmax,0.15,3,0.0,1.0,0.06818181818181818,88.0,,
pad,7,softmax,0.15,4,0.0,1.0,0.1111111111111111,9.0,,
pad,7,softmax,0.15,5,0.0,1.0,0.0,3.0,,
pad,7,softmax,0.15,0,0.0,1.0,,,0.5454545454545454,11.0
pad,7,temp,0.05,1,0.0,4.182777941886918,0.0,25.0,,
pad,7,temp,0.05,2,0.0,4.182777941886918,0.0425531914893617,141.0,,
pad,7,temp,0.05,3,0.0,4.182777941886918,0.06818181818181818,88.0,,
pad,7,temp,0.05,4,0.0,4.182777941886918,0.1111111111111111,9.0,,
pad,7,temp,0.05,5,0.0,4.182777941886918,0.0,3.0,,
pad,7,temp,0.05,0,0.0,4.182777941886918,,,0.5454545454545454,11.0
pad,7,temp,0.1,1,0.0,4.182777941886918,0.0,25.0,,
pad,7,temp,0.1,2,0.0,4.182777941886918,0.0425531914893617,141.0,,
pad,7,temp,0.1,3,0.0,4.182777941886918,0.06818181818181818,88.0,,
pad,7,temp,0.1,4,0.0,4.182777941886918,0.1111111111111111,9.0,,
pad,7,temp,0.1,5,0.0,4.182777941886918,0.0,3.0,,
pad,7,temp,0.1,0,0.0,4.182777941886918,,,0.5454545454545454,11.0
pad,7,temp,0.15,1,0.0,4.182777941886918,0.0,25.0,,
pad,7,temp,0.15,2,0.0,4.182777941886918,0.0425531914893617,141.0,,
pad,7,temp,0.15,3,0.0,4.182777941886918,0.06818181818181818,88.0,,
pad,7,temp,0.15,4,0.0,4.182777941886918,0.1111111111111111,9.0,,
pad,7,temp,0.15,5,0.0,4.182777941886918,0.0,3.0,,
pad,7,temp,0.15,0,0.0,4.182777941886918,,,0.5454545454545454,11.0
hiba,8,softmax,0.05,1,0.9831793416293787,1.0,0.0,17.0,,
hiba,8,softmax,0.05,2,0.9831793416293787,1.0,0.04878048780487805,123.0,,
hiba,8,softmax,0.05,3,0.9831793416293787,1.0,0.0,7.0,,
hiba,8,softmax,0.05,0,0.9831793416293787,1.0,,,0.29878048780487804,164.0
hiba,8,softmax,0.1,1,0.9139303164485552,1.0,0.058823529411764705,17.0,,
hiba,8,softmax,0.1,2,0.9139303164485552,1.0,0.0975609756097561,123.0,,
hiba,8,softmax,0.1,3,0.9139303164485552,1.0,0.14285714285714285,7.0,,
hiba,8,softmax,0.1,0,0.9139303164485552,1.0,,,0.5060975609756098,164.0
hiba,8,softmax,0.15,1,0.7478171321260727,1.0,0.11764705882352941,17.0,,
hiba,8,softmax,0.15,2,0.7478171321260727,1.0,0.14634146341463414,123.0,,
hiba,8,softmax,0.15,3,0.7478171321260727,1.0,0.2857142857142857,7.0,,
hiba,8,softmax,0.15,0,0.7478171321260727,1.0,,,0.676829268292683,164.0
hiba,8,temp,0.05,1,0.5107567259121979,4.608847563985521,0.0,17.0,,
hiba,8,temp,0.05,2,0.5107567259121979,4.608847563985521,0.04878048780487805,123.0,,
hiba,8,temp,0.05,3,0.5107567259121979,4.608847563985521,0.0,7.0,,
hiba,8,temp,0.05,0,0.5107567259121979,4.608847563985521,,,0.3780487804878049,164.0
hiba,8,temp,0.1,1,0.3937372355015113,4.608847563985521,0.0,17.0,,
hiba,8,temp,0.1,2,0.3937372355015113,4.608847563985521,0.0975609756097561,123.0,,
hiba,8,temp,0.1,3,0.3937372355015113,4.608847563985521,0.14285714285714285,7.0,,
hiba,8,temp,0.1,0,0.3937372355015113,4.608847563985521,,,0.6463414634146342,164.0
hiba,8,temp,0.15,1,0.3464399740198573,4.608847563985521,0.11764705882352941,17.0,,
hiba,8,temp,0.15,2,0.3464399740198573,4.608847563985521,0.14634146341463414,123.0,,
hiba,8,temp,0.15,3,0.3464399740198573,4.608847563985521,0.2857142857142857,7.0,,
hiba,8,temp,0.15,0,0.3464399740198573,4.608847563985521,,,0.7317073170731707,164.0
pad,8,softmax,0.05,1,0.0,1.0,0.0,20.0,,
pad,8,softmax,0.05,2,0.0,1.0,0.055248618784530384,181.0,,
pad,8,softmax,0.05,3,0.0,1.0,0.07575757575757576,66.0,,
pad,8,softmax,0.05,4,0.0,1.0,0.18181818181818182,11.0,,
pad,8,softmax,0.05,5,0.0,1.0,0.0,2.0,,
pad,8,softmax,0.05,0,0.0,1.0,,,0.782608695652174,23.0
pad,8,softmax,0.1,1,0.0,1.0,0.0,20.0,,
pad,8,softmax,0.1,2,0.0,1.0,0.055248618784530384,181.0,,
pad,8,softmax,0.1,3,0.0,1.0,0.07575757575757576,66.0,,
pad,8,softmax,0.1,4,0.0,1.0,0.18181818181818182,11.0,,
pad,8,softmax,0.1,5,0.0,1.0,0.0,2.0,,
pad,8,softmax,0.1,0,0.0,1.0,,,0.782608695652174,23.0
pad,8,softmax,0.15,1,0.0,1.0,0.0,20.0,,
pad,8,softmax,0.15,2,0.0,1.0,0.055248618784530384,181.0,,
pad,8,softmax,0.15,3,0.0,1.0,0.07575757575757576,66.0,,
pad,8,softmax,0.15,4,0.0,1.0,0.18181818181818182,11.0,,
pad,8,softmax,0.15,5,0.0,1.0,0.0,2.0,,
pad,8,softmax,0.15,0,0.0,1.0,,,0.782608695652174,23.0
pad,8,temp,0.05,1,0.0,3.952392021163564,0.0,20.0,,
pad,8,temp,0.05,2,0.0,3.952392021163564,0.055248618784530384,181.0,,
pad,8,temp,0.05,3,0.0,3.952392021163564,0.07575757575757576,66.0,,
pad,8,temp,0.05,4,0.0,3.952392021163564,0.18181818181818182,11.0,,
pad,8,temp,0.05,5,0.0,3.952392021163564,0.0,2.0,,
pad,8,temp,0.05,0,0.0,3.952392021163564,,,0.782608695652174,23.0
pad,8,temp,0.1,1,0.0,3.952392021163564,0.0,20.0,,
pad,8,temp,0.1,2,0.0,3.952392021163564,0.055248618784530384,181.0,,
pad,8,temp,0.1,3,0.0,3.952392021163564,0.07575757575757576,66.0,,
pad,8,temp,0.1,4,0.0,3.952392021163564,0.18181818181818182,11.0,,
pad,8,temp,0.1,5,0.0,3.952392021163564,0.0,2.0,,
pad,8,temp,0.1,0,0.0,3.952392021163564,,,0.782608695652174,23.0
pad,8,temp,0.15,1,0.0,3.952392021163564,0.0,20.0,,
pad,8,temp,0.15,2,0.0,3.952392021163564,0.055248618784530384,181.0,,
pad,8,temp,0.15,3,0.0,3.952392021163564,0.07575757575757576,66.0,,
pad,8,temp,0.15,4,0.0,3.952392021163564,0.18181818181818182,11.0,,
pad,8,temp,0.15,5,0.0,3.952392021163564,0.0,2.0,,
pad,8,temp,0.15,0,0.0,3.952392021163564,,,0.782608695652174,23.0
hiba,9,softmax,0.05,1,0.9844580586678594,1.0,0.05555555555555555,18.0,,
hiba,9,softmax,0.05,2,0.9844580586678594,1.0,0.042735042735042736,117.0,,
hiba,9,softmax,0.05,3,0.9844580586678594,1.0,0.0,15.0,,
hiba,9,softmax,0.05,0,0.9844580586678594,1.0,,,0.23684210526315788,228.0
hiba,9,softmax,0.1,1,0.9480643919993349,1.0,0.1111111111111111,18.0,,
hiba,9,softmax,0.1,2,0.9480643919993349,1.0,0.05982905982905983,117.0,,
hiba,9,softmax,0.1,3,0.9480643919993349,1.0,0.0,15.0,,
hiba,9,softmax,0.1,0,0.9480643919993349,1.0,,,0.41228070175438597,228.0
hiba,9,softmax,0.15,1,0.7942128716685251,1.0,0.1111111111111111,18.0,,
hiba,9,softmax,0.15,2,0.7942128716685251,1.0,0.1282051282051282,117.0,,
hiba,9,softmax,0.15,3,0.7942128716685251,1.0,0.06666666666666667,15.0,,
hiba,9,softmax,0.15,0,0.7942128716685251,1.0,,,0.6754385964912281,228.0
hiba,9,temp,0.05,1,0.4977178893725004,4.80326759473838,0.05555555555555555,18.0,,
hiba,9,temp,0.05,2,0.4977178893725004,4.80326759473838,0.05128205128205128,117.0,,
hiba,9,temp,0.05,3,0.4977178893725004,4.80326759473838,0.0,15.0,,
hiba,9,temp,0.05,0,0.4977178893725004,4.80326759473838,,,0.37719298245614036,228.0
hiba,9,temp,0.1,1,0.42822834759031364,4.80326759473838,0.05555555555555555,18.0,,
hiba,9,temp,0.1,2,0.42822834759031364,4.80326759473838,0.06837606837606838,117.0,,
hiba,9,temp,0.1,3,0.42822834759031364,4.80326759473838,0.0,15.0,,
hiba,9,temp,0.1,0,0.42822834759031364,4.80326759473838,,,0.5350877192982456,228.0
hiba,9,temp,0.15,1,0.35846621588781163,4.80326759473838,0.1111111111111111,18.0,,
hiba,9,temp,0.15,2,0.35846621588781163,4.80326759473838,0.1282051282051282,117.0,,
hiba,9,temp,0.15,3,0.35846621588781163,4.80326759473838,0.06666666666666667,15.0,,
hiba,9,temp,0.15,0,0.35846621588781163,4.80326759473838,,,0.7894736842105263,228.0
pad,9,softmax,0.05,1,0.0,1.0,0.038461538461538464,26.0,,
pad,9,softmax,0.05,2,0.0,1.0,0.05128205128205128,156.0,,
pad,9,softmax,0.05,3,0.0,1.0,0.06349206349206349,63.0,,
pad,9,softmax,0.05,4,0.0,1.0,0.1,10.0,,
pad,9,softmax,0.05,5,0.0,1.0,0.0,3.0,,
pad,9,softmax,0.05,0,0.0,1.0,,,0.6666666666666666,18.0
pad,9,softmax,0.1,1,0.0,1.0,0.038461538461538464,26.0,,
pad,9,softmax,0.1,2,0.0,1.0,0.05128205128205128,156.0,,
pad,9,softmax,0.1,3,0.0,1.0,0.06349206349206349,63.0,,
pad,9,softmax,0.1,4,0.0,1.0,0.1,10.0,,
pad,9,softmax,0.1,5,0.0,1.0,0.0,3.0,,
pad,9,softmax,0.1,0,0.0,1.0,,,0.6666666666666666,18.0
pad,9,softmax,0.15,1,0.0,1.0,0.038461538461538464,26.0,,
pad,9,softmax,0.15,2,0.0,1.0,0.05128205128205128,156.0,,
pad,9,softmax,0.15,3,0.0,1.0,0.06349206349206349,63.0,,
pad,9,softmax,0.15,4,0.0,1.0,0.1,10.0,,
pad,9,softmax,0.15,5,0.0,1.0,0.0,3.0,,
pad,9,softmax,0.15,0,0.0,1.0,,,0.6666666666666666,18.0
pad,9,temp,0.05,1,0.0,3.8889416720165326,0.038461538461538464,26.0,,
pad,9,temp,0.05,2,0.0,3.8889416720165326,0.05128205128205128,156.0,,
pad,9,temp,0.05,3,0.0,3.8889416720165326,0.06349206349206349,63.0,,
pad,9,temp,0.05,4,0.0,3.8889416720165326,0.1,10.0,,
pad,9,temp,0.05,5,0.0,3.8889416720165326,0.0,3.0,,
pad,9,temp,0.05,0,0.0,3.8889416720165326,,,0.6666666666666666,18.0
pad,9,temp,0.1,1,0.0,3.8889416720165326,0.038461538461538464,26.0,,
pad,9,temp,0.1,2,0.0,3.8889416720165326,0.05128205128205128,156.0,,
pad,9,temp,0.1,3,0.0,3.8889416720165326,0.06349206349206349,63.0,,
pad,9,temp,0.1,4,0.0,3.8889416720165326,0.1,10.0,,
pad,9,temp,0.1,5,0.0,3.8889416720165326,0.0,3.0,,
pad,9,temp,0.1,0,0.0,3.8889416720165326,,,0.6666666666666666,18.0
pad,9,temp,0.15,1,0.0,3.8889416720165326,0.038461538461538464,26.0,,
pad,9,temp,0.15,2,0.0,3.8889416720165326,0.05128205128205128,156.0,,
pad,9,temp,0.15,3,0.0,3.8889416720165326,0.06349206349206349,63.0,,
pad,9,temp,0.15,4,0.0,3.8889416720165326,0.1,10.0,,
pad,9,temp,0.15,5,0.0,3.8889416720165326,0.0,3.0,,
pad,9,temp,0.15,0,0.0,3.8889416720165326,,,0.6666666666666666,18.0
hiba,10,softmax,0.05,1,0.9779506018179991,1.0,0.0,19.0,,
hiba,10,softmax,0.05,2,0.9779506018179991,1.0,0.0625,112.0,,
hiba,10,softmax,0.05,3,0.9779506018179991,1.0,0.1111111111111111,9.0,,
hiba,10,softmax,0.05,0,0.9779506018179991,1.0,,,0.35772357723577236,123.0
hiba,10,softmax,0.1,1,0.8543339950602022,1.0,0.10526315789473684,19.0,,
hiba,10,softmax,0.1,2,0.8543339950602022,1.0,0.14285714285714285,112.0,,
hiba,10,softmax,0.1,3,0.8543339950602022,1.0,0.1111111111111111,9.0,,
hiba,10,softmax,0.1,0,0.8543339950602022,1.0,,,0.5934959349593496,123.0
hiba,10,softmax,0.15,1,0.6440194705293274,1.0,0.15789473684210525,19.0,,
hiba,10,softmax,0.15,2,0.6440194705293274,1.0,0.21428571428571427,112.0,,
hiba,10,softmax,0.15,3,0.6440194705293274,1.0,0.2222222222222222,9.0,,
hiba,10,softmax,0.15,0,0.6440194705293274,1.0,,,0.7235772357723578,123.0
hiba,10,temp,0.05,1,0.5122107751678613,4.569405784397496,0.0,19.0,,
hiba,10,temp,0.05,2,0.5122107751678613,4.569405784397496,0.0625,112.0,,
hiba,10,temp,0.05,3,0.5122107751678613,4.569405784397496,0.0,9.0,,
hiba,10,temp,0.05,0,0.5122107751678613,4.569405784397496,,,0.43089430894308944,123.0
hiba,10,temp,0.1,1,0.3780965553822321,4.569405784397496,0.05263157894736842,19.0,,
hiba,10,temp,0.1,2,0.3780965553822321,4.569405784397496,0.16071428571428573,112.0,,
hiba,10,temp,0.1,3,0.3780965553822321,4.569405784397496,0.1111111111111111,9.0,,
hiba,10,temp,0.1,0,0.3780965553822321,4.569405784397496,,,0.6747967479674797,123.0
hiba,10,temp,0.15,1,0.3407744793611371,4.569405784397496,0.10526315789473684,19.0,,
hiba,10,temp,0.15,2,0.3407744793611371,4.569405784397496,0.1875,112.0,,
hiba,10,temp,0.15,3,0.3407744793611371,4.569405784397496,0.2222222222222222,9.0,,
hiba,10,temp,0.15,0,0.3407744793611371,4.569405784397496,,,0.7154471544715447,123.0
pad,10,softmax,0.05,1,0.49674258708713903,1.0,0.0,24.0,,
pad,10,softmax,0.05,2,0.49674258708713903,1.0,0.06493506493506493,154.0,,
pad,10,softmax,0.05,3,0.49674258708713903,1.0,0.08333333333333333,60.0,,
pad,10,softmax,0.05,4,0.49674258708713903,1.0,0.16666666666666666,6.0,,
pad,10,softmax,0.05,5,0.49674258708713903,1.0,0.0,1.0,,
pad,10,softmax,0.05,0,0.49674258708713903,1.0,,,0.6363636363636364,22.0
pad,10,softmax,0.1,1,0.0,1.0,0.0,24.0,,
pad,10,softmax,0.1,2,0.0,1.0,0.06493506493506493,154.0,,
pad,10,softmax,0.1,3,0.0,1.0,0.08333333333333333,60.0,,
pad,10,softmax,0.1,4,0.0,1.0,0.16666666666666666,6.0,,
pad,10,softmax,0.1,5,0.0,1.0,0.0,1.0,,
pad,10,softmax,0.1,0,0.0,1.0,,,0.6363636363636364,22.0
pad,10,softmax,0.15,1,0.0,1.0,0.0,24.0,,
pad,10,softmax,0.15,2,0.0,1.0,0.06493506493506493,154.0,,
pad,10,softmax,0.15,3,0.0,1.0,0.08333333333333333,60.0,,
pad,10,softmax,0.15,4,0.0,1.0,0.16666666666666666,6.0,,
pad,10,softmax,0.15,5,0.0,1.0,0.0,1.0,,
pad,10,softmax,0.15,0,0.0,1.0,,,0.6363636363636364,22.0
pad,10,temp,0.05,1,0.3598519833741144,3.8873094955743004,0.0,24.0,,
pad,10,temp,0.05,2,0.3598519833741144,3.8873094955743004,0.05844155844155844,154.0,,
pad,10,temp,0.05,3,0.3598519833741144,3.8873094955743004,0.08333333333333333,60.0,,
pad,10,temp,0.05,4,0.3598519833741144,3.8873094955743004,0.16666666666666666,6.0,,
pad,10,temp,0.05,5,0.3598519833741144,3.8873094955743004,0.0,1.0,,
pad,10,temp,0.05,0,0.3598519833741144,3.8873094955743004,,,0.5909090909090909,22.0
pad,10,temp,0.1,1,0.0,3.8873094955743004,0.0,24.0,,
pad,10,temp,0.1,2,0.0,3.8873094955743004,0.06493506493506493,154.0,,
pad,10,temp,0.1,3,0.0,3.8873094955743004,0.08333333333333333,60.0,,
pad,10,temp,0.1,4,0.0,3.8873094955743004,0.16666666666666666,6.0,,
pad,10,temp,0.1,5,0.0,3.8873094955743004,0.0,1.0,,
pad,10,temp,0.1,0,0.0,3.8873094955743004,,,0.6363636363636364,22.0
pad,10,temp,0.15,1,0.0,3.8873094955743004,0.0,24.0,,
pad,10,temp,0.15,2,0.0,3.8873094955743004,0.06493506493506493,154.0,,
pad,10,temp,0.15,3,0.0,3.8873094955743004,0.08333333333333333,60.0,,
pad,10,temp,0.15,4,0.0,3.8873094955743004,0.16666666666666666,6.0,,
pad,10,temp,0.15,5,0.0,3.8873094955743004,0.0,1.0,,
pad,10,temp,0.15,0,0.0,3.8873094955743004,,,0.6363636363636364,22.0
hiba,11,softmax,0.05,1,0.9778988591973208,1.0,0.0,11.0,,
hiba,11,softmax,0.05,2,0.9778988591973208,1.0,0.06611570247933884,121.0,,
hiba,11,softmax,0.05,3,0.9778988591973208,1.0,0.05555555555555555,18.0,,
hiba,11,softmax,0.05,0,0.9778988591973208,1.0,,,0.3282442748091603,131.0
hiba,11,softmax,0.1,1,0.909944204437171,1.0,0.18181818181818182,11.0,,
hiba,11,softmax,0.1,2,0.909944204437171,1.0,0.11570247933884298,121.0,,
hiba,11,softmax,0.1,3,0.909944204437171,1.0,0.05555555555555555,18.0,,
hiba,11,softmax,0.1,0,0.909944204437171,1.0,,,0.48854961832061067,131.0
hiba,11,softmax,0.15,1,0.6866791997567699,1.0,0.18181818181818182,11.0,,
hiba,11,softmax,0.15,2,0.6866791997567699,1.0,0.19834710743801653,121.0,,
hiba,11,softmax,0.15,3,0.6866791997567699,1.0,0.2222222222222222,18.0,,
hiba,11,softmax,0.15,0,0.6866791997567699,1.0,,,0.7022900763358778,131.0
hiba,11,temp,0.05,1,0.4938083123676309,4.774205643320139,0.0,11.0,,
hiba,11,temp,0.05,2,0.4938083123676309,4.774205643320139,0.06611570247933884,121.0,,
hiba,11,temp,0.05,3,0.4938083123676309,4.774205643320139,0.0,18.0,,
hiba,11,temp,0.05,0,0.4938083123676309,4.774205643320139,,,0.366412213740458,131.0
hiba,11,temp,0.1,1,0.38160797480195147,4.774205643320139,0.09090909090909091,11.0,,
hiba,11,temp,0.1,2,0.38160797480195147,4.774205643320139,0.12396694214876033,121.0,,
hiba,11,temp,0.1,3,0.38160797480195147,4.774205643320139,0.1111111111111111,18.0,,
hiba,11,temp,0.1,0,0.38160797480195147,4.774205643320139,,,0.6259541984732825,131.0
hiba,11,temp,0.15,1,0.32391922586124294,4.774205643320139,0.18181818181818182,11.0,,
hiba,11,temp,0.15,2,0.32391922586124294,4.774205643320139,0.19834710743801653,121.0,,
hiba,11,temp,0.15,3,0.32391922586124294,4.774205643320139,0.2777777777777778,18.0,,
hiba,11,temp,0.15,0,0.32391922586124294,4.774205643320139,,,0.7099236641221374,131.0
pad,11,softmax,0.05,1,0.6617499500724552,1.0,0.0,26.0,,
pad,11,softmax,0.05,2,0.6617499500724552,1.0,0.023809523809523808,168.0,,
pad,11,softmax,0.05,3,0.6617499500724552,1.0,0.07142857142857142,56.0,,
pad,11,softmax,0.05,4,0.6617499500724552,1.0,0.25,4.0,,
pad,11,softmax,0.05,5,0.6617499500724552,1.0,0.0,2.0,,
pad,11,softmax,0.05,0,0.6617499500724552,1.0,,,0.7368421052631579,19.0
pad,11,softmax,0.1,1,0.0,1.0,0.0,26.0,,
pad,11,softmax,0.1,2,0.0,1.0,0.05357142857142857,168.0,,
pad,11,softmax,0.1,3,0.0,1.0,0.08928571428571429,56.0,,
pad,11,softmax,0.1,4,0.0,1.0,0.25,4.0,,
pad,11,softmax,0.1,5,0.0,1.0,0.0,2.0,,
pad,11,softmax,0.1,0,0.0,1.0,,,0.8421052631578947,19.0
pad,11,softmax,0.15,1,0.0,1.0,0.0,26.0,,
pad,11,softmax,0.15,2,0.0,1.0,0.05357142857142857,168.0,,
pad,11,softmax,0.15,3,0.0,1.0,0.08928571428571429,56.0,,
pad,11,softmax,0.15,4,0.0,1.0,0.25,4.0,,
pad,11,softmax,0.15,5,0.0,1.0,0.0,2.0,,
pad,11,softmax,0.15,0,0.0,1.0,,,0.8421052631578947,19.0
pad,11,temp,0.05,1,0.36655003717469603,3.996683580016349,0.0,26.0,,
pad,11,temp,0.05,2,0.36655003717469603,3.996683580016349,0.02976190476190476,168.0,,
pad,11,temp,0.05,3,0.36655003717469603,3.996683580016349,0.07142857142857142,56.0,,
pad,11,temp,0.05,4,0.36655003717469603,3.996683580016349,0.25,4.0,,
pad,11,temp,0.05,5,0.36655003717469603,3.996683580016349,0.0,2.0,,
pad,11,temp,0.05,0,0.36655003717469603,3.996683580016349,,,0.7894736842105263,19.0
pad,11,temp,0.1,1,0.0,3.996683580016349,0.0,26.0,,
pad,11,temp,0.1,2,0.0,3.996683580016349,0.05357142857142857,168.0,,
pad,11,temp,0.1,3,0.0,3.996683580016349,0.08928571428571429,56.0,,
pad,11,temp,0.1,4,0.0,3.996683580016349,0.25,4.0,,
pad,11,temp,0.1,5,0.0,3.996683580016349,0.0,2.0,,
pad,11,temp,0.1,0,0.0,3.996683580016349,,,0.8421052631578947,19.0
pad,11,temp,0.15,1,0.0,3.996683580016349,0.0,26.0,,
pad,11,temp,0.15,2,0.0,3.996683580016349,0.05357142857142857,168.0,,
pad,11,temp,0.15,3,0.0,3.996683580016349,0.08928571428571429,56.0,,
pad,11,temp,0.15,4,0.0,3.996683580016349,0.25,4.0,,
pad,11,temp,0.15,5,0.0,3.996683580016349,0.0,2.0,,
pad,11,temp,0.15,0,0.0,3.996683580016349,,,0.8421052631578947,19.0
hiba,12,softmax,0.05,1,0.9779506018179991,1.0,0.06666666666666667,15.0,,
hiba,12,softmax,0.05,2,0.9779506018179991,1.0,0.07758620689655173,116.0,,
hiba,12,softmax,0.05,3,0.9779506018179991,1.0,0.0,17.0,,
hiba,12,softmax,0.05,0,0.9779506018179991,1.0,,,0.33877551020408164,245.0
hiba,12,softmax,0.1,1,0.909944204437171,1.0,0.2,15.0,,
hiba,12,softmax,0.1,2,0.909944204437171,1.0,0.11206896551724138,116.0,,
hiba,12,softmax,0.1,3,0.909944204437171,1.0,0.0,17.0,,
hiba,12,softmax,0.1,0,0.909944204437171,1.0,,,0.5714285714285714,245.0
hiba,12,softmax,0.15,1,0.7062717460506539,1.0,0.2,15.0,,
hiba,12,softmax,0.15,2,0.7062717460506539,1.0,0.16379310344827586,116.0,,
hiba,12,softmax,0.15,3,0.7062717460506539,1.0,0.17647058823529413,17.0,,
hiba,12,softmax,0.15,0,0.7062717460506539,1.0,,,0.8040816326530612,245.0
hiba,12,temp,0.05,1,0.49831605301858983,4.733385355913767,0.06666666666666667,15.0,,
hiba,12,temp,0.05,2,0.49831605301858983,4.733385355913767,0.0603448275862069,116.0,,
hiba,12,temp,0.05,3,0.49831605301858983,4.733385355913767,0.0,17.0,,
hiba,12,temp,0.05,0,0.49831605301858983,4.733385355913767,,,0.4489795918367347,245.0
hiba,12,temp,0.1,1,0.3749828316768935,4.733385355913767,0.13333333333333333,15.0,,
hiba,12,temp,0.1,2,0.3749828316768935,4.733385355913767,0.13793103448275862,116.0,,
hiba,12,temp,0.1,3,0.3749828316768935,4.733385355913767,0.11764705882352941,17.0,,
hiba,12,temp,0.1,0,0.3749828316768935,4.733385355913767,,,0.7755102040816326,245.0
hiba,12,temp,0.15,1,0.33364827411009806,4.733385355913767,0.2,15.0,,
hiba,12,temp,0.15,2,0.33364827411009806,4.733385355913767,0.1724137931034483,116.0,,
hiba,12,temp,0.15,3,0.33364827411009806,4.733385355913767,0.17647058823529413,17.0,,
hiba,12,temp,0.15,0,0.33364827411009806,4.733385355913767,,,0.8489795918367347,245.0
pad,12,softmax,0.05,1,0.4186025892154876,1.0,0.0,25.0,,
pad,12,softmax,0.05,2,0.4186025892154876,1.0,0.05913978494623656,186.0,,
pad,12,softmax,0.05,3,0.4186025892154876,1.0,0.07575757575757576,66.0,,
pad,12,softmax,0.05,4,0.4186025892154876,1.0,0.0,10.0,,
pad,12,softmax,0.05,5,0.4186025892154876,1.0,0.0,1.0,,
pad,12,softmax,0.05,0,0.4186025892154876,1.0,,,0.7272727272727273,22.0
pad,12,softmax,0.1,1,0.0,1.0,0.0,25.0,,
pad,12,softmax,0.1,2,0.0,1.0,0.05913978494623656,186.0,,
pad,12,softmax,0.1,3,0.0,1.0,0.07575757575757576,66.0,,
pad,12,softmax,0.1,4,0.0,1.0,0.0,10.0,,
pad,12,softmax,0.1,5,0.0,1.0,0.0,1.0,,
pad,12,softmax,0.1,0,0.0,1.0,,,0.7272727272727273,22.0
pad,12,softmax,0.15,1,0.0,1.0,0.0,25.0,,
pad,12,softmax,0.15,2,0.0,1.0,0.05913978494623656,186.0,,
pad,12,softmax,0.15,3,0.0,1.0,0.07575757575757576,66.0,,
pad,12,softmax,0.15,4,0.0,1.0,0.0,10.0,,
pad,12,softmax,0.15,5,0.0,1.0,0.0,1.0,,
pad,12,softmax,0.15,0,0.0,1.0,,,0.7272727272727273,22.0
pad,12,temp,0.05,1,0.24315523284505672,3.8830237603889777,0.0,25.0,,
pad,12,temp,0.05,2,0.24315523284505672,3.8830237603889777,0.05913978494623656,186.0,,
pad,12,temp,0.05,3,0.24315523284505672,3.8830237603889777,0.07575757575757576,66.0,,
pad,12,temp,0.05,4,0.24315523284505672,3.8830237603889777,0.0,10.0,,
pad,12,temp,0.05,5,0.24315523284505672,3.8830237603889777,0.0,1.0,,
pad,12,temp,0.05,0,0.24315523284505672,3.8830237603889777,,,0.7272727272727273,22.0
pad,12,temp,0.1,1,0.0,3.8830237603889777,0.0,25.0,,
pad,12,temp,0.1,2,0.0,3.8830237603889777,0.05913978494623656,186.0,,
pad,12,temp,0.1,3,0.0,3.8830237603889777,0.07575757575757576,66.0,,
pad,12,temp,0.1,4,0.0,3.8830237603889777,0.0,10.0,,
pad,12,temp,0.1,5,0.0,3.8830237603889777,0.0,1.0,,
pad,12,temp,0.1,0,0.0,3.8830237603889777,,,0.7272727272727273,22.0
pad,12,temp,0.15,1,0.0,3.8830237603889777,0.0,25.0,,
pad,12,temp,0.15,2,0.0,3.8830237603889777,0.05913978494623656,186.0,,
pad,12,temp,0.15,3,0.0,3.8830237603889777,0.07575757575757576,66.0,,
pad,12,temp,0.15,4,0.0,3.8830237603889777,0.0,10.0,,
pad,12,temp,0.15,5,0.0,3.8830237603889777,0.0,1.0,,
pad,12,temp,0.15,0,0.0,3.8830237603889777,,,0.7272727272727273,22.0
hiba,13,softmax,0.05,1,0.9785657998485305,1.0,0.041666666666666664,24.0,,
hiba,13,softmax,0.05,2,0.9785657998485305,1.0,0.06086956521739131,115.0,,
hiba,13,softmax,0.05,3,0.9785657998485305,1.0,0.0,17.0,,
hiba,13,softmax,0.05,0,0.9785657998485305,1.0,,,0.3153153153153153,111.0
hiba,13,softmax,0.1,1,0.9429983628334453,1.0,0.08333333333333333,24.0,,
hiba,13,softmax,0.1,2,0.9429983628334453,1.0,0.08695652173913043,115.0,,
hiba,13,softmax,0.1,3,0.9429983628334453,1.0,0.0,17.0,,
hiba,13,softmax,0.1,0,0.9429983628334453,1.0,,,0.40540540540540543,111.0
hiba,13,softmax,0.15,1,0.7778184100179224,1.0,0.125,24.0,,
hiba,13,softmax,0.15,2,0.7778184100179224,1.0,0.1391304347826087,115.0,,
hiba,13,softmax,0.15,3,0.7778184100179224,1.0,0.058823529411764705,17.0,,
hiba,13,softmax,0.15,0,0.7778184100179224,1.0,,,0.6666666666666666,111.0
hiba,13,temp,0.05,1,0.48818296091916213,4.502357872600621,0.041666666666666664,24.0,,
hiba,13,temp,0.05,2,0.48818296091916213,4.502357872600621,0.08695652173913043,115.0,,
hiba,13,temp,0.05,3,0.48818296091916213,4.502357872600621,0.0,17.0,,
hiba,13,temp,0.05,0,0.48818296091916213,4.502357872600621,,,0.43243243243243246,111.0
hiba,13,temp,0.1,1,0.42970193723547545,4.502357872600621,0.041666666666666664,24.0,,
hiba,13,temp,0.1,2,0.42970193723547545,4.502357872600621,0.11304347826086956,115.0,,
hiba,13,temp,0.1,3,0.42970193723547545,4.502357872600621,0.0,17.0,,
hiba,13,temp,0.1,0,0.42970193723547545,4.502357872600621,,,0.6036036036036037,111.0
hiba,13,temp,0.15,1,0.35962675609217454,4.502357872600621,0.125,24.0,,
hiba,13,temp,0.15,2,0.35962675609217454,4.502357872600621,0.1565217391304348,115.0,,
hiba,13,temp,0.15,3,0.35962675609217454,4.502357872600621,0.058823529411764705,17.0,,
hiba,13,temp,0.15,0,0.35962675609217454,4.502357872600621,,,0.7477477477477478,111.0
pad,13,softmax,0.05,1,0.5735809584900294,1.0,0.0,38.0,,
pad,13,softmax,0.05,2,0.5735809584900294,1.0,0.050955414012738856,157.0,,
pad,13,softmax,0.05,3,0.5735809584900294,1.0,0.0625,64.0,,
pad,13,softmax,0.05,4,0.5735809584900294,1.0,0.14285714285714285,7.0,,
pad,13,softmax,0.05,5,0.5735809584900294,1.0,0.0,4.0,,
pad,13,softmax,0.05,0,0.5735809584900294,1.0,,,0.5,18.0
pad,13,softmax,0.1,1,0.0,1.0,0.0,38.0,,
pad,13,softmax,0.1,2,0.0,1.0,0.05732484076433121,157.0,,
pad,13,softmax,0.1,3,0.0,1.0,0.0625,64.0,,
pad,13,softmax,0.1,4,0.0,1.0,0.14285714285714285,7.0,,
pad,13,softmax,0.1,5,0.0,1.0,0.0,4.0,,
pad,13,softmax,0.1,0,0.0,1.0,,,0.6111111111111112,18.0
pad,13,softmax,0.15,1,0.0,1.0,0.0,38.0,,
pad,13,softmax,0.15,2,0.0,1.0,0.05732484076433121,157.0,,
pad,13,softmax,0.15,3,0.0,1.0,0.0625,64.0,,
pad,13,softmax,0.15,4,0.0,1.0,0.14285714285714285,7.0,,
pad,13,softmax,0.15,5,0.0,1.0,0.0,4.0,,
pad,13,softmax,0.15,0,0.0,1.0,,,0.6111111111111112,18.0
pad,13,temp,0.05,1,0.3566611408062844,4.056323700435167,0.0,38.0,,
pad,13,temp,0.05,2,0.3566611408062844,4.056323700435167,0.050955414012738856,157.0,,
pad,13,temp,0.05,3,0.3566611408062844,4.056323700435167,0.0625,64.0,,
pad,13,temp,0.05,4,0.3566611408062844,4.056323700435167,0.14285714285714285,7.0,,
pad,13,temp,0.05,5,0.3566611408062844,4.056323700435167,0.0,4.0,,
pad,13,temp,0.05,0,0.3566611408062844,4.056323700435167,,,0.5555555555555556,18.0
pad,13,temp,0.1,1,0.0,4.056323700435167,0.0,38.0,,
pad,13,temp,0.1,2,0.0,4.056323700435167,0.05732484076433121,157.0,,
pad,13,temp,0.1,3,0.0,4.056323700435167,0.0625,64.0,,
pad,13,temp,0.1,4,0.0,4.056323700435167,0.14285714285714285,7.0,,
pad,13,temp,0.1,5,0.0,4.056323700435167,0.0,4.0,,
pad,13,temp,0.1,0,0.0,4.056323700435167,,,0.6111111111111112,18.0
pad,13,temp,0.15,1,0.0,4.056323700435167,0.0,38.0,,
pad,13,temp,0.15,2,0.0,4.056323700435167,0.05732484076433121,157.0,,
pad,13,temp,0.15,3,0.0,4.056323700435167,0.0625,64.0,,
pad,13,temp,0.15,4,0.0,4.056323700435167,0.14285714285714285,7.0,,
pad,13,temp,0.15,5,0.0,4.056323700435167,0.0,4.0,,
pad,13,temp,0.15,0,0.0,4.056323700435167,,,0.6111111111111112,18.0
hiba,14,softmax,0.05,1,0.9709447926773362,1.0,0.13333333333333333,15.0,,
hiba,14,softmax,0.05,2,0.9709447926773362,1.0,0.0873015873015873,126.0,,
hiba,14,softmax,0.05,3,0.9709447926773362,1.0,0.0,4.0,,
hiba,14,softmax,0.05,0,0.9709447926773362,1.0,,,0.39285714285714285,252.0
hiba,14,softmax,0.1,1,0.8055469274411764,1.0,0.2,15.0,,
hiba,14,softmax,0.1,2,0.8055469274411764,1.0,0.14285714285714285,126.0,,
hiba,14,softmax,0.1,3,0.8055469274411764,1.0,0.0,4.0,,
hiba,14,softmax,0.1,0,0.8055469274411764,1.0,,,0.6944444444444444,252.0
hiba,14,softmax,0.15,1,0.6169475090513831,1.0,0.26666666666666666,15.0,,
hiba,14,softmax,0.15,2,0.6169475090513831,1.0,0.2222222222222222,126.0,,
hiba,14,softmax,0.15,3,0.6169475090513831,1.0,0.25,4.0,,
hiba,14,softmax,0.15,0,0.6169475090513831,1.0,,,0.8253968253968254,252.0
hiba,14,temp,0.05,1,0.48921487216535847,4.112418406710938,0.2,15.0,,
hiba,14,temp,0.05,2,0.48921487216535847,4.112418406710938,0.1111111111111111,126.0,,
hiba,14,temp,0.05,3,0.48921487216535847,4.112418406710938,0.0,4.0,,
hiba,14,temp,0.05,0,0.48921487216535847,4.112418406710938,,,0.5714285714285714,252.0
hiba,14,temp,0.1,1,0.3957784727470579,4.112418406710938,0.2,15.0,,
hiba,14,temp,0.1,2,0.3957784727470579,4.112418406710938,0.14285714285714285,126.0,,
hiba,14,temp,0.1,3,0.3957784727470579,4.112418406710938,0.0,4.0,,
hiba,14,temp,0.1,0,0.3957784727470579,4.112418406710938,,,0.7619047619047619,252.0
hiba,14,temp,0.15,1,0.3282167228362232,4.112418406710938,0.26666666666666666,15.0,,
hiba,14,temp,0.15,2,0.3282167228362232,4.112418406710938,0.20634920634920634,126.0,,
hiba,14,temp,0.15,3,0.3282167228362232,4.112418406710938,0.25,4.0,,
hiba,14,temp,0.15,0,0.3282167228362232,4.112418406710938,,,0.8611111111111112,252.0
pad,14,softmax,0.05,1,0.4588865287477563,1.0,0.0,23.0,,
pad,14,softmax,0.05,2,0.4588865287477563,1.0,0.06153846153846154,130.0,,
pad,14,softmax,0.05,3,0.4588865287477563,1.0,0.06756756756756757,74.0,,
pad,14,softmax,0.05,4,0.4588865287477563,1.0,0.0,8.0,,
pad,14,softmax,0.05,5,0.4588865287477563,1.0,0.0,4.0,,
pad,14,softmax,0.05,0,0.4588865287477563,1.0,,,0.7222222222222222,18.0
pad,14,softmax,0.1,1,0.0,1.0,0.0,23.0,,
pad,14,softmax,0.1,2,0.0,1.0,0.06153846153846154,130.0,,
pad,14,softmax,0.1,3,0.0,1.0,0.06756756756756757,74.0,,
pad,14,softmax,0.1,4,0.0,1.0,0.0,8.0,,
pad,14,softmax,0.1,5,0.0,1.0,0.0,4.0,,
pad,14,softmax,0.1,0,0.0,1.0,,,0.7222222222222222,18.0
pad,14,softmax,0.15,1,0.0,1.0,0.0,23.0,,
pad,14,softmax,0.15,2,0.0,1.0,0.06153846153846154,130.0,,
pad,14,softmax,0.15,3,0.0,1.0,0.06756756756756757,74.0,,
pad,14,softmax,0.15,4,0.0,1.0,0.0,8.0,,
pad,14,softmax,0.15,5,0.0,1.0,0.0,4.0,,
pad,14,softmax,0.15,0,0.0,1.0,,,0.7222222222222222,18.0
pad,14,temp,0.05,1,0.3569035574788613,3.8513630180708787,0.0,23.0,,
pad,14,temp,0.05,2,0.3569035574788613,3.8513630180708787,0.06153846153846154,130.0,,
pad,14,temp,0.05,3,0.3569035574788613,3.8513630180708787,0.06756756756756757,74.0,,
pad,14,temp,0.05,4,0.3569035574788613,3.8513630180708787,0.0,8.0,,
pad,14,temp,0.05,5,0.3569035574788613,3.8513630180708787,0.0,4.0,,
pad,14,temp,0.05,0,0.3569035574788613,3.8513630180708787,,,0.6666666666666666,18.0
pad,14,temp,0.1,1,0.0,3.8513630180708787,0.0,23.0,,
pad,14,temp,0.1,2,0.0,3.8513630180708787,0.06153846153846154,130.0,,
pad,14,temp,0.1,3,0.0,3.8513630180708787,0.06756756756756757,74.0,,
pad,14,temp,0.1,4,0.0,3.8513630180708787,0.0,8.0,,
pad,14,temp,0.1,5,0.0,3.8513630180708787,0.0,4.0,,
pad,14,temp,0.1,0,0.0,3.8513630180708787,,,0.7222222222222222,18.0
pad,14,temp,0.15,1,0.0,3.8513630180708787,0.0,23.0,,
pad,14,temp,0.15,2,0.0,3.8513630180708787,0.06153846153846154,130.0,,
pad,14,temp,0.15,3,0.0,3.8513630180708787,0.06756756756756757,74.0,,
pad,14,temp,0.15,4,0.0,3.8513630180708787,0.0,8.0,,
pad,14,temp,0.15,5,0.0,3.8513630180708787,0.0,4.0,,
pad,14,temp,0.15,0,0.0,3.8513630180708787,,,0.7222222222222222,18.0
hiba,15,softmax,0.05,1,0.9832013570559236,1.0,0.0,7.0,,
hiba,15,softmax,0.05,2,0.9832013570559236,1.0,0.042735042735042736,117.0,,
hiba,15,softmax,0.05,3,0.9832013570559236,1.0,0.0,19.0,,
hiba,15,softmax,0.05,0,0.9832013570559236,1.0,,,0.31875,160.0
hiba,15,softmax,0.1,1,0.9531544375563077,1.0,0.0,7.0,,
hiba,15,softmax,0.1,2,0.9531544375563077,1.0,0.05128205128205128,117.0,,
hiba,15,softmax,0.1,3,0.9531544375563077,1.0,0.0,19.0,,
hiba,15,softmax,0.1,0,0.9531544375563077,1.0,,,0.43125,160.0
hiba,15,softmax,0.15,1,0.803215360296447,1.0,0.0,7.0,,
hiba,15,softmax,0.15,2,0.803215360296447,1.0,0.08547008547008547,117.0,,
hiba,15,softmax,0.15,3,0.803215360296447,1.0,0.0,19.0,,
hiba,15,softmax,0.15,0,0.803215360296447,1.0,,,0.6625,160.0
hiba,15,temp,0.05,1,0.45520551404661935,5.378257123756977,0.0,7.0,,
hiba,15,temp,0.05,2,0.45520551404661935,5.378257123756977,0.05982905982905983,117.0,,
hiba,15,temp,0.05,3,0.45520551404661935,5.378257123756977,0.0,19.0,,
hiba,15,temp,0.05,0,0.45520551404661935,5.378257123756977,,,0.425,160.0
hiba,15,temp,0.1,1,0.4021046573764128,5.378257123756977,0.0,7.0,,
hiba,15,temp,0.1,2,0.4021046573764128,5.378257123756977,0.05982905982905983,117.0,,
hiba,15,temp,0.1,3,0.4021046573764128,5.378257123756977,0.05263157894736842,19.0,,
hiba,15,temp,0.1,0,0.4021046573764128,5.378257123756977,,,0.5375,160.0
hiba,15,temp,0.15,1,0.3297106505453735,5.378257123756977,0.0,7.0,,
hiba,15,temp,0.15,2,0.3297106505453735,5.378257123756977,0.1111111111111111,117.0,,
hiba,15,temp,0.15,3,0.3297106505453735,5.378257123756977,0.05263157894736842,19.0,,
hiba,15,temp,0.15,0,0.3297106505453735,5.378257123756977,,,0.70625,160.0
pad,15,softmax,0.05,1,0.6691079719277239,1.0,0.037037037037037035,27.0,,
pad,15,softmax,0.05,2,0.6691079719277239,1.0,0.03333333333333333,150.0,,
pad,15,softmax,0.05,3,0.6691079719277239,1.0,0.046511627906976744,86.0,,
pad,15,softmax,0.05,4,0.6691079719277239,1.0,0.5,2.0,,
pad,15,softmax,0.05,5,0.6691079719277239,1.0,0.0,2.0,,
pad,15,softmax,0.05,0,0.6691079719277239,1.0,,,0.3333333333333333,9.0
pad,15,softmax,0.1,1,0.0,1.0,0.037037037037037035,27.0,,
pad,15,softmax,0.1,2,0.0,1.0,0.05333333333333334,150.0,,
pad,15,softmax,0.1,3,0.0,1.0,0.046511627906976744,86.0,,
pad,15,softmax,0.1,4,0.0,1.0,0.5,2.0,,
pad,15,softmax,0.1,5,0.0,1.0,0.0,2.0,,
pad,15,softmax,0.1,0,0.0,1.0,,,0.5555555555555556,9.0
pad,15,softmax,0.15,1,0.0,1.0,0.037037037037037035,27.0,,
pad,15,softmax,0.15,2,0.0,1.0,0.05333333333333334,150.0,,
pad,15,softmax,0.15,3,0.0,1.0,0.046511627906976744,86.0,,
pad,15,softmax,0.15,4,0.0,1.0,0.5,2.0,,
pad,15,softmax,0.15,5,0.0,1.0,0.0,2.0,,
pad,15,softmax,0.15,0,0.0,1.0,,,0.5555555555555556,9.0
pad,15,temp,0.05,1,0.37977583073424453,3.797671192586214,0.037037037037037035,27.0,,
pad,15,temp,0.05,2,0.37977583073424453,3.797671192586214,0.03333333333333333,150.0,,
pad,15,temp,0.05,3,0.37977583073424453,3.797671192586214,0.03488372093023256,86.0,,
pad,15,temp,0.05,4,0.37977583073424453,3.797671192586214,0.5,2.0,,
pad,15,temp,0.05,5,0.37977583073424453,3.797671192586214,0.0,2.0,,
pad,15,temp,0.05,0,0.37977583073424453,3.797671192586214,,,0.5555555555555556,9.0
pad,15,temp,0.1,1,0.0,3.797671192586214,0.037037037037037035,27.0,,
pad,15,temp,0.1,2,0.0,3.797671192586214,0.05333333333333334,150.0,,
pad,15,temp,0.1,3,0.0,3.797671192586214,0.046511627906976744,86.0,,
pad,15,temp,0.1,4,0.0,3.797671192586214,0.5,2.0,,
pad,15,temp,0.1,5,0.0,3.797671192586214,0.0,2.0,,
pad,15,temp,0.1,0,0.0,3.797671192586214,,,0.5555555555555556,9.0
pad,15,temp,0.15,1,0.0,3.797671192586214,0.037037037037037035,27.0,,
pad,15,temp,0.15,2,0.0,3.797671192586214,0.05333333333333334,150.0,,
pad,15,temp,0.15,3,0.0,3.797671192586214,0.046511627906976744,86.0,,
pad,15,temp,0.15,4,0.0,3.797671192586214,0.5,2.0,,
pad,15,temp,0.15,5,0.0,3.797671192586214,0.0,2.0,,
pad,15,temp,0.15,0,0.0,3.797671192586214,,,0.5555555555555556,9.0
hiba,16,softmax,0.05,1,0.9791265476009232,1.0,0.07407407407407407,27.0,,
hiba,16,softmax,0.05,2,0.9791265476009232,1.0,0.04,125.0,,
hiba,16,softmax,0.05,3,0.9791265476009232,1.0,0.0,11.0,,
hiba,16,softmax,0.05,0,0.9791265476009232,1.0,,,0.3055555555555556,252.0
hiba,16,softmax,0.1,1,0.8494625658529739,1.0,0.14814814814814814,27.0,,
hiba,16,softmax,0.1,2,0.8494625658529739,1.0,0.104,125.0,,
hiba,16,softmax,0.1,3,0.8494625658529739,1.0,0.09090909090909091,11.0,,
hiba,16,softmax,0.1,0,0.8494625658529739,1.0,,,0.6309523809523809,252.0
hiba,16,softmax,0.15,1,0.6714763246270252,1.0,0.18518518518518517,27.0,,
hiba,16,softmax,0.15,2,0.6714763246270252,1.0,0.16,125.0,,
hiba,16,softmax,0.15,3,0.6714763246270252,1.0,0.09090909090909091,11.0,,
hiba,16,softmax,0.15,0,0.6714763246270252,1.0,,,0.8095238095238095,252.0
hiba,16,temp,0.05,1,0.4602892299336968,4.985469419639167,0.07407407407407407,27.0,,
hiba,16,temp,0.05,2,0.4602892299336968,4.985469419639167,0.04,125.0,,
hiba,16,temp,0.05,3,0.4602892299336968,4.985469419639167,0.0,11.0,,
hiba,16,temp,0.05,0,0.4602892299336968,4.985469419639167,,,0.5079365079365079,252.0
hiba,16,temp,0.1,1,0.3587690122394878,4.985469419639167,0.1111111111111111,27.0,,
hiba,16,temp,0.1,2,0.3587690122394878,4.985469419639167,0.112,125.0,,
hiba,16,temp,0.1,3,0.3587690122394878,4.985469419639167,0.09090909090909091,11.0,,
hiba,16,temp,0.1,0,0.3587690122394878,4.985469419639167,,,0.753968253968254,252.0
hiba,16,temp,0.15,1,0.32286419023883967,4.985469419639167,0.14814814814814814,27.0,,
hiba,16,temp,0.15,2,0.32286419023883967,4.985469419639167,0.136,125.0,,
hiba,16,temp,0.15,3,0.32286419023883967,4.985469419639167,0.09090909090909091,11.0,,
hiba,16,temp,0.15,0,0.32286419023883967,4.985469419639167,,,0.8492063492063492,252.0
pad,16,softmax,0.05,1,0.5898187088072386,1.0,0.0,22.0,,
pad,16,softmax,0.05,2,0.5898187088072386,1.0,0.033783783783783786,148.0,,
pad,16,softmax,0.05,3,0.5898187088072386,1.0,0.07317073170731707,82.0,,
pad,16,softmax,0.05,4,0.5898187088072386,1.0,0.125,8.0,,
pad,16,softmax,0.05,5,0.5898187088072386,1.0,0.0,5.0,,
pad,16,softmax,0.05,0,0.5898187088072386,1.0,,,0.7647058823529411,17.0
pad,16,softmax,0.1,1,0.0,1.0,0.0,22.0,,
pad,16,softmax,0.1,2,0.0,1.0,0.04054054054054054,148.0,,
pad,16,softmax,0.1,3,0.0,1.0,0.08536585365853659,82.0,,
pad,16,softmax,0.1,4,0.0,1.0,0.125,8.0,,
pad,16,softmax,0.1,5,0.0,1.0,0.0,5.0,,
pad,16,softmax,0.1,0,0.0,1.0,,,0.8235294117647058,17.0
pad,16,softmax,0.15,1,0.0,1.0,0.0,22.0,,
pad,16,softmax,0.15,2,0.0,1.0,0.04054054054054054,148.0,,
pad,16,softmax,0.15,3,0.0,1.0,0.08536585365853659,82.0,,
pad,16,softmax,0.15,4,0.0,1.0,0.125,8.0,,
pad,16,softmax,0.15,5,0.0,1.0,0.0,5.0,,
pad,16,softmax,0.15,0,0.0,1.0,,,0.8235294117647058,17.0
pad,16,temp,0.05,1,0.398174783189458,3.8705017217310287,0.0,22.0,,
pad,16,temp,0.05,2,0.398174783189458,3.8705017217310287,0.02702702702702703,148.0,,
pad,16,temp,0.05,3,0.398174783189458,3.8705017217310287,0.04878048780487805,82.0,,
pad,16,temp,0.05,4,0.398174783189458,3.8705017217310287,0.125,8.0,,
pad,16,temp,0.05,5,0.398174783189458,3.8705017217310287,0.0,5.0,,
pad,16,temp,0.05,0,0.398174783189458,3.8705017217310287,,,0.8235294117647058,17.0
pad,16,temp,0.1,1,0.0,3.8705017217310287,0.0,22.0,,
pad,16,temp,0.1,2,0.0,3.8705017217310287,0.04054054054054054,148.0,,
pad,16,temp,0.1,3,0.0,3.8705017217310287,0.08536585365853659,82.0,,
pad,16,temp,0.1,4,0.0,3.8705017217310287,0.125,8.0,,
pad,16,temp,0.1,5,0.0,3.8705017217310287,0.0,5.0,,
pad,16,temp,0.1,0,0.0,3.8705017217310287,,,0.8235294117647058,17.0
pad,16,temp,0.15,1,0.0,3.8705017217310287,0.0,22.0,,
pad,16,temp,0.15,2,0.0,3.8705017217310287,0.04054054054054054,148.0,,
pad,16,temp,0.15,3,0.0,3.8705017217310287,0.08536585365853659,82.0,,
pad,16,temp,0.15,4,0.0,3.8705017217310287,0.125,8.0,,
pad,16,temp,0.15,5,0.0,3.8705017217310287,0.0,5.0,,
pad,16,temp,0.15,0,0.0,3.8705017217310287,,,0.8235294117647058,17.0
hiba,17,softmax,0.05,1,0.9856407869272245,1.0,0.0,18.0,,
hiba,17,softmax,0.05,2,0.9856407869272245,1.0,0.016129032258064516,124.0,,
hiba,17,softmax,0.05,3,0.9856407869272245,1.0,0.0,11.0,,
hiba,17,softmax,0.05,0,0.9856407869272245,1.0,,,0.3865546218487395,238.0
hiba,17,softmax,0.1,1,0.9429983628334453,1.0,0.05555555555555555,18.0,,
hiba,17,softmax,0.1,2,0.9429983628334453,1.0,0.08064516129032258,124.0,,
hiba,17,softmax,0.1,3,0.9429983628334453,1.0,0.09090909090909091,11.0,,
hiba,17,softmax,0.1,0,0.9429983628334453,1.0,,,0.6260504201680672,238.0
hiba,17,softmax,0.15,1,0.7697766718199716,1.0,0.1111111111111111,18.0,,
hiba,17,softmax,0.15,2,0.7697766718199716,1.0,0.13709677419354838,124.0,,
hiba,17,softmax,0.15,3,0.7697766718199716,1.0,0.09090909090909091,11.0,,
hiba,17,softmax,0.15,0,0.7697766718199716,1.0,,,0.7815126050420168,238.0
hiba,17,temp,0.05,1,0.5060416216463067,4.773897855319352,0.0,18.0,,
hiba,17,temp,0.05,2,0.5060416216463067,4.773897855319352,0.03225806451612903,124.0,,
hiba,17,temp,0.05,3,0.5060416216463067,4.773897855319352,0.0,11.0,,
hiba,17,temp,0.05,0,0.5060416216463067,4.773897855319352,,,0.5546218487394958,238.0
hiba,17,temp,0.1,1,0.4111296489214797,4.773897855319352,0.0,18.0,,
hiba,17,temp,0.1,2,0.4111296489214797,4.773897855319352,0.08064516129032258,124.0,,
hiba,17,temp,0.1,3,0.4111296489214797,4.773897855319352,0.09090909090909091,11.0,,
hiba,17,temp,0.1,0,0.4111296489214797,4.773897855319352,,,0.7352941176470589,238.0
hiba,17,temp,0.15,1,0.3483961307340943,4.773897855319352,0.16666666666666666,18.0,,
hiba,17,temp,0.15,2,0.3483961307340943,4.773897855319352,0.11290322580645161,124.0,,
hiba,17,temp,0.15,3,0.3483961307340943,4.773897855319352,0.09090909090909091,11.0,,
hiba,17,temp,0.15,0,0.3483961307340943,4.773897855319352,,,0.8319327731092437,238.0
pad,17,softmax,0.05,1,0.7803810933759036,1.0,0.0,30.0,,
pad,17,softmax,0.05,2,0.7803810933759036,1.0,0.021739130434782608,138.0,,
pad,17,softmax,0.05,3,0.7803810933759036,1.0,0.02857142857142857,70.0,,
pad,17,softmax,0.05,4,0.7803810933759036,1.0,0.0,8.0,,
pad,17,softmax,0.05,5,0.7803810933759036,1.0,0.0,2.0,,
pad,17,softmax,0.05,0,0.7803810933759036,1.0,,,0.5714285714285714,21.0
pad,17,softmax,0.1,1,0.0,1.0,0.0,30.0,,
pad,17,softmax,0.1,2,0.0,1.0,0.057971014492753624,138.0,,
pad,17,softmax,0.1,3,0.0,1.0,0.04285714285714286,70.0,,
pad,17,softmax,0.1,4,0.0,1.0,0.0,8.0,,
pad,17,softmax,0.1,5,0.0,1.0,0.0,2.0,,
pad,17,softmax,0.1,0,0.0,1.0,,,0.7142857142857143,21.0
pad,17,softmax,0.15,1,0.0,1.0,0.0,30.0,,
pad,17,softmax,0.15,2,0.0,1.0,0.057971014492753624,138.0,,
pad,17,softmax,0.15,3,0.0,1.0,0.04285714285714286,70.0,,
pad,17,softmax,0.15,4,0.0,1.0,0.0,8.0,,
pad,17,softmax,0.15,5,0.0,1.0,0.0,2.0,,
pad,17,softmax,0.15,0,0.0,1.0,,,0.7142857142857143,21.0
pad,17,temp,0.05,1,0.40533181794120116,3.8057864954171676,0.0,30.0,,
pad,17,temp,0.05,2,0.40533181794120116,3.8057864954171676,0.028985507246376812,138.0,,
pad,17,temp,0.05,3,0.40533181794120116,3.8057864954171676,0.02857142857142857,70.0,,
pad,17,temp,0.05,4,0.40533181794120116,3.8057864954171676,0.0,8.0,,
pad,17,temp,0.05,5,0.40533181794120116,3.8057864954171676,0.0,2.0,,
pad,17,temp,0.05,0,0.40533181794120116,3.8057864954171676,,,0.6666666666666666,21.0
pad,17,temp,0.1,1,0.0,3.8057864954171676,0.0,30.0,,
pad,17,temp,0.1,2,0.0,3.8057864954171676,0.057971014492753624,138.0,,
pad,17,temp,0.1,3,0.0,3.8057864954171676,0.04285714285714286,70.0,,
pad,17,temp,0.1,4,0.0,3.8057864954171676,0.0,8.0,,
pad,17,temp,0.1,5,0.0,3.8057864954171676,0.0,2.0,,
pad,17,temp,0.1,0,0.0,3.8057864954171676,,,0.7142857142857143,21.0
pad,17,temp,0.15,1,0.0,3.8057864954171676,0.0,30.0,,
pad,17,temp,0.15,2,0.0,3.8057864954171676,0.057971014492753624,138.0,,
pad,17,temp,0.15,3,0.0,3.8057864954171676,0.04285714285714286,70.0,,
pad,17,temp,0.15,4,0.0,3.8057864954171676,0.0,8.0,,
pad,17,temp,0.15,5,0.0,3.8057864954171676,0.0,2.0,,
pad,17,temp,0.15,0,0.0,3.8057864954171676,,,0.7142857142857143,21.0
hiba,18,softmax,0.05,1,0.976967225675208,1.0,0.0,20.0,,
hiba,18,softmax,0.05,2,0.976967225675208,1.0,0.058333333333333334,120.0,,
hiba,18,softmax,0.05,3,0.976967225675208,1.0,0.0,12.0,,
hiba,18,softmax,0.05,0,0.976967225675208,1.0,,,0.4015151515151515,132.0
hiba,18,softmax,0.1,1,0.8877898165965885,1.0,0.15,20.0,,
hiba,18,softmax,0.1,2,0.8877898165965885,1.0,0.11666666666666667,120.0,,
hiba,18,softmax,0.1,3,0.8877898165965885,1.0,0.0,12.0,,
hiba,18,softmax,0.1,0,0.8877898165965885,1.0,,,0.6060606060606061,132.0
hiba,18,softmax,0.15,1,0.7159479680294847,1.0,0.2,20.0,,
hiba,18,softmax,0.15,2,0.7159479680294847,1.0,0.15,120.0,,
hiba,18,softmax,0.15,3,0.7159479680294847,1.0,0.0,12.0,,
hiba,18,softmax,0.15,0,0.7159479680294847,1.0,,,0.7651515151515151,132.0
hiba,18,temp,0.05,1,0.4681691996180171,4.794044141271091,0.0,20.0,,
hiba,18,temp,0.05,2,0.4681691996180171,4.794044141271091,0.05,120.0,,
hiba,18,temp,0.05,3,0.4681691996180171,4.794044141271091,0.0,12.0,,
hiba,18,temp,0.05,0,0.4681691996180171,4.794044141271091,,,0.5075757575757576,132.0
hiba,18,temp,0.1,1,0.3690979723768362,4.794044141271091,0.1,20.0,,
hiba,18,temp,0.1,2,0.3690979723768362,4.794044141271091,0.13333333333333333,120.0,,
hiba,18,temp,0.1,3,0.3690979723768362,4.794044141271091,0.0,12.0,,
hiba,18,temp,0.1,0,0.3690979723768362,4.794044141271091,,,0.7348484848484849,132.0
hiba,18,temp,0.15,1,0.32889785882263145,4.794044141271091,0.15,20.0,,
hiba,18,temp,0.15,2,0.32889785882263145,4.794044141271091,0.18333333333333332,120.0,,
hiba,18,temp,0.15,3,0.32889785882263145,4.794044141271091,0.08333333333333333,12.0,,
hiba,18,temp,0.15,0,0.32889785882263145,4.794044141271091,,,0.803030303030303,132.0
pad,18,softmax,0.05,1,0.6999638572419803,1.0,0.0,29.0,,
pad,18,softmax,0.05,2,0.6999638572419803,1.0,0.027586206896551724,145.0,,
pad,18,softmax,0.05,3,0.6999638572419803,1.0,0.023809523809523808,84.0,,
pad,18,softmax,0.05,4,0.6999638572419803,1.0,0.1111111111111111,9.0,,
pad,18,softmax,0.05,5,0.6999638572419803,1.0,0.0,5.0,,
pad,18,softmax,0.05,0,0.6999638572419803,1.0,,,0.4444444444444444,18.0
pad,18,softmax,0.1,1,0.0,1.0,0.0,29.0,,
pad,18,softmax,0.1,2,0.0,1.0,0.041379310344827586,145.0,,
pad,18,softmax,0.1,3,0.0,1.0,0.023809523809523808,84.0,,
pad,18,softmax,0.1,4,0.0,1.0,0.1111111111111111,9.0,,
pad,18,softmax,0.1,5,0.0,1.0,0.0,5.0,,
pad,18,softmax,0.1,0,0.0,1.0,,,0.6111111111111112,18.0
pad,18,softmax,0.15,1,0.0,1.0,0.0,29.0,,
pad,18,softmax,0.15,2,0.0,1.0,0.041379310344827586,145.0,,
pad,18,softmax,0.15,3,0.0,1.0,0.023809523809523808,84.0,,
pad,18,softmax,0.15,4,0.0,1.0,0.1111111111111111,9.0,,
pad,18,softmax,0.15,5,0.0,1.0,0.0,5.0,,
pad,18,softmax,0.15,0,0.0,1.0,,,0.6111111111111112,18.0
pad,18,temp,0.05,1,0.40499778007944165,3.8922567149190592,0.0,29.0,,
pad,18,temp,0.05,2,0.40499778007944165,3.8922567149190592,0.020689655172413793,145.0,,
pad,18,temp,0.05,3,0.40499778007944165,3.8922567149190592,0.0,84.0,,
pad,18,temp,0.05,4,0.40499778007944165,3.8922567149190592,0.1111111111111111,9.0,,
pad,18,temp,0.05,5,0.40499778007944165,3.8922567149190592,0.0,5.0,,
pad,18,temp,0.05,0,0.40499778007944165,3.8922567149190592,,,0.5,18.0
pad,18,temp,0.1,1,0.0,3.8922567149190592,0.0,29.0,,
pad,18,temp,0.1,2,0.0,3.8922567149190592,0.041379310344827586,145.0,,
pad,18,temp,0.1,3,0.0,3.8922567149190592,0.023809523809523808,84.0,,
pad,18,temp,0.1,4,0.0,3.8922567149190592,0.1111111111111111,9.0,,
pad,18,temp,0.1,5,0.0,3.8922567149190592,0.0,5.0,,
pad,18,temp,0.1,0,0.0,3.8922567149190592,,,0.6111111111111112,18.0
pad,18,temp,0.15,1,0.0,3.8922567149190592,0.0,29.0,,
pad,18,temp,0.15,2,0.0,3.8922567149190592,0.041379310344827586,145.0,,
pad,18,temp,0.15,3,0.0,3.8922567149190592,0.023809523809523808,84.0,,
pad,18,temp,0.15,4,0.0,3.8922567149190592,0.1111111111111111,9.0,,
pad,18,temp,0.15,5,0.0,3.8922567149190592,0.0,5.0,,
pad,18,temp,0.15,0,0.0,3.8922567149190592,,,0.6111111111111112,18.0
hiba,19,softmax,0.05,1,0.9855810484085216,1.0,0.0,19.0,,
hiba,19,softmax,0.05,2,0.9855810484085216,1.0,0.03361344537815126,119.0,,
hiba,19,softmax,0.05,3,0.9855810484085216,1.0,0.0,10.0,,
hiba,19,softmax,0.05,0,0.9855810484085216,1.0,,,0.2928870292887029,239.0
hiba,19,softmax,0.1,1,0.9445072574669466,1.0,0.05263157894736842,19.0,,
hiba,19,softmax,0.1,2,0.9445072574669466,1.0,0.07563025210084033,119.0,,
hiba,19,softmax,0.1,3,0.9445072574669466,1.0,0.0,10.0,,
hiba,19,softmax,0.1,0,0.9445072574669466,1.0,,,0.48535564853556484,239.0
hiba,19,softmax,0.15,1,0.7724067205391684,1.0,0.10526315789473684,19.0,,
hiba,19,softmax,0.15,2,0.7724067205391684,1.0,0.11764705882352941,119.0,,
hiba,19,softmax,0.15,3,0.7724067205391684,1.0,0.1,10.0,,
hiba,19,softmax,0.15,0,0.7724067205391684,1.0,,,0.7405857740585774,239.0
hiba,19,temp,0.05,1,0.470134980664242,5.279621817125884,0.0,19.0,,
hiba,19,temp,0.05,2,0.470134980664242,5.279621817125884,0.03361344537815126,119.0,,
hiba,19,temp,0.05,3,0.470134980664242,5.279621817125884,0.0,10.0,,
hiba,19,temp,0.05,0,0.470134980664242,5.279621817125884,,,0.45188284518828453,239.0
hiba,19,temp,0.1,1,0.3785583175880914,5.279621817125884,0.05263157894736842,19.0,,
hiba,19,temp,0.1,2,0.3785583175880914,5.279621817125884,0.08403361344537816,119.0,,
hiba,19,temp,0.1,3,0.3785583175880914,5.279621817125884,0.0,10.0,,
hiba,19,temp,0.1,0,0.3785583175880914,5.279621817125884,,,0.702928870292887,239.0
hiba,19,temp,0.15,1,0.33071965231946016,5.279621817125884,0.15789473684210525,19.0,,
hiba,19,temp,0.15,2,0.33071965231946016,5.279621817125884,0.12605042016806722,119.0,,
hiba,19,temp,0.15,3,0.33071965231946016,5.279621817125884,0.1,10.0,,
hiba,19,temp,0.15,0,0.33071965231946016,5.279621817125884,,,0.799163179916318,239.0
pad,19,softmax,0.05,1,0.6617499500724552,1.0,0.0,22.0,,
pad,19,softmax,0.05,2,0.6617499500724552,1.0,0.047337278106508875,169.0,,
pad,19,softmax,0.05,3,0.6617499500724552,1.0,0.04,75.0,,
pad,19,softmax,0.05,4,0.6617499500724552,1.0,0.3333333333333333,3.0,,
pad,19,softmax,0.05,5,0.6617499500724552,1.0,0.0,2.0,,
pad,19,softmax,0.05,0,0.6617499500724552,1.0,,,0.5,14.0
pad,19,softmax,0.1,1,0.0,1.0,0.0,22.0,,
pad,19,softmax,0.1,2,0.0,1.0,0.0650887573964497,169.0,,
pad,19,softmax,0.1,3,0.0,1.0,0.05333333333333334,75.0,,
pad,19,softmax,0.1,4,0.0,1.0,0.3333333333333333,3.0,,
pad,19,softmax,0.1,5,0.0,1.0,0.0,2.0,,
pad,19,softmax,0.1,0,0.0,1.0,,,0.6428571428571429,14.0
pad,19,softmax,0.15,1,0.0,1.0,0.0,22.0,,
pad,19,softmax,0.15,2,0.0,1.0,0.0650887573964497,169.0,,
pad,19,softmax,0.15,3,0.0,1.0,0.05333333333333334,75.0,,
pad,19,softmax,0.15,4,0.0,1.0,0.3333333333333333,3.0,,
pad,19,softmax,0.15,5,0.0,1.0,0.0,2.0,,
pad,19,softmax,0.15,0,0.0,1.0,,,0.6428571428571429,14.0
pad,19,temp,0.05,1,0.35542881481488087,4.0897726521151725,0.0,22.0,,
pad,19,temp,0.05,2,0.35542881481488087,4.0897726521151725,0.05917159763313609,169.0,,
pad,19,temp,0.05,3,0.35542881481488087,4.0897726521151725,0.04,75.0,,
pad,19,temp,0.05,4,0.35542881481488087,4.0897726521151725,0.3333333333333333,3.0,,
pad,19,temp,0.05,5,0.35542881481488087,4.0897726521151725,0.0,2.0,,
pad,19,temp,0.05,0,0.35542881481488087,4.0897726521151725,,,0.5714285714285714,14.0
pad,19,temp,0.1,1,0.0,4.0897726521151725,0.0,22.0,,
pad,19,temp,0.1,2,0.0,4.0897726521151725,0.0650887573964497,169.0,,
pad,19,temp,0.1,3,0.0,4.0897726521151725,0.05333333333333334,75.0,,
pad,19,temp,0.1,4,0.0,4.0897726521151725,0.3333333333333333,3.0,,
pad,19,temp,0.1,5,0.0,4.0897726521151725,0.0,2.0,,
pad,19,temp,0.1,0,0.0,4.0897726521151725,,,0.6428571428571429,14.0
pad,19,temp,0.15,1,0.0,4.0897726521151725,0.0,22.0,,
pad,19,temp,0.15,2,0.0,4.0897726521151725,0.0650887573964497,169.0,,
pad,19,temp,0.15,3,0.0,4.0897726521151725,0.05333333333333334,75.0,,
pad,19,temp,0.15,4,0.0,4.0897726521151725,0.3333333333333333,3.0,,
pad,19,temp,0.15,5,0.0,4.0897726521151725,0.0,2.0,,
pad,19,temp,0.15,0,0.0,4.0897726521151725,,,0.6428571428571429,14.0
hiba,20,softmax,0.05,1,0.9791265476009232,1.0,0.0,28.0,,
hiba,20,softmax,0.05,2,0.9791265476009232,1.0,0.05172413793103448,116.0,,
hiba,20,softmax,0.05,3,0.9791265476009232,1.0,0.0,10.0,,
hiba,20,softmax,0.05,0,0.9791265476009232,1.0,,,0.39408866995073893,203.0
hiba,20,softmax,0.1,1,0.909944204437171,1.0,0.10714285714285714,28.0,,
hiba,20,softmax,0.1,2,0.909944204437171,1.0,0.09482758620689655,116.0,,
hiba,20,softmax,0.1,3,0.909944204437171,1.0,0.0,10.0,,
hiba,20,softmax,0.1,0,0.909944204437171,1.0,,,0.6502463054187192,203.0
hiba,20,softmax,0.15,1,0.7646300120282369,1.0,0.14285714285714285,28.0,,
hiba,20,softmax,0.15,2,0.7646300120282369,1.0,0.1206896551724138,116.0,,
hiba,20,softmax,0.15,3,0.7646300120282369,1.0,0.1,10.0,,
hiba,20,softmax,0.15,0,0.7646300120282369,1.0,,,0.7832512315270936,203.0
hiba,20,temp,0.05,1,0.5050636461972594,4.641819626561238,0.0,28.0,,
hiba,20,temp,0.05,2,0.5050636461972594,4.641819626561238,0.04310344827586207,116.0,,
hiba,20,temp,0.05,3,0.5050636461972594,4.641819626561238,0.0,10.0,,
hiba,20,temp,0.05,0,0.5050636461972594,4.641819626561238,,,0.5320197044334976,203.0
hiba,20,temp,0.1,1,0.3913664624799308,4.641819626561238,0.03571428571428571,28.0,,
hiba,20,temp,0.1,2,0.3913664624799308,4.641819626561238,0.07758620689655173,116.0,,
hiba,20,temp,0.1,3,0.3913664624799308,4.641819626561238,0.1,10.0,,
hiba,20,temp,0.1,0,0.3913664624799308,4.641819626561238,,,0.7931034482758621,203.0
hiba,20,temp,0.15,1,0.3451111132215783,4.641819626561238,0.10714285714285714,28.0,,
hiba,20,temp,0.15,2,0.3451111132215783,4.641819626561238,0.1206896551724138,116.0,,
hiba,20,temp,0.15,3,0.3451111132215783,4.641819626561238,0.2,10.0,,
hiba,20,temp,0.15,0,0.3451111132215783,4.641819626561238,,,0.8522167487684729,203.0
pad,20,softmax,0.05,1,0.3895924011467718,1.0,0.0,26.0,,
pad,20,softmax,0.05,2,0.3895924011467718,1.0,0.07453416149068323,161.0,,
pad,20,softmax,0.05,3,0.3895924011467718,1.0,0.05555555555555555,72.0,,
pad,20,softmax,0.05,4,0.3895924011467718,1.0,0.06666666666666667,15.0,,
pad,20,softmax,0.05,5,0.3895924011467718,1.0,0.0,1.0,,
pad,20,softmax,0.05,0,0.3895924011467718,1.0,,,0.5333333333333333,15.0
pad,20,softmax,0.1,1,0.0,1.0,0.0,26.0,,
pad,20,softmax,0.1,2,0.0,1.0,0.07453416149068323,161.0,,
pad,20,softmax,0.1,3,0.0,1.0,0.05555555555555555,72.0,,
pad,20,softmax,0.1,4,0.0,1.0,0.06666666666666667,15.0,,
pad,20,softmax,0.1,5,0.0,1.0,0.0,1.0,,
pad,20,softmax,0.1,0,0.0,1.0,,,0.5333333333333333,15.0
pad,20,softmax,0.15,1,0.0,1.0,0.0,26.0,,
pad,20,softmax,0.15,2,0.0,1.0,0.07453416149068323,161.0,,
pad,20,softmax,0.15,3,0.0,1.0,0.05555555555555555,72.0,,
pad,20,softmax,0.15,4,0.0,1.0,0.06666666666666667,15.0,,
pad,20,softmax,0.15,5,0.0,1.0,0.0,1.0,,
pad,20,softmax,0.15,0,0.0,1.0,,,0.5333333333333333,15.0
pad,20,temp,0.05,1,0.26804317668129896,3.6727584959812813,0.0,26.0,,
pad,20,temp,0.05,2,0.26804317668129896,3.6727584959812813,0.07453416149068323,161.0,,
pad,20,temp,0.05,3,0.26804317668129896,3.6727584959812813,0.05555555555555555,72.0,,
pad,20,temp,0.05,4,0.26804317668129896,3.6727584959812813,0.06666666666666667,15.0,,
pad,20,temp,0.05,5,0.26804317668129896,3.6727584959812813,0.0,1.0,,
pad,20,temp,0.05,0,0.26804317668129896,3.6727584959812813,,,0.5333333333333333,15.0
pad,20,temp,0.1,1,0.0,3.6727584959812813,0.0,26.0,,
pad,20,temp,0.1,2,0.0,3.6727584959812813,0.07453416149068323,161.0,,
pad,20,temp,0.1,3,0.0,3.6727584959812813,0.05555555555555555,72.0,,
pad,20,temp,0.1,4,0.0,3.6727584959812813,0.06666666666666667,15.0,,
pad,20,temp,0.1,5,0.0,3.6727584959812813,0.0,1.0,,
pad,20,temp,0.1,0,0.0,3.6727584959812813,,,0.5333333333333333,15.0
pad,20,temp,0.15,1,0.0,3.6727584959812813,0.0,26.0,,
pad,20,temp,0.15,2,0.0,3.6727584959812813,0.07453416149068323,161.0,,
pad,20,temp,0.15,3,0.0,3.6727584959812813,0.05555555555555555,72.0,,
pad,20,temp,0.15,4,0.0,3.6727584959812813,0.06666666666666667,15.0,,
pad,20,temp,0.15,5,0.0,3.6727584959812813,0.0,1.0,,
pad,20,temp,0.15,0,0.0,3.6727584959812813,,,0.5333333333333333,15.0
hiba,21,softmax,0.05,1,0.9832013570559236,1.0,0.047619047619047616,21.0,,
hiba,21,softmax,0.05,2,0.9832013570559236,1.0,0.049586776859504134,121.0,,
hiba,21,softmax,0.05,3,0.9832013570559236,1.0,0.0,11.0,,
hiba,21,softmax,0.05,0,0.9832013570559236,1.0,,,0.4036697247706422,218.0
hiba,21,softmax,0.1,1,0.946236661702115,1.0,0.047619047619047616,21.0,,
hiba,21,softmax,0.1,2,0.946236661702115,1.0,0.05785123966942149,121.0,,
hiba,21,softmax,0.1,3,0.946236661702115,1.0,0.09090909090909091,11.0,,
hiba,21,softmax,0.1,0,0.946236661702115,1.0,,,0.6146788990825688,218.0
hiba,21,softmax,0.15,1,0.8053075052887323,1.0,0.047619047619047616,21.0,,
hiba,21,softmax,0.15,2,0.8053075052887323,1.0,0.09917355371900827,121.0,,
hiba,21,softmax,0.15,3,0.8053075052887323,1.0,0.09090909090909091,11.0,,
hiba,21,softmax,0.15,0,0.8053075052887323,1.0,,,0.7935779816513762,218.0
hiba,21,temp,0.05,1,0.478649089807265,5.0377173943016045,0.047619047619047616,21.0,,
hiba,21,temp,0.05,2,0.478649089807265,5.0377173943016045,0.04132231404958678,121.0,,
hiba,21,temp,0.05,3,0.478649089807265,5.0377173943016045,0.0,11.0,,
hiba,21,temp,0.05,0,0.478649089807265,5.0377173943016045,,,0.5825688073394495,218.0
hiba,21,temp,0.1,1,0.3929469401884064,5.0377173943016045,0.047619047619047616,21.0,,
hiba,21,temp,0.1,2,0.3929469401884064,5.0377173943016045,0.08264462809917356,121.0,,
hiba,21,temp,0.1,3,0.3929469401884064,5.0377173943016045,0.18181818181818182,11.0,,
hiba,21,temp,0.1,0,0.3929469401884064,5.0377173943016045,,,0.7431192660550459,218.0
hiba,21,temp,0.15,1,0.33955622207967695,5.0377173943016045,0.09523809523809523,21.0,,
hiba,21,temp,0.15,2,0.33955622207967695,5.0377173943016045,0.14049586776859505,121.0,,
hiba,21,temp,0.15,3,0.33955622207967695,5.0377173943016045,0.18181818181818182,11.0,,
hiba,21,temp,0.15,0,0.33955622207967695,5.0377173943016045,,,0.8394495412844036,218.0
pad,21,softmax,0.05,1,0.4588865287477563,1.0,0.058823529411764705,17.0,,
pad,21,softmax,0.05,2,0.4588865287477563,1.0,0.0650887573964497,169.0,,
pad,21,softmax,0.05,3,0.4588865287477563,1.0,0.04054054054054054,74.0,,
pad,21,softmax,0.05,4,0.4588865287477563,1.0,0.1,10.0,,
pad,21,softmax,0.05,5,0.4588865287477563,1.0,0.0,2.0,,
pad,21,softmax,0.05,0,0.4588865287477563,1.0,,,0.6666666666666666,18.0
pad,21,softmax,0.1,1,0.0,1.0,0.058823529411764705,17.0,,
pad,21,softmax,0.1,2,0.0,1.0,0.0650887573964497,169.0,,
pad,21,softmax,0.1,3,0.0,1.0,0.04054054054054054,74.0,,
pad,21,softmax,0.1,4,0.0,1.0,0.1,10.0,,
pad,21,softmax,0.1,5,0.0,1.0,0.0,2.0,,
pad,21,softmax,0.1,0,0.0,1.0,,,0.6666666666666666,18.0
pad,21,softmax,0.15,1,0.0,1.0,0.058823529411764705,17.0,,
pad,21,softmax,0.15,2,0.0,1.0,0.0650887573964497,169.0,,
pad,21,softmax,0.15,3,0.0,1.0,0.04054054054054054,74.0,,
pad,21,softmax,0.15,4,0.0,1.0,0.1,10.0,,
pad,21,softmax,0.15,5,0.0,1.0,0.0,2.0,,
pad,21,softmax,0.15,0,0.0,1.0,,,0.6666666666666666,18.0
pad,21,temp,0.05,1,0.35188548752885196,3.733678977189648,0.058823529411764705,17.0,,
pad,21,temp,0.05,2,0.35188548752885196,3.733678977189648,0.0650887573964497,169.0,,
pad,21,temp,0.05,3,0.35188548752885196,3.733678977189648,0.04054054054054054,74.0,,
pad,21,temp,0.05,4,0.35188548752885196,3.733678977189648,0.1,10.0,,
pad,21,temp,0.05,5,0.35188548752885196,3.733678977189648,0.0,2.0,,
pad,21,temp,0.05,0,0.35188548752885196,3.733678977189648,,,0.6666666666666666,18.0
pad,21,temp,0.1,1,0.0,3.733678977189648,0.058823529411764705,17.0,,
pad,21,temp,0.1,2,0.0,3.733678977189648,0.0650887573964497,169.0,,
pad,21,temp,0.1,3,0.0,3.733678977189648,0.04054054054054054,74.0,,
pad,21,temp,0.1,4,0.0,3.733678977189648,0.1,10.0,,
pad,21,temp,0.1,5,0.0,3.733678977189648,0.0,2.0,,
pad,21,temp,0.1,0,0.0,3.733678977189648,,,0.6666666666666666,18.0
pad,21,temp,0.15,1,0.0,3.733678977189648,0.058823529411764705,17.0,,
pad,21,temp,0.15,2,0.0,3.733678977189648,0.0650887573964497,169.0,,
pad,21,temp,0.15,3,0.0,3.733678977189648,0.04054054054054054,74.0,,
pad,21,temp,0.15,4,0.0,3.733678977189648,0.1,10.0,,
pad,21,temp,0.15,5,0.0,3.733678977189648,0.0,2.0,,
pad,21,temp,0.15,0,0.0,3.733678977189648,,,0.6666666666666666,18.0
hiba,22,softmax,0.05,1,0.9850375494594769,1.0,0.03571428571428571,28.0,,
hiba,22,softmax,0.05,2,0.9850375494594769,1.0,0.03389830508474576,118.0,,
hiba,22,softmax,0.05,3,0.9850375494594769,1.0,0.0,11.0,,
hiba,22,softmax,0.05,0,0.9850375494594769,1.0,,,0.3146551724137931,232.0
hiba,22,softmax,0.1,1,0.9531106113696587,1.0,0.07142857142857142,28.0,,
hiba,22,softmax,0.1,2,0.9531106113696587,1.0,0.05084745762711865,118.0,,
hiba,22,softmax,0.1,3,0.9531106113696587,1.0,0.0,11.0,,
hiba,22,softmax,0.1,0,0.9531106113696587,1.0,,,0.5086206896551724,232.0
hiba,22,softmax,0.15,1,0.803215360296447,1.0,0.10714285714285714,28.0,,
hiba,22,softmax,0.15,2,0.803215360296447,1.0,0.1016949152542373,118.0,,
hiba,22,softmax,0.15,3,0.803215360296447,1.0,0.09090909090909091,11.0,,
hiba,22,softmax,0.15,0,0.803215360296447,1.0,,,0.7758620689655172,232.0
hiba,22,temp,0.05,1,0.4809086634934566,5.068477147698965,0.07142857142857142,28.0,,
hiba,22,temp,0.05,2,0.4809086634934566,5.068477147698965,0.0423728813559322,118.0,,
hiba,22,temp,0.05,3,0.4809086634934566,5.068477147698965,0.0,11.0,,
hiba,22,temp,0.05,0,0.4809086634934566,5.068477147698965,,,0.5043103448275862,232.0
hiba,22,temp,0.1,1,0.4055025905662079,5.068477147698965,0.07142857142857142,28.0,,
hiba,22,temp,0.1,2,0.4055025905662079,5.068477147698965,0.07627118644067797,118.0,,
hiba,22,temp,0.1,3,0.4055025905662079,5.068477147698965,0.09090909090909091,11.0,,
hiba,22,temp,0.1,0,0.4055025905662079,5.068477147698965,,,0.7241379310344828,232.0
hiba,22,temp,0.15,1,0.33971666820893925,5.068477147698965,0.14285714285714285,28.0,,
hiba,22,temp,0.15,2,0.33971666820893925,5.068477147698965,0.11864406779661017,118.0,,
hiba,22,temp,0.15,3,0.33971666820893925,5.068477147698965,0.18181818181818182,11.0,,
hiba,22,temp,0.15,0,0.33971666820893925,5.068477147698965,,,0.853448275862069,232.0
pad,22,softmax,0.05,1,0.3895924011467718,1.0,0.0,24.0,,
pad,22,softmax,0.05,2,0.3895924011467718,1.0,0.06832298136645963,161.0,,
pad,22,softmax,0.05,3,0.3895924011467718,1.0,0.056338028169014086,71.0,,
pad,22,softmax,0.05,4,0.3895924011467718,1.0,0.25,4.0,,
pad,22,softmax,0.05,5,0.3895924011467718,1.0,0.0,4.0,,
pad,22,softmax,0.05,0,0.3895924011467718,1.0,,,0.75,16.0
pad,22,softmax,0.1,1,0.0,1.0,0.0,24.0,,
pad,22,softmax,0.1,2,0.0,1.0,0.06832298136645963,161.0,,
pad,22,softmax,0.1,3,0.0,1.0,0.056338028169014086,71.0,,
pad,22,softmax,0.1,4,0.0,1.0,0.25,4.0,,
pad,22,softmax,0.1,5,0.0,1.0,0.0,4.0,,
pad,22,softmax,0.1,0,0.0,1.0,,,0.75,16.0
pad,22,softmax,0.15,1,0.0,1.0,0.0,24.0,,
pad,22,softmax,0.15,2,0.0,1.0,0.06832298136645963,161.0,,
pad,22,softmax,0.15,3,0.0,1.0,0.056338028169014086,71.0,,
pad,22,softmax,0.15,4,0.0,1.0,0.25,4.0,,
pad,22,softmax,0.15,5,0.0,1.0,0.0,4.0,,
pad,22,softmax,0.15,0,0.0,1.0,,,0.75,16.0
pad,22,temp,0.05,1,0.23879006202201053,4.099910175839228,0.0,24.0,,
pad,22,temp,0.05,2,0.23879006202201053,4.099910175839228,0.06832298136645963,161.0,,
pad,22,temp,0.05,3,0.23879006202201053,4.099910175839228,0.056338028169014086,71.0,,
pad,22,temp,0.05,4,0.23879006202201053,4.099910175839228,0.25,4.0,,
pad,22,temp,0.05,5,0.23879006202201053,4.099910175839228,0.0,4.0,,
pad,22,temp,0.05,0,0.23879006202201053,4.099910175839228,,,0.75,16.0
pad,22,temp,0.1,1,0.0,4.099910175839228,0.0,24.0,,
pad,22,temp,0.1,2,0.0,4.099910175839228,0.06832298136645963,161.0,,
pad,22,temp,0.1,3,0.0,4.099910175839228,0.056338028169014086,71.0,,
pad,22,temp,0.1,4,0.0,4.099910175839228,0.25,4.0,,
pad,22,temp,0.1,5,0.0,4.099910175839228,0.0,4.0,,
pad,22,temp,0.1,0,0.0,4.099910175839228,,,0.75,16.0
pad,22,temp,0.15,1,0.0,4.099910175839228,0.0,24.0,,
pad,22,temp,0.15,2,0.0,4.099910175839228,0.06832298136645963,161.0,,
pad,22,temp,0.15,3,0.0,4.099910175839228,0.056338028169014086,71.0,,
pad,22,temp,0.15,4,0.0,4.099910175839228,0.25,4.0,,
pad,22,temp,0.15,5,0.0,4.099910175839228,0.0,4.0,,
pad,22,temp,0.15,0,0.0,4.099910175839228,,,0.75,16.0
hiba,23,softmax,0.05,1,0.9855810484085216,1.0,0.0,10.0,,
hiba,23,softmax,0.05,2,0.9855810484085216,1.0,0.0234375,128.0,,
hiba,23,softmax,0.05,3,0.9855810484085216,1.0,0.0,5.0,,
hiba,23,softmax,0.05,0,0.9855810484085216,1.0,,,0.3469387755102041,245.0
hiba,23,softmax,0.1,1,0.9429742632640773,1.0,0.1,10.0,,
hiba,23,softmax,0.1,2,0.9429742632640773,1.0,0.078125,128.0,,
hiba,23,softmax,0.1,3,0.9429742632640773,1.0,0.2,5.0,,
hiba,23,softmax,0.1,0,0.9429742632640773,1.0,,,0.5591836734693878,245.0
hiba,23,softmax,0.15,1,0.7704783818289018,1.0,0.1,10.0,,
hiba,23,softmax,0.15,2,0.7704783818289018,1.0,0.1640625,128.0,,
hiba,23,softmax,0.15,3,0.7704783818289018,1.0,0.2,5.0,,
hiba,23,softmax,0.15,0,0.7704783818289018,1.0,,,0.7551020408163265,245.0
hiba,23,temp,0.05,1,0.49287175888490986,5.083005802170814,0.0,10.0,,
hiba,23,temp,0.05,2,0.49287175888490986,5.083005802170814,0.0234375,128.0,,
hiba,23,temp,0.05,3,0.49287175888490986,5.083005802170814,0.0,5.0,,
hiba,23,temp,0.05,0,0.49287175888490986,5.083005802170814,,,0.4489795918367347,245.0
hiba,23,temp,0.1,1,0.402704749979009,5.083005802170814,0.0,10.0,,
hiba,23,temp,0.1,2,0.402704749979009,5.083005802170814,0.0859375,128.0,,
hiba,23,temp,0.1,3,0.402704749979009,5.083005802170814,0.2,5.0,,
hiba,23,temp,0.1,0,0.402704749979009,5.083005802170814,,,0.689795918367347,245.0
hiba,23,temp,0.15,1,0.3430855129977831,5.083005802170814,0.1,10.0,,
hiba,23,temp,0.15,2,0.3430855129977831,5.083005802170814,0.140625,128.0,,
hiba,23,temp,0.15,3,0.3430855129977831,5.083005802170814,0.2,5.0,,
hiba,23,temp,0.15,0,0.3430855129977831,5.083005802170814,,,0.8204081632653061,245.0
pad,23,softmax,0.05,1,0.4186025892154876,1.0,0.041666666666666664,24.0,,
pad,23,softmax,0.05,2,0.4186025892154876,1.0,0.07534246575342465,146.0,,
pad,23,softmax,0.05,3,0.4186025892154876,1.0,0.06172839506172839,81.0,,
pad,23,softmax,0.05,4,0.4186025892154876,1.0,0.14285714285714285,7.0,,
pad,23,softmax,0.05,5,0.4186025892154876,1.0,0.0,5.0,,
pad,23,softmax,0.05,0,0.4186025892154876,1.0,,,0.7894736842105263,19.0
pad,23,softmax,0.1,1,0.0,1.0,0.041666666666666664,24.0,,
pad,23,softmax,0.1,2,0.0,1.0,0.07534246575342465,146.0,,
pad,23,softmax,0.1,3,0.0,1.0,0.06172839506172839,81.0,,
pad,23,softmax,0.1,4,0.0,1.0,0.14285714285714285,7.0,,
pad,23,softmax,0.1,5,0.0,1.0,0.0,5.0,,
pad,23,softmax,0.1,0,0.0,1.0,,,0.7894736842105263,19.0
pad,23,softmax,0.15,1,0.0,1.0,0.041666666666666664,24.0,,
pad,23,softmax,0.15,2,0.0,1.0,0.07534246575342465,146.0,,
pad,23,softmax,0.15,3,0.0,1.0,0.06172839506172839,81.0,,
pad,23,softmax,0.15,4,0.0,1.0,0.14285714285714285,7.0,,
pad,23,softmax,0.15,5,0.0,1.0,0.0,5.0,,
pad,23,softmax,0.15,0,0.0,1.0,,,0.7894736842105263,19.0
pad,23,temp,0.05,1,0.2445908772135459,3.816049029148288,0.041666666666666664,24.0,,
pad,23,temp,0.05,2,0.2445908772135459,3.816049029148288,0.07534246575342465,146.0,,
pad,23,temp,0.05,3,0.2445908772135459,3.816049029148288,0.06172839506172839,81.0,,
pad,23,temp,0.05,4,0.2445908772135459,3.816049029148288,0.14285714285714285,7.0,,
pad,23,temp,0.05,5,0.2445908772135459,3.816049029148288,0.0,5.0,,
pad,23,temp,0.05,0,0.2445908772135459,3.816049029148288,,,0.7894736842105263,19.0
pad,23,temp,0.1,1,0.0,3.816049029148288,0.041666666666666664,24.0,,
pad,23,temp,0.1,2,0.0,3.816049029148288,0.07534246575342465,146.0,,
pad,23,temp,0.1,3,0.0,3.816049029148288,0.06172839506172839,81.0,,
pad,23,temp,0.1,4,0.0,3.816049029148288,0.14285714285714285,7.0,,
pad,23,temp,0.1,5,0.0,3.816049029148288,0.0,5.0,,
pad,23,temp,0.1,0,0.0,3.816049029148288,,,0.7894736842105263,19.0
pad,23,temp,0.15,1,0.0,3.816049029148288,0.041666666666666664,24.0,,
pad,23,temp,0.15,2,0.0,3.816049029148288,0.07534246575342465,146.0,,
pad,23,temp,0.15,3,0.0,3.816049029148288,0.06172839506172839,81.0,,
pad,23,temp,0.15,4,0.0,3.816049029148288,0.14285714285714285,7.0,,
pad,23,temp,0.15,5,0.0,3.816049029148288,0.0,5.0,,
pad,23,temp,0.15,0,0.0,3.816049029148288,,,0.7894736842105263,19.0
hiba,24,softmax,0.05,1,0.9714977284224235,1.0,0.10526315789473684,19.0,,
hiba,24,softmax,0.05,2,0.9714977284224235,1.0,0.08064516129032258,124.0,,
hiba,24,softmax,0.05,3,0.9714977284224235,1.0,0.0,15.0,,
hiba,24,softmax,0.05,0,0.9714977284224235,1.0,,,0.4262295081967213,183.0
hiba,24,softmax,0.1,1,0.8543339950602022,1.0,0.15789473684210525,19.0,,
hiba,24,softmax,0.1,2,0.8543339950602022,1.0,0.12096774193548387,124.0,,
hiba,24,softmax,0.1,3,0.8543339950602022,1.0,0.0,15.0,,
hiba,24,softmax,0.1,0,0.8543339950602022,1.0,,,0.6502732240437158,183.0
hiba,24,softmax,0.15,1,0.716957992277597,1.0,0.15789473684210525,19.0,,
hiba,24,softmax,0.15,2,0.716957992277597,1.0,0.1532258064516129,124.0,,
hiba,24,softmax,0.15,3,0.716957992277597,1.0,0.06666666666666667,15.0,,
hiba,24,softmax,0.15,0,0.716957992277597,1.0,,,0.7814207650273224,183.0
hiba,24,temp,0.05,1,0.4482911663438317,5.005330935770912,0.10526315789473684,19.0,,
hiba,24,temp,0.05,2,0.4482911663438317,5.005330935770912,0.06451612903225806,124.0,,
hiba,24,temp,0.05,3,0.4482911663438317,5.005330935770912,0.0,15.0,,
hiba,24,temp,0.05,0,0.4482911663438317,5.005330935770912,,,0.5901639344262295,183.0
hiba,24,temp,0.1,1,0.3647510493113089,5.005330935770912,0.10526315789473684,19.0,,
hiba,24,temp,0.1,2,0.3647510493113089,5.005330935770912,0.11290322580645161,124.0,,
hiba,24,temp,0.1,3,0.3647510493113089,5.005330935770912,0.06666666666666667,15.0,,
hiba,24,temp,0.1,0,0.3647510493113089,5.005330935770912,,,0.7377049180327869,183.0
hiba,24,temp,0.15,1,0.32937266429597906,5.005330935770912,0.15789473684210525,19.0,,
hiba,24,temp,0.15,2,0.32937266429597906,5.005330935770912,0.13709677419354838,124.0,,
hiba,24,temp,0.15,3,0.32937266429597906,5.005330935770912,0.06666666666666667,15.0,,
hiba,24,temp,0.15,0,0.32937266429597906,5.005330935770912,,,0.7759562841530054,183.0
pad,24,softmax,0.05,1,0.6882093147471173,1.0,0.03225806451612903,31.0,,
pad,24,softmax,0.05,2,0.6882093147471173,1.0,0.0125,160.0,,
pad,24,softmax,0.05,3,0.6882093147471173,1.0,0.058823529411764705,68.0,,
pad,24,softmax,0.05,4,0.6882093147471173,1.0,0.1,10.0,,
pad,24,softmax,0.05,5,0.6882093147471173,1.0,0.0,3.0,,
pad,24,softmax,0.05,0,0.6882093147471173,1.0,,,0.65,20.0
pad,24,softmax,0.1,1,0.0,1.0,0.03225806451612903,31.0,,
pad,24,softmax,0.1,2,0.0,1.0,0.03125,160.0,,
pad,24,softmax,0.1,3,0.0,1.0,0.07352941176470588,68.0,,
pad,24,softmax,0.1,4,0.0,1.0,0.1,10.0,,
pad,24,softmax,0.1,5,0.0,1.0,0.0,3.0,,
pad,24,softmax,0.1,0,0.0,1.0,,,0.65,20.0
pad,24,softmax,0.15,1,0.0,1.0,0.03225806451612903,31.0,,
pad,24,softmax,0.15,2,0.0,1.0,0.03125,160.0,,
pad,24,softmax,0.15,3,0.0,1.0,0.07352941176470588,68.0,,
pad,24,softmax,0.15,4,0.0,1.0,0.1,10.0,,
pad,24,softmax,0.15,5,0.0,1.0,0.0,3.0,,
pad,24,softmax,0.15,0,0.0,1.0,,,0.65,20.0
pad,24,temp,0.05,1,0.3999275288330583,3.897406965046571,0.03225806451612903,31.0,,
pad,24,temp,0.05,2,0.3999275288330583,3.897406965046571,0.01875,160.0,,
pad,24,temp,0.05,3,0.3999275288330583,3.897406965046571,0.029411764705882353,68.0,,
pad,24,temp,0.05,4,0.3999275288330583,3.897406965046571,0.1,10.0,,
pad,24,temp,0.05,5,0.3999275288330583,3.897406965046571,0.0,3.0,,
pad,24,temp,0.05,0,0.3999275288330583,3.897406965046571,,,0.65,20.0
pad,24,temp,0.1,1,0.0,3.897406965046571,0.03225806451612903,31.0,,
pad,24,temp,0.1,2,0.0,3.897406965046571,0.03125,160.0,,
pad,24,temp,0.1,3,0.0,3.897406965046571,0.07352941176470588,68.0,,
pad,24,temp,0.1,4,0.0,3.897406965046571,0.1,10.0,,
pad,24,temp,0.1,5,0.0,3.897406965046571,0.0,3.0,,
pad,24,temp,0.1,0,0.0,3.897406965046571,,,0.65,20.0
pad,24,temp,0.15,1,0.0,3.897406965046571,0.03225806451612903,31.0,,
pad,24,temp,0.15,2,0.0,3.897406965046571,0.03125,160.0,,
pad,24,temp,0.15,3,0.0,3.897406965046571,0.07352941176470588,68.0,,
pad,24,temp,0.15,4,0.0,3.897406965046571,0.1,10.0,,
pad,24,temp,0.15,5,0.0,3.897406965046571,0.0,3.0,,
pad,24,temp,0.15,0,0.0,3.897406965046571,,,0.65,20.0
hiba,25,softmax,0.05,1,0.976967225675208,1.0,0.0,12.0,,
hiba,25,softmax,0.05,2,0.976967225675208,1.0,0.06896551724137931,116.0,,
hiba,25,softmax,0.05,3,0.976967225675208,1.0,0.05263157894736842,19.0,,
hiba,25,softmax,0.05,0,0.976967225675208,1.0,,,0.40828402366863903,169.0
hiba,25,softmax,0.1,1,0.8907187741709598,1.0,0.16666666666666666,12.0,,
hiba,25,softmax,0.1,2,0.8907187741709598,1.0,0.13793103448275862,116.0,,
hiba,25,softmax,0.1,3,0.8907187741709598,1.0,0.15789473684210525,19.0,,
hiba,25,softmax,0.1,0,0.8907187741709598,1.0,,,0.6331360946745562,169.0
hiba,25,softmax,0.15,1,0.7169980304896034,1.0,0.16666666666666666,12.0,,
hiba,25,softmax,0.15,2,0.7169980304896034,1.0,0.16379310344827586,116.0,,
hiba,25,softmax,0.15,3,0.7169980304896034,1.0,0.15789473684210525,19.0,,
hiba,25,softmax,0.15,0,0.7169980304896034,1.0,,,0.7810650887573964,169.0
hiba,25,temp,0.05,1,0.4717364848044879,4.52263705740561,0.0,12.0,,
hiba,25,temp,0.05,2,0.4717364848044879,4.52263705740561,0.11206896551724138,116.0,,
hiba,25,temp,0.05,3,0.4717364848044879,4.52263705740561,0.05263157894736842,19.0,,
hiba,25,temp,0.05,0,0.4717364848044879,4.52263705740561,,,0.5739644970414202,169.0
hiba,25,temp,0.1,1,0.3744595943812285,4.52263705740561,0.16666666666666666,12.0,,
hiba,25,temp,0.1,2,0.3744595943812285,4.52263705740561,0.1896551724137931,116.0,,
hiba,25,temp,0.1,3,0.3744595943812285,4.52263705740561,0.15789473684210525,19.0,,
hiba,25,temp,0.1,0,0.3744595943812285,4.52263705740561,,,0.7396449704142012,169.0
hiba,25,temp,0.15,1,0.33327559888515607,4.52263705740561,0.16666666666666666,12.0,,
hiba,25,temp,0.15,2,0.33327559888515607,4.52263705740561,0.19827586206896552,116.0,,
hiba,25,temp,0.15,3,0.33327559888515607,4.52263705740561,0.21052631578947367,19.0,,
hiba,25,temp,0.15,0,0.33327559888515607,4.52263705740561,,,0.8165680473372781,169.0
pad,25,softmax,0.05,1,0.0,1.0,0.02857142857142857,35.0,,
pad,25,softmax,0.05,2,0.0,1.0,0.07878787878787878,165.0,,
pad,25,softmax,0.05,3,0.0,1.0,0.04285714285714286,70.0,,
pad,25,softmax,0.05,4,0.0,1.0,0.0,8.0,,
pad,25,softmax,0.05,5,0.0,1.0,0.0,1.0,,
pad,25,softmax,0.05,0,0.0,1.0,,,0.6842105263157895,19.0
pad,25,softmax,0.1,1,0.0,1.0,0.02857142857142857,35.0,,
pad,25,softmax,0.1,2,0.0,1.0,0.07878787878787878,165.0,,
pad,25,softmax,0.1,3,0.0,1.0,0.04285714285714286,70.0,,
pad,25,softmax,0.1,4,0.0,1.0,0.0,8.0,,
pad,25,softmax,0.1,5,0.0,1.0,0.0,1.0,,
pad,25,softmax,0.1,0,0.0,1.0,,,0.6842105263157895,19.0
pad,25,softmax,0.15,1,0.0,1.0,0.02857142857142857,35.0,,
pad,25,softmax,0.15,2,0.0,1.0,0.07878787878787878,165.0,,
pad,25,softmax,0.15,3,0.0,1.0,0.04285714285714286,70.0,,
pad,25,softmax,0.15,4,0.0,1.0,0.0,8.0,,
pad,25,softmax,0.15,5,0.0,1.0,0.0,1.0,,
pad,25,softmax,0.15,0,0.0,1.0,,,0.6842105263157895,19.0
pad,25,temp,0.05,1,0.0,4.149566470124591,0.02857142857142857,35.0,,
pad,25,temp,0.05,2,0.0,4.149566470124591,0.07878787878787878,165.0,,
pad,25,temp,0.05,3,0.0,4.149566470124591,0.04285714285714286,70.0,,
pad,25,temp,0.05,4,0.0,4.149566470124591,0.0,8.0,,
pad,25,temp,0.05,5,0.0,4.149566470124591,0.0,1.0,,
pad,25,temp,0.05,0,0.0,4.149566470124591,,,0.6842105263157895,19.0
pad,25,temp,0.1,1,0.0,4.149566470124591,0.02857142857142857,35.0,,
pad,25,temp,0.1,2,0.0,4.149566470124591,0.07878787878787878,165.0,,
pad,25,temp,0.1,3,0.0,4.149566470124591,0.04285714285714286,70.0,,
pad,25,temp,0.1,4,0.0,4.149566470124591,0.0,8.0,,
pad,25,temp,0.1,5,0.0,4.149566470124591,0.0,1.0,,
pad,25,temp,0.1,0,0.0,4.149566470124591,,,0.6842105263157895,19.0
pad,25,temp,0.15,1,0.0,4.149566470124591,0.02857142857142857,35.0,,
pad,25,temp,0.15,2,0.0,4.149566470124591,0.07878787878787878,165.0,,
pad,25,temp,0.15,3,0.0,4.149566470124591,0.04285714285714286,70.0,,
pad,25,temp,0.15,4,0.0,4.149566470124591,0.0,8.0,,
pad,25,temp,0.15,5,0.0,4.149566470124591,0.0,1.0,,
pad,25,temp,0.15,0,0.0,4.149566470124591,,,0.6842105263157895,19.0
hiba,26,softmax,0.05,1,0.9846141675845362,1.0,0.0,24.0,,
hiba,26,softmax,0.05,2,0.9846141675845362,1.0,0.03571428571428571,112.0,,
hiba,26,softmax,0.05,3,0.9846141675845362,1.0,0.0,10.0,,
hiba,26,softmax,0.05,0,0.9846141675845362,1.0,,,0.2,140.0
hiba,26,softmax,0.1,1,0.9370979058453025,1.0,0.0,24.0,,
hiba,26,softmax,0.1,2,0.9370979058453025,1.0,0.09821428571428571,112.0,,
hiba,26,softmax,0.1,3,0.9370979058453025,1.0,0.0,10.0,,
hiba,26,softmax,0.1,0,0.9370979058453025,1.0,,,0.3357142857142857,140.0
hiba,26,softmax,0.15,1,0.7689083075733797,1.0,0.08333333333333333,24.0,,
hiba,26,softmax,0.15,2,0.7689083075733797,1.0,0.13392857142857142,112.0,,
hiba,26,softmax,0.15,3,0.7689083075733797,1.0,0.1,10.0,,
hiba,26,softmax,0.15,0,0.7689083075733797,1.0,,,0.65,140.0
hiba,26,temp,0.05,1,0.4939752455929334,4.86781205111135,0.0,24.0,,
hiba,26,temp,0.05,2,0.4939752455929334,4.86781205111135,0.0625,112.0,,
hiba,26,temp,0.05,3,0.4939752455929334,4.86781205111135,0.0,10.0,,
hiba,26,temp,0.05,0,0.4939752455929334,4.86781205111135,,,0.3142857142857143,140.0
hiba,26,temp,0.1,1,0.3816854357240823,4.86781205111135,0.041666666666666664,24.0,,
hiba,26,temp,0.1,2,0.3816854357240823,4.86781205111135,0.11607142857142858,112.0,,
hiba,26,temp,0.1,3,0.3816854357240823,4.86781205111135,0.0,10.0,,
hiba,26,temp,0.1,0,0.3816854357240823,4.86781205111135,,,0.5857142857142857,140.0
hiba,26,temp,0.15,1,0.3388952452773221,4.86781205111135,0.08333333333333333,24.0,,
hiba,26,temp,0.15,2,0.3388952452773221,4.86781205111135,0.13392857142857142,112.0,,
hiba,26,temp,0.15,3,0.3388952452773221,4.86781205111135,0.1,10.0,,
hiba,26,temp,0.15,0,0.3388952452773221,4.86781205111135,,,0.6928571428571428,140.0
pad,26,softmax,0.05,1,0.5898187088072386,1.0,0.0,25.0,,
pad,26,softmax,0.05,2,0.5898187088072386,1.0,0.05732484076433121,157.0,,
pad,26,softmax,0.05,3,0.5898187088072386,1.0,0.06060606060606061,66.0,,
pad,26,softmax,0.05,4,0.5898187088072386,1.0,0.14285714285714285,7.0,,
pad,26,softmax,0.05,5,0.5898187088072386,1.0,0.0,1.0,,
pad,26,softmax,0.05,0,0.5898187088072386,1.0,,,0.6666666666666666,15.0
pad,26,softmax,0.1,1,0.0,1.0,0.0,25.0,,
pad,26,softmax,0.1,2,0.0,1.0,0.05732484076433121,157.0,,
pad,26,softmax,0.1,3,0.0,1.0,0.09090909090909091,66.0,,
pad,26,softmax,0.1,4,0.0,1.0,0.14285714285714285,7.0,,
pad,26,softmax,0.1,5,0.0,1.0,0.0,1.0,,
pad,26,softmax,0.1,0,0.0,1.0,,,0.7333333333333333,15.0
pad,26,softmax,0.15,1,0.0,1.0,0.0,25.0,,
pad,26,softmax,0.15,2,0.0,1.0,0.05732484076433121,157.0,,
pad,26,softmax,0.15,3,0.0,1.0,0.09090909090909091,66.0,,
pad,26,softmax,0.15,4,0.0,1.0,0.14285714285714285,7.0,,
pad,26,softmax,0.15,5,0.0,1.0,0.0,1.0,,
pad,26,softmax,0.15,0,0.0,1.0,,,0.7333333333333333,15.0
pad,26,temp,0.05,1,0.36789462513877735,3.957419302491744,0.0,25.0,,
pad,26,temp,0.05,2,0.36789462513877735,3.957419302491744,0.050955414012738856,157.0,,
pad,26,temp,0.05,3,0.36789462513877735,3.957419302491744,0.06060606060606061,66.0,,
pad,26,temp,0.05,4,0.36789462513877735,3.957419302491744,0.14285714285714285,7.0,,
pad,26,temp,0.05,5,0.36789462513877735,3.957419302491744,0.0,1.0,,
pad,26,temp,0.05,0,0.36789462513877735,3.957419302491744,,,0.6666666666666666,15.0
pad,26,temp,0.1,1,0.0,3.957419302491744,0.0,25.0,,
pad,26,temp,0.1,2,0.0,3.957419302491744,0.05732484076433121,157.0,,
pad,26,temp,0.1,3,0.0,3.957419302491744,0.09090909090909091,66.0,,
pad,26,temp,0.1,4,0.0,3.957419302491744,0.14285714285714285,7.0,,
pad,26,temp,0.1,5,0.0,3.957419302491744,0.0,1.0,,
pad,26,temp,0.1,0,0.0,3.957419302491744,,,0.7333333333333333,15.0
pad,26,temp,0.15,1,0.0,3.957419302491744,0.0,25.0,,
pad,26,temp,0.15,2,0.0,3.957419302491744,0.05732484076433121,157.0,,
pad,26,temp,0.15,3,0.0,3.957419302491744,0.09090909090909091,66.0,,
pad,26,temp,0.15,4,0.0,3.957419302491744,0.14285714285714285,7.0,,
pad,26,temp,0.15,5,0.0,3.957419302491744,0.0,1.0,,
pad,26,temp,0.15,0,0.0,3.957419302491744,,,0.7333333333333333,15.0
hiba,27,softmax,0.05,1,0.9766312053446783,1.0,0.0,20.0,,
hiba,27,softmax,0.05,2,0.9766312053446783,1.0,0.07692307692307693,117.0,,
hiba,27,softmax,0.05,3,0.9766312053446783,1.0,0.07142857142857142,14.0,,
hiba,27,softmax,0.05,0,0.9766312053446783,1.0,,,0.3629032258064516,248.0
hiba,27,softmax,0.1,1,0.8285104380418182,1.0,0.15,20.0,,
hiba,27,softmax,0.1,2,0.8285104380418182,1.0,0.1282051282051282,117.0,,
hiba,27,softmax,0.1,3,0.8285104380418182,1.0,0.14285714285714285,14.0,,
hiba,27,softmax,0.1,0,0.8285104380418182,1.0,,,0.6854838709677419,248.0
hiba,27,softmax,0.15,1,0.6336836451996402,1.0,0.3,20.0,,
hiba,27,softmax,0.15,2,0.6336836451996402,1.0,0.19658119658119658,117.0,,
hiba,27,softmax,0.15,3,0.6336836451996402,1.0,0.2857142857142857,14.0,,
hiba,27,softmax,0.15,0,0.6336836451996402,1.0,,,0.8467741935483871,248.0
hiba,27,temp,0.05,1,0.48598108120248645,4.496131786591945,0.0,20.0,,
hiba,27,temp,0.05,2,0.48598108120248645,4.496131786591945,0.08547008547008547,117.0,,
hiba,27,temp,0.05,3,0.48598108120248645,4.496131786591945,0.07142857142857142,14.0,,
hiba,27,temp,0.05,0,0.48598108120248645,4.496131786591945,,,0.5,248.0
hiba,27,temp,0.1,1,0.36534942734623055,4.496131786591945,0.15,20.0,,
hiba,27,temp,0.1,2,0.36534942734623055,4.496131786591945,0.15384615384615385,117.0,,
hiba,27,temp,0.1,3,0.36534942734623055,4.496131786591945,0.21428571428571427,14.0,,
hiba,27,temp,0.1,0,0.36534942734623055,4.496131786591945,,,0.8064516129032258,248.0
hiba,27,temp,0.15,1,0.324042890220627,4.496131786591945,0.3,20.0,,
hiba,27,temp,0.15,2,0.324042890220627,4.496131786591945,0.1794871794871795,117.0,,
hiba,27,temp,0.15,3,0.324042890220627,4.496131786591945,0.2857142857142857,14.0,,
hiba,27,temp,0.15,0,0.324042890220627,4.496131786591945,,,0.8830645161290323,248.0
pad,27,softmax,0.05,1,0.0,1.0,0.0,25.0,,
pad,27,softmax,0.05,2,0.0,1.0,0.06,150.0,,
pad,27,softmax,0.05,3,0.0,1.0,0.08771929824561403,57.0,,
pad,27,softmax,0.05,4,0.0,1.0,0.09090909090909091,11.0,,
pad,27,softmax,0.05,5,0.0,1.0,0.0,3.0,,
pad,27,softmax,0.05,0,0.0,1.0,,,0.7142857142857143,14.0
pad,27,softmax,0.1,1,0.0,1.0,0.0,25.0,,
pad,27,softmax,0.1,2,0.0,1.0,0.06,150.0,,
pad,27,softmax,0.1,3,0.0,1.0,0.08771929824561403,57.0,,
pad,27,softmax,0.1,4,0.0,1.0,0.09090909090909091,11.0,,
pad,27,softmax,0.1,5,0.0,1.0,0.0,3.0,,
pad,27,softmax,0.1,0,0.0,1.0,,,0.7142857142857143,14.0
pad,27,softmax,0.15,1,0.0,1.0,0.0,25.0,,
pad,27,softmax,0.15,2,0.0,1.0,0.06,150.0,,
pad,27,softmax,0.15,3,0.0,1.0,0.08771929824561403,57.0,,
pad,27,softmax,0.15,4,0.0,1.0,0.09090909090909091,11.0,,
pad,27,softmax,0.15,5,0.0,1.0,0.0,3.0,,
pad,27,softmax,0.15,0,0.0,1.0,,,0.7142857142857143,14.0
pad,27,temp,0.05,1,0.0,3.808376466258395,0.0,25.0,,
pad,27,temp,0.05,2,0.0,3.808376466258395,0.06,150.0,,
pad,27,temp,0.05,3,0.0,3.808376466258395,0.08771929824561403,57.0,,
pad,27,temp,0.05,4,0.0,3.808376466258395,0.09090909090909091,11.0,,
pad,27,temp,0.05,5,0.0,3.808376466258395,0.0,3.0,,
pad,27,temp,0.05,0,0.0,3.808376466258395,,,0.7142857142857143,14.0
pad,27,temp,0.1,1,0.0,3.808376466258395,0.0,25.0,,
pad,27,temp,0.1,2,0.0,3.808376466258395,0.06,150.0,,
pad,27,temp,0.1,3,0.0,3.808376466258395,0.08771929824561403,57.0,,
pad,27,temp,0.1,4,0.0,3.808376466258395,0.09090909090909091,11.0,,
pad,27,temp,0.1,5,0.0,3.808376466258395,0.0,3.0,,
pad,27,temp,0.1,0,0.0,3.808376466258395,,,0.7142857142857143,14.0
pad,27,temp,0.15,1,0.0,3.808376466258395,0.0,25.0,,
pad,27,temp,0.15,2,0.0,3.808376466258395,0.06,150.0,,
pad,27,temp,0.15,3,0.0,3.808376466258395,0.08771929824561403,57.0,,
pad,27,temp,0.15,4,0.0,3.808376466258395,0.09090909090909091,11.0,,
pad,27,temp,0.15,5,0.0,3.808376466258395,0.0,3.0,,
pad,27,temp,0.15,0,0.0,3.808376466258395,,,0.7142857142857143,14.0
hiba,28,softmax,0.05,1,0.9601136284733922,1.0,0.09090909090909091,22.0,,
hiba,28,softmax,0.05,2,0.9601136284733922,1.0,0.10483870967741936,124.0,,
hiba,28,softmax,0.05,3,0.9601136284733922,1.0,0.0625,16.0,,
hiba,28,softmax,0.05,0,0.9601136284733922,1.0,,,0.4489795918367347,196.0
hiba,28,softmax,0.1,1,0.8877898165965885,1.0,0.13636363636363635,22.0,,
hiba,28,softmax,0.1,2,0.8877898165965885,1.0,0.14516129032258066,124.0,,
hiba,28,softmax,0.1,3,0.8877898165965885,1.0,0.125,16.0,,
hiba,28,softmax,0.1,0,0.8877898165965885,1.0,,,0.6020408163265306,196.0
hiba,28,softmax,0.15,1,0.7412239146395999,1.0,0.13636363636363635,22.0,,
hiba,28,softmax,0.15,2,0.7412239146395999,1.0,0.18548387096774194,124.0,,
hiba,28,softmax,0.15,3,0.7412239146395999,1.0,0.125,16.0,,
hiba,28,softmax,0.15,0,0.7412239146395999,1.0,,,0.7346938775510204,196.0
hiba,28,temp,0.05,1,0.4604218083911489,4.665402348070816,0.045454545454545456,22.0,,
hiba,28,temp,0.05,2,0.4604218083911489,4.665402348070816,0.11290322580645161,124.0,,
hiba,28,temp,0.05,3,0.4604218083911489,4.665402348070816,0.0625,16.0,,
hiba,28,temp,0.05,0,0.4604218083911489,4.665402348070816,,,0.5561224489795918,196.0
hiba,28,temp,0.1,1,0.3756570725505956,4.665402348070816,0.045454545454545456,22.0,,
hiba,28,temp,0.1,2,0.3756570725505956,4.665402348070816,0.16129032258064516,124.0,,
hiba,28,temp,0.1,3,0.3756570725505956,4.665402348070816,0.125,16.0,,
hiba,28,temp,0.1,0,0.3756570725505956,4.665402348070816,,,0.7346938775510204,196.0
hiba,28,temp,0.15,1,0.34404660429967543,4.665402348070816,0.13636363636363635,22.0,,
hiba,28,temp,0.15,2,0.34404660429967543,4.665402348070816,0.1693548387096774,124.0,,
hiba,28,temp,0.15,3,0.34404660429967543,4.665402348070816,0.125,16.0,,
hiba,28,temp,0.15,0,0.34404660429967543,4.665402348070816,,,0.8163265306122449,196.0
pad,28,softmax,0.05,1,0.584943549903385,1.0,0.0,23.0,,
pad,28,softmax,0.05,2,0.584943549903385,1.0,0.06896551724137931,145.0,,
pad,28,softmax,0.05,3,0.584943549903385,1.0,0.029411764705882353,68.0,,
pad,28,softmax,0.05,4,0.584943549903385,1.0,0.14285714285714285,7.0,,
pad,28,softmax,0.05,5,0.584943549903385,1.0,0.0,3.0,,
pad,28,softmax,0.05,0,0.584943549903385,1.0,,,0.6,20.0
pad,28,softmax,0.1,1,0.0,1.0,0.0,23.0,,
pad,28,softmax,0.1,2,0.0,1.0,0.07586206896551724,145.0,,
pad,28,softmax,0.1,3,0.0,1.0,0.029411764705882353,68.0,,
pad,28,softmax,0.1,4,0.0,1.0,0.14285714285714285,7.0,,
pad,28,softmax,0.1,5,0.0,1.0,0.0,3.0,,
pad,28,softmax,0.1,0,0.0,1.0,,,0.65,20.0
pad,28,softmax,0.15,1,0.0,1.0,0.0,23.0,,
pad,28,softmax,0.15,2,0.0,1.0,0.07586206896551724,145.0,,
pad,28,softmax,0.15,3,0.0,1.0,0.029411764705882353,68.0,,
pad,28,softmax,0.15,4,0.0,1.0,0.14285714285714285,7.0,,
pad,28,softmax,0.15,5,0.0,1.0,0.0,3.0,,
pad,28,softmax,0.15,0,0.0,1.0,,,0.65,20.0
pad,28,temp,0.05,1,0.3572442672322326,4.022574962625079,0.0,23.0,,
pad,28,temp,0.05,2,0.3572442672322326,4.022574962625079,0.07586206896551724,145.0,,
pad,28,temp,0.05,3,0.3572442672322326,4.022574962625079,0.029411764705882353,68.0,,
pad,28,temp,0.05,4,0.3572442672322326,4.022574962625079,0.14285714285714285,7.0,,
pad,28,temp,0.05,5,0.3572442672322326,4.022574962625079,0.0,3.0,,
pad,28,temp,0.05,0,0.3572442672322326,4.022574962625079,,,0.55,20.0
pad,28,temp,0.1,1,0.0,4.022574962625079,0.0,23.0,,
pad,28,temp,0.1,2,0.0,4.022574962625079,0.07586206896551724,145.0,,
pad,28,temp,0.1,3,0.0,4.022574962625079,0.029411764705882353,68.0,,
pad,28,temp,0.1,4,0.0,4.022574962625079,0.14285714285714285,7.0,,
pad,28,temp,0.1,5,0.0,4.022574962625079,0.0,3.0,,
pad,28,temp,0.1,0,0.0,4.022574962625079,,,0.65,20.0
pad,28,temp,0.15,1,0.0,4.022574962625079,0.0,23.0,,
pad,28,temp,0.15,2,0.0,4.022574962625079,0.07586206896551724,145.0,,
pad,28,temp,0.15,3,0.0,4.022574962625079,0.029411764705882353,68.0,,
pad,28,temp,0.15,4,0.0,4.022574962625079,0.14285714285714285,7.0,,
pad,28,temp,0.15,5,0.0,4.022574962625079,0.0,3.0,,
pad,28,temp,0.15,0,0.0,4.022574962625079,,,0.65,20.0
hiba,29,softmax,0.05,1,0.9785657998485305,1.0,0.0,20.0,,
hiba,29,softmax,0.05,2,0.9785657998485305,1.0,0.06153846153846154,130.0,,
hiba,29,softmax,0.05,3,0.9785657998485305,1.0,0.0,7.0,,
hiba,29,softmax,0.05,0,0.9785657998485305,1.0,,,0.466403162055336,253.0
hiba,29,softmax,0.1,1,0.8352327827299626,1.0,0.05,20.0,,
hiba,29,softmax,0.1,2,0.8352327827299626,1.0,0.16923076923076924,130.0,,
hiba,29,softmax,0.1,3,0.8352327827299626,1.0,0.14285714285714285,7.0,,
hiba,29,softmax,0.1,0,0.8352327827299626,1.0,,,0.758893280632411,253.0
hiba,29,softmax,0.15,1,0.6468900727708932,1.0,0.1,20.0,,
hiba,29,softmax,0.15,2,0.6468900727708932,1.0,0.23076923076923078,130.0,,
hiba,29,softmax,0.15,3,0.6468900727708932,1.0,0.2857142857142857,7.0,,
hiba,29,softmax,0.15,0,0.6468900727708932,1.0,,,0.8458498023715415,253.0
hiba,29,temp,0.05,1,0.45231629780156085,5.050977727567062,0.0,20.0,,
hiba,29,temp,0.05,2,0.45231629780156085,5.050977727567062,0.08461538461538462,130.0,,
hiba,29,temp,0.05,3,0.45231629780156085,5.050977727567062,0.14285714285714285,7.0,,
hiba,29,temp,0.05,0,0.45231629780156085,5.050977727567062,,,0.6482213438735178,253.0
hiba,29,temp,0.1,1,0.3719222020784763,5.050977727567062,0.0,20.0,,
hiba,29,temp,0.1,2,0.3719222020784763,5.050977727567062,0.12307692307692308,130.0,,
hiba,29,temp,0.1,3,0.3719222020784763,5.050977727567062,0.14285714285714285,7.0,,
hiba,29,temp,0.1,0,0.3719222020784763,5.050977727567062,,,0.7944664031620553,253.0
hiba,29,temp,0.15,1,0.318867736249421,5.050977727567062,0.05,20.0,,
hiba,29,temp,0.15,2,0.318867736249421,5.050977727567062,0.2153846153846154,130.0,,
hiba,29,temp,0.15,3,0.318867736249421,5.050977727567062,0.2857142857142857,7.0,,
hiba,29,temp,0.15,0,0.318867736249421,5.050977727567062,,,0.849802371541502,253.0
pad,29,softmax,0.05,1,0.5753962061874184,1.0,0.037037037037037035,27.0,,
pad,29,softmax,0.05,2,0.5753962061874184,1.0,0.06,150.0,,
pad,29,softmax,0.05,3,0.5753962061874184,1.0,0.078125,64.0,,
pad,29,softmax,0.05,4,0.5753962061874184,1.0,0.0,9.0,,
pad,29,softmax,0.05,0,0.5753962061874184,1.0,,,0.631578947368421,19.0
pad,29,softmax,0.1,1,0.0,1.0,0.037037037037037035,27.0,,
pad,29,softmax,0.1,2,0.0,1.0,0.07333333333333333,150.0,,
pad,29,softmax,0.1,3,0.0,1.0,0.078125,64.0,,
pad,29,softmax,0.1,4,0.0,1.0,0.0,9.0,,
pad,29,softmax,0.1,0,0.0,1.0,,,0.6842105263157895,19.0
pad,29,softmax,0.15,1,0.0,1.0,0.037037037037037035,27.0,,
pad,29,softmax,0.15,2,0.0,1.0,0.07333333333333333,150.0,,
pad,29,softmax,0.15,3,0.0,1.0,0.078125,64.0,,
pad,29,softmax,0.15,4,0.0,1.0,0.0,9.0,,
pad,29,softmax,0.15,0,0.0,1.0,,,0.6842105263157895,19.0
pad,29,temp,0.05,1,0.3637644602226605,3.869987522945871,0.037037037037037035,27.0,,
pad,29,temp,0.05,2,0.3637644602226605,3.869987522945871,0.05333333333333334,150.0,,
pad,29,temp,0.05,3,0.3637644602226605,3.869987522945871,0.078125,64.0,,
pad,29,temp,0.05,4,0.3637644602226605,3.869987522945871,0.0,9.0,,
pad,29,temp,0.05,0,0.3637644602226605,3.869987522945871,,,0.6842105263157895,19.0
pad,29,temp,0.1,1,0.0,3.869987522945871,0.037037037037037035,27.0,,
pad,29,temp,0.1,2,0.0,3.869987522945871,0.07333333333333333,150.0,,
pad,29,temp,0.1,3,0.0,3.869987522945871,0.078125,64.0,,
pad,29,temp,0.1,4,0.0,3.869987522945871,0.0,9.0,,
pad,29,temp,0.1,0,0.0,3.869987522945871,,,0.6842105263157895,19.0
pad,29,temp,0.15,1,0.0,3.869987522945871,0.037037037037037035,27.0,,
pad,29,temp,0.15,2,0.0,3.869987522945871,0.07333333333333333,150.0,,
pad,29,temp,0.15,3,0.0,3.869987522945871,0.078125,64.0,,
pad,29,temp,0.15,4,0.0,3.869987522945871,0.0,9.0,,
pad,29,temp,0.15,0,0.0,3.869987522945871,,,0.6842105263157895,19.0
hiba,30,softmax,0.05,1,0.9826021392114931,1.0,0.0,21.0,,
hiba,30,softmax,0.05,2,0.9826021392114931,1.0,0.05128205128205128,117.0,,
hiba,30,softmax,0.05,3,0.9826021392114931,1.0,0.0,18.0,,
hiba,30,softmax,0.05,0,0.9826021392114931,1.0,,,0.32661290322580644,248.0
hiba,30,softmax,0.1,1,0.909944204437171,1.0,0.09523809523809523,21.0,,
hiba,30,softmax,0.1,2,0.909944204437171,1.0,0.1282051282051282,117.0,,
hiba,30,softmax,0.1,3,0.909944204437171,1.0,0.0,18.0,,
hiba,30,softmax,0.1,0,0.909944204437171,1.0,,,0.625,248.0
hiba,30,softmax,0.15,1,0.7369854405958863,1.0,0.14285714285714285,21.0,,
hiba,30,softmax,0.15,2,0.7369854405958863,1.0,0.1623931623931624,117.0,,
hiba,30,softmax,0.15,3,0.7369854405958863,1.0,0.05555555555555555,18.0,,
hiba,30,softmax,0.15,0,0.7369854405958863,1.0,,,0.8225806451612904,248.0
hiba,30,temp,0.05,1,0.49856629901397553,4.838203776598466,0.0,21.0,,
hiba,30,temp,0.05,2,0.49856629901397553,4.838203776598466,0.03418803418803419,117.0,,
hiba,30,temp,0.05,3,0.49856629901397553,4.838203776598466,0.0,18.0,,
hiba,30,temp,0.05,0,0.49856629901397553,4.838203776598466,,,0.49193548387096775,248.0
hiba,30,temp,0.1,1,0.3767329041037598,4.838203776598466,0.047619047619047616,21.0,,
hiba,30,temp,0.1,2,0.3767329041037598,4.838203776598466,0.1452991452991453,117.0,,
hiba,30,temp,0.1,3,0.3767329041037598,4.838203776598466,0.05555555555555555,18.0,,
hiba,30,temp,0.1,0,0.3767329041037598,4.838203776598466,,,0.782258064516129,248.0
hiba,30,temp,0.15,1,0.33869048498424814,4.838203776598466,0.14285714285714285,21.0,,
hiba,30,temp,0.15,2,0.33869048498424814,4.838203776598466,0.15384615384615385,117.0,,
hiba,30,temp,0.15,3,0.33869048498424814,4.838203776598466,0.05555555555555555,18.0,,
hiba,30,temp,0.15,0,0.33869048498424814,4.838203776598466,,,0.842741935483871,248.0
pad,30,softmax,0.05,1,0.6882093147471173,1.0,0.02857142857142857,35.0,,
pad,30,softmax,0.05,2,0.6882093147471173,1.0,0.05,160.0,,
pad,30,softmax,0.05,3,0.6882093147471173,1.0,0.0,68.0,,
pad,30,softmax,0.05,4,0.6882093147471173,1.0,0.16666666666666666,6.0,,
pad,30,softmax,0.05,5,0.6882093147471173,1.0,0.0,1.0,,
pad,30,softmax,0.05,0,0.6882093147471173,1.0,,,0.4,10.0
pad,30,softmax,0.1,1,0.0,1.0,0.02857142857142857,35.0,,
pad,30,softmax,0.1,2,0.0,1.0,0.06875,160.0,,
pad,30,softmax,0.1,3,0.0,1.0,0.014705882352941176,68.0,,
pad,30,softmax,0.1,4,0.0,1.0,0.16666666666666666,6.0,,
pad,30,softmax,0.1,5,0.0,1.0,0.0,1.0,,
pad,30,softmax,0.1,0,0.0,1.0,,,0.4,10.0
pad,30,softmax,0.15,1,0.0,1.0,0.02857142857142857,35.0,,
pad,30,softmax,0.15,2,0.0,1.0,0.06875,160.0,,
pad,30,softmax,0.15,3,0.0,1.0,0.014705882352941176,68.0,,
pad,30,softmax,0.15,4,0.0,1.0,0.16666666666666666,6.0,,
pad,30,softmax,0.15,5,0.0,1.0,0.0,1.0,,
pad,30,softmax,0.15,0,0.0,1.0,,,0.4,10.0
pad,30,temp,0.05,1,0.39471377059216456,3.9059114634062873,0.02857142857142857,35.0,,
pad,30,temp,0.05,2,0.39471377059216456,3.9059114634062873,0.05,160.0,,
pad,30,temp,0.05,3,0.39471377059216456,3.9059114634062873,0.0,68.0,,
pad,30,temp,0.05,4,0.39471377059216456,3.9059114634062873,0.16666666666666666,6.0,,
pad,30,temp,0.05,5,0.39471377059216456,3.9059114634062873,0.0,1.0,,
pad,30,temp,0.05,0,0.39471377059216456,3.9059114634062873,,,0.4,10.0
pad,30,temp,0.1,1,0.0,3.9059114634062873,0.02857142857142857,35.0,,
pad,30,temp,0.1,2,0.0,3.9059114634062873,0.06875,160.0,,
pad,30,temp,0.1,3,0.0,3.9059114634062873,0.014705882352941176,68.0,,
pad,30,temp,0.1,4,0.0,3.9059114634062873,0.16666666666666666,6.0,,
pad,30,temp,0.1,5,0.0,3.9059114634062873,0.0,1.0,,
pad,30,temp,0.1,0,0.0,3.9059114634062873,,,0.4,10.0
pad,30,temp,0.15,1,0.0,3.9059114634062873,0.02857142857142857,35.0,,
pad,30,temp,0.15,2,0.0,3.9059114634062873,0.06875,160.0,,
pad,30,temp,0.15,3,0.0,3.9059114634062873,0.014705882352941176,68.0,,
pad,30,temp,0.15,4,0.0,3.9059114634062873,0.16666666666666666,6.0,,
pad,30,temp,0.15,5,0.0,3.9059114634062873,0.0,1.0,,
pad,30,temp,0.15,0,0.0,3.9059114634062873,,,0.4,10.0
hiba,31,softmax,0.05,1,0.9846141675845362,1.0,0.0,12.0,,
hiba,31,softmax,0.05,2,0.9846141675845362,1.0,0.03125,128.0,,
hiba,31,softmax,0.05,3,0.9846141675845362,1.0,0.0,15.0,,
hiba,31,softmax,0.05,0,0.9846141675845362,1.0,,,0.29493087557603687,217.0
hiba,31,softmax,0.1,1,0.9429983628334453,1.0,0.0,12.0,,
hiba,31,softmax,0.1,2,0.9429983628334453,1.0,0.078125,128.0,,
hiba,31,softmax,0.1,3,0.9429983628334453,1.0,0.13333333333333333,15.0,,
hiba,31,softmax,0.1,0,0.9429983628334453,1.0,,,0.45622119815668205,217.0
hiba,31,softmax,0.15,1,0.7756530674599961,1.0,0.08333333333333333,12.0,,
hiba,31,softmax,0.15,2,0.7756530674599961,1.0,0.1328125,128.0,,
hiba,31,softmax,0.15,3,0.7756530674599961,1.0,0.2,15.0,,
hiba,31,softmax,0.15,0,0.7756530674599961,1.0,,,0.6682027649769585,217.0
hiba,31,temp,0.05,1,0.4945739790508175,5.006950163291704,0.0,12.0,,
hiba,31,temp,0.05,2,0.4945739790508175,5.006950163291704,0.03125,128.0,,
hiba,31,temp,0.05,3,0.4945739790508175,5.006950163291704,0.0,15.0,,
hiba,31,temp,0.05,0,0.4945739790508175,5.006950163291704,,,0.4055299539170507,217.0
hiba,31,temp,0.1,1,0.3959034982304256,5.006950163291704,0.08333333333333333,12.0,,
hiba,31,temp,0.1,2,0.3959034982304256,5.006950163291704,0.0703125,128.0,,
hiba,31,temp,0.1,3,0.3959034982304256,5.006950163291704,0.2,15.0,,
hiba,31,temp,0.1,0,0.3959034982304256,5.006950163291704,,,0.6359447004608295,217.0
hiba,31,temp,0.15,1,0.34230963401040804,5.006950163291704,0.08333333333333333,12.0,,
hiba,31,temp,0.15,2,0.34230963401040804,5.006950163291704,0.1171875,128.0,,
hiba,31,temp,0.15,3,0.34230963401040804,5.006950163291704,0.26666666666666666,15.0,,
hiba,31,temp,0.15,0,0.34230963401040804,5.006950163291704,,,0.7511520737327189,217.0
pad,31,softmax,0.05,1,0.0,1.0,0.0,29.0,,
pad,31,softmax,0.05,2,0.0,1.0,0.05128205128205128,156.0,,
pad,31,softmax,0.05,3,0.0,1.0,0.10810810810810811,74.0,,
pad,31,softmax,0.05,4,0.0,1.0,0.15384615384615385,13.0,,
pad,31,softmax,0.05,5,0.0,1.0,0.0,2.0,,
pad,31,softmax,0.05,0,0.0,1.0,,,0.75,20.0
pad,31,softmax,0.1,1,0.0,1.0,0.0,29.0,,
pad,31,softmax,0.1,2,0.0,1.0,0.05128205128205128,156.0,,
pad,31,softmax,0.1,3,0.0,1.0,0.10810810810810811,74.0,,
pad,31,softmax,0.1,4,0.0,1.0,0.15384615384615385,13.0,,
pad,31,softmax,0.1,5,0.0,1.0,0.0,2.0,,
pad,31,softmax,0.1,0,0.0,1.0,,,0.75,20.0
pad,31,softmax,0.15,1,0.0,1.0,0.0,29.0,,
pad,31,softmax,0.15,2,0.0,1.0,0.05128205128205128,156.0,,
pad,31,softmax,0.15,3,0.0,1.0,0.10810810810810811,74.0,,
pad,31,softmax,0.15,4,0.0,1.0,0.15384615384615385,13.0,,
pad,31,softmax,0.15,5,0.0,1.0,0.0,2.0,,
pad,31,softmax,0.15,0,0.0,1.0,,,0.75,20.0
pad,31,temp,0.05,1,0.0,3.5713788618490816,0.0,29.0,,
pad,31,temp,0.05,2,0.0,3.5713788618490816,0.05128205128205128,156.0,,
pad,31,temp,0.05,3,0.0,3.5713788618490816,0.10810810810810811,74.0,,
pad,31,temp,0.05,4,0.0,3.5713788618490816,0.15384615384615385,13.0,,
pad,31,temp,0.05,5,0.0,3.5713788618490816,0.0,2.0,,
pad,31,temp,0.05,0,0.0,3.5713788618490816,,,0.75,20.0
pad,31,temp,0.1,1,0.0,3.5713788618490816,0.0,29.0,,
pad,31,temp,0.1,2,0.0,3.5713788618490816,0.05128205128205128,156.0,,
pad,31,temp,0.1,3,0.0,3.5713788618490816,0.10810810810810811,74.0,,
pad,31,temp,0.1,4,0.0,3.5713788618490816,0.15384615384615385,13.0,,
pad,31,temp,0.1,5,0.0,3.5713788618490816,0.0,2.0,,
pad,31,temp,0.1,0,0.0,3.5713788618490816,,,0.75,20.0
pad,31,temp,0.15,1,0.0,3.5713788618490816,0.0,29.0,,
pad,31,temp,0.15,2,0.0,3.5713788618490816,0.05128205128205128,156.0,,
pad,31,temp,0.15,3,0.0,3.5713788618490816,0.10810810810810811,74.0,,
pad,31,temp,0.15,4,0.0,3.5713788618490816,0.15384615384615385,13.0,,
pad,31,temp,0.15,5,0.0,3.5713788618490816,0.0,2.0,,
pad,31,temp,0.15,0,0.0,3.5713788618490816,,,0.75,20.0
hiba,32,softmax,0.05,1,0.9778988591973208,1.0,0.0,5.0,,
hiba,32,softmax,0.05,2,0.9778988591973208,1.0,0.04032258064516129,124.0,,
hiba,32,softmax,0.05,3,0.9778988591973208,1.0,0.06666666666666667,15.0,,
hiba,32,softmax,0.05,0,0.9778988591973208,1.0,,,0.22839506172839505,162.0
hiba,32,softmax,0.1,1,0.9323286277237445,1.0,0.0,5.0,,
hiba,32,softmax,0.1,2,0.9323286277237445,1.0,0.06451612903225806,124.0,,
hiba,32,softmax,0.1,3,0.9323286277237445,1.0,0.06666666666666667,15.0,,
hiba,32,softmax,0.1,0,0.9323286277237445,1.0,,,0.32098765432098764,162.0
hiba,32,softmax,0.15,1,0.769672125566529,1.0,0.0,5.0,,
hiba,32,softmax,0.15,2,0.769672125566529,1.0,0.10483870967741936,124.0,,
hiba,32,softmax,0.15,3,0.769672125566529,1.0,0.13333333333333333,15.0,,
hiba,32,softmax,0.15,0,0.769672125566529,1.0,,,0.5925925925925926,162.0
hiba,32,temp,0.05,1,0.5041765866936353,4.8108485450609,0.0,5.0,,
hiba,32,temp,0.05,2,0.5041765866936353,4.8108485450609,0.016129032258064516,124.0,,
hiba,32,temp,0.05,3,0.5041765866936353,4.8108485450609,0.0,15.0,,
hiba,32,temp,0.05,0,0.5041765866936353,4.8108485450609,,,0.2777777777777778,162.0
hiba,32,temp,0.1,1,0.38372748259921013,4.8108485450609,0.0,5.0,,
hiba,32,temp,0.1,2,0.38372748259921013,4.8108485450609,0.06451612903225806,124.0,,
hiba,32,temp,0.1,3,0.38372748259921013,4.8108485450609,0.13333333333333333,15.0,,
hiba,32,temp,0.1,0,0.38372748259921013,4.8108485450609,,,0.5432098765432098,162.0
hiba,32,temp,0.15,1,0.3390767652463009,4.8108485450609,0.0,5.0,,
hiba,32,temp,0.15,2,0.3390767652463009,4.8108485450609,0.0967741935483871,124.0,,
hiba,32,temp,0.15,3,0.3390767652463009,4.8108485450609,0.2,15.0,,
hiba,32,temp,0.15,0,0.3390767652463009,4.8108485450609,,,0.691358024691358,162.0
pad,32,softmax,0.05,1,0.3895924011467718,1.0,0.0,33.0,,
pad,32,softmax,0.05,2,0.3895924011467718,1.0,0.062111801242236024,161.0,,
pad,32,softmax,0.05,3,0.3895924011467718,1.0,0.04597701149425287,87.0,,
pad,32,softmax,0.05,4,0.3895924011467718,1.0,0.08333333333333333,12.0,,
pad,32,softmax,0.05,5,0.3895924011467718,1.0,0.0,1.0,,
pad,32,softmax,0.05,0,0.3895924011467718,1.0,,,0.7894736842105263,19.0
pad,32,softmax,0.1,1,0.0,1.0,0.0,33.0,,
pad,32,softmax,0.1,2,0.0,1.0,0.062111801242236024,161.0,,
pad,32,softmax,0.1,3,0.0,1.0,0.04597701149425287,87.0,,
pad,32,softmax,0.1,4,0.0,1.0,0.08333333333333333,12.0,,
pad,32,softmax,0.1,5,0.0,1.0,0.0,1.0,,
pad,32,softmax,0.1,0,0.0,1.0,,,0.7894736842105263,19.0
pad,32,softmax,0.15,1,0.0,1.0,0.0,33.0,,
pad,32,softmax,0.15,2,0.0,1.0,0.062111801242236024,161.0,,
pad,32,softmax,0.15,3,0.0,1.0,0.04597701149425287,87.0,,
pad,32,softmax,0.15,4,0.0,1.0,0.08333333333333333,12.0,,
pad,32,softmax,0.15,5,0.0,1.0,0.0,1.0,,
pad,32,softmax,0.15,0,0.0,1.0,,,0.7894736842105263,19.0
pad,32,temp,0.05,1,0.2519361791827537,4.296469530555904,0.0,33.0,,
pad,32,temp,0.05,2,0.2519361791827537,4.296469530555904,0.062111801242236024,161.0,,
pad,32,temp,0.05,3,0.2519361791827537,4.296469530555904,0.04597701149425287,87.0,,
pad,32,temp,0.05,4,0.2519361791827537,4.296469530555904,0.08333333333333333,12.0,,
pad,32,temp,0.05,5,0.2519361791827537,4.296469530555904,0.0,1.0,,
pad,32,temp,0.05,0,0.2519361791827537,4.296469530555904,,,0.7894736842105263,19.0
pad,32,temp,0.1,1,0.0,4.296469530555904,0.0,33.0,,
pad,32,temp,0.1,2,0.0,4.296469530555904,0.062111801242236024,161.0,,
pad,32,temp,0.1,3,0.0,4.296469530555904,0.04597701149425287,87.0,,
pad,32,temp,0.1,4,0.0,4.296469530555904,0.08333333333333333,12.0,,
pad,32,temp,0.1,5,0.0,4.296469530555904,0.0,1.0,,
pad,32,temp,0.1,0,0.0,4.296469530555904,,,0.7894736842105263,19.0
pad,32,temp,0.15,1,0.0,4.296469530555904,0.0,33.0,,
pad,32,temp,0.15,2,0.0,4.296469530555904,0.062111801242236024,161.0,,
pad,32,temp,0.15,3,0.0,4.296469530555904,0.04597701149425287,87.0,,
pad,32,temp,0.15,4,0.0,4.296469530555904,0.08333333333333333,12.0,,
pad,32,temp,0.15,5,0.0,4.296469530555904,0.0,1.0,,
pad,32,temp,0.15,0,0.0,4.296469530555904,,,0.7894736842105263,19.0
hiba,33,softmax,0.05,1,0.9831342113229207,1.0,0.0,29.0,,
hiba,33,softmax,0.05,2,0.9831342113229207,1.0,0.04504504504504504,111.0,,
hiba,33,softmax,0.05,3,0.9831342113229207,1.0,0.0,6.0,,
hiba,33,softmax,0.05,0,0.9831342113229207,1.0,,,0.25609756097560976,246.0
hiba,33,softmax,0.1,1,0.9125744603552982,1.0,0.034482758620689655,29.0,,
hiba,33,softmax,0.1,2,0.9125744603552982,1.0,0.09009009009009009,111.0,,
hiba,33,softmax,0.1,3,0.9125744603552982,1.0,0.16666666666666666,6.0,,
hiba,33,softmax,0.1,0,0.9125744603552982,1.0,,,0.524390243902439,246.0
hiba,33,softmax,0.15,1,0.7158810020486885,1.0,0.06896551724137931,29.0,,
hiba,33,softmax,0.15,2,0.7158810020486885,1.0,0.13513513513513514,111.0,,
hiba,33,softmax,0.15,3,0.7158810020486885,1.0,0.3333333333333333,6.0,,
hiba,33,softmax,0.15,0,0.7158810020486885,1.0,,,0.7642276422764228,246.0
hiba,33,temp,0.05,1,0.5099539334177948,4.645108567756347,0.034482758620689655,29.0,,
hiba,33,temp,0.05,2,0.5099539334177948,4.645108567756347,0.04504504504504504,111.0,,
hiba,33,temp,0.05,3,0.5099539334177948,4.645108567756347,0.0,6.0,,
hiba,33,temp,0.05,0,0.5099539334177948,4.645108567756347,,,0.4024390243902439,246.0
hiba,33,temp,0.1,1,0.384773270700169,4.645108567756347,0.034482758620689655,29.0,,
hiba,33,temp,0.1,2,0.384773270700169,4.645108567756347,0.10810810810810811,111.0,,
hiba,33,temp,0.1,3,0.384773270700169,4.645108567756347,0.16666666666666666,6.0,,
hiba,33,temp,0.1,0,0.384773270700169,4.645108567756347,,,0.7357723577235772,246.0
hiba,33,temp,0.15,1,0.3403196924145625,4.645108567756347,0.10344827586206896,29.0,,
hiba,33,temp,0.15,2,0.3403196924145625,4.645108567756347,0.14414414414414414,111.0,,
hiba,33,temp,0.15,3,0.3403196924145625,4.645108567756347,0.3333333333333333,6.0,,
hiba,33,temp,0.15,0,0.3403196924145625,4.645108567756347,,,0.8211382113821138,246.0
pad,33,softmax,0.05,1,0.5812899819385543,1.0,0.045454545454545456,22.0,,
pad,33,softmax,0.05,2,0.5812899819385543,1.0,0.023529411764705882,170.0,,
pad,33,softmax,0.05,3,0.5812899819385543,1.0,0.06896551724137931,58.0,,
pad,33,softmax,0.05,4,0.5812899819385543,1.0,0.125,8.0,,
pad,33,softmax,0.05,5,0.5812899819385543,1.0,0.0,3.0,,
pad,33,softmax,0.05,0,0.5812899819385543,1.0,,,0.6666666666666666,21.0
pad,33,softmax,0.1,1,0.0,1.0,0.045454545454545456,22.0,,
pad,33,softmax,0.1,2,0.0,1.0,0.03529411764705882,170.0,,
pad,33,softmax,0.1,3,0.0,1.0,0.08620689655172414,58.0,,
pad,33,softmax,0.1,4,0.0,1.0,0.125,8.0,,
pad,33,softmax,0.1,5,0.0,1.0,0.0,3.0,,
pad,33,softmax,0.1,0,0.0,1.0,,,0.6666666666666666,21.0
pad,33,softmax,0.15,1,0.0,1.0,0.045454545454545456,22.0,,
pad,33,softmax,0.15,2,0.0,1.0,0.03529411764705882,170.0,,
pad,33,softmax,0.15,3,0.0,1.0,0.08620689655172414,58.0,,
pad,33,softmax,0.15,4,0.0,1.0,0.125,8.0,,
pad,33,softmax,0.15,5,0.0,1.0,0.0,3.0,,
pad,33,softmax,0.15,0,0.0,1.0,,,0.6666666666666666,21.0
pad,33,temp,0.05,1,0.36807399035695854,3.989113753497223,0.045454545454545456,22.0,,
pad,33,temp,0.05,2,0.36807399035695854,3.989113753497223,0.01764705882352941,170.0,,
pad,33,temp,0.05,3,0.36807399035695854,3.989113753497223,0.06896551724137931,58.0,,
pad,33,temp,0.05,4,0.36807399035695854,3.989113753497223,0.125,8.0,,
pad,33,temp,0.05,5,0.36807399035695854,3.989113753497223,0.0,3.0,,
pad,33,temp,0.05,0,0.36807399035695854,3.989113753497223,,,0.6666666666666666,21.0
pad,33,temp,0.1,1,0.0,3.989113753497223,0.045454545454545456,22.0,,
pad,33,temp,0.1,2,0.0,3.989113753497223,0.03529411764705882,170.0,,
pad,33,temp,0.1,3,0.0,3.989113753497223,0.08620689655172414,58.0,,
pad,33,temp,0.1,4,0.0,3.989113753497223,0.125,8.0,,
pad,33,temp,0.1,5,0.0,3.989113753497223,0.0,3.0,,
pad,33,temp,0.1,0,0.0,3.989113753497223,,,0.6666666666666666,21.0
pad,33,temp,0.15,1,0.0,3.989113753497223,0.045454545454545456,22.0,,
pad,33,temp,0.15,2,0.0,3.989113753497223,0.03529411764705882,170.0,,
pad,33,temp,0.15,3,0.0,3.989113753497223,0.08620689655172414,58.0,,
pad,33,temp,0.15,4,0.0,3.989113753497223,0.125,8.0,,
pad,33,temp,0.15,5,0.0,3.989113753497223,0.0,3.0,,
pad,33,temp,0.15,0,0.0,3.989113753497223,,,0.6666666666666666,21.0
hiba,34,softmax,0.05,1,0.9779506018179991,1.0,0.05555555555555555,18.0,,
hiba,34,softmax,0.05,2,0.9779506018179991,1.0,0.06504065040650407,123.0,,
hiba,34,softmax,0.05,3,0.9779506018179991,1.0,0.125,8.0,,
hiba,34,softmax,0.05,0,0.9779506018179991,1.0,,,0.2826086956521739,138.0
hiba,34,softmax,0.1,1,0.9139303164485552,1.0,0.16666666666666666,18.0,,
hiba,34,softmax,0.1,2,0.9139303164485552,1.0,0.10569105691056911,123.0,,
hiba,34,softmax,0.1,3,0.9139303164485552,1.0,0.125,8.0,,
hiba,34,softmax,0.1,0,0.9139303164485552,1.0,,,0.463768115942029,138.0
hiba,34,softmax,0.15,1,0.7689083075733797,1.0,0.2222222222222222,18.0,,
hiba,34,softmax,0.15,2,0.7689083075733797,1.0,0.13008130081300814,123.0,,
hiba,34,softmax,0.15,3,0.7689083075733797,1.0,0.125,8.0,,
hiba,34,softmax,0.15,0,0.7689083075733797,1.0,,,0.6956521739130435,138.0
hiba,34,temp,0.05,1,0.4895563326474122,4.848551615736958,0.05555555555555555,18.0,,
hiba,34,temp,0.05,2,0.4895563326474122,4.848551615736958,0.06504065040650407,123.0,,
hiba,34,temp,0.05,3,0.4895563326474122,4.848551615736958,0.0,8.0,,
hiba,34,temp,0.05,0,0.4895563326474122,4.848551615736958,,,0.4057971014492754,138.0
hiba,34,temp,0.1,1,0.38237194154158705,4.848551615736958,0.1111111111111111,18.0,,
hiba,34,temp,0.1,2,0.38237194154158705,4.848551615736958,0.11382113821138211,123.0,,
hiba,34,temp,0.1,3,0.38237194154158705,4.848551615736958,0.125,8.0,,
hiba,34,temp,0.1,0,0.38237194154158705,4.848551615736958,,,0.6956521739130435,138.0
hiba,34,temp,0.15,1,0.33170202472801513,4.848551615736958,0.16666666666666666,18.0,,
hiba,34,temp,0.15,2,0.33170202472801513,4.848551615736958,0.17073170731707318,123.0,,
hiba,34,temp,0.15,3,0.33170202472801513,4.848551615736958,0.125,8.0,,
hiba,34,temp,0.15,0,0.33170202472801513,4.848551615736958,,,0.7971014492753623,138.0
pad,34,softmax,0.05,1,0.0,1.0,0.0,27.0,,
pad,34,softmax,0.05,2,0.0,1.0,0.05027932960893855,179.0,,
pad,34,softmax,0.05,3,0.0,1.0,0.0958904109589041,73.0,,
pad,34,softmax,0.05,4,0.0,1.0,0.1111111111111111,9.0,,
pad,34,softmax,0.05,5,0.0,1.0,0.0,3.0,,
pad,34,softmax,0.05,0,0.0,1.0,,,0.7647058823529411,17.0
pad,34,softmax,0.1,1,0.0,1.0,0.0,27.0,,
pad,34,softmax,0.1,2,0.0,1.0,0.05027932960893855,179.0,,
pad,34,softmax,0.1,3,0.0,1.0,0.0958904109589041,73.0,,
pad,34,softmax,0.1,4,0.0,1.0,0.1111111111111111,9.0,,
pad,34,softmax,0.1,5,0.0,1.0,0.0,3.0,,
pad,34,softmax,0.1,0,0.0,1.0,,,0.7647058823529411,17.0
pad,34,softmax,0.15,1,0.0,1.0,0.0,27.0,,
pad,34,softmax,0.15,2,0.0,1.0,0.05027932960893855,179.0,,
pad,34,softmax,0.15,3,0.0,1.0,0.0958904109589041,73.0,,
pad,34,softmax,0.15,4,0.0,1.0,0.1111111111111111,9.0,,
pad,34,softmax,0.15,5,0.0,1.0,0.0,3.0,,
pad,34,softmax,0.15,0,0.0,1.0,,,0.7647058823529411,17.0
pad,34,temp,0.05,1,0.0,4.187224097215705,0.0,27.0,,
pad,34,temp,0.05,2,0.0,4.187224097215705,0.05027932960893855,179.0,,
pad,34,temp,0.05,3,0.0,4.187224097215705,0.0958904109589041,73.0,,
pad,34,temp,0.05,4,0.0,4.187224097215705,0.1111111111111111,9.0,,
pad,34,temp,0.05,5,0.0,4.187224097215705,0.0,3.0,,
pad,34,temp,0.05,0,0.0,4.187224097215705,,,0.7647058823529411,17.0
pad,34,temp,0.1,1,0.0,4.187224097215705,0.0,27.0,,
pad,34,temp,0.1,2,0.0,4.187224097215705,0.05027932960893855,179.0,,
pad,34,temp,0.1,3,0.0,4.187224097215705,0.0958904109589041,73.0,,
pad,34,temp,0.1,4,0.0,4.187224097215705,0.1111111111111111,9.0,,
pad,34,temp,0.1,5,0.0,4.187224097215705,0.0,3.0,,
pad,34,temp,0.1,0,0.0,4.187224097215705,,,0.7647058823529411,17.0
pad,34,temp,0.15,1,0.0,4.187224097215705,0.0,27.0,,
pad,34,temp,0.15,2,0.0,4.187224097215705,0.05027932960893855,179.0,,
pad,34,temp,0.15,3,0.0,4.187224097215705,0.0958904109589041,73.0,,
pad,34,temp,0.15,4,0.0,4.187224097215705,0.1111111111111111,9.0,,
pad,34,temp,0.15,5,0.0,4.187224097215705,0.0,3.0,,
pad,34,temp,0.15,0,0.0,4.187224097215705,,,0.7647058823529411,17.0
hiba,35,softmax,0.05,1,0.9653269650172296,1.0,0.0,17.0,,
hiba,35,softmax,0.05,2,0.9653269650172296,1.0,0.10526315789473684,114.0,,
hiba,35,softmax,0.05,3,0.9653269650172296,1.0,0.05,20.0,,
hiba,35,softmax,0.05,0,0.9653269650172296,1.0,,,0.3688888888888889,225.0
hiba,35,softmax,0.1,1,0.808706623422186,1.0,0.11764705882352941,17.0,,
hiba,35,softmax,0.1,2,0.808706623422186,1.0,0.17543859649122806,114.0,,
hiba,35,softmax,0.1,3,0.808706623422186,1.0,0.1,20.0,,
hiba,35,softmax,0.1,0,0.808706623422186,1.0,,,0.6755555555555556,225.0
hiba,35,softmax,0.15,1,0.7159479680294847,1.0,0.11764705882352941,17.0,,
hiba,35,softmax,0.15,2,0.7159479680294847,1.0,0.18421052631578946,114.0,,
hiba,35,softmax,0.15,3,0.7159479680294847,1.0,0.15,20.0,,
hiba,35,softmax,0.15,0,0.7159479680294847,1.0,,,0.7733333333333333,225.0
hiba,35,temp,0.05,1,0.4744765772185296,4.544188666303766,0.0,17.0,,
hiba,35,temp,0.05,2,0.4744765772185296,4.544188666303766,0.10526315789473684,114.0,,
hiba,35,temp,0.05,3,0.4744765772185296,4.544188666303766,0.05,20.0,,
hiba,35,temp,0.05,0,0.4744765772185296,4.544188666303766,,,0.5111111111111111,225.0
hiba,35,temp,0.1,1,0.38145514975252653,4.544188666303766,0.11764705882352941,17.0,,
hiba,35,temp,0.1,2,0.38145514975252653,4.544188666303766,0.14912280701754385,114.0,,
hiba,35,temp,0.1,3,0.38145514975252653,4.544188666303766,0.1,20.0,,
hiba,35,temp,0.1,0,0.38145514975252653,4.544188666303766,,,0.7244444444444444,225.0
hiba,35,temp,0.15,1,0.33235702931116884,4.544188666303766,0.11764705882352941,17.0,,
hiba,35,temp,0.15,2,0.33235702931116884,4.544188666303766,0.21052631578947367,114.0,,
hiba,35,temp,0.15,3,0.33235702931116884,4.544188666303766,0.2,20.0,,
hiba,35,temp,0.15,0,0.33235702931116884,4.544188666303766,,,0.8488888888888889,225.0
pad,35,softmax,0.05,1,0.0,1.0,0.038461538461538464,26.0,,
pad,35,softmax,0.05,2,0.0,1.0,0.08053691275167785,149.0,,
pad,35,softmax,0.05,3,0.0,1.0,0.06557377049180328,61.0,,
pad,35,softmax,0.05,4,0.0,1.0,0.25,8.0,,
pad,35,softmax,0.05,5,0.0,1.0,0.0,1.0,,
pad,35,softmax,0.05,0,0.0,1.0,,,0.75,20.0
pad,35,softmax,0.1,1,0.0,1.0,0.038461538461538464,26.0,,
pad,35,softmax,0.1,2,0.0,1.0,0.08053691275167785,149.0,,
pad,35,softmax,0.1,3,0.0,1.0,0.06557377049180328,61.0,,
pad,35,softmax,0.1,4,0.0,1.0,0.25,8.0,,
pad,35,softmax,0.1,5,0.0,1.0,0.0,1.0,,
pad,35,softmax,0.1,0,0.0,1.0,,,0.75,20.0
pad,35,softmax,0.15,1,0.0,1.0,0.038461538461538464,26.0,,
pad,35,softmax,0.15,2,0.0,1.0,0.08053691275167785,149.0,,
pad,35,softmax,0.15,3,0.0,1.0,0.06557377049180328,61.0,,
pad,35,softmax,0.15,4,0.0,1.0,0.25,8.0,,
pad,35,softmax,0.15,5,0.0,1.0,0.0,1.0,,
pad,35,softmax,0.15,0,0.0,1.0,,,0.75,20.0
pad,35,temp,0.05,1,0.0,3.8054564673394102,0.038461538461538464,26.0,,
pad,35,temp,0.05,2,0.0,3.8054564673394102,0.08053691275167785,149.0,,
pad,35,temp,0.05,3,0.0,3.8054564673394102,0.06557377049180328,61.0,,
pad,35,temp,0.05,4,0.0,3.8054564673394102,0.25,8.0,,
pad,35,temp,0.05,5,0.0,3.8054564673394102,0.0,1.0,,
pad,35,temp,0.05,0,0.0,3.8054564673394102,,,0.75,20.0
pad,35,temp,0.1,1,0.0,3.8054564673394102,0.038461538461538464,26.0,,
pad,35,temp,0.1,2,0.0,3.8054564673394102,0.08053691275167785,149.0,,
pad,35,temp,0.1,3,0.0,3.8054564673394102,0.06557377049180328,61.0,,
pad,35,temp,0.1,4,0.0,3.8054564673394102,0.25,8.0,,
pad,35,temp,0.1,5,0.0,3.8054564673394102,0.0,1.0,,
pad,35,temp,0.1,0,0.0,3.8054564673394102,,,0.75,20.0
pad,35,temp,0.15,1,0.0,3.8054564673394102,0.038461538461538464,26.0,,
pad,35,temp,0.15,2,0.0,3.8054564673394102,0.08053691275167785,149.0,,
pad,35,temp,0.15,3,0.0,3.8054564673394102,0.06557377049180328,61.0,,
pad,35,temp,0.15,4,0.0,3.8054564673394102,0.25,8.0,,
pad,35,temp,0.15,5,0.0,3.8054564673394102,0.0,1.0,,
pad,35,temp,0.15,0,0.0,3.8054564673394102,,,0.75,20.0
hiba,36,softmax,0.05,1,0.9856962245681058,1.0,0.0,10.0,,
hiba,36,softmax,0.05,2,0.9856962245681058,1.0,0.007462686567164179,134.0,,
hiba,36,softmax,0.05,3,0.9856962245681058,1.0,0.0,16.0,,
hiba,36,softmax,0.05,0,0.9856962245681058,1.0,,,0.3128205128205128,195.0
hiba,36,softmax,0.1,1,0.9435675086962504,1.0,0.1,10.0,,
hiba,36,softmax,0.1,2,0.9435675086962504,1.0,0.05223880597014925,134.0,,
hiba,36,softmax,0.1,3,0.9435675086962504,1.0,0.0625,16.0,,
hiba,36,softmax,0.1,0,0.9435675086962504,1.0,,,0.558974358974359,195.0
hiba,36,softmax,0.15,1,0.7724067205391684,1.0,0.2,10.0,,
hiba,36,softmax,0.15,2,0.7724067205391684,1.0,0.09701492537313433,134.0,,
hiba,36,softmax,0.15,3,0.7724067205391684,1.0,0.125,16.0,,
hiba,36,softmax,0.15,0,0.7724067205391684,1.0,,,0.7743589743589744,195.0
hiba,36,temp,0.05,1,0.4905564986939338,4.956521998146831,0.0,10.0,,
hiba,36,temp,0.05,2,0.4905564986939338,4.956521998146831,0.014925373134328358,134.0,,
hiba,36,temp,0.05,3,0.4905564986939338,4.956521998146831,0.0,16.0,,
hiba,36,temp,0.05,0,0.4905564986939338,4.956521998146831,,,0.4564102564102564,195.0
hiba,36,temp,0.1,1,0.4095491470088114,4.956521998146831,0.0,10.0,,
hiba,36,temp,0.1,2,0.4095491470088114,4.956521998146831,0.03731343283582089,134.0,,
hiba,36,temp,0.1,3,0.4095491470088114,4.956521998146831,0.125,16.0,,
hiba,36,temp,0.1,0,0.4095491470088114,4.956521998146831,,,0.6666666666666666,195.0
hiba,36,temp,0.15,1,0.34312941310974526,4.956521998146831,0.3,10.0,,
hiba,36,temp,0.15,2,0.34312941310974526,4.956521998146831,0.09701492537313433,134.0,,
hiba,36,temp,0.15,3,0.34312941310974526,4.956521998146831,0.1875,16.0,,
hiba,36,temp,0.15,0,0.34312941310974526,4.956521998146831,,,0.8102564102564103,195.0
pad,36,softmax,0.05,1,0.0,1.0,0.030303030303030304,33.0,,
pad,36,softmax,0.05,2,0.0,1.0,0.05263157894736842,133.0,,
pad,36,softmax,0.05,3,0.0,1.0,0.1,70.0,,
pad,36,softmax,0.05,4,0.0,1.0,0.0,4.0,,
pad,36,softmax,0.05,5,0.0,1.0,0.0,2.0,,
pad,36,softmax,0.05,0,0.0,1.0,,,0.8888888888888888,18.0
pad,36,softmax,0.1,1,0.0,1.0,0.030303030303030304,33.0,,
pad,36,softmax,0.1,2,0.0,1.0,0.05263157894736842,133.0,,
pad,36,softmax,0.1,3,0.0,1.0,0.1,70.0,,
pad,36,softmax,0.1,4,0.0,1.0,0.0,4.0,,
pad,36,softmax,0.1,5,0.0,1.0,0.0,2.0,,
pad,36,softmax,0.1,0,0.0,1.0,,,0.8888888888888888,18.0
pad,36,softmax,0.15,1,0.0,1.0,0.030303030303030304,33.0,,
pad,36,softmax,0.15,2,0.0,1.0,0.05263157894736842,133.0,,
pad,36,softmax,0.15,3,0.0,1.0,0.1,70.0,,
pad,36,softmax,0.15,4,0.0,1.0,0.0,4.0,,
pad,36,softmax,0.15,5,0.0,1.0,0.0,2.0,,
pad,36,softmax,0.15,0,0.0,1.0,,,0.8888888888888888,18.0
pad,36,temp,0.05,1,0.0,3.697801461741829,0.030303030303030304,33.0,,
pad,36,temp,0.05,2,0.0,3.697801461741829,0.05263157894736842,133.0,,
pad,36,temp,0.05,3,0.0,3.697801461741829,0.1,70.0,,
pad,36,temp,0.05,4,0.0,3.697801461741829,0.0,4.0,,
pad,36,temp,0.05,5,0.0,3.697801461741829,0.0,2.0,,
pad,36,temp,0.05,0,0.0,3.697801461741829,,,0.8888888888888888,18.0
pad,36,temp,0.1,1,0.0,3.697801461741829,0.030303030303030304,33.0,,
pad,36,temp,0.1,2,0.0,3.697801461741829,0.05263157894736842,133.0,,
pad,36,temp,0.1,3,0.0,3.697801461741829,0.1,70.0,,
pad,36,temp,0.1,4,0.0,3.697801461741829,0.0,4.0,,
pad,36,temp,0.1,5,0.0,3.697801461741829,0.0,2.0,,
pad,36,temp,0.1,0,0.0,3.697801461741829,,,0.8888888888888888,18.0
pad,36,temp,0.15,1,0.0,3.697801461741829,0.030303030303030304,33.0,,
pad,36,temp,0.15,2,0.0,3.697801461741829,0.05263157894736842,133.0,,
pad,36,temp,0.15,3,0.0,3.697801461741829,0.1,70.0,,
pad,36,temp,0.15,4,0.0,3.697801461741829,0.0,4.0,,
pad,36,temp,0.15,5,0.0,3.697801461741829,0.0,2.0,,
pad,36,temp,0.15,0,0.0,3.697801461741829,,,0.8888888888888888,18.0
hiba,37,softmax,0.05,1,0.9844580586678594,1.0,0.0,21.0,,
hiba,37,softmax,0.05,2,0.9844580586678594,1.0,0.03333333333333333,120.0,,
hiba,37,softmax,0.05,3,0.9844580586678594,1.0,0.0,12.0,,
hiba,37,softmax,0.05,0,0.9844580586678594,1.0,,,0.3271604938271605,162.0
hiba,37,softmax,0.1,1,0.9114239067689489,1.0,0.09523809523809523,21.0,,
hiba,37,softmax,0.1,2,0.9114239067689489,1.0,0.06666666666666667,120.0,,
hiba,37,softmax,0.1,3,0.9114239067689489,1.0,0.08333333333333333,12.0,,
hiba,37,softmax,0.1,0,0.9114239067689489,1.0,,,0.5679012345679012,162.0
hiba,37,softmax,0.15,1,0.769672125566529,1.0,0.09523809523809523,21.0,,
hiba,37,softmax,0.15,2,0.769672125566529,1.0,0.10833333333333334,120.0,,
hiba,37,softmax,0.15,3,0.769672125566529,1.0,0.08333333333333333,12.0,,
hiba,37,softmax,0.15,0,0.769672125566529,1.0,,,0.7160493827160493,162.0
hiba,37,temp,0.05,1,0.5187002889693336,4.5585930207309655,0.0,21.0,,
hiba,37,temp,0.05,2,0.5187002889693336,4.5585930207309655,0.025,120.0,,
hiba,37,temp,0.05,3,0.5187002889693336,4.5585930207309655,0.0,12.0,,
hiba,37,temp,0.05,0,0.5187002889693336,4.5585930207309655,,,0.47530864197530864,162.0
hiba,37,temp,0.1,1,0.3829997299368718,4.5585930207309655,0.0,21.0,,
hiba,37,temp,0.1,2,0.3829997299368718,4.5585930207309655,0.08333333333333333,120.0,,
hiba,37,temp,0.1,3,0.3829997299368718,4.5585930207309655,0.16666666666666666,12.0,,
hiba,37,temp,0.1,0,0.3829997299368718,4.5585930207309655,,,0.6666666666666666,162.0
hiba,37,temp,0.15,1,0.3441576219771049,4.5585930207309655,0.14285714285714285,21.0,,
hiba,37,temp,0.15,2,0.3441576219771049,4.5585930207309655,0.125,120.0,,
hiba,37,temp,0.15,3,0.3441576219771049,4.5585930207309655,0.16666666666666666,12.0,,
hiba,37,temp,0.15,0,0.3441576219771049,4.5585930207309655,,,0.7654320987654321,162.0
pad,37,softmax,0.05,1,0.6882093147471173,1.0,0.02702702702702703,37.0,,
pad,37,softmax,0.05,2,0.6882093147471173,1.0,0.0375,160.0,,
pad,37,softmax,0.05,3,0.6882093147471173,1.0,0.04,75.0,,
pad,37,softmax,0.05,4,0.6882093147471173,1.0,0.0,10.0,,
pad,37,softmax,0.05,5,0.6882093147471173,1.0,0.0,5.0,,
pad,37,softmax,0.05,0,0.6882093147471173,1.0,,,0.6,15.0
pad,37,softmax,0.1,1,0.0,1.0,0.02702702702702703,37.0,,
pad,37,softmax,0.1,2,0.0,1.0,0.04375,160.0,,
pad,37,softmax,0.1,3,0.0,1.0,0.04,75.0,,
pad,37,softmax,0.1,4,0.0,1.0,0.0,10.0,,
pad,37,softmax,0.1,5,0.0,1.0,0.0,5.0,,
pad,37,softmax,0.1,0,0.0,1.0,,,0.7333333333333333,15.0
pad,37,softmax,0.15,1,0.0,1.0,0.02702702702702703,37.0,,
pad,37,softmax,0.15,2,0.0,1.0,0.04375,160.0,,
pad,37,softmax,0.15,3,0.0,1.0,0.04,75.0,,
pad,37,softmax,0.15,4,0.0,1.0,0.0,10.0,,
pad,37,softmax,0.15,5,0.0,1.0,0.0,5.0,,
pad,37,softmax,0.15,0,0.0,1.0,,,0.7333333333333333,15.0
pad,37,temp,0.05,1,0.3875819502812456,3.8666795191025836,0.02702702702702703,37.0,,
pad,37,temp,0.05,2,0.3875819502812456,3.8666795191025836,0.04375,160.0,,
pad,37,temp,0.05,3,0.3875819502812456,3.8666795191025836,0.02666666666666667,75.0,,
pad,37,temp,0.05,4,0.3875819502812456,3.8666795191025836,0.0,10.0,,
pad,37,temp,0.05,5,0.3875819502812456,3.8666795191025836,0.0,5.0,,
pad,37,temp,0.05,0,0.3875819502812456,3.8666795191025836,,,0.7333333333333333,15.0
pad,37,temp,0.1,1,0.0,3.8666795191025836,0.02702702702702703,37.0,,
pad,37,temp,0.1,2,0.0,3.8666795191025836,0.04375,160.0,,
pad,37,temp,0.1,3,0.0,3.8666795191025836,0.04,75.0,,
pad,37,temp,0.1,4,0.0,3.8666795191025836,0.0,10.0,,
pad,37,temp,0.1,5,0.0,3.8666795191025836,0.0,5.0,,
pad,37,temp,0.1,0,0.0,3.8666795191025836,,,0.7333333333333333,15.0
pad,37,temp,0.15,1,0.0,3.8666795191025836,0.02702702702702703,37.0,,
pad,37,temp,0.15,2,0.0,3.8666795191025836,0.04375,160.0,,
pad,37,temp,0.15,3,0.0,3.8666795191025836,0.04,75.0,,
pad,37,temp,0.15,4,0.0,3.8666795191025836,0.0,10.0,,
pad,37,temp,0.15,5,0.0,3.8666795191025836,0.0,5.0,,
pad,37,temp,0.15,0,0.0,3.8666795191025836,,,0.7333333333333333,15.0
hiba,38,softmax,0.05,1,0.9830216461227286,1.0,0.030303030303030304,33.0,,
hiba,38,softmax,0.05,2,0.9830216461227286,1.0,0.047619047619047616,126.0,,
hiba,38,softmax,0.05,3,0.9830216461227286,1.0,0.0,10.0,,
hiba,38,softmax,0.05,0,0.9830216461227286,1.0,,,0.3259668508287293,181.0
hiba,38,softmax,0.1,1,0.8878963224814783,1.0,0.12121212121212122,33.0,,
hiba,38,softmax,0.1,2,0.8878963224814783,1.0,0.1111111111111111,126.0,,
hiba,38,softmax,0.1,3,0.8878963224814783,1.0,0.0,10.0,,
hiba,38,softmax,0.1,0,0.8878963224814783,1.0,,,0.5911602209944752,181.0
hiba,38,softmax,0.15,1,0.7698540731249162,1.0,0.12121212121212122,33.0,,
hiba,38,softmax,0.15,2,0.7698540731249162,1.0,0.11904761904761904,126.0,,
hiba,38,softmax,0.15,3,0.7698540731249162,1.0,0.0,10.0,,
hiba,38,softmax,0.15,0,0.7698540731249162,1.0,,,0.7237569060773481,181.0
hiba,38,temp,0.05,1,0.4520948610215462,5.102366125262579,0.030303030303030304,33.0,,
hiba,38,temp,0.05,2,0.4520948610215462,5.102366125262579,0.05555555555555555,126.0,,
hiba,38,temp,0.05,3,0.4520948610215462,5.102366125262579,0.0,10.0,,
hiba,38,temp,0.05,0,0.4520948610215462,5.102366125262579,,,0.5248618784530387,181.0
hiba,38,temp,0.1,1,0.35468227518736467,5.102366125262579,0.06060606060606061,33.0,,
hiba,38,temp,0.1,2,0.35468227518736467,5.102366125262579,0.1349206349206349,126.0,,
hiba,38,temp,0.1,3,0.35468227518736467,5.102366125262579,0.0,10.0,,
hiba,38,temp,0.1,0,0.35468227518736467,5.102366125262579,,,0.7292817679558011,181.0
hiba,38,temp,0.15,1,0.3183195038854433,5.102366125262579,0.15151515151515152,33.0,,
hiba,38,temp,0.15,2,0.3183195038854433,5.102366125262579,0.15873015873015872,126.0,,
hiba,38,temp,0.15,3,0.3183195038854433,5.102366125262579,0.1,10.0,,
hiba,38,temp,0.15,0,0.3183195038854433,5.102366125262579,,,0.7900552486187845,181.0
pad,38,softmax,0.05,1,0.0,1.0,0.03125,32.0,,
pad,38,softmax,0.05,2,0.0,1.0,0.04316546762589928,139.0,,
pad,38,softmax,0.05,3,0.0,1.0,0.0821917808219178,73.0,,
pad,38,softmax,0.05,4,0.0,1.0,0.25,8.0,,
pad,38,softmax,0.05,5,0.0,1.0,0.0,3.0,,
pad,38,softmax,0.05,0,0.0,1.0,,,0.6875,16.0
pad,38,softmax,0.1,1,0.0,1.0,0.03125,32.0,,
pad,38,softmax,0.1,2,0.0,1.0,0.04316546762589928,139.0,,
pad,38,softmax,0.1,3,0.0,1.0,0.0821917808219178,73.0,,
pad,38,softmax,0.1,4,0.0,1.0,0.25,8.0,,
pad,38,softmax,0.1,5,0.0,1.0,0.0,3.0,,
pad,38,softmax,0.1,0,0.0,1.0,,,0.6875,16.0
pad,38,softmax,0.15,1,0.0,1.0,0.03125,32.0,,
pad,38,softmax,0.15,2,0.0,1.0,0.04316546762589928,139.0,,
pad,38,softmax,0.15,3,0.0,1.0,0.0821917808219178,73.0,,
pad,38,softmax,0.15,4,0.0,1.0,0.25,8.0,,
pad,38,softmax,0.15,5,0.0,1.0,0.0,3.0,,
pad,38,softmax,0.15,0,0.0,1.0,,,0.6875,16.0
pad,38,temp,0.05,1,0.0,3.9095025559737793,0.03125,32.0,,
pad,38,temp,0.05,2,0.0,3.9095025559737793,0.04316546762589928,139.0,,
pad,38,temp,0.05,3,0.0,3.9095025559737793,0.0821917808219178,73.0,,
pad,38,temp,0.05,4,0.0,3.9095025559737793,0.25,8.0,,
pad,38,temp,0.05,5,0.0,3.9095025559737793,0.0,3.0,,
pad,38,temp,0.05,0,0.0,3.9095025559737793,,,0.6875,16.0
pad,38,temp,0.1,1,0.0,3.9095025559737793,0.03125,32.0,,
pad,38,temp,0.1,2,0.0,3.9095025559737793,0.04316546762589928,139.0,,
pad,38,temp,0.1,3,0.0,3.9095025559737793,0.0821917808219178,73.0,,
pad,38,temp,0.1,4,0.0,3.9095025559737793,0.25,8.0,,
pad,38,temp,0.1,5,0.0,3.9095025559737793,0.0,3.0,,
pad,38,temp,0.1,0,0.0,3.9095025559737793,,,0.6875,16.0
pad,38,temp,0.15,1,0.0,3.9095025559737793,0.03125,32.0,,
pad,38,temp,0.15,2,0.0,3.9095025559737793,0.04316546762589928,139.0,,
pad,38,temp,0.15,3,0.0,3.9095025559737793,0.0821917808219178,73.0,,
pad,38,temp,0.15,4,0.0,3.9095025559737793,0.25,8.0,,
pad,38,temp,0.15,5,0.0,3.9095025559737793,0.0,3.0,,
pad,38,temp,0.15,0,0.0,3.9095025559737793,,,0.6875,16.0
hiba,39,softmax,0.05,1,0.9830216461227286,1.0,0.0,26.0,,
hiba,39,softmax,0.05,2,0.9830216461227286,1.0,0.04672897196261682,107.0,,
hiba,39,softmax,0.05,3,0.9830216461227286,1.0,0.0,20.0,,
hiba,39,softmax,0.05,0,0.9830216461227286,1.0,,,0.2876712328767123,146.0
hiba,39,softmax,0.1,1,0.953029345928658,1.0,0.0,26.0,,
hiba,39,softmax,0.1,2,0.953029345928658,1.0,0.06542056074766354,107.0,,
hiba,39,softmax,0.1,3,0.953029345928658,1.0,0.0,20.0,,
hiba,39,softmax,0.1,0,0.953029345928658,1.0,,,0.4452054794520548,146.0
hiba,39,softmax,0.15,1,0.80788776218717,1.0,0.0,26.0,,
hiba,39,softmax,0.15,2,0.80788776218717,1.0,0.09345794392523364,107.0,,
hiba,39,softmax,0.15,3,0.80788776218717,1.0,0.05,20.0,,
hiba,39,softmax,0.15,0,0.80788776218717,1.0,,,0.6575342465753424,146.0
hiba,39,temp,0.05,1,0.5059568245041117,4.775570001751073,0.0,26.0,,
hiba,39,temp,0.05,2,0.5059568245041117,4.775570001751073,0.028037383177570093,107.0,,
hiba,39,temp,0.05,3,0.5059568245041117,4.775570001751073,0.0,20.0,,
hiba,39,temp,0.05,0,0.5059568245041117,4.775570001751073,,,0.3972602739726027,146.0
hiba,39,temp,0.1,1,0.42199624705232297,4.775570001751073,0.0,26.0,,
hiba,39,temp,0.1,2,0.42199624705232297,4.775570001751073,0.056074766355140186,107.0,,
hiba,39,temp,0.1,3,0.42199624705232297,4.775570001751073,0.05,20.0,,
hiba,39,temp,0.1,0,0.42199624705232297,4.775570001751073,,,0.5547945205479452,146.0
hiba,39,temp,0.15,1,0.3569496908454749,4.775570001751073,0.0,26.0,,
hiba,39,temp,0.15,2,0.3569496908454749,4.775570001751073,0.102803738317757,107.0,,
hiba,39,temp,0.15,3,0.3569496908454749,4.775570001751073,0.1,20.0,,
hiba,39,temp,0.15,0,0.3569496908454749,4.775570001751073,,,0.6917808219178082,146.0
pad,39,softmax,0.05,1,0.0,1.0,0.02702702702702703,37.0,,
pad,39,softmax,0.05,2,0.0,1.0,0.08074534161490683,161.0,,
pad,39,softmax,0.05,3,0.0,1.0,0.06060606060606061,66.0,,
pad,39,softmax,0.05,4,0.0,1.0,0.3333333333333333,6.0,,
pad,39,softmax,0.05,5,0.0,1.0,0.0,2.0,,
pad,39,softmax,0.05,0,0.0,1.0,,,0.5263157894736842,19.0
pad,39,softmax,0.1,1,0.0,1.0,0.02702702702702703,37.0,,
pad,39,softmax,0.1,2,0.0,1.0,0.08074534161490683,161.0,,
pad,39,softmax,0.1,3,0.0,1.0,0.06060606060606061,66.0,,
pad,39,softmax,0.1,4,0.0,1.0,0.3333333333333333,6.0,,
pad,39,softmax,0.1,5,0.0,1.0,0.0,2.0,,
pad,39,softmax,0.1,0,0.0,1.0,,,0.5263157894736842,19.0
pad,39,softmax,0.15,1,0.0,1.0,0.02702702702702703,37.0,,
pad,39,softmax,0.15,2,0.0,1.0,0.08074534161490683,161.0,,
pad,39,softmax,0.15,3,0.0,1.0,0.06060606060606061,66.0,,
pad,39,softmax,0.15,4,0.0,1.0,0.3333333333333333,6.0,,
pad,39,softmax,0.15,5,0.0,1.0,0.0,2.0,,
pad,39,softmax,0.15,0,0.0,1.0,,,0.5263157894736842,19.0
pad,39,temp,0.05,1,0.0,3.723038843793963,0.02702702702702703,37.0,,
pad,39,temp,0.05,2,0.0,3.723038843793963,0.08074534161490683,161.0,,
pad,39,temp,0.05,3,0.0,3.723038843793963,0.06060606060606061,66.0,,
pad,39,temp,0.05,4,0.0,3.723038843793963,0.3333333333333333,6.0,,
pad,39,temp,0.05,5,0.0,3.723038843793963,0.0,2.0,,
pad,39,temp,0.05,0,0.0,3.723038843793963,,,0.5263157894736842,19.0
pad,39,temp,0.1,1,0.0,3.723038843793963,0.02702702702702703,37.0,,
pad,39,temp,0.1,2,0.0,3.723038843793963,0.08074534161490683,161.0,,
pad,39,temp,0.1,3,0.0,3.723038843793963,0.06060606060606061,66.0,,
pad,39,temp,0.1,4,0.0,3.723038843793963,0.3333333333333333,6.0,,
pad,39,temp,0.1,5,0.0,3.723038843793963,0.0,2.0,,
pad,39,temp,0.1,0,0.0,3.723038843793963,,,0.5263157894736842,19.0
pad,39,temp,0.15,1,0.0,3.723038843793963,0.02702702702702703,37.0,,
pad,39,temp,0.15,2,0.0,3.723038843793963,0.08074534161490683,161.0,,
pad,39,temp,0.15,3,0.0,3.723038843793963,0.06060606060606061,66.0,,
pad,39,temp,0.15,4,0.0,3.723038843793963,0.3333333333333333,6.0,,
pad,39,temp,0.15,5,0.0,3.723038843793963,0.0,2.0,,
pad,39,temp,0.15,0,0.0,3.723038843793963,,,0.5263157894736842,19.0
hiba,40,softmax,0.05,1,0.9850375494594769,1.0,0.047619047619047616,21.0,,
hiba,40,softmax,0.05,2,0.9850375494594769,1.0,0.03076923076923077,130.0,,
hiba,40,softmax,0.05,3,0.9850375494594769,1.0,0.0,14.0,,
hiba,40,softmax,0.05,0,0.9850375494594769,1.0,,,0.2708333333333333,144.0
hiba,40,softmax,0.1,1,0.9556283726014229,1.0,0.047619047619047616,21.0,,
hiba,40,softmax,0.1,2,0.9556283726014229,1.0,0.05384615384615385,130.0,,
hiba,40,softmax,0.1,3,0.9556283726014229,1.0,0.0,14.0,,
hiba,40,softmax,0.1,0,0.9556283726014229,1.0,,,0.3472222222222222,144.0
hiba,40,softmax,0.15,1,0.8067895562457915,1.0,0.14285714285714285,21.0,,
hiba,40,softmax,0.15,2,0.8067895562457915,1.0,0.1,130.0,,
hiba,40,softmax,0.15,3,0.8067895562457915,1.0,0.07142857142857142,14.0,,
hiba,40,softmax,0.15,0,0.8067895562457915,1.0,,,0.6388888888888888,144.0
hiba,40,temp,0.05,1,0.4991382175691585,4.823084269213448,0.047619047619047616,21.0,,
hiba,40,temp,0.05,2,0.4991382175691585,4.823084269213448,0.038461538461538464,130.0,,
hiba,40,temp,0.05,3,0.4991382175691585,4.823084269213448,0.0,14.0,,
hiba,40,temp,0.05,0,0.4991382175691585,4.823084269213448,,,0.3472222222222222,144.0
hiba,40,temp,0.1,1,0.41786729279163737,4.823084269213448,0.09523809523809523,21.0,,
hiba,40,temp,0.1,2,0.41786729279163737,4.823084269213448,0.08461538461538462,130.0,,
hiba,40,temp,0.1,3,0.41786729279163737,4.823084269213448,0.0,14.0,,
hiba,40,temp,0.1,0,0.41786729279163737,4.823084269213448,,,0.5486111111111112,144.0
hiba,40,temp,0.15,1,0.3475328566012027,4.823084269213448,0.14285714285714285,21.0,,
hiba,40,temp,0.15,2,0.3475328566012027,4.823084269213448,0.14615384615384616,130.0,,
hiba,40,temp,0.15,3,0.3475328566012027,4.823084269213448,0.07142857142857142,14.0,,
hiba,40,temp,0.15,0,0.3475328566012027,4.823084269213448,,,0.7569444444444444,144.0
pad,40,softmax,0.05,1,0.0,1.0,0.04,25.0,,
pad,40,softmax,0.05,2,0.0,1.0,0.08860759493670886,158.0,,
pad,40,softmax,0.05,3,0.0,1.0,0.07692307692307693,65.0,,
pad,40,softmax,0.05,4,0.0,1.0,0.0,9.0,,
pad,40,softmax,0.05,5,0.0,1.0,0.0,4.0,,
pad,40,softmax,0.05,0,0.0,1.0,,,0.7083333333333334,24.0
pad,40,softmax,0.1,1,0.0,1.0,0.04,25.0,,
pad,40,softmax,0.1,2,0.0,1.0,0.08860759493670886,158.0,,
pad,40,softmax,0.1,3,0.0,1.0,0.07692307692307693,65.0,,
pad,40,softmax,0.1,4,0.0,1.0,0.0,9.0,,
pad,40,softmax,0.1,5,0.0,1.0,0.0,4.0,,
pad,40,softmax,0.1,0,0.0,1.0,,,0.7083333333333334,24.0
pad,40,softmax,0.15,1,0.0,1.0,0.04,25.0,,
pad,40,softmax,0.15,2,0.0,1.0,0.08860759493670886,158.0,,
pad,40,softmax,0.15,3,0.0,1.0,0.07692307692307693,65.0,,
pad,40,softmax,0.15,4,0.0,1.0,0.0,9.0,,
pad,40,softmax,0.15,5,0.0,1.0,0.0,4.0,,
pad,40,softmax,0.15,0,0.0,1.0,,,0.7083333333333334,24.0
pad,40,temp,0.05,1,0.0,3.7780130037637707,0.04,25.0,,
pad,40,temp,0.05,2,0.0,3.7780130037637707,0.08860759493670886,158.0,,
pad,40,temp,0.05,3,0.0,3.7780130037637707,0.07692307692307693,65.0,,
pad,40,temp,0.05,4,0.0,3.7780130037637707,0.0,9.0,,
pad,40,temp,0.05,5,0.0,3.7780130037637707,0.0,4.0,,
pad,40,temp,0.05,0,0.0,3.7780130037637707,,,0.7083333333333334,24.0
pad,40,temp,0.1,1,0.0,3.7780130037637707,0.04,25.0,,
pad,40,temp,0.1,2,0.0,3.7780130037637707,0.08860759493670886,158.0,,
pad,40,temp,0.1,3,0.0,3.7780130037637707,0.07692307692307693,65.0,,
pad,40,temp,0.1,4,0.0,3.7780130037637707,0.0,9.0,,
pad,40,temp,0.1,5,0.0,3.7780130037637707,0.0,4.0,,
pad,40,temp,0.1,0,0.0,3.7780130037637707,,,0.7083333333333334,24.0
pad,40,temp,0.15,1,0.0,3.7780130037637707,0.04,25.0,,
pad,40,temp,0.15,2,0.0,3.7780130037637707,0.08860759493670886,158.0,,
pad,40,temp,0.15,3,0.0,3.7780130037637707,0.07692307692307693,65.0,,
pad,40,temp,0.15,4,0.0,3.7780130037637707,0.0,9.0,,
pad,40,temp,0.15,5,0.0,3.7780130037637707,0.0,4.0,,
pad,40,temp,0.15,0,0.0,3.7780130037637707,,,0.7083333333333334,24.0
hiba,41,softmax,0.05,1,0.9779506018179991,1.0,0.047619047619047616,21.0,,
hiba,41,softmax,0.05,2,0.9779506018179991,1.0,0.06504065040650407,123.0,,
hiba,41,softmax,0.05,3,0.9779506018179991,1.0,0.0,10.0,,
hiba,41,softmax,0.05,0,0.9779506018179991,1.0,,,0.3089430894308943,123.0
hiba,41,softmax,0.1,1,0.827908119234045,1.0,0.047619047619047616,21.0,,
hiba,41,softmax,0.1,2,0.827908119234045,1.0,0.15447154471544716,123.0,,
hiba,41,softmax,0.1,3,0.827908119234045,1.0,0.1,10.0,,
hiba,41,softmax,0.1,0,0.827908119234045,1.0,,,0.6341463414634146,123.0
hiba,41,softmax,0.15,1,0.7158810020486885,1.0,0.047619047619047616,21.0,,
hiba,41,softmax,0.15,2,0.7158810020486885,1.0,0.16260162601626016,123.0,,
hiba,41,softmax,0.15,3,0.7158810020486885,1.0,0.1,10.0,,
hiba,41,softmax,0.15,0,0.7158810020486885,1.0,,,0.6991869918699187,123.0
hiba,41,temp,0.05,1,0.4531316561517666,4.927023790025182,0.047619047619047616,21.0,,
hiba,41,temp,0.05,2,0.4531316561517666,4.927023790025182,0.08130081300813008,123.0,,
hiba,41,temp,0.05,3,0.4531316561517666,4.927023790025182,0.1,10.0,,
hiba,41,temp,0.05,0,0.4531316561517666,4.927023790025182,,,0.4878048780487805,123.0
hiba,41,temp,0.1,1,0.3626628052121217,4.927023790025182,0.047619047619047616,21.0,,
hiba,41,temp,0.1,2,0.3626628052121217,4.927023790025182,0.13008130081300814,123.0,,
hiba,41,temp,0.1,3,0.3626628052121217,4.927023790025182,0.1,10.0,,
hiba,41,temp,0.1,0,0.3626628052121217,4.927023790025182,,,0.6422764227642277,123.0
hiba,41,temp,0.15,1,0.32269026924794175,4.927023790025182,0.047619047619047616,21.0,,
hiba,41,temp,0.15,2,0.32269026924794175,4.927023790025182,0.17886178861788618,123.0,,
hiba,41,temp,0.15,3,0.32269026924794175,4.927023790025182,0.1,10.0,,
hiba,41,temp,0.15,0,0.32269026924794175,4.927023790025182,,,0.7317073170731707,123.0
pad,41,softmax,0.05,1,0.6420331607824411,1.0,0.043478260869565216,23.0,,
pad,41,softmax,0.05,2,0.6420331607824411,1.0,0.028169014084507043,142.0,,
pad,41,softmax,0.05,3,0.6420331607824411,1.0,0.03614457831325301,83.0,,
pad,41,softmax,0.05,4,0.6420331607824411,1.0,0.09090909090909091,11.0,,
pad,41,softmax,0.05,5,0.6420331607824411,1.0,0.0,2.0,,
pad,41,softmax,0.05,0,0.6420331607824411,1.0,,,0.7222222222222222,18.0
pad,41,softmax,0.1,1,0.0,1.0,0.043478260869565216,23.0,,
pad,41,softmax,0.1,2,0.0,1.0,0.04225352112676056,142.0,,
pad,41,softmax,0.1,3,0.0,1.0,0.03614457831325301,83.0,,
pad,41,softmax,0.1,4,0.0,1.0,0.09090909090909091,11.0,,
pad,41,softmax,0.1,5,0.0,1.0,0.0,2.0,,
pad,41,softmax,0.1,0,0.0,1.0,,,0.7222222222222222,18.0
pad,41,softmax,0.15,1,0.0,1.0,0.043478260869565216,23.0,,
pad,41,softmax,0.15,2,0.0,1.0,0.04225352112676056,142.0,,
pad,41,softmax,0.15,3,0.0,1.0,0.03614457831325301,83.0,,
pad,41,softmax,0.15,4,0.0,1.0,0.09090909090909091,11.0,,
pad,41,softmax,0.15,5,0.0,1.0,0.0,2.0,,
pad,41,softmax,0.15,0,0.0,1.0,,,0.7222222222222222,18.0
pad,41,temp,0.05,1,0.35677656193547747,4.0477516733199925,0.043478260869565216,23.0,,
pad,41,temp,0.05,2,0.35677656193547747,4.0477516733199925,0.035211267605633804,142.0,,
pad,41,temp,0.05,3,0.35677656193547747,4.0477516733199925,0.03614457831325301,83.0,,
pad,41,temp,0.05,4,0.35677656193547747,4.0477516733199925,0.09090909090909091,11.0,,
pad,41,temp,0.05,5,0.35677656193547747,4.0477516733199925,0.0,2.0,,
pad,41,temp,0.05,0,0.35677656193547747,4.0477516733199925,,,0.7222222222222222,18.0
pad,41,temp,0.1,1,0.0,4.0477516733199925,0.043478260869565216,23.0,,
pad,41,temp,0.1,2,0.0,4.0477516733199925,0.04225352112676056,142.0,,
pad,41,temp,0.1,3,0.0,4.0477516733199925,0.03614457831325301,83.0,,
pad,41,temp,0.1,4,0.0,4.0477516733199925,0.09090909090909091,11.0,,
pad,41,temp,0.1,5,0.0,4.0477516733199925,0.0,2.0,,
pad,41,temp,0.1,0,0.0,4.0477516733199925,,,0.7222222222222222,18.0
pad,41,temp,0.15,1,0.0,4.0477516733199925,0.043478260869565216,23.0,,
pad,41,temp,0.15,2,0.0,4.0477516733199925,0.04225352112676056,142.0,,
pad,41,temp,0.15,3,0.0,4.0477516733199925,0.03614457831325301,83.0,,
pad,41,temp,0.15,4,0.0,4.0477516733199925,0.09090909090909091,11.0,,
pad,41,temp,0.15,5,0.0,4.0477516733199925,0.0,2.0,,
pad,41,temp,0.15,0,0.0,4.0477516733199925,,,0.7222222222222222,18.0
hiba,42,softmax,0.05,1,0.976967225675208,1.0,0.0,13.0,,
hiba,42,softmax,0.05,2,0.976967225675208,1.0,0.06976744186046512,129.0,,
hiba,42,softmax,0.05,3,0.976967225675208,1.0,0.07692307692307693,13.0,,
hiba,42,softmax,0.05,0,0.976967225675208,1.0,,,0.36318407960199006,201.0
hiba,42,softmax,0.1,1,0.9118371178506247,1.0,0.07692307692307693,13.0,,
hiba,42,softmax,0.1,2,0.9118371178506247,1.0,0.12403100775193798,129.0,,
hiba,42,softmax,0.1,3,0.9118371178506247,1.0,0.07692307692307693,13.0,,
hiba,42,softmax,0.1,0,0.9118371178506247,1.0,,,0.5771144278606966,201.0
hiba,42,softmax,0.15,1,0.7412239146395999,1.0,0.07692307692307693,13.0,,
hiba,42,softmax,0.15,2,0.7412239146395999,1.0,0.17054263565891473,129.0,,
hiba,42,softmax,0.15,3,0.7412239146395999,1.0,0.15384615384615385,13.0,,
hiba,42,softmax,0.15,0,0.7412239146395999,1.0,,,0.7711442786069652,201.0
hiba,42,temp,0.05,1,0.5016519739349298,4.679202772044702,0.0,13.0,,
hiba,42,temp,0.05,2,0.5016519739349298,4.679202772044702,0.06201550387596899,129.0,,
hiba,42,temp,0.05,3,0.5016519739349298,4.679202772044702,0.0,13.0,,
hiba,42,temp,0.05,0,0.5016519739349298,4.679202772044702,,,0.4129353233830846,201.0
hiba,42,temp,0.1,1,0.37420478695165893,4.679202772044702,0.0,13.0,,
hiba,42,temp,0.1,2,0.37420478695165893,4.679202772044702,0.17829457364341086,129.0,,
hiba,42,temp,0.1,3,0.37420478695165893,4.679202772044702,0.15384615384615385,13.0,,
hiba,42,temp,0.1,0,0.37420478695165893,4.679202772044702,,,0.7263681592039801,201.0
hiba,42,temp,0.15,1,0.33991961651221964,4.679202772044702,0.07692307692307693,13.0,,
hiba,42,temp,0.15,2,0.33991961651221964,4.679202772044702,0.20155038759689922,129.0,,
hiba,42,temp,0.15,3,0.33991961651221964,4.679202772044702,0.15384615384615385,13.0,,
hiba,42,temp,0.15,0,0.33991961651221964,4.679202772044702,,,0.8208955223880597,201.0
pad,42,softmax,0.05,1,0.3895924011467718,1.0,0.03225806451612903,31.0,,
pad,42,softmax,0.05,2,0.3895924011467718,1.0,0.046357615894039736,151.0,,
pad,42,softmax,0.05,3,0.3895924011467718,1.0,0.0625,64.0,,
pad,42,softmax,0.05,4,0.3895924011467718,1.0,0.1,10.0,,
pad,42,softmax,0.05,5,0.3895924011467718,1.0,0.0,3.0,,
pad,42,softmax,0.05,0,0.3895924011467718,1.0,,,0.6956521739130435,23.0
pad,42,softmax,0.1,1,0.0,1.0,0.03225806451612903,31.0,,
pad,42,softmax,0.1,2,0.0,1.0,0.046357615894039736,151.0,,
pad,42,softmax,0.1,3,0.0,1.0,0.0625,64.0,,
pad,42,softmax,0.1,4,0.0,1.0,0.1,10.0,,
pad,42,softmax,0.1,5,0.0,1.0,0.0,3.0,,
pad,42,softmax,0.1,0,0.0,1.0,,,0.6956521739130435,23.0
pad,42,softmax,0.15,1,0.0,1.0,0.03225806451612903,31.0,,
pad,42,softmax,0.15,2,0.0,1.0,0.046357615894039736,151.0,,
pad,42,softmax,0.15,3,0.0,1.0,0.0625,64.0,,
pad,42,softmax,0.15,4,0.0,1.0,0.1,10.0,,
pad,42,softmax,0.15,5,0.0,1.0,0.0,3.0,,
pad,42,softmax,0.15,0,0.0,1.0,,,0.6956521739130435,23.0
pad,42,temp,0.05,1,0.25473981391877326,4.173358025750276,0.03225806451612903,31.0,,
pad,42,temp,0.05,2,0.25473981391877326,4.173358025750276,0.046357615894039736,151.0,,
pad,42,temp,0.05,3,0.25473981391877326,4.173358025750276,0.0625,64.0,,
pad,42,temp,0.05,4,0.25473981391877326,4.173358025750276,0.1,10.0,,
pad,42,temp,0.05,5,0.25473981391877326,4.173358025750276,0.0,3.0,,
pad,42,temp,0.05,0,0.25473981391877326,4.173358025750276,,,0.6956521739130435,23.0
pad,42,temp,0.1,1,0.0,4.173358025750276,0.03225806451612903,31.0,,
pad,42,temp,0.1,2,0.0,4.173358025750276,0.046357615894039736,151.0,,
pad,42,temp,0.1,3,0.0,4.173358025750276,0.0625,64.0,,
pad,42,temp,0.1,4,0.0,4.173358025750276,0.1,10.0,,
pad,42,temp,0.1,5,0.0,4.173358025750276,0.0,3.0,,
pad,42,temp,0.1,0,0.0,4.173358025750276,,,0.6956521739130435,23.0
pad,42,temp,0.15,1,0.0,4.173358025750276,0.03225806451612903,31.0,,
pad,42,temp,0.15,2,0.0,4.173358025750276,0.046357615894039736,151.0,,
pad,42,temp,0.15,3,0.0,4.173358025750276,0.0625,64.0,,
pad,42,temp,0.15,4,0.0,4.173358025750276,0.1,10.0,,
pad,42,temp,0.15,5,0.0,4.173358025750276,0.0,3.0,,
pad,42,temp,0.15,0,0.0,4.173358025750276,,,0.6956521739130435,23.0
hiba,43,softmax,0.05,1,0.976967225675208,1.0,0.0,18.0,,
hiba,43,softmax,0.05,2,0.976967225675208,1.0,0.05042016806722689,119.0,,
hiba,43,softmax,0.05,3,0.976967225675208,1.0,0.08333333333333333,12.0,,
hiba,43,softmax,0.05,0,0.976967225675208,1.0,,,0.350597609561753,251.0
hiba,43,softmax,0.1,1,0.9120511064918309,1.0,0.05555555555555555,18.0,,
hiba,43,softmax,0.1,2,0.9120511064918309,1.0,0.09243697478991597,119.0,,
hiba,43,softmax,0.1,3,0.9120511064918309,1.0,0.08333333333333333,12.0,,
hiba,43,softmax,0.1,0,0.9120511064918309,1.0,,,0.5816733067729084,251.0
hiba,43,softmax,0.15,1,0.76071321364534,1.0,0.05555555555555555,18.0,,
hiba,43,softmax,0.15,2,0.76071321364534,1.0,0.15126050420168066,119.0,,
hiba,43,softmax,0.15,3,0.76071321364534,1.0,0.08333333333333333,12.0,,
hiba,43,softmax,0.15,0,0.76071321364534,1.0,,,0.7370517928286853,251.0
hiba,43,temp,0.05,1,0.44895200063938157,5.176950789473631,0.0,18.0,,
hiba,43,temp,0.05,2,0.44895200063938157,5.176950789473631,0.04201680672268908,119.0,,
hiba,43,temp,0.05,3,0.44895200063938157,5.176950789473631,0.0,12.0,,
hiba,43,temp,0.05,0,0.44895200063938157,5.176950789473631,,,0.5139442231075697,251.0
hiba,43,temp,0.1,1,0.3687119258207365,5.176950789473631,0.0,18.0,,
hiba,43,temp,0.1,2,0.3687119258207365,5.176950789473631,0.09243697478991597,119.0,,
hiba,43,temp,0.1,3,0.3687119258207365,5.176950789473631,0.08333333333333333,12.0,,
hiba,43,temp,0.1,0,0.3687119258207365,5.176950789473631,,,0.7450199203187251,251.0
hiba,43,temp,0.15,1,0.31575552357340303,5.176950789473631,0.05555555555555555,18.0,,
hiba,43,temp,0.15,2,0.31575552357340303,5.176950789473631,0.18487394957983194,119.0,,
hiba,43,temp,0.15,3,0.31575552357340303,5.176950789473631,0.16666666666666666,12.0,,
hiba,43,temp,0.15,0,0.31575552357340303,5.176950789473631,,,0.848605577689243,251.0
pad,43,softmax,0.05,1,0.4333382503112467,1.0,0.0,29.0,,
pad,43,softmax,0.05,2,0.4333382503112467,1.0,0.08391608391608392,143.0,,
pad,43,softmax,0.05,3,0.4333382503112467,1.0,0.05952380952380952,84.0,,
pad,43,softmax,0.05,4,0.4333382503112467,1.0,0.0,9.0,,
pad,43,softmax,0.05,5,0.4333382503112467,1.0,0.0,3.0,,
pad,43,softmax,0.05,0,0.4333382503112467,1.0,,,0.8181818181818182,22.0
pad,43,softmax,0.1,1,0.0,1.0,0.0,29.0,,
pad,43,softmax,0.1,2,0.0,1.0,0.08391608391608392,143.0,,
pad,43,softmax,0.1,3,0.0,1.0,0.05952380952380952,84.0,,
pad,43,softmax,0.1,4,0.0,1.0,0.0,9.0,,
pad,43,softmax,0.1,5,0.0,1.0,0.0,3.0,,
pad,43,softmax,0.1,0,0.0,1.0,,,0.8181818181818182,22.0
pad,43,softmax,0.15,1,0.0,1.0,0.0,29.0,,
pad,43,softmax,0.15,2,0.0,1.0,0.08391608391608392,143.0,,
pad,43,softmax,0.15,3,0.0,1.0,0.05952380952380952,84.0,,
pad,43,softmax,0.15,4,0.0,1.0,0.0,9.0,,
pad,43,softmax,0.15,5,0.0,1.0,0.0,3.0,,
pad,43,softmax,0.15,0,0.0,1.0,,,0.8181818181818182,22.0
pad,43,temp,0.05,1,0.2618175687763584,3.891343271940074,0.0,29.0,,
pad,43,temp,0.05,2,0.2618175687763584,3.891343271940074,0.08391608391608392,143.0,,
pad,43,temp,0.05,3,0.2618175687763584,3.891343271940074,0.05952380952380952,84.0,,
pad,43,temp,0.05,4,0.2618175687763584,3.891343271940074,0.0,9.0,,
pad,43,temp,0.05,5,0.2618175687763584,3.891343271940074,0.0,3.0,,
pad,43,temp,0.05,0,0.2618175687763584,3.891343271940074,,,0.8181818181818182,22.0
pad,43,temp,0.1,1,0.0,3.891343271940074,0.0,29.0,,
pad,43,temp,0.1,2,0.0,3.891343271940074,0.08391608391608392,143.0,,
pad,43,temp,0.1,3,0.0,3.891343271940074,0.05952380952380952,84.0,,
pad,43,temp,0.1,4,0.0,3.891343271940074,0.0,9.0,,
pad,43,temp,0.1,5,0.0,3.891343271940074,0.0,3.0,,
pad,43,temp,0.1,0,0.0,3.891343271940074,,,0.8181818181818182,22.0
pad,43,temp,0.15,1,0.0,3.891343271940074,0.0,29.0,,
pad,43,temp,0.15,2,0.0,3.891343271940074,0.08391608391608392,143.0,,
pad,43,temp,0.15,3,0.0,3.891343271940074,0.05952380952380952,84.0,,
pad,43,temp,0.15,4,0.0,3.891343271940074,0.0,9.0,,
pad,43,temp,0.15,5,0.0,3.891343271940074,0.0,3.0,,
pad,43,temp,0.15,0,0.0,3.891343271940074,,,0.8181818181818182,22.0
hiba,44,softmax,0.05,1,0.9856803692899962,1.0,0.0,26.0,,
hiba,44,softmax,0.05,2,0.9856803692899962,1.0,0.02727272727272727,110.0,,
hiba,44,softmax,0.05,3,0.9856803692899962,1.0,0.0,13.0,,
hiba,44,softmax,0.05,0,0.9856803692899962,1.0,,,0.2955665024630542,203.0
hiba,44,softmax,0.1,1,0.909944204437171,1.0,0.11538461538461539,26.0,,
hiba,44,softmax,0.1,2,0.909944204437171,1.0,0.09090909090909091,110.0,,
hiba,44,softmax,0.1,3,0.909944204437171,1.0,0.15384615384615385,13.0,,
hiba,44,softmax,0.1,0,0.909944204437171,1.0,,,0.6009852216748769,203.0
hiba,44,softmax,0.15,1,0.7459408655833843,1.0,0.11538461538461539,26.0,,
hiba,44,softmax,0.15,2,0.7459408655833843,1.0,0.14545454545454545,110.0,,
hiba,44,softmax,0.15,3,0.7459408655833843,1.0,0.15384615384615385,13.0,,
hiba,44,softmax,0.15,0,0.7459408655833843,1.0,,,0.7586206896551724,203.0
hiba,44,temp,0.05,1,0.4931689882112582,4.968374726547784,0.038461538461538464,26.0,,
hiba,44,temp,0.05,2,0.4931689882112582,4.968374726547784,0.01818181818181818,110.0,,
hiba,44,temp,0.05,3,0.4931689882112582,4.968374726547784,0.0,13.0,,
hiba,44,temp,0.05,0,0.4931689882112582,4.968374726547784,,,0.4039408866995074,203.0
hiba,44,temp,0.1,1,0.37787825070620035,4.968374726547784,0.038461538461538464,26.0,,
hiba,44,temp,0.1,2,0.37787825070620035,4.968374726547784,0.09090909090909091,110.0,,
hiba,44,temp,0.1,3,0.37787825070620035,4.968374726547784,0.15384615384615385,13.0,,
hiba,44,temp,0.1,0,0.37787825070620035,4.968374726547784,,,0.729064039408867,203.0
hiba,44,temp,0.15,1,0.3368863167248849,4.968374726547784,0.11538461538461539,26.0,,
hiba,44,temp,0.15,2,0.3368863167248849,4.968374726547784,0.13636363636363635,110.0,,
hiba,44,temp,0.15,3,0.3368863167248849,4.968374726547784,0.15384615384615385,13.0,,
hiba,44,temp,0.15,0,0.3368863167248849,4.968374726547784,,,0.7931034482758621,203.0
pad,44,softmax,0.05,1,0.6617499500724552,1.0,0.0,27.0,,
pad,44,softmax,0.05,2,0.6617499500724552,1.0,0.03067484662576687,163.0,,
pad,44,softmax,0.05,3,0.6617499500724552,1.0,0.034482758620689655,58.0,,
pad,44,softmax,0.05,4,0.6617499500724552,1.0,0.0,8.0,,
pad,44,softmax,0.05,5,0.6617499500724552,1.0,0.0,1.0,,
pad,44,softmax,0.05,0,0.6617499500724552,1.0,,,0.5555555555555556,18.0
pad,44,softmax,0.1,1,0.0,1.0,0.0,27.0,,
pad,44,softmax,0.1,2,0.0,1.0,0.04294478527607362,163.0,,
pad,44,softmax,0.1,3,0.0,1.0,0.06896551724137931,58.0,,
pad,44,softmax,0.1,4,0.0,1.0,0.0,8.0,,
pad,44,softmax,0.1,5,0.0,1.0,0.0,1.0,,
pad,44,softmax,0.1,0,0.0,1.0,,,0.7222222222222222,18.0
pad,44,softmax,0.15,1,0.0,1.0,0.0,27.0,,
pad,44,softmax,0.15,2,0.0,1.0,0.04294478527607362,163.0,,
pad,44,softmax,0.15,3,0.0,1.0,0.06896551724137931,58.0,,
pad,44,softmax,0.15,4,0.0,1.0,0.0,8.0,,
pad,44,softmax,0.15,5,0.0,1.0,0.0,1.0,,
pad,44,softmax,0.15,0,0.0,1.0,,,0.7222222222222222,18.0
pad,44,temp,0.05,1,0.3561962484303993,4.186940679397466,0.0,27.0,,
pad,44,temp,0.05,2,0.3561962484303993,4.186940679397466,0.04294478527607362,163.0,,
pad,44,temp,0.05,3,0.3561962484303993,4.186940679397466,0.034482758620689655,58.0,,
pad,44,temp,0.05,4,0.3561962484303993,4.186940679397466,0.0,8.0,,
pad,44,temp,0.05,5,0.3561962484303993,4.186940679397466,0.0,1.0,,
pad,44,temp,0.05,0,0.3561962484303993,4.186940679397466,,,0.6666666666666666,18.0
pad,44,temp,0.1,1,0.0,4.186940679397466,0.0,27.0,,
pad,44,temp,0.1,2,0.0,4.186940679397466,0.04294478527607362,163.0,,
pad,44,temp,0.1,3,0.0,4.186940679397466,0.06896551724137931,58.0,,
pad,44,temp,0.1,4,0.0,4.186940679397466,0.0,8.0,,
pad,44,temp,0.1,5,0.0,4.186940679397466,0.0,1.0,,
pad,44,temp,0.1,0,0.0,4.186940679397466,,,0.7222222222222222,18.0
pad,44,temp,0.15,1,0.0,4.186940679397466,0.0,27.0,,
pad,44,temp,0.15,2,0.0,4.186940679397466,0.04294478527607362,163.0,,
pad,44,temp,0.15,3,0.0,4.186940679397466,0.06896551724137931,58.0,,
pad,44,temp,0.15,4,0.0,4.186940679397466,0.0,8.0,,
pad,44,temp,0.15,5,0.0,4.186940679397466,0.0,1.0,,
pad,44,temp,0.15,0,0.0,4.186940679397466,,,0.7222222222222222,18.0
hiba,45,softmax,0.05,1,0.9856407869272245,1.0,0.0,18.0,,
hiba,45,softmax,0.05,2,0.9856407869272245,1.0,0.016666666666666666,120.0,,
hiba,45,softmax,0.05,3,0.9856407869272245,1.0,0.0,11.0,,
hiba,45,softmax,0.05,0,0.9856407869272245,1.0,,,0.33796296296296297,216.0
hiba,45,softmax,0.1,1,0.9429983628334453,1.0,0.05555555555555555,18.0,,
hiba,45,softmax,0.1,2,0.9429983628334453,1.0,0.075,120.0,,
hiba,45,softmax,0.1,3,0.9429983628334453,1.0,0.09090909090909091,11.0,,
hiba,45,softmax,0.1,0,0.9429983628334453,1.0,,,0.5370370370370371,216.0
hiba,45,softmax,0.15,1,0.7724067205391684,1.0,0.1111111111111111,18.0,,
hiba,45,softmax,0.15,2,0.7724067205391684,1.0,0.13333333333333333,120.0,,
hiba,45,softmax,0.15,3,0.7724067205391684,1.0,0.18181818181818182,11.0,,
hiba,45,softmax,0.15,0,0.7724067205391684,1.0,,,0.7314814814814815,216.0
hiba,45,temp,0.05,1,0.4931367246108881,4.919898877348174,0.05555555555555555,18.0,,
hiba,45,temp,0.05,2,0.4931367246108881,4.919898877348174,0.025,120.0,,
hiba,45,temp,0.05,3,0.4931367246108881,4.919898877348174,0.0,11.0,,
hiba,45,temp,0.05,0,0.4931367246108881,4.919898877348174,,,0.4675925925925926,216.0
hiba,45,temp,0.1,1,0.39159794087730454,4.919898877348174,0.05555555555555555,18.0,,
hiba,45,temp,0.1,2,0.39159794087730454,4.919898877348174,0.08333333333333333,120.0,,
hiba,45,temp,0.1,3,0.39159794087730454,4.919898877348174,0.18181818181818182,11.0,,
hiba,45,temp,0.1,0,0.39159794087730454,4.919898877348174,,,0.75,216.0
hiba,45,temp,0.15,1,0.33026082383437677,4.919898877348174,0.16666666666666666,18.0,,
hiba,45,temp,0.15,2,0.33026082383437677,4.919898877348174,0.175,120.0,,
hiba,45,temp,0.15,3,0.33026082383437677,4.919898877348174,0.2727272727272727,11.0,,
hiba,45,temp,0.15,0,0.33026082383437677,4.919898877348174,,,0.8564814814814815,216.0
pad,45,softmax,0.05,1,0.3895924011467718,1.0,0.0,31.0,,
pad,45,softmax,0.05,2,0.3895924011467718,1.0,0.06976744186046512,129.0,,
pad,45,softmax,0.05,3,0.3895924011467718,1.0,0.09090909090909091,77.0,,
pad,45,softmax,0.05,4,0.3895924011467718,1.0,0.0,5.0,,
pad,45,softmax,0.05,5,0.3895924011467718,1.0,0.0,1.0,,
pad,45,softmax,0.05,0,0.3895924011467718,1.0,,,0.75,16.0
pad,45,softmax,0.1,1,0.0,1.0,0.0,31.0,,
pad,45,softmax,0.1,2,0.0,1.0,0.06976744186046512,129.0,,
pad,45,softmax,0.1,3,0.0,1.0,0.09090909090909091,77.0,,
pad,45,softmax,0.1,4,0.0,1.0,0.0,5.0,,
pad,45,softmax,0.1,5,0.0,1.0,0.0,1.0,,
pad,45,softmax,0.1,0,0.0,1.0,,,0.75,16.0
pad,45,softmax,0.15,1,0.0,1.0,0.0,31.0,,
pad,45,softmax,0.15,2,0.0,1.0,0.06976744186046512,129.0,,
pad,45,softmax,0.15,3,0.0,1.0,0.09090909090909091,77.0,,
pad,45,softmax,0.15,4,0.0,1.0,0.0,5.0,,
pad,45,softmax,0.15,5,0.0,1.0,0.0,1.0,,
pad,45,softmax,0.15,0,0.0,1.0,,,0.75,16.0
pad,45,temp,0.05,1,0.24036575181859818,4.0192273127283675,0.0,31.0,,
pad,45,temp,0.05,2,0.24036575181859818,4.0192273127283675,0.06976744186046512,129.0,,
pad,45,temp,0.05,3,0.24036575181859818,4.0192273127283675,0.09090909090909091,77.0,,
pad,45,temp,0.05,4,0.24036575181859818,4.0192273127283675,0.0,5.0,,
pad,45,temp,0.05,5,0.24036575181859818,4.0192273127283675,0.0,1.0,,
pad,45,temp,0.05,0,0.24036575181859818,4.0192273127283675,,,0.75,16.0
pad,45,temp,0.1,1,0.0,4.0192273127283675,0.0,31.0,,
pad,45,temp,0.1,2,0.0,4.0192273127283675,0.06976744186046512,129.0,,
pad,45,temp,0.1,3,0.0,4.0192273127283675,0.09090909090909091,77.0,,
pad,45,temp,0.1,4,0.0,4.0192273127283675,0.0,5.0,,
pad,45,temp,0.1,5,0.0,4.0192273127283675,0.0,1.0,,
pad,45,temp,0.1,0,0.0,4.0192273127283675,,,0.75,16.0
pad,45,temp,0.15,1,0.0,4.0192273127283675,0.0,31.0,,
pad,45,temp,0.15,2,0.0,4.0192273127283675,0.06976744186046512,129.0,,
pad,45,temp,0.15,3,0.0,4.0192273127283675,0.09090909090909091,77.0,,
pad,45,temp,0.15,4,0.0,4.0192273127283675,0.0,5.0,,
pad,45,temp,0.15,5,0.0,4.0192273127283675,0.0,1.0,,
pad,45,temp,0.15,0,0.0,4.0192273127283675,,,0.75,16.0
hiba,46,softmax,0.05,1,0.9778988591973208,1.0,0.1,10.0,,
hiba,46,softmax,0.05,2,0.9778988591973208,1.0,0.056910569105691054,123.0,,
hiba,46,softmax,0.05,3,0.9778988591973208,1.0,0.07142857142857142,14.0,,
hiba,46,softmax,0.05,0,0.9778988591973208,1.0,,,0.36666666666666664,150.0
hiba,46,softmax,0.1,1,0.8877898165965885,1.0,0.1,10.0,,
hiba,46,softmax,0.1,2,0.8877898165965885,1.0,0.11382113821138211,123.0,,
hiba,46,softmax,0.1,3,0.8877898165965885,1.0,0.07142857142857142,14.0,,
hiba,46,softmax,0.1,0,0.8877898165965885,1.0,,,0.5666666666666667,150.0
hiba,46,softmax,0.15,1,0.7488531320494899,1.0,0.1,10.0,,
hiba,46,softmax,0.15,2,0.7488531320494899,1.0,0.14634146341463414,123.0,,
hiba,46,softmax,0.15,3,0.7488531320494899,1.0,0.07142857142857142,14.0,,
hiba,46,softmax,0.15,0,0.7488531320494899,1.0,,,0.7,150.0
hiba,46,temp,0.05,1,0.43346588210983106,5.374441175949445,0.1,10.0,,
hiba,46,temp,0.05,2,0.43346588210983106,5.374441175949445,0.06504065040650407,123.0,,
hiba,46,temp,0.05,3,0.43346588210983106,5.374441175949445,0.0,14.0,,
hiba,46,temp,0.05,0,0.43346588210983106,5.374441175949445,,,0.49333333333333335,150.0
hiba,46,temp,0.1,1,0.3451055317649141,5.374441175949445,0.1,10.0,,
hiba,46,temp,0.1,2,0.3451055317649141,5.374441175949445,0.13008130081300814,123.0,,
hiba,46,temp,0.1,3,0.3451055317649141,5.374441175949445,0.07142857142857142,14.0,,
hiba,46,temp,0.1,0,0.3451055317649141,5.374441175949445,,,0.6866666666666666,150.0
hiba,46,temp,0.15,1,0.3036670168416865,5.374441175949445,0.2,10.0,,
hiba,46,temp,0.15,2,0.3036670168416865,5.374441175949445,0.2032520325203252,123.0,,
hiba,46,temp,0.15,3,0.3036670168416865,5.374441175949445,0.14285714285714285,14.0,,
hiba,46,temp,0.15,0,0.3036670168416865,5.374441175949445,,,0.8,150.0
pad,46,softmax,0.05,1,0.6435227718077757,1.0,0.0,21.0,,
pad,46,softmax,0.05,2,0.6435227718077757,1.0,0.0379746835443038,158.0,,
pad,46,softmax,0.05,3,0.6435227718077757,1.0,0.030303030303030304,66.0,,
pad,46,softmax,0.05,4,0.6435227718077757,1.0,0.1111111111111111,9.0,,
pad,46,softmax,0.05,0,0.6435227718077757,1.0,,,0.7857142857142857,14.0
pad,46,softmax,0.1,1,0.0,1.0,0.0,21.0,,
pad,46,softmax,0.1,2,0.0,1.0,0.04430379746835443,158.0,,
pad,46,softmax,0.1,3,0.0,1.0,0.030303030303030304,66.0,,
pad,46,softmax,0.1,4,0.0,1.0,0.1111111111111111,9.0,,
pad,46,softmax,0.1,0,0.0,1.0,,,0.8571428571428571,14.0
pad,46,softmax,0.15,1,0.0,1.0,0.0,21.0,,
pad,46,softmax,0.15,2,0.0,1.0,0.04430379746835443,158.0,,
pad,46,softmax,0.15,3,0.0,1.0,0.030303030303030304,66.0,,
pad,46,softmax,0.15,4,0.0,1.0,0.1111111111111111,9.0,,
pad,46,softmax,0.15,0,0.0,1.0,,,0.8571428571428571,14.0
pad,46,temp,0.05,1,0.3894947352520243,3.8502301436241657,0.0,21.0,,
pad,46,temp,0.05,2,0.3894947352520243,3.8502301436241657,0.03164556962025317,158.0,,
pad,46,temp,0.05,3,0.3894947352520243,3.8502301436241657,0.015151515151515152,66.0,,
pad,46,temp,0.05,4,0.3894947352520243,3.8502301436241657,0.1111111111111111,9.0,,
pad,46,temp,0.05,0,0.3894947352520243,3.8502301436241657,,,0.8571428571428571,14.0
pad,46,temp,0.1,1,0.0,3.8502301436241657,0.0,21.0,,
pad,46,temp,0.1,2,0.0,3.8502301436241657,0.04430379746835443,158.0,,
pad,46,temp,0.1,3,0.0,3.8502301436241657,0.030303030303030304,66.0,,
pad,46,temp,0.1,4,0.0,3.8502301436241657,0.1111111111111111,9.0,,
pad,46,temp,0.1,0,0.0,3.8502301436241657,,,0.8571428571428571,14.0
pad,46,temp,0.15,1,0.0,3.8502301436241657,0.0,21.0,,
pad,46,temp,0.15,2,0.0,3.8502301436241657,0.04430379746835443,158.0,,
pad,46,temp,0.15,3,0.0,3.8502301436241657,0.030303030303030304,66.0,,
pad,46,temp,0.15,4,0.0,3.8502301436241657,0.1111111111111111,9.0,,
pad,46,temp,0.15,0,0.0,3.8502301436241657,,,0.8571428571428571,14.0
hiba,47,softmax,0.05,1,0.9768362249177671,1.0,0.0,21.0,,
hiba,47,softmax,0.05,2,0.9768362249177671,1.0,0.05737704918032787,122.0,,
hiba,47,softmax,0.05,3,0.9768362249177671,1.0,0.14285714285714285,14.0,,
hiba,47,softmax,0.05,0,0.9768362249177671,1.0,,,0.35944700460829493,217.0
hiba,47,softmax,0.1,1,0.9120511064918309,1.0,0.0,21.0,,
hiba,47,softmax,0.1,2,0.9120511064918309,1.0,0.09836065573770492,122.0,,
hiba,47,softmax,0.1,3,0.9120511064918309,1.0,0.14285714285714285,14.0,,
hiba,47,softmax,0.1,0,0.9120511064918309,1.0,,,0.5714285714285714,217.0
hiba,47,softmax,0.15,1,0.773571086623759,1.0,0.0,21.0,,
hiba,47,softmax,0.15,2,0.773571086623759,1.0,0.1557377049180328,122.0,,
hiba,47,softmax,0.15,3,0.773571086623759,1.0,0.14285714285714285,14.0,,
hiba,47,softmax,0.15,0,0.773571086623759,1.0,,,0.7419354838709677,217.0
hiba,47,temp,0.05,1,0.4601721460696087,4.911856456362039,0.0,21.0,,
hiba,47,temp,0.05,2,0.4601721460696087,4.911856456362039,0.05737704918032787,122.0,,
hiba,47,temp,0.05,3,0.4601721460696087,4.911856456362039,0.07142857142857142,14.0,,
hiba,47,temp,0.05,0,0.4601721460696087,4.911856456362039,,,0.5161290322580645,217.0
hiba,47,temp,0.1,1,0.3746276571426124,4.911856456362039,0.0,21.0,,
hiba,47,temp,0.1,2,0.3746276571426124,4.911856456362039,0.09836065573770492,122.0,,
hiba,47,temp,0.1,3,0.3746276571426124,4.911856456362039,0.14285714285714285,14.0,,
hiba,47,temp,0.1,0,0.3746276571426124,4.911856456362039,,,0.7557603686635944,217.0
hiba,47,temp,0.15,1,0.3364220075506491,4.911856456362039,0.0,21.0,,
hiba,47,temp,0.15,2,0.3364220075506491,4.911856456362039,0.14754098360655737,122.0,,
hiba,47,temp,0.15,3,0.3364220075506491,4.911856456362039,0.14285714285714285,14.0,,
hiba,47,temp,0.15,0,0.3364220075506491,4.911856456362039,,,0.8110599078341014,217.0
pad,47,softmax,0.05,1,0.45584397503201174,1.0,0.041666666666666664,24.0,,
pad,47,softmax,0.05,2,0.45584397503201174,1.0,0.06629834254143646,181.0,,
pad,47,softmax,0.05,3,0.45584397503201174,1.0,0.029411764705882353,68.0,,
pad,47,softmax,0.05,4,0.45584397503201174,1.0,0.16666666666666666,6.0,,
pad,47,softmax,0.05,5,0.45584397503201174,1.0,0.0,4.0,,
pad,47,softmax,0.05,0,0.45584397503201174,1.0,,,0.7142857142857143,14.0
pad,47,softmax,0.1,1,0.0,1.0,0.041666666666666664,24.0,,
pad,47,softmax,0.1,2,0.0,1.0,0.06629834254143646,181.0,,
pad,47,softmax,0.1,3,0.0,1.0,0.04411764705882353,68.0,,
pad,47,softmax,0.1,4,0.0,1.0,0.16666666666666666,6.0,,
pad,47,softmax,0.1,5,0.0,1.0,0.0,4.0,,
pad,47,softmax,0.1,0,0.0,1.0,,,0.7142857142857143,14.0
pad,47,softmax,0.15,1,0.0,1.0,0.041666666666666664,24.0,,
pad,47,softmax,0.15,2,0.0,1.0,0.06629834254143646,181.0,,
pad,47,softmax,0.15,3,0.0,1.0,0.04411764705882353,68.0,,
pad,47,softmax,0.15,4,0.0,1.0,0.16666666666666666,6.0,,
pad,47,softmax,0.15,5,0.0,1.0,0.0,4.0,,
pad,47,softmax,0.15,0,0.0,1.0,,,0.7142857142857143,14.0
pad,47,temp,0.05,1,0.3438540089444211,3.7804687940902837,0.041666666666666664,24.0,,
pad,47,temp,0.05,2,0.3438540089444211,3.7804687940902837,0.06629834254143646,181.0,,
pad,47,temp,0.05,3,0.3438540089444211,3.7804687940902837,0.029411764705882353,68.0,,
pad,47,temp,0.05,4,0.3438540089444211,3.7804687940902837,0.16666666666666666,6.0,,
pad,47,temp,0.05,5,0.3438540089444211,3.7804687940902837,0.0,4.0,,
pad,47,temp,0.05,0,0.3438540089444211,3.7804687940902837,,,0.7142857142857143,14.0
pad,47,temp,0.1,1,0.0,3.7804687940902837,0.041666666666666664,24.0,,
pad,47,temp,0.1,2,0.0,3.7804687940902837,0.06629834254143646,181.0,,
pad,47,temp,0.1,3,0.0,3.7804687940902837,0.04411764705882353,68.0,,
pad,47,temp,0.1,4,0.0,3.7804687940902837,0.16666666666666666,6.0,,
pad,47,temp,0.1,5,0.0,3.7804687940902837,0.0,4.0,,
pad,47,temp,0.1,0,0.0,3.7804687940902837,,,0.7142857142857143,14.0
pad,47,temp,0.15,1,0.0,3.7804687940902837,0.041666666666666664,24.0,,
pad,47,temp,0.15,2,0.0,3.7804687940902837,0.06629834254143646,181.0,,
pad,47,temp,0.15,3,0.0,3.7804687940902837,0.04411764705882353,68.0,,
pad,47,temp,0.15,4,0.0,3.7804687940902837,0.16666666666666666,6.0,,
pad,47,temp,0.15,5,0.0,3.7804687940902837,0.0,4.0,,
pad,47,temp,0.15,0,0.0,3.7804687940902837,,,0.7142857142857143,14.0
hiba,48,softmax,0.05,1,0.9838066037200456,1.0,0.0,21.0,,
hiba,48,softmax,0.05,2,0.9838066037200456,1.0,0.06060606060606061,132.0,,
hiba,48,softmax,0.05,3,0.9838066037200456,1.0,0.0,11.0,,
hiba,48,softmax,0.05,0,0.9838066037200456,1.0,,,0.31840796019900497,201.0
hiba,48,softmax,0.1,1,0.9125744603552982,1.0,0.047619047619047616,21.0,,
hiba,48,softmax,0.1,2,0.9125744603552982,1.0,0.09848484848484848,132.0,,
hiba,48,softmax,0.1,3,0.9125744603552982,1.0,0.0,11.0,,
hiba,48,softmax,0.1,0,0.9125744603552982,1.0,,,0.5621890547263682,201.0
hiba,48,softmax,0.15,1,0.7785682706264381,1.0,0.09523809523809523,21.0,,
hiba,48,softmax,0.15,2,0.7785682706264381,1.0,0.12121212121212122,132.0,,
hiba,48,softmax,0.15,3,0.7785682706264381,1.0,0.0,11.0,,
hiba,48,softmax,0.15,0,0.7785682706264381,1.0,,,0.7064676616915423,201.0
hiba,48,temp,0.05,1,0.46266970230296056,5.304885654321943,0.047619047619047616,21.0,,
hiba,48,temp,0.05,2,0.46266970230296056,5.304885654321943,0.045454545454545456,132.0,,
hiba,48,temp,0.05,3,0.46266970230296056,5.304885654321943,0.0,11.0,,
hiba,48,temp,0.05,0,0.46266970230296056,5.304885654321943,,,0.4527363184079602,201.0
hiba,48,temp,0.1,1,0.3640413704087172,5.304885654321943,0.047619047619047616,21.0,,
hiba,48,temp,0.1,2,0.3640413704087172,5.304885654321943,0.09848484848484848,132.0,,
hiba,48,temp,0.1,3,0.3640413704087172,5.304885654321943,0.09090909090909091,11.0,,
hiba,48,temp,0.1,0,0.3640413704087172,5.304885654321943,,,0.681592039800995,201.0
hiba,48,temp,0.15,1,0.33238922933171583,5.304885654321943,0.14285714285714285,21.0,,
hiba,48,temp,0.15,2,0.33238922933171583,5.304885654321943,0.10606060606060606,132.0,,
hiba,48,temp,0.15,3,0.33238922933171583,5.304885654321943,0.09090909090909091,11.0,,
hiba,48,temp,0.15,0,0.33238922933171583,5.304885654321943,,,0.7661691542288557,201.0
pad,48,softmax,0.05,1,0.6628343487884106,1.0,0.0,24.0,,
pad,48,softmax,0.05,2,0.6628343487884106,1.0,0.053691275167785234,149.0,,
pad,48,softmax,0.05,3,0.6628343487884106,1.0,0.03260869565217391,92.0,,
pad,48,softmax,0.05,4,0.6628343487884106,1.0,0.0,6.0,,
pad,48,softmax,0.05,5,0.6628343487884106,1.0,0.0,4.0,,
pad,48,softmax,0.05,0,0.6628343487884106,1.0,,,0.6363636363636364,22.0
pad,48,softmax,0.1,1,0.0,1.0,0.0,24.0,,
pad,48,softmax,0.1,2,0.0,1.0,0.0738255033557047,149.0,,
pad,48,softmax,0.1,3,0.0,1.0,0.03260869565217391,92.0,,
pad,48,softmax,0.1,4,0.0,1.0,0.0,6.0,,
pad,48,softmax,0.1,5,0.0,1.0,0.0,4.0,,
pad,48,softmax,0.1,0,0.0,1.0,,,0.7272727272727273,22.0
pad,48,softmax,0.15,1,0.0,1.0,0.0,24.0,,
pad,48,softmax,0.15,2,0.0,1.0,0.0738255033557047,149.0,,
pad,48,softmax,0.15,3,0.0,1.0,0.03260869565217391,92.0,,
pad,48,softmax,0.15,4,0.0,1.0,0.0,6.0,,
pad,48,softmax,0.15,5,0.0,1.0,0.0,4.0,,
pad,48,softmax,0.15,0,0.0,1.0,,,0.7272727272727273,22.0
pad,48,temp,0.05,1,0.3585624358023516,3.9908224172496456,0.0,24.0,,
pad,48,temp,0.05,2,0.3585624358023516,3.9908224172496456,0.06040268456375839,149.0,,
pad,48,temp,0.05,3,0.3585624358023516,3.9908224172496456,0.03260869565217391,92.0,,
pad,48,temp,0.05,4,0.3585624358023516,3.9908224172496456,0.0,6.0,,
pad,48,temp,0.05,5,0.3585624358023516,3.9908224172496456,0.0,4.0,,
pad,48,temp,0.05,0,0.3585624358023516,3.9908224172496456,,,0.6818181818181818,22.0
pad,48,temp,0.1,1,0.0,3.9908224172496456,0.0,24.0,,
pad,48,temp,0.1,2,0.0,3.9908224172496456,0.0738255033557047,149.0,,
pad,48,temp,0.1,3,0.0,3.9908224172496456,0.03260869565217391,92.0,,
pad,48,temp,0.1,4,0.0,3.9908224172496456,0.0,6.0,,
pad,48,temp,0.1,5,0.0,3.9908224172496456,0.0,4.0,,
pad,48,temp,0.1,0,0.0,3.9908224172496456,,,0.7272727272727273,22.0
pad,48,temp,0.15,1,0.0,3.9908224172496456,0.0,24.0,,
pad,48,temp,0.15,2,0.0,3.9908224172496456,0.0738255033557047,149.0,,
pad,48,temp,0.15,3,0.0,3.9908224172496456,0.03260869565217391,92.0,,
pad,48,temp,0.15,4,0.0,3.9908224172496456,0.0,6.0,,
pad,48,temp,0.15,5,0.0,3.9908224172496456,0.0,4.0,,
pad,48,temp,0.15,0,0.0,3.9908224172496456,,,0.7272727272727273,22.0
hiba,49,softmax,0.05,1,0.9822602330936657,1.0,0.0,17.0,,
hiba,49,softmax,0.05,2,0.9822602330936657,1.0,0.05555555555555555,108.0,,
hiba,49,softmax,0.05,3,0.9822602330936657,1.0,0.0,8.0,,
hiba,49,softmax,0.05,0,0.9822602330936657,1.0,,,0.32196969696969696,264.0
hiba,49,softmax,0.1,1,0.9084149145402992,1.0,0.11764705882352941,17.0,,
hiba,49,softmax,0.1,2,0.9084149145402992,1.0,0.12037037037037036,108.0,,
hiba,49,softmax,0.1,3,0.9084149145402992,1.0,0.125,8.0,,
hiba,49,softmax,0.1,0,0.9084149145402992,1.0,,,0.5946969696969697,264.0
hiba,49,softmax,0.15,1,0.7632905652065394,1.0,0.17647058823529413,17.0,,
hiba,49,softmax,0.15,2,0.7632905652065394,1.0,0.14814814814814814,108.0,,
hiba,49,softmax,0.15,3,0.7632905652065394,1.0,0.125,8.0,,
hiba,49,softmax,0.15,0,0.7632905652065394,1.0,,,0.7613636363636364,264.0
hiba,49,temp,0.05,1,0.46446699690818916,5.229898114992498,0.0,17.0,,
hiba,49,temp,0.05,2,0.46446699690818916,5.229898114992498,0.05555555555555555,108.0,,
hiba,49,temp,0.05,3,0.46446699690818916,5.229898114992498,0.0,8.0,,
hiba,49,temp,0.05,0,0.46446699690818916,5.229898114992498,,,0.48863636363636365,264.0
hiba,49,temp,0.1,1,0.3669290475564945,5.229898114992498,0.058823529411764705,17.0,,
hiba,49,temp,0.1,2,0.3669290475564945,5.229898114992498,0.10185185185185185,108.0,,
hiba,49,temp,0.1,3,0.3669290475564945,5.229898114992498,0.125,8.0,,
hiba,49,temp,0.1,0,0.3669290475564945,5.229898114992498,,,0.7424242424242424,264.0
hiba,49,temp,0.15,1,0.3287750497437623,5.229898114992498,0.17647058823529413,17.0,,
hiba,49,temp,0.15,2,0.3287750497437623,5.229898114992498,0.1388888888888889,108.0,,
hiba,49,temp,0.15,3,0.3287750497437623,5.229898114992498,0.125,8.0,,
hiba,49,temp,0.15,0,0.3287750497437623,5.229898114992498,,,0.821969696969697,264.0
pad,49,softmax,0.05,1,0.6693533083454017,1.0,0.0,21.0,,
pad,49,softmax,0.05,2,0.6693533083454017,1.0,0.057971014492753624,138.0,,
pad,49,softmax,0.05,3,0.6693533083454017,1.0,0.015384615384615385,65.0,,
pad,49,softmax,0.05,4,0.6693533083454017,1.0,0.2,5.0,,
pad,49,softmax,0.05,5,0.6693533083454017,1.0,0.0,4.0,,
pad,49,softmax,0.05,0,0.6693533083454017,1.0,,,0.4117647058823529,17.0
pad,49,softmax,0.1,1,0.0,1.0,0.0,21.0,,
pad,49,softmax,0.1,2,0.0,1.0,0.07246376811594203,138.0,,
pad,49,softmax,0.1,3,0.0,1.0,0.03076923076923077,65.0,,
pad,49,softmax,0.1,4,0.0,1.0,0.2,5.0,,
pad,49,softmax,0.1,5,0.0,1.0,0.0,4.0,,
pad,49,softmax,0.1,0,0.0,1.0,,,0.6470588235294118,17.0
pad,49,softmax,0.15,1,0.0,1.0,0.0,21.0,,
pad,49,softmax,0.15,2,0.0,1.0,0.07246376811594203,138.0,,
pad,49,softmax,0.15,3,0.0,1.0,0.03076923076923077,65.0,,
pad,49,softmax,0.15,4,0.0,1.0,0.2,5.0,,
pad,49,softmax,0.15,5,0.0,1.0,0.0,4.0,,
pad,49,softmax,0.15,0,0.0,1.0,,,0.6470588235294118,17.0
pad,49,temp,0.05,1,0.40553544660930646,3.8011678869100933,0.0,21.0,,
pad,49,temp,0.05,2,0.40553544660930646,3.8011678869100933,0.050724637681159424,138.0,,
pad,49,temp,0.05,3,0.40553544660930646,3.8011678869100933,0.0,65.0,,
pad,49,temp,0.05,4,0.40553544660930646,3.8011678869100933,0.2,5.0,,
pad,49,temp,0.05,5,0.40553544660930646,3.8011678869100933,0.0,4.0,,
pad,49,temp,0.05,0,0.40553544660930646,3.8011678869100933,,,0.5294117647058824,17.0
pad,49,temp,0.1,1,0.0,3.8011678869100933,0.0,21.0,,
pad,49,temp,0.1,2,0.0,3.8011678869100933,0.07246376811594203,138.0,,
pad,49,temp,0.1,3,0.0,3.8011678869100933,0.03076923076923077,65.0,,
pad,49,temp,0.1,4,0.0,3.8011678869100933,0.2,5.0,,
pad,49,temp,0.1,5,0.0,3.8011678869100933,0.0,4.0,,
pad,49,temp,0.1,0,0.0,3.8011678869100933,,,0.6470588235294118,17.0
pad,49,temp,0.15,1,0.0,3.8011678869100933,0.0,21.0,,
pad,49,temp,0.15,2,0.0,3.8011678869100933,0.07246376811594203,138.0,,
pad,49,temp,0.15,3,0.0,3.8011678869100933,0.03076923076923077,65.0,,
pad,49,temp,0.15,4,0.0,3.8011678869100933,0.2,5.0,,
pad,49,temp,0.15,5,0.0,3.8011678869100933,0.0,4.0,,
pad,49,temp,0.15,0,0.0,3.8011678869100933,,,0.6470588235294118,17.0
hiba,50,softmax,0.05,1,0.9856962245681058,1.0,0.05,20.0,,
hiba,50,softmax,0.05,2,0.9856962245681058,1.0,0.008849557522123894,113.0,,
hiba,50,softmax,0.05,3,0.9856962245681058,1.0,0.0,16.0,,
hiba,50,softmax,0.05,0,0.9856962245681058,1.0,,,0.2832369942196532,173.0
hiba,50,softmax,0.1,1,0.9429983628334453,1.0,0.1,20.0,,
hiba,50,softmax,0.1,2,0.9429983628334453,1.0,0.061946902654867256,113.0,,
hiba,50,softmax,0.1,3,0.9429983628334453,1.0,0.0625,16.0,,
hiba,50,softmax,0.1,0,0.9429983628334453,1.0,,,0.43352601156069365,173.0
hiba,50,softmax,0.15,1,0.8055469274411764,1.0,0.15,20.0,,
hiba,50,softmax,0.15,2,0.8055469274411764,1.0,0.08849557522123894,113.0,,
hiba,50,softmax,0.15,3,0.8055469274411764,1.0,0.125,16.0,,
hiba,50,softmax,0.15,0,0.8055469274411764,1.0,,,0.6878612716763006,173.0
hiba,50,temp,0.05,1,0.531542869348342,4.777142708516993,0.05,20.0,,
hiba,50,temp,0.05,2,0.531542869348342,4.777142708516993,0.0,113.0,,
hiba,50,temp,0.05,3,0.531542869348342,4.777142708516993,0.0,16.0,,
hiba,50,temp,0.05,0,0.531542869348342,4.777142708516993,,,0.3352601156069364,173.0
hiba,50,temp,0.1,1,0.41930954768672163,4.777142708516993,0.1,20.0,,
hiba,50,temp,0.1,2,0.41930954768672163,4.777142708516993,0.07079646017699115,113.0,,
hiba,50,temp,0.1,3,0.41930954768672163,4.777142708516993,0.0625,16.0,,
hiba,50,temp,0.1,0,0.41930954768672163,4.777142708516993,,,0.5780346820809249,173.0
hiba,50,temp,0.15,1,0.36343287650411726,4.777142708516993,0.1,20.0,,
hiba,50,temp,0.15,2,0.36343287650411726,4.777142708516993,0.11504424778761062,113.0,,
hiba,50,temp,0.15,3,0.36343287650411726,4.777142708516993,0.125,16.0,,
hiba,50,temp,0.15,0,0.36343287650411726,4.777142708516993,,,0.6878612716763006,173.0
pad,50,softmax,0.05,1,0.0,1.0,0.0,24.0,,
pad,50,softmax,0.05,2,0.0,1.0,0.06493506493506493,154.0,,
pad,50,softmax,0.05,3,0.0,1.0,0.06578947368421052,76.0,,
pad,50,softmax,0.05,4,0.0,1.0,0.09090909090909091,11.0,,
pad,50,softmax,0.05,5,0.0,1.0,0.0,2.0,,
pad,50,softmax,0.05,0,0.0,1.0,,,0.5714285714285714,21.0
pad,50,softmax,0.1,1,0.0,1.0,0.0,24.0,,
pad,50,softmax,0.1,2,0.0,1.0,0.06493506493506493,154.0,,
pad,50,softmax,0.1,3,0.0,1.0,0.06578947368421052,76.0,,
pad,50,softmax,0.1,4,0.0,1.0,0.09090909090909091,11.0,,
pad,50,softmax,0.1,5,0.0,1.0,0.0,2.0,,
pad,50,softmax,0.1,0,0.0,1.0,,,0.5714285714285714,21.0
pad,50,softmax,0.15,1,0.0,1.0,0.0,24.0,,
pad,50,softmax,0.15,2,0.0,1.0,0.06493506493506493,154.0,,
pad,50,softmax,0.15,3,0.0,1.0,0.06578947368421052,76.0,,
pad,50,softmax,0.15,4,0.0,1.0,0.09090909090909091,11.0,,
pad,50,softmax,0.15,5,0.0,1.0,0.0,2.0,,
pad,50,softmax,0.15,0,0.0,1.0,,,0.5714285714285714,21.0
pad,50,temp,0.05,1,0.0,3.707768729499625,0.0,24.0,,
pad,50,temp,0.05,2,0.0,3.707768729499625,0.06493506493506493,154.0,,
pad,50,temp,0.05,3,0.0,3.707768729499625,0.06578947368421052,76.0,,
pad,50,temp,0.05,4,0.0,3.707768729499625,0.09090909090909091,11.0,,
pad,50,temp,0.05,5,0.0,3.707768729499625,0.0,2.0,,
pad,50,temp,0.05,0,0.0,3.707768729499625,,,0.5714285714285714,21.0
pad,50,temp,0.1,1,0.0,3.707768729499625,0.0,24.0,,
pad,50,temp,0.1,2,0.0,3.707768729499625,0.06493506493506493,154.0,,
pad,50,temp,0.1,3,0.0,3.707768729499625,0.06578947368421052,76.0,,
pad,50,temp,0.1,4,0.0,3.707768729499625,0.09090909090909091,11.0,,
pad,50,temp,0.1,5,0.0,3.707768729499625,0.0,2.0,,
pad,50,temp,0.1,0,0.0,3.707768729499625,,,0.5714285714285714,21.0
pad,50,temp,0.15,1,0.0,3.707768729499625,0.0,24.0,,
pad,50,temp,0.15,2,0.0,3.707768729499625,0.06493506493506493,154.0,,
pad,50,temp,0.15,3,0.0,3.707768729499625,0.06578947368421052,76.0,,
pad,50,temp,0.15,4,0.0,3.707768729499625,0.09090909090909091,11.0,,
pad,50,temp,0.15,5,0.0,3.707768729499625,0.0,2.0,,
pad,50,temp,0.15,0,0.0,3.707768729499625,,,0.5714285714285714,21.0
hiba,51,softmax,0.05,1,0.9846141675845362,1.0,0.0,19.0,,
hiba,51,softmax,0.05,2,0.9846141675845362,1.0,0.03636363636363636,110.0,,
hiba,51,softmax,0.05,3,0.9846141675845362,1.0,0.0,9.0,,
hiba,51,softmax,0.05,0,0.9846141675845362,1.0,,,0.3315508021390374,187.0
hiba,51,softmax,0.1,1,0.9073360195904827,1.0,0.0,19.0,,
hiba,51,softmax,0.1,2,0.9073360195904827,1.0,0.13636363636363635,110.0,,
hiba,51,softmax,0.1,3,0.9073360195904827,1.0,0.0,9.0,,
hiba,51,softmax,0.1,0,0.9073360195904827,1.0,,,0.5508021390374331,187.0
hiba,51,softmax,0.15,1,0.7034206539446549,1.0,0.05263157894736842,19.0,,
hiba,51,softmax,0.15,2,0.7034206539446549,1.0,0.17272727272727273,110.0,,
hiba,51,softmax,0.15,3,0.7034206539446549,1.0,0.1111111111111111,9.0,,
hiba,51,softmax,0.15,0,0.7034206539446549,1.0,,,0.7379679144385026,187.0
hiba,51,temp,0.05,1,0.5002709455685528,4.704763307452151,0.0,19.0,,
hiba,51,temp,0.05,2,0.5002709455685528,4.704763307452151,0.06363636363636363,110.0,,
hiba,51,temp,0.05,3,0.5002709455685528,4.704763307452151,0.0,9.0,,
hiba,51,temp,0.05,0,0.5002709455685528,4.704763307452151,,,0.45989304812834225,187.0
hiba,51,temp,0.1,1,0.3766339237805902,4.704763307452151,0.0,19.0,,
hiba,51,temp,0.1,2,0.3766339237805902,4.704763307452151,0.12727272727272726,110.0,,
hiba,51,temp,0.1,3,0.3766339237805902,4.704763307452151,0.1111111111111111,9.0,,
hiba,51,temp,0.1,0,0.3766339237805902,4.704763307452151,,,0.7112299465240641,187.0
hiba,51,temp,0.15,1,0.34190965559605374,4.704763307452151,0.05263157894736842,19.0,,
hiba,51,temp,0.15,2,0.34190965559605374,4.704763307452151,0.14545454545454545,110.0,,
hiba,51,temp,0.15,3,0.34190965559605374,4.704763307452151,0.1111111111111111,9.0,,
hiba,51,temp,0.15,0,0.34190965559605374,4.704763307452151,,,0.786096256684492,187.0
pad,51,softmax,0.05,1,0.5812899819385543,1.0,0.0,30.0,,
pad,51,softmax,0.05,2,0.5812899819385543,1.0,0.06790123456790123,162.0,,
pad,51,softmax,0.05,3,0.5812899819385543,1.0,0.05555555555555555,54.0,,
pad,51,softmax,0.05,4,0.5812899819385543,1.0,0.0,9.0,,
pad,51,softmax,0.05,5,0.5812899819385543,1.0,0.0,1.0,,
pad,51,softmax,0.05,0,0.5812899819385543,1.0,,,0.8571428571428571,14.0
pad,51,softmax,0.1,1,0.0,1.0,0.0,30.0,,
pad,51,softmax,0.1,2,0.0,1.0,0.07407407407407407,162.0,,
pad,51,softmax,0.1,3,0.0,1.0,0.05555555555555555,54.0,,
pad,51,softmax,0.1,4,0.0,1.0,0.0,9.0,,
pad,51,softmax,0.1,5,0.0,1.0,0.0,1.0,,
pad,51,softmax,0.1,0,0.0,1.0,,,0.9285714285714286,14.0
pad,51,softmax,0.15,1,0.0,1.0,0.0,30.0,,
pad,51,softmax,0.15,2,0.0,1.0,0.07407407407407407,162.0,,
pad,51,softmax,0.15,3,0.0,1.0,0.05555555555555555,54.0,,
pad,51,softmax,0.15,4,0.0,1.0,0.0,9.0,,
pad,51,softmax,0.15,5,0.0,1.0,0.0,1.0,,
pad,51,softmax,0.15,0,0.0,1.0,,,0.9285714285714286,14.0
pad,51,temp,0.05,1,0.4149060105911706,3.6528329403917845,0.0,30.0,,
pad,51,temp,0.05,2,0.4149060105911706,3.6528329403917845,0.043209876543209874,162.0,,
pad,51,temp,0.05,3,0.4149060105911706,3.6528329403917845,0.018518518518518517,54.0,,
pad,51,temp,0.05,4,0.4149060105911706,3.6528329403917845,0.0,9.0,,
pad,51,temp,0.05,5,0.4149060105911706,3.6528329403917845,0.0,1.0,,
pad,51,temp,0.05,0,0.4149060105911706,3.6528329403917845,,,0.7857142857142857,14.0
pad,51,temp,0.1,1,0.0,3.6528329403917845,0.0,30.0,,
pad,51,temp,0.1,2,0.0,3.6528329403917845,0.07407407407407407,162.0,,
pad,51,temp,0.1,3,0.0,3.6528329403917845,0.05555555555555555,54.0,,
pad,51,temp,0.1,4,0.0,3.6528329403917845,0.0,9.0,,
pad,51,temp,0.1,5,0.0,3.6528329403917845,0.0,1.0,,
pad,51,temp,0.1,0,0.0,3.6528329403917845,,,0.9285714285714286,14.0
pad,51,temp,0.15,1,0.0,3.6528329403917845,0.0,30.0,,
pad,51,temp,0.15,2,0.0,3.6528329403917845,0.07407407407407407,162.0,,
pad,51,temp,0.15,3,0.0,3.6528329403917845,0.05555555555555555,54.0,,
pad,51,temp,0.15,4,0.0,3.6528329403917845,0.0,9.0,,
pad,51,temp,0.15,5,0.0,3.6528329403917845,0.0,1.0,,
pad,51,temp,0.15,0,0.0,3.6528329403917845,,,0.9285714285714286,14.0
hiba,52,softmax,0.05,1,0.9778988591973208,1.0,0.09090909090909091,11.0,,
hiba,52,softmax,0.05,2,0.9778988591973208,1.0,0.04580152671755725,131.0,,
hiba,52,softmax,0.05,3,0.9778988591973208,1.0,0.0,7.0,,
hiba,52,softmax,0.05,0,0.9778988591973208,1.0,,,0.24855491329479767,173.0
hiba,52,softmax,0.1,1,0.7942128716685251,1.0,0.18181818181818182,11.0,,
hiba,52,softmax,0.1,2,0.7942128716685251,1.0,0.15267175572519084,131.0,,
hiba,52,softmax,0.1,3,0.7942128716685251,1.0,0.0,7.0,,
hiba,52,softmax,0.1,0,0.7942128716685251,1.0,,,0.630057803468208,173.0
hiba,52,softmax,0.15,1,0.6252473806085663,1.0,0.2727272727272727,11.0,,
hiba,52,softmax,0.15,2,0.6252473806085663,1.0,0.21374045801526717,131.0,,
hiba,52,softmax,0.15,3,0.6252473806085663,1.0,0.14285714285714285,7.0,,
hiba,52,softmax,0.15,0,0.6252473806085663,1.0,,,0.7687861271676301,173.0
hiba,52,temp,0.05,1,0.464620136236235,4.773413991621089,0.09090909090909091,11.0,,
hiba,52,temp,0.05,2,0.464620136236235,4.773413991621089,0.06870229007633588,131.0,,
hiba,52,temp,0.05,3,0.464620136236235,4.773413991621089,0.0,7.0,,
hiba,52,temp,0.05,0,0.464620136236235,4.773413991621089,,,0.36416184971098264,173.0
hiba,52,temp,0.1,1,0.35915107678779434,4.773413991621089,0.09090909090909091,11.0,,
hiba,52,temp,0.1,2,0.35915107678779434,4.773413991621089,0.16793893129770993,131.0,,
hiba,52,temp,0.1,3,0.35915107678779434,4.773413991621089,0.0,7.0,,
hiba,52,temp,0.1,0,0.35915107678779434,4.773413991621089,,,0.7167630057803468,173.0
hiba,52,temp,0.15,1,0.3199804144455596,4.773413991621089,0.2727272727272727,11.0,,
hiba,52,temp,0.15,2,0.3199804144455596,4.773413991621089,0.20610687022900764,131.0,,
hiba,52,temp,0.15,3,0.3199804144455596,4.773413991621089,0.14285714285714285,7.0,,
hiba,52,temp,0.15,0,0.3199804144455596,4.773413991621089,,,0.8092485549132948,173.0
pad,52,softmax,0.05,1,0.0,1.0,0.03333333333333333,30.0,,
pad,52,softmax,0.05,2,0.0,1.0,0.05625,160.0,,
pad,52,softmax,0.05,3,0.0,1.0,0.057971014492753624,69.0,,
pad,52,softmax,0.05,4,0.0,1.0,0.2,5.0,,
pad,52,softmax,0.05,5,0.0,1.0,0.0,5.0,,
pad,52,softmax,0.05,0,0.0,1.0,,,0.5,16.0
pad,52,softmax,0.1,1,0.0,1.0,0.03333333333333333,30.0,,
pad,52,softmax,0.1,2,0.0,1.0,0.05625,160.0,,
pad,52,softmax,0.1,3,0.0,1.0,0.057971014492753624,69.0,,
pad,52,softmax,0.1,4,0.0,1.0,0.2,5.0,,
pad,52,softmax,0.1,5,0.0,1.0,0.0,5.0,,
pad,52,softmax,0.1,0,0.0,1.0,,,0.5,16.0
pad,52,softmax,0.15,1,0.0,1.0,0.03333333333333333,30.0,,
pad,52,softmax,0.15,2,0.0,1.0,0.05625,160.0,,
pad,52,softmax,0.15,3,0.0,1.0,0.057971014492753624,69.0,,
pad,52,softmax,0.15,4,0.0,1.0,0.2,5.0,,
pad,52,softmax,0.15,5,0.0,1.0,0.0,5.0,,
pad,52,softmax,0.15,0,0.0,1.0,,,0.5,16.0
pad,52,temp,0.05,1,0.0,3.465711099779426,0.03333333333333333,30.0,,
pad,52,temp,0.05,2,0.0,3.465711099779426,0.05625,160.0,,
pad,52,temp,0.05,3,0.0,3.465711099779426,0.057971014492753624,69.0,,
pad,52,temp,0.05,4,0.0,3.465711099779426,0.2,5.0,,
pad,52,temp,0.05,5,0.0,3.465711099779426,0.0,5.0,,
pad,52,temp,0.05,0,0.0,3.465711099779426,,,0.5,16.0
pad,52,temp,0.1,1,0.0,3.465711099779426,0.03333333333333333,30.0,,
pad,52,temp,0.1,2,0.0,3.465711099779426,0.05625,160.0,,
pad,52,temp,0.1,3,0.0,3.465711099779426,0.057971014492753624,69.0,,
pad,52,temp,0.1,4,0.0,3.465711099779426,0.2,5.0,,
pad,52,temp,0.1,5,0.0,3.465711099779426,0.0,5.0,,
pad,52,temp,0.1,0,0.0,3.465711099779426,,,0.5,16.0
pad,52,temp,0.15,1,0.0,3.465711099779426,0.03333333333333333,30.0,,
pad,52,temp,0.15,2,0.0,3.465711099779426,0.05625,160.0,,
pad,52,temp,0.15,3,0.0,3.465711099779426,0.057971014492753624,69.0,,
pad,52,temp,0.15,4,0.0,3.465711099779426,0.2,5.0,,
pad,52,temp,0.15,5,0.0,3.465711099779426,0.0,5.0,,
pad,52,temp,0.15,0,0.0,3.465711099779426,,,0.5,16.0
hiba,53,softmax,0.05,1,0.9792741068870773,1.0,0.041666666666666664,24.0,,
hiba,53,softmax,0.05,2,0.9792741068870773,1.0,0.0423728813559322,118.0,,
hiba,53,softmax,0.05,3,0.9792741068870773,1.0,0.0,17.0,,
hiba,53,softmax,0.05,0,0.9792741068870773,1.0,,,0.36477987421383645,159.0
hiba,53,softmax,0.1,1,0.9125744603552982,1.0,0.08333333333333333,24.0,,
hiba,53,softmax,0.1,2,0.9125744603552982,1.0,0.07627118644067797,118.0,,
hiba,53,softmax,0.1,3,0.9125744603552982,1.0,0.058823529411764705,17.0,,
hiba,53,softmax,0.1,0,0.9125744603552982,1.0,,,0.5911949685534591,159.0
hiba,53,softmax,0.15,1,0.7158810020486885,1.0,0.16666666666666666,24.0,,
hiba,53,softmax,0.15,2,0.7158810020486885,1.0,0.1271186440677966,118.0,,
hiba,53,softmax,0.15,3,0.7158810020486885,1.0,0.17647058823529413,17.0,,
hiba,53,softmax,0.15,0,0.7158810020486885,1.0,,,0.7735849056603774,159.0
hiba,53,temp,0.05,1,0.49476217450139703,4.782517157061791,0.041666666666666664,24.0,,
hiba,53,temp,0.05,2,0.49476217450139703,4.782517157061791,0.0423728813559322,118.0,,
hiba,53,temp,0.05,3,0.49476217450139703,4.782517157061791,0.0,17.0,,
hiba,53,temp,0.05,0,0.49476217450139703,4.782517157061791,,,0.46540880503144655,159.0
hiba,53,temp,0.1,1,0.381244707941371,4.782517157061791,0.08333333333333333,24.0,,
hiba,53,temp,0.1,2,0.381244707941371,4.782517157061791,0.0847457627118644,118.0,,
hiba,53,temp,0.1,3,0.381244707941371,4.782517157061791,0.058823529411764705,17.0,,
hiba,53,temp,0.1,0,0.381244707941371,4.782517157061791,,,0.7358490566037735,159.0
hiba,53,temp,0.15,1,0.3378686364995316,4.782517157061791,0.125,24.0,,
hiba,53,temp,0.15,2,0.3378686364995316,4.782517157061791,0.11864406779661017,118.0,,
hiba,53,temp,0.15,3,0.3378686364995316,4.782517157061791,0.17647058823529413,17.0,,
hiba,53,temp,0.15,0,0.3378686364995316,4.782517157061791,,,0.779874213836478,159.0
pad,53,softmax,0.05,1,0.4223232981217717,1.0,0.0,28.0,,
pad,53,softmax,0.05,2,0.4223232981217717,1.0,0.06547619047619048,168.0,,
pad,53,softmax,0.05,3,0.4223232981217717,1.0,0.06172839506172839,81.0,,
pad,53,softmax,0.05,4,0.4223232981217717,1.0,0.1111111111111111,9.0,,
pad,53,softmax,0.05,5,0.4223232981217717,1.0,0.0,3.0,,
pad,53,softmax,0.05,0,0.4223232981217717,1.0,,,0.6842105263157895,19.0
pad,53,softmax,0.1,1,0.0,1.0,0.0,28.0,,
pad,53,softmax,0.1,2,0.0,1.0,0.06547619047619048,168.0,,
pad,53,softmax,0.1,3,0.0,1.0,0.06172839506172839,81.0,,
pad,53,softmax,0.1,4,0.0,1.0,0.1111111111111111,9.0,,
pad,53,softmax,0.1,5,0.0,1.0,0.0,3.0,,
pad,53,softmax,0.1,0,0.0,1.0,,,0.6842105263157895,19.0
pad,53,softmax,0.15,1,0.0,1.0,0.0,28.0,,
pad,53,softmax,0.15,2,0.0,1.0,0.06547619047619048,168.0,,
pad,53,softmax,0.15,3,0.0,1.0,0.06172839506172839,81.0,,
pad,53,softmax,0.15,4,0.0,1.0,0.1111111111111111,9.0,,
pad,53,softmax,0.15,5,0.0,1.0,0.0,3.0,,
pad,53,softmax,0.15,0,0.0,1.0,,,0.6842105263157895,19.0
pad,53,temp,0.05,1,0.2674254041631474,3.693349632485231,0.0,28.0,,
pad,53,temp,0.05,2,0.2674254041631474,3.693349632485231,0.06547619047619048,168.0,,
pad,53,temp,0.05,3,0.2674254041631474,3.693349632485231,0.06172839506172839,81.0,,
pad,53,temp,0.05,4,0.2674254041631474,3.693349632485231,0.1111111111111111,9.0,,
pad,53,temp,0.05,5,0.2674254041631474,3.693349632485231,0.0,3.0,,
pad,53,temp,0.05,0,0.2674254041631474,3.693349632485231,,,0.6842105263157895,19.0
pad,53,temp,0.1,1,0.0,3.693349632485231,0.0,28.0,,
pad,53,temp,0.1,2,0.0,3.693349632485231,0.06547619047619048,168.0,,
pad,53,temp,0.1,3,0.0,3.693349632485231,0.06172839506172839,81.0,,
pad,53,temp,0.1,4,0.0,3.693349632485231,0.1111111111111111,9.0,,
pad,53,temp,0.1,5,0.0,3.693349632485231,0.0,3.0,,
pad,53,temp,0.1,0,0.0,3.693349632485231,,,0.6842105263157895,19.0
pad,53,temp,0.15,1,0.0,3.693349632485231,0.0,28.0,,
pad,53,temp,0.15,2,0.0,3.693349632485231,0.06547619047619048,168.0,,
pad,53,temp,0.15,3,0.0,3.693349632485231,0.06172839506172839,81.0,,
pad,53,temp,0.15,4,0.0,3.693349632485231,0.1111111111111111,9.0,,
pad,53,temp,0.15,5,0.0,3.693349632485231,0.0,3.0,,
pad,53,temp,0.15,0,0.0,3.693349632485231,,,0.6842105263157895,19.0
hiba,54,softmax,0.05,1,0.9856962245681058,1.0,0.0,16.0,,
hiba,54,softmax,0.05,2,0.9856962245681058,1.0,0.02727272727272727,110.0,,
hiba,54,softmax,0.05,3,0.9856962245681058,1.0,0.0,13.0,,
hiba,54,softmax,0.05,0,0.9856962245681058,1.0,,,0.23121387283236994,173.0
hiba,54,softmax,0.1,1,0.9445072574669466,1.0,0.0625,16.0,,
hiba,54,softmax,0.1,2,0.9445072574669466,1.0,0.09090909090909091,110.0,,
hiba,54,softmax,0.1,3,0.9445072574669466,1.0,0.0,13.0,,
hiba,54,softmax,0.1,0,0.9445072574669466,1.0,,,0.3930635838150289,173.0
hiba,54,softmax,0.15,1,0.7681381522238634,1.0,0.1875,16.0,,
hiba,54,softmax,0.15,2,0.7681381522238634,1.0,0.14545454545454545,110.0,,
hiba,54,softmax,0.15,3,0.7681381522238634,1.0,0.0,13.0,,
hiba,54,softmax,0.15,0,0.7681381522238634,1.0,,,0.6647398843930635,173.0
hiba,54,temp,0.05,1,0.5340197747205108,4.487394842736387,0.0,16.0,,
hiba,54,temp,0.05,2,0.5340197747205108,4.487394842736387,0.03636363636363636,110.0,,
hiba,54,temp,0.05,3,0.5340197747205108,4.487394842736387,0.0,13.0,,
hiba,54,temp,0.05,0,0.5340197747205108,4.487394842736387,,,0.31213872832369943,173.0
hiba,54,temp,0.1,1,0.4189853588133643,4.487394842736387,0.0,16.0,,
hiba,54,temp,0.1,2,0.4189853588133643,4.487394842736387,0.1,110.0,,
hiba,54,temp,0.1,3,0.4189853588133643,4.487394842736387,0.07692307692307693,13.0,,
hiba,54,temp,0.1,0,0.4189853588133643,4.487394842736387,,,0.6242774566473989,173.0
hiba,54,temp,0.15,1,0.35127915455135683,4.487394842736387,0.125,16.0,,
hiba,54,temp,0.15,2,0.35127915455135683,4.487394842736387,0.16363636363636364,110.0,,
hiba,54,temp,0.15,3,0.35127915455135683,4.487394842736387,0.07692307692307693,13.0,,
hiba,54,temp,0.15,0,0.35127915455135683,4.487394842736387,,,0.7514450867052023,173.0
pad,54,softmax,0.05,1,0.0,1.0,0.03333333333333333,30.0,,
pad,54,softmax,0.05,2,0.0,1.0,0.042682926829268296,164.0,,
pad,54,softmax,0.05,3,0.0,1.0,0.1232876712328767,73.0,,
pad,54,softmax,0.05,4,0.0,1.0,0.09090909090909091,11.0,,
pad,54,softmax,0.05,5,0.0,1.0,0.0,3.0,,
pad,54,softmax,0.05,0,0.0,1.0,,,0.6666666666666666,21.0
pad,54,softmax,0.1,1,0.0,1.0,0.03333333333333333,30.0,,
pad,54,softmax,0.1,2,0.0,1.0,0.042682926829268296,164.0,,
pad,54,softmax,0.1,3,0.0,1.0,0.1232876712328767,73.0,,
pad,54,softmax,0.1,4,0.0,1.0,0.09090909090909091,11.0,,
pad,54,softmax,0.1,5,0.0,1.0,0.0,3.0,,
pad,54,softmax,0.1,0,0.0,1.0,,,0.6666666666666666,21.0
pad,54,softmax,0.15,1,0.0,1.0,0.03333333333333333,30.0,,
pad,54,softmax,0.15,2,0.0,1.0,0.042682926829268296,164.0,,
pad,54,softmax,0.15,3,0.0,1.0,0.1232876712328767,73.0,,
pad,54,softmax,0.15,4,0.0,1.0,0.09090909090909091,11.0,,
pad,54,softmax,0.15,5,0.0,1.0,0.0,3.0,,
pad,54,softmax,0.15,0,0.0,1.0,,,0.6666666666666666,21.0
pad,54,temp,0.05,1,0.0,3.616652694467248,0.03333333333333333,30.0,,
pad,54,temp,0.05,2,0.0,3.616652694467248,0.042682926829268296,164.0,,
pad,54,temp,0.05,3,0.0,3.616652694467248,0.1232876712328767,73.0,,
pad,54,temp,0.05,4,0.0,3.616652694467248,0.09090909090909091,11.0,,
pad,54,temp,0.05,5,0.0,3.616652694467248,0.0,3.0,,
pad,54,temp,0.05,0,0.0,3.616652694467248,,,0.6666666666666666,21.0
pad,54,temp,0.1,1,0.0,3.616652694467248,0.03333333333333333,30.0,,
pad,54,temp,0.1,2,0.0,3.616652694467248,0.042682926829268296,164.0,,
pad,54,temp,0.1,3,0.0,3.616652694467248,0.1232876712328767,73.0,,
pad,54,temp,0.1,4,0.0,3.616652694467248,0.09090909090909091,11.0,,
pad,54,temp,0.1,5,0.0,3.616652694467248,0.0,3.0,,
pad,54,temp,0.1,0,0.0,3.616652694467248,,,0.6666666666666666,21.0
pad,54,temp,0.15,1,0.0,3.616652694467248,0.03333333333333333,30.0,,
pad,54,temp,0.15,2,0.0,3.616652694467248,0.042682926829268296,164.0,,
pad,54,temp,0.15,3,0.0,3.616652694467248,0.1232876712328767,73.0,,
pad,54,temp,0.15,4,0.0,3.616652694467248,0.09090909090909091,11.0,,
pad,54,temp,0.15,5,0.0,3.616652694467248,0.0,3.0,,
pad,54,temp,0.15,0,0.0,3.616652694467248,,,0.6666666666666666,21.0
hiba,55,softmax,0.05,1,0.9768202254826834,1.0,0.0,17.0,,
hiba,55,softmax,0.05,2,0.9768202254826834,1.0,0.08333333333333333,108.0,,
hiba,55,softmax,0.05,3,0.9768202254826834,1.0,0.08333333333333333,12.0,,
hiba,55,softmax,0.05,0,0.9768202254826834,1.0,,,0.3103448275862069,174.0
hiba,55,softmax,0.1,1,0.902033007840934,1.0,0.11764705882352941,17.0,,
hiba,55,softmax,0.1,2,0.902033007840934,1.0,0.1111111111111111,108.0,,
hiba,55,softmax,0.1,3,0.902033007840934,1.0,0.08333333333333333,12.0,,
hiba,55,softmax,0.1,0,0.902033007840934,1.0,,,0.5172413793103449,174.0
hiba,55,softmax,0.15,1,0.690450120642592,1.0,0.17647058823529413,17.0,,
hiba,55,softmax,0.15,2,0.690450120642592,1.0,0.17592592592592593,108.0,,
hiba,55,softmax,0.15,3,0.690450120642592,1.0,0.16666666666666666,12.0,,
hiba,55,softmax,0.15,0,0.690450120642592,1.0,,,0.7586206896551724,174.0
hiba,55,temp,0.05,1,0.48041261099536997,4.729572197191724,0.0,17.0,,
hiba,55,temp,0.05,2,0.48041261099536997,4.729572197191724,0.06481481481481481,108.0,,
hiba,55,temp,0.05,3,0.48041261099536997,4.729572197191724,0.0,12.0,,
hiba,55,temp,0.05,0,0.48041261099536997,4.729572197191724,,,0.41379310344827586,174.0
hiba,55,temp,0.1,1,0.3902573737731811,4.729572197191724,0.0,17.0,,
hiba,55,temp,0.1,2,0.3902573737731811,4.729572197191724,0.08333333333333333,108.0,,
hiba,55,temp,0.1,3,0.3902573737731811,4.729572197191724,0.08333333333333333,12.0,,
hiba,55,temp,0.1,0,0.3902573737731811,4.729572197191724,,,0.6379310344827587,174.0
hiba,55,temp,0.15,1,0.3332147318809498,4.729572197191724,0.17647058823529413,17.0,,
hiba,55,temp,0.15,2,0.3332147318809498,4.729572197191724,0.1574074074074074,108.0,,
hiba,55,temp,0.15,3,0.3332147318809498,4.729572197191724,0.25,12.0,,
hiba,55,temp,0.15,0,0.3332147318809498,4.729572197191724,,,0.7988505747126436,174.0
pad,55,softmax,0.05,1,0.5839314184013117,1.0,0.037037037037037035,27.0,,
pad,55,softmax,0.05,2,0.5839314184013117,1.0,0.0379746835443038,158.0,,
pad,55,softmax,0.05,3,0.5839314184013117,1.0,0.05333333333333334,75.0,,
pad,55,softmax,0.05,4,0.5839314184013117,1.0,0.125,8.0,,
pad,55,softmax,0.05,5,0.5839314184013117,1.0,0.0,4.0,,
pad,55,softmax,0.05,0,0.5839314184013117,1.0,,,0.5,18.0
pad,55,softmax,0.1,1,0.0,1.0,0.037037037037037035,27.0,,
pad,55,softmax,0.1,2,0.0,1.0,0.05063291139240506,158.0,,
pad,55,softmax,0.1,3,0.0,1.0,0.05333333333333334,75.0,,
pad,55,softmax,0.1,4,0.0,1.0,0.125,8.0,,
pad,55,softmax,0.1,5,0.0,1.0,0.0,4.0,,
pad,55,softmax,0.1,0,0.0,1.0,,,0.6111111111111112,18.0
pad,55,softmax,0.15,1,0.0,1.0,0.037037037037037035,27.0,,
pad,55,softmax,0.15,2,0.0,1.0,0.05063291139240506,158.0,,
pad,55,softmax,0.15,3,0.0,1.0,0.05333333333333334,75.0,,
pad,55,softmax,0.15,4,0.0,1.0,0.125,8.0,,
pad,55,softmax,0.15,5,0.0,1.0,0.0,4.0,,
pad,55,softmax,0.15,0,0.0,1.0,,,0.6111111111111112,18.0
pad,55,temp,0.05,1,0.33754623076371887,4.188079131212213,0.037037037037037035,27.0,,
pad,55,temp,0.05,2,0.33754623076371887,4.188079131212213,0.05063291139240506,158.0,,
pad,55,temp,0.05,3,0.33754623076371887,4.188079131212213,0.05333333333333334,75.0,,
pad,55,temp,0.05,4,0.33754623076371887,4.188079131212213,0.125,8.0,,
pad,55,temp,0.05,5,0.33754623076371887,4.188079131212213,0.0,4.0,,
pad,55,temp,0.05,0,0.33754623076371887,4.188079131212213,,,0.5555555555555556,18.0
pad,55,temp,0.1,1,0.0,4.188079131212213,0.037037037037037035,27.0,,
pad,55,temp,0.1,2,0.0,4.188079131212213,0.05063291139240506,158.0,,
pad,55,temp,0.1,3,0.0,4.188079131212213,0.05333333333333334,75.0,,
pad,55,temp,0.1,4,0.0,4.188079131212213,0.125,8.0,,
pad,55,temp,0.1,5,0.0,4.188079131212213,0.0,4.0,,
pad,55,temp,0.1,0,0.0,4.188079131212213,,,0.6111111111111112,18.0
pad,55,temp,0.15,1,0.0,4.188079131212213,0.037037037037037035,27.0,,
pad,55,temp,0.15,2,0.0,4.188079131212213,0.05063291139240506,158.0,,
pad,55,temp,0.15,3,0.0,4.188079131212213,0.05333333333333334,75.0,,
pad,55,temp,0.15,4,0.0,4.188079131212213,0.125,8.0,,
pad,55,temp,0.15,5,0.0,4.188079131212213,0.0,4.0,,
pad,55,temp,0.15,0,0.0,4.188079131212213,,,0.6111111111111112,18.0
hiba,56,softmax,0.05,1,0.9845945048227508,1.0,0.05263157894736842,19.0,,
hiba,56,softmax,0.05,2,0.9845945048227508,1.0,0.035398230088495575,113.0,,
hiba,56,softmax,0.05,3,0.9845945048227508,1.0,0.0,16.0,,
hiba,56,softmax,0.05,0,0.9845945048227508,1.0,,,0.2631578947368421,190.0
hiba,56,softmax,0.1,1,0.9429742632640773,1.0,0.05263157894736842,19.0,,
hiba,56,softmax,0.1,2,0.9429742632640773,1.0,0.07079646017699115,113.0,,
hiba,56,softmax,0.1,3,0.9429742632640773,1.0,0.0,16.0,,
hiba,56,softmax,0.1,0,0.9429742632640773,1.0,,,0.42105263157894735,190.0
hiba,56,softmax,0.15,1,0.787941458278602,1.0,0.05263157894736842,19.0,,
hiba,56,softmax,0.15,2,0.787941458278602,1.0,0.11504424778761062,113.0,,
hiba,56,softmax,0.15,3,0.787941458278602,1.0,0.0625,16.0,,
hiba,56,softmax,0.15,0,0.787941458278602,1.0,,,0.6526315789473685,190.0
hiba,56,temp,0.05,1,0.5312814292407946,4.382104803359989,0.05263157894736842,19.0,,
hiba,56,temp,0.05,2,0.5312814292407946,4.382104803359989,0.04424778761061947,113.0,,
hiba,56,temp,0.05,3,0.5312814292407946,4.382104803359989,0.0,16.0,,
hiba,56,temp,0.05,0,0.5312814292407946,4.382104803359989,,,0.3368421052631579,190.0
hiba,56,temp,0.1,1,0.43885712574541813,4.382104803359989,0.05263157894736842,19.0,,
hiba,56,temp,0.1,2,0.43885712574541813,4.382104803359989,0.07079646017699115,113.0,,
hiba,56,temp,0.1,3,0.43885712574541813,4.382104803359989,0.0,16.0,,
hiba,56,temp,0.1,0,0.43885712574541813,4.382104803359989,,,0.5631578947368421,190.0
hiba,56,temp,0.15,1,0.3761698638044853,4.382104803359989,0.05263157894736842,19.0,,
hiba,56,temp,0.15,2,0.3761698638044853,4.382104803359989,0.11504424778761062,113.0,,
hiba,56,temp,0.15,3,0.3761698638044853,4.382104803359989,0.0625,16.0,,
hiba,56,temp,0.15,0,0.3761698638044853,4.382104803359989,,,0.6947368421052632,190.0
pad,56,softmax,0.05,1,0.6999638572419803,1.0,0.0,18.0,,
pad,56,softmax,0.05,2,0.6999638572419803,1.0,0.023668639053254437,169.0,,
pad,56,softmax,0.05,3,0.6999638572419803,1.0,0.04477611940298507,67.0,,
pad,56,softmax,0.05,4,0.6999638572419803,1.0,0.125,8.0,,
pad,56,softmax,0.05,5,0.6999638572419803,1.0,0.0,4.0,,
pad,56,softmax,0.05,0,0.6999638572419803,1.0,,,0.6,10.0
pad,56,softmax,0.1,1,0.0,1.0,0.0,18.0,,
pad,56,softmax,0.1,2,0.0,1.0,0.04142011834319527,169.0,,
pad,56,softmax,0.1,3,0.0,1.0,0.05970149253731343,67.0,,
pad,56,softmax,0.1,4,0.0,1.0,0.125,8.0,,
pad,56,softmax,0.1,5,0.0,1.0,0.0,4.0,,
pad,56,softmax,0.1,0,0.0,1.0,,,0.8,10.0
pad,56,softmax,0.15,1,0.0,1.0,0.0,18.0,,
pad,56,softmax,0.15,2,0.0,1.0,0.04142011834319527,169.0,,
pad,56,softmax,0.15,3,0.0,1.0,0.05970149253731343,67.0,,
pad,56,softmax,0.15,4,0.0,1.0,0.125,8.0,,
pad,56,softmax,0.15,5,0.0,1.0,0.0,4.0,,
pad,56,softmax,0.15,0,0.0,1.0,,,0.8,10.0
pad,56,temp,0.05,1,0.4052313708618022,3.756249170153411,0.0,18.0,,
pad,56,temp,0.05,2,0.4052313708618022,3.756249170153411,0.023668639053254437,169.0,,
pad,56,temp,0.05,3,0.4052313708618022,3.756249170153411,0.04477611940298507,67.0,,
pad,56,temp,0.05,4,0.4052313708618022,3.756249170153411,0.125,8.0,,
pad,56,temp,0.05,5,0.4052313708618022,3.756249170153411,0.0,4.0,,
pad,56,temp,0.05,0,0.4052313708618022,3.756249170153411,,,0.7,10.0
pad,56,temp,0.1,1,0.0,3.756249170153411,0.0,18.0,,
pad,56,temp,0.1,2,0.0,3.756249170153411,0.04142011834319527,169.0,,
pad,56,temp,0.1,3,0.0,3.756249170153411,0.05970149253731343,67.0,,
pad,56,temp,0.1,4,0.0,3.756249170153411,0.125,8.0,,
pad,56,temp,0.1,5,0.0,3.756249170153411,0.0,4.0,,
pad,56,temp,0.1,0,0.0,3.756249170153411,,,0.8,10.0
pad,56,temp,0.15,1,0.0,3.756249170153411,0.0,18.0,,
pad,56,temp,0.15,2,0.0,3.756249170153411,0.04142011834319527,169.0,,
pad,56,temp,0.15,3,0.0,3.756249170153411,0.05970149253731343,67.0,,
pad,56,temp,0.15,4,0.0,3.756249170153411,0.125,8.0,,
pad,56,temp,0.15,5,0.0,3.756249170153411,0.0,4.0,,
pad,56,temp,0.15,0,0.0,3.756249170153411,,,0.8,10.0
hiba,57,softmax,0.05,1,0.9830216461227286,1.0,0.0,20.0,,
hiba,57,softmax,0.05,2,0.9830216461227286,1.0,0.048,125.0,,
hiba,57,softmax,0.05,3,0.9830216461227286,1.0,0.0,12.0,,
hiba,57,softmax,0.05,0,0.9830216461227286,1.0,,,0.3254437869822485,169.0
hiba,57,softmax,0.1,1,0.9035599570484,1.0,0.05,20.0,,
hiba,57,softmax,0.1,2,0.9035599570484,1.0,0.104,125.0,,
hiba,57,softmax,0.1,3,0.9035599570484,1.0,0.0,12.0,,
hiba,57,softmax,0.1,0,0.9035599570484,1.0,,,0.5621301775147929,169.0
hiba,57,softmax,0.15,1,0.7689083075733797,1.0,0.1,20.0,,
hiba,57,softmax,0.15,2,0.7689083075733797,1.0,0.112,125.0,,
hiba,57,softmax,0.15,3,0.7689083075733797,1.0,0.08333333333333333,12.0,,
hiba,57,softmax,0.15,0,0.7689083075733797,1.0,,,0.6804733727810651,169.0
hiba,57,temp,0.05,1,0.4471110922001995,5.022189079098264,0.0,20.0,,
hiba,57,temp,0.05,2,0.4471110922001995,5.022189079098264,0.088,125.0,,
hiba,57,temp,0.05,3,0.4471110922001995,5.022189079098264,0.0,12.0,,
hiba,57,temp,0.05,0,0.4471110922001995,5.022189079098264,,,0.5325443786982249,169.0
hiba,57,temp,0.1,1,0.3749056077798788,5.022189079098264,0.0,20.0,,
hiba,57,temp,0.1,2,0.3749056077798788,5.022189079098264,0.096,125.0,,
hiba,57,temp,0.1,3,0.3749056077798788,5.022189079098264,0.0,12.0,,
hiba,57,temp,0.1,0,0.3749056077798788,5.022189079098264,,,0.6449704142011834,169.0
hiba,57,temp,0.15,1,0.32641218888348356,5.022189079098264,0.1,20.0,,
hiba,57,temp,0.15,2,0.32641218888348356,5.022189079098264,0.128,125.0,,
hiba,57,temp,0.15,3,0.32641218888348356,5.022189079098264,0.16666666666666666,12.0,,
hiba,57,temp,0.15,0,0.32641218888348356,5.022189079098264,,,0.7100591715976331,169.0
pad,57,softmax,0.05,1,0.0,1.0,0.037037037037037035,27.0,,
pad,57,softmax,0.05,2,0.0,1.0,0.0763888888888889,144.0,,
pad,57,softmax,0.05,3,0.0,1.0,0.08196721311475409,61.0,,
pad,57,softmax,0.05,4,0.0,1.0,0.14285714285714285,14.0,,
pad,57,softmax,0.05,5,0.0,1.0,0.0,3.0,,
pad,57,softmax,0.05,0,0.0,1.0,,,0.5882352941176471,17.0
pad,57,softmax,0.1,1,0.0,1.0,0.037037037037037035,27.0,,
pad,57,softmax,0.1,2,0.0,1.0,0.0763888888888889,144.0,,
pad,57,softmax,0.1,3,0.0,1.0,0.08196721311475409,61.0,,
pad,57,softmax,0.1,4,0.0,1.0,0.14285714285714285,14.0,,
pad,57,softmax,0.1,5,0.0,1.0,0.0,3.0,,
pad,57,softmax,0.1,0,0.0,1.0,,,0.5882352941176471,17.0
pad,57,softmax,0.15,1,0.0,1.0,0.037037037037037035,27.0,,
pad,57,softmax,0.15,2,0.0,1.0,0.0763888888888889,144.0,,
pad,57,softmax,0.15,3,0.0,1.0,0.08196721311475409,61.0,,
pad,57,softmax,0.15,4,0.0,1.0,0.14285714285714285,14.0,,
pad,57,softmax,0.15,5,0.0,1.0,0.0,3.0,,
pad,57,softmax,0.15,0,0.0,1.0,,,0.5882352941176471,17.0
pad,57,temp,0.05,1,0.0,3.552631794900689,0.037037037037037035,27.0,,
pad,57,temp,0.05,2,0.0,3.552631794900689,0.0763888888888889,144.0,,
pad,57,temp,0.05,3,0.0,3.552631794900689,0.08196721311475409,61.0,,
pad,57,temp,0.05,4,0.0,3.552631794900689,0.14285714285714285,14.0,,
pad,57,temp,0.05,5,0.0,3.552631794900689,0.0,3.0,,
pad,57,temp,0.05,0,0.0,3.552631794900689,,,0.5882352941176471,17.0
pad,57,temp,0.1,1,0.0,3.552631794900689,0.037037037037037035,27.0,,
pad,57,temp,0.1,2,0.0,3.552631794900689,0.0763888888888889,144.0,,
pad,57,temp,0.1,3,0.0,3.552631794900689,0.08196721311475409,61.0,,
pad,57,temp,0.1,4,0.0,3.552631794900689,0.14285714285714285,14.0,,
pad,57,temp,0.1,5,0.0,3.552631794900689,0.0,3.0,,
pad,57,temp,0.1,0,0.0,3.552631794900689,,,0.5882352941176471,17.0
pad,57,temp,0.15,1,0.0,3.552631794900689,0.037037037037037035,27.0,,
pad,57,temp,0.15,2,0.0,3.552631794900689,0.0763888888888889,144.0,,
pad,57,temp,0.15,3,0.0,3.552631794900689,0.08196721311475409,61.0,,
pad,57,temp,0.15,4,0.0,3.552631794900689,0.14285714285714285,14.0,,
pad,57,temp,0.15,5,0.0,3.552631794900689,0.0,3.0,,
pad,57,temp,0.15,0,0.0,3.552631794900689,,,0.5882352941176471,17.0
hiba,58,softmax,0.05,1,0.9826021392114931,1.0,0.07142857142857142,14.0,,
hiba,58,softmax,0.05,2,0.9826021392114931,1.0,0.04310344827586207,116.0,,
hiba,58,softmax,0.05,3,0.9826021392114931,1.0,0.0,15.0,,
hiba,58,softmax,0.05,0,0.9826021392114931,1.0,,,0.21621621621621623,185.0
hiba,58,softmax,0.1,1,0.9445072574669466,1.0,0.07142857142857142,14.0,,
hiba,58,softmax,0.1,2,0.9445072574669466,1.0,0.04310344827586207,116.0,,
hiba,58,softmax,0.1,3,0.9445072574669466,1.0,0.06666666666666667,15.0,,
hiba,58,softmax,0.1,0,0.9445072574669466,1.0,,,0.3675675675675676,185.0
hiba,58,softmax,0.15,1,0.7704783818289018,1.0,0.14285714285714285,14.0,,
hiba,58,softmax,0.15,2,0.7704783818289018,1.0,0.09482758620689655,116.0,,
hiba,58,softmax,0.15,3,0.7704783818289018,1.0,0.2,15.0,,
hiba,58,softmax,0.15,0,0.7704783818289018,1.0,,,0.6216216216216216,185.0
hiba,58,temp,0.05,1,0.531260997188971,4.3501711320456105,0.07142857142857142,14.0,,
hiba,58,temp,0.05,2,0.531260997188971,4.3501711320456105,0.04310344827586207,116.0,,
hiba,58,temp,0.05,3,0.531260997188971,4.3501711320456105,0.0,15.0,,
hiba,58,temp,0.05,0,0.531260997188971,4.3501711320456105,,,0.2810810810810811,185.0
hiba,58,temp,0.1,1,0.4412482877421754,4.3501711320456105,0.07142857142857142,14.0,,
hiba,58,temp,0.1,2,0.4412482877421754,4.3501711320456105,0.04310344827586207,116.0,,
hiba,58,temp,0.1,3,0.4412482877421754,4.3501711320456105,0.13333333333333333,15.0,,
hiba,58,temp,0.1,0,0.4412482877421754,4.3501711320456105,,,0.5243243243243243,185.0
hiba,58,temp,0.15,1,0.36204165679848277,4.3501711320456105,0.14285714285714285,14.0,,
hiba,58,temp,0.15,2,0.36204165679848277,4.3501711320456105,0.06896551724137931,116.0,,
hiba,58,temp,0.15,3,0.36204165679848277,4.3501711320456105,0.26666666666666666,15.0,,
hiba,58,temp,0.15,0,0.36204165679848277,4.3501711320456105,,,0.7189189189189189,185.0
pad,58,softmax,0.05,1,0.0,1.0,0.0,20.0,,
pad,58,softmax,0.05,2,0.0,1.0,0.112,125.0,,
pad,58,softmax,0.05,3,0.0,1.0,0.0625,64.0,,
pad,58,softmax,0.05,4,0.0,1.0,0.0,11.0,,
pad,58,softmax,0.05,5,0.0,1.0,0.0,3.0,,
pad,58,softmax,0.05,0,0.0,1.0,,,0.5882352941176471,17.0
pad,58,softmax,0.1,1,0.0,1.0,0.0,20.0,,
pad,58,softmax,0.1,2,0.0,1.0,0.112,125.0,,
pad,58,softmax,0.1,3,0.0,1.0,0.0625,64.0,,
pad,58,softmax,0.1,4,0.0,1.0,0.0,11.0,,
pad,58,softmax,0.1,5,0.0,1.0,0.0,3.0,,
pad,58,softmax,0.1,0,0.0,1.0,,,0.5882352941176471,17.0
pad,58,softmax,0.15,1,0.0,1.0,0.0,20.0,,
pad,58,softmax,0.15,2,0.0,1.0,0.112,125.0,,
pad,58,softmax,0.15,3,0.0,1.0,0.0625,64.0,,
pad,58,softmax,0.15,4,0.0,1.0,0.0,11.0,,
pad,58,softmax,0.15,5,0.0,1.0,0.0,3.0,,
pad,58,softmax,0.15,0,0.0,1.0,,,0.5882352941176471,17.0
pad,58,temp,0.05,1,0.0,3.8047623427975723,0.0,20.0,,
pad,58,temp,0.05,2,0.0,3.8047623427975723,0.112,125.0,,
pad,58,temp,0.05,3,0.0,3.8047623427975723,0.0625,64.0,,
pad,58,temp,0.05,4,0.0,3.8047623427975723,0.0,11.0,,
pad,58,temp,0.05,5,0.0,3.8047623427975723,0.0,3.0,,
pad,58,temp,0.05,0,0.0,3.8047623427975723,,,0.5882352941176471,17.0
pad,58,temp,0.1,1,0.0,3.8047623427975723,0.0,20.0,,
pad,58,temp,0.1,2,0.0,3.8047623427975723,0.112,125.0,,
pad,58,temp,0.1,3,0.0,3.8047623427975723,0.0625,64.0,,
pad,58,temp,0.1,4,0.0,3.8047623427975723,0.0,11.0,,
pad,58,temp,0.1,5,0.0,3.8047623427975723,0.0,3.0,,
pad,58,temp,0.1,0,0.0,3.8047623427975723,,,0.5882352941176471,17.0
pad,58,temp,0.15,1,0.0,3.8047623427975723,0.0,20.0,,
pad,58,temp,0.15,2,0.0,3.8047623427975723,0.112,125.0,,
pad,58,temp,0.15,3,0.0,3.8047623427975723,0.0625,64.0,,
pad,58,temp,0.15,4,0.0,3.8047623427975723,0.0,11.0,,
pad,58,temp,0.15,5,0.0,3.8047623427975723,0.0,3.0,,
pad,58,temp,0.15,0,0.0,3.8047623427975723,,,0.5882352941176471,17.0
hiba,59,softmax,0.05,1,0.9838066037200456,1.0,0.0,16.0,,
hiba,59,softmax,0.05,2,0.9838066037200456,1.0,0.03076923076923077,130.0,,
hiba,59,softmax,0.05,3,0.9838066037200456,1.0,0.0,9.0,,
hiba,59,softmax,0.05,0,0.9838066037200456,1.0,,,0.2641509433962264,159.0
hiba,59,softmax,0.1,1,0.9014732543854233,1.0,0.125,16.0,,
hiba,59,softmax,0.1,2,0.9014732543854233,1.0,0.1076923076923077,130.0,,
hiba,59,softmax,0.1,3,0.9014732543854233,1.0,0.0,9.0,,
hiba,59,softmax,0.1,0,0.9014732543854233,1.0,,,0.5534591194968553,159.0
hiba,59,softmax,0.15,1,0.7417134268554735,1.0,0.125,16.0,,
hiba,59,softmax,0.15,2,0.7417134268554735,1.0,0.15384615384615385,130.0,,
hiba,59,softmax,0.15,3,0.7417134268554735,1.0,0.1111111111111111,9.0,,
hiba,59,softmax,0.15,0,0.7417134268554735,1.0,,,0.7232704402515723,159.0
hiba,59,temp,0.05,1,0.4533569137218453,5.079742336035182,0.0625,16.0,,
hiba,59,temp,0.05,2,0.4533569137218453,5.079742336035182,0.046153846153846156,130.0,,
hiba,59,temp,0.05,3,0.4533569137218453,5.079742336035182,0.0,9.0,,
hiba,59,temp,0.05,0,0.4533569137218453,5.079742336035182,,,0.4339622641509434,159.0
hiba,59,temp,0.1,1,0.3606324698439137,5.079742336035182,0.125,16.0,,
hiba,59,temp,0.1,2,0.3606324698439137,5.079742336035182,0.12307692307692308,130.0,,
hiba,59,temp,0.1,3,0.3606324698439137,5.079742336035182,0.0,9.0,,
hiba,59,temp,0.1,0,0.3606324698439137,5.079742336035182,,,0.7044025157232704,159.0
hiba,59,temp,0.15,1,0.3242769739612913,5.079742336035182,0.125,16.0,,
hiba,59,temp,0.15,2,0.3242769739612913,5.079742336035182,0.16153846153846155,130.0,,
hiba,59,temp,0.15,3,0.3242769739612913,5.079742336035182,0.1111111111111111,9.0,,
hiba,59,temp,0.15,0,0.3242769739612913,5.079742336035182,,,0.7924528301886793,159.0
pad,59,softmax,0.05,1,0.0,1.0,0.0,29.0,,
pad,59,softmax,0.05,2,0.0,1.0,0.05,140.0,,
pad,59,softmax,0.05,3,0.0,1.0,0.09210526315789473,76.0,,
pad,59,softmax,0.05,4,0.0,1.0,0.2,5.0,,
pad,59,softmax,0.05,5,0.0,1.0,0.0,5.0,,
pad,59,softmax,0.05,0,0.0,1.0,,,0.8,20.0
pad,59,softmax,0.1,1,0.0,1.0,0.0,29.0,,
pad,59,softmax,0.1,2,0.0,1.0,0.05,140.0,,
pad,59,softmax,0.1,3,0.0,1.0,0.09210526315789473,76.0,,
pad,59,softmax,0.1,4,0.0,1.0,0.2,5.0,,
pad,59,softmax,0.1,5,0.0,1.0,0.0,5.0,,
pad,59,softmax,0.1,0,0.0,1.0,,,0.8,20.0
pad,59,softmax,0.15,1,0.0,1.0,0.0,29.0,,
pad,59,softmax,0.15,2,0.0,1.0,0.05,140.0,,
pad,59,softmax,0.15,3,0.0,1.0,0.09210526315789473,76.0,,
pad,59,softmax,0.15,4,0.0,1.0,0.2,5.0,,
pad,59,softmax,0.15,5,0.0,1.0,0.0,5.0,,
pad,59,softmax,0.15,0,0.0,1.0,,,0.8,20.0
pad,59,temp,0.05,1,0.0,4.108598711997731,0.0,29.0,,
pad,59,temp,0.05,2,0.0,4.108598711997731,0.05,140.0,,
pad,59,temp,0.05,3,0.0,4.108598711997731,0.09210526315789473,76.0,,
pad,59,temp,0.05,4,0.0,4.108598711997731,0.2,5.0,,
pad,59,temp,0.05,5,0.0,4.108598711997731,0.0,5.0,,
pad,59,temp,0.05,0,0.0,4.108598711997731,,,0.8,20.0
pad,59,temp,0.1,1,0.0,4.108598711997731,0.0,29.0,,
pad,59,temp,0.1,2,0.0,4.108598711997731,0.05,140.0,,
pad,59,temp,0.1,3,0.0,4.108598711997731,0.09210526315789473,76.0,,
pad,59,temp,0.1,4,0.0,4.108598711997731,0.2,5.0,,
pad,59,temp,0.1,5,0.0,4.108598711997731,0.0,5.0,,
pad,59,temp,0.1,0,0.0,4.108598711997731,,,0.8,20.0
pad,59,temp,0.15,1,0.0,4.108598711997731,0.0,29.0,,
pad,59,temp,0.15,2,0.0,4.108598711997731,0.05,140.0,,
pad,59,temp,0.15,3,0.0,4.108598711997731,0.09210526315789473,76.0,,
pad,59,temp,0.15,4,0.0,4.108598711997731,0.2,5.0,,
pad,59,temp,0.15,5,0.0,4.108598711997731,0.0,5.0,,
pad,59,temp,0.15,0,0.0,4.108598711997731,,,0.8,20.0
hiba,60,softmax,0.05,1,0.9766312053446783,1.0,0.05263157894736842,19.0,,
hiba,60,softmax,0.05,2,0.9766312053446783,1.0,0.08333333333333333,120.0,,
hiba,60,softmax,0.05,3,0.9766312053446783,1.0,0.05263157894736842,19.0,,
hiba,60,softmax,0.05,0,0.9766312053446783,1.0,,,0.4296577946768061,263.0
hiba,60,softmax,0.1,1,0.8486781531851867,1.0,0.10526315789473684,19.0,,
hiba,60,softmax,0.1,2,0.8486781531851867,1.0,0.15833333333333333,120.0,,
hiba,60,softmax,0.1,3,0.8486781531851867,1.0,0.10526315789473684,19.0,,
hiba,60,softmax,0.1,0,0.8486781531851867,1.0,,,0.7110266159695817,263.0
hiba,60,softmax,0.15,1,0.7158810020486885,1.0,0.10526315789473684,19.0,,
hiba,60,softmax,0.15,2,0.7158810020486885,1.0,0.175,120.0,,
hiba,60,softmax,0.15,3,0.7158810020486885,1.0,0.15789473684210525,19.0,,
hiba,60,softmax,0.15,0,0.7158810020486885,1.0,,,0.7984790874524715,263.0
hiba,60,temp,0.05,1,0.4865022661836724,4.6624594578946335,0.05263157894736842,19.0,,
hiba,60,temp,0.05,2,0.4865022661836724,4.6624594578946335,0.075,120.0,,
hiba,60,temp,0.05,3,0.4865022661836724,4.6624594578946335,0.0,19.0,,
hiba,60,temp,0.05,0,0.4865022661836724,4.6624594578946335,,,0.5665399239543726,263.0
hiba,60,temp,0.1,1,0.3761862064568385,4.6624594578946335,0.10526315789473684,19.0,,
hiba,60,temp,0.1,2,0.3761862064568385,4.6624594578946335,0.14166666666666666,120.0,,
hiba,60,temp,0.1,3,0.3761862064568385,4.6624594578946335,0.15789473684210525,19.0,,
hiba,60,temp,0.1,0,0.3761862064568385,4.6624594578946335,,,0.7946768060836502,263.0
hiba,60,temp,0.15,1,0.3313055887422885,4.6624594578946335,0.10526315789473684,19.0,,
hiba,60,temp,0.15,2,0.3313055887422885,4.6624594578946335,0.19166666666666668,120.0,,
hiba,60,temp,0.15,3,0.3313055887422885,4.6624594578946335,0.15789473684210525,19.0,,
hiba,60,temp,0.15,0,0.3313055887422885,4.6624594578946335,,,0.8745247148288974,263.0
pad,60,softmax,0.05,1,0.0,1.0,0.07142857142857142,14.0,,
pad,60,softmax,0.05,2,0.0,1.0,0.04878048780487805,164.0,,
pad,60,softmax,0.05,3,0.0,1.0,0.08450704225352113,71.0,,
pad,60,softmax,0.05,4,0.0,1.0,0.0,6.0,,
pad,60,softmax,0.05,5,0.0,1.0,0.0,4.0,,
pad,60,softmax,0.05,0,0.0,1.0,,,0.7142857142857143,21.0
pad,60,softmax,0.1,1,0.0,1.0,0.07142857142857142,14.0,,
pad,60,softmax,0.1,2,0.0,1.0,0.04878048780487805,164.0,,
pad,60,softmax,0.1,3,0.0,1.0,0.08450704225352113,71.0,,
pad,60,softmax,0.1,4,0.0,1.0,0.0,6.0,,
pad,60,softmax,0.1,5,0.0,1.0,0.0,4.0,,
pad,60,softmax,0.1,0,0.0,1.0,,,0.7142857142857143,21.0
pad,60,softmax,0.15,1,0.0,1.0,0.07142857142857142,14.0,,
pad,60,softmax,0.15,2,0.0,1.0,0.04878048780487805,164.0,,
pad,60,softmax,0.15,3,0.0,1.0,0.08450704225352113,71.0,,
pad,60,softmax,0.15,4,0.0,1.0,0.0,6.0,,
pad,60,softmax,0.15,5,0.0,1.0,0.0,4.0,,
pad,60,softmax,0.15,0,0.0,1.0,,,0.7142857142857143,21.0
pad,60,temp,0.05,1,0.0,3.8994912036935783,0.07142857142857142,14.0,,
pad,60,temp,0.05,2,0.0,3.8994912036935783,0.04878048780487805,164.0,,
pad,60,temp,0.05,3,0.0,3.8994912036935783,0.08450704225352113,71.0,,
pad,60,temp,0.05,4,0.0,3.8994912036935783,0.0,6.0,,
pad,60,temp,0.05,5,0.0,3.8994912036935783,0.0,4.0,,
pad,60,temp,0.05,0,0.0,3.8994912036935783,,,0.7142857142857143,21.0
pad,60,temp,0.1,1,0.0,3.8994912036935783,0.07142857142857142,14.0,,
pad,60,temp,0.1,2,0.0,3.8994912036935783,0.04878048780487805,164.0,,
pad,60,temp,0.1,3,0.0,3.8994912036935783,0.08450704225352113,71.0,,
pad,60,temp,0.1,4,0.0,3.8994912036935783,0.0,6.0,,
pad,60,temp,0.1,5,0.0,3.8994912036935783,0.0,4.0,,
pad,60,temp,0.1,0,0.0,3.8994912036935783,,,0.7142857142857143,21.0
pad,60,temp,0.15,1,0.0,3.8994912036935783,0.07142857142857142,14.0,,
pad,60,temp,0.15,2,0.0,3.8994912036935783,0.04878048780487805,164.0,,
pad,60,temp,0.15,3,0.0,3.8994912036935783,0.08450704225352113,71.0,,
pad,60,temp,0.15,4,0.0,3.8994912036935783,0.0,6.0,,
pad,60,temp,0.15,5,0.0,3.8994912036935783,0.0,4.0,,
pad,60,temp,0.15,0,0.0,3.8994912036935783,,,0.7142857142857143,21.0
hiba,61,softmax,0.05,1,0.9709447926773362,1.0,0.043478260869565216,23.0,,
hiba,61,softmax,0.05,2,0.9709447926773362,1.0,0.08771929824561403,114.0,,
hiba,61,softmax,0.05,3,0.9709447926773362,1.0,0.08333333333333333,12.0,,
hiba,61,softmax,0.05,0,0.9709447926773362,1.0,,,0.3142857142857143,140.0
hiba,61,softmax,0.1,1,0.827908119234045,1.0,0.08695652173913043,23.0,,
hiba,61,softmax,0.1,2,0.827908119234045,1.0,0.14912280701754385,114.0,,
hiba,61,softmax,0.1,3,0.827908119234045,1.0,0.08333333333333333,12.0,,
hiba,61,softmax,0.1,0,0.827908119234045,1.0,,,0.6,140.0
hiba,61,softmax,0.15,1,0.6995363181835107,1.0,0.08695652173913043,23.0,,
hiba,61,softmax,0.15,2,0.6995363181835107,1.0,0.20175438596491227,114.0,,
hiba,61,softmax,0.15,3,0.6995363181835107,1.0,0.08333333333333333,12.0,,
hiba,61,softmax,0.15,0,0.6995363181835107,1.0,,,0.7428571428571429,140.0
hiba,61,temp,0.05,1,0.4180601206091528,5.390198170427616,0.043478260869565216,23.0,,
hiba,61,temp,0.05,2,0.4180601206091528,5.390198170427616,0.09649122807017543,114.0,,
hiba,61,temp,0.05,3,0.4180601206091528,5.390198170427616,0.08333333333333333,12.0,,
hiba,61,temp,0.05,0,0.4180601206091528,5.390198170427616,,,0.45714285714285713,140.0
hiba,61,temp,0.1,1,0.34128795101107207,5.390198170427616,0.043478260869565216,23.0,,
hiba,61,temp,0.1,2,0.34128795101107207,5.390198170427616,0.18421052631578946,114.0,,
hiba,61,temp,0.1,3,0.34128795101107207,5.390198170427616,0.08333333333333333,12.0,,
hiba,61,temp,0.1,0,0.34128795101107207,5.390198170427616,,,0.7142857142857143,140.0
hiba,61,temp,0.15,1,0.3066957334668292,5.390198170427616,0.08695652173913043,23.0,,
hiba,61,temp,0.15,2,0.3066957334668292,5.390198170427616,0.20175438596491227,114.0,,
hiba,61,temp,0.15,3,0.3066957334668292,5.390198170427616,0.08333333333333333,12.0,,
hiba,61,temp,0.15,0,0.3066957334668292,5.390198170427616,,,0.8071428571428572,140.0
pad,61,softmax,0.05,1,0.0,1.0,0.0,15.0,,
pad,61,softmax,0.05,2,0.0,1.0,0.0718562874251497,167.0,,
pad,61,softmax,0.05,3,0.0,1.0,0.07575757575757576,66.0,,
pad,61,softmax,0.05,4,0.0,1.0,0.2,5.0,,
pad,61,softmax,0.05,0,0.0,1.0,,,0.75,20.0
pad,61,softmax,0.1,1,0.0,1.0,0.0,15.0,,
pad,61,softmax,0.1,2,0.0,1.0,0.0718562874251497,167.0,,
pad,61,softmax,0.1,3,0.0,1.0,0.07575757575757576,66.0,,
pad,61,softmax,0.1,4,0.0,1.0,0.2,5.0,,
pad,61,softmax,0.1,0,0.0,1.0,,,0.75,20.0
pad,61,softmax,0.15,1,0.0,1.0,0.0,15.0,,
pad,61,softmax,0.15,2,0.0,1.0,0.0718562874251497,167.0,,
pad,61,softmax,0.15,3,0.0,1.0,0.07575757575757576,66.0,,
pad,61,softmax,0.15,4,0.0,1.0,0.2,5.0,,
pad,61,softmax,0.15,0,0.0,1.0,,,0.75,20.0
pad,61,temp,0.05,1,0.0,3.584833457789046,0.0,15.0,,
pad,61,temp,0.05,2,0.0,3.584833457789046,0.0718562874251497,167.0,,
pad,61,temp,0.05,3,0.0,3.584833457789046,0.07575757575757576,66.0,,
pad,61,temp,0.05,4,0.0,3.584833457789046,0.2,5.0,,
pad,61,temp,0.05,0,0.0,3.584833457789046,,,0.75,20.0
pad,61,temp,0.1,1,0.0,3.584833457789046,0.0,15.0,,
pad,61,temp,0.1,2,0.0,3.584833457789046,0.0718562874251497,167.0,,
pad,61,temp,0.1,3,0.0,3.584833457789046,0.07575757575757576,66.0,,
pad,61,temp,0.1,4,0.0,3.584833457789046,0.2,5.0,,
pad,61,temp,0.1,0,0.0,3.584833457789046,,,0.75,20.0
pad,61,temp,0.15,1,0.0,3.584833457789046,0.0,15.0,,
pad,61,temp,0.15,2,0.0,3.584833457789046,0.0718562874251497,167.0,,
pad,61,temp,0.15,3,0.0,3.584833457789046,0.07575757575757576,66.0,,
pad,61,temp,0.15,4,0.0,3.584833457789046,0.2,5.0,,
pad,61,temp,0.15,0,0.0,3.584833457789046,,,0.75,20.0
hiba,62,softmax,0.05,1,0.9890996544596287,1.0,0.0,26.0,,
hiba,62,softmax,0.05,2,0.9890996544596287,1.0,0.008771929824561403,114.0,,
hiba,62,softmax,0.05,3,0.9890996544596287,1.0,0.0,10.0,,
hiba,62,softmax,0.05,0,0.9890996544596287,1.0,,,0.20958083832335328,167.0
hiba,62,softmax,0.1,1,0.9709447926773362,1.0,0.0,26.0,,
hiba,62,softmax,0.1,2,0.9709447926773362,1.0,0.02631578947368421,114.0,,
hiba,62,softmax,0.1,3,0.9709447926773362,1.0,0.0,10.0,,
hiba,62,softmax,0.1,0,0.9709447926773362,1.0,,,0.32934131736526945,167.0
hiba,62,softmax,0.15,1,0.7942128716685251,1.0,0.11538461538461539,26.0,,
hiba,62,softmax,0.15,2,0.7942128716685251,1.0,0.08771929824561403,114.0,,
hiba,62,softmax,0.15,3,0.7942128716685251,1.0,0.0,10.0,,
hiba,62,softmax,0.15,0,0.7942128716685251,1.0,,,0.6467065868263473,167.0
hiba,62,temp,0.05,1,0.5351954640478835,5.014010361003927,0.0,26.0,,
hiba,62,temp,0.05,2,0.5351954640478835,5.014010361003927,0.008771929824561403,114.0,,
hiba,62,temp,0.05,3,0.5351954640478835,5.014010361003927,0.0,10.0,,
hiba,62,temp,0.05,0,0.5351954640478835,5.014010361003927,,,0.24550898203592814,167.0
hiba,62,temp,0.1,1,0.4407800504457616,5.014010361003927,0.0,26.0,,
hiba,62,temp,0.1,2,0.4407800504457616,5.014010361003927,0.02631578947368421,114.0,,
hiba,62,temp,0.1,3,0.4407800504457616,5.014010361003927,0.0,10.0,,
hiba,62,temp,0.1,0,0.4407800504457616,5.014010361003927,,,0.49700598802395207,167.0
hiba,62,temp,0.15,1,0.33975128271700156,5.014010361003927,0.15384615384615385,26.0,,
hiba,62,temp,0.15,2,0.33975128271700156,5.014010361003927,0.11403508771929824,114.0,,
hiba,62,temp,0.15,3,0.33975128271700156,5.014010361003927,0.0,10.0,,
hiba,62,temp,0.15,0,0.33975128271700156,5.014010361003927,,,0.7365269461077845,167.0
pad,62,softmax,0.05,1,0.6643000395257073,1.0,0.0,28.0,,
pad,62,softmax,0.05,2,0.6643000395257073,1.0,0.03424657534246575,146.0,,
pad,62,softmax,0.05,3,0.6643000395257073,1.0,0.02857142857142857,70.0,,
pad,62,softmax,0.05,4,0.6643000395257073,1.0,0.14285714285714285,7.0,,
pad,62,softmax,0.05,5,0.6643000395257073,1.0,0.0,3.0,,
pad,62,softmax,0.05,0,0.6643000395257073,1.0,,,0.6521739130434783,23.0
pad,62,softmax,0.1,1,0.0,1.0,0.0,28.0,,
pad,62,softmax,0.1,2,0.0,1.0,0.04794520547945205,146.0,,
pad,62,softmax,0.1,3,0.0,1.0,0.04285714285714286,70.0,,
pad,62,softmax,0.1,4,0.0,1.0,0.14285714285714285,7.0,,
pad,62,softmax,0.1,5,0.0,1.0,0.0,3.0,,
pad,62,softmax,0.1,0,0.0,1.0,,,0.782608695652174,23.0
pad,62,softmax,0.15,1,0.0,1.0,0.0,28.0,,
pad,62,softmax,0.15,2,0.0,1.0,0.04794520547945205,146.0,,
pad,62,softmax,0.15,3,0.0,1.0,0.04285714285714286,70.0,,
pad,62,softmax,0.15,4,0.0,1.0,0.14285714285714285,7.0,,
pad,62,softmax,0.15,5,0.0,1.0,0.0,3.0,,
pad,62,softmax,0.15,0,0.0,1.0,,,0.782608695652174,23.0
pad,62,temp,0.05,1,0.3802775940003692,3.788217826824025,0.0,28.0,,
pad,62,temp,0.05,2,0.3802775940003692,3.788217826824025,0.03424657534246575,146.0,,
pad,62,temp,0.05,3,0.3802775940003692,3.788217826824025,0.02857142857142857,70.0,,
pad,62,temp,0.05,4,0.3802775940003692,3.788217826824025,0.14285714285714285,7.0,,
pad,62,temp,0.05,5,0.3802775940003692,3.788217826824025,0.0,3.0,,
pad,62,temp,0.05,0,0.3802775940003692,3.788217826824025,,,0.7391304347826086,23.0
pad,62,temp,0.1,1,0.0,3.788217826824025,0.0,28.0,,
pad,62,temp,0.1,2,0.0,3.788217826824025,0.04794520547945205,146.0,,
pad,62,temp,0.1,3,0.0,3.788217826824025,0.04285714285714286,70.0,,
pad,62,temp,0.1,4,0.0,3.788217826824025,0.14285714285714285,7.0,,
pad,62,temp,0.1,5,0.0,3.788217826824025,0.0,3.0,,
pad,62,temp,0.1,0,0.0,3.788217826824025,,,0.782608695652174,23.0
pad,62,temp,0.15,1,0.0,3.788217826824025,0.0,28.0,,
pad,62,temp,0.15,2,0.0,3.788217826824025,0.04794520547945205,146.0,,
pad,62,temp,0.15,3,0.0,3.788217826824025,0.04285714285714286,70.0,,
pad,62,temp,0.15,4,0.0,3.788217826824025,0.14285714285714285,7.0,,
pad,62,temp,0.15,5,0.0,3.788217826824025,0.0,3.0,,
pad,62,temp,0.15,0,0.0,3.788217826824025,,,0.782608695652174,23.0
hiba,63,softmax,0.05,1,0.9830216461227286,1.0,0.0,16.0,,
hiba,63,softmax,0.05,2,0.9830216461227286,1.0,0.03669724770642202,109.0,,
hiba,63,softmax,0.05,3,0.9830216461227286,1.0,0.0,19.0,,
hiba,63,softmax,0.05,0,0.9830216461227286,1.0,,,0.2510460251046025,239.0
hiba,63,softmax,0.1,1,0.9445072574669466,1.0,0.0,16.0,,
hiba,63,softmax,0.1,2,0.9445072574669466,1.0,0.06422018348623854,109.0,,
hiba,63,softmax,0.1,3,0.9445072574669466,1.0,0.0,19.0,,
hiba,63,softmax,0.1,0,0.9445072574669466,1.0,,,0.39330543933054396,239.0
hiba,63,softmax,0.15,1,0.7724067205391684,1.0,0.125,16.0,,
hiba,63,softmax,0.15,2,0.7724067205391684,1.0,0.11926605504587157,109.0,,
hiba,63,softmax,0.15,3,0.7724067205391684,1.0,0.10526315789473684,19.0,,
hiba,63,softmax,0.15,0,0.7724067205391684,1.0,,,0.6694560669456067,239.0
hiba,63,temp,0.05,1,0.4885159805393708,5.135844212559427,0.0,16.0,,
hiba,63,temp,0.05,2,0.4885159805393708,5.135844212559427,0.01834862385321101,109.0,,
hiba,63,temp,0.05,3,0.4885159805393708,5.135844212559427,0.0,19.0,,
hiba,63,temp,0.05,0,0.4885159805393708,5.135844212559427,,,0.32217573221757323,239.0
hiba,63,temp,0.1,1,0.38084052945332963,5.135844212559427,0.0,16.0,,
hiba,63,temp,0.1,2,0.38084052945332963,5.135844212559427,0.06422018348623854,109.0,,
hiba,63,temp,0.1,3,0.38084052945332963,5.135844212559427,0.05263157894736842,19.0,,
hiba,63,temp,0.1,0,0.38084052945332963,5.135844212559427,,,0.6150627615062761,239.0
hiba,63,temp,0.15,1,0.3355105575850558,5.135844212559427,0.125,16.0,,
hiba,63,temp,0.15,2,0.3355105575850558,5.135844212559427,0.12844036697247707,109.0,,
hiba,63,temp,0.15,3,0.3355105575850558,5.135844212559427,0.15789473684210525,19.0,,
hiba,63,temp,0.15,0,0.3355105575850558,5.135844212559427,,,0.7531380753138075,239.0
pad,63,softmax,0.05,1,0.584943549903385,1.0,0.0,26.0,,
pad,63,softmax,0.05,2,0.584943549903385,1.0,0.05917159763313609,169.0,,
pad,63,softmax,0.05,3,0.584943549903385,1.0,0.04918032786885246,61.0,,
pad,63,softmax,0.05,4,0.584943549903385,1.0,0.0,8.0,,
pad,63,softmax,0.05,5,0.584943549903385,1.0,0.0,2.0,,
pad,63,softmax,0.05,0,0.584943549903385,1.0,,,0.6,25.0
pad,63,softmax,0.1,1,0.0,1.0,0.0,26.0,,
pad,63,softmax,0.1,2,0.0,1.0,0.05917159763313609,169.0,,
pad,63,softmax,0.1,3,0.0,1.0,0.06557377049180328,61.0,,
pad,63,softmax,0.1,4,0.0,1.0,0.0,8.0,,
pad,63,softmax,0.1,5,0.0,1.0,0.0,2.0,,
pad,63,softmax,0.1,0,0.0,1.0,,,0.68,25.0
pad,63,softmax,0.15,1,0.0,1.0,0.0,26.0,,
pad,63,softmax,0.15,2,0.0,1.0,0.05917159763313609,169.0,,
pad,63,softmax,0.15,3,0.0,1.0,0.06557377049180328,61.0,,
pad,63,softmax,0.15,4,0.0,1.0,0.0,8.0,,
pad,63,softmax,0.15,5,0.0,1.0,0.0,2.0,,
pad,63,softmax,0.15,0,0.0,1.0,,,0.68,25.0
pad,63,temp,0.05,1,0.37836668900424386,3.7852310297825493,0.0,26.0,,
pad,63,temp,0.05,2,0.37836668900424386,3.7852310297825493,0.05917159763313609,169.0,,
pad,63,temp,0.05,3,0.37836668900424386,3.7852310297825493,0.04918032786885246,61.0,,
pad,63,temp,0.05,4,0.37836668900424386,3.7852310297825493,0.0,8.0,,
pad,63,temp,0.05,5,0.37836668900424386,3.7852310297825493,0.0,2.0,,
pad,63,temp,0.05,0,0.37836668900424386,3.7852310297825493,,,0.64,25.0
pad,63,temp,0.1,1,0.0,3.7852310297825493,0.0,26.0,,
pad,63,temp,0.1,2,0.0,3.7852310297825493,0.05917159763313609,169.0,,
pad,63,temp,0.1,3,0.0,3.7852310297825493,0.06557377049180328,61.0,,
pad,63,temp,0.1,4,0.0,3.7852310297825493,0.0,8.0,,
pad,63,temp,0.1,5,0.0,3.7852310297825493,0.0,2.0,,
pad,63,temp,0.1,0,0.0,3.7852310297825493,,,0.68,25.0
pad,63,temp,0.15,1,0.0,3.7852310297825493,0.0,26.0,,
pad,63,temp,0.15,2,0.0,3.7852310297825493,0.05917159763313609,169.0,,
pad,63,temp,0.15,3,0.0,3.7852310297825493,0.06557377049180328,61.0,,
pad,63,temp,0.15,4,0.0,3.7852310297825493,0.0,8.0,,
pad,63,temp,0.15,5,0.0,3.7852310297825493,0.0,2.0,,
pad,63,temp,0.15,0,0.0,3.7852310297825493,,,0.68,25.0
hiba,64,softmax,0.05,1,0.9846141675845362,1.0,0.0,10.0,,
hiba,64,softmax,0.05,2,0.9846141675845362,1.0,0.02654867256637168,113.0,,
hiba,64,softmax,0.05,3,0.9846141675845362,1.0,0.0,16.0,,
hiba,64,softmax,0.05,0,0.9846141675845362,1.0,,,0.27510917030567683,229.0
hiba,64,softmax,0.1,1,0.9370979058453025,1.0,0.1,10.0,,
hiba,64,softmax,0.1,2,0.9370979058453025,1.0,0.07079646017699115,113.0,,
hiba,64,softmax,0.1,3,0.9370979058453025,1.0,0.0625,16.0,,
hiba,64,softmax,0.1,0,0.9370979058453025,1.0,,,0.5414847161572053,229.0
hiba,64,softmax,0.15,1,0.773571086623759,1.0,0.1,10.0,,
hiba,64,softmax,0.15,2,0.773571086623759,1.0,0.11504424778761062,113.0,,
hiba,64,softmax,0.15,3,0.773571086623759,1.0,0.125,16.0,,
hiba,64,softmax,0.15,0,0.773571086623759,1.0,,,0.7685589519650655,229.0
hiba,64,temp,0.05,1,0.5113215800212989,4.648264923358502,0.0,10.0,,
hiba,64,temp,0.05,2,0.5113215800212989,4.648264923358502,0.04424778761061947,113.0,,
hiba,64,temp,0.05,3,0.5113215800212989,4.648264923358502,0.0,16.0,,
hiba,64,temp,0.05,0,0.5113215800212989,4.648264923358502,,,0.4497816593886463,229.0
hiba,64,temp,0.1,1,0.39636321113759976,4.648264923358502,0.0,10.0,,
hiba,64,temp,0.1,2,0.39636321113759976,4.648264923358502,0.061946902654867256,113.0,,
hiba,64,temp,0.1,3,0.39636321113759976,4.648264923358502,0.125,16.0,,
hiba,64,temp,0.1,0,0.39636321113759976,4.648264923358502,,,0.7467248908296943,229.0
hiba,64,temp,0.15,1,0.35687050995396635,4.648264923358502,0.1,10.0,,
hiba,64,temp,0.15,2,0.35687050995396635,4.648264923358502,0.09734513274336283,113.0,,
hiba,64,temp,0.15,3,0.35687050995396635,4.648264923358502,0.1875,16.0,,
hiba,64,temp,0.15,0,0.35687050995396635,4.648264923358502,,,0.8165938864628821,229.0
pad,64,softmax,0.05,1,0.6617499500724552,1.0,0.0,28.0,,
pad,64,softmax,0.05,2,0.6617499500724552,1.0,0.04,150.0,,
pad,64,softmax,0.05,3,0.6617499500724552,1.0,0.05970149253731343,67.0,,
pad,64,softmax,0.05,4,0.6617499500724552,1.0,0.0,8.0,,
pad,64,softmax,0.05,5,0.6617499500724552,1.0,0.0,2.0,,
pad,64,softmax,0.05,0,0.6617499500724552,1.0,,,0.8,15.0
pad,64,softmax,0.1,1,0.0,1.0,0.0,28.0,,
pad,64,softmax,0.1,2,0.0,1.0,0.04666666666666667,150.0,,
pad,64,softmax,0.1,3,0.0,1.0,0.07462686567164178,67.0,,
pad,64,softmax,0.1,4,0.0,1.0,0.0,8.0,,
pad,64,softmax,0.1,5,0.0,1.0,0.0,2.0,,
pad,64,softmax,0.1,0,0.0,1.0,,,0.8666666666666667,15.0
pad,64,softmax,0.15,1,0.0,1.0,0.0,28.0,,
pad,64,softmax,0.15,2,0.0,1.0,0.04666666666666667,150.0,,
pad,64,softmax,0.15,3,0.0,1.0,0.07462686567164178,67.0,,
pad,64,softmax,0.15,4,0.0,1.0,0.0,8.0,,
pad,64,softmax,0.15,5,0.0,1.0,0.0,2.0,,
pad,64,softmax,0.15,0,0.0,1.0,,,0.8666666666666667,15.0
pad,64,temp,0.05,1,0.38253659067208395,4.122450678915001,0.0,28.0,,
pad,64,temp,0.05,2,0.38253659067208395,4.122450678915001,0.03333333333333333,150.0,,
pad,64,temp,0.05,3,0.38253659067208395,4.122450678915001,0.04477611940298507,67.0,,
pad,64,temp,0.05,4,0.38253659067208395,4.122450678915001,0.0,8.0,,
pad,64,temp,0.05,5,0.38253659067208395,4.122450678915001,0.0,2.0,,
pad,64,temp,0.05,0,0.38253659067208395,4.122450678915001,,,0.8666666666666667,15.0
pad,64,temp,0.1,1,0.0,4.122450678915001,0.0,28.0,,
pad,64,temp,0.1,2,0.0,4.122450678915001,0.04666666666666667,150.0,,
pad,64,temp,0.1,3,0.0,4.122450678915001,0.07462686567164178,67.0,,
pad,64,temp,0.1,4,0.0,4.122450678915001,0.0,8.0,,
pad,64,temp,0.1,5,0.0,4.122450678915001,0.0,2.0,,
pad,64,temp,0.1,0,0.0,4.122450678915001,,,0.8666666666666667,15.0
pad,64,temp,0.15,1,0.0,4.122450678915001,0.0,28.0,,
pad,64,temp,0.15,2,0.0,4.122450678915001,0.04666666666666667,150.0,,
pad,64,temp,0.15,3,0.0,4.122450678915001,0.07462686567164178,67.0,,
pad,64,temp,0.15,4,0.0,4.122450678915001,0.0,8.0,,
pad,64,temp,0.15,5,0.0,4.122450678915001,0.0,2.0,,
pad,64,temp,0.15,0,0.0,4.122450678915001,,,0.8666666666666667,15.0
hiba,65,softmax,0.05,1,0.9855810484085216,1.0,0.05,20.0,,
hiba,65,softmax,0.05,2,0.9855810484085216,1.0,0.023809523809523808,126.0,,
hiba,65,softmax,0.05,3,0.9855810484085216,1.0,0.0,13.0,,
hiba,65,softmax,0.05,0,0.9855810484085216,1.0,,,0.3111111111111111,225.0
hiba,65,softmax,0.1,1,0.9125744603552982,1.0,0.1,20.0,,
hiba,65,softmax,0.1,2,0.9125744603552982,1.0,0.1111111111111111,126.0,,
hiba,65,softmax,0.1,3,0.9125744603552982,1.0,0.0,13.0,,
hiba,65,softmax,0.1,0,0.9125744603552982,1.0,,,0.6355555555555555,225.0
hiba,65,softmax,0.15,1,0.7412239146395999,1.0,0.1,20.0,,
hiba,65,softmax,0.15,2,0.7412239146395999,1.0,0.15873015873015872,126.0,,
hiba,65,softmax,0.15,3,0.7412239146395999,1.0,0.07692307692307693,13.0,,
hiba,65,softmax,0.15,0,0.7412239146395999,1.0,,,0.8177777777777778,225.0
hiba,65,temp,0.05,1,0.5170057376887978,4.5638953068866615,0.05,20.0,,
hiba,65,temp,0.05,2,0.5170057376887978,4.5638953068866615,0.03968253968253968,126.0,,
hiba,65,temp,0.05,3,0.5170057376887978,4.5638953068866615,0.0,13.0,,
hiba,65,temp,0.05,0,0.5170057376887978,4.5638953068866615,,,0.49777777777777776,225.0
hiba,65,temp,0.1,1,0.3884729475871873,4.5638953068866615,0.1,20.0,,
hiba,65,temp,0.1,2,0.3884729475871873,4.5638953068866615,0.10317460317460317,126.0,,
hiba,65,temp,0.1,3,0.3884729475871873,4.5638953068866615,0.07692307692307693,13.0,,
hiba,65,temp,0.1,0,0.3884729475871873,4.5638953068866615,,,0.7866666666666666,225.0
hiba,65,temp,0.15,1,0.35653713791583747,4.5638953068866615,0.15,20.0,,
hiba,65,temp,0.15,2,0.35653713791583747,4.5638953068866615,0.1349206349206349,126.0,,
hiba,65,temp,0.15,3,0.35653713791583747,4.5638953068866615,0.07692307692307693,13.0,,
hiba,65,temp,0.15,0,0.35653713791583747,4.5638953068866615,,,0.84,225.0
pad,65,softmax,0.05,1,0.6969122309949016,1.0,0.0,18.0,,
pad,65,softmax,0.05,2,0.6969122309949016,1.0,0.037267080745341616,161.0,,
pad,65,softmax,0.05,3,0.6969122309949016,1.0,0.0641025641025641,78.0,,
pad,65,softmax,0.05,4,0.6969122309949016,1.0,0.0,7.0,,
pad,65,softmax,0.05,5,0.6969122309949016,1.0,0.0,2.0,,
pad,65,softmax,0.05,0,0.6969122309949016,1.0,,,0.4375,16.0
pad,65,softmax,0.1,1,0.0,1.0,0.0,18.0,,
pad,65,softmax,0.1,2,0.0,1.0,0.043478260869565216,161.0,,
pad,65,softmax,0.1,3,0.0,1.0,0.0641025641025641,78.0,,
pad,65,softmax,0.1,4,0.0,1.0,0.0,7.0,,
pad,65,softmax,0.1,5,0.0,1.0,0.0,2.0,,
pad,65,softmax,0.1,0,0.0,1.0,,,0.625,16.0
pad,65,softmax,0.15,1,0.0,1.0,0.0,18.0,,
pad,65,softmax,0.15,2,0.0,1.0,0.043478260869565216,161.0,,
pad,65,softmax,0.15,3,0.0,1.0,0.0641025641025641,78.0,,
pad,65,softmax,0.15,4,0.0,1.0,0.0,7.0,,
pad,65,softmax,0.15,5,0.0,1.0,0.0,2.0,,
pad,65,softmax,0.15,0,0.0,1.0,,,0.625,16.0
pad,65,temp,0.05,1,0.3945184218238887,4.059786173776088,0.0,18.0,,
pad,65,temp,0.05,2,0.3945184218238887,4.059786173776088,0.037267080745341616,161.0,,
pad,65,temp,0.05,3,0.3945184218238887,4.059786173776088,0.038461538461538464,78.0,,
pad,65,temp,0.05,4,0.3945184218238887,4.059786173776088,0.0,7.0,,
pad,65,temp,0.05,5,0.3945184218238887,4.059786173776088,0.0,2.0,,
pad,65,temp,0.05,0,0.3945184218238887,4.059786173776088,,,0.5625,16.0
pad,65,temp,0.1,1,0.0,4.059786173776088,0.0,18.0,,
pad,65,temp,0.1,2,0.0,4.059786173776088,0.043478260869565216,161.0,,
pad,65,temp,0.1,3,0.0,4.059786173776088,0.0641025641025641,78.0,,
pad,65,temp,0.1,4,0.0,4.059786173776088,0.0,7.0,,
pad,65,temp,0.1,5,0.0,4.059786173776088,0.0,2.0,,
pad,65,temp,0.1,0,0.0,4.059786173776088,,,0.625,16.0
pad,65,temp,0.15,1,0.0,4.059786173776088,0.0,18.0,,
pad,65,temp,0.15,2,0.0,4.059786173776088,0.043478260869565216,161.0,,
pad,65,temp,0.15,3,0.0,4.059786173776088,0.0641025641025641,78.0,,
pad,65,temp,0.15,4,0.0,4.059786173776088,0.0,7.0,,
pad,65,temp,0.15,5,0.0,4.059786173776088,0.0,2.0,,
pad,65,temp,0.15,0,0.0,4.059786173776088,,,0.625,16.0
hiba,66,softmax,0.05,1,0.9779506018179991,1.0,0.0,13.0,,
hiba,66,softmax,0.05,2,0.9779506018179991,1.0,0.0423728813559322,118.0,,
hiba,66,softmax,0.05,3,0.9779506018179991,1.0,0.0,7.0,,
hiba,66,softmax,0.05,0,0.9779506018179991,1.0,,,0.34134615384615385,208.0
hiba,66,softmax,0.1,1,0.8877898165965885,1.0,0.15384615384615385,13.0,,
hiba,66,softmax,0.1,2,0.8877898165965885,1.0,0.11016949152542373,118.0,,
hiba,66,softmax,0.1,3,0.8877898165965885,1.0,0.0,7.0,,
hiba,66,softmax,0.1,0,0.8877898165965885,1.0,,,0.6153846153846154,208.0
hiba,66,softmax,0.15,1,0.6243098993107375,1.0,0.3076923076923077,13.0,,
hiba,66,softmax,0.15,2,0.6243098993107375,1.0,0.2542372881355932,118.0,,
hiba,66,softmax,0.15,3,0.6243098993107375,1.0,0.14285714285714285,7.0,,
hiba,66,softmax,0.15,0,0.6243098993107375,1.0,,,0.8269230769230769,208.0
hiba,66,temp,0.05,1,0.4426658032352918,5.210010906769917,0.0,13.0,,
hiba,66,temp,0.05,2,0.4426658032352918,5.210010906769917,0.05084745762711865,118.0,,
hiba,66,temp,0.05,3,0.4426658032352918,5.210010906769917,0.0,7.0,,
hiba,66,temp,0.05,0,0.4426658032352918,5.210010906769917,,,0.5096153846153846,208.0
hiba,66,temp,0.1,1,0.3528404165440187,5.210010906769917,0.07692307692307693,13.0,,
hiba,66,temp,0.1,2,0.3528404165440187,5.210010906769917,0.1440677966101695,118.0,,
hiba,66,temp,0.1,3,0.3528404165440187,5.210010906769917,0.0,7.0,,
hiba,66,temp,0.1,0,0.3528404165440187,5.210010906769917,,,0.75,208.0
hiba,66,temp,0.15,1,0.3143654502898977,5.210010906769917,0.15384615384615385,13.0,,
hiba,66,temp,0.15,2,0.3143654502898977,5.210010906769917,0.19491525423728814,118.0,,
hiba,66,temp,0.15,3,0.3143654502898977,5.210010906769917,0.14285714285714285,7.0,,
hiba,66,temp,0.15,0,0.3143654502898977,5.210010906769917,,,0.8221153846153846,208.0
pad,66,softmax,0.05,1,0.584943549903385,1.0,0.043478260869565216,23.0,,
pad,66,softmax,0.05,2,0.584943549903385,1.0,0.06578947368421052,152.0,,
pad,66,softmax,0.05,3,0.584943549903385,1.0,0.0410958904109589,73.0,,
pad,66,softmax,0.05,4,0.584943549903385,1.0,0.0,6.0,,
pad,66,softmax,0.05,5,0.584943549903385,1.0,0.0,3.0,,
pad,66,softmax,0.05,0,0.584943549903385,1.0,,,0.6875,16.0
pad,66,softmax,0.1,1,0.0,1.0,0.043478260869565216,23.0,,
pad,66,softmax,0.1,2,0.0,1.0,0.07236842105263158,152.0,,
pad,66,softmax,0.1,3,0.0,1.0,0.0547945205479452,73.0,,
pad,66,softmax,0.1,4,0.0,1.0,0.0,6.0,,
pad,66,softmax,0.1,5,0.0,1.0,0.0,3.0,,
pad,66,softmax,0.1,0,0.0,1.0,,,0.6875,16.0
pad,66,softmax,0.15,1,0.0,1.0,0.043478260869565216,23.0,,
pad,66,softmax,0.15,2,0.0,1.0,0.07236842105263158,152.0,,
pad,66,softmax,0.15,3,0.0,1.0,0.0547945205479452,73.0,,
pad,66,softmax,0.15,4,0.0,1.0,0.0,6.0,,
pad,66,softmax,0.15,5,0.0,1.0,0.0,3.0,,
pad,66,softmax,0.15,0,0.0,1.0,,,0.6875,16.0
pad,66,temp,0.05,1,0.34469845619999356,4.331874327245594,0.043478260869565216,23.0,,
pad,66,temp,0.05,2,0.34469845619999356,4.331874327245594,0.07236842105263158,152.0,,
pad,66,temp,0.05,3,0.34469845619999356,4.331874327245594,0.0410958904109589,73.0,,
pad,66,temp,0.05,4,0.34469845619999356,4.331874327245594,0.0,6.0,,
pad,66,temp,0.05,5,0.34469845619999356,4.331874327245594,0.0,3.0,,
pad,66,temp,0.05,0,0.34469845619999356,4.331874327245594,,,0.6875,16.0
pad,66,temp,0.1,1,0.0,4.331874327245594,0.043478260869565216,23.0,,
pad,66,temp,0.1,2,0.0,4.331874327245594,0.07236842105263158,152.0,,
pad,66,temp,0.1,3,0.0,4.331874327245594,0.0547945205479452,73.0,,
pad,66,temp,0.1,4,0.0,4.331874327245594,0.0,6.0,,
pad,66,temp,0.1,5,0.0,4.331874327245594,0.0,3.0,,
pad,66,temp,0.1,0,0.0,4.331874327245594,,,0.6875,16.0
pad,66,temp,0.15,1,0.0,4.331874327245594,0.043478260869565216,23.0,,
pad,66,temp,0.15,2,0.0,4.331874327245594,0.07236842105263158,152.0,,
pad,66,temp,0.15,3,0.0,4.331874327245594,0.0547945205479452,73.0,,
pad,66,temp,0.15,4,0.0,4.331874327245594,0.0,6.0,,
pad,66,temp,0.15,5,0.0,4.331874327245594,0.0,3.0,,
pad,66,temp,0.15,0,0.0,4.331874327245594,,,0.6875,16.0
hiba,67,softmax,0.05,1,0.9830216461227286,1.0,0.0,8.0,,
hiba,67,softmax,0.05,2,0.9830216461227286,1.0,0.05,140.0,,
hiba,67,softmax,0.05,3,0.9830216461227286,1.0,0.0,7.0,,
hiba,67,softmax,0.05,0,0.9830216461227286,1.0,,,0.3438914027149321,221.0
hiba,67,softmax,0.1,1,0.9429742632640773,1.0,0.0,8.0,,
hiba,67,softmax,0.1,2,0.9429742632640773,1.0,0.09285714285714286,140.0,,
hiba,67,softmax,0.1,3,0.9429742632640773,1.0,0.0,7.0,,
hiba,67,softmax,0.1,0,0.9429742632640773,1.0,,,0.5610859728506787,221.0
hiba,67,softmax,0.15,1,0.7720400591873195,1.0,0.0,8.0,,
hiba,67,softmax,0.15,2,0.7720400591873195,1.0,0.14285714285714285,140.0,,
hiba,67,softmax,0.15,3,0.7720400591873195,1.0,0.0,7.0,,
hiba,67,softmax,0.15,0,0.7720400591873195,1.0,,,0.7692307692307693,221.0
hiba,67,temp,0.05,1,0.48203971227020537,4.71146695077139,0.0,8.0,,
hiba,67,temp,0.05,2,0.48203971227020537,4.71146695077139,0.07142857142857142,140.0,,
hiba,67,temp,0.05,3,0.48203971227020537,4.71146695077139,0.0,7.0,,
hiba,67,temp,0.05,0,0.48203971227020537,4.71146695077139,,,0.579185520361991,221.0
hiba,67,temp,0.1,1,0.4064756400139008,4.71146695077139,0.0,8.0,,
hiba,67,temp,0.1,2,0.4064756400139008,4.71146695077139,0.08571428571428572,140.0,,
hiba,67,temp,0.1,3,0.4064756400139008,4.71146695077139,0.0,7.0,,
hiba,67,temp,0.1,0,0.4064756400139008,4.71146695077139,,,0.7285067873303167,221.0
hiba,67,temp,0.15,1,0.3385592802645002,4.71146695077139,0.125,8.0,,
hiba,67,temp,0.15,2,0.3385592802645002,4.71146695077139,0.17142857142857143,140.0,,
hiba,67,temp,0.15,3,0.3385592802645002,4.71146695077139,0.0,7.0,,
hiba,67,temp,0.15,0,0.3385592802645002,4.71146695077139,,,0.8416289592760181,221.0
pad,67,softmax,0.05,1,0.0,1.0,0.0,23.0,,
pad,67,softmax,0.05,2,0.0,1.0,0.09285714285714286,140.0,,
pad,67,softmax,0.05,3,0.0,1.0,0.07228915662650602,83.0,,
pad,67,softmax,0.05,4,0.0,1.0,0.06666666666666667,15.0,,
pad,67,softmax,0.05,5,0.0,1.0,0.0,1.0,,
pad,67,softmax,0.05,0,0.0,1.0,,,0.7857142857142857,14.0
pad,67,softmax,0.1,1,0.0,1.0,0.0,23.0,,
pad,67,softmax,0.1,2,0.0,1.0,0.09285714285714286,140.0,,
pad,67,softmax,0.1,3,0.0,1.0,0.07228915662650602,83.0,,
pad,67,softmax,0.1,4,0.0,1.0,0.06666666666666667,15.0,,
pad,67,softmax,0.1,5,0.0,1.0,0.0,1.0,,
pad,67,softmax,0.1,0,0.0,1.0,,,0.7857142857142857,14.0
pad,67,softmax,0.15,1,0.0,1.0,0.0,23.0,,
pad,67,softmax,0.15,2,0.0,1.0,0.09285714285714286,140.0,,
pad,67,softmax,0.15,3,0.0,1.0,0.07228915662650602,83.0,,
pad,67,softmax,0.15,4,0.0,1.0,0.06666666666666667,15.0,,
pad,67,softmax,0.15,5,0.0,1.0,0.0,1.0,,
pad,67,softmax,0.15,0,0.0,1.0,,,0.7857142857142857,14.0
pad,67,temp,0.05,1,0.0,3.885543951323503,0.0,23.0,,
pad,67,temp,0.05,2,0.0,3.885543951323503,0.09285714285714286,140.0,,
pad,67,temp,0.05,3,0.0,3.885543951323503,0.07228915662650602,83.0,,
pad,67,temp,0.05,4,0.0,3.885543951323503,0.06666666666666667,15.0,,
pad,67,temp,0.05,5,0.0,3.885543951323503,0.0,1.0,,
pad,67,temp,0.05,0,0.0,3.885543951323503,,,0.7857142857142857,14.0
pad,67,temp,0.1,1,0.0,3.885543951323503,0.0,23.0,,
pad,67,temp,0.1,2,0.0,3.885543951323503,0.09285714285714286,140.0,,
pad,67,temp,0.1,3,0.0,3.885543951323503,0.07228915662650602,83.0,,
pad,67,temp,0.1,4,0.0,3.885543951323503,0.06666666666666667,15.0,,
pad,67,temp,0.1,5,0.0,3.885543951323503,0.0,1.0,,
pad,67,temp,0.1,0,0.0,3.885543951323503,,,0.7857142857142857,14.0
pad,67,temp,0.15,1,0.0,3.885543951323503,0.0,23.0,,
pad,67,temp,0.15,2,0.0,3.885543951323503,0.09285714285714286,140.0,,
pad,67,temp,0.15,3,0.0,3.885543951323503,0.07228915662650602,83.0,,
pad,67,temp,0.15,4,0.0,3.885543951323503,0.06666666666666667,15.0,,
pad,67,temp,0.15,5,0.0,3.885543951323503,0.0,1.0,,
pad,67,temp,0.15,0,0.0,3.885543951323503,,,0.7857142857142857,14.0
hiba,68,softmax,0.05,1,0.9766312053446783,1.0,0.0,15.0,,
hiba,68,softmax,0.05,2,0.9766312053446783,1.0,0.07017543859649122,114.0,,
hiba,68,softmax,0.05,3,0.9766312053446783,1.0,0.05263157894736842,19.0,,
hiba,68,softmax,0.05,0,0.9766312053446783,1.0,,,0.3130434782608696,115.0
hiba,68,softmax,0.1,1,0.8468808806317221,1.0,0.06666666666666667,15.0,,
hiba,68,softmax,0.1,2,0.8468808806317221,1.0,0.17543859649122806,114.0,,
hiba,68,softmax,0.1,3,0.8468808806317221,1.0,0.10526315789473684,19.0,,
hiba,68,softmax,0.1,0,0.8468808806317221,1.0,,,0.5304347826086957,115.0
hiba,68,softmax,0.15,1,0.6262281065079934,1.0,0.2,15.0,,
hiba,68,softmax,0.15,2,0.6262281065079934,1.0,0.24561403508771928,114.0,,
hiba,68,softmax,0.15,3,0.6262281065079934,1.0,0.10526315789473684,19.0,,
hiba,68,softmax,0.15,0,0.6262281065079934,1.0,,,0.7304347826086957,115.0
hiba,68,temp,0.05,1,0.48027889950496705,4.536100762093522,0.0,15.0,,
hiba,68,temp,0.05,2,0.48027889950496705,4.536100762093522,0.09649122807017543,114.0,,
hiba,68,temp,0.05,3,0.48027889950496705,4.536100762093522,0.05263157894736842,19.0,,
hiba,68,temp,0.05,0,0.48027889950496705,4.536100762093522,,,0.41739130434782606,115.0
hiba,68,temp,0.1,1,0.37653671564516666,4.536100762093522,0.06666666666666667,15.0,,
hiba,68,temp,0.1,2,0.37653671564516666,4.536100762093522,0.19298245614035087,114.0,,
hiba,68,temp,0.1,3,0.37653671564516666,4.536100762093522,0.10526315789473684,19.0,,
hiba,68,temp,0.1,0,0.37653671564516666,4.536100762093522,,,0.6434782608695652,115.0
hiba,68,temp,0.15,1,0.31459395336051654,4.536100762093522,0.2,15.0,,
hiba,68,temp,0.15,2,0.31459395336051654,4.536100762093522,0.2543859649122807,114.0,,
hiba,68,temp,0.15,3,0.31459395336051654,4.536100762093522,0.21052631578947367,19.0,,
hiba,68,temp,0.15,0,0.31459395336051654,4.536100762093522,,,0.7565217391304347,115.0
pad,68,softmax,0.05,1,0.4223232981217717,1.0,0.0,30.0,,
pad,68,softmax,0.05,2,0.4223232981217717,1.0,0.075,160.0,,
pad,68,softmax,0.05,3,0.4223232981217717,1.0,0.07692307692307693,52.0,,
pad,68,softmax,0.05,4,0.4223232981217717,1.0,0.07692307692307693,13.0,,
pad,68,softmax,0.05,5,0.4223232981217717,1.0,0.0,1.0,,
pad,68,softmax,0.05,0,0.4223232981217717,1.0,,,0.5714285714285714,14.0
pad,68,softmax,0.1,1,0.0,1.0,0.0,30.0,,
pad,68,softmax,0.1,2,0.0,1.0,0.075,160.0,,
pad,68,softmax,0.1,3,0.0,1.0,0.07692307692307693,52.0,,
pad,68,softmax,0.1,4,0.0,1.0,0.07692307692307693,13.0,,
pad,68,softmax,0.1,5,0.0,1.0,0.0,1.0,,
pad,68,softmax,0.1,0,0.0,1.0,,,0.5714285714285714,14.0
pad,68,softmax,0.15,1,0.0,1.0,0.0,30.0,,
pad,68,softmax,0.15,2,0.0,1.0,0.075,160.0,,
pad,68,softmax,0.15,3,0.0,1.0,0.07692307692307693,52.0,,
pad,68,softmax,0.15,4,0.0,1.0,0.07692307692307693,13.0,,
pad,68,softmax,0.15,5,0.0,1.0,0.0,1.0,,
pad,68,softmax,0.15,0,0.0,1.0,,,0.5714285714285714,14.0
pad,68,temp,0.05,1,0.25682978968630216,4.085985198483512,0.0,30.0,,
pad,68,temp,0.05,2,0.25682978968630216,4.085985198483512,0.075,160.0,,
pad,68,temp,0.05,3,0.25682978968630216,4.085985198483512,0.07692307692307693,52.0,,
pad,68,temp,0.05,4,0.25682978968630216,4.085985198483512,0.07692307692307693,13.0,,
pad,68,temp,0.05,5,0.25682978968630216,4.085985198483512,0.0,1.0,,
pad,68,temp,0.05,0,0.25682978968630216,4.085985198483512,,,0.5714285714285714,14.0
pad,68,temp,0.1,1,0.0,4.085985198483512,0.0,30.0,,
pad,68,temp,0.1,2,0.0,4.085985198483512,0.075,160.0,,
pad,68,temp,0.1,3,0.0,4.085985198483512,0.07692307692307693,52.0,,
pad,68,temp,0.1,4,0.0,4.085985198483512,0.07692307692307693,13.0,,
pad,68,temp,0.1,5,0.0,4.085985198483512,0.0,1.0,,
pad,68,temp,0.1,0,0.0,4.085985198483512,,,0.5714285714285714,14.0
pad,68,temp,0.15,1,0.0,4.085985198483512,0.0,30.0,,
pad,68,temp,0.15,2,0.0,4.085985198483512,0.075,160.0,,
pad,68,temp,0.15,3,0.0,4.085985198483512,0.07692307692307693,52.0,,
pad,68,temp,0.15,4,0.0,4.085985198483512,0.07692307692307693,13.0,,
pad,68,temp,0.15,5,0.0,4.085985198483512,0.0,1.0,,
pad,68,temp,0.15,0,0.0,4.085985198483512,,,0.5714285714285714,14.0
hiba,69,softmax,0.05,1,0.9829007603412179,1.0,0.04,25.0,,
hiba,69,softmax,0.05,2,0.9829007603412179,1.0,0.04424778761061947,113.0,,
hiba,69,softmax,0.05,3,0.9829007603412179,1.0,0.0,13.0,,
hiba,69,softmax,0.05,0,0.9829007603412179,1.0,,,0.33980582524271846,206.0
hiba,69,softmax,0.1,1,0.9435675086962504,1.0,0.04,25.0,,
hiba,69,softmax,0.1,2,0.9435675086962504,1.0,0.07079646017699115,113.0,,
hiba,69,softmax,0.1,3,0.9435675086962504,1.0,0.0,13.0,,
hiba,69,softmax,0.1,0,0.9435675086962504,1.0,,,0.5048543689320388,206.0
hiba,69,softmax,0.15,1,0.808706623422186,1.0,0.04,25.0,,
hiba,69,softmax,0.15,2,0.808706623422186,1.0,0.10619469026548672,113.0,,
hiba,69,softmax,0.15,3,0.808706623422186,1.0,0.0,13.0,,
hiba,69,softmax,0.15,0,0.808706623422186,1.0,,,0.6796116504854369,206.0
hiba,69,temp,0.05,1,0.4604751540656843,5.421555350458767,0.04,25.0,,
hiba,69,temp,0.05,2,0.4604751540656843,5.421555350458767,0.035398230088495575,113.0,,
hiba,69,temp,0.05,3,0.4604751540656843,5.421555350458767,0.0,13.0,,
hiba,69,temp,0.05,0,0.4604751540656843,5.421555350458767,,,0.4320388349514563,206.0
hiba,69,temp,0.1,1,0.3677103623496626,5.421555350458767,0.04,25.0,,
hiba,69,temp,0.1,2,0.3677103623496626,5.421555350458767,0.08849557522123894,113.0,,
hiba,69,temp,0.1,3,0.3677103623496626,5.421555350458767,0.0,13.0,,
hiba,69,temp,0.1,0,0.3677103623496626,5.421555350458767,,,0.6796116504854369,206.0
hiba,69,temp,0.15,1,0.3428672418110247,5.421555350458767,0.04,25.0,,
hiba,69,temp,0.15,2,0.3428672418110247,5.421555350458767,0.08849557522123894,113.0,,
hiba,69,temp,0.15,3,0.3428672418110247,5.421555350458767,0.0,13.0,,
hiba,69,temp,0.15,0,0.3428672418110247,5.421555350458767,,,0.7184466019417476,206.0
pad,69,softmax,0.05,1,0.45584397503201174,1.0,0.0,32.0,,
pad,69,softmax,0.05,2,0.45584397503201174,1.0,0.04827586206896552,145.0,,
pad,69,softmax,0.05,3,0.45584397503201174,1.0,0.047619047619047616,63.0,,
pad,69,softmax,0.05,4,0.45584397503201174,1.0,0.2222222222222222,9.0,,
pad,69,softmax,0.05,5,0.45584397503201174,1.0,0.0,2.0,,
pad,69,softmax,0.05,0,0.45584397503201174,1.0,,,0.6818181818181818,22.0
pad,69,softmax,0.1,1,0.0,1.0,0.0,32.0,,
pad,69,softmax,0.1,2,0.0,1.0,0.04827586206896552,145.0,,
pad,69,softmax,0.1,3,0.0,1.0,0.047619047619047616,63.0,,
pad,69,softmax,0.1,4,0.0,1.0,0.2222222222222222,9.0,,
pad,69,softmax,0.1,5,0.0,1.0,0.0,2.0,,
pad,69,softmax,0.1,0,0.0,1.0,,,0.6818181818181818,22.0
pad,69,softmax,0.15,1,0.0,1.0,0.0,32.0,,
pad,69,softmax,0.15,2,0.0,1.0,0.04827586206896552,145.0,,
pad,69,softmax,0.15,3,0.0,1.0,0.047619047619047616,63.0,,
pad,69,softmax,0.15,4,0.0,1.0,0.2222222222222222,9.0,,
pad,69,softmax,0.15,5,0.0,1.0,0.0,2.0,,
pad,69,softmax,0.15,0,0.0,1.0,,,0.6818181818181818,22.0
pad,69,temp,0.05,1,0.34114122711423017,3.9217023450741157,0.0,32.0,,
pad,69,temp,0.05,2,0.34114122711423017,3.9217023450741157,0.04827586206896552,145.0,,
pad,69,temp,0.05,3,0.34114122711423017,3.9217023450741157,0.047619047619047616,63.0,,
pad,69,temp,0.05,4,0.34114122711423017,3.9217023450741157,0.2222222222222222,9.0,,
pad,69,temp,0.05,5,0.34114122711423017,3.9217023450741157,0.0,2.0,,
pad,69,temp,0.05,0,0.34114122711423017,3.9217023450741157,,,0.6363636363636364,22.0
pad,69,temp,0.1,1,0.0,3.9217023450741157,0.0,32.0,,
pad,69,temp,0.1,2,0.0,3.9217023450741157,0.04827586206896552,145.0,,
pad,69,temp,0.1,3,0.0,3.9217023450741157,0.047619047619047616,63.0,,
pad,69,temp,0.1,4,0.0,3.9217023450741157,0.2222222222222222,9.0,,
pad,69,temp,0.1,5,0.0,3.9217023450741157,0.0,2.0,,
pad,69,temp,0.1,0,0.0,3.9217023450741157,,,0.6818181818181818,22.0
pad,69,temp,0.15,1,0.0,3.9217023450741157,0.0,32.0,,
pad,69,temp,0.15,2,0.0,3.9217023450741157,0.04827586206896552,145.0,,
pad,69,temp,0.15,3,0.0,3.9217023450741157,0.047619047619047616,63.0,,
pad,69,temp,0.15,4,0.0,3.9217023450741157,0.2222222222222222,9.0,,
pad,69,temp,0.15,5,0.0,3.9217023450741157,0.0,2.0,,
pad,69,temp,0.15,0,0.0,3.9217023450741157,,,0.6818181818181818,22.0
hiba,70,softmax,0.05,1,0.9601136284733922,1.0,0.0,14.0,,
hiba,70,softmax,0.05,2,0.9601136284733922,1.0,0.1092436974789916,119.0,,
hiba,70,softmax,0.05,3,0.9601136284733922,1.0,0.08333333333333333,12.0,,
hiba,70,softmax,0.05,0,0.9601136284733922,1.0,,,0.5024630541871922,203.0
hiba,70,softmax,0.1,1,0.8067895562457915,1.0,0.14285714285714285,14.0,,
hiba,70,softmax,0.1,2,0.8067895562457915,1.0,0.18487394957983194,119.0,,
hiba,70,softmax,0.1,3,0.8067895562457915,1.0,0.08333333333333333,12.0,,
hiba,70,softmax,0.1,0,0.8067895562457915,1.0,,,0.7339901477832512,203.0
hiba,70,softmax,0.15,1,0.672167692142331,1.0,0.21428571428571427,14.0,,
hiba,70,softmax,0.15,2,0.672167692142331,1.0,0.21008403361344538,119.0,,
hiba,70,softmax,0.15,3,0.672167692142331,1.0,0.08333333333333333,12.0,,
hiba,70,softmax,0.15,0,0.672167692142331,1.0,,,0.8029556650246306,203.0
hiba,70,temp,0.05,1,0.47073804957799764,4.685421707592805,0.0,14.0,,
hiba,70,temp,0.05,2,0.47073804957799764,4.685421707592805,0.1092436974789916,119.0,,
hiba,70,temp,0.05,3,0.47073804957799764,4.685421707592805,0.0,12.0,,
hiba,70,temp,0.05,0,0.47073804957799764,4.685421707592805,,,0.5911330049261084,203.0
hiba,70,temp,0.1,1,0.37446207427876366,4.685421707592805,0.07142857142857142,14.0,,
hiba,70,temp,0.1,2,0.37446207427876366,4.685421707592805,0.15966386554621848,119.0,,
hiba,70,temp,0.1,3,0.37446207427876366,4.685421707592805,0.08333333333333333,12.0,,
hiba,70,temp,0.1,0,0.37446207427876366,4.685421707592805,,,0.7931034482758621,203.0
hiba,70,temp,0.15,1,0.3306866855128547,4.685421707592805,0.21428571428571427,14.0,,
hiba,70,temp,0.15,2,0.3306866855128547,4.685421707592805,0.20168067226890757,119.0,,
hiba,70,temp,0.15,3,0.3306866855128547,4.685421707592805,0.08333333333333333,12.0,,
hiba,70,temp,0.15,0,0.3306866855128547,4.685421707592805,,,0.8472906403940886,203.0
pad,70,softmax,0.05,1,0.8076957460596181,1.0,0.03333333333333333,30.0,,
pad,70,softmax,0.05,2,0.8076957460596181,1.0,0.015151515151515152,132.0,,
pad,70,softmax,0.05,3,0.8076957460596181,1.0,0.034482758620689655,58.0,,
pad,70,softmax,0.05,4,0.8076957460596181,1.0,0.0,9.0,,
pad,70,softmax,0.05,5,0.8076957460596181,1.0,0.0,4.0,,
pad,70,softmax,0.05,0,0.8076957460596181,1.0,,,0.6538461538461539,26.0
pad,70,softmax,0.1,1,0.0,1.0,0.03333333333333333,30.0,,
pad,70,softmax,0.1,2,0.0,1.0,0.030303030303030304,132.0,,
pad,70,softmax,0.1,3,0.0,1.0,0.05172413793103448,58.0,,
pad,70,softmax,0.1,4,0.0,1.0,0.0,9.0,,
pad,70,softmax,0.1,5,0.0,1.0,0.0,4.0,,
pad,70,softmax,0.1,0,0.0,1.0,,,0.7307692307692307,26.0
pad,70,softmax,0.15,1,0.0,1.0,0.03333333333333333,30.0,,
pad,70,softmax,0.15,2,0.0,1.0,0.030303030303030304,132.0,,
pad,70,softmax,0.15,3,0.0,1.0,0.05172413793103448,58.0,,
pad,70,softmax,0.15,4,0.0,1.0,0.0,9.0,,
pad,70,softmax,0.15,5,0.0,1.0,0.0,4.0,,
pad,70,softmax,0.15,0,0.0,1.0,,,0.7307692307692307,26.0
pad,70,temp,0.05,1,0.41194492214681705,4.061021210520237,0.03333333333333333,30.0,,
pad,70,temp,0.05,2,0.41194492214681705,4.061021210520237,0.015151515151515152,132.0,,
pad,70,temp,0.05,3,0.41194492214681705,4.061021210520237,0.017241379310344827,58.0,,
pad,70,temp,0.05,4,0.41194492214681705,4.061021210520237,0.0,9.0,,
pad,70,temp,0.05,5,0.41194492214681705,4.061021210520237,0.0,4.0,,
pad,70,temp,0.05,0,0.41194492214681705,4.061021210520237,,,0.6923076923076923,26.0
pad,70,temp,0.1,1,0.0,4.061021210520237,0.03333333333333333,30.0,,
pad,70,temp,0.1,2,0.0,4.061021210520237,0.030303030303030304,132.0,,
pad,70,temp,0.1,3,0.0,4.061021210520237,0.05172413793103448,58.0,,
pad,70,temp,0.1,4,0.0,4.061021210520237,0.0,9.0,,
pad,70,temp,0.1,5,0.0,4.061021210520237,0.0,4.0,,
pad,70,temp,0.1,0,0.0,4.061021210520237,,,0.7307692307692307,26.0
pad,70,temp,0.15,1,0.0,4.061021210520237,0.03333333333333333,30.0,,
pad,70,temp,0.15,2,0.0,4.061021210520237,0.030303030303030304,132.0,,
pad,70,temp,0.15,3,0.0,4.061021210520237,0.05172413793103448,58.0,,
pad,70,temp,0.15,4,0.0,4.061021210520237,0.0,9.0,,
pad,70,temp,0.15,5,0.0,4.061021210520237,0.0,4.0,,
pad,70,temp,0.15,0,0.0,4.061021210520237,,,0.7307692307692307,26.0
hiba,71,softmax,0.05,1,0.9850375494594769,1.0,0.037037037037037035,27.0,,
hiba,71,softmax,0.05,2,0.9850375494594769,1.0,0.01680672268907563,119.0,,
hiba,71,softmax,0.05,3,0.9850375494594769,1.0,0.0,11.0,,
hiba,71,softmax,0.05,0,0.9850375494594769,1.0,,,0.3218390804597701,174.0
hiba,71,softmax,0.1,1,0.9429983628334453,1.0,0.07407407407407407,27.0,,
hiba,71,softmax,0.1,2,0.9429983628334453,1.0,0.08403361344537816,119.0,,
hiba,71,softmax,0.1,3,0.9429983628334453,1.0,0.0,11.0,,
hiba,71,softmax,0.1,0,0.9429983628334453,1.0,,,0.5517241379310345,174.0
hiba,71,softmax,0.15,1,0.7778184100179224,1.0,0.1111111111111111,27.0,,
hiba,71,softmax,0.15,2,0.7778184100179224,1.0,0.11764705882352941,119.0,,
hiba,71,softmax,0.15,3,0.7778184100179224,1.0,0.0,11.0,,
hiba,71,softmax,0.15,0,0.7778184100179224,1.0,,,0.764367816091954,174.0
hiba,71,temp,0.05,1,0.5190783530454728,4.483959980028012,0.07407407407407407,27.0,,
hiba,71,temp,0.05,2,0.5190783530454728,4.483959980028012,0.04201680672268908,119.0,,
hiba,71,temp,0.05,3,0.5190783530454728,4.483959980028012,0.0,11.0,,
hiba,71,temp,0.05,0,0.5190783530454728,4.483959980028012,,,0.47701149425287354,174.0
hiba,71,temp,0.1,1,0.43619395484197804,4.483959980028012,0.07407407407407407,27.0,,
hiba,71,temp,0.1,2,0.43619395484197804,4.483959980028012,0.08403361344537816,119.0,,
hiba,71,temp,0.1,3,0.43619395484197804,4.483959980028012,0.0,11.0,,
hiba,71,temp,0.1,0,0.43619395484197804,4.483959980028012,,,0.6436781609195402,174.0
hiba,71,temp,0.15,1,0.3604108059192205,4.483959980028012,0.1111111111111111,27.0,,
hiba,71,temp,0.15,2,0.3604108059192205,4.483959980028012,0.12605042016806722,119.0,,
hiba,71,temp,0.15,3,0.3604108059192205,4.483959980028012,0.0,11.0,,
hiba,71,temp,0.15,0,0.3604108059192205,4.483959980028012,,,0.7701149425287356,174.0
pad,71,softmax,0.05,1,0.5011074095826407,1.0,0.0,26.0,,
pad,71,softmax,0.05,2,0.5011074095826407,1.0,0.037037037037037035,162.0,,
pad,71,softmax,0.05,3,0.5011074095826407,1.0,0.08064516129032258,62.0,,
pad,71,softmax,0.05,4,0.5011074095826407,1.0,0.1111111111111111,9.0,,
pad,71,softmax,0.05,5,0.5011074095826407,1.0,0.0,3.0,,
pad,71,softmax,0.05,0,0.5011074095826407,1.0,,,0.5833333333333334,12.0
pad,71,softmax,0.1,1,0.0,1.0,0.0,26.0,,
pad,71,softmax,0.1,2,0.0,1.0,0.043209876543209874,162.0,,
pad,71,softmax,0.1,3,0.0,1.0,0.08064516129032258,62.0,,
pad,71,softmax,0.1,4,0.0,1.0,0.1111111111111111,9.0,,
pad,71,softmax,0.1,5,0.0,1.0,0.0,3.0,,
pad,71,softmax,0.1,0,0.0,1.0,,,0.5833333333333334,12.0
pad,71,softmax,0.15,1,0.0,1.0,0.0,26.0,,
pad,71,softmax,0.15,2,0.0,1.0,0.043209876543209874,162.0,,
pad,71,softmax,0.15,3,0.0,1.0,0.08064516129032258,62.0,,
pad,71,softmax,0.15,4,0.0,1.0,0.1111111111111111,9.0,,
pad,71,softmax,0.15,5,0.0,1.0,0.0,3.0,,
pad,71,softmax,0.15,0,0.0,1.0,,,0.5833333333333334,12.0
pad,71,temp,0.05,1,0.34231838378396623,3.859493922394981,0.0,26.0,,
pad,71,temp,0.05,2,0.34231838378396623,3.859493922394981,0.043209876543209874,162.0,,
pad,71,temp,0.05,3,0.34231838378396623,3.859493922394981,0.08064516129032258,62.0,,
pad,71,temp,0.05,4,0.34231838378396623,3.859493922394981,0.1111111111111111,9.0,,
pad,71,temp,0.05,5,0.34231838378396623,3.859493922394981,0.0,3.0,,
pad,71,temp,0.05,0,0.34231838378396623,3.859493922394981,,,0.5833333333333334,12.0
pad,71,temp,0.1,1,0.0,3.859493922394981,0.0,26.0,,
pad,71,temp,0.1,2,0.0,3.859493922394981,0.043209876543209874,162.0,,
pad,71,temp,0.1,3,0.0,3.859493922394981,0.08064516129032258,62.0,,
pad,71,temp,0.1,4,0.0,3.859493922394981,0.1111111111111111,9.0,,
pad,71,temp,0.1,5,0.0,3.859493922394981,0.0,3.0,,
pad,71,temp,0.1,0,0.0,3.859493922394981,,,0.5833333333333334,12.0
pad,71,temp,0.15,1,0.0,3.859493922394981,0.0,26.0,,
pad,71,temp,0.15,2,0.0,3.859493922394981,0.043209876543209874,162.0,,
pad,71,temp,0.15,3,0.0,3.859493922394981,0.08064516129032258,62.0,,
pad,71,temp,0.15,4,0.0,3.859493922394981,0.1111111111111111,9.0,,
pad,71,temp,0.15,5,0.0,3.859493922394981,0.0,3.0,,
pad,71,temp,0.15,0,0.0,3.859493922394981,,,0.5833333333333334,12.0
hiba,72,softmax,0.05,1,0.9785657998485305,1.0,0.07142857142857142,14.0,,
hiba,72,softmax,0.05,2,0.9785657998485305,1.0,0.040983606557377046,122.0,,
hiba,72,softmax,0.05,3,0.9785657998485305,1.0,0.1,10.0,,
hiba,72,softmax,0.05,0,0.9785657998485305,1.0,,,0.29120879120879123,182.0
hiba,72,softmax,0.1,1,0.808706623422186,1.0,0.14285714285714285,14.0,,
hiba,72,softmax,0.1,2,0.808706623422186,1.0,0.14754098360655737,122.0,,
hiba,72,softmax,0.1,3,0.808706623422186,1.0,0.1,10.0,,
hiba,72,softmax,0.1,0,0.808706623422186,1.0,,,0.6098901098901099,182.0
hiba,72,softmax,0.15,1,0.5521392171868224,1.0,0.14285714285714285,14.0,,
hiba,72,softmax,0.15,2,0.5521392171868224,1.0,0.2786885245901639,122.0,,
hiba,72,softmax,0.15,3,0.5521392171868224,1.0,0.1,10.0,,
hiba,72,softmax,0.15,0,0.5521392171868224,1.0,,,0.8406593406593407,182.0
hiba,72,temp,0.05,1,0.5305647940074577,4.395796711635319,0.07142857142857142,14.0,,
hiba,72,temp,0.05,2,0.5305647940074577,4.395796711635319,0.040983606557377046,122.0,,
hiba,72,temp,0.05,3,0.5305647940074577,4.395796711635319,0.0,10.0,,
hiba,72,temp,0.05,0,0.5305647940074577,4.395796711635319,,,0.35714285714285715,182.0
hiba,72,temp,0.1,1,0.36424219493637133,4.395796711635319,0.14285714285714285,14.0,,
hiba,72,temp,0.1,2,0.36424219493637133,4.395796711635319,0.20491803278688525,122.0,,
hiba,72,temp,0.1,3,0.36424219493637133,4.395796711635319,0.1,10.0,,
hiba,72,temp,0.1,0,0.36424219493637133,4.395796711635319,,,0.7527472527472527,182.0
hiba,72,temp,0.15,1,0.31405835707416757,4.395796711635319,0.14285714285714285,14.0,,
hiba,72,temp,0.15,2,0.31405835707416757,4.395796711635319,0.2540983606557377,122.0,,
hiba,72,temp,0.15,3,0.31405835707416757,4.395796711635319,0.1,10.0,,
hiba,72,temp,0.15,0,0.31405835707416757,4.395796711635319,,,0.8406593406593407,182.0
pad,72,softmax,0.05,1,0.0,1.0,0.0,25.0,,
pad,72,softmax,0.05,2,0.0,1.0,0.07272727272727272,165.0,,
pad,72,softmax,0.05,3,0.0,1.0,0.08333333333333333,48.0,,
pad,72,softmax,0.05,4,0.0,1.0,0.125,8.0,,
pad,72,softmax,0.05,5,0.0,1.0,0.0,2.0,,
pad,72,softmax,0.05,0,0.0,1.0,,,0.7333333333333333,15.0
pad,72,softmax,0.1,1,0.0,1.0,0.0,25.0,,
pad,72,softmax,0.1,2,0.0,1.0,0.07272727272727272,165.0,,
pad,72,softmax,0.1,3,0.0,1.0,0.08333333333333333,48.0,,
pad,72,softmax,0.1,4,0.0,1.0,0.125,8.0,,
pad,72,softmax,0.1,5,0.0,1.0,0.0,2.0,,
pad,72,softmax,0.1,0,0.0,1.0,,,0.7333333333333333,15.0
pad,72,softmax,0.15,1,0.0,1.0,0.0,25.0,,
pad,72,softmax,0.15,2,0.0,1.0,0.07272727272727272,165.0,,
pad,72,softmax,0.15,3,0.0,1.0,0.08333333333333333,48.0,,
pad,72,softmax,0.15,4,0.0,1.0,0.125,8.0,,
pad,72,softmax,0.15,5,0.0,1.0,0.0,2.0,,
pad,72,softmax,0.15,0,0.0,1.0,,,0.7333333333333333,15.0
pad,72,temp,0.05,1,0.0,3.9710921245598225,0.0,25.0,,
pad,72,temp,0.05,2,0.0,3.9710921245598225,0.07272727272727272,165.0,,
pad,72,temp,0.05,3,0.0,3.9710921245598225,0.08333333333333333,48.0,,
pad,72,temp,0.05,4,0.0,3.9710921245598225,0.125,8.0,,
pad,72,temp,0.05,5,0.0,3.9710921245598225,0.0,2.0,,
pad,72,temp,0.05,0,0.0,3.9710921245598225,,,0.7333333333333333,15.0
pad,72,temp,0.1,1,0.0,3.9710921245598225,0.0,25.0,,
pad,72,temp,0.1,2,0.0,3.9710921245598225,0.07272727272727272,165.0,,
pad,72,temp,0.1,3,0.0,3.9710921245598225,0.08333333333333333,48.0,,
pad,72,temp,0.1,4,0.0,3.9710921245598225,0.125,8.0,,
pad,72,temp,0.1,5,0.0,3.9710921245598225,0.0,2.0,,
pad,72,temp,0.1,0,0.0,3.9710921245598225,,,0.7333333333333333,15.0
pad,72,temp,0.15,1,0.0,3.9710921245598225,0.0,25.0,,
pad,72,temp,0.15,2,0.0,3.9710921245598225,0.07272727272727272,165.0,,
pad,72,temp,0.15,3,0.0,3.9710921245598225,0.08333333333333333,48.0,,
pad,72,temp,0.15,4,0.0,3.9710921245598225,0.125,8.0,,
pad,72,temp,0.15,5,0.0,3.9710921245598225,0.0,2.0,,
pad,72,temp,0.15,0,0.0,3.9710921245598225,,,0.7333333333333333,15.0
hiba,73,softmax,0.05,1,0.9845945048227508,1.0,0.06666666666666667,15.0,,
hiba,73,softmax,0.05,2,0.9845945048227508,1.0,0.042735042735042736,117.0,,
hiba,73,softmax,0.05,3,0.9845945048227508,1.0,0.0,14.0,,
hiba,73,softmax,0.05,0,0.9845945048227508,1.0,,,0.3654618473895582,249.0
hiba,73,softmax,0.1,1,0.9457365439617095,1.0,0.06666666666666667,15.0,,
hiba,73,softmax,0.1,2,0.9457365439617095,1.0,0.06837606837606838,117.0,,
hiba,73,softmax,0.1,3,0.9457365439617095,1.0,0.14285714285714285,14.0,,
hiba,73,softmax,0.1,0,0.9457365439617095,1.0,,,0.5863453815261044,249.0
hiba,73,softmax,0.15,1,0.7803394752463498,1.0,0.06666666666666667,15.0,,
hiba,73,softmax,0.15,2,0.7803394752463498,1.0,0.11965811965811966,117.0,,
hiba,73,softmax,0.15,3,0.7803394752463498,1.0,0.14285714285714285,14.0,,
hiba,73,softmax,0.15,0,0.7803394752463498,1.0,,,0.7911646586345381,249.0
hiba,73,temp,0.05,1,0.4886415656922174,4.923382569032092,0.06666666666666667,15.0,,
hiba,73,temp,0.05,2,0.4886415656922174,4.923382569032092,0.05128205128205128,117.0,,
hiba,73,temp,0.05,3,0.4886415656922174,4.923382569032092,0.0,14.0,,
hiba,73,temp,0.05,0,0.4886415656922174,4.923382569032092,,,0.5622489959839357,249.0
hiba,73,temp,0.1,1,0.41102539603698124,4.923382569032092,0.06666666666666667,15.0,,
hiba,73,temp,0.1,2,0.41102539603698124,4.923382569032092,0.06837606837606838,117.0,,
hiba,73,temp,0.1,3,0.41102539603698124,4.923382569032092,0.14285714285714285,14.0,,
hiba,73,temp,0.1,0,0.41102539603698124,4.923382569032092,,,0.7188755020080321,249.0
hiba,73,temp,0.15,1,0.3459388704429297,4.923382569032092,0.06666666666666667,15.0,,
hiba,73,temp,0.15,2,0.3459388704429297,4.923382569032092,0.1111111111111111,117.0,,
hiba,73,temp,0.15,3,0.3459388704429297,4.923382569032092,0.14285714285714285,14.0,,
hiba,73,temp,0.15,0,0.3459388704429297,4.923382569032092,,,0.8232931726907631,249.0
pad,73,softmax,0.05,1,0.4588865287477563,1.0,0.0,22.0,,
pad,73,softmax,0.05,2,0.4588865287477563,1.0,0.06040268456375839,149.0,,
pad,73,softmax,0.05,3,0.4588865287477563,1.0,0.03896103896103896,77.0,,
pad,73,softmax,0.05,4,0.4588865287477563,1.0,0.16666666666666666,12.0,,
pad,73,softmax,0.05,5,0.4588865287477563,1.0,0.0,4.0,,
pad,73,softmax,0.05,0,0.4588865287477563,1.0,,,0.7142857142857143,14.0
pad,73,softmax,0.1,1,0.0,1.0,0.0,22.0,,
pad,73,softmax,0.1,2,0.0,1.0,0.06040268456375839,149.0,,
pad,73,softmax,0.1,3,0.0,1.0,0.03896103896103896,77.0,,
pad,73,softmax,0.1,4,0.0,1.0,0.16666666666666666,12.0,,
pad,73,softmax,0.1,5,0.0,1.0,0.0,4.0,,
pad,73,softmax,0.1,0,0.0,1.0,,,0.7142857142857143,14.0
pad,73,softmax,0.15,1,0.0,1.0,0.0,22.0,,
pad,73,softmax,0.15,2,0.0,1.0,0.06040268456375839,149.0,,
pad,73,softmax,0.15,3,0.0,1.0,0.03896103896103896,77.0,,
pad,73,softmax,0.15,4,0.0,1.0,0.16666666666666666,12.0,,
pad,73,softmax,0.15,5,0.0,1.0,0.0,4.0,,
pad,73,softmax,0.15,0,0.0,1.0,,,0.7142857142857143,14.0
pad,73,temp,0.05,1,0.3591624869056401,3.9229173613228485,0.0,22.0,,
pad,73,temp,0.05,2,0.3591624869056401,3.9229173613228485,0.04697986577181208,149.0,,
pad,73,temp,0.05,3,0.3591624869056401,3.9229173613228485,0.03896103896103896,77.0,,
pad,73,temp,0.05,4,0.3591624869056401,3.9229173613228485,0.16666666666666666,12.0,,
pad,73,temp,0.05,5,0.3591624869056401,3.9229173613228485,0.0,4.0,,
pad,73,temp,0.05,0,0.3591624869056401,3.9229173613228485,,,0.7142857142857143,14.0
pad,73,temp,0.1,1,0.0,3.9229173613228485,0.0,22.0,,
pad,73,temp,0.1,2,0.0,3.9229173613228485,0.06040268456375839,149.0,,
pad,73,temp,0.1,3,0.0,3.9229173613228485,0.03896103896103896,77.0,,
pad,73,temp,0.1,4,0.0,3.9229173613228485,0.16666666666666666,12.0,,
pad,73,temp,0.1,5,0.0,3.9229173613228485,0.0,4.0,,
pad,73,temp,0.1,0,0.0,3.9229173613228485,,,0.7142857142857143,14.0
pad,73,temp,0.15,1,0.0,3.9229173613228485,0.0,22.0,,
pad,73,temp,0.15,2,0.0,3.9229173613228485,0.06040268456375839,149.0,,
pad,73,temp,0.15,3,0.0,3.9229173613228485,0.03896103896103896,77.0,,
pad,73,temp,0.15,4,0.0,3.9229173613228485,0.16666666666666666,12.0,,
pad,73,temp,0.15,5,0.0,3.9229173613228485,0.0,4.0,,
pad,73,temp,0.15,0,0.0,3.9229173613228485,,,0.7142857142857143,14.0
hiba,74,softmax,0.05,1,0.9835919151705542,1.0,0.0,11.0,,
hiba,74,softmax,0.05,2,0.9835919151705542,1.0,0.04672897196261682,107.0,,
hiba,74,softmax,0.05,3,0.9835919151705542,1.0,0.0,9.0,,
hiba,74,softmax,0.05,0,0.9835919151705542,1.0,,,0.3045977011494253,174.0
hiba,74,softmax,0.1,1,0.9259235917903013,1.0,0.09090909090909091,11.0,,
hiba,74,softmax,0.1,2,0.9259235917903013,1.0,0.1308411214953271,107.0,,
hiba,74,softmax,0.1,3,0.9259235917903013,1.0,0.0,9.0,,
hiba,74,softmax,0.1,0,0.9259235917903013,1.0,,,0.5,174.0
hiba,74,softmax,0.15,1,0.7689083075733797,1.0,0.09090909090909091,11.0,,
hiba,74,softmax,0.15,2,0.7689083075733797,1.0,0.17757009345794392,107.0,,
hiba,74,softmax,0.15,3,0.7689083075733797,1.0,0.0,9.0,,
hiba,74,softmax,0.15,0,0.7689083075733797,1.0,,,0.7011494252873564,174.0
hiba,74,temp,0.05,1,0.5168177621175968,4.449848914034606,0.09090909090909091,11.0,,
hiba,74,temp,0.05,2,0.5168177621175968,4.449848914034606,0.06542056074766354,107.0,,
hiba,74,temp,0.05,3,0.5168177621175968,4.449848914034606,0.0,9.0,,
hiba,74,temp,0.05,0,0.5168177621175968,4.449848914034606,,,0.4367816091954023,174.0
hiba,74,temp,0.1,1,0.4004017969732444,4.449848914034606,0.09090909090909091,11.0,,
hiba,74,temp,0.1,2,0.4004017969732444,4.449848914034606,0.1308411214953271,107.0,,
hiba,74,temp,0.1,3,0.4004017969732444,4.449848914034606,0.0,9.0,,
hiba,74,temp,0.1,0,0.4004017969732444,4.449848914034606,,,0.6551724137931034,174.0
hiba,74,temp,0.15,1,0.3613781942581015,4.449848914034606,0.09090909090909091,11.0,,
hiba,74,temp,0.15,2,0.3613781942581015,4.449848914034606,0.14953271028037382,107.0,,
hiba,74,temp,0.15,3,0.3613781942581015,4.449848914034606,0.0,9.0,,
hiba,74,temp,0.15,0,0.3613781942581015,4.449848914034606,,,0.7413793103448276,174.0
pad,74,softmax,0.05,1,0.0,1.0,0.034482758620689655,29.0,,
pad,74,softmax,0.05,2,0.0,1.0,0.07092198581560284,141.0,,
pad,74,softmax,0.05,3,0.0,1.0,0.07692307692307693,65.0,,
pad,74,softmax,0.05,4,0.0,1.0,0.0,7.0,,
pad,74,softmax,0.05,5,0.0,1.0,0.0,3.0,,
pad,74,softmax,0.05,0,0.0,1.0,,,0.7777777777777778,18.0
pad,74,softmax,0.1,1,0.0,1.0,0.034482758620689655,29.0,,
pad,74,softmax,0.1,2,0.0,1.0,0.07092198581560284,141.0,,
pad,74,softmax,0.1,3,0.0,1.0,0.07692307692307693,65.0,,
pad,74,softmax,0.1,4,0.0,1.0,0.0,7.0,,
pad,74,softmax,0.1,5,0.0,1.0,0.0,3.0,,
pad,74,softmax,0.1,0,0.0,1.0,,,0.7777777777777778,18.0
pad,74,softmax,0.15,1,0.0,1.0,0.034482758620689655,29.0,,
pad,74,softmax,0.15,2,0.0,1.0,0.07092198581560284,141.0,,
pad,74,softmax,0.15,3,0.0,1.0,0.07692307692307693,65.0,,
pad,74,softmax,0.15,4,0.0,1.0,0.0,7.0,,
pad,74,softmax,0.15,5,0.0,1.0,0.0,3.0,,
pad,74,softmax,0.15,0,0.0,1.0,,,0.7777777777777778,18.0
pad,74,temp,0.05,1,0.0,4.056160264476301,0.034482758620689655,29.0,,
pad,74,temp,0.05,2,0.0,4.056160264476301,0.07092198581560284,141.0,,
pad,74,temp,0.05,3,0.0,4.056160264476301,0.07692307692307693,65.0,,
pad,74,temp,0.05,4,0.0,4.056160264476301,0.0,7.0,,
pad,74,temp,0.05,5,0.0,4.056160264476301,0.0,3.0,,
pad,74,temp,0.05,0,0.0,4.056160264476301,,,0.7777777777777778,18.0
pad,74,temp,0.1,1,0.0,4.056160264476301,0.034482758620689655,29.0,,
pad,74,temp,0.1,2,0.0,4.056160264476301,0.07092198581560284,141.0,,
pad,74,temp,0.1,3,0.0,4.056160264476301,0.07692307692307693,65.0,,
pad,74,temp,0.1,4,0.0,4.056160264476301,0.0,7.0,,
pad,74,temp,0.1,5,0.0,4.056160264476301,0.0,3.0,,
pad,74,temp,0.1,0,0.0,4.056160264476301,,,0.7777777777777778,18.0
pad,74,temp,0.15,1,0.0,4.056160264476301,0.034482758620689655,29.0,,
pad,74,temp,0.15,2,0.0,4.056160264476301,0.07092198581560284,141.0,,
pad,74,temp,0.15,3,0.0,4.056160264476301,0.07692307692307693,65.0,,
pad,74,temp,0.15,4,0.0,4.056160264476301,0.0,7.0,,
pad,74,temp,0.15,5,0.0,4.056160264476301,0.0,3.0,,
pad,74,temp,0.15,0,0.0,4.056160264476301,,,0.7777777777777778,18.0
hiba,75,softmax,0.05,1,0.9830216461227286,1.0,0.0,15.0,,
hiba,75,softmax,0.05,2,0.9830216461227286,1.0,0.04838709677419355,124.0,,
hiba,75,softmax,0.05,3,0.9830216461227286,1.0,0.0,17.0,,
hiba,75,softmax,0.05,0,0.9830216461227286,1.0,,,0.3121951219512195,205.0
hiba,75,softmax,0.1,1,0.9429983628334453,1.0,0.0,15.0,,
hiba,75,softmax,0.1,2,0.9429983628334453,1.0,0.08064516129032258,124.0,,
hiba,75,softmax,0.1,3,0.9429983628334453,1.0,0.11764705882352941,17.0,,
hiba,75,softmax,0.1,0,0.9429983628334453,1.0,,,0.4634146341463415,205.0
hiba,75,softmax,0.15,1,0.7707442288368183,1.0,0.06666666666666667,15.0,,
hiba,75,softmax,0.15,2,0.7707442288368183,1.0,0.14516129032258066,124.0,,
hiba,75,softmax,0.15,3,0.7707442288368183,1.0,0.17647058823529413,17.0,,
hiba,75,softmax,0.15,0,0.7707442288368183,1.0,,,0.697560975609756,205.0
hiba,75,temp,0.05,1,0.4867036375023742,4.892018833408419,0.0,15.0,,
hiba,75,temp,0.05,2,0.4867036375023742,4.892018833408419,0.056451612903225805,124.0,,
hiba,75,temp,0.05,3,0.4867036375023742,4.892018833408419,0.0,17.0,,
hiba,75,temp,0.05,0,0.4867036375023742,4.892018833408419,,,0.43414634146341463,205.0
hiba,75,temp,0.1,1,0.38082826318579255,4.892018833408419,0.0,15.0,,
hiba,75,temp,0.1,2,0.38082826318579255,4.892018833408419,0.10483870967741936,124.0,,
hiba,75,temp,0.1,3,0.38082826318579255,4.892018833408419,0.11764705882352941,17.0,,
hiba,75,temp,0.1,0,0.38082826318579255,4.892018833408419,,,0.6780487804878049,205.0
hiba,75,temp,0.15,1,0.33798659967993605,4.892018833408419,0.0,15.0,,
hiba,75,temp,0.15,2,0.33798659967993605,4.892018833408419,0.1693548387096774,124.0,,
hiba,75,temp,0.15,3,0.33798659967993605,4.892018833408419,0.17647058823529413,17.0,,
hiba,75,temp,0.15,0,0.33798659967993605,4.892018833408419,,,0.7658536585365854,205.0
pad,75,softmax,0.05,1,0.5898187088072386,1.0,0.0,31.0,,
pad,75,softmax,0.05,2,0.5898187088072386,1.0,0.05847953216374269,171.0,,
pad,75,softmax,0.05,3,0.5898187088072386,1.0,0.037037037037037035,81.0,,
pad,75,softmax,0.05,4,0.5898187088072386,1.0,0.0,12.0,,
pad,75,softmax,0.05,5,0.5898187088072386,1.0,0.0,2.0,,
pad,75,softmax,0.05,0,0.5898187088072386,1.0,,,0.7083333333333334,24.0
pad,75,softmax,0.1,1,0.0,1.0,0.0,31.0,,
pad,75,softmax,0.1,2,0.0,1.0,0.05847953216374269,171.0,,
pad,75,softmax,0.1,3,0.0,1.0,0.04938271604938271,81.0,,
pad,75,softmax,0.1,4,0.0,1.0,0.0,12.0,,
pad,75,softmax,0.1,5,0.0,1.0,0.0,2.0,,
pad,75,softmax,0.1,0,0.0,1.0,,,0.75,24.0
pad,75,softmax,0.15,1,0.0,1.0,0.0,31.0,,
pad,75,softmax,0.15,2,0.0,1.0,0.05847953216374269,171.0,,
pad,75,softmax,0.15,3,0.0,1.0,0.04938271604938271,81.0,,
pad,75,softmax,0.15,4,0.0,1.0,0.0,12.0,,
pad,75,softmax,0.15,5,0.0,1.0,0.0,2.0,,
pad,75,softmax,0.15,0,0.0,1.0,,,0.75,24.0
pad,75,temp,0.05,1,0.3633477196704533,4.134189005694256,0.0,31.0,,
pad,75,temp,0.05,2,0.3633477196704533,4.134189005694256,0.05263157894736842,171.0,,
pad,75,temp,0.05,3,0.3633477196704533,4.134189005694256,0.024691358024691357,81.0,,
pad,75,temp,0.05,4,0.3633477196704533,4.134189005694256,0.0,12.0,,
pad,75,temp,0.05,5,0.3633477196704533,4.134189005694256,0.0,2.0,,
pad,75,temp,0.05,0,0.3633477196704533,4.134189005694256,,,0.7083333333333334,24.0
pad,75,temp,0.1,1,0.0,4.134189005694256,0.0,31.0,,
pad,75,temp,0.1,2,0.0,4.134189005694256,0.05847953216374269,171.0,,
pad,75,temp,0.1,3,0.0,4.134189005694256,0.04938271604938271,81.0,,
pad,75,temp,0.1,4,0.0,4.134189005694256,0.0,12.0,,
pad,75,temp,0.1,5,0.0,4.134189005694256,0.0,2.0,,
pad,75,temp,0.1,0,0.0,4.134189005694256,,,0.75,24.0
pad,75,temp,0.15,1,0.0,4.134189005694256,0.0,31.0,,
pad,75,temp,0.15,2,0.0,4.134189005694256,0.05847953216374269,171.0,,
pad,75,temp,0.15,3,0.0,4.134189005694256,0.04938271604938271,81.0,,
pad,75,temp,0.15,4,0.0,4.134189005694256,0.0,12.0,,
pad,75,temp,0.15,5,0.0,4.134189005694256,0.0,2.0,,
pad,75,temp,0.15,0,0.0,4.134189005694256,,,0.75,24.0
hiba,76,softmax,0.05,1,0.976967225675208,1.0,0.06666666666666667,15.0,,
hiba,76,softmax,0.05,2,0.976967225675208,1.0,0.07377049180327869,122.0,,
hiba,76,softmax,0.05,3,0.976967225675208,1.0,0.058823529411764705,17.0,,
hiba,76,softmax,0.05,0,0.976967225675208,1.0,,,0.3424657534246575,146.0
hiba,76,softmax,0.1,1,0.8338837664157394,1.0,0.26666666666666666,15.0,,
hiba,76,softmax,0.1,2,0.8338837664157394,1.0,0.13114754098360656,122.0,,
hiba,76,softmax,0.1,3,0.8338837664157394,1.0,0.11764705882352941,17.0,,
hiba,76,softmax,0.1,0,0.8338837664157394,1.0,,,0.6643835616438356,146.0
hiba,76,softmax,0.15,1,0.688232400139002,1.0,0.3333333333333333,15.0,,
hiba,76,softmax,0.15,2,0.688232400139002,1.0,0.18032786885245902,122.0,,
hiba,76,softmax,0.15,3,0.688232400139002,1.0,0.11764705882352941,17.0,,
hiba,76,softmax,0.15,0,0.688232400139002,1.0,,,0.7534246575342466,146.0
hiba,76,temp,0.05,1,0.4754611773926067,4.567799724490325,0.06666666666666667,15.0,,
hiba,76,temp,0.05,2,0.4754611773926067,4.567799724490325,0.09836065573770492,122.0,,
hiba,76,temp,0.05,3,0.4754611773926067,4.567799724490325,0.058823529411764705,17.0,,
hiba,76,temp,0.05,0,0.4754611773926067,4.567799724490325,,,0.5136986301369864,146.0
hiba,76,temp,0.1,1,0.37275720841900317,4.567799724490325,0.26666666666666666,15.0,,
hiba,76,temp,0.1,2,0.37275720841900317,4.567799724490325,0.1557377049180328,122.0,,
hiba,76,temp,0.1,3,0.37275720841900317,4.567799724490325,0.11764705882352941,17.0,,
hiba,76,temp,0.1,0,0.37275720841900317,4.567799724490325,,,0.7054794520547946,146.0
hiba,76,temp,0.15,1,0.33151679205513523,4.567799724490325,0.26666666666666666,15.0,,
hiba,76,temp,0.15,2,0.33151679205513523,4.567799724490325,0.18032786885245902,122.0,,
hiba,76,temp,0.15,3,0.33151679205513523,4.567799724490325,0.17647058823529413,17.0,,
hiba,76,temp,0.15,0,0.33151679205513523,4.567799724490325,,,0.7876712328767124,146.0
pad,76,softmax,0.05,1,0.0,1.0,0.043478260869565216,23.0,,
pad,76,softmax,0.05,2,0.0,1.0,0.0625,144.0,,
pad,76,softmax,0.05,3,0.0,1.0,0.0821917808219178,73.0,,
pad,76,softmax,0.05,4,0.0,1.0,0.2,5.0,,
pad,76,softmax,0.05,5,0.0,1.0,0.0,2.0,,
pad,76,softmax,0.05,0,0.0,1.0,,,0.7222222222222222,18.0
pad,76,softmax,0.1,1,0.0,1.0,0.043478260869565216,23.0,,
pad,76,softmax,0.1,2,0.0,1.0,0.0625,144.0,,
pad,76,softmax,0.1,3,0.0,1.0,0.0821917808219178,73.0,,
pad,76,softmax,0.1,4,0.0,1.0,0.2,5.0,,
pad,76,softmax,0.1,5,0.0,1.0,0.0,2.0,,
pad,76,softmax,0.1,0,0.0,1.0,,,0.7222222222222222,18.0
pad,76,softmax,0.15,1,0.0,1.0,0.043478260869565216,23.0,,
pad,76,softmax,0.15,2,0.0,1.0,0.0625,144.0,,
pad,76,softmax,0.15,3,0.0,1.0,0.0821917808219178,73.0,,
pad,76,softmax,0.15,4,0.0,1.0,0.2,5.0,,
pad,76,softmax,0.15,5,0.0,1.0,0.0,2.0,,
pad,76,softmax,0.15,0,0.0,1.0,,,0.7222222222222222,18.0
pad,76,temp,0.05,1,0.0,3.8970791410228833,0.043478260869565216,23.0,,
pad,76,temp,0.05,2,0.0,3.8970791410228833,0.0625,144.0,,
pad,76,temp,0.05,3,0.0,3.8970791410228833,0.0821917808219178,73.0,,
pad,76,temp,0.05,4,0.0,3.8970791410228833,0.2,5.0,,
pad,76,temp,0.05,5,0.0,3.8970791410228833,0.0,2.0,,
pad,76,temp,0.05,0,0.0,3.8970791410228833,,,0.7222222222222222,18.0
pad,76,temp,0.1,1,0.0,3.8970791410228833,0.043478260869565216,23.0,,
pad,76,temp,0.1,2,0.0,3.8970791410228833,0.0625,144.0,,
pad,76,temp,0.1,3,0.0,3.8970791410228833,0.0821917808219178,73.0,,
pad,76,temp,0.1,4,0.0,3.8970791410228833,0.2,5.0,,
pad,76,temp,0.1,5,0.0,3.8970791410228833,0.0,2.0,,
pad,76,temp,0.1,0,0.0,3.8970791410228833,,,0.7222222222222222,18.0
pad,76,temp,0.15,1,0.0,3.8970791410228833,0.043478260869565216,23.0,,
pad,76,temp,0.15,2,0.0,3.8970791410228833,0.0625,144.0,,
pad,76,temp,0.15,3,0.0,3.8970791410228833,0.0821917808219178,73.0,,
pad,76,temp,0.15,4,0.0,3.8970791410228833,0.2,5.0,,
pad,76,temp,0.15,5,0.0,3.8970791410228833,0.0,2.0,,
pad,76,temp,0.15,0,0.0,3.8970791410228833,,,0.7222222222222222,18.0
hiba,77,softmax,0.05,1,0.9832013570559236,1.0,0.0,24.0,,
hiba,77,softmax,0.05,2,0.9832013570559236,1.0,0.03773584905660377,106.0,,
hiba,77,softmax,0.05,3,0.9832013570559236,1.0,0.0,11.0,,
hiba,77,softmax,0.05,0,0.9832013570559236,1.0,,,0.31797235023041476,217.0
hiba,77,softmax,0.1,1,0.9335675388159158,1.0,0.041666666666666664,24.0,,
hiba,77,softmax,0.1,2,0.9335675388159158,1.0,0.08490566037735849,106.0,,
hiba,77,softmax,0.1,3,0.9335675388159158,1.0,0.0,11.0,,
hiba,77,softmax,0.1,0,0.9335675388159158,1.0,,,0.5483870967741935,217.0
hiba,77,softmax,0.15,1,0.716957992277597,1.0,0.125,24.0,,
hiba,77,softmax,0.15,2,0.716957992277597,1.0,0.14150943396226415,106.0,,
hiba,77,softmax,0.15,3,0.716957992277597,1.0,0.09090909090909091,11.0,,
hiba,77,softmax,0.15,0,0.716957992277597,1.0,,,0.7788018433179723,217.0
hiba,77,temp,0.05,1,0.49230311988311803,4.961355029823214,0.0,24.0,,
hiba,77,temp,0.05,2,0.49230311988311803,4.961355029823214,0.018867924528301886,106.0,,
hiba,77,temp,0.05,3,0.49230311988311803,4.961355029823214,0.0,11.0,,
hiba,77,temp,0.05,0,0.49230311988311803,4.961355029823214,,,0.4608294930875576,217.0
hiba,77,temp,0.1,1,0.37824749479299785,4.961355029823214,0.041666666666666664,24.0,,
hiba,77,temp,0.1,2,0.37824749479299785,4.961355029823214,0.07547169811320754,106.0,,
hiba,77,temp,0.1,3,0.37824749479299785,4.961355029823214,0.0,11.0,,
hiba,77,temp,0.1,0,0.37824749479299785,4.961355029823214,,,0.7050691244239631,217.0
hiba,77,temp,0.15,1,0.33715533751245885,4.961355029823214,0.16666666666666666,24.0,,
hiba,77,temp,0.15,2,0.33715533751245885,4.961355029823214,0.10377358490566038,106.0,,
hiba,77,temp,0.15,3,0.33715533751245885,4.961355029823214,0.09090909090909091,11.0,,
hiba,77,temp,0.15,0,0.33715533751245885,4.961355029823214,,,0.7926267281105991,217.0
pad,77,softmax,0.05,1,0.4262509540532948,1.0,0.02702702702702703,37.0,,
pad,77,softmax,0.05,2,0.4262509540532948,1.0,0.05,160.0,,
pad,77,softmax,0.05,3,0.4262509540532948,1.0,0.05333333333333334,75.0,,
pad,77,softmax,0.05,4,0.4262509540532948,1.0,0.0,4.0,,
pad,77,softmax,0.05,5,0.4262509540532948,1.0,0.0,3.0,,
pad,77,softmax,0.05,0,0.4262509540532948,1.0,,,0.7058823529411765,17.0
pad,77,softmax,0.1,1,0.0,1.0,0.02702702702702703,37.0,,
pad,77,softmax,0.1,2,0.0,1.0,0.05,160.0,,
pad,77,softmax,0.1,3,0.0,1.0,0.05333333333333334,75.0,,
pad,77,softmax,0.1,4,0.0,1.0,0.0,4.0,,
pad,77,softmax,0.1,5,0.0,1.0,0.0,3.0,,
pad,77,softmax,0.1,0,0.0,1.0,,,0.7058823529411765,17.0
pad,77,softmax,0.15,1,0.0,1.0,0.02702702702702703,37.0,,
pad,77,softmax,0.15,2,0.0,1.0,0.05,160.0,,
pad,77,softmax,0.15,3,0.0,1.0,0.05333333333333334,75.0,,
pad,77,softmax,0.15,4,0.0,1.0,0.0,4.0,,
pad,77,softmax,0.15,5,0.0,1.0,0.0,3.0,,
pad,77,softmax,0.15,0,0.0,1.0,,,0.7058823529411765,17.0
pad,77,temp,0.05,1,0.2651626462016703,3.770777420757059,0.02702702702702703,37.0,,
pad,77,temp,0.05,2,0.2651626462016703,3.770777420757059,0.05,160.0,,
pad,77,temp,0.05,3,0.2651626462016703,3.770777420757059,0.05333333333333334,75.0,,
pad,77,temp,0.05,4,0.2651626462016703,3.770777420757059,0.0,4.0,,
pad,77,temp,0.05,5,0.2651626462016703,3.770777420757059,0.0,3.0,,
pad,77,temp,0.05,0,0.2651626462016703,3.770777420757059,,,0.7058823529411765,17.0
pad,77,temp,0.1,1,0.0,3.770777420757059,0.02702702702702703,37.0,,
pad,77,temp,0.1,2,0.0,3.770777420757059,0.05,160.0,,
pad,77,temp,0.1,3,0.0,3.770777420757059,0.05333333333333334,75.0,,
pad,77,temp,0.1,4,0.0,3.770777420757059,0.0,4.0,,
pad,77,temp,0.1,5,0.0,3.770777420757059,0.0,3.0,,
pad,77,temp,0.1,0,0.0,3.770777420757059,,,0.7058823529411765,17.0
pad,77,temp,0.15,1,0.0,3.770777420757059,0.02702702702702703,37.0,,
pad,77,temp,0.15,2,0.0,3.770777420757059,0.05,160.0,,
pad,77,temp,0.15,3,0.0,3.770777420757059,0.05333333333333334,75.0,,
pad,77,temp,0.15,4,0.0,3.770777420757059,0.0,4.0,,
pad,77,temp,0.15,5,0.0,3.770777420757059,0.0,3.0,,
pad,77,temp,0.15,0,0.0,3.770777420757059,,,0.7058823529411765,17.0
hiba,78,softmax,0.05,1,0.9778988591973208,1.0,0.05263157894736842,19.0,,
hiba,78,softmax,0.05,2,0.9778988591973208,1.0,0.061068702290076333,131.0,,
hiba,78,softmax,0.05,3,0.9778988591973208,1.0,0.0,4.0,,
hiba,78,softmax,0.05,0,0.9778988591973208,1.0,,,0.3048780487804878,246.0
hiba,78,softmax,0.1,1,0.909944204437171,1.0,0.10526315789473684,19.0,,
hiba,78,softmax,0.1,2,0.909944204437171,1.0,0.09923664122137404,131.0,,
hiba,78,softmax,0.1,3,0.909944204437171,1.0,0.0,4.0,,
hiba,78,softmax,0.1,0,0.909944204437171,1.0,,,0.5528455284552846,246.0
hiba,78,softmax,0.15,1,0.7257654377506884,1.0,0.15789473684210525,19.0,,
hiba,78,softmax,0.15,2,0.7257654377506884,1.0,0.1450381679389313,131.0,,
hiba,78,softmax,0.15,3,0.7257654377506884,1.0,0.0,4.0,,
hiba,78,softmax,0.15,0,0.7257654377506884,1.0,,,0.7601626016260162,246.0
hiba,78,temp,0.05,1,0.4670031146880594,4.806134240388087,0.05263157894736842,19.0,,
hiba,78,temp,0.05,2,0.4670031146880594,4.806134240388087,0.06870229007633588,131.0,,
hiba,78,temp,0.05,3,0.4670031146880594,4.806134240388087,0.0,4.0,,
hiba,78,temp,0.05,0,0.4670031146880594,4.806134240388087,,,0.5,246.0
hiba,78,temp,0.1,1,0.3801029808564385,4.806134240388087,0.05263157894736842,19.0,,
hiba,78,temp,0.1,2,0.3801029808564385,4.806134240388087,0.0916030534351145,131.0,,
hiba,78,temp,0.1,3,0.3801029808564385,4.806134240388087,0.0,4.0,,
hiba,78,temp,0.1,0,0.3801029808564385,4.806134240388087,,,0.7317073170731707,246.0
hiba,78,temp,0.15,1,0.3220087505780157,4.806134240388087,0.21052631578947367,19.0,,
hiba,78,temp,0.15,2,0.3220087505780157,4.806134240388087,0.19083969465648856,131.0,,
hiba,78,temp,0.15,3,0.3220087505780157,4.806134240388087,0.0,4.0,,
hiba,78,temp,0.15,0,0.3220087505780157,4.806134240388087,,,0.8292682926829268,246.0
pad,78,softmax,0.05,1,0.7155754605895082,1.0,0.0,26.0,,
pad,78,softmax,0.05,2,0.7155754605895082,1.0,0.027586206896551724,145.0,,
pad,78,softmax,0.05,3,0.7155754605895082,1.0,0.02702702702702703,74.0,,
pad,78,softmax,0.05,4,0.7155754605895082,1.0,0.2,5.0,,
pad,78,softmax,0.05,5,0.7155754605895082,1.0,0.0,4.0,,
pad,78,softmax,0.05,0,0.7155754605895082,1.0,,,0.7,20.0
pad,78,softmax,0.1,1,0.0,1.0,0.0,26.0,,
pad,78,softmax,0.1,2,0.0,1.0,0.034482758620689655,145.0,,
pad,78,softmax,0.1,3,0.0,1.0,0.06756756756756757,74.0,,
pad,78,softmax,0.1,4,0.0,1.0,0.2,5.0,,
pad,78,softmax,0.1,5,0.0,1.0,0.0,4.0,,
pad,78,softmax,0.1,0,0.0,1.0,,,0.8,20.0
pad,78,softmax,0.15,1,0.0,1.0,0.0,26.0,,
pad,78,softmax,0.15,2,0.0,1.0,0.034482758620689655,145.0,,
pad,78,softmax,0.15,3,0.0,1.0,0.06756756756756757,74.0,,
pad,78,softmax,0.15,4,0.0,1.0,0.2,5.0,,
pad,78,softmax,0.15,5,0.0,1.0,0.0,4.0,,
pad,78,softmax,0.15,0,0.0,1.0,,,0.8,20.0
pad,78,temp,0.05,1,0.3991543150573043,3.8660618396473794,0.0,26.0,,
pad,78,temp,0.05,2,0.3991543150573043,3.8660618396473794,0.027586206896551724,145.0,,
pad,78,temp,0.05,3,0.3991543150573043,3.8660618396473794,0.04054054054054054,74.0,,
pad,78,temp,0.05,4,0.3991543150573043,3.8660618396473794,0.2,5.0,,
pad,78,temp,0.05,5,0.3991543150573043,3.8660618396473794,0.0,4.0,,
pad,78,temp,0.05,0,0.3991543150573043,3.8660618396473794,,,0.75,20.0
pad,78,temp,0.1,1,0.0,3.8660618396473794,0.0,26.0,,
pad,78,temp,0.1,2,0.0,3.8660618396473794,0.034482758620689655,145.0,,
pad,78,temp,0.1,3,0.0,3.8660618396473794,0.06756756756756757,74.0,,
pad,78,temp,0.1,4,0.0,3.8660618396473794,0.2,5.0,,
pad,78,temp,0.1,5,0.0,3.8660618396473794,0.0,4.0,,
pad,78,temp,0.1,0,0.0,3.8660618396473794,,,0.8,20.0
pad,78,temp,0.15,1,0.0,3.8660618396473794,0.0,26.0,,
pad,78,temp,0.15,2,0.0,3.8660618396473794,0.034482758620689655,145.0,,
pad,78,temp,0.15,3,0.0,3.8660618396473794,0.06756756756756757,74.0,,
pad,78,temp,0.15,4,0.0,3.8660618396473794,0.2,5.0,,
pad,78,temp,0.15,5,0.0,3.8660618396473794,0.0,4.0,,
pad,78,temp,0.15,0,0.0,3.8660618396473794,,,0.8,20.0
hiba,79,softmax,0.05,1,0.9785657998485305,1.0,0.05263157894736842,19.0,,
hiba,79,softmax,0.05,2,0.9785657998485305,1.0,0.06140350877192982,114.0,,
hiba,79,softmax,0.05,3,0.9785657998485305,1.0,0.0,8.0,,
hiba,79,softmax,0.05,0,0.9785657998485305,1.0,,,0.19166666666666668,120.0
hiba,79,softmax,0.1,1,0.8563113180560876,1.0,0.05263157894736842,19.0,,
hiba,79,softmax,0.1,2,0.8563113180560876,1.0,0.14912280701754385,114.0,,
hiba,79,softmax,0.1,3,0.8563113180560876,1.0,0.0,8.0,,
hiba,79,softmax,0.1,0,0.8563113180560876,1.0,,,0.4666666666666667,120.0
hiba,79,softmax,0.15,1,0.6842271719912765,1.0,0.15789473684210525,19.0,,
hiba,79,softmax,0.15,2,0.6842271719912765,1.0,0.20175438596491227,114.0,,
hiba,79,softmax,0.15,3,0.6842271719912765,1.0,0.0,8.0,,
hiba,79,softmax,0.15,0,0.6842271719912765,1.0,,,0.6833333333333333,120.0
hiba,79,temp,0.05,1,0.4656539974850186,4.843770237175504,0.05263157894736842,19.0,,
hiba,79,temp,0.05,2,0.4656539974850186,4.843770237175504,0.06140350877192982,114.0,,
hiba,79,temp,0.05,3,0.4656539974850186,4.843770237175504,0.0,8.0,,
hiba,79,temp,0.05,0,0.4656539974850186,4.843770237175504,,,0.30833333333333335,120.0
hiba,79,temp,0.1,1,0.36551986676190584,4.843770237175504,0.05263157894736842,19.0,,
hiba,79,temp,0.1,2,0.36551986676190584,4.843770237175504,0.16666666666666666,114.0,,
hiba,79,temp,0.1,3,0.36551986676190584,4.843770237175504,0.0,8.0,,
hiba,79,temp,0.1,0,0.36551986676190584,4.843770237175504,,,0.575,120.0
hiba,79,temp,0.15,1,0.3261432996952632,4.843770237175504,0.05263157894736842,19.0,,
hiba,79,temp,0.15,2,0.3261432996952632,4.843770237175504,0.19298245614035087,114.0,,
hiba,79,temp,0.15,3,0.3261432996952632,4.843770237175504,0.125,8.0,,
hiba,79,temp,0.15,0,0.3261432996952632,4.843770237175504,,,0.6916666666666667,120.0
pad,79,softmax,0.05,1,0.0,1.0,0.02702702702702703,37.0,,
pad,79,softmax,0.05,2,0.0,1.0,0.06875,160.0,,
pad,79,softmax,0.05,3,0.0,1.0,0.06557377049180328,61.0,,
pad,79,softmax,0.05,4,0.0,1.0,0.2,10.0,,
pad,79,softmax,0.05,5,0.0,1.0,0.0,2.0,,
pad,79,softmax,0.05,0,0.0,1.0,,,0.7777777777777778,18.0
pad,79,softmax,0.1,1,0.0,1.0,0.02702702702702703,37.0,,
pad,79,softmax,0.1,2,0.0,1.0,0.06875,160.0,,
pad,79,softmax,0.1,3,0.0,1.0,0.06557377049180328,61.0,,
pad,79,softmax,0.1,4,0.0,1.0,0.2,10.0,,
pad,79,softmax,0.1,5,0.0,1.0,0.0,2.0,,
pad,79,softmax,0.1,0,0.0,1.0,,,0.7777777777777778,18.0
pad,79,softmax,0.15,1,0.0,1.0,0.02702702702702703,37.0,,
pad,79,softmax,0.15,2,0.0,1.0,0.06875,160.0,,
pad,79,softmax,0.15,3,0.0,1.0,0.06557377049180328,61.0,,
pad,79,softmax,0.15,4,0.0,1.0,0.2,10.0,,
pad,79,softmax,0.15,5,0.0,1.0,0.0,2.0,,
pad,79,softmax,0.15,0,0.0,1.0,,,0.7777777777777778,18.0
pad,79,temp,0.05,1,0.0,3.709740227157946,0.02702702702702703,37.0,,
pad,79,temp,0.05,2,0.0,3.709740227157946,0.06875,160.0,,
pad,79,temp,0.05,3,0.0,3.709740227157946,0.06557377049180328,61.0,,
pad,79,temp,0.05,4,0.0,3.709740227157946,0.2,10.0,,
pad,79,temp,0.05,5,0.0,3.709740227157946,0.0,2.0,,
pad,79,temp,0.05,0,0.0,3.709740227157946,,,0.7777777777777778,18.0
pad,79,temp,0.1,1,0.0,3.709740227157946,0.02702702702702703,37.0,,
pad,79,temp,0.1,2,0.0,3.709740227157946,0.06875,160.0,,
pad,79,temp,0.1,3,0.0,3.709740227157946,0.06557377049180328,61.0,,
pad,79,temp,0.1,4,0.0,3.709740227157946,0.2,10.0,,
pad,79,temp,0.1,5,0.0,3.709740227157946,0.0,2.0,,
pad,79,temp,0.1,0,0.0,3.709740227157946,,,0.7777777777777778,18.0
pad,79,temp,0.15,1,0.0,3.709740227157946,0.02702702702702703,37.0,,
pad,79,temp,0.15,2,0.0,3.709740227157946,0.06875,160.0,,
pad,79,temp,0.15,3,0.0,3.709740227157946,0.06557377049180328,61.0,,
pad,79,temp,0.15,4,0.0,3.709740227157946,0.2,10.0,,
pad,79,temp,0.15,5,0.0,3.709740227157946,0.0,2.0,,
pad,79,temp,0.15,0,0.0,3.709740227157946,,,0.7777777777777778,18.0
hiba,80,softmax,0.05,1,0.9831342113229207,1.0,0.0,13.0,,
hiba,80,softmax,0.05,2,0.9831342113229207,1.0,0.0423728813559322,118.0,,
hiba,80,softmax,0.05,3,0.9831342113229207,1.0,0.0,20.0,,
hiba,80,softmax,0.05,0,0.9831342113229207,1.0,,,0.28342245989304815,187.0
hiba,80,softmax,0.1,1,0.8939699595100052,1.0,0.23076923076923078,13.0,,
hiba,80,softmax,0.1,2,0.8939699595100052,1.0,0.1016949152542373,118.0,,
hiba,80,softmax,0.1,3,0.8939699595100052,1.0,0.15,20.0,,
hiba,80,softmax,0.1,0,0.8939699595100052,1.0,,,0.5347593582887701,187.0
hiba,80,softmax,0.15,1,0.7062717460506539,1.0,0.3076923076923077,13.0,,
hiba,80,softmax,0.15,2,0.7062717460506539,1.0,0.17796610169491525,118.0,,
hiba,80,softmax,0.15,3,0.7062717460506539,1.0,0.2,20.0,,
hiba,80,softmax,0.15,0,0.7062717460506539,1.0,,,0.7005347593582888,187.0
hiba,80,temp,0.05,1,0.48966370909371304,4.8720526259947246,0.0,13.0,,
hiba,80,temp,0.05,2,0.48966370909371304,4.8720526259947246,0.0423728813559322,118.0,,
hiba,80,temp,0.05,3,0.48966370909371304,4.8720526259947246,0.0,20.0,,
hiba,80,temp,0.05,0,0.48966370909371304,4.8720526259947246,,,0.4117647058823529,187.0
hiba,80,temp,0.1,1,0.3652146041984556,4.8720526259947246,0.07692307692307693,13.0,,
hiba,80,temp,0.1,2,0.3652146041984556,4.8720526259947246,0.11864406779661017,118.0,,
hiba,80,temp,0.1,3,0.3652146041984556,4.8720526259947246,0.2,20.0,,
hiba,80,temp,0.1,0,0.3652146041984556,4.8720526259947246,,,0.6737967914438503,187.0
hiba,80,temp,0.15,1,0.3336215203259273,4.8720526259947246,0.23076923076923078,13.0,,
hiba,80,temp,0.15,2,0.3336215203259273,4.8720526259947246,0.1440677966101695,118.0,,
hiba,80,temp,0.15,3,0.3336215203259273,4.8720526259947246,0.2,20.0,,
hiba,80,temp,0.15,0,0.3336215203259273,4.8720526259947246,,,0.7379679144385026,187.0
pad,80,softmax,0.05,1,0.7834758469730114,1.0,0.0,30.0,,
pad,80,softmax,0.05,2,0.7834758469730114,1.0,0.031446540880503145,159.0,,
pad,80,softmax,0.05,3,0.7834758469730114,1.0,0.012195121951219513,82.0,,
pad,80,softmax,0.05,4,0.7834758469730114,1.0,0.08333333333333333,12.0,,
pad,80,softmax,0.05,5,0.7834758469730114,1.0,0.0,1.0,,
pad,80,softmax,0.05,0,0.7834758469730114,1.0,,,0.5294117647058824,17.0
pad,80,softmax,0.1,1,0.0,1.0,0.0,30.0,,
pad,80,softmax,0.1,2,0.0,1.0,0.05660377358490566,159.0,,
pad,80,softmax,0.1,3,0.0,1.0,0.036585365853658534,82.0,,
pad,80,softmax,0.1,4,0.0,1.0,0.08333333333333333,12.0,,
pad,80,softmax,0.1,5,0.0,1.0,0.0,1.0,,
pad,80,softmax,0.1,0,0.0,1.0,,,0.6470588235294118,17.0
pad,80,softmax,0.15,1,0.0,1.0,0.0,30.0,,
pad,80,softmax,0.15,2,0.0,1.0,0.05660377358490566,159.0,,
pad,80,softmax,0.15,3,0.0,1.0,0.036585365853658534,82.0,,
pad,80,softmax,0.15,4,0.0,1.0,0.08333333333333333,12.0,,
pad,80,softmax,0.15,5,0.0,1.0,0.0,1.0,,
pad,80,softmax,0.15,0,0.0,1.0,,,0.6470588235294118,17.0
pad,80,temp,0.05,1,0.4212882277611927,3.799000827316207,0.0,30.0,,
pad,80,temp,0.05,2,0.4212882277611927,3.799000827316207,0.031446540880503145,159.0,,
pad,80,temp,0.05,3,0.4212882277611927,3.799000827316207,0.0,82.0,,
pad,80,temp,0.05,4,0.4212882277611927,3.799000827316207,0.08333333333333333,12.0,,
pad,80,temp,0.05,5,0.4212882277611927,3.799000827316207,0.0,1.0,,
pad,80,temp,0.05,0,0.4212882277611927,3.799000827316207,,,0.5294117647058824,17.0
pad,80,temp,0.1,1,0.0,3.799000827316207,0.0,30.0,,
pad,80,temp,0.1,2,0.0,3.799000827316207,0.05660377358490566,159.0,,
pad,80,temp,0.1,3,0.0,3.799000827316207,0.036585365853658534,82.0,,
pad,80,temp,0.1,4,0.0,3.799000827316207,0.08333333333333333,12.0,,
pad,80,temp,0.1,5,0.0,3.799000827316207,0.0,1.0,,
pad,80,temp,0.1,0,0.0,3.799000827316207,,,0.6470588235294118,17.0
pad,80,temp,0.15,1,0.0,3.799000827316207,0.0,30.0,,
pad,80,temp,0.15,2,0.0,3.799000827316207,0.05660377358490566,159.0,,
pad,80,temp,0.15,3,0.0,3.799000827316207,0.036585365853658534,82.0,,
pad,80,temp,0.15,4,0.0,3.799000827316207,0.08333333333333333,12.0,,
pad,80,temp,0.15,5,0.0,3.799000827316207,0.0,1.0,,
pad,80,temp,0.15,0,0.0,3.799000827316207,,,0.6470588235294118,17.0
hiba,81,softmax,0.05,1,0.9766312053446783,1.0,0.06666666666666667,15.0,,
hiba,81,softmax,0.05,2,0.9766312053446783,1.0,0.072,125.0,,
hiba,81,softmax,0.05,3,0.9766312053446783,1.0,0.0,11.0,,
hiba,81,softmax,0.05,0,0.9766312053446783,1.0,,,0.3488372093023256,172.0
hiba,81,softmax,0.1,1,0.8877898165965885,1.0,0.2,15.0,,
hiba,81,softmax,0.1,2,0.8877898165965885,1.0,0.128,125.0,,
hiba,81,softmax,0.1,3,0.8877898165965885,1.0,0.0,11.0,,
hiba,81,softmax,0.1,0,0.8877898165965885,1.0,,,0.5988372093023255,172.0
hiba,81,softmax,0.15,1,0.7369460829180075,1.0,0.2,15.0,,
hiba,81,softmax,0.15,2,0.7369460829180075,1.0,0.16,125.0,,
hiba,81,softmax,0.15,3,0.7369460829180075,1.0,0.09090909090909091,11.0,,
hiba,81,softmax,0.15,0,0.7369460829180075,1.0,,,0.7383720930232558,172.0
hiba,81,temp,0.05,1,0.4712432344158786,4.694071668264622,0.06666666666666667,15.0,,
hiba,81,temp,0.05,2,0.4712432344158786,4.694071668264622,0.08,125.0,,
hiba,81,temp,0.05,3,0.4712432344158786,4.694071668264622,0.0,11.0,,
hiba,81,temp,0.05,0,0.4712432344158786,4.694071668264622,,,0.5116279069767442,172.0
hiba,81,temp,0.1,1,0.37408895902156936,4.694071668264622,0.2,15.0,,
hiba,81,temp,0.1,2,0.37408895902156936,4.694071668264622,0.152,125.0,,
hiba,81,temp,0.1,3,0.37408895902156936,4.694071668264622,0.09090909090909091,11.0,,
hiba,81,temp,0.1,0,0.37408895902156936,4.694071668264622,,,0.7093023255813954,172.0
hiba,81,temp,0.15,1,0.33898399596891804,4.694071668264622,0.2,15.0,,
hiba,81,temp,0.15,2,0.33898399596891804,4.694071668264622,0.16,125.0,,
hiba,81,temp,0.15,3,0.33898399596891804,4.694071668264622,0.09090909090909091,11.0,,
hiba,81,temp,0.15,0,0.33898399596891804,4.694071668264622,,,0.7616279069767442,172.0
pad,81,softmax,0.05,1,0.4186025892154876,1.0,0.0,21.0,,
pad,81,softmax,0.05,2,0.4186025892154876,1.0,0.07428571428571429,175.0,,
pad,81,softmax,0.05,3,0.4186025892154876,1.0,0.06756756756756757,74.0,,
pad,81,softmax,0.05,4,0.4186025892154876,1.0,0.0,6.0,,
pad,81,softmax,0.05,5,0.4186025892154876,1.0,0.0,2.0,,
pad,81,softmax,0.05,0,0.4186025892154876,1.0,,,0.42857142857142855,14.0
pad,81,softmax,0.1,1,0.0,1.0,0.0,21.0,,
pad,81,softmax,0.1,2,0.0,1.0,0.07428571428571429,175.0,,
pad,81,softmax,0.1,3,0.0,1.0,0.06756756756756757,74.0,,
pad,81,softmax,0.1,4,0.0,1.0,0.0,6.0,,
pad,81,softmax,0.1,5,0.0,1.0,0.0,2.0,,
pad,81,softmax,0.1,0,0.0,1.0,,,0.42857142857142855,14.0
pad,81,softmax,0.15,1,0.0,1.0,0.0,21.0,,
pad,81,softmax,0.15,2,0.0,1.0,0.07428571428571429,175.0,,
pad,81,softmax,0.15,3,0.0,1.0,0.06756756756756757,74.0,,
pad,81,softmax,0.15,4,0.0,1.0,0.0,6.0,,
pad,81,softmax,0.15,5,0.0,1.0,0.0,2.0,,
pad,81,softmax,0.15,0,0.0,1.0,,,0.42857142857142855,14.0
pad,81,temp,0.05,1,0.23991998346266347,4.0417698845628465,0.0,21.0,,
pad,81,temp,0.05,2,0.23991998346266347,4.0417698845628465,0.07428571428571429,175.0,,
pad,81,temp,0.05,3,0.23991998346266347,4.0417698845628465,0.06756756756756757,74.0,,
pad,81,temp,0.05,4,0.23991998346266347,4.0417698845628465,0.0,6.0,,
pad,81,temp,0.05,5,0.23991998346266347,4.0417698845628465,0.0,2.0,,
pad,81,temp,0.05,0,0.23991998346266347,4.0417698845628465,,,0.42857142857142855,14.0
pad,81,temp,0.1,1,0.0,4.0417698845628465,0.0,21.0,,
pad,81,temp,0.1,2,0.0,4.0417698845628465,0.07428571428571429,175.0,,
pad,81,temp,0.1,3,0.0,4.0417698845628465,0.06756756756756757,74.0,,
pad,81,temp,0.1,4,0.0,4.0417698845628465,0.0,6.0,,
pad,81,temp,0.1,5,0.0,4.0417698845628465,0.0,2.0,,
pad,81,temp,0.1,0,0.0,4.0417698845628465,,,0.42857142857142855,14.0
pad,81,temp,0.15,1,0.0,4.0417698845628465,0.0,21.0,,
pad,81,temp,0.15,2,0.0,4.0417698845628465,0.07428571428571429,175.0,,
pad,81,temp,0.15,3,0.0,4.0417698845628465,0.06756756756756757,74.0,,
pad,81,temp,0.15,4,0.0,4.0417698845628465,0.0,6.0,,
pad,81,temp,0.15,5,0.0,4.0417698845628465,0.0,2.0,,
pad,81,temp,0.15,0,0.0,4.0417698845628465,,,0.42857142857142855,14.0
hiba,82,softmax,0.05,1,0.9779506018179991,1.0,0.05555555555555555,18.0,,
hiba,82,softmax,0.05,2,0.9779506018179991,1.0,0.044444444444444446,135.0,,
hiba,82,softmax,0.05,3,0.9779506018179991,1.0,0.0,13.0,,
hiba,82,softmax,0.05,0,0.9779506018179991,1.0,,,0.35294117647058826,170.0
hiba,82,softmax,0.1,1,0.9120616468083861,1.0,0.05555555555555555,18.0,,
hiba,82,softmax,0.1,2,0.9120616468083861,1.0,0.08148148148148149,135.0,,
hiba,82,softmax,0.1,3,0.9120616468083861,1.0,0.07692307692307693,13.0,,
hiba,82,softmax,0.1,0,0.9120616468083861,1.0,,,0.5823529411764706,170.0
hiba,82,softmax,0.15,1,0.7689083075733797,1.0,0.1111111111111111,18.0,,
hiba,82,softmax,0.15,2,0.7689083075733797,1.0,0.1037037037037037,135.0,,
hiba,82,softmax,0.15,3,0.7689083075733797,1.0,0.23076923076923078,13.0,,
hiba,82,softmax,0.15,0,0.7689083075733797,1.0,,,0.7705882352941177,170.0
hiba,82,temp,0.05,1,0.4965982160429609,4.874893879387142,0.05555555555555555,18.0,,
hiba,82,temp,0.05,2,0.4965982160429609,4.874893879387142,0.02962962962962963,135.0,,
hiba,82,temp,0.05,3,0.4965982160429609,4.874893879387142,0.0,13.0,,
hiba,82,temp,0.05,0,0.4965982160429609,4.874893879387142,,,0.45294117647058824,170.0
hiba,82,temp,0.1,1,0.3809830293550472,4.874893879387142,0.05555555555555555,18.0,,
hiba,82,temp,0.1,2,0.3809830293550472,4.874893879387142,0.07407407407407407,135.0,,
hiba,82,temp,0.1,3,0.3809830293550472,4.874893879387142,0.15384615384615385,13.0,,
hiba,82,temp,0.1,0,0.3809830293550472,4.874893879387142,,,0.7764705882352941,170.0
hiba,82,temp,0.15,1,0.3393676228647562,4.874893879387142,0.1111111111111111,18.0,,
hiba,82,temp,0.15,2,0.3393676228647562,4.874893879387142,0.0962962962962963,135.0,,
hiba,82,temp,0.15,3,0.3393676228647562,4.874893879387142,0.23076923076923078,13.0,,
hiba,82,temp,0.15,0,0.3393676228647562,4.874893879387142,,,0.8411764705882353,170.0
pad,82,softmax,0.05,1,0.7542796621511194,1.0,0.05,20.0,,
pad,82,softmax,0.05,2,0.7542796621511194,1.0,0.029940119760479042,167.0,,
pad,82,softmax,0.05,3,0.7542796621511194,1.0,0.02702702702702703,74.0,,
pad,82,softmax,0.05,4,0.7542796621511194,1.0,0.0,3.0,,
pad,82,softmax,0.05,5,0.7542796621511194,1.0,0.0,2.0,,
pad,82,softmax,0.05,0,0.7542796621511194,1.0,,,0.6875,16.0
pad,82,softmax,0.1,1,0.0,1.0,0.05,20.0,,
pad,82,softmax,0.1,2,0.0,1.0,0.059880239520958084,167.0,,
pad,82,softmax,0.1,3,0.0,1.0,0.04054054054054054,74.0,,
pad,82,softmax,0.1,4,0.0,1.0,0.0,3.0,,
pad,82,softmax,0.1,5,0.0,1.0,0.0,2.0,,
pad,82,softmax,0.1,0,0.0,1.0,,,0.6875,16.0
pad,82,softmax,0.15,1,0.0,1.0,0.05,20.0,,
pad,82,softmax,0.15,2,0.0,1.0,0.059880239520958084,167.0,,
pad,82,softmax,0.15,3,0.0,1.0,0.04054054054054054,74.0,,
pad,82,softmax,0.15,4,0.0,1.0,0.0,3.0,,
pad,82,softmax,0.15,5,0.0,1.0,0.0,2.0,,
pad,82,softmax,0.15,0,0.0,1.0,,,0.6875,16.0
pad,82,temp,0.05,1,0.4005337363352051,3.9163332179620074,0.05,20.0,,
pad,82,temp,0.05,2,0.4005337363352051,3.9163332179620074,0.03592814371257485,167.0,,
pad,82,temp,0.05,3,0.4005337363352051,3.9163332179620074,0.013513513513513514,74.0,,
pad,82,temp,0.05,4,0.4005337363352051,3.9163332179620074,0.0,3.0,,
pad,82,temp,0.05,5,0.4005337363352051,3.9163332179620074,0.0,2.0,,
pad,82,temp,0.05,0,0.4005337363352051,3.9163332179620074,,,0.6875,16.0
pad,82,temp,0.1,1,0.0,3.9163332179620074,0.05,20.0,,
pad,82,temp,0.1,2,0.0,3.9163332179620074,0.059880239520958084,167.0,,
pad,82,temp,0.1,3,0.0,3.9163332179620074,0.04054054054054054,74.0,,
pad,82,temp,0.1,4,0.0,3.9163332179620074,0.0,3.0,,
pad,82,temp,0.1,5,0.0,3.9163332179620074,0.0,2.0,,
pad,82,temp,0.1,0,0.0,3.9163332179620074,,,0.6875,16.0
pad,82,temp,0.15,1,0.0,3.9163332179620074,0.05,20.0,,
pad,82,temp,0.15,2,0.0,3.9163332179620074,0.059880239520958084,167.0,,
pad,82,temp,0.15,3,0.0,3.9163332179620074,0.04054054054054054,74.0,,
pad,82,temp,0.15,4,0.0,3.9163332179620074,0.0,3.0,,
pad,82,temp,0.15,5,0.0,3.9163332179620074,0.0,2.0,,
pad,82,temp,0.15,0,0.0,3.9163332179620074,,,0.6875,16.0
hiba,83,softmax,0.05,1,0.982405659487476,1.0,0.043478260869565216,23.0,,
hiba,83,softmax,0.05,2,0.982405659487476,1.0,0.040983606557377046,122.0,,
hiba,83,softmax,0.05,3,0.982405659487476,1.0,0.0,6.0,,
hiba,83,softmax,0.05,0,0.982405659487476,1.0,,,0.22807017543859648,171.0
hiba,83,softmax,0.1,1,0.9124559383272177,1.0,0.043478260869565216,23.0,,
hiba,83,softmax,0.1,2,0.9124559383272177,1.0,0.08196721311475409,122.0,,
hiba,83,softmax,0.1,3,0.9124559383272177,1.0,0.0,6.0,,
hiba,83,softmax,0.1,0,0.9124559383272177,1.0,,,0.43859649122807015,171.0
hiba,83,softmax,0.15,1,0.7789422383511437,1.0,0.043478260869565216,23.0,,
hiba,83,softmax,0.15,2,0.7789422383511437,1.0,0.09836065573770492,122.0,,
hiba,83,softmax,0.15,3,0.7789422383511437,1.0,0.0,6.0,,
hiba,83,softmax,0.15,0,0.7789422383511437,1.0,,,0.6491228070175439,171.0
hiba,83,temp,0.05,1,0.4919909448233142,4.803400561427606,0.043478260869565216,23.0,,
hiba,83,temp,0.05,2,0.4919909448233142,4.803400561427606,0.040983606557377046,122.0,,
hiba,83,temp,0.05,3,0.4919909448233142,4.803400561427606,0.0,6.0,,
hiba,83,temp,0.05,0,0.4919909448233142,4.803400561427606,,,0.28654970760233917,171.0
hiba,83,temp,0.1,1,0.371788666482876,4.803400561427606,0.043478260869565216,23.0,,
hiba,83,temp,0.1,2,0.371788666482876,4.803400561427606,0.09836065573770492,122.0,,
hiba,83,temp,0.1,3,0.371788666482876,4.803400561427606,0.0,6.0,,
hiba,83,temp,0.1,0,0.371788666482876,4.803400561427606,,,0.6374269005847953,171.0
hiba,83,temp,0.15,1,0.33356190726854623,4.803400561427606,0.043478260869565216,23.0,,
hiba,83,temp,0.15,2,0.33356190726854623,4.803400561427606,0.13114754098360656,122.0,,
hiba,83,temp,0.15,3,0.33356190726854623,4.803400561427606,0.0,6.0,,
hiba,83,temp,0.15,0,0.33356190726854623,4.803400561427606,,,0.7894736842105263,171.0
pad,83,softmax,0.05,1,0.0,1.0,0.0,21.0,,
pad,83,softmax,0.05,2,0.0,1.0,0.07878787878787878,165.0,,
pad,83,softmax,0.05,3,0.0,1.0,0.038461538461538464,78.0,,
pad,83,softmax,0.05,4,0.0,1.0,0.2857142857142857,7.0,,
pad,83,softmax,0.05,0,0.0,1.0,,,0.8333333333333334,18.0
pad,83,softmax,0.1,1,0.0,1.0,0.0,21.0,,
pad,83,softmax,0.1,2,0.0,1.0,0.07878787878787878,165.0,,
pad,83,softmax,0.1,3,0.0,1.0,0.038461538461538464,78.0,,
pad,83,softmax,0.1,4,0.0,1.0,0.2857142857142857,7.0,,
pad,83,softmax,0.1,0,0.0,1.0,,,0.8333333333333334,18.0
pad,83,softmax,0.15,1,0.0,1.0,0.0,21.0,,
pad,83,softmax,0.15,2,0.0,1.0,0.07878787878787878,165.0,,
pad,83,softmax,0.15,3,0.0,1.0,0.038461538461538464,78.0,,
pad,83,softmax,0.15,4,0.0,1.0,0.2857142857142857,7.0,,
pad,83,softmax,0.15,0,0.0,1.0,,,0.8333333333333334,18.0
pad,83,temp,0.05,1,0.0,4.094880899041416,0.0,21.0,,
pad,83,temp,0.05,2,0.0,4.094880899041416,0.07878787878787878,165.0,,
pad,83,temp,0.05,3,0.0,4.094880899041416,0.038461538461538464,78.0,,
pad,83,temp,0.05,4,0.0,4.094880899041416,0.2857142857142857,7.0,,
pad,83,temp,0.05,0,0.0,4.094880899041416,,,0.8333333333333334,18.0
pad,83,temp,0.1,1,0.0,4.094880899041416,0.0,21.0,,
pad,83,temp,0.1,2,0.0,4.094880899041416,0.07878787878787878,165.0,,
pad,83,temp,0.1,3,0.0,4.094880899041416,0.038461538461538464,78.0,,
pad,83,temp,0.1,4,0.0,4.094880899041416,0.2857142857142857,7.0,,
pad,83,temp,0.1,0,0.0,4.094880899041416,,,0.8333333333333334,18.0
pad,83,temp,0.15,1,0.0,4.094880899041416,0.0,21.0,,
pad,83,temp,0.15,2,0.0,4.094880899041416,0.07878787878787878,165.0,,
pad,83,temp,0.15,3,0.0,4.094880899041416,0.038461538461538464,78.0,,
pad,83,temp,0.15,4,0.0,4.094880899041416,0.2857142857142857,7.0,,
pad,83,temp,0.15,0,0.0,4.094880899041416,,,0.8333333333333334,18.0
hiba,84,softmax,0.05,1,0.971399597195733,1.0,0.047619047619047616,21.0,,
hiba,84,softmax,0.05,2,0.971399597195733,1.0,0.06666666666666667,105.0,,
hiba,84,softmax,0.05,3,0.971399597195733,1.0,0.11764705882352941,17.0,,
hiba,84,softmax,0.05,0,0.971399597195733,1.0,,,0.34705882352941175,170.0
hiba,84,softmax,0.1,1,0.909944204437171,1.0,0.09523809523809523,21.0,,
hiba,84,softmax,0.1,2,0.909944204437171,1.0,0.0761904761904762,105.0,,
hiba,84,softmax,0.1,3,0.909944204437171,1.0,0.11764705882352941,17.0,,
hiba,84,softmax,0.1,0,0.909944204437171,1.0,,,0.5470588235294118,170.0
hiba,84,softmax,0.15,1,0.7720400591873195,1.0,0.09523809523809523,21.0,,
hiba,84,softmax,0.15,2,0.7720400591873195,1.0,0.10476190476190476,105.0,,
hiba,84,softmax,0.15,3,0.7720400591873195,1.0,0.17647058823529413,17.0,,
hiba,84,softmax,0.15,0,0.7720400591873195,1.0,,,0.7294117647058823,170.0
hiba,84,temp,0.05,1,0.43740856340334605,5.30004741786341,0.047619047619047616,21.0,,
hiba,84,temp,0.05,2,0.43740856340334605,5.30004741786341,0.06666666666666667,105.0,,
hiba,84,temp,0.05,3,0.43740856340334605,5.30004741786341,0.058823529411764705,17.0,,
hiba,84,temp,0.05,0,0.43740856340334605,5.30004741786341,,,0.47058823529411764,170.0
hiba,84,temp,0.1,1,0.3526978293761399,5.30004741786341,0.047619047619047616,21.0,,
hiba,84,temp,0.1,2,0.3526978293761399,5.30004741786341,0.11428571428571428,105.0,,
hiba,84,temp,0.1,3,0.3526978293761399,5.30004741786341,0.17647058823529413,17.0,,
hiba,84,temp,0.1,0,0.3526978293761399,5.30004741786341,,,0.7411764705882353,170.0
hiba,84,temp,0.15,1,0.3270872554521982,5.30004741786341,0.09523809523809523,21.0,,
hiba,84,temp,0.15,2,0.3270872554521982,5.30004741786341,0.11428571428571428,105.0,,
hiba,84,temp,0.15,3,0.3270872554521982,5.30004741786341,0.23529411764705882,17.0,,
hiba,84,temp,0.15,0,0.3270872554521982,5.30004741786341,,,0.7941176470588235,170.0
pad,84,softmax,0.05,1,0.6882093147471173,1.0,0.034482758620689655,29.0,,
pad,84,softmax,0.05,2,0.6882093147471173,1.0,0.039735099337748346,151.0,,
pad,84,softmax,0.05,3,0.6882093147471173,1.0,0.015625,64.0,,
pad,84,softmax,0.05,4,0.6882093147471173,1.0,0.25,4.0,,
pad,84,softmax,0.05,5,0.6882093147471173,1.0,0.0,3.0,,
pad,84,softmax,0.05,0,0.6882093147471173,1.0,,,0.6666666666666666,12.0
pad,84,softmax,0.1,1,0.0,1.0,0.034482758620689655,29.0,,
pad,84,softmax,0.1,2,0.0,1.0,0.059602649006622516,151.0,,
pad,84,softmax,0.1,3,0.0,1.0,0.046875,64.0,,
pad,84,softmax,0.1,4,0.0,1.0,0.25,4.0,,
pad,84,softmax,0.1,5,0.0,1.0,0.0,3.0,,
pad,84,softmax,0.1,0,0.0,1.0,,,0.75,12.0
pad,84,softmax,0.15,1,0.0,1.0,0.034482758620689655,29.0,,
pad,84,softmax,0.15,2,0.0,1.0,0.059602649006622516,151.0,,
pad,84,softmax,0.15,3,0.0,1.0,0.046875,64.0,,
pad,84,softmax,0.15,4,0.0,1.0,0.25,4.0,,
pad,84,softmax,0.15,5,0.0,1.0,0.0,3.0,,
pad,84,softmax,0.15,0,0.0,1.0,,,0.75,12.0
pad,84,temp,0.05,1,0.38329111744318256,3.778296798690654,0.034482758620689655,29.0,,
pad,84,temp,0.05,2,0.38329111744318256,3.778296798690654,0.046357615894039736,151.0,,
pad,84,temp,0.05,3,0.38329111744318256,3.778296798690654,0.03125,64.0,,
pad,84,temp,0.05,4,0.38329111744318256,3.778296798690654,0.25,4.0,,
pad,84,temp,0.05,5,0.38329111744318256,3.778296798690654,0.0,3.0,,
pad,84,temp,0.05,0,0.38329111744318256,3.778296798690654,,,0.6666666666666666,12.0
pad,84,temp,0.1,1,0.0,3.778296798690654,0.034482758620689655,29.0,,
pad,84,temp,0.1,2,0.0,3.778296798690654,0.059602649006622516,151.0,,
pad,84,temp,0.1,3,0.0,3.778296798690654,0.046875,64.0,,
pad,84,temp,0.1,4,0.0,3.778296798690654,0.25,4.0,,
pad,84,temp,0.1,5,0.0,3.778296798690654,0.0,3.0,,
pad,84,temp,0.1,0,0.0,3.778296798690654,,,0.75,12.0
pad,84,temp,0.15,1,0.0,3.778296798690654,0.034482758620689655,29.0,,
pad,84,temp,0.15,2,0.0,3.778296798690654,0.059602649006622516,151.0,,
pad,84,temp,0.15,3,0.0,3.778296798690654,0.046875,64.0,,
pad,84,temp,0.15,4,0.0,3.778296798690654,0.25,4.0,,
pad,84,temp,0.15,5,0.0,3.778296798690654,0.0,3.0,,
pad,84,temp,0.15,0,0.0,3.778296798690654,,,0.75,12.0
hiba,85,softmax,0.05,1,0.9856407869272245,1.0,0.0,17.0,,
hiba,85,softmax,0.05,2,0.9856407869272245,1.0,0.027777777777777776,108.0,,
hiba,85,softmax,0.05,3,0.9856407869272245,1.0,0.0,17.0,,
hiba,85,softmax,0.05,0,0.9856407869272245,1.0,,,0.26618705035971224,278.0
hiba,85,softmax,0.1,1,0.7756530674599961,1.0,0.058823529411764705,17.0,,
hiba,85,softmax,0.1,2,0.7756530674599961,1.0,0.23148148148148148,108.0,,
hiba,85,softmax,0.1,3,0.7756530674599961,1.0,0.17647058823529413,17.0,,
hiba,85,softmax,0.1,0,0.7756530674599961,1.0,,,0.6906474820143885,278.0
hiba,85,softmax,0.15,1,0.6053122361731541,1.0,0.058823529411764705,17.0,,
hiba,85,softmax,0.15,2,0.6053122361731541,1.0,0.28703703703703703,108.0,,
hiba,85,softmax,0.15,3,0.6053122361731541,1.0,0.23529411764705882,17.0,,
hiba,85,softmax,0.15,0,0.6053122361731541,1.0,,,0.8201438848920863,278.0
hiba,85,temp,0.05,1,0.4849480749541073,4.94884277327961,0.058823529411764705,17.0,,
hiba,85,temp,0.05,2,0.4849480749541073,4.94884277327961,0.05555555555555555,108.0,,
hiba,85,temp,0.05,3,0.4849480749541073,4.94884277327961,0.0,17.0,,
hiba,85,temp,0.05,0,0.4849480749541073,4.94884277327961,,,0.4316546762589928,278.0
hiba,85,temp,0.1,1,0.35213392792526876,4.94884277327961,0.058823529411764705,17.0,,
hiba,85,temp,0.1,2,0.35213392792526876,4.94884277327961,0.2037037037037037,108.0,,
hiba,85,temp,0.1,3,0.35213392792526876,4.94884277327961,0.17647058823529413,17.0,,
hiba,85,temp,0.1,0,0.35213392792526876,4.94884277327961,,,0.7877697841726619,278.0
hiba,85,temp,0.15,1,0.31172492765777,4.94884277327961,0.058823529411764705,17.0,,
hiba,85,temp,0.15,2,0.31172492765777,4.94884277327961,0.24074074074074073,108.0,,
hiba,85,temp,0.15,3,0.31172492765777,4.94884277327961,0.35294117647058826,17.0,,
hiba,85,temp,0.15,0,0.31172492765777,4.94884277327961,,,0.8597122302158273,278.0
pad,85,softmax,0.05,1,0.6375097265964631,1.0,0.0,24.0,,
pad,85,softmax,0.05,2,0.6375097265964631,1.0,0.05128205128205128,156.0,,
pad,85,softmax,0.05,3,0.6375097265964631,1.0,0.02564102564102564,78.0,,
pad,85,softmax,0.05,4,0.6375097265964631,1.0,0.16666666666666666,6.0,,
pad,85,softmax,0.05,0,0.6375097265964631,1.0,,,0.7368421052631579,19.0
pad,85,softmax,0.1,1,0.0,1.0,0.0,24.0,,
pad,85,softmax,0.1,2,0.0,1.0,0.0641025641025641,156.0,,
pad,85,softmax,0.1,3,0.0,1.0,0.02564102564102564,78.0,,
pad,85,softmax,0.1,4,0.0,1.0,0.16666666666666666,6.0,,
pad,85,softmax,0.1,0,0.0,1.0,,,0.8421052631578947,19.0
pad,85,softmax,0.15,1,0.0,1.0,0.0,24.0,,
pad,85,softmax,0.15,2,0.0,1.0,0.0641025641025641,156.0,,
pad,85,softmax,0.15,3,0.0,1.0,0.02564102564102564,78.0,,
pad,85,softmax,0.15,4,0.0,1.0,0.16666666666666666,6.0,,
pad,85,softmax,0.15,0,0.0,1.0,,,0.8421052631578947,19.0
pad,85,temp,0.05,1,0.3850911906319676,3.694061030470092,0.0,24.0,,
pad,85,temp,0.05,2,0.3850911906319676,3.694061030470092,0.057692307692307696,156.0,,
pad,85,temp,0.05,3,0.3850911906319676,3.694061030470092,0.01282051282051282,78.0,,
pad,85,temp,0.05,4,0.3850911906319676,3.694061030470092,0.16666666666666666,6.0,,
pad,85,temp,0.05,0,0.3850911906319676,3.694061030470092,,,0.7894736842105263,19.0
pad,85,temp,0.1,1,0.0,3.694061030470092,0.0,24.0,,
pad,85,temp,0.1,2,0.0,3.694061030470092,0.0641025641025641,156.0,,
pad,85,temp,0.1,3,0.0,3.694061030470092,0.02564102564102564,78.0,,
pad,85,temp,0.1,4,0.0,3.694061030470092,0.16666666666666666,6.0,,
pad,85,temp,0.1,0,0.0,3.694061030470092,,,0.8421052631578947,19.0
pad,85,temp,0.15,1,0.0,3.694061030470092,0.0,24.0,,
pad,85,temp,0.15,2,0.0,3.694061030470092,0.0641025641025641,156.0,,
pad,85,temp,0.15,3,0.0,3.694061030470092,0.02564102564102564,78.0,,
pad,85,temp,0.15,4,0.0,3.694061030470092,0.16666666666666666,6.0,,
pad,85,temp,0.15,0,0.0,3.694061030470092,,,0.8421052631578947,19.0
hiba,86,softmax,0.05,1,0.9830216461227286,1.0,0.0,29.0,,
hiba,86,softmax,0.05,2,0.9830216461227286,1.0,0.03305785123966942,121.0,,
hiba,86,softmax,0.05,3,0.9830216461227286,1.0,0.0,15.0,,
hiba,86,softmax,0.05,0,0.9830216461227286,1.0,,,0.30180180180180183,222.0
hiba,86,softmax,0.1,1,0.8877898165965885,1.0,0.06896551724137931,29.0,,
hiba,86,softmax,0.1,2,0.8877898165965885,1.0,0.11570247933884298,121.0,,
hiba,86,softmax,0.1,3,0.8877898165965885,1.0,0.06666666666666667,15.0,,
hiba,86,softmax,0.1,0,0.8877898165965885,1.0,,,0.5135135135135135,222.0
hiba,86,softmax,0.15,1,0.6964472637357667,1.0,0.10344827586206896,29.0,,
hiba,86,softmax,0.15,2,0.6964472637357667,1.0,0.15702479338842976,121.0,,
hiba,86,softmax,0.15,3,0.6964472637357667,1.0,0.13333333333333333,15.0,,
hiba,86,softmax,0.15,0,0.6964472637357667,1.0,,,0.7162162162162162,222.0
hiba,86,temp,0.05,1,0.47890863694337504,4.631840202870631,0.034482758620689655,29.0,,
hiba,86,temp,0.05,2,0.47890863694337504,4.631840202870631,0.04132231404958678,121.0,,
hiba,86,temp,0.05,3,0.47890863694337504,4.631840202870631,0.06666666666666667,15.0,,
hiba,86,temp,0.05,0,0.47890863694337504,4.631840202870631,,,0.45045045045045046,222.0
hiba,86,temp,0.1,1,0.39159888757070926,4.631840202870631,0.034482758620689655,29.0,,
hiba,86,temp,0.1,2,0.39159888757070926,4.631840202870631,0.09090909090909091,121.0,,
hiba,86,temp,0.1,3,0.39159888757070926,4.631840202870631,0.06666666666666667,15.0,,
hiba,86,temp,0.1,0,0.39159888757070926,4.631840202870631,,,0.6576576576576577,222.0
hiba,86,temp,0.15,1,0.3302871107467949,4.631840202870631,0.06896551724137931,29.0,,
hiba,86,temp,0.15,2,0.3302871107467949,4.631840202870631,0.1652892561983471,121.0,,
hiba,86,temp,0.15,3,0.3302871107467949,4.631840202870631,0.2,15.0,,
hiba,86,temp,0.15,0,0.3302871107467949,4.631840202870631,,,0.7927927927927928,222.0
pad,86,softmax,0.05,1,0.8071540935834215,1.0,0.043478260869565216,23.0,,
pad,86,softmax,0.05,2,0.8071540935834215,1.0,0.012987012987012988,154.0,,
pad,86,softmax,0.05,3,0.8071540935834215,1.0,0.02666666666666667,75.0,,
pad,86,softmax,0.05,4,0.8071540935834215,1.0,0.0,8.0,,
pad,86,softmax,0.05,5,0.8071540935834215,1.0,0.0,5.0,,
pad,86,softmax,0.05,0,0.8071540935834215,1.0,,,0.7142857142857143,21.0
pad,86,softmax,0.1,1,0.0,1.0,0.043478260869565216,23.0,,
pad,86,softmax,0.1,2,0.0,1.0,0.025974025974025976,154.0,,
pad,86,softmax,0.1,3,0.0,1.0,0.04,75.0,,
pad,86,softmax,0.1,4,0.0,1.0,0.125,8.0,,
pad,86,softmax,0.1,5,0.0,1.0,0.0,5.0,,
pad,86,softmax,0.1,0,0.0,1.0,,,0.7619047619047619,21.0
pad,86,softmax,0.15,1,0.0,1.0,0.043478260869565216,23.0,,
pad,86,softmax,0.15,2,0.0,1.0,0.025974025974025976,154.0,,
pad,86,softmax,0.15,3,0.0,1.0,0.04,75.0,,
pad,86,softmax,0.15,4,0.0,1.0,0.125,8.0,,
pad,86,softmax,0.15,5,0.0,1.0,0.0,5.0,,
pad,86,softmax,0.15,0,0.0,1.0,,,0.7619047619047619,21.0
pad,86,temp,0.05,1,0.393823852482787,4.017475037730404,0.043478260869565216,23.0,,
pad,86,temp,0.05,2,0.393823852482787,4.017475037730404,0.01948051948051948,154.0,,
pad,86,temp,0.05,3,0.393823852482787,4.017475037730404,0.04,75.0,,
pad,86,temp,0.05,4,0.393823852482787,4.017475037730404,0.125,8.0,,
pad,86,temp,0.05,5,0.393823852482787,4.017475037730404,0.0,5.0,,
pad,86,temp,0.05,0,0.393823852482787,4.017475037730404,,,0.7619047619047619,21.0
pad,86,temp,0.1,1,0.0,4.017475037730404,0.043478260869565216,23.0,,
pad,86,temp,0.1,2,0.0,4.017475037730404,0.025974025974025976,154.0,,
pad,86,temp,0.1,3,0.0,4.017475037730404,0.04,75.0,,
pad,86,temp,0.1,4,0.0,4.017475037730404,0.125,8.0,,
pad,86,temp,0.1,5,0.0,4.017475037730404,0.0,5.0,,
pad,86,temp,0.1,0,0.0,4.017475037730404,,,0.7619047619047619,21.0
pad,86,temp,0.15,1,0.0,4.017475037730404,0.043478260869565216,23.0,,
pad,86,temp,0.15,2,0.0,4.017475037730404,0.025974025974025976,154.0,,
pad,86,temp,0.15,3,0.0,4.017475037730404,0.04,75.0,,
pad,86,temp,0.15,4,0.0,4.017475037730404,0.125,8.0,,
pad,86,temp,0.15,5,0.0,4.017475037730404,0.0,5.0,,
pad,86,temp,0.15,0,0.0,4.017475037730404,,,0.7619047619047619,21.0
hiba,87,softmax,0.05,1,0.9766983820398948,1.0,0.09090909090909091,11.0,,
hiba,87,softmax,0.05,2,0.9766983820398948,1.0,0.06086956521739131,115.0,,
hiba,87,softmax,0.05,3,0.9766983820398948,1.0,0.05263157894736842,19.0,,
hiba,87,softmax,0.05,0,0.9766983820398948,1.0,,,0.3487394957983193,238.0
hiba,87,softmax,0.1,1,0.8726967509912129,1.0,0.18181818181818182,11.0,,
hiba,87,softmax,0.1,2,0.8726967509912129,1.0,0.13043478260869565,115.0,,
hiba,87,softmax,0.1,3,0.8726967509912129,1.0,0.10526315789473684,19.0,,
hiba,87,softmax,0.1,0,0.8726967509912129,1.0,,,0.634453781512605,238.0
hiba,87,softmax,0.15,1,0.7158810020486885,1.0,0.18181818181818182,11.0,,
hiba,87,softmax,0.15,2,0.7158810020486885,1.0,0.19130434782608696,115.0,,
hiba,87,softmax,0.15,3,0.7158810020486885,1.0,0.15789473684210525,19.0,,
hiba,87,softmax,0.15,0,0.7158810020486885,1.0,,,0.7647058823529411,238.0
hiba,87,temp,0.05,1,0.4735164798553637,4.708008277256593,0.09090909090909091,11.0,,
hiba,87,temp,0.05,2,0.4735164798553637,4.708008277256593,0.06086956521739131,115.0,,
hiba,87,temp,0.05,3,0.4735164798553637,4.708008277256593,0.0,19.0,,
hiba,87,temp,0.05,0,0.4735164798553637,4.708008277256593,,,0.4957983193277311,238.0
hiba,87,temp,0.1,1,0.38321753034051736,4.708008277256593,0.09090909090909091,11.0,,
hiba,87,temp,0.1,2,0.38321753034051736,4.708008277256593,0.10434782608695652,115.0,,
hiba,87,temp,0.1,3,0.38321753034051736,4.708008277256593,0.10526315789473684,19.0,,
hiba,87,temp,0.1,0,0.38321753034051736,4.708008277256593,,,0.7100840336134454,238.0
hiba,87,temp,0.15,1,0.32560826924039205,4.708008277256593,0.36363636363636365,11.0,,
hiba,87,temp,0.15,2,0.32560826924039205,4.708008277256593,0.20869565217391303,115.0,,
hiba,87,temp,0.15,3,0.32560826924039205,4.708008277256593,0.21052631578947367,19.0,,
hiba,87,temp,0.15,0,0.32560826924039205,4.708008277256593,,,0.8319327731092437,238.0
pad,87,softmax,0.05,1,0.0,1.0,0.0,26.0,,
pad,87,softmax,0.05,2,0.0,1.0,0.03870967741935484,155.0,,
pad,87,softmax,0.05,3,0.0,1.0,0.08108108108108109,74.0,,
pad,87,softmax,0.05,4,0.0,1.0,0.2222222222222222,9.0,,
pad,87,softmax,0.05,5,0.0,1.0,0.0,3.0,,
pad,87,softmax,0.05,0,0.0,1.0,,,0.7777777777777778,18.0
pad,87,softmax,0.1,1,0.0,1.0,0.0,26.0,,
pad,87,softmax,0.1,2,0.0,1.0,0.03870967741935484,155.0,,
pad,87,softmax,0.1,3,0.0,1.0,0.08108108108108109,74.0,,
pad,87,softmax,0.1,4,0.0,1.0,0.2222222222222222,9.0,,
pad,87,softmax,0.1,5,0.0,1.0,0.0,3.0,,
pad,87,softmax,0.1,0,0.0,1.0,,,0.7777777777777778,18.0
pad,87,softmax,0.15,1,0.0,1.0,0.0,26.0,,
pad,87,softmax,0.15,2,0.0,1.0,0.03870967741935484,155.0,,
pad,87,softmax,0.15,3,0.0,1.0,0.08108108108108109,74.0,,
pad,87,softmax,0.15,4,0.0,1.0,0.2222222222222222,9.0,,
pad,87,softmax,0.15,5,0.0,1.0,0.0,3.0,,
pad,87,softmax,0.15,0,0.0,1.0,,,0.7777777777777778,18.0
pad,87,temp,0.05,1,0.0,4.193866619109062,0.0,26.0,,
pad,87,temp,0.05,2,0.0,4.193866619109062,0.03870967741935484,155.0,,
pad,87,temp,0.05,3,0.0,4.193866619109062,0.08108108108108109,74.0,,
pad,87,temp,0.05,4,0.0,4.193866619109062,0.2222222222222222,9.0,,
pad,87,temp,0.05,5,0.0,4.193866619109062,0.0,3.0,,
pad,87,temp,0.05,0,0.0,4.193866619109062,,,0.7777777777777778,18.0
pad,87,temp,0.1,1,0.0,4.193866619109062,0.0,26.0,,
pad,87,temp,0.1,2,0.0,4.193866619109062,0.03870967741935484,155.0,,
pad,87,temp,0.1,3,0.0,4.193866619109062,0.08108108108108109,74.0,,
pad,87,temp,0.1,4,0.0,4.193866619109062,0.2222222222222222,9.0,,
pad,87,temp,0.1,5,0.0,4.193866619109062,0.0,3.0,,
pad,87,temp,0.1,0,0.0,4.193866619109062,,,0.7777777777777778,18.0
pad,87,temp,0.15,1,0.0,4.193866619109062,0.0,26.0,,
pad,87,temp,0.15,2,0.0,4.193866619109062,0.03870967741935484,155.0,,
pad,87,temp,0.15,3,0.0,4.193866619109062,0.08108108108108109,74.0,,
pad,87,temp,0.15,4,0.0,4.193866619109062,0.2222222222222222,9.0,,
pad,87,temp,0.15,5,0.0,4.193866619109062,0.0,3.0,,
pad,87,temp,0.15,0,0.0,4.193866619109062,,,0.7777777777777778,18.0
hiba,88,softmax,0.05,1,0.9839016378659624,1.0,0.0,14.0,,
hiba,88,softmax,0.05,2,0.9839016378659624,1.0,0.024,125.0,,
hiba,88,softmax,0.05,3,0.9839016378659624,1.0,0.0,16.0,,
hiba,88,softmax,0.05,0,0.9839016378659624,1.0,,,0.39299610894941633,257.0
hiba,88,softmax,0.1,1,0.9447269830407715,1.0,0.07142857142857142,14.0,,
hiba,88,softmax,0.1,2,0.9447269830407715,1.0,0.04,125.0,,
hiba,88,softmax,0.1,3,0.9447269830407715,1.0,0.0,16.0,,
hiba,88,softmax,0.1,0,0.9447269830407715,1.0,,,0.6108949416342413,257.0
hiba,88,softmax,0.15,1,0.7158810020486885,1.0,0.14285714285714285,14.0,,
hiba,88,softmax,0.15,2,0.7158810020486885,1.0,0.12,125.0,,
hiba,88,softmax,0.15,3,0.7158810020486885,1.0,0.125,16.0,,
hiba,88,softmax,0.15,0,0.7158810020486885,1.0,,,0.8326848249027238,257.0
hiba,88,temp,0.05,1,0.44460406683512593,5.568376650897491,0.07142857142857142,14.0,,
hiba,88,temp,0.05,2,0.44460406683512593,5.568376650897491,0.024,125.0,,
hiba,88,temp,0.05,3,0.44460406683512593,5.568376650897491,0.0,16.0,,
hiba,88,temp,0.05,0,0.44460406683512593,5.568376650897491,,,0.603112840466926,257.0
hiba,88,temp,0.1,1,0.3555492922070879,5.568376650897491,0.07142857142857142,14.0,,
hiba,88,temp,0.1,2,0.3555492922070879,5.568376650897491,0.08,125.0,,
hiba,88,temp,0.1,3,0.3555492922070879,5.568376650897491,0.125,16.0,,
hiba,88,temp,0.1,0,0.3555492922070879,5.568376650897491,,,0.7859922178988327,257.0
hiba,88,temp,0.15,1,0.3054093243687659,5.568376650897491,0.14285714285714285,14.0,,
hiba,88,temp,0.15,2,0.3054093243687659,5.568376650897491,0.128,125.0,,
hiba,88,temp,0.15,3,0.3054093243687659,5.568376650897491,0.125,16.0,,
hiba,88,temp,0.15,0,0.3054093243687659,5.568376650897491,,,0.8599221789883269,257.0
pad,88,softmax,0.05,1,0.0,1.0,0.05263157894736842,19.0,,
pad,88,softmax,0.05,2,0.0,1.0,0.051470588235294115,136.0,,
pad,88,softmax,0.05,3,0.0,1.0,0.09090909090909091,77.0,,
pad,88,softmax,0.05,4,0.0,1.0,0.07692307692307693,13.0,,
pad,88,softmax,0.05,5,0.0,1.0,0.0,4.0,,
pad,88,softmax,0.05,0,0.0,1.0,,,0.625,16.0
pad,88,softmax,0.1,1,0.0,1.0,0.05263157894736842,19.0,,
pad,88,softmax,0.1,2,0.0,1.0,0.051470588235294115,136.0,,
pad,88,softmax,0.1,3,0.0,1.0,0.09090909090909091,77.0,,
pad,88,softmax,0.1,4,0.0,1.0,0.07692307692307693,13.0,,
pad,88,softmax,0.1,5,0.0,1.0,0.0,4.0,,
pad,88,softmax,0.1,0,0.0,1.0,,,0.625,16.0
pad,88,softmax,0.15,1,0.0,1.0,0.05263157894736842,19.0,,
pad,88,softmax,0.15,2,0.0,1.0,0.051470588235294115,136.0,,
pad,88,softmax,0.15,3,0.0,1.0,0.09090909090909091,77.0,,
pad,88,softmax,0.15,4,0.0,1.0,0.07692307692307693,13.0,,
pad,88,softmax,0.15,5,0.0,1.0,0.0,4.0,,
pad,88,softmax,0.15,0,0.0,1.0,,,0.625,16.0
pad,88,temp,0.05,1,0.0,4.08018819509627,0.05263157894736842,19.0,,
pad,88,temp,0.05,2,0.0,4.08018819509627,0.051470588235294115,136.0,,
pad,88,temp,0.05,3,0.0,4.08018819509627,0.09090909090909091,77.0,,
pad,88,temp,0.05,4,0.0,4.08018819509627,0.07692307692307693,13.0,,
pad,88,temp,0.05,5,0.0,4.08018819509627,0.0,4.0,,
pad,88,temp,0.05,0,0.0,4.08018819509627,,,0.625,16.0
pad,88,temp,0.1,1,0.0,4.08018819509627,0.05263157894736842,19.0,,
pad,88,temp,0.1,2,0.0,4.08018819509627,0.051470588235294115,136.0,,
pad,88,temp,0.1,3,0.0,4.08018819509627,0.09090909090909091,77.0,,
pad,88,temp,0.1,4,0.0,4.08018819509627,0.07692307692307693,13.0,,
pad,88,temp,0.1,5,0.0,4.08018819509627,0.0,4.0,,
pad,88,temp,0.1,0,0.0,4.08018819509627,,,0.625,16.0
pad,88,temp,0.15,1,0.0,4.08018819509627,0.05263157894736842,19.0,,
pad,88,temp,0.15,2,0.0,4.08018819509627,0.051470588235294115,136.0,,
pad,88,temp,0.15,3,0.0,4.08018819509627,0.09090909090909091,77.0,,
pad,88,temp,0.15,4,0.0,4.08018819509627,0.07692307692307693,13.0,,
pad,88,temp,0.15,5,0.0,4.08018819509627,0.0,4.0,,
pad,88,temp,0.15,0,0.0,4.08018819509627,,,0.625,16.0
hiba,89,softmax,0.05,1,0.9768202254826834,1.0,0.09090909090909091,11.0,,
hiba,89,softmax,0.05,2,0.9768202254826834,1.0,0.04918032786885246,122.0,,
hiba,89,softmax,0.05,3,0.9768202254826834,1.0,0.0,17.0,,
hiba,89,softmax,0.05,0,0.9768202254826834,1.0,,,0.37209302325581395,215.0
hiba,89,softmax,0.1,1,0.9125744603552982,1.0,0.09090909090909091,11.0,,
hiba,89,softmax,0.1,2,0.9125744603552982,1.0,0.09836065573770492,122.0,,
hiba,89,softmax,0.1,3,0.9125744603552982,1.0,0.0,17.0,,
hiba,89,softmax,0.1,0,0.9125744603552982,1.0,,,0.6046511627906976,215.0
hiba,89,softmax,0.15,1,0.7488531320494899,1.0,0.18181818181818182,11.0,,
hiba,89,softmax,0.15,2,0.7488531320494899,1.0,0.14754098360655737,122.0,,
hiba,89,softmax,0.15,3,0.7488531320494899,1.0,0.11764705882352941,17.0,,
hiba,89,softmax,0.15,0,0.7488531320494899,1.0,,,0.8046511627906977,215.0
hiba,89,temp,0.05,1,0.4709315083136069,4.74417959562165,0.09090909090909091,11.0,,
hiba,89,temp,0.05,2,0.4709315083136069,4.74417959562165,0.05737704918032787,122.0,,
hiba,89,temp,0.05,3,0.4709315083136069,4.74417959562165,0.0,17.0,,
hiba,89,temp,0.05,0,0.4709315083136069,4.74417959562165,,,0.5581395348837209,215.0
hiba,89,temp,0.1,1,0.371911515571535,4.74417959562165,0.09090909090909091,11.0,,
hiba,89,temp,0.1,2,0.371911515571535,4.74417959562165,0.13934426229508196,122.0,,
hiba,89,temp,0.1,3,0.371911515571535,4.74417959562165,0.058823529411764705,17.0,,
hiba,89,temp,0.1,0,0.371911515571535,4.74417959562165,,,0.786046511627907,215.0
hiba,89,temp,0.15,1,0.3414556777770394,4.74417959562165,0.09090909090909091,11.0,,
hiba,89,temp,0.15,2,0.3414556777770394,4.74417959562165,0.14754098360655737,122.0,,
hiba,89,temp,0.15,3,0.3414556777770394,4.74417959562165,0.11764705882352941,17.0,,
hiba,89,temp,0.15,0,0.3414556777770394,4.74417959562165,,,0.827906976744186,215.0
pad,89,softmax,0.05,1,0.0,1.0,0.03333333333333333,30.0,,
pad,89,softmax,0.05,2,0.0,1.0,0.04294478527607362,163.0,,
pad,89,softmax,0.05,3,0.0,1.0,0.0945945945945946,74.0,,
pad,89,softmax,0.05,4,0.0,1.0,0.2,10.0,,
pad,89,softmax,0.05,5,0.0,1.0,0.0,5.0,,
pad,89,softmax,0.05,0,0.0,1.0,,,0.8888888888888888,18.0
pad,89,softmax,0.1,1,0.0,1.0,0.03333333333333333,30.0,,
pad,89,softmax,0.1,2,0.0,1.0,0.04294478527607362,163.0,,
pad,89,softmax,0.1,3,0.0,1.0,0.0945945945945946,74.0,,
pad,89,softmax,0.1,4,0.0,1.0,0.2,10.0,,
pad,89,softmax,0.1,5,0.0,1.0,0.0,5.0,,
pad,89,softmax,0.1,0,0.0,1.0,,,0.8888888888888888,18.0
pad,89,softmax,0.15,1,0.0,1.0,0.03333333333333333,30.0,,
pad,89,softmax,0.15,2,0.0,1.0,0.04294478527607362,163.0,,
pad,89,softmax,0.15,3,0.0,1.0,0.0945945945945946,74.0,,
pad,89,softmax,0.15,4,0.0,1.0,0.2,10.0,,
pad,89,softmax,0.15,5,0.0,1.0,0.0,5.0,,
pad,89,softmax,0.15,0,0.0,1.0,,,0.8888888888888888,18.0
pad,89,temp,0.05,1,0.0,3.8849751808474755,0.03333333333333333,30.0,,
pad,89,temp,0.05,2,0.0,3.8849751808474755,0.04294478527607362,163.0,,
pad,89,temp,0.05,3,0.0,3.8849751808474755,0.0945945945945946,74.0,,
pad,89,temp,0.05,4,0.0,3.8849751808474755,0.2,10.0,,
pad,89,temp,0.05,5,0.0,3.8849751808474755,0.0,5.0,,
pad,89,temp,0.05,0,0.0,3.8849751808474755,,,0.8888888888888888,18.0
pad,89,temp,0.1,1,0.0,3.8849751808474755,0.03333333333333333,30.0,,
pad,89,temp,0.1,2,0.0,3.8849751808474755,0.04294478527607362,163.0,,
pad,89,temp,0.1,3,0.0,3.8849751808474755,0.0945945945945946,74.0,,
pad,89,temp,0.1,4,0.0,3.8849751808474755,0.2,10.0,,
pad,89,temp,0.1,5,0.0,3.8849751808474755,0.0,5.0,,
pad,89,temp,0.1,0,0.0,3.8849751808474755,,,0.8888888888888888,18.0
pad,89,temp,0.15,1,0.0,3.8849751808474755,0.03333333333333333,30.0,,
pad,89,temp,0.15,2,0.0,3.8849751808474755,0.04294478527607362,163.0,,
pad,89,temp,0.15,3,0.0,3.8849751808474755,0.0945945945945946,74.0,,
pad,89,temp,0.15,4,0.0,3.8849751808474755,0.2,10.0,,
pad,89,temp,0.15,5,0.0,3.8849751808474755,0.0,5.0,,
pad,89,temp,0.15,0,0.0,3.8849751808474755,,,0.8888888888888888,18.0
hiba,90,softmax,0.05,1,0.9830216461227286,1.0,0.0,20.0,,
hiba,90,softmax,0.05,2,0.9830216461227286,1.0,0.04918032786885246,122.0,,
hiba,90,softmax,0.05,3,0.9830216461227286,1.0,0.0,13.0,,
hiba,90,softmax,0.05,0,0.9830216461227286,1.0,,,0.37656903765690375,239.0
hiba,90,softmax,0.1,1,0.8726967509912129,1.0,0.1,20.0,,
hiba,90,softmax,0.1,2,0.8726967509912129,1.0,0.13934426229508196,122.0,,
hiba,90,softmax,0.1,3,0.8726967509912129,1.0,0.15384615384615385,13.0,,
hiba,90,softmax,0.1,0,0.8726967509912129,1.0,,,0.6820083682008368,239.0
hiba,90,softmax,0.15,1,0.6964472637357667,1.0,0.15,20.0,,
hiba,90,softmax,0.15,2,0.6964472637357667,1.0,0.1885245901639344,122.0,,
hiba,90,softmax,0.15,3,0.6964472637357667,1.0,0.23076923076923078,13.0,,
hiba,90,softmax,0.15,0,0.6964472637357667,1.0,,,0.799163179916318,239.0
hiba,90,temp,0.05,1,0.4867870127576876,4.8873496302044925,0.0,20.0,,
hiba,90,temp,0.05,2,0.4867870127576876,4.8873496302044925,0.04918032786885246,122.0,,
hiba,90,temp,0.05,3,0.4867870127576876,4.8873496302044925,0.0,13.0,,
hiba,90,temp,0.05,0,0.4867870127576876,4.8873496302044925,,,0.5355648535564853,239.0
hiba,90,temp,0.1,1,0.3692108512046342,4.8873496302044925,0.1,20.0,,
hiba,90,temp,0.1,2,0.3692108512046342,4.8873496302044925,0.11475409836065574,122.0,,
hiba,90,temp,0.1,3,0.3692108512046342,4.8873496302044925,0.23076923076923078,13.0,,
hiba,90,temp,0.1,0,0.3692108512046342,4.8873496302044925,,,0.7573221757322176,239.0
hiba,90,temp,0.15,1,0.3349101070165058,4.8873496302044925,0.1,20.0,,
hiba,90,temp,0.15,2,0.3349101070165058,4.8873496302044925,0.1557377049180328,122.0,,
hiba,90,temp,0.15,3,0.3349101070165058,4.8873496302044925,0.23076923076923078,13.0,,
hiba,90,temp,0.15,0,0.3349101070165058,4.8873496302044925,,,0.8368200836820083,239.0
pad,90,softmax,0.05,1,0.4798865093843708,1.0,0.0,25.0,,
pad,90,softmax,0.05,2,0.4798865093843708,1.0,0.04093567251461988,171.0,,
pad,90,softmax,0.05,3,0.4798865093843708,1.0,0.07792207792207792,77.0,,
pad,90,softmax,0.05,4,0.4798865093843708,1.0,0.0,6.0,,
pad,90,softmax,0.05,5,0.4798865093843708,1.0,0.0,6.0,,
pad,90,softmax,0.05,0,0.4798865093843708,1.0,,,0.5833333333333334,12.0
pad,90,softmax,0.1,1,0.0,1.0,0.0,25.0,,
pad,90,softmax,0.1,2,0.0,1.0,0.04093567251461988,171.0,,
pad,90,softmax,0.1,3,0.0,1.0,0.1038961038961039,77.0,,
pad,90,softmax,0.1,4,0.0,1.0,0.0,6.0,,
pad,90,softmax,0.1,5,0.0,1.0,0.0,6.0,,
pad,90,softmax,0.1,0,0.0,1.0,,,0.5833333333333334,12.0
pad,90,softmax,0.15,1,0.0,1.0,0.0,25.0,,
pad,90,softmax,0.15,2,0.0,1.0,0.04093567251461988,171.0,,
pad,90,softmax,0.15,3,0.0,1.0,0.1038961038961039,77.0,,
pad,90,softmax,0.15,4,0.0,1.0,0.0,6.0,,
pad,90,softmax,0.15,5,0.0,1.0,0.0,6.0,,
pad,90,softmax,0.15,0,0.0,1.0,,,0.5833333333333334,12.0
pad,90,temp,0.05,1,0.34577678841153275,3.938861845871223,0.0,25.0,,
pad,90,temp,0.05,2,0.34577678841153275,3.938861845871223,0.04093567251461988,171.0,,
pad,90,temp,0.05,3,0.34577678841153275,3.938861845871223,0.07792207792207792,77.0,,
pad,90,temp,0.05,4,0.34577678841153275,3.938861845871223,0.0,6.0,,
pad,90,temp,0.05,5,0.34577678841153275,3.938861845871223,0.0,6.0,,
pad,90,temp,0.05,0,0.34577678841153275,3.938861845871223,,,0.5833333333333334,12.0
pad,90,temp,0.1,1,0.0,3.938861845871223,0.0,25.0,,
pad,90,temp,0.1,2,0.0,3.938861845871223,0.04093567251461988,171.0,,
pad,90,temp,0.1,3,0.0,3.938861845871223,0.1038961038961039,77.0,,
pad,90,temp,0.1,4,0.0,3.938861845871223,0.0,6.0,,
pad,90,temp,0.1,5,0.0,3.938861845871223,0.0,6.0,,
pad,90,temp,0.1,0,0.0,3.938861845871223,,,0.5833333333333334,12.0
pad,90,temp,0.15,1,0.0,3.938861845871223,0.0,25.0,,
pad,90,temp,0.15,2,0.0,3.938861845871223,0.04093567251461988,171.0,,
pad,90,temp,0.15,3,0.0,3.938861845871223,0.1038961038961039,77.0,,
pad,90,temp,0.15,4,0.0,3.938861845871223,0.0,6.0,,
pad,90,temp,0.15,5,0.0,3.938861845871223,0.0,6.0,,
pad,90,temp,0.15,0,0.0,3.938861845871223,,,0.5833333333333334,12.0
hiba,91,softmax,0.05,1,0.9856407869272245,1.0,0.0,15.0,,
hiba,91,softmax,0.05,2,0.9856407869272245,1.0,0.016260162601626018,123.0,,
hiba,91,softmax,0.05,3,0.9856407869272245,1.0,0.0,11.0,,
hiba,91,softmax,0.05,0,0.9856407869272245,1.0,,,0.3333333333333333,177.0
hiba,91,softmax,0.1,1,0.9435675086962504,1.0,0.06666666666666667,15.0,,
hiba,91,softmax,0.1,2,0.9435675086962504,1.0,0.07317073170731707,123.0,,
hiba,91,softmax,0.1,3,0.9435675086962504,1.0,0.09090909090909091,11.0,,
hiba,91,softmax,0.1,0,0.9435675086962504,1.0,,,0.4915254237288136,177.0
hiba,91,softmax,0.15,1,0.7803394752463498,1.0,0.2,15.0,,
hiba,91,softmax,0.15,2,0.7803394752463498,1.0,0.12195121951219512,123.0,,
hiba,91,softmax,0.15,3,0.7803394752463498,1.0,0.09090909090909091,11.0,,
hiba,91,softmax,0.15,0,0.7803394752463498,1.0,,,0.672316384180791,177.0
hiba,91,temp,0.05,1,0.5310896106770523,4.5894937518052865,0.0,15.0,,
hiba,91,temp,0.05,2,0.5310896106770523,4.5894937518052865,0.024390243902439025,123.0,,
hiba,91,temp,0.05,3,0.5310896106770523,4.5894937518052865,0.0,11.0,,
hiba,91,temp,0.05,0,0.5310896106770523,4.5894937518052865,,,0.4632768361581921,177.0
hiba,91,temp,0.1,1,0.4122584017513187,4.5894937518052865,0.06666666666666667,15.0,,
hiba,91,temp,0.1,2,0.4122584017513187,4.5894937518052865,0.08130081300813008,123.0,,
hiba,91,temp,0.1,3,0.4122584017513187,4.5894937518052865,0.09090909090909091,11.0,,
hiba,91,temp,0.1,0,0.4122584017513187,4.5894937518052865,,,0.6666666666666666,177.0
hiba,91,temp,0.15,1,0.34717425361850396,4.5894937518052865,0.2,15.0,,
hiba,91,temp,0.15,2,0.34717425361850396,4.5894937518052865,0.14634146341463414,123.0,,
hiba,91,temp,0.15,3,0.34717425361850396,4.5894937518052865,0.09090909090909091,11.0,,
hiba,91,temp,0.15,0,0.34717425361850396,4.5894937518052865,,,0.7853107344632768,177.0
pad,91,softmax,0.05,1,0.5686599618437645,1.0,0.0,24.0,,
pad,91,softmax,0.05,2,0.5686599618437645,1.0,0.04216867469879518,166.0,,
pad,91,softmax,0.05,3,0.5686599618437645,1.0,0.0379746835443038,79.0,,
pad,91,softmax,0.05,4,0.5686599618437645,1.0,0.0,7.0,,
pad,91,softmax,0.05,5,0.5686599618437645,1.0,0.0,1.0,,
pad,91,softmax,0.05,0,0.5686599618437645,1.0,,,0.6470588235294118,17.0
pad,91,softmax,0.1,1,0.0,1.0,0.0,24.0,,
pad,91,softmax,0.1,2,0.0,1.0,0.04216867469879518,166.0,,
pad,91,softmax,0.1,3,0.0,1.0,0.0379746835443038,79.0,,
pad,91,softmax,0.1,4,0.0,1.0,0.0,7.0,,
pad,91,softmax,0.1,5,0.0,1.0,0.0,1.0,,
pad,91,softmax,0.1,0,0.0,1.0,,,0.7058823529411765,17.0
pad,91,softmax,0.15,1,0.0,1.0,0.0,24.0,,
pad,91,softmax,0.15,2,0.0,1.0,0.04216867469879518,166.0,,
pad,91,softmax,0.15,3,0.0,1.0,0.0379746835443038,79.0,,
pad,91,softmax,0.15,4,0.0,1.0,0.0,7.0,,
pad,91,softmax,0.15,5,0.0,1.0,0.0,1.0,,
pad,91,softmax,0.15,0,0.0,1.0,,,0.7058823529411765,17.0
pad,91,temp,0.05,1,0.3788714620162063,3.8148245370423983,0.0,24.0,,
pad,91,temp,0.05,2,0.3788714620162063,3.8148245370423983,0.03614457831325301,166.0,,
pad,91,temp,0.05,3,0.3788714620162063,3.8148245370423983,0.02531645569620253,79.0,,
pad,91,temp,0.05,4,0.3788714620162063,3.8148245370423983,0.0,7.0,,
pad,91,temp,0.05,5,0.3788714620162063,3.8148245370423983,0.0,1.0,,
pad,91,temp,0.05,0,0.3788714620162063,3.8148245370423983,,,0.7058823529411765,17.0
pad,91,temp,0.1,1,0.0,3.8148245370423983,0.0,24.0,,
pad,91,temp,0.1,2,0.0,3.8148245370423983,0.04216867469879518,166.0,,
pad,91,temp,0.1,3,0.0,3.8148245370423983,0.0379746835443038,79.0,,
pad,91,temp,0.1,4,0.0,3.8148245370423983,0.0,7.0,,
pad,91,temp,0.1,5,0.0,3.8148245370423983,0.0,1.0,,
pad,91,temp,0.1,0,0.0,3.8148245370423983,,,0.7058823529411765,17.0
pad,91,temp,0.15,1,0.0,3.8148245370423983,0.0,24.0,,
pad,91,temp,0.15,2,0.0,3.8148245370423983,0.04216867469879518,166.0,,
pad,91,temp,0.15,3,0.0,3.8148245370423983,0.0379746835443038,79.0,,
pad,91,temp,0.15,4,0.0,3.8148245370423983,0.0,7.0,,
pad,91,temp,0.15,5,0.0,3.8148245370423983,0.0,1.0,,
pad,91,temp,0.15,0,0.0,3.8148245370423983,,,0.7058823529411765,17.0
hiba,92,softmax,0.05,1,0.9768202254826834,1.0,0.0,13.0,,
hiba,92,softmax,0.05,2,0.9768202254826834,1.0,0.06015037593984962,133.0,,
hiba,92,softmax,0.05,3,0.9768202254826834,1.0,0.125,8.0,,
hiba,92,softmax,0.05,0,0.9768202254826834,1.0,,,0.3,150.0
hiba,92,softmax,0.1,1,0.8468808806317221,1.0,0.0,13.0,,
hiba,92,softmax,0.1,2,0.8468808806317221,1.0,0.14285714285714285,133.0,,
hiba,92,softmax,0.1,3,0.8468808806317221,1.0,0.125,8.0,,
hiba,92,softmax,0.1,0,0.8468808806317221,1.0,,,0.5666666666666667,150.0
hiba,92,softmax,0.15,1,0.6842271719912765,1.0,0.07692307692307693,13.0,,
hiba,92,softmax,0.15,2,0.6842271719912765,1.0,0.20300751879699247,133.0,,
hiba,92,softmax,0.15,3,0.6842271719912765,1.0,0.125,8.0,,
hiba,92,softmax,0.15,0,0.6842271719912765,1.0,,,0.7066666666666667,150.0
hiba,92,temp,0.05,1,0.4671544128187956,4.7496791904294415,0.0,13.0,,
hiba,92,temp,0.05,2,0.4671544128187956,4.7496791904294415,0.08270676691729323,133.0,,
hiba,92,temp,0.05,3,0.4671544128187956,4.7496791904294415,0.125,8.0,,
hiba,92,temp,0.05,0,0.4671544128187956,4.7496791904294415,,,0.44,150.0
hiba,92,temp,0.1,1,0.36926078048152206,4.7496791904294415,0.0,13.0,,
hiba,92,temp,0.1,2,0.36926078048152206,4.7496791904294415,0.15037593984962405,133.0,,
hiba,92,temp,0.1,3,0.36926078048152206,4.7496791904294415,0.125,8.0,,
hiba,92,temp,0.1,0,0.36926078048152206,4.7496791904294415,,,0.6533333333333333,150.0
hiba,92,temp,0.15,1,0.32201823705275023,4.7496791904294415,0.07692307692307693,13.0,,
hiba,92,temp,0.15,2,0.32201823705275023,4.7496791904294415,0.20300751879699247,133.0,,
hiba,92,temp,0.15,3,0.32201823705275023,4.7496791904294415,0.125,8.0,,
hiba,92,temp,0.15,0,0.32201823705275023,4.7496791904294415,,,0.7466666666666667,150.0
pad,92,softmax,0.05,1,0.584943549903385,1.0,0.0,23.0,,
pad,92,softmax,0.05,2,0.584943549903385,1.0,0.032467532467532464,154.0,,
pad,92,softmax,0.05,3,0.584943549903385,1.0,0.05063291139240506,79.0,,
pad,92,softmax,0.05,4,0.584943549903385,1.0,0.08333333333333333,12.0,,
pad,92,softmax,0.05,5,0.584943549903385,1.0,0.0,5.0,,
pad,92,softmax,0.05,0,0.584943549903385,1.0,,,0.5882352941176471,17.0
pad,92,softmax,0.1,1,0.0,1.0,0.0,23.0,,
pad,92,softmax,0.1,2,0.0,1.0,0.032467532467532464,154.0,,
pad,92,softmax,0.1,3,0.0,1.0,0.05063291139240506,79.0,,
pad,92,softmax,0.1,4,0.0,1.0,0.08333333333333333,12.0,,
pad,92,softmax,0.1,5,0.0,1.0,0.0,5.0,,
pad,92,softmax,0.1,0,0.0,1.0,,,0.5882352941176471,17.0
pad,92,softmax,0.15,1,0.0,1.0,0.0,23.0,,
pad,92,softmax,0.15,2,0.0,1.0,0.032467532467532464,154.0,,
pad,92,softmax,0.15,3,0.0,1.0,0.05063291139240506,79.0,,
pad,92,softmax,0.15,4,0.0,1.0,0.08333333333333333,12.0,,
pad,92,softmax,0.15,5,0.0,1.0,0.0,5.0,,
pad,92,softmax,0.15,0,0.0,1.0,,,0.5882352941176471,17.0
pad,92,temp,0.05,1,0.36267354370035343,3.8979084763890848,0.0,23.0,,
pad,92,temp,0.05,2,0.36267354370035343,3.8979084763890848,0.032467532467532464,154.0,,
pad,92,temp,0.05,3,0.36267354370035343,3.8979084763890848,0.05063291139240506,79.0,,
pad,92,temp,0.05,4,0.36267354370035343,3.8979084763890848,0.08333333333333333,12.0,,
pad,92,temp,0.05,5,0.36267354370035343,3.8979084763890848,0.0,5.0,,
pad,92,temp,0.05,0,0.36267354370035343,3.8979084763890848,,,0.5882352941176471,17.0
pad,92,temp,0.1,1,0.0,3.8979084763890848,0.0,23.0,,
pad,92,temp,0.1,2,0.0,3.8979084763890848,0.032467532467532464,154.0,,
pad,92,temp,0.1,3,0.0,3.8979084763890848,0.05063291139240506,79.0,,
pad,92,temp,0.1,4,0.0,3.8979084763890848,0.08333333333333333,12.0,,
pad,92,temp,0.1,5,0.0,3.8979084763890848,0.0,5.0,,
pad,92,temp,0.1,0,0.0,3.8979084763890848,,,0.5882352941176471,17.0
pad,92,temp,0.15,1,0.0,3.8979084763890848,0.0,23.0,,
pad,92,temp,0.15,2,0.0,3.8979084763890848,0.032467532467532464,154.0,,
pad,92,temp,0.15,3,0.0,3.8979084763890848,0.05063291139240506,79.0,,
pad,92,temp,0.15,4,0.0,3.8979084763890848,0.08333333333333333,12.0,,
pad,92,temp,0.15,5,0.0,3.8979084763890848,0.0,5.0,,
pad,92,temp,0.15,0,0.0,3.8979084763890848,,,0.5882352941176471,17.0
hiba,93,softmax,0.05,1,0.9830216461227286,1.0,0.0,11.0,,
hiba,93,softmax,0.05,2,0.9830216461227286,1.0,0.03389830508474576,118.0,,
hiba,93,softmax,0.05,3,0.9830216461227286,1.0,0.0,9.0,,
hiba,93,softmax,0.05,0,0.9830216461227286,1.0,,,0.35815602836879434,282.0
hiba,93,softmax,0.1,1,0.9429983628334453,1.0,0.0,11.0,,
hiba,93,softmax,0.1,2,0.9429983628334453,1.0,0.059322033898305086,118.0,,
hiba,93,softmax,0.1,3,0.9429983628334453,1.0,0.1111111111111111,9.0,,
hiba,93,softmax,0.1,0,0.9429983628334453,1.0,,,0.5390070921985816,282.0
hiba,93,softmax,0.15,1,0.8055469274411764,1.0,0.0,11.0,,
hiba,93,softmax,0.15,2,0.8055469274411764,1.0,0.06779661016949153,118.0,,
hiba,93,softmax,0.15,3,0.8055469274411764,1.0,0.2222222222222222,9.0,,
hiba,93,softmax,0.15,0,0.8055469274411764,1.0,,,0.7198581560283688,282.0
hiba,93,temp,0.05,1,0.49161242240113656,4.990716456142894,0.0,11.0,,
hiba,93,temp,0.05,2,0.49161242240113656,4.990716456142894,0.01694915254237288,118.0,,
hiba,93,temp,0.05,3,0.49161242240113656,4.990716456142894,0.0,9.0,,
hiba,93,temp,0.05,0,0.49161242240113656,4.990716456142894,,,0.46099290780141844,282.0
hiba,93,temp,0.1,1,0.38735866113735956,4.990716456142894,0.0,11.0,,
hiba,93,temp,0.1,2,0.38735866113735956,4.990716456142894,0.06779661016949153,118.0,,
hiba,93,temp,0.1,3,0.38735866113735956,4.990716456142894,0.2222222222222222,9.0,,
hiba,93,temp,0.1,0,0.38735866113735956,4.990716456142894,,,0.7163120567375887,282.0
hiba,93,temp,0.15,1,0.34174686763172424,4.990716456142894,0.0,11.0,,
hiba,93,temp,0.15,2,0.34174686763172424,4.990716456142894,0.11864406779661017,118.0,,
hiba,93,temp,0.15,3,0.34174686763172424,4.990716456142894,0.3333333333333333,9.0,,
hiba,93,temp,0.15,0,0.34174686763172424,4.990716456142894,,,0.7978723404255319,282.0
pad,93,softmax,0.05,1,0.8071540935834215,1.0,0.0,31.0,,
pad,93,softmax,0.05,2,0.8071540935834215,1.0,0.02112676056338028,142.0,,
pad,93,softmax,0.05,3,0.8071540935834215,1.0,0.0,68.0,,
pad,93,softmax,0.05,4,0.8071540935834215,1.0,0.0,12.0,,
pad,93,softmax,0.05,5,0.8071540935834215,1.0,0.0,1.0,,
pad,93,softmax,0.05,0,0.8071540935834215,1.0,,,0.6,25.0
pad,93,softmax,0.1,1,0.0,1.0,0.0,31.0,,
pad,93,softmax,0.1,2,0.0,1.0,0.04929577464788732,142.0,,
pad,93,softmax,0.1,3,0.0,1.0,0.029411764705882353,68.0,,
pad,93,softmax,0.1,4,0.0,1.0,0.08333333333333333,12.0,,
pad,93,softmax,0.1,5,0.0,1.0,0.0,1.0,,
pad,93,softmax,0.1,0,0.0,1.0,,,0.76,25.0
pad,93,softmax,0.15,1,0.0,1.0,0.0,31.0,,
pad,93,softmax,0.15,2,0.0,1.0,0.04929577464788732,142.0,,
pad,93,softmax,0.15,3,0.0,1.0,0.029411764705882353,68.0,,
pad,93,softmax,0.15,4,0.0,1.0,0.08333333333333333,12.0,,
pad,93,softmax,0.15,5,0.0,1.0,0.0,1.0,,
pad,93,softmax,0.15,0,0.0,1.0,,,0.76,25.0
pad,93,temp,0.05,1,0.3890630673389677,4.180138217778364,0.0,31.0,,
pad,93,temp,0.05,2,0.3890630673389677,4.180138217778364,0.02112676056338028,142.0,,
pad,93,temp,0.05,3,0.3890630673389677,4.180138217778364,0.014705882352941176,68.0,,
pad,93,temp,0.05,4,0.3890630673389677,4.180138217778364,0.08333333333333333,12.0,,
pad,93,temp,0.05,5,0.3890630673389677,4.180138217778364,0.0,1.0,,
pad,93,temp,0.05,0,0.3890630673389677,4.180138217778364,,,0.72,25.0
pad,93,temp,0.1,1,0.0,4.180138217778364,0.0,31.0,,
pad,93,temp,0.1,2,0.0,4.180138217778364,0.04929577464788732,142.0,,
pad,93,temp,0.1,3,0.0,4.180138217778364,0.029411764705882353,68.0,,
pad,93,temp,0.1,4,0.0,4.180138217778364,0.08333333333333333,12.0,,
pad,93,temp,0.1,5,0.0,4.180138217778364,0.0,1.0,,
pad,93,temp,0.1,0,0.0,4.180138217778364,,,0.76,25.0
pad,93,temp,0.15,1,0.0,4.180138217778364,0.0,31.0,,
pad,93,temp,0.15,2,0.0,4.180138217778364,0.04929577464788732,142.0,,
pad,93,temp,0.15,3,0.0,4.180138217778364,0.029411764705882353,68.0,,
pad,93,temp,0.15,4,0.0,4.180138217778364,0.08333333333333333,12.0,,
pad,93,temp,0.15,5,0.0,4.180138217778364,0.0,1.0,,
pad,93,temp,0.15,0,0.0,4.180138217778364,,,0.76,25.0
hiba,94,softmax,0.05,1,0.9779506018179991,1.0,0.0,21.0,,
hiba,94,softmax,0.05,2,0.9779506018179991,1.0,0.05042016806722689,119.0,,
hiba,94,softmax,0.05,3,0.9779506018179991,1.0,0.0,10.0,,
hiba,94,softmax,0.05,0,0.9779506018179991,1.0,,,0.26380368098159507,163.0
hiba,94,softmax,0.1,1,0.9429983628334453,1.0,0.0,21.0,,
hiba,94,softmax,0.1,2,0.9429983628334453,1.0,0.07563025210084033,119.0,,
hiba,94,softmax,0.1,3,0.9429983628334453,1.0,0.0,10.0,,
hiba,94,softmax,0.1,0,0.9429983628334453,1.0,,,0.39263803680981596,163.0
hiba,94,softmax,0.15,1,0.7159479680294847,1.0,0.09523809523809523,21.0,,
hiba,94,softmax,0.15,2,0.7159479680294847,1.0,0.16806722689075632,119.0,,
hiba,94,softmax,0.15,3,0.7159479680294847,1.0,0.0,10.0,,
hiba,94,softmax,0.15,0,0.7159479680294847,1.0,,,0.6993865030674846,163.0
hiba,94,temp,0.05,1,0.4704872410057284,4.760373780111873,0.0,21.0,,
hiba,94,temp,0.05,2,0.4704872410057284,4.760373780111873,0.058823529411764705,119.0,,
hiba,94,temp,0.05,3,0.4704872410057284,4.760373780111873,0.0,10.0,,
hiba,94,temp,0.05,0,0.4704872410057284,4.760373780111873,,,0.4171779141104294,163.0
hiba,94,temp,0.1,1,0.42014217794454484,4.760373780111873,0.047619047619047616,21.0,,
hiba,94,temp,0.1,2,0.42014217794454484,4.760373780111873,0.058823529411764705,119.0,,
hiba,94,temp,0.1,3,0.42014217794454484,4.760373780111873,0.0,10.0,,
hiba,94,temp,0.1,0,0.42014217794454484,4.760373780111873,,,0.5766871165644172,163.0
hiba,94,temp,0.15,1,0.3488792395135,4.760373780111873,0.09523809523809523,21.0,,
hiba,94,temp,0.15,2,0.3488792395135,4.760373780111873,0.11764705882352941,119.0,,
hiba,94,temp,0.15,3,0.3488792395135,4.760373780111873,0.0,10.0,,
hiba,94,temp,0.15,0,0.3488792395135,4.760373780111873,,,0.7361963190184049,163.0
pad,94,softmax,0.05,1,0.5735809584900294,1.0,0.03225806451612903,31.0,,
pad,94,softmax,0.05,2,0.5735809584900294,1.0,0.04419889502762431,181.0,,
pad,94,softmax,0.05,3,0.5735809584900294,1.0,0.07058823529411765,85.0,,
pad,94,softmax,0.05,4,0.5735809584900294,1.0,0.0,5.0,,
pad,94,softmax,0.05,5,0.5735809584900294,1.0,0.0,2.0,,
pad,94,softmax,0.05,0,0.5735809584900294,1.0,,,0.6923076923076923,13.0
pad,94,softmax,0.1,1,0.0,1.0,0.03225806451612903,31.0,,
pad,94,softmax,0.1,2,0.0,1.0,0.049723756906077346,181.0,,
pad,94,softmax,0.1,3,0.0,1.0,0.09411764705882353,85.0,,
pad,94,softmax,0.1,4,0.0,1.0,0.0,5.0,,
pad,94,softmax,0.1,5,0.0,1.0,0.0,2.0,,
pad,94,softmax,0.1,0,0.0,1.0,,,0.7692307692307693,13.0
pad,94,softmax,0.15,1,0.0,1.0,0.03225806451612903,31.0,,
pad,94,softmax,0.15,2,0.0,1.0,0.049723756906077346,181.0,,
pad,94,softmax,0.15,3,0.0,1.0,0.09411764705882353,85.0,,
pad,94,softmax,0.15,4,0.0,1.0,0.0,5.0,,
pad,94,softmax,0.15,5,0.0,1.0,0.0,2.0,,
pad,94,softmax,0.15,0,0.0,1.0,,,0.7692307692307693,13.0
pad,94,temp,0.05,1,0.38073201810675583,3.779695230004691,0.03225806451612903,31.0,,
pad,94,temp,0.05,2,0.38073201810675583,3.779695230004691,0.03314917127071823,181.0,,
pad,94,temp,0.05,3,0.38073201810675583,3.779695230004691,0.058823529411764705,85.0,,
pad,94,temp,0.05,4,0.38073201810675583,3.779695230004691,0.0,5.0,,
pad,94,temp,0.05,5,0.38073201810675583,3.779695230004691,0.0,2.0,,
pad,94,temp,0.05,0,0.38073201810675583,3.779695230004691,,,0.7692307692307693,13.0
pad,94,temp,0.1,1,0.0,3.779695230004691,0.03225806451612903,31.0,,
pad,94,temp,0.1,2,0.0,3.779695230004691,0.049723756906077346,181.0,,
pad,94,temp,0.1,3,0.0,3.779695230004691,0.09411764705882353,85.0,,
pad,94,temp,0.1,4,0.0,3.779695230004691,0.0,5.0,,
pad,94,temp,0.1,5,0.0,3.779695230004691,0.0,2.0,,
pad,94,temp,0.1,0,0.0,3.779695230004691,,,0.7692307692307693,13.0
pad,94,temp,0.15,1,0.0,3.779695230004691,0.03225806451612903,31.0,,
pad,94,temp,0.15,2,0.0,3.779695230004691,0.049723756906077346,181.0,,
pad,94,temp,0.15,3,0.0,3.779695230004691,0.09411764705882353,85.0,,
pad,94,temp,0.15,4,0.0,3.779695230004691,0.0,5.0,,
pad,94,temp,0.15,5,0.0,3.779695230004691,0.0,2.0,,
pad,94,temp,0.15,0,0.0,3.779695230004691,,,0.7692307692307693,13.0
hiba,95,softmax,0.05,1,0.9831793416293787,1.0,0.0,14.0,,
hiba,95,softmax,0.05,2,0.9831793416293787,1.0,0.025,120.0,,
hiba,95,softmax,0.05,3,0.9831793416293787,1.0,0.0,18.0,,
hiba,95,softmax,0.05,0,0.9831793416293787,1.0,,,0.29120879120879123,182.0
hiba,95,softmax,0.1,1,0.9429983628334453,1.0,0.07142857142857142,14.0,,
hiba,95,softmax,0.1,2,0.9429983628334453,1.0,0.05,120.0,,
hiba,95,softmax,0.1,3,0.9429983628334453,1.0,0.05555555555555555,18.0,,
hiba,95,softmax,0.1,0,0.9429983628334453,1.0,,,0.4230769230769231,182.0
hiba,95,softmax,0.15,1,0.7805743905757279,1.0,0.14285714285714285,14.0,,
hiba,95,softmax,0.15,2,0.7805743905757279,1.0,0.1,120.0,,
hiba,95,softmax,0.15,3,0.7805743905757279,1.0,0.1111111111111111,18.0,,
hiba,95,softmax,0.15,0,0.7805743905757279,1.0,,,0.6978021978021978,182.0
hiba,95,temp,0.05,1,0.47494519753238734,4.685358530611454,0.0,14.0,,
hiba,95,temp,0.05,2,0.47494519753238734,4.685358530611454,0.041666666666666664,120.0,,
hiba,95,temp,0.05,3,0.47494519753238734,4.685358530611454,0.05555555555555555,18.0,,
hiba,95,temp,0.05,0,0.47494519753238734,4.685358530611454,,,0.510989010989011,182.0
hiba,95,temp,0.1,1,0.41858081795502144,4.685358530611454,0.0,14.0,,
hiba,95,temp,0.1,2,0.41858081795502144,4.685358530611454,0.06666666666666667,120.0,,
hiba,95,temp,0.1,3,0.41858081795502144,4.685358530611454,0.05555555555555555,18.0,,
hiba,95,temp,0.1,0,0.41858081795502144,4.685358530611454,,,0.6813186813186813,182.0
hiba,95,temp,0.15,1,0.3547374493139298,4.685358530611454,0.14285714285714285,14.0,,
hiba,95,temp,0.15,2,0.3547374493139298,4.685358530611454,0.125,120.0,,
hiba,95,temp,0.15,3,0.3547374493139298,4.685358530611454,0.1111111111111111,18.0,,
hiba,95,temp,0.15,0,0.3547374493139298,4.685358530611454,,,0.7747252747252747,182.0
pad,95,softmax,0.05,1,0.5686599618437645,1.0,0.03333333333333333,30.0,,
pad,95,softmax,0.05,2,0.5686599618437645,1.0,0.05113636363636364,176.0,,
pad,95,softmax,0.05,3,0.5686599618437645,1.0,0.0273972602739726,73.0,,
pad,95,softmax,0.05,4,0.5686599618437645,1.0,0.0,6.0,,
pad,95,softmax,0.05,5,0.5686599618437645,1.0,0.0,4.0,,
pad,95,softmax,0.05,0,0.5686599618437645,1.0,,,0.625,16.0
pad,95,softmax,0.1,1,0.0,1.0,0.03333333333333333,30.0,,
pad,95,softmax,0.1,2,0.0,1.0,0.05113636363636364,176.0,,
pad,95,softmax,0.1,3,0.0,1.0,0.0410958904109589,73.0,,
pad,95,softmax,0.1,4,0.0,1.0,0.0,6.0,,
pad,95,softmax,0.1,5,0.0,1.0,0.0,4.0,,
pad,95,softmax,0.1,0,0.0,1.0,,,0.6875,16.0
pad,95,softmax,0.15,1,0.0,1.0,0.03333333333333333,30.0,,
pad,95,softmax,0.15,2,0.0,1.0,0.05113636363636364,176.0,,
pad,95,softmax,0.15,3,0.0,1.0,0.0410958904109589,73.0,,
pad,95,softmax,0.15,4,0.0,1.0,0.0,6.0,,
pad,95,softmax,0.15,5,0.0,1.0,0.0,4.0,,
pad,95,softmax,0.15,0,0.0,1.0,,,0.6875,16.0
pad,95,temp,0.05,1,0.36606690250659607,3.666919784207161,0.03333333333333333,30.0,,
pad,95,temp,0.05,2,0.36606690250659607,3.666919784207161,0.05113636363636364,176.0,,
pad,95,temp,0.05,3,0.36606690250659607,3.666919784207161,0.0273972602739726,73.0,,
pad,95,temp,0.05,4,0.36606690250659607,3.666919784207161,0.0,6.0,,
pad,95,temp,0.05,5,0.36606690250659607,3.666919784207161,0.0,4.0,,
pad,95,temp,0.05,0,0.36606690250659607,3.666919784207161,,,0.5625,16.0
pad,95,temp,0.1,1,0.0,3.666919784207161,0.03333333333333333,30.0,,
pad,95,temp,0.1,2,0.0,3.666919784207161,0.05113636363636364,176.0,,
pad,95,temp,0.1,3,0.0,3.666919784207161,0.0410958904109589,73.0,,
pad,95,temp,0.1,4,0.0,3.666919784207161,0.0,6.0,,
pad,95,temp,0.1,5,0.0,3.666919784207161,0.0,4.0,,
pad,95,temp,0.1,0,0.0,3.666919784207161,,,0.6875,16.0
pad,95,temp,0.15,1,0.0,3.666919784207161,0.03333333333333333,30.0,,
pad,95,temp,0.15,2,0.0,3.666919784207161,0.05113636363636364,176.0,,
pad,95,temp,0.15,3,0.0,3.666919784207161,0.0410958904109589,73.0,,
pad,95,temp,0.15,4,0.0,3.666919784207161,0.0,6.0,,
pad,95,temp,0.15,5,0.0,3.666919784207161,0.0,4.0,,
pad,95,temp,0.15,0,0.0,3.666919784207161,,,0.6875,16.0
hiba,96,softmax,0.05,1,0.9779506018179991,1.0,0.058823529411764705,17.0,,
hiba,96,softmax,0.05,2,0.9779506018179991,1.0,0.05172413793103448,116.0,,
hiba,96,softmax,0.05,3,0.9779506018179991,1.0,0.0,16.0,,
hiba,96,softmax,0.05,0,0.9779506018179991,1.0,,,0.43457943925233644,214.0
hiba,96,softmax,0.1,1,0.9139303164485552,1.0,0.11764705882352941,17.0,,
hiba,96,softmax,0.1,2,0.9139303164485552,1.0,0.09482758620689655,116.0,,
hiba,96,softmax,0.1,3,0.9139303164485552,1.0,0.0,16.0,,
hiba,96,softmax,0.1,0,0.9139303164485552,1.0,,,0.6355140186915887,214.0
hiba,96,softmax,0.15,1,0.7169980304896034,1.0,0.11764705882352941,17.0,,
hiba,96,softmax,0.15,2,0.7169980304896034,1.0,0.15517241379310345,116.0,,
hiba,96,softmax,0.15,3,0.7169980304896034,1.0,0.1875,16.0,,
hiba,96,softmax,0.15,0,0.7169980304896034,1.0,,,0.7616822429906542,214.0
hiba,96,temp,0.05,1,0.4915743760952122,4.827140037380383,0.058823529411764705,17.0,,
hiba,96,temp,0.05,2,0.4915743760952122,4.827140037380383,0.034482758620689655,116.0,,
hiba,96,temp,0.05,3,0.4915743760952122,4.827140037380383,0.0,16.0,,
hiba,96,temp,0.05,0,0.4915743760952122,4.827140037380383,,,0.5373831775700935,214.0
hiba,96,temp,0.1,1,0.3854990307797163,4.827140037380383,0.058823529411764705,17.0,,
hiba,96,temp,0.1,2,0.3854990307797163,4.827140037380383,0.09482758620689655,116.0,,
hiba,96,temp,0.1,3,0.3854990307797163,4.827140037380383,0.0,16.0,,
hiba,96,temp,0.1,0,0.3854990307797163,4.827140037380383,,,0.7289719626168224,214.0
hiba,96,temp,0.15,1,0.32860121347825877,4.827140037380383,0.11764705882352941,17.0,,
hiba,96,temp,0.15,2,0.32860121347825877,4.827140037380383,0.16379310344827586,116.0,,
hiba,96,temp,0.15,3,0.32860121347825877,4.827140037380383,0.1875,16.0,,
hiba,96,temp,0.15,0,0.32860121347825877,4.827140037380383,,,0.794392523364486,214.0
pad,96,softmax,0.05,1,0.6628343487884106,1.0,0.0,37.0,,
pad,96,softmax,0.05,2,0.6628343487884106,1.0,0.038461538461538464,156.0,,
pad,96,softmax,0.05,3,0.6628343487884106,1.0,0.02631578947368421,76.0,,
pad,96,softmax,0.05,4,0.6628343487884106,1.0,0.0,3.0,,
pad,96,softmax,0.05,5,0.6628343487884106,1.0,0.0,2.0,,
pad,96,softmax,0.05,0,0.6628343487884106,1.0,,,0.45454545454545453,11.0
pad,96,softmax,0.1,1,0.0,1.0,0.0,37.0,,
pad,96,softmax,0.1,2,0.0,1.0,0.07051282051282051,156.0,,
pad,96,softmax,0.1,3,0.0,1.0,0.039473684210526314,76.0,,
pad,96,softmax,0.1,4,0.0,1.0,0.0,3.0,,
pad,96,softmax,0.1,5,0.0,1.0,0.0,2.0,,
pad,96,softmax,0.1,0,0.0,1.0,,,0.5454545454545454,11.0
pad,96,softmax,0.15,1,0.0,1.0,0.0,37.0,,
pad,96,softmax,0.15,2,0.0,1.0,0.07051282051282051,156.0,,
pad,96,softmax,0.15,3,0.0,1.0,0.039473684210526314,76.0,,
pad,96,softmax,0.15,4,0.0,1.0,0.0,3.0,,
pad,96,softmax,0.15,5,0.0,1.0,0.0,2.0,,
pad,96,softmax,0.15,0,0.0,1.0,,,0.5454545454545454,11.0
pad,96,temp,0.05,1,0.37105704522553135,3.9215046166646452,0.0,37.0,,
pad,96,temp,0.05,2,0.37105704522553135,3.9215046166646452,0.05128205128205128,156.0,,
pad,96,temp,0.05,3,0.37105704522553135,3.9215046166646452,0.02631578947368421,76.0,,
pad,96,temp,0.05,4,0.37105704522553135,3.9215046166646452,0.0,3.0,,
pad,96,temp,0.05,5,0.37105704522553135,3.9215046166646452,0.0,2.0,,
pad,96,temp,0.05,0,0.37105704522553135,3.9215046166646452,,,0.5454545454545454,11.0
pad,96,temp,0.1,1,0.0,3.9215046166646452,0.0,37.0,,
pad,96,temp,0.1,2,0.0,3.9215046166646452,0.07051282051282051,156.0,,
pad,96,temp,0.1,3,0.0,3.9215046166646452,0.039473684210526314,76.0,,
pad,96,temp,0.1,4,0.0,3.9215046166646452,0.0,3.0,,
pad,96,temp,0.1,5,0.0,3.9215046166646452,0.0,2.0,,
pad,96,temp,0.1,0,0.0,3.9215046166646452,,,0.5454545454545454,11.0
pad,96,temp,0.15,1,0.0,3.9215046166646452,0.0,37.0,,
pad,96,temp,0.15,2,0.0,3.9215046166646452,0.07051282051282051,156.0,,
pad,96,temp,0.15,3,0.0,3.9215046166646452,0.039473684210526314,76.0,,
pad,96,temp,0.15,4,0.0,3.9215046166646452,0.0,3.0,,
pad,96,temp,0.15,5,0.0,3.9215046166646452,0.0,2.0,,
pad,96,temp,0.15,0,0.0,3.9215046166646452,,,0.5454545454545454,11.0
hiba,97,softmax,0.05,1,0.982405659487476,1.0,0.0,25.0,,
hiba,97,softmax,0.05,2,0.982405659487476,1.0,0.05172413793103448,116.0,,
hiba,97,softmax,0.05,3,0.982405659487476,1.0,0.0,16.0,,
hiba,97,softmax,0.05,0,0.982405659487476,1.0,,,0.22758620689655173,145.0
hiba,97,softmax,0.1,1,0.9429983628334453,1.0,0.0,25.0,,
hiba,97,softmax,0.1,2,0.9429983628334453,1.0,0.08620689655172414,116.0,,
hiba,97,softmax,0.1,3,0.9429983628334453,1.0,0.0,16.0,,
hiba,97,softmax,0.1,0,0.9429983628334453,1.0,,,0.3724137931034483,145.0
hiba,97,softmax,0.15,1,0.7947617010374897,1.0,0.08,25.0,,
hiba,97,softmax,0.15,2,0.7947617010374897,1.0,0.12931034482758622,116.0,,
hiba,97,softmax,0.15,3,0.7947617010374897,1.0,0.0,16.0,,
hiba,97,softmax,0.15,0,0.7947617010374897,1.0,,,0.6,145.0
hiba,97,temp,0.05,1,0.4867960152918043,5.060838317549002,0.0,25.0,,
hiba,97,temp,0.05,2,0.4867960152918043,5.060838317549002,0.017241379310344827,116.0,,
hiba,97,temp,0.05,3,0.4867960152918043,5.060838317549002,0.0,16.0,,
hiba,97,temp,0.05,0,0.4867960152918043,5.060838317549002,,,0.3310344827586207,145.0
hiba,97,temp,0.1,1,0.37394392125297565,5.060838317549002,0.0,25.0,,
hiba,97,temp,0.1,2,0.37394392125297565,5.060838317549002,0.10344827586206896,116.0,,
hiba,97,temp,0.1,3,0.37394392125297565,5.060838317549002,0.0625,16.0,,
hiba,97,temp,0.1,0,0.37394392125297565,5.060838317549002,,,0.6137931034482759,145.0
hiba,97,temp,0.15,1,0.3263471644273543,5.060838317549002,0.12,25.0,,
hiba,97,temp,0.15,2,0.3263471644273543,5.060838317549002,0.16379310344827586,116.0,,
hiba,97,temp,0.15,3,0.3263471644273543,5.060838317549002,0.1875,16.0,,
hiba,97,temp,0.15,0,0.3263471644273543,5.060838317549002,,,0.7517241379310344,145.0
pad,97,softmax,0.05,1,0.586354082111577,1.0,0.041666666666666664,24.0,,
pad,97,softmax,0.05,2,0.586354082111577,1.0,0.058823529411764705,153.0,,
pad,97,softmax,0.05,3,0.586354082111577,1.0,0.012345679012345678,81.0,,
pad,97,softmax,0.05,4,0.586354082111577,1.0,0.125,8.0,,
pad,97,softmax,0.05,5,0.586354082111577,1.0,0.0,2.0,,
pad,97,softmax,0.05,0,0.586354082111577,1.0,,,0.6521739130434783,23.0
pad,97,softmax,0.1,1,0.0,1.0,0.041666666666666664,24.0,,
pad,97,softmax,0.1,2,0.0,1.0,0.058823529411764705,153.0,,
pad,97,softmax,0.1,3,0.0,1.0,0.024691358024691357,81.0,,
pad,97,softmax,0.1,4,0.0,1.0,0.125,8.0,,
pad,97,softmax,0.1,5,0.0,1.0,0.0,2.0,,
pad,97,softmax,0.1,0,0.0,1.0,,,0.6956521739130435,23.0
pad,97,softmax,0.15,1,0.0,1.0,0.041666666666666664,24.0,,
pad,97,softmax,0.15,2,0.0,1.0,0.058823529411764705,153.0,,
pad,97,softmax,0.15,3,0.0,1.0,0.024691358024691357,81.0,,
pad,97,softmax,0.15,4,0.0,1.0,0.125,8.0,,
pad,97,softmax,0.15,5,0.0,1.0,0.0,2.0,,
pad,97,softmax,0.15,0,0.0,1.0,,,0.6956521739130435,23.0
pad,97,temp,0.05,1,0.35890218301343907,4.15584645614745,0.041666666666666664,24.0,,
pad,97,temp,0.05,2,0.35890218301343907,4.15584645614745,0.05228758169934641,153.0,,
pad,97,temp,0.05,3,0.35890218301343907,4.15584645614745,0.012345679012345678,81.0,,
pad,97,temp,0.05,4,0.35890218301343907,4.15584645614745,0.125,8.0,,
pad,97,temp,0.05,5,0.35890218301343907,4.15584645614745,0.0,2.0,,
pad,97,temp,0.05,0,0.35890218301343907,4.15584645614745,,,0.6086956521739131,23.0
pad,97,temp,0.1,1,0.0,4.15584645614745,0.041666666666666664,24.0,,
pad,97,temp,0.1,2,0.0,4.15584645614745,0.058823529411764705,153.0,,
pad,97,temp,0.1,3,0.0,4.15584645614745,0.024691358024691357,81.0,,
pad,97,temp,0.1,4,0.0,4.15584645614745,0.125,8.0,,
pad,97,temp,0.1,5,0.0,4.15584645614745,0.0,2.0,,
pad,97,temp,0.1,0,0.0,4.15584645614745,,,0.6956521739130435,23.0
pad,97,temp,0.15,1,0.0,4.15584645614745,0.041666666666666664,24.0,,
pad,97,temp,0.15,2,0.0,4.15584645614745,0.058823529411764705,153.0,,
pad,97,temp,0.15,3,0.0,4.15584645614745,0.024691358024691357,81.0,,
pad,97,temp,0.15,4,0.0,4.15584645614745,0.125,8.0,,
pad,97,temp,0.15,5,0.0,4.15584645614745,0.0,2.0,,
pad,97,temp,0.15,0,0.0,4.15584645614745,,,0.6956521739130435,23.0
hiba,98,softmax,0.05,1,0.9778988591973208,1.0,0.1,20.0,,
hiba,98,softmax,0.05,2,0.9778988591973208,1.0,0.06722689075630252,119.0,,
hiba,98,softmax,0.05,3,0.9778988591973208,1.0,0.0,17.0,,
hiba,98,softmax,0.05,0,0.9778988591973208,1.0,,,0.4177777777777778,225.0
hiba,98,softmax,0.1,1,0.8877898165965885,1.0,0.15,20.0,,
hiba,98,softmax,0.1,2,0.8877898165965885,1.0,0.11764705882352941,119.0,,
hiba,98,softmax,0.1,3,0.8877898165965885,1.0,0.058823529411764705,17.0,,
hiba,98,softmax,0.1,0,0.8877898165965885,1.0,,,0.6755555555555556,225.0
hiba,98,softmax,0.15,1,0.7158810020486885,1.0,0.15,20.0,,
hiba,98,softmax,0.15,2,0.7158810020486885,1.0,0.15966386554621848,119.0,,
hiba,98,softmax,0.15,3,0.7158810020486885,1.0,0.11764705882352941,17.0,,
hiba,98,softmax,0.15,0,0.7158810020486885,1.0,,,0.8177777777777778,225.0
hiba,98,temp,0.05,1,0.4683562602092354,4.719110965083315,0.1,20.0,,
hiba,98,temp,0.05,2,0.4683562602092354,4.719110965083315,0.07563025210084033,119.0,,
hiba,98,temp,0.05,3,0.4683562602092354,4.719110965083315,0.0,17.0,,
hiba,98,temp,0.05,0,0.4683562602092354,4.719110965083315,,,0.5955555555555555,225.0
hiba,98,temp,0.1,1,0.3733037303790385,4.719110965083315,0.1,20.0,,
hiba,98,temp,0.1,2,0.3733037303790385,4.719110965083315,0.11764705882352941,119.0,,
hiba,98,temp,0.1,3,0.3733037303790385,4.719110965083315,0.058823529411764705,17.0,,
hiba,98,temp,0.1,0,0.3733037303790385,4.719110965083315,,,0.7911111111111111,225.0
hiba,98,temp,0.15,1,0.3297840097192897,4.719110965083315,0.15,20.0,,
hiba,98,temp,0.15,2,0.3297840097192897,4.719110965083315,0.17647058823529413,119.0,,
hiba,98,temp,0.15,3,0.3297840097192897,4.719110965083315,0.11764705882352941,17.0,,
hiba,98,temp,0.15,0,0.3297840097192897,4.719110965083315,,,0.8666666666666667,225.0
pad,98,softmax,0.05,1,0.0,1.0,0.03571428571428571,28.0,,
pad,98,softmax,0.05,2,0.0,1.0,0.0703125,128.0,,
pad,98,softmax,0.05,3,0.0,1.0,0.07352941176470588,68.0,,
pad,98,softmax,0.05,4,0.0,1.0,0.0,8.0,,
pad,98,softmax,0.05,5,0.0,1.0,0.0,3.0,,
pad,98,softmax,0.05,0,0.0,1.0,,,0.7586206896551724,29.0
pad,98,softmax,0.1,1,0.0,1.0,0.03571428571428571,28.0,,
pad,98,softmax,0.1,2,0.0,1.0,0.0703125,128.0,,
pad,98,softmax,0.1,3,0.0,1.0,0.07352941176470588,68.0,,
pad,98,softmax,0.1,4,0.0,1.0,0.0,8.0,,
pad,98,softmax,0.1,5,0.0,1.0,0.0,3.0,,
pad,98,softmax,0.1,0,0.0,1.0,,,0.7586206896551724,29.0
pad,98,softmax,0.15,1,0.0,1.0,0.03571428571428571,28.0,,
pad,98,softmax,0.15,2,0.0,1.0,0.0703125,128.0,,
pad,98,softmax,0.15,3,0.0,1.0,0.07352941176470588,68.0,,
pad,98,softmax,0.15,4,0.0,1.0,0.0,8.0,,
pad,98,softmax,0.15,5,0.0,1.0,0.0,3.0,,
pad,98,softmax,0.15,0,0.0,1.0,,,0.7586206896551724,29.0
pad,98,temp,0.05,1,0.0,3.783750858641358,0.03571428571428571,28.0,,
pad,98,temp,0.05,2,0.0,3.783750858641358,0.0703125,128.0,,
pad,98,temp,0.05,3,0.0,3.783750858641358,0.07352941176470588,68.0,,
pad,98,temp,0.05,4,0.0,3.783750858641358,0.0,8.0,,
pad,98,temp,0.05,5,0.0,3.783750858641358,0.0,3.0,,
pad,98,temp,0.05,0,0.0,3.783750858641358,,,0.7586206896551724,29.0
pad,98,temp,0.1,1,0.0,3.783750858641358,0.03571428571428571,28.0,,
pad,98,temp,0.1,2,0.0,3.783750858641358,0.0703125,128.0,,
pad,98,temp,0.1,3,0.0,3.783750858641358,0.07352941176470588,68.0,,
pad,98,temp,0.1,4,0.0,3.783750858641358,0.0,8.0,,
pad,98,temp,0.1,5,0.0,3.783750858641358,0.0,3.0,,
pad,98,temp,0.1,0,0.0,3.783750858641358,,,0.7586206896551724,29.0
pad,98,temp,0.15,1,0.0,3.783750858641358,0.03571428571428571,28.0,,
pad,98,temp,0.15,2,0.0,3.783750858641358,0.0703125,128.0,,
pad,98,temp,0.15,3,0.0,3.783750858641358,0.07352941176470588,68.0,,
pad,98,temp,0.15,4,0.0,3.783750858641358,0.0,8.0,,
pad,98,temp,0.15,5,0.0,3.783750858641358,0.0,3.0,,
pad,98,temp,0.15,0,0.0,3.783750858641358,,,0.7586206896551724,29.0
hiba,99,softmax,0.05,1,0.9766312053446783,1.0,0.0,18.0,,
hiba,99,softmax,0.05,2,0.9766312053446783,1.0,0.07627118644067797,118.0,,
hiba,99,softmax,0.05,3,0.9766312053446783,1.0,0.0,14.0,,
hiba,99,softmax,0.05,0,0.9766312053446783,1.0,,,0.32231404958677684,242.0
hiba,99,softmax,0.1,1,0.8878963224814783,1.0,0.16666666666666666,18.0,,
hiba,99,softmax,0.1,2,0.8878963224814783,1.0,0.1016949152542373,118.0,,
hiba,99,softmax,0.1,3,0.8878963224814783,1.0,0.07142857142857142,14.0,,
hiba,99,softmax,0.1,0,0.8878963224814783,1.0,,,0.5619834710743802,242.0
hiba,99,softmax,0.15,1,0.6866791997567699,1.0,0.16666666666666666,18.0,,
hiba,99,softmax,0.15,2,0.6866791997567699,1.0,0.1694915254237288,118.0,,
hiba,99,softmax,0.15,3,0.6866791997567699,1.0,0.14285714285714285,14.0,,
hiba,99,softmax,0.15,0,0.6866791997567699,1.0,,,0.7768595041322314,242.0
hiba,99,temp,0.05,1,0.4366083795598102,5.181291556754684,0.0,18.0,,
hiba,99,temp,0.05,2,0.4366083795598102,5.181291556754684,0.07627118644067797,118.0,,
hiba,99,temp,0.05,3,0.4366083795598102,5.181291556754684,0.0,14.0,,
hiba,99,temp,0.05,0,0.4366083795598102,5.181291556754684,,,0.5041322314049587,242.0
hiba,99,temp,0.1,1,0.35175134534408287,5.181291556754684,0.1111111111111111,18.0,,
hiba,99,temp,0.1,2,0.35175134534408287,5.181291556754684,0.13559322033898305,118.0,,
hiba,99,temp,0.1,3,0.35175134534408287,5.181291556754684,0.07142857142857142,14.0,,
hiba,99,temp,0.1,0,0.35175134534408287,5.181291556754684,,,0.7231404958677686,242.0
hiba,99,temp,0.15,1,0.30990497087235497,5.181291556754684,0.16666666666666666,18.0,,
hiba,99,temp,0.15,2,0.30990497087235497,5.181291556754684,0.17796610169491525,118.0,,
hiba,99,temp,0.15,3,0.30990497087235497,5.181291556754684,0.14285714285714285,14.0,,
hiba,99,temp,0.15,0,0.30990497087235497,5.181291556754684,,,0.8347107438016529,242.0
pad,99,softmax,0.05,1,0.7234578702801026,1.0,0.03571428571428571,28.0,,
pad,99,softmax,0.05,2,0.7234578702801026,1.0,0.042682926829268296,164.0,,
pad,99,softmax,0.05,3,0.7234578702801026,1.0,0.0,51.0,,
pad,99,softmax,0.05,4,0.7234578702801026,1.0,0.125,8.0,,
pad,99,softmax,0.05,5,0.7234578702801026,1.0,0.0,2.0,,
pad,99,softmax,0.05,0,0.7234578702801026,1.0,,,0.375,16.0
pad,99,softmax,0.1,1,0.0,1.0,0.03571428571428571,28.0,,
pad,99,softmax,0.1,2,0.0,1.0,0.054878048780487805,164.0,,
pad,99,softmax,0.1,3,0.0,1.0,0.0196078431372549,51.0,,
pad,99,softmax,0.1,4,0.0,1.0,0.125,8.0,,
pad,99,softmax,0.1,5,0.0,1.0,0.0,2.0,,
pad,99,softmax,0.1,0,0.0,1.0,,,0.5625,16.0
pad,99,softmax,0.15,1,0.0,1.0,0.03571428571428571,28.0,,
pad,99,softmax,0.15,2,0.0,1.0,0.054878048780487805,164.0,,
pad,99,softmax,0.15,3,0.0,1.0,0.0196078431372549,51.0,,
pad,99,softmax,0.15,4,0.0,1.0,0.125,8.0,,
pad,99,softmax,0.15,5,0.0,1.0,0.0,2.0,,
pad,99,softmax,0.15,0,0.0,1.0,,,0.5625,16.0
pad,99,temp,0.05,1,0.41557088812179466,3.637340542931829,0.03571428571428571,28.0,,
pad,99,temp,0.05,2,0.41557088812179466,3.637340542931829,0.036585365853658534,164.0,,
pad,99,temp,0.05,3,0.41557088812179466,3.637340542931829,0.0,51.0,,
pad,99,temp,0.05,4,0.41557088812179466,3.637340542931829,0.125,8.0,,
pad,99,temp,0.05,5,0.41557088812179466,3.637340542931829,0.0,2.0,,
pad,99,temp,0.05,0,0.41557088812179466,3.637340542931829,,,0.5,16.0
pad,99,temp,0.1,1,0.0,3.637340542931829,0.03571428571428571,28.0,,
pad,99,temp,0.1,2,0.0,3.637340542931829,0.054878048780487805,164.0,,
pad,99,temp,0.1,3,0.0,3.637340542931829,0.0196078431372549,51.0,,
pad,99,temp,0.1,4,0.0,3.637340542931829,0.125,8.0,,
pad,99,temp,0.1,5,0.0,3.637340542931829,0.0,2.0,,
pad,99,temp,0.1,0,0.0,3.637340542931829,,,0.5625,16.0
pad,99,temp,0.15,1,0.0,3.637340542931829,0.03571428571428571,28.0,,
pad,99,temp,0.15,2,0.0,3.637340542931829,0.054878048780487805,164.0,,
pad,99,temp,0.15,3,0.0,3.637340542931829,0.0196078431372549,51.0,,
pad,99,temp,0.15,4,0.0,3.637340542931829,0.125,8.0,,
pad,99,temp,0.15,5,0.0,3.637340542931829,0.0,2.0,,
pad,99,temp,0.15,0,0.0,3.637340542931829,,,0.5625,16.0
